0.469183
0.373081
1.75541
1.68593
1.47936
0.339086
0.754375
0.704917
1.12312
1.23925
0.983864
1.90637
0.27995
0.450173
0.67062
1.63771
0.291122
0.483766
0.964109
0.0294427
0.992304
1.2294
0.126454
1.89083
1.0929
1.61971
0.376144
1.56969
0.10695
1.35868
0.395872
0.793813
0.511895
0.0313996
0.506955
0.0400491
1.98243
1.08806
1.2439
0.205053
0.185265
1.31549
1.92074
1.21665
0.0889784
1.86811
1.58072
0.712276
1.33431
1.75732
0.978539
1.88914
0.620582
0.0472207
0.122384
0.597609
1.90612
1.10847
0.119764
0.948511
1.64591
1.43067
0.0661461
1.30231
1.89005
0.106948
0.0413069
0.128313
0.192316
0.733144
0.565555
0.828348
0.572602
0.013489
1.08128
0.120055
0.18154
0.931368
0.841404
0.0456578
1.87084
0.167628
1.61599
1.92451
0.925705
0.322582
0.338676
1.70064
1.84162
0.47701
1.51078
1.55572
1.65912
1.93178
0.306987
0.634521
1.33534
1.31352
0.885812
1.77559
1.28132
1.48237
1.31599
1.86727
1.11768
1.6418
0.267193
1.0814
1.12681
0.861727
1.51417
0.466516
1.20284
1.01904
4.52995e-05
1.63125
1.92079
1.09406
0.866333
0.50129
1.74726
0.0682993
1.27035
1.418
1.41583
1.22598
0.0444095
1.01913
0.125343
0.700094
0.585523
0.00434577
1.31138
1.64877
1.0214
0.0497612
0.983076
0.167678
1.96959
0.0764557
1.98095
1.60103
0.466829
0.925021
0.954184
1.23143
0.673494
1.52743
0.579535
1.31322
0.221755
1.18913
1.99189
1.77821
0.525109
1.24282
1.51681
1.97015
1.45687
0.489474
0.60299
1.2066
0.884476
0.137087
1.95471
1.46213
1.85564
1.82469
0.723114
0.766551
0.246666
0.0741963
1.26172
0.412244
0.200552
1.287
0.891363
0.281745
0.94096
0.122321
1.65818
0.512326
1.81271
1.99641
0.417505
1.10699
1.77496
0.64355
1.99637
1.79917
0.607521
0.267219
1.71672
0.0658704
0.80954
1.98892
1.55479
0.972683
0.613029
1.9738
0.167563
0.212362
0.913617
0.800563
1.90828
1.4834
0.0915309
0.339447
0.68478
1.21099
0.478351
1.89523
0.568137
1.94443
0.19744
1.1065
0.745067
1.45337
0.302969
0.503673
0.440108
0.592367
1.81469
0.714672
0.793059
0.749049
0.428358
0.949361
0.0645109
0.162215
0.390617
0.558463
1.09535
1.0065
0.140402
0.120727
0.152533
1.53839
0.671599
1.97735
0.971798
1.23701
1.08995
1.42174
1.02098
0.0848383
1.99509
0.740409
0.331492
0.292814
0.415684
0.00930333
1.87518
1.11604
0.825586
0.674089
0.863322
0.856962
0.0606482
1.11832
1.72183
1.69295
1.68996
1.19476
0.903404
1.49611
1.59904
0.554294
0.415739
1.93158
1.55071
0.991939
0.554577
0.0708774
1.30814
1.45586
0.0570517
1.57759
0.310321
1.92169
1.15685
1.83382
1.43337
0.246756
0.0686339
1.78748
0.129077
1.85174
0.0203007
0.0652606
1.77344
0.530203
1.69117
0.0614381
1.19396
0.358394
0.759217
1.97468
0.628845
0.75796
1.42502
1.16221
1.11067
1.42544
1.8557
1.56511
0.605705
0.640193
1.90187
1.30276
1.58174
1.62252
1.22272
1.92462
1.55206
0.278322
0.0301447
1.90845
0.649684
1.30662
1.79001
1.02201
1.85359
0.227763
1.84786
0.19629
1.19911
0.72353
1.77972
1.92056
0.554999
0.0351251
1.43095
1.99949
1.07162
1.19551
1.27094
1.26544
1.47783
1.82367
0.794012
0.99879
1.86629
1.8625
1.99385
1.38465
1.6529
1.56699
0.025087
1.7483
1.80741
1.48198
0.766125
1.43964
0.00624776
0.906372
0.152399
0.394833
1.44492
0.447216
1.35418
0.17995
0.470485
1.90604
1.93463
0.451098
0.487499
5.74589e-05
1.45982
0.382844
1.40627
1.18093
0.929372
1.60491
1.37451
0.803022
1.24946
0.866745
0.884266
1.21658
0.77758
1.78462
1.73833
0.594293
1.01644
0.933228
1.86587
1.99067
0.322256
1.66059
0.0723305
0.53543
0.127214
0.348328
1.26949
1.95088
1.87275
0.371024
0.185053
1.90218
0.720635
1.15882
1.5067
0.642202
1.16874
1.68427
0.0445155
1.84438
0.57389
1.32967
0.787726
0.340543
0.693507
1.92515
1.54251
1.43762
0.56144
0.808993
1.58708
1.39469
0.318766
1.28814
0.429701
1.29573
1.07859
1.43139
0.863794
0.142406
1.18561
1.17353
0.360794
1.91624
0.438033
0.118047
1.98358
0.792746
0.840446
1.85088
0.749206
1.72841
0.57952
1.77056
0.0799332
0.390374
0.74203
1.8335
0.0182378
1.30309
1.77246
1.56723
1.68577
0.454501
0.963858
1.93609
0.29582
1.16419
1.03901
0.364931
0.0288415
1.96701
1.26496
1.22371
1.90056
1.67082
0.499367
1.83814
0.599057
0.645695
0.0887102
0.408906
1.97204
0.223623
0.906474
1.50022
1.28632
0.0538675
1.04101
1.84723
0.188546
1.62763
0.837739
0.993174
0.749288
0.376364
1.02257
1.32643
0.893695
0.251785
0.157981
0.865155
1.81603
0.0271678
1.67255
0.644685
1.51115
1.31341
0.790892
0.784296
1.2133
0.376962
1.35936
1.14639
1.95107
1.40732
0.105986
0.941376
0.404845
0.683301
1.1551
1.89876
0.638364
0.0272764
0.2688
0.667525
0.496864
1.62284
0.728867
0.0902443
0.0364202
1.91751
1.5215
1.77499
0.992506
1.12576
0.0215404
0.788049
0.922126
0.833762
0.180659
1.89341
0.111346
1.86008
0.788807
1.76268
0.964566
0.611228
0.721582
1.06868
1.443
0.356889
1.68072
0.833875
0.541035
1.14325
0.00778568
1.83375
1.53327
1.01738
0.257404
1.99348
1.72555
0.227998
1.22382
0.791326
0.561151
0.0286807
0.0338576
1.13406
1.19731
0.749045
1.82946
1.02573
0.58348
0.90519
0.440622
1.06091
1.66949
0.778907
1.60939
0.425648
0.810786
0.211812
0.0270271
1.60827
1.18673
0.811866
0.929421
1.8941
1.87467
0.448261
0.0868742
1.00962
1.91825
0.0508423
1.81882
0.906347
0.913757
1.51076
0.702489
0.781122
0.0356086
1.3866
1.57507
0.712711
0.0361931
0.0719879
0.172287
0.45686
1.76661
0.00464642
0.244257
0.00286984
1.53508
1.79945
0.603511
0.812264
0.554224
0.933644
1.86523
0.95446
1.35241
0.216761
1.34047
1.87165
1.51598
1.35016
1.51119
0.161505
0.145487
1.31819
1.60508
1.087
0.0702296
0.941746
1.18782
1.61197
0.182931
0.505011
1.08266
0.556673
0.465841
0.938364
0.296745
0.970007
0.583324
1.10182
1.03725
1.84264
1.55556
0.734323
0.467357
0.174598
0.834337
1.07149
0.342935
1.01327
0.517329
0.188771
0.972848
1.80129
0.857961
0.0575309
1.04026
0.995874
0.799734
0.985898
0.942625
1.19954
0.84844
1.68068
0.190703
0.969454
0.308279
0.697361
1.6206
1.32861
1.27725
1.09364
0.518818
1.68908
0.245944
1.98406
1.36677
1.62538
1.30981
1.98435
0.0235696
0.460016
1.26612
1.42987
0.626288
0.360646
1.83729
1.18793
1.87168
1.1786
0.617896
0.218419
0.763452
1.52538
1.8237
0.637491
1.03497
0.0260507
0.751945
0.720381
0.855593
0.427031
0.0749818
1.03569
0.69334
0.832816
1.05238
1.59158
1.96667
1.99514
0.457311
0.420067
1.98826
0.552522
1.8769
0.182644
1.74672
1.9913
1.96511
1.38743
0.558589
0.580708
0.0688922
1.81205
1.02712
0.0318379
0.142225
0.0215971
0.0573742
0.51427
1.20831
1.47749
1.84459
1.3941
0.550476
1.00087
1.85476
1.15029
0.337093
1.83966
1.93428
1.01271
1.61043
0.131023
0.957958
1.77334
1.71973
1.98006
1.9652
1.34154
1.62773
0.257219
1.5877
0.489178
1.3786
0.17021
0.768485
0.332635
0.455758
1.97105
0.596987
1.07554
0.445028
1.48251
1.0799
0.321118
1.53671
1.70734
0.211931
1.21494
0.263603
0.616042
1.74646
0.819346
0.411712
0.702139
1.59992
1.92522
0.620633
0.0533615
0.63128
1.92493
0.709172
1.911
0.241085
1.79284
1.84611
0.14687
1.36389
1.87502
1.71936
1.90316
1.0818
1.79815
0.524343
1.68975
0.87288
1.97404
1.69969
1.11396
0.322778
0.132877
0.249282
0.579677
0.69326
0.0473492
1.76026
1.96187
1.79465
0.605501
1.30395
1.02167
1.09471
1.07092
1.73431
0.0806679
0.485833
1.9066
0.028566
0.583529
0.393864
1.95665
0.0218362
0.0024122
0.134728
0.521109
0.755604
0.474318
0.400046
1.9276
0.452513
1.00634
0.71731
1.8664
1.98333
0.660099
0.780992
1.92061
0.750659
1.12904
0.323746
0.973809
0.302364
1.99236
0.997142
1.81886
1.25416
0.726692
0.220354
1.49696
0.549867
1.23771
0.100804
0.202654
0.184927
0.671036
0.0420057
1.46299
1.97082
0.225523
1.54485
0.951907
0.0382318
1.91693
1.71066
0.540902
0.568843
0.0285786
0.54456
1.3125
0.830693
0.520856
0.187519
1.85355
1.27259
1.90821
0.0200735
0.748755
1.86676
0.779207
0.990542
1.91333
1.56086
1.29139
1.992
0.54551
1.26953
1.04415
0.850144
1.40261
1.55209
1.20077
1.69963
1.28968
1.97239
0.217906
1.04234
1.9946
0.0297611
1.81219
0.202018
0.943266
0.506697
1.62042
0.0103933
0.633264
0.636862
1.49586
1.45742
1.6462
0.734134
1.71499
0.614628
1.66619
1.61765
1.17125
1.83977
0.126781
0.883029
0.365272
1.6692
0.235144
1.02814
0.0933889
0.539889
1.47603
1.6463
1.83492
0.127505
1.86748
0.126819
0.412321
0.701297
0.162652
1.96368
0.494926
0.481331
1.40634
1.8683
1.42386
0.554441
1.71265
1.32474
0.074829
0.424198
0.182566
0.722956
1.19114
0.804846
1.04394
0.791434
0.196061
1.61395
1.86921
0.0504898
1.77127
1.59428
1.7545
1.89884
1.49358
1.3336
1.08555
1.15049
0.0819434
0.154261
0.386505
1.60476
0.994053
1.93486
1.33343
1.57004
1.58298
1.94279
1.26584
1.00252
1.15239
0.114628
1.54654
0.320709
0.53803
1.94445
0.528138
0.48604
1.28091
1.99012
1.05037
0.680561
1.65455
0.00410974
1.96158
1.43735
1.78248
0.24997
0.0505732
0.0575932
0.730219
1.02015
0.36663
0.630622
1.87913
1.24936
0.658027
1.53816
0.296306
0.466224
1.65572
1.5058
0.567586
1.35117
0.537281
1.32366
0.274786
0.574578
0.776939
1.69835
0.217682
0.269271
0.651142
1.18738
0.419793
0.85322
1.63247
0.980176
1.16601
1.51766
0.0321966
1.23326
0.689622
1.46842
1.24783
0.45699
1.75843
1.17007
1.41757
0.811326
1.2615
1.61955
1.65491
1.63087
0.578655
1.86299
1.25675
1.82252
0.759992
0.0370843
1.26412
0.0668159
1.32667
0.54877
0.237736
0.13529
1.13219
0.182291
1.67364
0.0472368
0.528105
1.92364
1.53542
1.49781
1.18983
0.315219
0.270441
0.437385
0.0850143
1.06394
0.260592
0.365028
1.80693
0.43254
0.979977
0.911273
1.69264
0.463446
1.39747
1.79269
0.665926
0.0489647
1.0239
0.0531683
1.59027
0.608804
1.52045
0.695816
1.98912
0.580943
1.82765
0.703146
0.0681342
1.74693
1.75269
0.977233
1.52344
1.99339
1.6597
0.665635
0.263664
1.97255
0.085826
0.980045
1.0963
0.875358
1.99032
0.923359
0.404786
0.256622
0.187552
0.247886
1.44642
0.728167
1.86286
1.18583
0.1245
0.103245
0.715549
1.18849
1.93107
1.95861
1.74537
1.66352
0.503022
1.99922
0.73399
0.0143344
1.70497
0.694288
1.49727
0.93485
1.76207
1.96141
0.802616
1.35796
0.652905
0.872612
0.0736969
1.81019
0.164868
1.79081
1.85883
1.28145
1.23621
1.98911
0.707343
0.631379
1.87717
1.75046
1.88482
0.804607
1.91767
0.430696
0.311212
1.06063
1.99146
1.97023
1.7356
1.49357
1.30425
0.527637
1.03485
1.94049
0.698381
1.48011
1.1705
0.298187
1.60543
1.04733
0.767596
1.42047
1.29041
1.02687
0.070802
1.42807
0.894674
1.94518
0.40946
0.866302
1.771
1.97405
0.594015
1.1424
1.23689
1.65801
0.608537
1.13298
1.66221
0.518556
1.64501
0.0704271
0.00733185
1.66015
0.603459
1.51438
0.185509
1.95768
0.323
0.0579642
0.489959
0.846464
0.880095
0.848653
1.33577
1.55107
0.148558
0.190181
1.74841
1.07653
0.395143
0.26985
1.96039
0.921013
1.90544
1.88233
0.0878633
0.545576
1.48109
0.32481
1.46238
1.99951
0.941821
1.84371
1.29749
0.0377841
1.51699
1.96301
0.457674
1.33612
1.87708
0.00471306
1.85949
1.94257
1.18723
1.87633
1.48629
1.73445
1.57119
1.6809
0.768768
0.68689
1.74645
1.08852
0.761474
0.0847628
1.90115
0.715462
1.95303
0.22945
0.184057
0.431888
0.496978
1.07403
1.98833
1.24799
1.74148
1.40408
1.24521
1.94327
0.802348
1.84917
0.725091
0.879398
0.452187
0.351298
0.536849
0.44116
1.93331
0.938542
1.99187
0.374692
0.66387
1.21787
0.144439
1.40293
0.865633
0.36754
0.2164
1.06491
1.0724
1.11319
1.11964
0.27268
0.712683
0.481333
0.844497
1.11947
0.0205874
0.925153
0.107819
1.20137
0.0582055
0.649552
0.903697
1.63446
1.83492
1.87447
1.56135
1.70087
1.87967
1.64949
1.15736
0.776703
1.99081
0.567505
1.04475
1.50779
1.80622
0.4853
0.146377
1.12899
1.80367
0.404993
0.942631
0.324778
1.2139
1.93159
0.81086
1.87893
0.862688
1.24287
0.0106695
0.718756
0.214528
1.4019
1.22557
1.32064
1.92849
1.05833
0.0936431
0.264594
1.79418
1.48035
0.00924253
1.72868
0.340627
1.10797
1.99434
1.41545
0.713085
1.24708
0.419414
0.807608
0.569646
0.590081
1.71226
0.526983
0.810763
0.988808
1.0507
1.09077
1.62515
1.50517
0.400274
0.691346
1.64074
0.619453
0.874055
0.592127
1.8236
0.537699
1.35734
1.96834
1.57835
1.98248
0.17626
1.43475
1.33562
1.7662
1.52977
1.91812
1.21741
0.0932426
0.119321
0.376358
1.06435
0.0882682
1.78823
1.42631
0.394958
1.35899
0.831971
0.0958779
1.0003
0.908819
1.75066
0.666882
1.73072
0.0718423
1.41363
0.197935
1.3544
1.12916
1.28462
0.487434
1.63418
0.428119
0.444321
1.30949
0.75514
0.0222448
1.125
1.81655
1.74384
0.354737
0.0961481
0.469176
0.96957
1.37245
0.0265613
1.81542
0.701479
1.13349
1.02333
1.49098
0.449025
0.794068
1.62611
0.0792465
1.67935
0.59871
1.95349
0.579793
0.700545
0.612525
1.42607
1.97674
0.773908
0.862954
1.29941
1.402
1.21623
1.7262
0.927977
1.14717
1.11301
1.72254
1.9416
0.773334
1.82558
0.941552
1.88166
0.0153899
0.566904
0.153001
1.02329
0.973283
0.834786
1.64249
0.161151
0.971484
1.98573
0.497138
0.728027
0.0194056
0.137551
0.207355
1.54393
0.123041
0.384842
1.04776
0.0297241
0.928408
0.859476
0.566045
1.33474
1.58153
1.01872
0.175006
0.226673
0.00719631
1.20496
0.370506
0.258892
0.793645
0.572044
0.89782
0.0414294
0.325455
1.31008
1.63139
1.90269
1.40356
0.703148
1.17123
1.90631
0.719332
0.664994
0.436727
1.53822
0.834323
1.14849
1.94929
1.6117
0.0391612
1.19596
1.84682
0.0921797
0.700385
0.0520934
1.55439
1.47053
0.858796
1.59487
1.63922
1.99016
0.879905
1.78635
1.31145
1.06916
1.41962
0.0296171
1.06681
0.118082
0.30696
1.63484
1.7981
0.940704
0.25991
0.262518
1.63047
1.37697
1.45285
0.335381
0.330234
0.852052
0.866878
0.410182
0.220509
1.61333
1.61428
1.85027
1.98613
0.0826274
0.253767
0.125844
0.445051
0.969903
0.00035727
0.940555
0.701618
0.999071
1.88475
1.94288
1.0189
1.60351
1.66128
1.84531
1.98466
1.39538
0.370978
0.751086
1.82114
0.473805
1.63093
1.32748
1.19421
1.77917
1.70233
0.307234
0.610918
1.18588
0.803323
1.04144
1.47337
1.98081
0.337815
0.37527
0.624174
0.269749
1.63372
1.77207
0.151443
0.156002
1.0108
1.64027
0.00765288
0.494264
0.331642
0.836714
1.2907
1.54383
0.0187434
1.82999
1.75909
1.68851
0.373362
1.88224
1.42139
0.0392692
0.290087
0.47199
1.92102
1.20178
1.57834
0.43828
0.704909
0.908564
0.830445
0.264708
0.030701
1.47985
1.0094
0.367572
1.01928
0.380089
1.95308
0.795009
1.61477
1.65483
1.59258
0.780339
1.30602
1.37249
0.59333
1.81789
0.21614
1.59764
1.11168
0.0582014
1.82009
1.96657
1.79545
1.70095
0.920455
1.48424
1.93523
1.68301
0.252706
1.43986
0.798087
1.37001
1.19523
0.542937
1.00317
0.522874
1.33605
0.871636
1.21264
1.99496
0.814965
1.5949
1.46548
0.374855
1.12934
1.81718
1.23324
1.69096
0.436767
0.517609
0.772956
0.101718
1.46949
0.874724
0.233827
1.62726
1.93943
0.348804
1.206
0.0987076
1.93908
0.360249
1.57765
1.46607
1.17797
1.73204
0.248973
0.0242127
0.400393
0.791031
1.96382
0.535597
0.853087
1.22826
0.494164
0.774538
0.834591
0.344917
1.85098
0.916035
1.98379
0.245991
0.956918
0.237368
0.390163
1.96069
0.0324112
0.396903
0.561138
1.82557
0.196172
1.98787
1.36369
1.02155
0.158822
1.62866
1.85894
0.118522
1.04574
0.906015
0.306153
1.91053
1.39032
0.990971
0.550773
1.01412
0.495367
0.513226
0.0245312
0.214321
0.506867
0.406476
1.25762
1.8194
0.403629
1.16996
1.98451
0.623675
0.165994
0.749456
1.21542
1.0304
0.59566
1.22416
1.93452
0.364928
1.94597
1.42223
1.41345
0.113214
1.27202
1.63971
0.660277
1.09601
1.90416
0.708267
1.68191
1.34536
1.49515
1.77608
1.41475
0.948292
1.42383
0.301078
0.147652
0.495478
0.495092
1.82888
0.887771
1.69506
0.194507
1.44543
1.67244
0.218333
1.99873
1.79624
0.53602
0.0789635
1.86817
0.490336
1.32948
0.782246
0.0539441
1.96214
0.519096
0.98985
1.3742
0.621878
1.537
0.596391
1.89782
0.0664128
1.89401
0.0949181
0.30597
0.985739
0.908888
0.213917
0.0405805
1.46598
1.82597
0.961224
0.526158
0.0476857
0.346072
0.813676
0.153466
0.247524
1.86947
0.433314
1.95316
0.593861
0.105745
1.85394
0.181132
1.63746
0.520883
1.55645
1.22596
0.654882
0.815091
1.5099
1.73648
0.540672
1.75647
0.171696
1.7253
1.11918
0.706885
0.407004
0.0291713
1.48591
0.104498
0.497146
1.34467
1.64522
0.84421
1.65293
1.34317
1.89467
0.657319
1.50487
0.592213
1.17994
1.60388
1.74395
0.98749
1.16193
1.34126
1.52813
1.79324
1.82184
0.0376375
0.164326
0.585662
0.738763
0.384328
1.06214
1.87609
0.615603
0.0603222
0.0918297
0.640431
1.86136
0.539547
0.869545
1.07311
1.40189
0.685959
1.62936
1.13046
0.957947
0.469729
0.846201
0.974155
0.731479
0.0222081
1.93791
1.17695
0.650514
0.832577
1.65387
1.83727
0.53065
1.6903
0.388049
0.733648
0.306285
0.353349
1.79334
0.280667
0.332349
0.662153
0.438253
0.988954
1.36204
0.382672
0.772286
1.46426
0.735613
0.0565188
0.137177
0.494583
0.595387
1.14492
1.73132
0.0431806
0.00500131
1.05535
1.43059
0.138863
1.21657
1.36139
0.509965
0.115948
0.911158
0.0401775
1.73991
1.57749
0.548515
1.93909
1.47441
0.770903
1.56305
1.41956
0.870282
1.23426
0.554055
0.198699
1.24259
0.696453
1.59713
1.86469
1.86894
1.07056
0.00608599
0.100202
1.92633
0.00938642
0.339484
0.341256
0.304045
0.979347
1.67523
1.2052
1.39526
1.13631
0.911648
0.879084
1.97942
0.642182
0.593455
1.89199
0.99035
1.7962
1.39282
1.2721
0.195152
0.65139
0.843314
0.333652
0.170708
1.12248
0.1609
0.0172701
1.48342
0.819222
0.259665
1.67064
1.86188
1.03367
1.68106
0.029914
0.308336
1.42338
0.190516
1.74735
1.80522
1.38756
0.0369036
1.79773
0.380561
0.543889
1.86256
0.0878308
1.25454
0.22037
1.05337
0.445321
1.27721
1.2581
0.17071
1.88656
1.81324
1.95948
0.606783
0.589107
0.366543
1.8442
0.0985688
0.143529
0.32739
0.179065
1.66182
0.976791
1.7385
1.74553
1.10681
1.19364
1.79592
0.598378
1.73453
0.10921
1.56638
0.167161
0.543724
1.21988
1.28355
1.24619
0.551082
1.14755
1.47952
1.57324
0.478307
0.454975
1.65844
0.669857
1.22556
1.92119
1.6017
0.0162699
1.4685
0.15042
1.27433
1.57686
0.39767
1.96237
0.955238
0.406174
1.41376
0.0502406
1.66889
0.463695
1.62224
1.98999
1.75431
1.70487
1.77647
1.11506
0.476373
1.70461
0.465807
0.113524
1.52622
1.61583
0.723963
1.22302
0.173878
0.153412
0.222794
1.80121
0.891495
0.269478
1.89964
1.88916
1.03653
1.97096
0.714249
0.760273
0.824213
1.91261
0.120924
1.78336
0.0227172
0.871454
0.539135
1.26649
1.77631
1.04933
0.499093
0.365327
1.30656
0.0839493
1.2699
1.54382
1.90163
1.62084
0.590798
1.47212
0.836515
1.92915
0.452775
0.712585
1.91795
0.140066
1.90036
0.0856761
0.498969
0.195865
1.64213
1.97566
0.000677347
1.09617
0.465333
0.188378
1.74846
1.10058
1.25423
1.83235
0.111188
0.852006
1.16639
0.335365
1.34002
0.219386
0.403152
0.0888405
1.61066
0.396765
0.0353822
0.832268
0.630824
0.847722
0.695594
0.194685
0.263174
0.867769
1.30071
1.71795
1.96957
1.68129
1.71912
0.199592
0.964437
0.0549457
1.19152
0.143607
0.00907171
0.587791
0.872626
0.976029
0.397211
1.86962
1.41443
0.0702181
0.677983
1.8118
1.91424
0.501731
1.91125
1.58003
1.66048
1.97413
0.875502
1.58845
1.79674
1.06848
1.74015
0.967834
0.0698342
0.372632
0.691298
1.9264
0.523692
0.181618
0.40629
0.572286
1.65616
1.90272
1.31347
0.0956043
1.06295
0.579016
1.22073
1.9596
0.273515
1.01106
0.285367
1.95798
1.84587
0.107448
0.213094
0.0809487
0.634776
0.622479
1.64498
0.615007
1.85634
0.121773
1.32027
0.575139
0.742635
0.202519
0.102396
1.93365
1.87819
0.829103
1.54252
0.718953
1.85739
1.35052
1.21133
1.35926
1.59088
0.0477004
1.92054
0.0445423
1.4856
0.39428
1.98247
1.62193
0.573554
0.777185
0.0514196
0.499064
1.80605
0.142744
0.373652
1.59692
0.190442
0.175506
1.70735
1.80953
1.48941
1.52482
1.79017
0.36174
0.264797
1.71833
1.19605
0.5184
1.44727
1.86642
1.97141
0.21371
0.920375
1.93716
0.661607
1.74003
1.96659
1.60878
1.88306
0.571466
0.240299
1.40114
0.78326
1.75871
0.374284
0.423018
0.138942
1.38802
0.917917
1.74601
0.451689
0.918958
0.721041
1.86851
1.16124
1.56234
1.59476
1.99194
0.573205
0.877869
0.632372
1.32569
1.02673
1.10873
0.418665
0.789445
1.61399
1.95071
1.5053
0.227158
0.0438358
0.27302
0.018383
0.581341
0.381369
1.04045
1.76877
0.30393
1.78747
0.178379
1.46998
1.48408
1.76584
0.229591
1.13978
0.224321
0.402818
0.31884
1.62108
0.0527446
1.72539
1.33134
0.555211
0.174155
0.848882
1.44957
1.28809
0.0354607
0.229604
0.856887
1.39366
1.94342
1.77163
0.717389
1.99754
0.396759
1.33071
0.299056
0.353385
0.0939541
0.302929
1.71643
0.502003
1.89724
1.8368
0.468876
0.20995
0.619794
1.6978
0.738631
0.0854384
0.68997
1.30511
0.445272
1.28911
1.92521
1.95574
1.02673
0.551554
0.910159
1.86581
0.0106852
0.147393
0.614239
0.397546
0.0824394
0.130235
1.97875
0.356255
0.335287
0.366783
0.269634
0.763501
0.0257642
1.94459
0.376583
1.48159
0.896852
1.45229
0.00578463
0.590719
1.94685
0.0686061
1.69501
1.1721
0.321918
0.0661539
1.07194
1.70996
0.0269417
1.89214
0.990327
1.57552
0.879481
0.902258
1.33522
1.68924
1.75469
0.291745
1.24741
1.9381
1.78671
1.02297
1.14637
1.69825
0.0752383
0.907851
1.23173
1.70568
0.912018
0.178823
1.94064
1.82945
0.418663
1.02386
0.335498
0.878513
0.289248
0.469483
1.831
0.417856
1.02759
1.3165
1.24858
1.86749
1.41335
1.67871
1.60158
1.1258
0.941217
1.3151
0.019787
0.106575
1.21985
1.81313
0.730283
0.699301
0.269581
1.70363
1.65458
1.55717
1.42344
1.88323
0.287032
0.226671
1.05257
1.60015
0.375115
0.548235
1.17293
0.798381
0.435005
0.887119
0.162098
0.132043
1.05426
0.364174
0.24129
0.211751
0.859851
0.339951
1.90085
1.90234
0.0478505
1.29535
1.22768
1.90299
0.845698
1.81963
0.0413346
0.0605767
0.188576
0.215376
0.496687
0.533366
1.40737
0.99916
0.0726172
0.9171
1.24099
1.50072
0.0886389
0.369097
1.77748
1.89327
1.83672
1.83982
1.16451
1.87209
1.12293
0.12494
1.87265
1.93294
0.143495
1.11144
0.969753
1.47994
0.693319
0.329553
0.0772482
0.805149
0.391614
1.15706
1.10796
1.54864
1.11565
1.19405
0.0496364
0.206115
1.90396
1.91378
1.33251
1.05166
0.100589
1.11328
1.01616
0.486487
1.9058
0.038429
1.28228
1.41411
1.76277
0.0345663
1.57687
1.76226
1.57194
1.9722
0.732022
0.141055
1.78202
1.66261
0.822024
0.398869
0.116956
1.82208
0.0803492
1.12213
0.651385
0.679006
1.70806
1.7673
1.39747
1.41697
0.972402
0.055509
1.72955
0.796672
0.397226
0.767237
0.841291
1.96362
1.84708
1.53402
0.952138
0.203911
1.81818
1.11933
0.916149
1.98012
1.84778
1.46511
0.575621
1.22096
1.85178
1.29047
0.389784
0.174289
0.768265
0.074159
1.2241
0.798106
0.101192
0.22583
0.862399
0.0697194
1.81139
1.46203
1.52609
0.268267
0.921701
0.23272
0.172388
0.0694134
0.00203741
1.82144
0.604783
0.0697005
0.542232
1.80888
0.365401
0.384553
0.644924
0.647031
1.23833
0.700426
1.00928
0.556859
0.771995
0.705892
0.464798
0.229589
1.14764
1.72397
0.801985
1.88741
0.845592
0.79201
0.598763
1.2564
1.65219
0.144826
1.32844
0.89794
0.417621
1.68125
0.207382
0.211026
0.184451
0.137252
0.884629
0.164847
1.76069
0.890194
1.85148
0.715068
1.10396
0.356005
0.317951
0.159121
0.434168
0.429637
1.83451
0.196412
0.456946
1.02336
0.355659
1.30306
1.96546
0.476998
1.49707
0.27661
0.702748
1.86121
0.289699
0.609868
0.260801
0.200964
0.846526
0.921049
0.26185
0.483911
0.0471267
0.389712
0.67354
1.08428
0.234613
0.0346732
0.0652753
0.838544
1.06571
0.44924
0.83696
1.53731
1.73796
1.72626
0.346918
1.06592
1.78302
1.12462
0.370144
0.977574
1.42294
0.150863
0.0679731
1.62096
1.88484
1.88165
1.39236
0.516065
0.226568
0.735182
1.21912
1.57268
1.12547
1.16918
0.341127
0.414689
0.496918
0.512184
0.928657
0.00414884
1.11037
0.0166217
0.346893
0.110638
1.5286
0.0738682
1.49207
0.322599
1.86207
1.07565
1.71938
1.24571
1.15735
1.32308
1.47944
0.643597
0.361562
0.910452
0.108275
0.301842
1.35845
1.73241
1.25401
0.050393
1.6746
0.436708
1.8459
1.14795
0.225745
0.499365
1.61746
0.29729
1.86423
0.950551
1.73604
1.51402
1.97987
1.01298
0.4514
0.77571
1.43643
0.25594
0.231894
1.9524
0.398057
0.0653614
1.45884
0.285595
0.00295579
0.414565
0.523132
1.78182
0.658793
1.0013
0.00373507
1.21922
1.48878
0.274016
1.74247
0.614705
1.59647
1.06568
0.464675
0.915853
0.325499
0.314313
0.634645
0.413306
1.75328
1.7438
0.345623
1.91111
1.87767
0.23131
0.087237
0.888855
1.15523
1.74264
0.208886
1.94379
1.32228
0.959777
0.0348065
0.158972
1.14157
1.02437
1.93035
0.604855
1.78434
0.647939
0.00352454
0.286906
1.93474
1.24542
1.01502
1.73904
1.81255
1.24785
0.892858
0.339516
0.00132728
0.356646
1.9983
0.87518
0.30775
1.10237
0.0125679
0.0601873
1.42081
0.761602
0.446961
0.517439
0.465824
0.155508
0.0579237
1.18229
1.6324
0.986732
0.0284188
1.83265
1.20166
0.118731
0.0925047
0.185314
0.00906718
1.95242
1.48156
1.32871
0.151885
1.96613
1.75629
1.28546
0.320283
0.3695
1.12318
1.87049
0.193166
0.67636
0.0559067
1.21504
0.865035
1.79822
1.22008
1.83389
1.96054
1.44031
0.00973511
1.97428
1.0219
1.45023
0.186488
0.358611
0.285772
0.328755
1.87655
0.360582
0.20735
1.38864
0.881718
0.342207
0.64207
0.0389526
0.269922
0.322207
0.0812875
1.79527
0.354062
0.813641
0.175184
0.61331
1.28613
1.04186
0.306847
0.917926
1.19777
0.163366
1.59903
0.61936
0.36151
1.33831
1.41932
0.326303
1.97214
0.114138
0.489501
1.88699
0.00378251
0.951174
0.0410701
0.39681
0.634466
1.83789
0.3298
0.635378
0.556601
1.19861
0.817691
0.535295
0.640213
0.420521
1.88316
0.0851203
0.722088
0.072328
0.718292
1.23945
0.159101
0.93331
1.36001
1.97809
0.278186
0.115307
0.0544962
1.86946
0.356901
1.99835
0.197282
1.91984
1.24979
1.59349
1.93965
0.0890791
0.348855
1.07962
1.94994
0.170354
1.88678
1.72181
1.82455
1.57974
0.15427
1.98559
0.79366
0.506875
0.91565
1.80786
0.995136
1.26337
0.494047
1.53164
1.7217
0.0998272
1.94677
0.617512
1.54896
1.03055
1.91747
0.4322
1.08313
0.0258299
0.3061
1.50918
0.760191
1.55914
1.85529
0.96989
1.29808
1.73569
1.28619
1.44004
1.68139
0.0234991
0.419926
1.37633
0.3825
0.655137
0.0678045
1.62215
1.28959
1.9057
1.1309
0.104115
1.36894
1.76442
0.387021
0.718569
1.2898
0.131115
0.00301647
0.479026
0.406938
1.77385
1.74504
1.55228
1.51539
0.0539674
0.0958202
0.00782454
1.42692
1.49099
1.10323
0.103737
0.908689
0.313763
1.79167
1.91759
0.0906878
0.140644
1.25924
1.07775
1.26183
1.50719
0.445753
0.25524
0.471202
1.09521
0.432853
0.278471
1.78508
0.00647998
0.135015
1.65446
0.333808
0.867885
0.00917506
1.7171
1.39144
1.7136
0.708397
0.434078
0.644568
0.0834644
1.66614
0.103979
1.34818
0.0898081
1.58753
0.818489
1.29351
0.778774
0.811684
0.112162
1.34853
1.26356
1.97073
0.176452
1.58127
0.48465
0.101889
1.32175
0.27707
0.684429
0.766292
1.88173
0.0836813
0.981722
0.496639
0.387636
1.33787
1.09812
0.325324
1.66467
1.35961
1.90898
0.0842378
1.88921
0.0946229
1.95002
1.87576
1.72972
1.9918
0.22933
1.82306
1.82208
0.0736653
1.31059
0.975906
1.46087
0.229993
0.501026
0.30544
0.15997
1.43008
1.70677
0.81571
0.792082
1.96358
1.35412
0.649283
0.354892
1.00129
1.87291
0.68162
0.606964
0.946929
1.19959
1.97789
0.895104
0.413158
1.60985
0.728483
1.43719
1.45527
0.135473
1.65116
1.80504
1.07949
0.890098
0.521549
1.80509
1.88293
0.82465
1.58566
1.44669
1.44935
1.96975
1.50399
0.80372
0.758096
1.74652
1.32813
0.251323
1.9713
0.818533
1.52673
1.25825
1.10128
1.88286
1.93801
0.0028702
0.732486
0.485997
1.59295
0.555869
1.27922
1.19394
0.359369
0.0187075
1.75818
0.886389
1.03994
0.699363
0.455887
0.270503
0.537616
1.94605
0.571147
0.832292
1.23089
1.82211
0.0940361
1.91976
0.0934954
1.41379
1.99775
0.0648243
1.09782
1.60184
0.514976
0.631801
0.896451
0.991358
0.654576
0.877092
0.219646
0.580182
1.95805
1.70603
0.0130363
1.53243
1.49754
1.83649
0.143763
1.47012
0.577035
0.682766
0.625622
1.78307
1.16516
0.29248
1.98343
0.755746
1.84641
0.0258045
1.74899
0.285706
1.99653
0.0163591
1.99313
1.81039
0.997153
0.386566
1.78438
1.79304
1.57492
1.39953
1.67766
1.13756
1.82353
1.28026
1.56247
0.663047
1.0769
1.63678
0.986925
0.0872267
0.92636
1.23549
0.473742
1.95322
0.862437
0.99289
1.91935
1.64773
0.132854
1.95715
0.250505
1.67147
1.92939
0.535912
1.03557
0.331192
0.249039
0.0683743
0.322107
1.07442
0.662183
1.14245
1.91873
0.103819
1.19162
0.118355
1.84763
1.51631
1.13832
1.18862
1.36008
1.71071
1.95926
0.833436
0.731175
0.195699
0.730955
0.294977
1.49429
0.261116
1.32304
1.66498
0.573018
1.62897
1.64141
1.07858
1.71158
0.196898
0.973997
0.5
1.97289
0.0194013
0.709232
1.99388
1.03166
0.25978
0.765795
1.20718
0.0630981
0.0343169
1.13205
1.8498
0.215888
1.05063
0.0662036
1.48662
1.72433
1.29536
0.185626
1.20635
0.0197399
0.322055
1.48874
0.841834
1.41252
1.97595
1.29877
1.06948
1.99321
1.63716
1.21966
1.26482
1.66934
0.177367
1.67928
1.26674
0.922538
1.88802
0.940831
1.80156
0.127776
1.43737
1.49387
1.12183
0.365599
0.299581
1.56107
0.300205
1.11056
1.40389
1.94614
0.69302
0.0217932
0.318471
1.47532
0.308485
0.179246
0.710031
0.697456
1.64842
1.69804
1.91649
1.3854
1.96125
1.07556
0.620567
1.59232
1.94163
0.31928
1.90656
0.275644
0.697124
0.023267
0.328655
0.983016
0.241217
1.47304
0.632348
1.92288
1.22
1.28531
0.220301
0.367782
0.186654
1.26506
1.78262
1.25928
1.23286
1.72277
1.98784
1.15526
1.47875
0.5881
1.38594
1.9915
0.613477
0.737288
1.15515
1.81008
0.353841
1.86526
0.852132
1.84741
0.944314
1.67735
0.440045
0.261729
0.0703884
0.412769
0.416034
0.23701
0.776913
0.690676
1.58589
0.660231
0.531009
0.0615522
0.641456
0.0405587
1.85052
1.11305
0.0329605
0.0805713
0.336719
0.8745
0.356153
0.886702
0.555906
1.99519
0.0734425
1.94585
1.83708
1.98268
1.49579
1.09327
0.943252
0.1518
0.983867
1.54355
0.986566
1.93329
1.87326
0.281575
1.89888
1.7362
1.9004
1.68716
0.269371
1.54147
1.82089
1.13099
0.970278
1.92409
0.0477314
1.94065
0.95288
1.64337
1.1976
0.832082
0.776985
0.203068
1.62303
0.376677
0.392957
0.690715
1.80307
0.340095
1.75164
1.94716
0.022202
0.292648
0.69607
1.30271
0.373329
0.476878
0.647452
1.53255
0.290308
1.88686
1.07826
0.361429
1.92505
1.4648
0.106786
1.75906
1.15592
0.843242
1.71359
1.13737
1.98626
1.51337
0.27984
0.492224
1.74575
0.18961
0.367537
0.423481
0.277768
0.281095
1.96782
0.692318
0.0990572
0.176087
1.86304
1.88432
1.57093
1.89442
0.75849
1.2022
1.87119
1.96179
0.925631
1.63232
1.29154
0.0102332
1.11999
0.566915
1.61299
1.28597
1.19578
1.31174
1.00503
0.249834
1.83563
1.83229
0.324417
1.82154
0.0860361
0.919274
1.01468
1.74733
0.00517285
0.320736
1.94235
0.12215
0.201531
1.93233
0.303909
0.720587
0.608196
0.279622
1.97336
1.50955
1.97579
0.0121309
0.417971
0.00642228
0.133097
1.89293
1.73674
1.48687
0.121513
1.60965
1.35251
1.9974
0.547646
1.12371
1.6851
0.423545
0.702152
0.381489
1.9794
1.54708
1.51355
1.40623
1.77959
1.40089
1.31134
0.274423
1.77804
1.33126
1.14647
1.47201
0.738106
1.1951
0.205391
0.00845361
0.650109
0.610651
1.71847
1.0468
1.52585
1.07222
1.79456
0.567131
1.11041
1.75033
0.0072298
1.17274
1.84009
1.92914
1.5529
0.226326
0.14584
1.41675
0.0498594
1.05454
0.258569
1.07275
0.393764
0.00956333
1.49668
0.966935
1.2994
1.56088
1.96472
0.145708
1.54164
0.147538
1.76788
1.41554
0.0383599
1.47587
1.8239
1.89164
0.332694
0.429188
1.8691
0.758657
0.982629
0.263778
1.96288
1.30779
1.6132
1.98351
0.716375
0.639171
0.013155
0.0228122
0.541796
0.927122
0.280939
0.434371
0.224444
1.54234
1.12155
0.403938
1.65719
0.887242
0.141632
1.3294
1.08537
1.16233
0.791019
0.507333
1.04995
0.886667
1.26525
1.51604
1.11235
0.746667
0.967813
1.35651
1.65706
1.55664
0.721385
1.76624
1.28017
0.582405
0.00719619
1.44076
1.52229
0.109537
1.54451
0.739397
1.34241
0.939412
0.071131
1.51148
1.90456
0.386831
0.0946463
1.09225
1.94478
0.171206
0.218536
0.0734221
0.378601
1.5411
1.21234
0.0569993
0.227209
1.23376
1.06109
1.36872
1.73991
0.491136
1.04665
0.657738
0.126301
0.847307
1.28745
1.99826
0.225895
0.424231
0.0941426
0.472235
1.44634
0.171831
0.0424913
1.69459
1.41602
1.83599
0.0741328
1.37938
0.0537548
0.975525
1.49927
1.07054
1.02466
1.80602
0.912805
0.691596
1.63963
0.24715
0.192668
0.368011
0.694944
0.422192
0.159149
0.929045
0.176669
0.452058
0.835439
0.889301
1.8285
0.240635
0.981117
0.0840104
1.54205
0.077016
1.52897
0.815784
0.224154
1.93661
0.894839
0.252174
1.10184
1.12988
0.432052
1.98756
0.0718391
0.665318
0.982494
0.374164
1.75583
0.900165
1.00333
0.00588036
0.320389
1.49626
1.31311
0.00380433
0.786688
0.267324
0.537143
1.78538
0.874566
0.126286
1.93501
1.50803
1.96996
0.206215
0.197796
1.82453
0.199146
1.89557
1.88273
1.10432
1.84159
1.9656
1.93379
1.41116
1.39427
0.398521
0.478435
0.487476
0.436904
1.87512
0.138157
1.01095
1.74386
0.173662
0.186475
0.671823
0.793069
1.89847
0.94999
1.08719
1.25397
0.915496
0.664721
1.85591
1.26052
1.21994
0.845032
1.97277
0.460014
0.130352
0.496271
1.79262
1.76926
0.208114
1.93954
1.18218
0.667862
0.966044
0.0265174
1.80594
1.96382
1.87135
1.96038
1.59867
0.0531161
0.855337
1.06542
1.57287
1.06409
0.303589
0.754103
0.87656
0.900372
0.857135
0.919893
1.17735
0.142915
1.16629
0.690075
1.62116
0.64276
1.00976
0.620479
1.48222
0.341175
1.22878
1.26106
0.359359
0.497896
1.73492
1.96288
0.058987
1.54341
0.0332134
0.274064
0.728324
1.37791
1.21973
1.96151
1.65601
1.01287
0.0101013
1.5642
0.118107
0.114348
1.16639
0.670576
1.67819
0.667899
0.220681
0.582698
1.19247
0.17031
1.99603
1.23338
1.77282
1.96968
1.27478
1.47393
1.10984
1.81028
1.56255
1.62214
0.892672
0.0619947
0.736327
1.24112
1.96495
1.41636
1.97448
0.0816693
0.424087
0.804998
0.120098
0.355593
1.92397
1.25414
0.0728185
1.64882
0.466517
1.68809
1.27528
0.9547
0.470769
1.81916
0.966321
0.992953
1.13112
1.69207
1.82336
0.14717
0.694514
1.79901
1.03064
1.09389
0.407826
0.479905
1.52169
1.44165
0.562116
1.09567
0.464316
1.06057
0.523849
0.756087
1.49018
0.317471
1.74238
0.0398073
0.283602
0.708084
0.659167
0.28299
1.38802
1.98737
1.96935
1.8363
1.69123
0.193187
0.186571
0.435963
0.714652
1.01613
1.50354
0.248214
1.64724
0.0600513
0.185908
1.03148
0.347158
0.25969
1.92371
1.09651
0.220546
1.88702
1.44736
0.627466
0.10842
1.99282
0.0351617
1.46157
0.0606183
1.867
0.876967
1.99528
0.147719
0.14347
1.04338
1.7074
0.823548
1.37652
1.25915
0.700421
0.629751
0.57357
1.49151
1.10469
1.66082
0.560835
1.01461
0.156005
0.508811
1.01229
1.74012
0.0188472
1.50005
1.66476
1.705
0.201186
1.98456
0.25436
0.0776812
0.265934
1.30105
1.09658
0.332943
1.16622
1.14846
1.25205
1.56541
0.170666
0.061903
0.361547
1.82096
0.500518
1.34209
0.505316
1.28364
1.71636
1.32755
0.916274
1.89114
0.732166
1.68974
1.16339
0.143801
1.32856
1.93061
1.90109
0.115836
0.695721
1.26814
1.24096
0.23215
0.894433
1.04343
0.819082
0.0269283
1.55732
0.717742
0.448369
0.871197
1.55193
0.646393
1.80075
0.0578455
0.0116282
1.93887
1.75054
1.88507
1.46031
1.34729
0.812598
0.810036
1.39022
0.861578
0.259427
1.98004
0.751709
1.03833
0.45839
0.415332
0.442455
0.262975
1.78727
0.915224
0.704395
1.81195
1.86887
1.62956
0.575405
0.376131
1.70999
1.9216
0.910121
0.838608
1.94699
0.867557
1.55428
1.31897
0.875675
1.24686
0.851411
1.29081
1.83569
1.04249
1.21038
1.10891
1.26513
1.458
1.84503
0.769654
1.1584
1.98052
1.4225
1.22164
0.313491
1.23835
1.64117
1.53221
1.0424
0.0832314
1.73109
0.660671
0.0148762
1.18625
0.639428
1.92116
0.67975
0.940232
1.95143
1.89519
1.91302
0.647823
0.00677156
1.47683
1.86075
1.40718
1.40416
1.93727
1.35627
1.62461
0.0911494
0.121667
1.87196
1.80258
0.276583
0.814786
1.15918
1.99824
0.324624
1.57868
0.656681
0.268031
1.94542
0.589307
1.52195
0.674853
1.879
0.79118
0.281345
1.67165
1.521
1.71176
1.76582
0.421074
1.77929
0.374838
1.49312
1.1176
1.01893
1.05602
1.74894
0.786259
0.255535
0.0616649
1.11511
1.23233
0.888249
0.132615
0.16188
0.940154
0.0612406
0.286039
0.278085
0.514849
1.32319
0.533993
0.184599
0.69783
0.730771
1.98668
1.92199
1.421
1.12161
1.49176
1.91141
0.294957
0.161279
1.82252
1.27464
0.120018
0.719969
1.45712
0.0534042
0.59552
1.07241
1.46097
1.38914
1.38535
0.782191
0.644165
0.380978
1.85449
1.34635
1.93811
0.025761
1.83751
1.7159
1.27205
0.821409
0.980354
0.0917846
0.616258
0.395505
0.983799
1.13644
1.79579
0.798141
1.85473
1.58595
0.934595
1.3524
0.75671
0.110094
0.00641584
0.558754
0.516602
0.509383
0.878523
0.130416
1.20745
0.675827
1.69276
0.429521
1.6883
1.9418
0.39326
0.999687
1.99074
1.58869
0.909179
1.85256
1.7341
1.264
1.39032
1.62611
1.17
1.49335
0.155966
0.532403
1.92456
0.679115
0.295285
1.59802
0.943143
0.0793369
0.145789
0.582766
1.87235
1.12392
1.19424
1.969
0.663647
0.873514
1.89791
0.990527
0.226761
1.99366
0.00164044
1.1833
1.61628
0.811383
1.35654
0.167578
1.31241
1.93044
1.93798
1.9818
0.603312
0.63922
1.44406
1.45496
1.50841
0.707731
1.80031
0.191609
1.75717
0.200222
0.278451
1.56628
0.583508
1.63587
1.25462
1.88535
1.88446
1.53914
0.610897
0.874737
0.18
0.433196
0.192868
0.0202693
0.56533
0.764739
1.2827
0.305561
0.771531
1.87663
0.383962
1.67171
0.515911
1.52647
0.756178
1.42743
0.711581
1.557
0.626175
0.637424
0.856432
1.3377
0.80999
0.591875
0.0588849
1.96648
0.993347
0.786574
0.671575
1.80107
0.496911
1.64081
0.161941
0.30881
1.77312
1.65958
1.60861
0.0570488
0.487491
1.79806
1.21794
0.709633
1.9373
1.08773
1.24543
1.44892
0.551895
0.283899
0.378884
1.91795
0.122365
1.97031
1.82999
1.67853
0.414321
0.415768
0.990532
0.530061
0.853064
0.0317925
1.62754
0.997783
0.984587
1.26486
1.14067
0.449454
1.95565
0.572112
0.6721
0.707394
0.419682
0.0571834
0.522092
1.85652
0.573612
1.23829
1.28395
0.254606
0.281759
1.60026
0.252702
0.541062
0.244514
0.750573
1.72724
1.07695
1.7995
0.270636
1.19444
1.22859
1.10951
1.74578
0.157572
1.10238
0.0517766
1.48164
0.0625612
1.44354
1.16522
0.351513
0.571668
0.0702913
1.91139
0.190271
0.301587
0.778638
0.197106
0.371312
1.66166
1.91598
0.991832
1.74349
1.35819
0.369935
1.71579
1.16782
1.37067
0.0466552
0.572369
0.319026
0.919835
1.28657
1.11971
1.95139
0.0963558
0.00866008
0.133486
1.81683
1.99771
1.5297
0.268373
1.13619
1.38721
0.139669
0.00716841
1.09649
0.0897356
1.18284
0.831308
0.870783
0.3354
0.343986
1.97481
0.507012
1.94181
0.0104903
0.659295
0.971895
1.55737
1.81172
1.01464
0.605049
0.485414
1.73805
1.0783
0.363144
1.63104
1.11787
1.88926
1.26033
1.43834
1.26677
0.947947
0.00232244
1.46819
1.032
0.31654
1.18261
1.39697
1.33736
0.0331928
1.17879
1.66813
1.38934
0.450817
1.41136
1.43289
1.7311
0.154838
0.866146
1.22036
1.36667
0.033433
1.89806
0.912173
0.365117
0.940471
1.60091
1.74612
0.143621
1.34431
0.855708
1.05629
0.431417
1.5577
0.0504926
0.0100036
1.37451
1.21915
0.282177
0.106878
0.0689166
0.443603
1.6751
1.64964
0.528438
1.98133
0.707664
1.36072
0.106675
1.1397
1.22748
0.364981
1.44926
1.38557
1.79971
1.78892
0.0405792
1.38344
0.523845
0.458051
0.102213
1.74019
0.0643055
0.716516
0.745842
0.214907
1.4153
0.681336
0.969306
1.34637
1.86443
0.562117
1.90257
0.00644004
0.0931441
0.8337
1.48589
1.10582
0.434561
1.0388
0.011783
0.0534438
1.20623
1.43953
1.24246
1.84368
0.0785402
0.717545
0.50908
0.639032
0.181016
1.70065
0.924002
1.05412
1.61364
1.40737
1.40056
1.56299
0.0141529
0.203078
1.80288
0.898435
1.86201
0.475499
0.9842
0.540559
1.6387
1.19342
1.37136
1.21956
1.86344
1.48159
0.603272
0.33598
0.0385129
1.99606
1.75945
1.83181
1.08395
1.48587
1.9644
1.77066
0.0203978
1.90853
0.148142
0.632591
1.00839
1.27768
1.11981
0.496611
1.71479
1.18997
0.465311
0.924331
0.03369
1.55527
0.885561
1.5144
1.66775
0.991976
0.193282
1.55476
1.82391
0.166398
0.946964
1.98046
0.387098
0.978012
1.61617
0.72506
1.36714
0.0491788
1.91102
0.296689
0.0483632
1.29694
0.813823
1.36605
0.196876
0.476968
1.24398
1.0447
0.384931
1.80273
1.91924
1.93416
1.61391
1.90285
1.7838
0.150381
1.83685
0.532224
1.29307
0.572898
1.74825
0.342679
0.973474
0.548389
0.931688
0.683069
1.04658
0.543367
1.89336
0.606443
0.244471
1.07155
0.840234
0.956696
1.12378
0.0119531
1.84364
0.195614
0.53507
0.197569
1.71597
0.70386
0.114597
1.56051
0.124589
0.86289
0.843574
0.379858
1.33609
0.956293
0.233481
0.0414737
1.56537
0.179535
0.622962
0.368701
0.196128
1.8077
1.94095
1.14128
0.0336339
0.352047
0.207696
0.362147
1.95112
0.392976
0.837052
0.754395
0.0397798
1.54224
0.121179
1.13288
0.84705
1.83523
0.385296
0.985488
1.57654
1.48629
0.473375
0.123196
0.447692
1.95383
0.0740827
1.97836
1.8105
1.34402
1.66288
0.813038
0.395015
1.89475
1.84841
1.07998
0.264395
0.723242
0.477376
1.79301
1.88732
1.41864
1.81157
1.34556
1.80518
0.664464
0.259596
1.74536
0.762456
1.77411
0.815747
0.0250703
0.549887
0.883725
0.21613
1.82075
0.340083
0.64724
1.54573
0.0350255
0.759679
1.72783
1.51277
0.208944
1.3324
0.167633
1.06746
0.678187
0.086596
1.27182
1.90171
1.41707
0.076767
0.193768
1.88384
0.259641
1.12358
0.826898
1.37969
1.02039
1.45117
1.74241
1.67106
1.73481
0.42917
1.61862
0.42256
0.11724
0.613694
1.96876
1.84235
0.169218
1.95542
0.0258349
1.79904
1.48388
1.47884
0.408065
0.0274504
0.923828
1.91281
1.82125
0.848482
1.25605
0.856697
1.20856
0.459979
0.143364
0.0278405
1.528
1.11158
1.73584
1.54856
0.482485
0.441567
1.74509
1.95637
0.202099
0.116448
0.601094
0.098774
1.89371
1.25017
0.464432
1.25471
1.5199
1.80934
0.0319275
0.146262
0.429387
1.14604
0.230999
1.05037
1.63154
1.68573
1.32549
1.81248
1.81095
1.96577
1.06949
0.174608
1.03833
1.73297
1.13095
1.22359
0.0383922
1.786
0.979356
0.586465
1.28353
0.806165
0.213028
0.198801
1.59581
0.36404
0.864899
1.58795
1.55747
1.22402
1.25503
1.96223
1.7514
1.91551
0.318118
0.788881
0.0190798
0.591902
0.585435
1.96186
1.99072
0.0508434
0.0983305
1.76627
0.229875
1.16873
1.75527
1.54339
1.67485
1.09976
0.0523915
1.69622
1.68001
0.773964
1.34834
0.0189426
1.09129
1.82887
0.441935
0.850769
1.61383
0.292135
1.36412
1.89855
1.91633
1.83608
1.11607
0.697094
0.818336
1.83733
1.97618
0.129514
0.366145
0.875292
0.775206
1.48922
0.894333
0.893603
1.68567
1.67786
1.41499
1.93772
0.00861418
0.629029
0.037454
1.17148
0.353559
1.62478
0.0837523
1.68581
1.43525
0.0151602
0.108802
0.73633
0.214106
0.920442
0.0950944
0.639992
0.0150795
1.83919
1.57473
1.75883
1.38969
1.25523
0.266538
0.872863
1.35567
1.56059
0.612697
0.537039
1.3764
1.95044
0.949407
0.762754
1.64249
0.0461771
0.0736427
0.902983
1.7307
1.74162
0.470806
0.328787
1.75248
1.39703
0.185225
0.178551
1.31023
1.26975
0.0491331
0.350815
0.152875
0.743623
0.0132145
1.39642
1.42166
0.96691
1.17063
1.98596
0.513906
1.1931
1.72791
0.945951
0.148124
0.111854
1.75998
0.597658
1.12105
1.19685
1.83788
1.57379
1.25812
1.64198
1.91984
1.44998
1.77733
0.0174972
0.738805
1.03195
1.22796
0.741028
1.87198
1.2966
1.34214
0.0509028
1.29646
1.03597
0.211063
0.429939
0.0626448
0.049399
1.70589
1.74401
1.91614
0.262557
1.25248
0.208223
0.248326
1.14938
0.784486
1.54527
1.76645
0.639043
1.30206
0.275638
1.98277
1.01769
0.0307895
1.83722
1.61134
0.809295
1.34765
1.58517
0.956814
1.93467
0.17955
0.24245
0.0915955
0.832064
1.61968
0.883365
1.54981
0.333833
1.68013
0.266755
0.900673
1.82803
1.92461
0.169987
0.176688
0.773584
0.568472
1.63884
1.53982
0.861196
0.0920439
1.20001
1.03338
1.66866
0.272951
1.12154
1.72195
0.353403
1.85861
1.98063
1.37149
0.230879
1.11085
0.840352
0.00534594
1.6425
1.81759
0.93224
1.14468
1.37635
0.267202
0.768348
0.939288
1.41849
0.146246
0.19521
0.875823
1.02051
0.578623
0.232254
1.58073
0.17876
0.820173
1.07761
1.81797
1.05424
1.8471
1.91442
1.84779
1.3735
1.2371
0.00784671
0.203951
0.0237904
1.78313
0.189169
1.17163
1.93549
0.882587
0.187833
1.55382
0.420979
1.4351
1.50347
0.326152
1.53022
0.586485
1.3648
0.856424
0.0760657
0.371937
0.447938
1.5458
0.614936
1.04543
0.0269225
1.46341
1.25983
1.69962
1.44334
0.83878
1.7934
1.75995
0.193902
1.66319
0.263117
0.0943549
0.387741
0.0277889
1.87443
0.01405
0.0884272
0.480527
0.878135
0.331823
0.461136
1.91589
1.50475
1.79765
1.7629
0.229707
1.76474
1.0799
0.701956
0.796693
1.72007
1.60194
0.613573
1.36089
1.75105
1.38251
1.3398
1.88867
0.552435
0.285443
1.48466
1.98831
0.623007
1.28669
1.99444
0.392223
1.84431
1.39099
1.70424
1.6588
1.00749
1.83888
0.922195
1.66135
0.714223
1.32775
1.98269
1.43877
0.21595
0.878224
0.671286
1.82137
0.273086
0.498059
1.93377
0.11675
0.336314
0.235621
0.250372
0.922588
1.55118
1.87853
0.968465
0.881844
1.68019
1.91794
0.618539
1.85482
1.96574
0.767105
0.480102
0.15501
1.24051
1.53001
0.132568
0.160185
1.96022
0.524378
1.05711
1.966
0.940557
1.30115
0.431432
0.61558
0.607772
1.31271
1.32972
1.87242
0.443268
1.81983
1.34978
0.476625
0.0379816
0.819247
1.42356
1.83182
0.3597
1.5446
0.0552082
1.97645
0.861227
0.0126321
1.03211
1.67677
1.12933
0.0105621
0.403217
0.555572
0.95781
0.367697
0.651566
0.205933
1.56052
0.321756
0.0541108
1.89816
0.0813712
0.729463
1.61717
0.0204428
0.203158
1.49463
0.535613
0.0966489
0.400982
0.516115
1.08062
0.0695256
0.0969232
0.162262
1.76676
1.7191
1.06329
0.152274
0.180837
1.80268
1.83133
1.25237
1.35225
1.10697
1.6539
0.203978
1.50148
0.39869
1.33307
0.250967
0.000123739
1.09966
1.93613
0.107997
0.136448
1.8013
0.945405
1.9973
1.89897
0.577053
1.85667
0.363045
1.45187
0.406516
1.81439
0.549098
0.067578
0.313766
0.0755794
0.414394
0.304053
1.98978
1.77438
1.65795
1.51707
1.02239
0.566046
1.60316
1.72679
1.93861
1.85468
0.330591
0.0513121
0.422248
1.14748
0.505986
0.931773
1.75888
1.62502
1.84956
1.13719
0.291076
1.96421
1.08964
1.0896
0.641914
0.810595
1.9644
1.32111
1.10475
1.47748
0.261578
0.60427
0.708556
0.0622252
1.50169
1.23372
0.390829
0.0981793
1.58566
1.93158
0.821061
1.79277
0.233116
1.11222
0.126807
1.53231
0.208053
1.66385
0.309317
1.98639
1.41334
0.717599
1.12975
1.38275
1.73994
0.873174
0.303331
0.0786983
1.21271
0.316093
1.21065
1.82749
1.29579
1.54155
0.259295
0.904238
1.44601
0.398638
0.12443
0.836333
0.185921
0.807061
0.0373576
0.787655
0.111264
1.80612
0.438776
1.67205
0.222907
0.532589
0.974733
0.241003
1.51647
1.07854
1.88203
0.559815
1.52547
1.36545
1.02314
1.85032
1.61342
0.963184
0.801305
0.768338
1.64311
0.403474
0.189938
1.09484
1.01815
1.81606
0.644492
1.84068
0.337835
0.728839
1.03473
1.18353
0.0704468
1.10774
1.47198
0.281755
1.41997
0.992981
1.11444
0.109752
1.35101
0.621294
0.363019
1.05772
0.425283
0.939787
1.39237
1.6918
1.3376
0.390224
0.572472
1.79463
1.06912
1.68032
0.978724
0.911562
0.166038
1.11389
0.285574
1.48505
0.623863
1.00196
0.599669
0.776622
1.87398
1.76709
0.36907
1.86549
0.820538
1.01279
0.190914
1.02359
0.0316558
0.387322
0.159577
0.268399
0.118723
1.5892
0.091984
1.95442
1.8999
0.998687
0.312252
0.368683
1.63321
1.83946
0.0151323
1.41968
1.12542
0.781986
1.47914
1.85155
0.404228
0.106588
1.86944
1.8019
0.0785824
0.255949
1.85545
1.89466
0.632217
1.79097
1.97262
1.25123
1.08862
0.43348
0.702147
0.867392
1.20952
1.49016
1.92422
1.07358
0.110208
1.72091
0.82646
0.873391
0.319581
0.348503
0.335972
0.669852
0.49403
0.10577
1.19452
0.563537
0.0600355
1.87409
0.206053
1.94889
1.92351
0.203395
1.34938
0.744172
0.482805
1.7598
1.80004
0.00470972
1.54653
1.40515
1.79037
0.00628567
0.658229
1.99596
0.486344
0.477999
0.0545434
1.84795
0.729454
0.385924
0.0306494
0.0112959
0.413371
1.23998
1.96249
1.82289
1.58125
1.36978
1.54553
0.994117
0.51749
1.67355
1.297
1.33452
1.92221
0.722603
0.453106
0.135015
1.24407
0.235738
0.725702
0.0655432
1.8102
1.87222
0.647683
0.8307
1.49252
1.9669
1.22625
0.176886
0.124268
0.698258
1.0082
0.300861
1.91977
0.0401077
0.302054
1.17157
1.64956
0.63938
1.77614
1.87765
0.62789
1.87196
0.413895
1.98642
1.85783
0.167778
1.60224
0.0156652
0.161536
0.362394
0.0973487
0.273218
1.73587
0.97753
1.65594
1.03982
1.65188
0.275621
0.651477
1.68101
0.293716
0.194153
0.85161
0.705926
0.704379
0.0224801
1.60835
1.49579
1.37576
1.62066
1.97545
1.17596
0.528192
1.59015
0.662024
1.26022
1.90846
1.85529
1.37404
1.00368
0.748836
1.07917
1.31835
1.75568
1.10582
0.92399
1.49098
0.178959
1.57371
0.376531
1.92429
1.33468
0.0781335
0.025125
0.525458
0.843477
0.872637
1.96966
0.643653
0.136513
1.86649
0.316408
0.729567
1.87398
0.0830905
0.237432
1.15311
0.652675
0.969739
1.63712
0.782213
1.03986
1.7298
0.0849991
1.47692
1.78658
1.33754
0.578215
1.74732
0.260599
1.88348
1.21993
1.69067
1.61029
0.188621
0.477167
0.516028
0.0297468
1.90947
1.82431
0.485259
1.43721
0.454184
1.59287
0.610023
1.21362
1.82388
1.44697
1.05882
0.617578
0.737507
0.619795
0.316335
0.727415
1.06654
0.272315
0.163704
0.256069
0.862865
1.46583
0.933365
0.0844697
0.00788891
1.91025
0.541782
1.26982
1.60355
0.168973
0.239667
0.766951
0.0702937
1.69226
1.74679
1.06644
0.594965
1.3679
0.931468
1.81855
1.95116
0.200496
0.0879865
1.15582
0.623309
1.9046
0.155062
1.95747
1.90983
0.0709425
0.655132
1.33265
0.0372334
1.80918
1.85216
1.61826
1.7256
0.0234827
1.64603
0.624133
0.370159
1.92674
1.851
0.202972
0.11008
1.52563
0.576352
0.0928373
1.19555
1.23488
0.753806
0.219509
0.682722
1.89817
0.695997
1.70343
1.29448
1.24369
1.478
1.59033
0.0814558
1.72574
1.3813
1.22836
0.000742197
0.558534
0.769227
1.60593
0.93413
0.285408
0.308542
0.990484
1.68262
0.562857
0.00802791
0.538785
1.80852
0.200506
1.90539
1.84001
1.49657
1.31906
0.866847
1.86387
1.94721
1.61062
1.7291
0.730163
1.90004
0.0718443
0.248096
1.93446
1.95623
1.37207
1.69069
0.698447
1.39508
1.97716
0.114795
1.16717
0.530021
0.117633
0.769123
0.451895
0.896004
1.43179
1.83617
0.0230702
1.30267
1.69723
1.92224
0.185204
1.50713
0.0921792
1.80507
1.7666
0.408006
0.300806
0.667795
1.77154
1.003
0.608836
1.12309
0.759026
0.189268
0.306464
1.4195
0.152549
1.5011
1.42447
0.0490527
0.335072
0.922056
1.58294
1.38098
1.98573
0.838426
1.96353
1.64287
1.288
0.998671
1.34893
1.93443
0.346037
1.72289
0.0159879
0.116628
0.949083
1.52567
0.0856223
0.0562515
1.12279
0.494313
1.00915
0.760926
0.516173
1.89327
1.91466
1.76339
1.06762
0.0116897
0.0825269
0.561568
0.177939
0.829682
0.725274
0.0303831
1.88592
1.96298
0.36306
0.316596
0.628881
1.29709
0.779413
1.11146
0.252241
1.46881
1.38375
0.193663
1.44047
1.75497
1.28035
1.0924
1.04606
0.102586
0.219451
1.92889
0.290861
1.94595
0.529618
0.043666
1.82436
1.37363
1.42029
1.67506
1.00819
0.862191
1.89636
0.834975
0.22853
1.10273
1.84223
1.18579
0.247717
0.483302
0.0813442
1.25916
1.62325
1.91778
0.241055
0.47094
0.36156
1.81874
1.5657
0.377527
1.94452
1.79787
0.912645
1.71415
1.39002
0.0946277
1.30792
1.17887
1.98567
1.49043
0.323897
0.217029
0.594217
1.87492
0.196515
1.89743
0.0171465
1.19019
0.820385
1.17092
0.787763
1.68184
0.417505
1.34076
1.32667
0.488734
0.695035
1.64983
1.43485
0.72781
1.72539
1.392
1.22815
1.46939
1.98349
1.42688
0.0624803
0.195698
1.93131
1.00154
0.330673
1.15039
0.760198
1.74612
1.92129
0.0478199
1.69041
0.689213
0.754008
0.953605
0.568935
1.65932
0.957224
0.617592
0.219013
0.144923
0.840823
0.0635813
0.855039
0.689201
1.33515
0.156902
1.49156
1.2993
1.34761
0.175541
0.421401
0.555758
1.39125
0.20745
1.11406
0.54325
0.102206
0.836707
0.505625
0.398061
1.21644
0.654011
1.48818
1.83094
0.931216
0.590786
1.38228
1.58092
1.5609
0.798879
0.971882
1.75201
0.862821
0.640471
1.05042
1.0353
0.842908
0.571279
0.570376
0.226659
1.31281
0.293819
1.85995
1.77939
0.162896
1.02036
1.96136
1.95407
1.82784
1.39689
0.172181
0.878855
0.0773356
1.37056
0.0306336
0.367155
1.33046
0.916785
0.221472
0.0451989
1.91875
0.254902
0.998825
1.19773
1.83943
0.499787
1.68315
0.327246
1.32331
0.527273
0.928819
0.0956236
1.78873
1.21422
1.54909
1.95181
0.97113
0.515187
1.3773
0.53757
0.999311
0.301606
0.605909
0.512584
1.64267
1.22736
1.53532
1.43231
1.30442
1.65705
0.182491
0.497638
1.40598
0.983846
1.88538
0.896576
0.577438
0.0246731
0.219291
1.69672
1.61245
1.04359
0.0116802
1.2069
1.32828
0.527937
0.0898173
0.226952
1.92557
0.0741609
1.70692
1.97151
1.59468
1.4845
0.476213
0.898465
0.79702
1.54183
0.471719
1.93185
0.117321
0.271858
0.144432
0.91512
0.305013
0.0743304
1.89595
0.339368
0.0545739
0.778043
1.62366
0.32406
1.83169
0.0820844
0.110854
0.306773
1.78152
1.86186
0.548898
0.134588
0.773057
1.46184
0.423578
0.042634
1.72024
1.81564
0.586972
0.522673
0.0032953
1.40897
0.920032
0.876237
0.80812
1.34382
0.0406173
1.66291
0.103791
1.72951
0.820575
0.188716
0.820252
1.88663
0.813418
1.57291
0.290876
1.51474
0.961778
0.569228
0.104823
0.498601
0.622892
1.42033
1.44253
1.37214
1.29896
0.459215
1.44457
1.20169
1.95178
1.9104
0.397418
0.116656
0.0555679
0.847895
0.914161
0.406798
1.19323
1.92304
1.23876
1.97323
0.864017
1.48194
0.320101
1.18729
1.60525
0.99704
0.304611
1.92575
1.95356
1.42539
0.550494
1.63436
1.75667
1.43045
0.0354458
0.166764
1.94215
1.9464
0.0607972
0.557908
1.34419
0.989493
0.814675
0.026316
0.998246
1.53775
1.77492
1.74133
0.0820961
0.612925
1.57516
1.81362
1.36107
1.87619
0.0837454
1.69996
1.86325
0.320292
1.8195
1.82436
0.418443
1.18836
0.927041
1.97663
1.15988
1.99881
1.89325
1.93358
1.20928
1.91476
1.19356
1.25608
1.9
1.74419
1.97998
0.450127
1.85147
0.372269
1.46758
1.17896
0.213893
1.69829
0.371063
0.219597
0.498133
1.88627
0.064119
0.464665
0.562296
0.842839
1.51061
0.420973
0.107118
1.32706
0.597579
0.652422
1.97338
1.59418
0.495056
1.89235
0.565352
1.62642
1.83613
0.436138
1.09968
0.0952725
1.81065
0.534421
0.881394
1.70558
1.58365
0.693518
1.48803
1.02704
0.183817
0.0235136
1.9486
0.304019
0.545633
0.526934
0.239896
0.152175
0.589887
0.982504
0.911837
0.0233903
1.56059
0.996589
0.417276
1.24669
1.33641
0.376157
1.48925
0.0233389
1.37375
0.839405
1.51616
0.728132
1.88958
0.172884
1.13098
0.00600076
0.819362
0.36089
0.441893
1.94007
0.912173
1.71563
1.32854
0.187227
1.61477
0.751366
0.88638
1.66188
0.156665
0.853603
1.08189
0.33542
1.96403
1.9258
0.421399
0.143493
1.29628
1.03343
0.349388
1.74334
1.901
1.26446
0.867361
0.524409
0.949505
1.81801
1.84044
0.249533
1.64555
1.56062
1.88523
1.31895
0.205752
0.33429
1.08312
1.71156
1.32754
0.605182
0.428442
0.865149
1.90509
0.628963
1.17475
1.84034
1.82573
1.60212
1.73259
1.55399
1.56647
0.0725448
0.111967
0.171141
0.640145
0.424963
0.313849
1.88164
1.2858
0.0833973
0.449689
1.3372
0.00310552
1.77266
1.81954
0.512896
0.904269
0.0129462
0.520892
0.919188
1.19618
0.379257
0.676137
0.61315
1.87871
1.42487
0.567051
1.69851
1.04168
1.59006
1.56363
1.99571
1.43701
1.7742
1.52607
1.38306
1.53693
1.19426
1.696
0.343932
1.09448
0.57447
1.71402
0.195919
0.116741
0.864914
1.84722
0.683737
1.75918
0.745078
0.532567
0.268582
0.624578
0.997387
1.43519
0.459166
1.31376
1.76778
1.8054
1.32642
0.383323
1.32375
1.22572
1.86384
0.975664
0.220929
0.0315579
0.832475
1.99084
0.0370892
1.91341
0.688254
0.756837
0.230859
0.996981
0.416904
1.2254
1.44202
1.07021
1.53027
0.235595
1.12646
0.142078
1.00048
1.78432
1.6398
0.186833
0.0484154
0.197225
1.13598
1.14278
1.0687
0.978825
0.698882
0.862535
1.91105
1.04434
1.89294
0.968991
0.5608
1.28704
0.0533366
1.57463
1.8588
1.11958
0.499032
1.26306
1.1356
0.03327
1.90484
1.95959
1.85465
0.0446647
1.56452
0.603535
1.62372
1.74403
1.72846
0.642301
1.92561
1.76561
0.175032
0.632879
1.95859
1.94269
1.77426
0.151032
1.64532
1.81201
1.18825
0.432546
0.309024
0.0254726
1.48428
1.48612
1.80537
1.29033
0.892072
1.74619
1.97842
1.62106
1.7458
0.646624
1.1978
1.62552
1.58451
1.99923
0.0164684
0.0477651
0.754744
1.44767
0.017206
0.046916
1.97454
0.88281
0.372053
0.0188135
0.317505
1.58928
0.350971
0.174353
0.808053
1.9663
0.519309
1.89153
0.472465
1.25389
0.767709
0.876416
0.0463187
0.260549
0.911844
1.13853
0.252832
1.74973
0.851176
0.30289
1.08385
1.31854
1.83439
0.890144
0.0498154
1.61549
1.76041
1.52081
0.970036
0.801358
0.460796
1.66589
0.927021
1.27277
0.733167
0.542744
0.865873
0.29626
0.21285
0.0952922
1.30693
1.51369
0.215707
0.394925
1.50021
0.838023
0.402882
0.977705
1.34761
0.305056
1.42729
1.71647
1.1178
1.91371
1.39178
0.263518
0.465517
1.80736
0.580556
1.9694
1.27236
1.37819
1.986
0.0919834
0.239734
1.36866
0.749049
0.43475
0.225867
0.975583
0.30834
1.47998
1.5879
1.22957
0.915081
1.08552
0.628588
1.94665
0.615078
0.49111
0.9091
1.23437
1.96287
1.1632
0.594987
1.7292
0.388071
0.521662
0.0931014
1.33121
1.0299
1.06681
0.363781
0.455792
0.486231
0.507923
0.559461
0.93403
0.935338
1.1367
0.154072
1.10644
1.60357
1.07886
1.61889
1.555
0.341413
0.713818
0.178059
1.27874
1.48934
0.796811
1.78844
1.37734
0.68045
1.96556
0.831179
1.27797
1.80985
1.87417
0.478356
0.272967
1.99892
1.49553
0.632652
0.146054
1.67296
0.412378
0.149139
0.0328484
0.378988
1.6069
1.3924
1.9881
0.985594
1.6398
0.0921524
1.9851
0.626568
0.689266
1.79536
0.211845
0.0122156
1.95073
1.56718
0.0405021
1.20073
1.55375
0.931018
1.88951
1.583
0.922946
1.61647
1.38439
0.0720452
0.823297
1.171
0.215754
1.45196
1.03413
1.25762
0.46082
0.17008
1.90776
1.59552
0.037805
0.522244
1.63778
1.33407
1.80936
0.81216
0.228619
0.728556
1.45175
0.824297
0.293368
0.465536
1.2666
0.0678539
1.25083
1.56027
1.57946
1.24275
1.55527
0.931099
0.547318
1.82265
0.0287657
1.90668
1.77239
0.228654
0.942864
1.52911
0.981542
0.0711859
0.544698
0.355294
0.212044
1.32048
1.2296
0.893618
1.67039
1.51999
0.350829
0.367077
1.95398
0.415501
1.81734
0.391595
1.1945
0.0678469
1.36408
0.704715
1.99634
0.147093
0.0486668
1.16773
0.6084
1.53505
0.438605
0.0136342
0.392542
0.0334048
1.75448
1.49486
0.0345063
0.0750899
0.854038
1.9711
1.40287
1.09485
1.51123
1.07335
1.36868
1.99889
0.646439
0.498933
0.828667
0.226868
0.335339
0.075035
0.0149857
0.0297586
1.96716
0.0819232
1.07664
0.50804
1.37984
1.79092
1.83298
0.228966
0.365394
0.395946
1.2268
0.429156
1.06336
0.77891
0.0385156
0.725737
1.99863
1.93593
0.137206
0.832887
1.93512
0.230631
0.0318559
0.780237
0.00565314
1.44293
0.241517
1.02334
1.39139
0.162806
0.183583
0.456907
1.99588
1.8307
0.579995
1.68337
1.66871
1.75979
1.57096
0.812016
0.684293
0.656662
1.30587
1.02722
1.62369
0.709491
0.328981
0.832325
0.670957
0.637012
1.24576
1.58654
1.26211
1.90029
0.527604
1.63366
0.0629326
1.1387
0.708035
0.468033
1.90598
0.00690556
0.338614
1.9852
1.23715
1.90266
0.556309
1.65776
1.84146
1.86159
0.736753
1.48759
0.708081
1.42509
1.84146
1.98699
1.0579
0.248957
0.817022
1.51314
0.453412
1.98021
1.08867
0.17046
1.22396
1.07346
1.37329
1.43523
1.14749
1.43223
0.810657
0.968557
0.027023
1.92494
1.95057
0.609435
1.04815
1.27761
1.94354
1.64252
0.771803
1.29815
1.4844
0.8829
0.975024
0.173158
1.02653
0.714794
0.116827
1.89498
1.92514
1.47703
0.403235
1.50169
0.580597
1.39328
0.296443
1.08141
1.25438
1.4356
0.691519
0.120949
0.0494909
0.0436542
0.262405
0.50542
0.035539
0.0515726
1.41152
1.60358
0.617974
0.777004
1.86815
0.136277
0.908098
1.00731
1.9048
0.110146
1.71664
0.947962
1.89181
1.96699
0.213484
0.407917
1.86803
1.97682
1.0801
1.79039
1.48289
0.215855
1.36205
1.61194
0.446303
0.292185
1.33354
0.901108
0.157391
1.93888
0.188485
1.05006
0.564741
1.84586
0.40624
0.128937
1.23946
0.0851709
1.95546
1.95784
0.197075
1.77115
1.71597
1.35578
1.94183
1.04318
1.79849
0.0647863
1.99741
0.266526
0.935346
1.81203
0.862748
0.971924
0.7077
0.114119
0.0508943
1.66519
0.626008
1.08426
1.77456
0.505
1.7856
1.61089
1.12343
1.9971
1.07842
0.798062
1.01161
0.959237
1.71591
0.878438
0.0630822
0.422327
1.9193
1.58117
1.04203
0.887628
0.401649
1.74946
1.33947
1.57859
0.0461863
0.188584
0.937726
1.13479
0.0513092
1.85227
1.98548
1.13454
1.45753
1.35485
1.70771
0.919123
1.09482
1.28905
1.22183
1.05295
1.18747
1.21541
1.00262
0.0960581
1.80892
0.978518
0.020068
0.892825
1.3221
0.375379
1.35074
0.121938
1.81654
1.40302
1.35591
0.247531
0.815249
1.97072
1.92379
1.61626
0.634096
0.301949
0.337269
0.983368
0.788037
1.333
1.98895
0.990138
1.43719
0.155074
1.38424
1.72879
1.82924
0.082677
1.95239
0.601624
0.309796
1.8247
0.762254
0.698197
0.431163
1.42974
0.428563
0.737584
0.0622785
1.27908
0.727232
1.87364
0.150454
1.68764
0.311014
1.78277
0.418155
0.752788
0.189246
1.84449
0.730955
1.8162
0.472591
1.76402
0.14724
1.76071
0.28382
0.48567
1.81848
1.81074
1.62124
1.61412
1.16391
1.95498
1.28453
1.23378
1.34431
1.66582
1.55633
0.823102
1.67747
1.31568
0.519912
0.921997
1.966
0.422684
1.15473
0.11031
1.86284
1.95836
0.99217
1.75373
1.42966
1.55001
0.00971985
1.33065
0.597116
1.99365
0.0498657
1.05041
1.89846
1.06017
0.200636
1.80812
1.37381
0.0636743
1.00003
1.89754
0.329251
0.688079
1.19387
0.406482
1.00818
0.239986
0.0332377
0.0453005
1.89749
0.596959
1.29311
0.978352
0.70687
0.901325
1.33155
0.360674
0.185788
1.49987
1.64173
1.24311
0.759861
1.55406
0.247689
0.606937
0.493558
1.73305
0.233453
1.95676
0.00769055
1.81845
0.195704
1.8531
1.62629
1.70909
1.93446
0.917982
0.908694
1.3868
1.47668
1.86051
1.87748
0.573719
1.80239
1.44178
1.78584
1.36132
1.8915
1.89013
1.40597
1.77683
1.66212
1.50086
0.141439
0.0113155
0.250554
0.0904121
0.15721
0.124659
1.92773
0.201554
1.25559
0.352758
1.6369
0.0519445
0.198375
0.00901711
1.14474
0.404473
0.0845599
1.74832
1.20626
1.79211
0.347004
0.0674428
0.0461535
0.0885782
0.224017
0.958883
1.22051
1.81598
1.53694
1.57651
0.988933
1.96981
1.71378
1.65176
1.0597
1.64805
0.694001
0.534497
0.246492
1.20183
0.617225
1.51709
1.72305
1.55448
1.30365
1.04756
0.597128
0.180167
1.95265
0.239306
0.297683
0.82037
0.14408
0.231057
0.173223
1.08222
1.98834
0.746753
1.2834
1.41518
1.00507
1.73931
1.87365
1.99466
0.963748
0.2038
1.85324
1.26212
1.12479
0.0258968
1.32649
0.618888
0.14283
0.537477
1.38274
1.91118
0.425885
0.0883535
0.212536
1.27963
0.0594693
0.5152
0.194224
1.68434
1.18221
1.6391
1.02883
0.135761
1.09888
1.70226
1.81356
0.376105
1.39003
1.76599
1.02933
0.296504
0.996646
0.373558
0.568959
1.21203
0.467489
1.87809
0.00996149
1.03288
1.30477
1.40704
1.09585
0.00324655
0.0675099
1.00683
0.139531
0.696287
1.92063
1.18358
1.32931
1.79724
0.494192
0.116921
0.127795
0.79723
0.802484
0.139075
1.19351
0.0537397
0.360024
0.746247
0.90765
0.0347786
1.5649
1.61868
0.439781
0.685908
1.80418
0.000906229
1.27423
0.342234
1.45576
0.0797393
1.92374
1.0896
1.04309
1.98014
1.18485
1.40401
1.9587
1.46732
1.69157
0.556012
1.88263
0.463194
1.76079
0.162734
0.61471
0.498743
1.46266
1.14801
1.78533
1.88332
0.842245
0.331673
0.0908898
0.487438
0.308623
1.2237
0.889312
1.59569
1.91018
1.12072
0.2632
0.563141
1.29896
1.54766
1.94743
0.126196
0.351842
0.463792
1.24609
0.435586
1.54186
0.276869
1.08863
1.04608
1.15622
1.79009
1.58426
1.68563
1.62059
0.231893
0.764714
1.72767
0.140966
1.35656
1.84282
0.480377
1.65491
1.68283
1.24329
0.417378
0.37428
0.0621836
0.220386
1.93056
0.0353374
1.17403
1.60483
1.30975
0.87241
0.209924
1.94774
0.649061
0.237375
1.99242
0.129457
1.41799
1.93402
0.945792
1.97614
0.452549
1.85064
1.92747
0.46355
0.991127
1.84517
0.271575
1.86723
0.534456
1.63676
0.484887
0.9508
1.58145
0.607019
1.03723
1.16186
0.772813
1.40796
0.541477
0.00476778
1.85746
1.26912
0.092576
1.81477
0.292165
0.568295
0.555529
1.90852
0.87294
1.028
0.815752
0.502359
1.67582
1.83165
0.841242
0.126344
0.493478
1.78997
0.305523
1.31663
0.669194
1.38254
0.115514
0.307508
1.70903
1.49864
1.90111
0.951699
1.74754
0.56288
1.96361
0.0971466
0.740709
1.95314
0.323583
0.495015
0.559755
0.431995
1.26604
0.5232
0.108554
0.436922
1.46339
1.45301
0.12688
0.00856137
0.0694953
1.73493
0.945702
1.21516
0.122743
1.15975
0.211087
1.01916
0.308476
0.276407
1.69487
1.85322
1.93784
1.33188
1.72774
1.84287
1.32558
1.93354
0.113737
1.82622
1.30371
1.62727
0.933882
0.374275
1.80518
0.685149
1.54708
0.789264
1.67343
1.43507
1.5914
0.365375
1.33288
0.521312
1.50199
1.39924
1.50437
0.760253
0.269222
1.48188
1.99484
1.99059
1.42463
0.216419
1.3156
0.117954
0.287396
1.16146
0.312759
1.32841
1.55479
1.54461
0.526676
1.37006
0.790585
0.940396
1.5658
1.32719
1.43212
1.95351
1.8467
0.250023
1.3035
1.52334
1.68786
0.348204
1.34393
0.120178
0.770555
0.278087
1.23439
0.928995
0.995422
1.22971
1.65916
0.0693932
0.26745
0.795261
1.12232
0.0945356
1.2561
1.79105
1.19215
0.701195
0.441894
0.161412
0.235082
0.257164
0.0957683
0.431488
1.14058
0.116704
0.589759
1.80878
1.80801
0.267732
1.19037
1.92982
1.18629
1.87641
1.33176
0.215073
0.245039
1.72992
1.40464
1.56476
1.7364
1.52954
0.497066
1.58104
0.481377
0.597183
0.870513
0.705675
0.12142
1.3138
1.39328
0.128683
0.153404
0.945153
0.966961
0.00323606
0.831976
1.48865
1.00937
1.76996
0.128608
0.168464
1.57495
1.68033
1.99428
1.68482
1.52977
0.055141
0.613597
0.0442647
1.09858
0.452975
1.76946
0.119165
1.90714
1.07334
0.0868375
0.676848
1.45439
1.74175
1.70612
1.63623
0.156003
0.125808
0.617504
1.14546
1.6358
1.71774
0.996717
0.760632
0.153563
0.0826007
1.38512
1.63869
0.193111
0.209545
1.08128
1.9885
0.782333
1.53753
0.0111152
0.871876
1.31136
1.9913
0.192859
1.75075
0.809397
1.45067
0.260779
0.294751
1.91922
0.735759
1.4147
1.99048
1.88298
1.0472
1.90221
1.71487
0.788062
1.60768
0.449877
1.74398
1.75956
1.71366
0.265006
0.187734
1.32365
1.76299
1.97384
1.53554
1.40468
0.95436
1.93699
0.0346938
1.04798
0.286263
0.282223
0.234362
0.164451
1.50822
1.72115
1.27491
1.63188
1.93528
0.363963
0.562187
1.86948
1.75186
1.89441
0.0703834
0.632951
1.6856
0.821678
1.35297
1.04884
0.362242
1.80967
0.632537
1.89857
1.51242
1.19062
0.905283
0.265005
1.86885
0.18238
0.637986
0.887147
1.69992
0.470612
1.45247
0.730292
1.45448
0.692334
1.10812
0.257167
0.18316
0.102293
0.796324
0.234569
0.674019
1.97472
1.95395
0.384038
1.37013
1.19085
1.29351
0.317583
1.87236
0.807976
0.110018
1.54165
0.074621
1.87816
1.82368
0.79977
0.0362563
0.234684
0.723243
0.0606207
0.0824802
1.43705
0.846382
1.37433
0.889395
0.228268
0.22764
0.710349
0.0701649
0.12813
0.865835
1.49861
1.59687
0.426942
0.947387
0.685693
1.90075
0.183134
0.745241
1.80734
1.5589
0.179826
0.129706
1.94784
1.82612
0.850674
0.519197
0.162566
0.285921
1.00938
0.102154
0.919394
0.640258
0.150703
0.843018
0.0260793
1.98789
0.929563
0.626899
1.65816
1.56541
1.8532
1.97265
1.75665
1.9323
1.96619
0.275843
0.631054
1.62481
0.356601
1.21228
1.4155
1.84927
0.157925
0.988778
1.59242
0.231271
1.64084
0.590944
1.16188
1.33489
1.76128
1.27023
1.73912
0.232498
1.93408
1.08679
1.99325
0.480446
1.83266
0.98605
0.202089
1.23628
1.75187
1.64923
1.94717
0.912452
0.765851
0.500723
1.84544
0.0912225
0.0739162
1.53046
1.7595
1.43437
1.24033
1.61083
0.11218
1.79156
0.622941
1.0253
1.73711
1.00911
1.37274
0.314393
0.5344
1.03343
0.0170625
1.48279
1.41079
0.379567
0.171531
1.15805
1.72011
1.81641
1.55036
0.311906
0.184793
1.85843
0.0591934
1.74934
1.30065
1.00999
1.3572
1.16947
0.0518047
0.738739
1.79096
1.19735
1.10102
0.958012
0.182617
0.605626
0.24894
0.113334
1.5269
1.16321
0.845296
1.01223
1.63701
1.30761
0.649626
1.84903
0.0925843
1.33118
0.248998
0.268939
0.974735
0.736909
0.937883
1.81565
0.13052
1.52282
0.778118
0.356785
0.063912
1.29676
1.97256
0.17507
1.80815
0.953689
1.80685
1.91263
0.177499
1.42182
1.93338
1.69882
0.562762
0.0649214
1.37643
1.0737
0.378022
0.161983
1.83958
0.265613
1.22141
0.498063
0.648982
1.48306
0.10398
0.03388
0.404287
1.40736
0.681832
0.350603
0.918458
0.581719
1.75879
1.50579
0.0233877
0.519615
0.368555
0.181036
0.275221
1.84318
1.53783
1.72136
0.0374717
1.84221
1.5276
1.95754
1.90577
0.486548
1.28034
1.61703
0.354326
1.61919
1.58548
1.67418
1.99627
0.292521
0.469923
1.69738
1.99544
1.85087
1.93165
1.37975
1.87431
1.14801
0.937585
1.18395
0.869706
1.17298
0.972385
1.10688
1.74031
1.00013
1.15166
0.0177885
1.95532
0.0634823
1.21853
1.745
1.17771
1.70773
1.4844
1.10666
1.27568
0.160736
0.185908
1.18286
0.551289
1.40092
1.53338
1.01294
1.8761
1.55477
1.84871
0.67609
1.76765
0.00892448
0.0486048
0.433384
1.27492
1.28762
0.765362
0.356531
1.96402
0.368216
1.61474
1.37686
0.267291
1.25695
1.35376
0.747495
0.435599
1.98542
1.50639
1.06649
0.451977
1.08046
1.98313
0.270309
0.770978
0.422064
0.644263
0.0987836
1.52084
0.850393
0.286488
1.67835
1.02352
0.206409
0.889844
1.64233
0.590388
1.74586
1.78827
1.96378
1.70871
1.75433
1.80939
0.792882
1.48927
1.19787
0.423824
0.888196
1.81478
0.740365
0.115314
1.3773
1.71951
1.41474
1.98194
1.52157
1.96331
0.425569
1.70166
1.78793
1.98668
1.78322
1.06722
1.86448
0.157972
1.44236
1.89104
0.807097
0.724018
0.706548
0.857518
0.71728
1.59457
1.61522
0.128014
1.86005
0.346068
1.34831
0.389534
0.0417768
0.270723
1.39876
1.32954
0.580289
0.328659
1.12012
1.80807
0.247507
1.06489
1.54385
1.69301
1.92205
1.91126
0.295206
0.77143
0.672704
1.43361
1.46344
1.79833
1.34662
1.2041
0.0386978
0.603172
1.81865
1.7026
1.56086
1.64005
1.57685
0.108687
0.584932
0.820521
1.36387
0.597865
1.09527
1.3857
1.79684
0.30143
0.341867
0.693868
0.885334
0.217513
0.549349
1.1441
0.965388
0.00867736
1.45264
0.799292
0.0212176
0.802519
1.8057
1.48181
0.812256
0.523929
0.790508
1.10976
1.52737
1.93939
1.84652
1.51291
0.0301867
1.60383
1.36558
1.81132
1.0846
1.18659
0.090289
1.53037
1.94511
0.541721
0.295121
1.7073
0.551064
0.927086
0.923401
0.875647
1.77295
0.7626
0.61352
0.0762101
1.07002
0.355846
0.0572821
1.39948
0.660332
0.0730549
1.93847
1.72312
0.0128796
0.94739
1.32289
1.30266
1.28758
1.82521
1.35712
1.67799
1.00883
1.86982
1.03239
1.75016
1.72325
0.990393
1.48189
1.79558
1.84042
1.87468
1.68409
1.65073
0.973295
1.48476
1.99377
1.62035
0.414892
1.44019
0.770513
1.16209
1.12403
0.18837
1.39537
1.52425
0.0412235
0.304436
1.97369
0.0287805
1.04011
0.901469
1.80452
1.79605
1.97118
1.74726
1.33358
0.205499
0.818005
0.131434
1.83855
0.160982
1.47058
1.20092
1.15532
1.36157
1.82122
1.04394
1.2801
1.40766
1.69812
0.923294
0.148609
0.139154
0.534728
0.489011
0.320998
0.842289
0.220497
1.00871
0.139979
1.85294
0.291013
0.0660822
1.93964
0.875069
1.14521
0.0962925
7.89165e-05
0.545837
0.918324
1.05165
1.82765
0.309116
0.599657
0.039526
0.0900831
0.665165
1.04322
0.727406
1.69504
0.116371
0.645167
0.419294
0.24059
1.28569
0.719005
0.465863
1.97228
1.31893
0.276065
0.55643
1.00841
0.855366
0.334823
1.2907
0.510941
1.24521
1.96827
1.76555
0.0239495
1.21338
0.785564
1.06846
1.59855
1.70424
0.739324
1.59601
0.725937
1.63652
1.07233
0.941032
0.295051
0.346794
0.415505
0.368357
0.0862063
1.94827
1.69332
1.31389
1.83666
1.54447
1.1315
1.66935
0.833926
0.984292
1.16794
0.63783
1.91002
0.53388
0.493719
0.373814
1.85558
1.95923
0.0802621
1.43754
0.727544
1.90976
0.386189
1.86785
0.127085
1.90123
0.975491
0.629101
1.56291
1.71725
1.76803
0.094965
0.0826418
1.10052
0.849358
0.592165
0.486181
0.803097
1.68588
0.0981847
1.5914
0.853377
1.42746
1.57319
0.955778
0.33076
0.510811
1.8532
1.78383
1.38339
1.97252
0.998405
1.42308
0.104329
1.303
0.652639
1.24555
0.615156
1.88071
0.71989
1.92501
1.00159
1.97542
0.214327
0.703643
1.66627
0.842912
1.53709
1.41519
1.0757
1.46313
0.0887588
0.482866
0.317318
0.46534
1.87229
0.31439
0.261549
1.51038
0.141973
0.981203
1.94026
1.13949
0.255925
0.305895
0.515549
1.51074
0.283692
0.835175
0.202892
0.231193
1.13833
1.08009
1.05769
1.89477
0.970717
1.28196
1.36913
0.90638
1.59381
0.908744
0.90304
1.74319
1.58706
0.617096
0.408432
1.97108
1.0719
1.25593
1.75643
1.34466
0.126502
1.32859
0.208183
0.610301
1.62112
0.573099
0.504561
0.112536
0.693127
0.0150679
0.079856
0.793436
1.63446
0.420466
0.791246
0.0563622
1.96663
1.25477
1.91369
0.797251
0.479284
0.613323
1.08532
0.319239
1.9909
1.4608
1.98287
1.9391
1.90341
0.614215
1.71971
0.22307
1.76158
1.26331
0.0745695
0.149251
1.78393
1.16799
1.93795
1.39157
0.00431395
1.33265
1.28713
0.730856
1.46556
1.51944
1.56535
1.67248
0.541911
0.693881
1.07662
1.89897
1.21296
1.66589
1.69202
1.14996
0.634242
1.10568
0.488714
0.33099
0.0510778
1.13935
1.97999
0.201022
1.64308
1.96834
1.79945
0.219037
1.37168
1.35139
0.968424
1.87465
0.899401
1.25293
0.765044
1.76458
1.79528
1.87068
1.80361
0.61993
0.0419041
1.54915
0.652618
0.210987
1.67869
0.625935
1.23562
1.68478
1.64491
0.155691
0.534505
0.682636
1.18103
1.49688
1.53272
1.78607
0.894436
1.40409
0.784337
1.14338
0.84632
1.85123
0.280805
1.98156
1.2315
1.13344
0.975734
0.345198
0.785551
0.695155
0.422333
0.513498
0.861323
0.310478
1.94281
1.91783
1.99738
0.278929
0.385764
1.39892
0.589294
1.27544
1.23931
0.24673
0.181623
0.576355
0.419023
0.401721
0.554909
1.46832
0.169598
1.16514
0.679225
0.302006
0.191882
0.154656
0.455133
1.20026
1.04245
0.957321
1.69237
1.04322
0.772763
0.261625
1.64585
0.689325
0.641413
1.82609
1.78677
1.88195
0.117997
0.441477
1.40571
0.0438669
1.67597
1.38977
0.862283
1.90787
1.29526
0.245431
0.0171424
1.03873
0.0122308
0.535396
1.83567
0.973241
0.609263
1.83594
1.28748
0.174696
1.75619
0.879761
1.0406
1.83064
1.9764
1.96014
0.31851
1.33465
0.398011
0.770047
1.37679
0.123997
1.90348
0.232737
0.578136
0.399556
0.501489
1.95345
0.544277
0.566192
1.3162
1.53935
1.77395
0.938329
1.19178
1.4573
0.482876
0.0105599
0.457186
1.77629
0.141364
0.277746
0.449062
0.614598
0.26175
0.640014
0.834318
1.51218
0.504316
0.829977
1.90316
0.348966
0.733929
0.196889
1.25751
1.62029
1.4086
0.213055
0.285165
0.0295864
1.84358
1.22029
1.96038
1.75222
0.995174
1.17748
0.895443
1.93281
0.749564
1.65115
0.476722
1.32425
1.91178
1.91363
1.64081
1.81658
0.499588
0.684695
1.976
0.151871
1.55712
0.676011
0.339034
1.61905
1.02932
1.71196
1.95644
1.99714
1.49043
1.49737
1.33927
1.88129
0.872547
1.42357
1.40189
1.91235
0.709758
0.0978526
0.0480675
0.396323
0.622174
1.3622
0.259996
1.42868
1.64403
1.3955
0.313808
0.962125
1.45932
0.162861
0.535377
1.02083
1.92733
1.57037
0.322399
1.09182
1.58213
0.158021
1.52375
0.0123261
0.305473
1.8453
0.282432
1.77158
0.407887
0.332616
0.429621
1.88346
1.25277
1.93374
1.29484
0.351922
0.561001
0.414035
0.494994
0.936299
0.0631174
0.0205402
1.12165
0.38779
1.08132
0.444153
1.94842
1.81181
0.264641
1.93659
1.55277
1.93152
1.40053
1.70808
0.787224
1.11176
0.0931411
0.93296
1.16791
0.143388
1.99119
1.67662
0.979164
1.07417
1.61862
1.75358
0.436909
1.54576
1.97736
0.269252
0.219384
0.252235
0.377919
0.634825
1.54002
1.56755
0.6733
1.33924
0.261964
0.991395
0.538817
0.829595
0.466663
0.0744612
1.70411
0.775233
0.502134
0.431659
0.389249
1.27631
0.921446
0.462964
1.62911
0.983316
0.617356
0.339638
1.95654
0.186079
0.801134
1.98988
1.32139
0.525211
1.56827
0.101121
1.0818
0.103804
1.24096
0.0237739
0.657334
0.786947
1.7283
1.80859
0.150373
1.31757
0.455871
1.89843
0.252543
1.56252
0.125908
1.44688
1.14488
0.0828199
1.58797
1.55591
1.91249
1.81485
0.149453
0.686144
0.881726
0.61897
1.58176
1.60949
0.487278
1.96479
0.636167
0.22551
1.24366
0.927552
0.646216
1.70303
1.59586
1.94944
0.938878
1.27846
0.471283
0.070791
0.306418
0.121217
0.121188
0.974731
1.16384
0.962479
0.162909
1.81712
0.247993
0.876409
1.61661
0.738892
0.396325
1.19443
1.86246
1.36829
0.0255402
1.46701
1.82532
0.468701
1.14896
0.149722
0.291999
1.07481
1.51286
1.6068
1.60517
1.24723
1.65718
0.052307
0.00662374
1.35503
1.99627
0.975035
1.27364
0.228978
0.348995
0.036918
1.48799
1.3034
0.226163
0.136009
1.78873
0.242901
0.733789
0.255136
1.56481
0.810745
0.609689
0.307369
1.80924
0.649419
1.31891
0.335194
0.440609
1.99148
1.17888
0.487917
1.60808
0.484704
1.37761
0.117586
0.877049
0.722203
0.852239
0.471587
0.561169
1.67271
1.88959
0.356597
1.98517
1.40632
1.03008
1.15837
1.0377
0.235965
1.95538
0.901497
1.02113
0.0855234
1.35747
0.0476654
0.971243
0.119765
1.22016
1.38072
1.6524
1.7948
0.182383
0.752462
0.845522
0.421745
1.27932
1.67553
0.762867
0.230112
0.181153
1.62649
1.05674
0.370593
1.53869
0.12073
1.54153
1.24292
1.11634
0.378858
0.596787
1.90264
0.427664
0.806748
0.731355
1.91967
1.66149
1.33417
0.0181966
1.67199
0.821163
1.85403
1.16274
1.81463
0.194731
0.93261
1.95162
0.459148
0.997124
0.460446
0.196587
0.0790219
0.36584
0.735928
1.57428
1.80925
1.88353
1.99147
1.83382
0.633259
0.227025
1.80933
0.0215608
1.09565
1.87465
1.25985
0.445411
0.167185
1.82595
0.929215
0.561168
1.89304
0.93515
0.30771
0.128952
0.779707
1.94387
0.147669
0.32128
1.87961
0.0541461
1.8638
0.345656
1.62253
1.61673
1.21441
1.67018
0.0190339
1.1181
0.410843
0.0112042
1.67989
0.0422907
1.48329
1.68829
0.0027287
0.314913
1.27498
1.07236
1.911
0.633027
1.83718
1.81355
0.977428
0.0696012
1.55407
1.88749
1.87272
1.81347
0.395902
0.218304
1.80002
0.0882881
0.0765067
0.758006
0.201709
0.370334
1.99851
0.551593
1.29689
0.92262
0.127413
0.304492
1.73308
1.39345
0.116124
1.89438
1.70005
0.0076431
0.567311
1.8331
0.771647
1.13347
0.849089
0.287817
0.110645
1.82595
0.903368
0.682164
0.903161
0.507719
1.51117
1.9068
0.744437
0.571232
1.85126
0.0464898
0.149729
0.94182
1.17258
1.86128
1.34689
0.639079
1.0135
0.958278
1.8023
0.771903
0.100377
0.152609
1.87808
1.56262
1.90811
0.375557
1.39451
0.189179
1.4244
1.52717
1.7751
1.79874
1.25971
1.99098
0.473581
0.249845
1.67286
0.810441
1.21514
1.66767
0.000700951
0.0277247
1.1486
1.72446
1.40792
0.40952
1.65447
0.283774
1.05442
1.62395
1.9663
0.30664
0.217877
1.07033
0.640248
1.69245
0.126263
0.82821
1.05494
0.607651
0.859015
1.16435
0.213143
1.86686
0.643631
1.03314
1.53082
1.66706
1.95313
1.04096
1.87495
1.94024
1.8425
1.34528
1.759
1.21479
1.32543
1.53087
1.80797
0.611862
0.52933
0.235693
0.328686
0.10535
0.117359
0.360665
1.81005
1.8123
1.84962
0.990346
1.67851
1.99358
0.0238175
0.609992
1.17779
0.637538
1.5548
1.85177
1.61769
0.893252
0.827927
1.93337
1.78154
1.52758
1.78596
0.875146
0.778361
1.92706
0.187953
0.638901
1.91474
1.77822
0.270005
0.0715134
0.533179
0.12806
1.89586
0.760556
0.676566
0.87355
1.96597
0.630476
0.496351
1.90707
1.28209
1.34974
0.654229
0.039856
1.51726
0.0646938
1.36729
0.630882
0.971013
1.42157
1.8459
0.974543
0.855116
0.509284
0.626776
0.411598
0.197615
0.504082
1.13772
1.79324
1.15071
1.82626
0.0194806
1.71122
0.341574
0.442271
1.45255
0.510301
0.646783
0.140373
1.12223
1.40605
0.12281
0.333264
1.49091
0.626187
0.00115192
1.25529
1.58436
1.60913
0.405445
1.80369
1.74559
1.07586
1.57048
0.0242356
0.921987
1.41553
1.70006
1.21973
1.34954
1.99293
0.704709
0.315535
0.967262
0.987013
0.689729
1.25392
1.76542
1.7726
0.256824
1.46724
1.94375
0.935065
0.189626
0.313807
1.32344
1.85882
0.532327
0.216444
1.25538
0.2837
0.0143442
1.92241
1.78874
1.58892
0.574661
1.74886
0.449922
1.00182
1.22432
0.684727
0.219491
1.14395
1.2276
1.45885
0.350681
1.97485
0.0469974
1.97848
0.239292
0.234066
1.77285
1.49464
0.0697174
0.761602
1.26634
0.939388
1.61493
1.67815
0.968318
0.982568
1.36042
1.81244
1.03941
0.00186884
1.06339
0.318585
1.77441
1.12125
0.182411
1.67672
1.75411
0.605629
1.93781
0.527532
1.14049
1.71139
0.492437
0.572372
1.93291
0.858141
1.97405
0.0536337
1.64747
0.895122
1.34245
0.219015
0.20162
1.18957
1.68922
0.185725
0.0954324
0.238415
0.0842865
0.630458
1.0268
1.82412
0.256189
1.88733
0.581383
0.952132
0.0126787
1.77019
1.99999
0.773476
1.43941
0.83898
0.971386
0.552824
0.57683
1.69899
0.600794
0.207187
0.311262
1.44507
0.559165
0.0988009
0.813651
1.16513
0.795292
0.511258
1.75107
1.76023
0.178153
0.455551
1.2558
1.70141
0.137556
0.550373
1.67444
0.123793
0.0408602
1.19377
1.31827
0.187661
1.88393
1.97945
0.934439
0.445179
1.88862
1.907
1.33086
0.0685508
1.83147
0.0580053
1.84503
1.42106
0.147708
1.7308
1.69266
1.91588
0.141354
1.94366
1.48096
0.942733
0.392141
1.60265
1.88677
1.21034
0.185252
1.80193
1.34651
1.59835
1.52332
0.0240455
1.1268
1.75131
0.192407
1.25323
1.85652
1.35882
0.467475
0.0615767
0.411927
1.16164
0.697705
1.09647
0.529622
0.0444297
1.94883
1.07379
1.869
0.660945
0.674368
0.0958776
1.92883
1.38958
0.12747
1.93481
0.103032
1.78878
1.01355
1.3753
0.550482
0.181186
1.08254
1.22836
1.52546
0.40713
0.677015
0.930646
1.5166
0.240929
1.58583
0.0672399
1.64001
1.80517
0.277627
0.950533
1.28063
1.20896
0.685956
0.00541341
0.581253
1.80224
0.0331693
0.36044
0.974566
0.892929
0.0182278
0.812239
0.523315
1.46394
1.66645
0.0739647
0.404827
1.73101
0.50754
1.7808
1.06245
0.381245
0.751564
0.232192
1.76704
1.23686
0.947902
1.68695
1.37809
0.99135
0.389464
1.98502
1.97566
0.268367
1.64446
1.83737
0.226932
0.655103
0.320481
0.199774
0.2208
1.31021
0.852647
0.125359
1.02976
0.99647
0.0709532
1.87696
0.11701
1.42094
0.625158
0.679336
1.53916
1.47201
1.52868
1.17971
1.34658
0.058321
1.23679
0.764217
0.137942
0.591366
1.19526
0.00217342
0.810466
1.05888
1.36444
1.79462
0.898572
1.96328
1.9783
0.283789
0.205787
1.52893
0.0935627
1.69006
0.103245
0.00326788
0.907644
1.63809
1.04528
0.475499
1.69145
1.94927
0.762766
0.138293
0.0156891
0.369214
0.207043
0.71806
1.99178
0.495725
0.767409
1.70694
0.801697
0.686011
0.46146
1.52167
0.300819
1.15468
0.42584
1.36571
1.89396
0.175504
1.30439
0.843928
1.97793
1.96453
0.126164
1.28987
1.44684
1.5284
0.400988
0.582713
0.0113585
1.04828
1.95202
1.823
1.41399
0.238405
1.34643
0.809216
1.23481
0.0683831
0.632642
0.0929861
0.433091
0.860919
0.230092
0.793126
1.29477
1.80607
0.177059
1.99602
1.07161
1.53512
0.551268
1.71595
1.60586
0.0666136
1.80647
1.7762
0.48879
1.86873
0.617001
0.819727
1.19647
0.243684
0.790722
0.0569605
0.531282
0.1126
1.7131
0.363719
0.129036
0.401911
1.65148
1.33349
0.105205
1.68177
1.57021
1.99904
0.050271
0.405438
1.15058
0.574578
1.17144
1.5941
0.84168
0.162602
1.1027
0.0657001
0.368619
1.17067
0.404994
1.90833
0.963439
1.31878
1.44324
1.46368
1.31917
0.973914
1.56072
0.128773
0.938217
1.2894
0.700535
1.76909
0.485938
1.12291
1.43937
0.253467
1.86943
1.99818
0.590442
1.7675
1.29032
0.381383
1.69426
0.0764782
1.14013
1.7553
0.403497
1.85039
0.0343105
1.41235
0.35512
1.84585
1.42924
1.46677
1.01587
0.706337
0.193877
0.615859
1.57898
0.994129
0.286477
1.88088
1.94129
1.72431
0.0418744
0.741839
1.74264
0.45465
1.3027
1.31188
0.0614643
0.101103
1.64162
0.7198
1.02446
0.869146
1.0557
0.101849
1.16721
0.881368
0.817735
0.1957
0.775593
0.113555
0.537171
0.595776
0.249016
1.86922
1.47956
1.90341
1.61179
1.86351
0.702328
0.38474
0.328965
0.212745
1.90492
1.57012
1.58182
0.329685
1.92915
0.0143404
1.94309
1.63122
1.8762
1.4826
0.17026
0.628762
1.16859
1.26944
0.242055
1.89978
0.130294
1.13185
0.390332
0.150085
1.38409
0.708749
1.58803
0.973076
1.03391
1.94151
0.688931
1.65547
0.0932996
0.0499587
0.248427
1.16049
1.28305
1.29059
1.40128
1.69332
0.923178
1.8041
1.47451
0.877789
0.0729393
0.436674
0.219334
1.85519
0.987329
1.46726
1.50701
1.68593
1.76137
0.314156
1.15861
0.387431
1.88741
1.53521
1.06457
0.160723
1.17657
0.715091
1.53541
0.26249
1.6925
1.25464
1.34258
1.78986
1.11843
0.0204514
1.86008
1.75703
1.88657
1.15789
0.878667
0.847605
0.595116
1.64443
0.797772
0.310713
1.43924
1.80592
0.528241
0.0848545
1.50083
1.17441
0.16966
0.742876
1.94582
1.67992
1.22537
0.893799
0.307211
0.0396498
0.566289
0.874508
1.40531
0.230219
1.38161
0.158032
1.49601
1.58985
0.101116
0.676955
0.285629
0.0646365
1.35144
1.22003
1.42753
0.239837
1.26413
1.52584
0.817745
0.410846
0.238393
0.239242
1.94645
1.12079
0.223004
1.87666
0.687903
1.43848
1.00218
0.827093
0.724491
1.97953
1.9072
1.70997
0.352809
1.16172
1.6204
1.01961
0.526236
0.385071
1.98481
1.52519
0.625073
0.474404
1.99287
0.615885
1.87204
0.62755
1.74937
0.970951
0.877365
0.102462
0.44173
1.28224
1.42104
1.7367
0.252505
0.931558
1.77377
1.16209
1.19577
0.765274
1.91102
0.784007
1.3279
0.751561
0.100183
0.0104241
0.36096
0.685167
1.32496
0.606862
0.12515
0.190203
1.35387
1.99174
0.330949
1.28693
0.614956
1.40317
0.110395
1.10159
0.785578
1.78426
0.354422
0.545664
1.95171
1.30323
0.33751
1.09917
0.168805
1.87154
0.116777
1.83051
0.847196
1.61778
0.248351
0.306617
1.94991
1.4192
0.411944
1.29899
0.675224
0.551122
0.733644
0.576366
1.93142
1.73019
1.52038
1.47642
1.51793
1.58662
0.816845
1.97304
1.26216
1.92101
1.37854
0.00203979
1.47432
0.0592215
0.073598
1.91931
0.156675
0.398287
0.625462
0.993393
1.80484
1.18201
0.253085
0.830318
0.0885857
1.80374
0.183131
1.89865
1.88026
1.07664
1.28671
0.385351
0.661859
0.727622
0.2959
1.65153
1.41552
1.69818
0.434822
1.78294
1.01012
0.198317
0.864447
1.24764
0.665484
0.0894991
1.6628
0.971195
1.32921
0.790221
0.0795768
0.964515
1.94087
0.0550228
1.83523
0.667457
0.2645
0.029566
1.6258
1.73625
1.61075
1.8322
1.74572
0.613532
0.316073
1.74348
1.65023
0.548878
1.8081
0.17791
1.32727
0.377794
0.976506
0.498024
0.395938
1.46568
0.0388911
0.254813
1.80357
1.75115
1.37588
1.90606
1.6062
0.465511
0.931662
1.39894
1.54844
0.228836
0.958671
0.306788
1.35394
1.74674
0.791597
0.111161
0.142678
1.11388
0.49302
0.0161561
1.90873
0.00796568
0.542644
1.9406
1.98922
1.6246
0.63542
1.70566
1.71966
1.847
1.73871
1.60434
1.83446
0.279992
0.0874147
0.102475
0.724435
0.974541
1.35076
1.75431
1.75905
1.36126
1.08165
1.33068
0.998556
1.93241
0.574032
0.868553
1.05706
1.00288
1.81903
0.106283
0.945418
1.98226
1.99404
0.801458
1.77135
0.824675
1.01419
0.513598
0.883067
0.286136
0.516586
0.155162
0.0679173
0.55695
0.610224
0.400256
1.76387
1.32787
0.681318
0.0356821
1.02053
1.36221
0.71801
1.66357
0.858699
1.53216
0.110663
0.237676
0.646557
1.77257
0.380662
0.918569
1.3875
1.4843
0.0818281
1.53384
0.0472732
1.11661
1.93352
0.354655
0.575554
1.89527
0.217763
0.00150597
0.455585
1.07174
1.52276
1.60281
0.363281
1.46986
1.57195
1.69948
0.477586
1.73796
0.572407
1.33372
0.127585
0.547861
1.96031
1.99415
0.905398
1.28909
0.969385
0.492726
1.9569
0.269461
0.788175
0.277422
0.804138
0.0991153
0.718429
0.446426
1.99092
1.91934
1.0409
1.85403
1.46539
0.232306
0.113392
1.95174
0.811547
0.59381
1.99954
0.214554
1.93691
0.0424153
0.829381
0.055698
1.61667
0.141461
1.91042
0.340473
0.172793
0.581092
0.695541
0.972815
0.0248905
1.99828
1.49905
0.533967
1.77306
1.11441
0.0289254
1.72518
1.84481
1.25665
0.512625
1.71212
1.51561
0.147469
1.88652
0.602543
1.77473
0.0105176
1.64533
1.0444
1.85149
1.93677
1.65322
0.421427
0.00166821
1.26957
1.23198
1.19738
1.85739
0.621403
1.01057
1.63687
0.467302
0.29339
0.127049
0.761691
0.793759
0.00429571
1.73483
1.78966
1.99012
1.76934
0.569649
0.847017
0.000428915
1.83463
0.90188
0.226041
0.257031
1.79803
0.604833
0.0498351
0.515141
0.360487
0.714752
0.598127
1.83155
0.662117
1.07286
0.800686
0.784317
1.9423
0.79329
1.59904
1.94094
1.04271
0.0634985
0.752655
1.58446
1.21434
1.97546
1.12834
1.78091
1.93222
0.886456
0.406268
1.27658
0.241842
1.7973
0.114636
1.74878
1.31623
0.487859
1.41474
1.57391
1.9824
1.80949
0.570011
0.351583
1.14313
0.352706
0.0945796
1.98683
0.920756
0.805764
1.86266
1.93306
1.46738
1.22113
0.491464
1.37149
1.90988
1.77117
1.85684
0.34627
1.44273
0.235764
0.526352
1.27141
0.828135
1.84295
1.1393
1.22256
0.308087
1.19404
0.9832
1.77674
1.99891
0.100847
1.68081
1.65329
1.985
0.212608
0.581043
0.399982
0.997765
1.24155
1.19488
0.964837
1.73312
0.988478
0.242591
0.441106
1.99488
0.270471
1.32673
1.78895
1.21611
0.556354
1.07302
1.58404
1.72416
1.97638
1.19396
0.823487
1.74815
1.62627
1.46479
0.246201
1.92366
0.930694
1.98
1.80511
1.78822
1.94553
0.811203
0.843592
0.430837
0.33074
1.11515
0.684838
0.183568
1.16329
1.97226
1.34277
1.97806
1.0813
1.96763
0.679837
0.303944
0.938769
1.24262
0.361363
1.1721
0.405381
0.993272
1.79113
1.91394
1.14733
1.00471
0.745061
0.971255
0.92595
0.264732
1.06384
1.1598
0.559076
1.6682
0.554165
1.63528
0.0567262
1.12074
1.05906
1.52952
1.54844
1.08537
0.829394
1.15719
0.935363
1.22914
0.206222
1.42454
1.3923
0.305577
1.72031
1.2231
1.86692
0.35451
1.12301
0.990506
0.769208
0.0677
1.78998
1.23532
0.162461
0.892283
0.49188
1.20872
0.309902
1.57659
0.752366
1.42092
0.102498
0.914349
0.522396
1.87644
0.103811
1.07309
1.43649
1.18592
0.575801
0.26439
1.79503
1.93354
0.459136
1.68231
1.78607
1.92913
0.850143
0.594622
1.49529
1.75254
1.38435
0.892002
0.408226
0.240929
1.27468
0.0353996
0.46237
1.61394
1.86517
0.324599
0.0757679
0.10837
0.289226
1.67291
0.405784
1.86571
0.50989
0.819633
0.348515
1.48187
0.0598868
0.38545
1.775
1.90026
0.344501
0.00888288
0.886298
0.135046
1.53791
0.387118
0.546217
1.60671
1.14739
1.17519
0.748845
0.481226
1.87179
1.61239
1.9408
0.0335765
1.58909
0.867571
0.0766342
0.0533109
0.836849
1.6235
1.79022
0.261222
0.149343
0.62727
0.0308888
0.197472
0.0118685
0.0218227
1.3166
1.05717
1.97025
1.87238
1.52349
1.15381
0.306183
0.530844
0.0789548
1.18532
0.626934
1.73398
0.559209
1.15554
1.78319
1.35915
0.432523
1.89369
1.80199
0.747373
0.524442
0.729607
0.548177
0.072534
1.73898
1.84197
0.0683812
0.833348
0.815768
0.762242
1.65425
0.904583
1.92713
1.67151
1.9947
1.88659
1.94712
1.24991
1.31492
1.79053
0.349865
0.538846
1.68627
1.10264
1.5734
0.648069
0.997164
1.99247
1.24122
0.04713
0.0176849
0.899596
1.5478
1.80118
0.149183
0.0112208
1.11249
1.86461
0.274444
0.256279
1.61127
1.36765
1.69006
0.680383
0.52999
0.23621
1.04845
1.89844
1.98679
0.184659
0.0884951
1.47839
0.227504
0.531352
1.91655
0.0352119
1.25572
1.21701
1.42837
1.92713
1.07402
0.0196769
0.236954
0.196622
0.134139
1.90167
1.071
0.778263
1.32365
1.90766
0.615839
1.85778
1.38485
0.418046
1.72999
0.185551
0.557647
1.00636
1.67601
0.911204
0.289194
1.28701
1.73569
0.30197
1.301
1.2861
1.9686
1.22333
1.76651
0.391396
1.28318
0.659696
1.90017
1.83957
1.18618
0.85835
1.59056
0.741948
0.0765458
1.03386
1.98879
0.230219
0.755033
0.273439
1.36941
1.60855
0.352776
0.349575
0.949571
0.169316
1.98939
0.381028
0.29716
1.68242
1.88605
1.79723
0.595027
0.677864
0.0953032
1.90955
0.987396
0.554121
0.046541
1.95684
1.62013
1.81116
0.0702697
0.606829
0.708566
1.99891
1.5275
1.20642
0.195843
0.422447
1.92745
1.83083
1.75363
0.56233
1.92647
1.69033
1.05021
1.10667
1.6807
1.75302
1.36442
1.20759
0.494775
1.99576
0.378666
1.48524
1.84258
1.08374
1.33365
0.618502
1.93179
0.0467052
1.85387
1.27009
1.14714
0.632738
0.85606
0.00964403
0.37882
0.289122
1.89172
1.99065
0.0900375
0.367585
0.0545594
0.42118
1.86463
0.49141
0.957407
0.187312
1.53795
1.40132
0.392675
0.0884438
0.229008
1.70074
0.579529
1.48232
1.72178
0.112312
0.170067
1.26177
0.541275
1.1059
0.554588
0.755449
0.69327
1.83069
0.757109
1.41454
0.595648
0.0046401
0.0420676
1.78065
1.28003
1.4124
0.256097
0.155686
0.588679
1.72825
1.90899
1.78771
1.19925
0.412337
0.480538
1.85317
1.96182
0.758251
0.0772388
1.03667
1.3273
1.79568
0.693224
0.75422
1.96351
0.633426
1.30383
0.658385
1.61054
0.40913
1.69785
1.89717
1.46969
1.59154
1.9186
1.45844
0.870019
1.43445
0.441114
0.680596
0.505311
1.0068
1.53583
0.0463837
1.96676
1.23907
1.17801
1.00417
1.82801
1.15456
0.84807
1.81855
0.0787683
0.318768
1.10878
0.450423
0.0950248
0.352574
1.41045
0.802919
0.940775
1.44468
1.50458
0.254077
1.11612
1.83717
0.425454
0.906479
0.252631
1.89883
1.50673
1.92257
1.89025
1.95723
0.396168
0.0887028
0.473005
0.640709
1.6272
0.511699
0.243204
0.863628
0.860121
1.43756
0.0598656
1.2912
1.59372
1.9506
1.97256
0.647875
1.82597
1.88248
0.684076
1.77695
1.38147
1.57723
1.28347
1.77223
1.70645
1.23719
0.541969
0.566592
0.229263
0.385785
0.896994
0.108433
1.64366
1.26099
1.60609
0.0290421
0.123425
1.48104
1.99126
1.68662
1.40924
0.991364
1.52052
0.689327
0.272771
1.96745
1.5542
0.128464
0.144845
0.917572
0.518222
0.703907
1.82386
1.95242
1.72304
1.46758
0.794197
1.47997
0.970837
1.1294
0.71999
1.18772
0.095506
0.442606
0.313621
0.0611658
1.03938
1.88536
1.04262
0.598009
1.61796
1.41241
1.83502
0.026306
0.266123
1.6827
1.63833
0.577184
1.80896
0.575402
1.66558
0.958023
1.21614
1.72035
1.94772
0.362538
1.22231
1.76826
1.09698
1.27716
0.911201
0.954131
0.925945
1.77372
0.373004
0.138526
0.381141
0.833663
1.98539
1.81409
0.639532
1.9015
1.71335
1.90786
1.84833
0.183044
1.99504
1.9734
0.0518287
1.98319
1.23263
1.70034
0.317938
0.517183
0.526396
0.476629
1.60489
1.63217
1.64174
1.6581
0.198059
1.9391
0.343275
1.55851
1.07048
0.829898
0.193864
1.88607
1.44765
1.35454
0.452417
0.0618917
1.36401
0.796264
1.97625
0.392818
1.09005
0.177283
1.6028
1.97403
0.326863
0.0134697
1.51139
0.320494
1.91162
1.2082
0.820388
1.61723
1.13413
0.161982
0.041159
1.79892
0.462382
1.67206
1.54345
1.2336
1.98634
0.406896
1.85309
1.70093
0.879067
1.6394
0.000667334
0.532839
1.05
0.170807
1.31879
0.281971
0.743356
1.83481
0.16701
0.395345
0.229264
1.25783
0.884996
0.168817
0.977561
0.283373
0.0375909
1.91541
1.32533
0.163352
1.98418
0.327229
1.77816
0.596669
1.10481
0.290095
1.98227
0.12369
1.94157
0.209006
1.54971
0.306522
0.949517
1.87612
1.69638
0.226878
1.60924
0.433927
0.202887
1.60395
0.479322
0.0995126
0.321214
1.85109
0.0611193
1.88797
1.60103
1.64493
1.59913
0.498207
1.82378
0.288006
0.130887
1.94084
0.582695
0.405868
1.98575
0.803583
1.29998
1.25351
1.40426
0.0847197
1.42443
1.99111
1.53268
1.27396
1.95649
1.40418
0.594427
1.64149
1.61442
1.53364
0.549396
1.8688
1.27009
1.61634
0.757362
1.78767
1.27386
1.1276
1.82754
0.937225
0.130481
0.590436
0.730679
0.531071
1.84647
1.53664
1.78017
0.678095
1.99034
0.164871
0.631393
0.771958
0.869534
1.10078
1.51482
0.208162
0.150956
0.475775
1.60592
0.320112
0.554986
0.352138
1.77593
1.79334
0.755648
0.21665
0.5129
0.485193
1.37037
1.94493
0.776811
0.479471
1.76812
1.01175
1.5463
0.767167
1.80441
0.694353
0.13684
1.54733
1.72343
0.0307268
1.70138
1.38389
0.960961
1.89959
1.63742
0.611482
1.46228
1.59633
0.0919122
0.178833
0.210791
0.138286
0.11103
0.848174
1.62643
0.214759
0.10753
1.13417
0.197894
0.0994707
1.81963
0.412868
1.53861
1.41061
1.71739
1.62522
1.78563
1.64083
1.27402
0.0840377
0.444596
1.69983
1.95416
0.990869
0.611898
0.104502
1.88486
0.312154
0.639027
0.256944
1.06544
1.54253
1.16596
1.13686
0.4875
1.98404
1.14917
1.14835
1.04624
1.98221
0.0674359
1.06933
0.34753
0.0736957
1.19768
0.549762
0.942604
1.14184
1.10585
0.0845605
0.0235533
1.45998
0.714252
0.159745
0.0427109
1.93555
0.944596
0.010482
0.113988
0.792406
1.72419
0.951198
1.77228
0.00378227
1.55767
0.30006
1.27736
0.772421
1.69407
0.636904
0.161827
0.681314
1.53314
1.77508
1.32097
0.263994
1.85893
0.137108
0.0636064
0.390585
0.959206
0.7643
1.13923
1.5148
1.84281
0.675842
1.29066
0.671479
1.35962
1.29457
1.3976
1.15605
1.68897
0.298794
0.495607
0.502533
0.635252
1.63191
0.898816
1.0332
1.76415
1.36382
1.91924
1.00517
1.49329
1.0318
0.28395
1.98604
1.51453
1.54693
1.5988
1.8863
0.457172
0.79075
1.93733
0.245605
0.624026
1.52094
1.91216
1.3505
1.14485
0.349786
1.69337
0.481963
1.44052
0.948288
0.738037
0.288734
1.04435
0.0714625
0.135875
1.813
0.689229
1.44467
0.691575
1.25731
0.390759
0.00965989
1.8563
1.36741
1.29121
1.89975
1.37583
1.98408
0.327059
1.7654
1.86989
1.96605
1.95539
0.775654
1.22568
0.066047
1.23922
0.0826753
0.893737
0.901939
1.00208
0.111547
1.60473
1.87952
0.0973641
1.72477
1.11071
1.91344
0.107565
0.0742263
0.848311
1.01731
1.74518
0.283852
1.76076
1.47193
1.68957
1.66997
1.08605
0.982673
1.89606
1.49143
1.51226
1.29336
1.71365
1.32437
1.42501
0.0420576
0.0360657
0.0528072
1.40719
1.94655
0.0648814
1.17896
0.242182
0.616379
1.63106
0.817909
1.70337
0.715671
1.6063
1.53767
0.775115
0.054983
0.200447
1.61778
1.86951
1.37713
0.620413
1.82708
0.726386
0.55776
0.276541
1.45589
0.0483109
0.52529
0.248495
1.71423
0.356406
0.941595
1.2646
0.913909
0.000666976
1.47726
1.39524
0.657437
1.73353
0.293191
1.13675
0.229807
1.5309
1.31357
0.428335
0.727687
0.299923
0.739912
1.94215
1.42816
0.79969
0.0396732
1.99256
0.22161
1.30729
1.78602
1.07873
0.511105
1.9593
1.11138
0.409793
0.153389
1.31248
1.703
1.31299
0.872254
0.0277526
1.82578
1.90259
0.863229
0.00268042
0.701663
0.616314
1.09035
0.373511
0.0141264
0.693995
1.75589
1.57674
0.0242682
0.115338
0.728889
0.648366
0.526894
0.142973
0.0875928
1.67121
1.00423
1.83656
0.526294
0.798773
0.591596
1.40166
0.498867
1.39749
1.19352
0.745725
1.62126
1.90035
1.86214
1.76735
0.236714
1.56727
1.69522
1.92852
0.69616
1.28729
1.27798
1.87808
1.20897
1.92907
0.301456
0.921407
0.823023
1.50706
0.792048
1.47849
1.40702
1.77581
1.02398
0.0612555
1.27813
1.87354
1.99766
0.90725
0.86296
0.442108
1.111
0.532313
0.667499
1.42062
1.91764
0.898295
0.082521
1.8099
1.65697
1.94524
1.68076
1.77212
0.0703863
0.802016
1.16805
1.30278
0.159674
0.764853
1.01297
1.10453
0.217316
0.151006
1.28076
1.88313
1.81645
0.0192106
1.74746
1.63588
1.92801
0.220045
0.0408666
0.579666
0.833845
1.53171
1.34592
0.228855
0.00186265
0.611545
1.07343
0.7224
1.97127
1.53333
0.0330806
1.01066
0.905215
0.146648
1.71902
1.47029
1.27848
1.96453
1.1332
0.993742
0.923026
1.66562
0.159368
1.40869
1.11509
1.74889
0.0381389
1.15259
0.0817219
0.393775
1.72203
0.113255
0.0177794
0.122263
1.44959
1.37738
1.92972
1.16225
0.118574
1.64676
1.56031
1.25535
1.39958
1.96071
0.00294757
0.507665
0.724037
0.837489
1.75164
1.01963
1.58473
0.812682
1.13138
1.6707
1.05724
0.180202
1.97399
1.87105
1.69403
0.30831
1.91624
1.99076
0.229871
0.284485
0.0723088
0.822958
0.668824
0.929868
1.93269
1.8546
1.73872
0.28932
1.26064
0.166106
0.061258
0.469734
1.66451
0.449368
1.61419
0.186505
0.362103
1.11177
1.47536
0.351674
1.58083
0.52123
1.90682
0.143322
0.120576
0.682753
0.0930345
1.74208
1.65708
1.13056
1.99718
1.18018
1.78657
0.0570703
0.78894
0.183407
1.11428
1.1239
0.711972
1.562
0.977302
0.290947
1.34833
1.99984
1.66308
1.8601
0.261372
1.73496
1.89312
1.9742
0.12995
1.89255
0.649969
1.13676
1.42139
1.73258
1.28645
1.43134
0.925757
0.543594
0.0239679
1.68964
1.49477
1.76159
0.90607
1.74964
0.552985
0.449439
0.977734
1.95321
0.172272
0.141493
1.31556
0.278069
0.695467
0.859579
0.487287
0.498001
1.91012
0.3924
0.0236223
0.386166
0.944543
0.346593
1.81751
1.90459
1.31578
1.73769
0.631058
0.505908
0.656701
0.976524
1.59611
1.24724
1.34317
0.849187
1.99706
0.25933
0.948562
1.77262
1.08486
1.98397
1.74244
0.663806
1.86387
1.57605
1.39194
0.0878061
0.156332
1.00123
0.181469
1.00372
1.15961
0.327612
1.93366
0.0340437
1.89694
0.230529
0.477141
1.17213
0.953259
1.17021
0.739057
1.93051
1.0497
0.551303
0.6003
1.28319
0.782713
1.95817
0.149124
1.3668
1.50446
0.323077
0.20141
0.446441
1.73866
1.70411
1.85433
1.90153
1.00609
0.763946
1.77493
1.7964
1.04463
0.880704
0.77764
1.8974
0.837114
0.513915
1.03741
0.0308198
0.0147419
0.817678
0.60377
0.327598
0.0145433
1.20662
1.32389
1.34914
0.0403786
1.12526
0.321046
1.91577
0.376417
0.506083
0.742366
0.924788
1.73757
1.5746
0.238013
0.718693
0.254525
1.90467
1.35618
0.0464839
0.552692
0.447161
1.29421
0.521079
0.176449
0.458224
1.30007
0.942945
1.22844
0.252898
1.98902
0.263646
0.00466943
1.09237
0.953269
0.507263
1.69947
0.363807
1.34002
0.812672
1.87058
1.99087
1.92629
0.00635695
1.01515
0.693869
1.21387
1.67683
0.282657
1.87271
1.80898
0.819356
1.79765
0.65554
0.52793
0.706042
1.57184
0.780275
1.46511
1.79443
0.969727
0.819591
1.21645
0.471888
1.29801
1.96551
1.46843
0.473642
0.441942
1.19472
1.82872
0.949865
0.129252
1.87814
1.33764
0.646424
1.51071
1.81717
1.33196
1.97776
0.0118234
1.45906
1.12573
0.141207
1.99469
0.638163
1.76448
0.118122
0.0950183
1.29466
0.706653
1.29919
0.347644
1.1968
1.45438
0.45919
0.593542
1.91277
1.51726
1.81673
0.451889
1.05367
0.7802
0.24953
0.0796963
0.878701
1.17311
0.92395
1.39034
0.0172237
0.0189222
1.7805
1.91979
0.221152
1.44923
1.95063
1.08822
1.84583
1.72248
0.344506
1.75111
1.98507
0.76648
1.50156
0.418687
0.106114
1.68902
0.0366228
0.566633
0.949537
0.688414
0.853455
1.44395
1.91129
0.988589
1.35407
1.82955
0.582338
1.33924
0.527607
1.35581
1.27308
0.590023
0.482924
0.718788
0.144084
1.05576
1.37946
1.75909
1.27439
1.09812
1.29976
1.84515
1.43593
0.1534
1.10736
0.823756
1.20286
0.320024
0.543713
1.49145
1.3178
1.87203
1.40786
1.46819
1.9953
1.93284
1.90751
1.8217
1.21582
1.56223
1.64268
0.514431
0.373834
0.22979
1.43944
0.0797174
1.97818
1.94568
0.643381
1.72283
1.64738
0.142977
0.999306
0.954298
0.290664
1.10809
1.39838
0.512222
1.47318
1.3159
1.60624
1.91031
0.593921
0.291556
0.178072
1.07048
0.597007
0.619069
0.248605
1.34436
0.24213
1.56869
0.475928
0.013005
1.4773
1.76236
1.76404
1.81729
1.70049
1.87378
0.225347
1.46609
1.30671
0.926261
1.06313
1.6901
0.192977
1.36322
1.16789
0.499
1.09894
1.50027
0.722347
0.285669
1.92013
1.29143
1.89762
1.11039
0.50994
1.56772
0.9307
1.4175
1.81833
0.146123
1.93541
1.9353
1.45731
1.65377
1.27326
0.604577
1.77029
0.975896
1.04759
1.23308
0.323122
1.06568
0.921943
1.10149
0.622701
0.216281
0.981739
1.04723
0.986154
0.489149
1.22092
1.3764
1.73215
1.3317
0.697392
1.37109
1.54953
0.65355
0.00250661
1.41083
0.384341
1.43762
0.486
0.260178
1.80702
1.43222
0.802738
0.995745
1.76254
0.640762
0.89425
0.0665895
1.60348
1.07657
1.7713
1.07471
1.91438
0.00875461
0.68217
0.483855
0.0448511
1.21016
0.222991
0.822652
0.677902
0.230912
1.97162
0.187141
1.66738
1.07354
0.387058
1.97641
0.626487
1.83855
1.35033
1.6301
0.990242
0.62316
1.87117
1.52196
0.805402
1.41183
1.01335
1.23433
1.96491
1.88534
1.77464
0.641264
0.192536
1.57932
0.157761
0.458453
1.40777
0.668032
1.1851
0.461159
0.790552
0.00541937
1.02975
0.227689
0.977439
1.66338
0.77357
1.34669
1.01031
1.87417
0.204431
0.529455
1.41657
1.23398
0.139717
1.23403
0.849303
1.45324
1.29336
1.61313
1.98553
0.521156
0.063193
0.195489
1.09882
1.70075
1.26755
0.951422
1.66853
1.42284
0.879189
1.73591
0.731184
1.80635
1.4978
1.38711
1.50602
1.73701
1.23797
0.701637
0.907053
0.735423
1.42324
1.14063
0.0244946
0.584438
1.92854
1.51448
0.0725949
0.232147
0.0253754
0.363383
1.57924
0.510449
1.58767
1.90599
1.4746
0.491416
0.94993
1.81621
1.93199
0.844465
0.420522
0.775278
1.87637
0.789861
0.166769
0.458172
0.633753
1.69898
0.099803
0.522812
1.40489
0.667258
0.234068
1.95306
0.403326
0.458461
0.20923
0.310377
0.414313
1.7287
0.82874
1.94314
1.49739
1.56838
0.665344
1.40703
1.98301
1.69233
0.588575
0.721991
1.88327
1.07073
0.905461
1.94687
0.370434
0.60978
1.81534
1.67708
0.41838
1.87955
0.650743
1.35383
0.0764098
0.577895
1.7441
0.214387
0.269111
1.98202
1.92609
1.98601
0.864527
0.479989
1.65634
1.16295
0.0715207
0.0739689
1.58226
1.56158
1.76203
1.30959
1.75229
0.131181
1.20177
0.587682
1.85173
0.0452014
0.864246
0.12594
0.121076
1.58137
0.709703
0.0035795
1.86324
0.0221624
0.330116
0.154899
0.416111
0.791705
1.08437
0.215404
1.38459
0.677133
0.992745
0.484348
1.81155
1.89445
0.136675
0.0586646
1.87502
1.40584
0.487663
1.97707
0.198515
0.663267
0.321285
1.22511
0.143518
0.664646
0.323403
1.27625
1.82957
1.1492
0.456622
1.42481
0.183406
1.44257
0.148969
1.99443
0.712922
1.91592
1.99863
1.52698
0.0268756
0.678795
1.48616
0.0173697
1.265
0.00898588
1.74377
1.09859
0.619675
0.782641
1.362
0.236165
0.494334
0.611772
0.496635
1.04816
1.93252
1.86223
0.181046
0.169751
0.190794
0.679353
1.61248
0.368829
0.793614
0.485696
0.110232
0.120077
1.35985
1.05176
1.38598
1.97427
1.0716
0.336558
1.39807
0.0483296
1.99769
1.75251
0.538033
0.188625
1.54212
1.6441
0.346984
0.144648
1.76675
1.66064
0.680019
0.870023
1.29751
0.705729
1.08528
1.73036
1.42137
0.194472
1.05145
1.18533
1.68073
0.460148
0.63401
0.111163
0.909821
1.88289
0.153886
0.850646
0.462306
1.60709
0.151079
0.179712
0.531311
0.771268
1.2065
0.810729
1.34791
1.23849
0.0291822
0.884921
0.655568
1.55944
0.646784
0.732528
1.85782
1.94443
0.601754
0.110241
0.696148
1.11617
1.92815
1.99352
1.34956
0.159868
0.815645
0.654433
1.42107
1.08599
0.376333
1.13087
0.585952
1.33643
0.659016
1.52411
0.601297
0.103093
0.489745
0.707581
1.43643
0.0118045
1.21658
1.74867
1.23934
1.59687
0.0192034
0.322325
0.635556
1.86906
0.981562
1.24365
0.576905
0.461485
1.44499
0.325725
1.98983
1.06549
1.87378
0.147778
0.258102
1.14374
0.154487
0.811814
0.265694
1.62064
0.438971
1.48222
0.089125
1.93266
0.807171
1.75031
0.94613
1.64275
1.95429
0.741458
0.557053
1.45132
1.226
1.42386
1.35284
0.908431
0.796461
0.669499
0.805431
0.246683
0.010074
0.737697
0.303991
1.97288
0.873044
0.923543
1.42095
1.79434
1.01364
1.25073
0.401813
0.141541
0.0279069
1.78549
1.29256
0.111863
1.47741
1.71714
1.19607
0.234302
0.323457
0.442337
0.0882689
1.38032
1.2077
1.47241
1.01084
1.95181
0.469311
0.078245
0.124133
1.40168
0.170357
0.440305
1.83699
1.86044
1.32193
0.66821
1.41528
1.69576
1.25723
1.52035
0.905663
1.69157
1.64915
1.84116
1.83753
0.374874
1.21425
1.7204
1.20755
1.98426
0.0929104
0.450114
0.546571
1.36516
0.81007
0.0718251
1.69761
0.876024
1.62665
0.497959
1.74076
1.46487
1.81569
1.57589
0.88736
1.59777
1.43288
0.434253
1.37397
1.99825
1.55874
1.33054
1.51777
0.976113
1.30119
1.87308
1.77943
0.423598
0.805546
0.563546
1.68702
0.00446749
0.559983
0.658479
0.0715642
0.801472
0.449701
1.73671
0.475148
1.44157
1.77592
0.869537
1.12182
0.43771
0.480745
0.438532
0.0409536
1.28822
0.0922625
0.145396
1.88535
0.415359
0.413603
0.478736
0.185029
1.9011
0.297794
1.31757
1.22058
0.598112
1.3254
1.48045
0.781107
1.82397
0.15421
1.33471
0.430719
1.76944
1.26467
0.0331153
1.83287
0.820935
1.17337
1.35904
0.447308
1.36866
0.0427297
0.827823
0.899707
1.90685
1.19721
0.783388
1.47362
0.0776412
1.45851
0.678379
1.74662
1.84994
0.729718
0.237025
0.925843
0.344393
0.461652
0.871949
0.491198
0.855669
1.78548
1.77943
0.169473
1.03047
0.281572
1.46394
0.764339
1.46367
1.56446
0.518094
0.834399
0.954555
0.490451
1.09588
1.65894
0.0424064
1.85373
1.27395
1.75112
1.72919
0.557572
1.36387
0.465865
1.95277
0.776175
0.742519
1.06719
0.597502
1.91197
0.00297379
1.56781
1.75406
1.92589
1.91163
1.30509
1.5077
0.822553
0.100434
0.30926
1.2882
1.55795
1.66971
0.378374
1.37775
0.285379
0.112193
0.560272
0.28721
1.82887
0.232569
0.232543
1.0233
0.924449
0.327199
0.813047
0.24713
1.76019
0.515353
1.94208
1.28948
1.58034
1.94464
0.226843
0.631957
1.33942
0.83101
1.98899
0.120751
0.664579
0.996103
1.40793
1.34652
1.12471
1.99678
0.494256
0.739394
1.96286
1.94901
0.604648
1.97674
0.566029
1.71918
0.853596
0.577295
1.40725
0.727612
1.48336
1.1646
0.0506645
0.12358
0.898698
0.909175
1.88756
1.75326
0.536198
0.64865
1.37704
0.264646
0.0786967
0.111494
1.91902
0.157309
1.05429
1.05274
1.26267
1.11835
1.56841
1.24181
0.59099
0.504738
1.30812
0.511134
0.448964
1.21658
1.95918
0.219428
1.261
0.430596
1.60126
1.11807
0.348686
0.377012
0.101795
1.08129
1.18975
0.144405
0.96332
0.726612
1.84213
0.0286937
0.0429779
1.97054
0.0173517
0.00355566
0.0283192
0.138853
0.297747
0.2082
1.60359
1.18542
0.849585
0.635076
1.37585
0.720514
1.66088
0.548421
1.91249
0.527607
0.838319
0.0845437
0.841115
1.5664
0.975829
0.000283122
1.33929
1.70791
1.78021
0.571743
0.105215
1.73181
0.303375
1.07412
0.224953
0.843054
0.152932
1.36916
0.135471
1.73197
1.66983
1.90311
0.914741
1.02765
1.85632
1.3742
1.81698
0.98304
0.0892558
1.39531
0.56254
0.0945922
1.29993
0.659312
0.281785
1.60121
0.62996
0.313627
0.17584
1.96924
1.14231
1.54881
1.88242
1.63323
0.0113344
0.108833
0.127637
0.147571
0.927924
1.69955
0.116462
1.90354
0.993213
1.99077
0.0836281
1.97139
0.35606
1.29088
0.861745
1.37767
0.154544
0.38799
1.7921
0.639843
0.621819
1.62784
0.151716
0.745088
0.233089
1.31771
0.22476
1.86839
1.45114
1.41145
0.54803
1.16108
1.82941
1.58252
0.163141
1.42475
1.52455
0.873703
1.98879
1.19921
1.75289
0.453458
0.979572
1.44073
0.479408
0.0525652
0.610729
0.96576
1.03971
1.8381
1.17771
0.1779
0.845342
1.42986
1.74546
1.67302
0.341805
0.208578
1.72154
0.700796
1.25572
1.34185
0.156802
0.236258
1.55711
0.266245
0.619384
1.19248
1.81224
1.50527
0.181328
0.152382
0.942525
1.36776
0.425721
0.756015
0.835858
0.951526
1.63465
0.632658
1.46931
0.043227
1.40803
0.731498
0.044289
1.40947
0.0885602
0.176546
0.995002
1.78806
1.95075
0.43967
1.85768
1.25293
0.09503
0.283147
1.91838
0.822531
0.44011
0.0591348
0.641479
1.15668
1.82251
1.36229
0.635341
0.0600671
0.542812
1.69117
1.98249
0.886574
0.928341
1.27392
1.89296
0.729216
0.314276
0.0156379
0.140281
0.49005
1.90193
0.633305
1.97573
1.31597
1.44191
1.29485
0.399413
0.89387
1.974
1.66752
1.43948
0.00721884
1.72102
0.0366377
0.735651
1.93894
0.298532
1.02547
0.171225
0.762982
0.821336
1.63689
0.320531
0.436877
1.97257
0.874786
1.09684
0.76924
0.571384
1.03649
0.144489
0.792143
0.880463
1.166
0.464492
1.56911
0.028617
1.44137
0.895827
1.7727
0.102006
0.25173
0.788073
0.194062
1.15799
0.97574
0.213259
1.60718
1.4375
1.35222
1.04106
1.53612
1.64886
0.411434
0.422818
0.991513
0.815873
1.43757
0.149175
1.99818
1.27165
1.19337
1.99709
1.35229
1.6595
1.66307
1.96692
0.364296
1.71267
1.01182
1.06629
1.50935
0.396509
1.09968
1.53629
0.88434
0.174748
0.458118
0.933156
1.88506
0.512529
0.839412
0.0806787
1.42155
0.258353
1.95579
1.37981
1.70828
0.362511
1.97491
1.97234
0.227409
0.5638
1.98831
1.67228
0.498163
0.214675
1.97095
0.24065
0.696458
1.11972
1.96358
1.24513
1.81945
1.13926
1.9741
0.180094
1.64142
1.55721
0.133921
1.61108
0.0188981
0.508512
1.99576
0.777928
0.369743
0.580714
1.54561
1.14644
0.982322
0.141207
1.97893
1.45945
0.300745
1.50161
1.87872
0.0549771
0.512455
0.614171
1.493
1.30212
1.18933
0.0262198
0.172962
0.0706275
1.75956
0.82155
1.35476
0.786643
1.77584
1.70501
1.91021
0.233409
1.34281
1.4208
1.11654
0.856265
0.489282
1.49632
1.26084
1.09768
1.33095
1.31399
0.0887201
0.596154
1.94013
0.0504689
0.880322
1.01228
0.762761
1.95326
0.116215
1.30928
1.87755
0.260065
1.25342
0.701433
1.04261
1.06494
1.2157
0.729354
0.36404
0.194076
1.18602
0.144279
1.53283
0.149022
0.758149
1.87588
1.18621
1.16763
1.61454
1.90063
0.326114
0.17734
0.409038
0.200071
1.97148
1.56092
0.595316
0.277564
0.34868
0.665023
0.148276
1.81796
1.88816
1.95692
0.501815
1.86662
1
1.54921
1.12108
0.0380689
0.649123
0.17562
1.54794
1.99017
0.441427
1.09512
0.856855
1.53154
1.67146
0.41252
1.01353
0.114861
1.1957
1.96555
1.84959
1.74781
0.0107747
0.814887
1.31328
1.01197
0.804086
0.62855
0.764577
1.12661
1.26667
1.41927
1.80908
0.676811
1.64003
1.18726
1.11032
1.00362
0.296746
0.361545
1.34294
0.451235
0.162373
0.876506
0.332505
0.0632472
1.71531
1.82103
1.63727
1.27433
1.76055
1.80022
1.82068
0.675567
1.00358
1.51604
1.93266
0.119172
0.74156
1.01376
0.938462
0.800995
0.321738
0.579618
1.61465
1.75104
1.37048
0.0785105
0.848577
1.30282
1.22374
1.0676
1.08702
0.946895
1.45911
0.416115
1.66821
1.07163
0.793299
0.338587
1.08115
1.79974
0.973175
0.746613
0.0479927
0.206061
1.16195
0.661084
0.439602
1.14806
0.665244
0.768735
1.62807
1.53776
1.83517
0.226548
1.29821
1.03219
1.99183
1.23856
1.69244
0.118702
1.83642
0.238263
0.444882
1.81042
0.743476
0.12629
0.870035
0.989714
1.07378
1.12157
1.04542
0.150538
0.713659
1.10045
0.323619
0.0994389
1.44162
0.583945
0.575688
0.947151
1.21257
0.451688
0.234561
1.38396
0.625488
0.358214
1.96359
1.62103
1.90626
0.393191
1.25853
1.87726
0.533859
0.808641
1.51318
1.20318
1.58409
1.4237
1.25134
1.828
0.0760427
0.202483
0.413577
0.480256
0.23011
0.194304
0.346645
0.246838
0.734279
0.223434
0.0206014
0.325724
1.99373
0.123195
1.95959
1.98177
0.373172
1.88096
1.28523
1.20609
0.873494
0.0321667
0.457723
1.90956
0.172671
1.85123
0.913373
0.551007
1.87146
1.41645
0.39808
0.566854
1.34503
1.12598
0.271856
1.91202
0.797469
0.496499
1.72783
0.46682
0.703387
0.217614
0.542975
0.574007
1.48912
0.204866
0.235323
1.11861
0.36194
0.668611
0.79198
0.500803
0.929717
0.312448
0.416136
1.28311
0.938213
1.14099
0.619993
0.132345
0.159892
0.211769
0.317425
0.726707
1.80482
0.392626
1.91296
0.787374
0.451687
0.413015
1.56137
0.730611
1.8781
0.00729609
0.507082
1.29101
1.99888
1.48592
1.83437
1.25301
1.84833
1.32869
0.74115
0.506218
1.1107
0.0192816
1.01115
0.0769528
0.777207
0.658186
0.444953
1.95071
1.58616
0.47941
1.14847
1.86241
0.544008
1.6428
1.97658
1.73532
1.44239
1.10149
0.236647
0.812758
0.408748
1.41905
0.344358
1.30984
0.241389
1.801
1.20968
1.99872
1.0578
1.48458
0.14979
0.452125
1.83165
1.57595
0.882164
1.85344
1.40827
1.97494
0.171012
1.54863
0.340098
0.292772
1.41403
1.70317
1.25492
0.864678
0.102825
0.766772
0.472625
0.118899
0.399958
0.0913409
1.86943
1.49806
1.93352
0.0340768
0.962356
0.804905
0.21134
0.115526
0.355321
1.34774
0.13872
1.76863
1.35447
0.492599
0.152922
1.54148
1.54605
1.80185
0.580478
1.59996
1.22537
1.91615
1.25475
1.36858
0.743277
0.812511
0.334184
1.97723
0.850294
0.89024
1.53842
0.152422
0.00972152
0.896384
1.64288
0.0847776
0.746118
1.13944
1.85128
1.96746
0.322206
0.595313
0.174961
1.30921
0.4115
0.390521
0.530813
0.662762
0.296289
1.09302
0.875216
0.653713
1.21728
1.37865
1.84232
1.8974
0.682321
1.78863
0.779985
1.29583
0.928178
1.95462
0.723466
1.16088
1.46599
0.513674
0.50474
0.924872
0.708609
0.664223
1.69747
0.951486
1.51754
1.9599
1.53561
0.505287
0.552797
1.2365
0.392953
0.583976
0.354075
0.132186
1.73846
1.26256
0.847788
0.450705
0.0975834
0.208415
0.146698
1.74125
0.342204
1.81913
0.901309
1.10719
0.822897
1.9546
1.60042
0.628339
0.131805
0.879366
0.208277
0.319274
0.744451
1.1884
1.23951
0.790375
1.14597
0.626024
1.82186
0.662932
1.66685
0.744762
1.64875
0.457461
1.61662
1.24261
0.299572
1.66734
0.88368
0.49692
0.923692
1.04058
0.527509
1.75484
0.917099
0.288456
1.53638
1.56551
0.234382
0.337663
1.12645
1.01481
0.181591
1.75165
1.71214
1.73597
1.52324
1.10427
1.73585
0.107024
0.0699313
0.238902
0.605236
1.99671
0.975097
0.988932
1.17724
0.978633
1.12447
0.965495
1.67256
1.45663
1.9913
0.433068
1.91278
0.058466
1.63027
1.81266
1.14826
0.163774
1.97748
1.36752
0.043418
0.536853
0.670905
1.49921
1.14885
1.22415
0.307014
1.81458
0.119499
0.158607
1.35977
0.27504
0.599478
0.222682
0.721535
1.48401
1.7823
0.124279
1.78709
0.907373
1.40084
0.253813
0.97908
1.40148
1.68634
0.338699
1.96943
1.41734
0.876364
1.82302
0.382078
0.104376
0.560431
0.695297
1.67707
1.39017
0.654647
0.965379
1.42268
1.32487
1.19894
0.945891
0.461728
0.119288
0.330379
1.3225
1.19087
1.10354
0.290495
0.0195903
0.898786
0.389585
0.283923
0.149934
1.46408
1.76484
1.38327
1.45515
0.063831
0.0261145
0.195796
0.160301
1.75239
1.30449
0.67311
1.20414
0.305666
1.91595
0.263668
1.22062
0.162152
1.62174
1.84265
1.85021
0.181391
1.20293
1.90353
0.176295
1.56
0.755652
1.37904
1.36794
1.21287
0.80518
1.13975
1.38679
1.61583
1.31476
0.315329
0.250911
1.8176
1.5896
1.68512
0.0222987
1.77651
0.13433
0.122398
1.19395
0.270204
1.56355
0.175848
1.14447
0.184456
1.92041
1.86921
1.39276
0.25612
0.510935
1.33563
1.96972
1.04491
0.0973841
1.93515
1.90083
1.89096
0.263879
1.76209
1.19301
0.0571795
1.89092
0.174766
1.47881
0.926623
0.00968087
0.498363
0.365056
1.18757
0.635689
0.402863
0.642944
0.211232
0.297631
1.39781
1.58891
0.96947
0.484601
0.895126
1.3787
0.229002
1.38775
0.11563
1.70357
1.33048
1.40703
1.49361
0.772128
0.853041
1.70822
1.77087
1.95251
0.378296
0.0643293
1.22547
0.288875
1.03397
1.74643
1.76594
0.400108
1.98977
0.164867
0.138702
1.38616
1.92222
0.0817801
1.94196
0.206448
1.51425
1.11871
0.146271
1.36405
0.0329102
1.02112
1.84353
0.162896
0.449998
1.32348
0.122904
1.53165
1.69696
1.73372
0.0366313
1.98007
1.09617
0.334052
1.76268
0.42202
1.81697
0.268494
0.329376
1.60506
0.200492
0.489878
1.17484
1.91183
1.12097
1.32053
1.91949
0.0411838
0.215113
0.243976
0.088704
0.443834
1.50853
0.97388
0.589773
1.92041
1.02596
1.97197
0.989968
1.67742
1.88111
1.58281
0.0409642
0.586619
0.658372
1.48446
0.731181
0.0139413
1.1414
1.20038
0.672376
0.041849
1.82054
1.18835
1.03564
1.78567
0.0416685
0.246237
1.82665
0.0860406
0.257095
0.232661
0.544816
1.72872
1.56832
1.82687
0.116515
0.980291
0.751329
1.72203
1.60105
1.5652
0.906765
0.924417
1.64092
1.31221
0.0155498
0.00554836
0.647782
1.38169
1.35973
0.737939
1.54018
0.136221
1.99183
1.57595
1.59813
1.66802
1.78298
1.94911
0.245585
1.03458
1.04001
0.622525
1.64394
1.98099
0.84575
0.458865
0.221452
0.423612
0.416488
1.59438
1.44838
1.48582
1.96555
0.390106
1.88122
0.601095
1.90239
0.00751388
1.73007
1.01166
0.263248
1.46875
1.14656
1.76327
0.0578401
0.468054
0.756691
1.54869
0.127097
1.64202
1.3653
0.215975
0.666287
0.650071
1.73972
0.12208
1.33327
0.490078
1.72257
0.314042
1.7956
1.4787
0.235608
0.165196
1.9701
0.0231234
0.940658
1.8091
0.958126
1.87918
1.36375
0.382077
0.474398
0.407438
1.20298
1.74425
0.114134
0.770752
0.0823262
0.701696
1.13383
1.23562
1.07064
1.67219
0.593326
1.96309
1.54955
0.259794
1.31494
1.14218
1.7999
0.618056
1.91119
0.707863
1.75887
1.15327
1.939
1.81311
1.75785
1.01168
0.594309
1.59982
0.58482
1.93929
1.1589
0.959324
1.37097
1.11816
0.710992
1.91536
0.311817
0.157002
1.90161
1.21856
1.14564
1.32947
1.90879
0.160858
0.8118
0.0688349
0.0470591
1.65488
0.281377
0.0331991
1.14359
1.60602
0.663649
0.4391
0.268426
0.430705
1.6637
0.551104
0.364226
1.57999
0.993249
1.95299
1.33226
0.679275
0.751561
0.431189
0.0825834
0.234964
1.81062
1.89449
0.642714
0.487537
0.659081
0.761642
1.76233
1.63616
1.04123
1.77471
1.27354
1.79246
0.152729
0.0729582
1.83625
0.609533
0.128809
0.151006
0.0512269
0.44679
0.473366
0.457413
0.0146325
1.78146
0.985024
0.0127639
1.69906
0.0223243
0.556561
0.690516
1.16245
1.34244
1.41495
1.91642
1.31822
1.8193
1.01663
1.233
0.69617
0.774921
0.73532
1.74343
0.793225
0.269823
0.0723819
1.83475
0.915157
1.4281
0.375906
0.189832
1.95221
0.951185
0.434026
1.06472
1.10749
0.646267
1.58584
1.24207
0.0550921
1.86184
0.242305
0.453031
0.361638
1.36568
0.541173
1.76854
1.37466
0.265276
1.53766
0.680759
1.96098
0.0695508
1.94633
1.96975
0.218458
1.77533
0.720079
0.132529
0.463878
0.577395
0.894332
0.2389
1.36662
1.95106
0.121474
0.262137
0.291737
0.286634
0.132036
0.657381
1.64875
1.99411
1.88387
0.249078
1.84447
1.86541
1.13242
1.20637
1.98133
0.100283
0.59212
0.638522
1.93609
1.50319
0.0733554
0.0111333
0.265518
1.92041
1.15934
0.451595
1.65135
1.00067
1.92447
0.838022
1.08995
1.03025
1.05571
1.89768
1.91636
1.89507
0.496166
0.559696
1.5964
0.981654
1.74568
1.86801
0.231151
0.344596
1.35007
0.203759
0.738791
1.47956
1.58714
1.89194
1.90233
0.209716
1.13183
1.42501
0.356197
0.437554
1.26137
1.85766
0.507023
0.00325835
1.94148
1.49889
1.07995
1.15457
0.174106
1.28245
1.55341
1.20273
1.26243
1.42903
1.7204
1.70236
1.15669
1.86997
1.97464
0.108171
1.87539
1.66499
0.746223
1.5764
1.31678
0.657099
0.0900966
1.30932
0.0313743
0.336749
0.0500976
0.078465
1.98952
0.344866
0.080382
0.198103
1.00965
0.551238
1.62552
1.30439
0.489316
1.98065
0.642594
1.45626
0.806016
1.76903
1.49054
0.72718
1.99249
0.229074
0.585289
1.66118
0.129845
1.84016
1.46911
1.43022
0.765005
0.234195
0.422337
1.67248
1.20084
0.516485
1.31807
1.72703
0.167895
0.0315865
0.301185
0.96069
0.667963
1.06197
1.62993
1.95748
0.821237
0.133301
1.43294
1.17185
1.17253
1.82199
0.117865
1.83095
1.09827
1.63742
1.81747
0.878287
0.512271
0.405365
1.50533
0.0784343
0.23325
1.08355
1.43456
0.736037
0.357214
1.49484
1.10394
1.03777
0.373027
0.647624
1.69817
1.31443
1.92598
1.43555
0.455602
1.91835
1.13764
1.83
1.36701
0.637346
0.870964
1.89024
0.24797
1.84091
0.826558
0.687011
0.249146
1.93692
1.32323
0.958322
1.12972
0.199766
0.98084
0.639801
1.61306
1.73963
0.488146
0.481707
1.98843
1.4983
0.102498
1.39357
0.151643
0.53213
1.8036
1.81417
1.89403
0.0893157
1.43391
1.42954
1.4613
0.360389
0.235755
1.0811
0.160859
0.0321845
1.63186
0.500782
1.08536
0.535541
0.731406
1.85109
0.51567
1.462
0.312733
1.64872
1.41069
1.92629
0.716172
1.32557
1.58638
1.2037
1.68956
1.05883
0.782655
1.89595
0.754309
1.82208
0.403253
0.0247105
0.235402
1.65104
0.266307
1.36667
1.54028
1.23874
1.85026
0.190318
1.58819
1.12198
1.18736
1.38532
1.14746
1.27113
1.03757
0.804242
0.907705
0.434516
0.206767
1.47647
0.75183
0.405318
1.06124
1.82533
1.89495
1.85017
0.449312
0.0246743
1.86833
1.53572
1.87614
0.761661
1.504
0.242118
1.71273
0.0184175
0.951025
0.897135
1.43456
1.15436
1.74357
0.824564
1.95481
0.988719
1.60947
1.07872
1.32607
0.329324
1.19607
1.0118
0.511954
1.73841
0.636145
1.82266
0.881043
1.63306
0.399864
1.50559
0.459815
0.672653
0.629463
1.43695
1.16554
0.668984
1.64117
0.794769
0.502995
1.21692
0.067546
0.433825
0.890129
0.285457
1.81277
0.166639
0.0545188
0.0363767
1.7407
1.80948
1.04509
0.366193
1.06769
1.85239
1.5708
0.440037
0.643728
0.455364
0.976965
1.3564
0.556214
0.878238
1.91568
0.398021
0.307607
1.49794
0.376201
1.10169
0.742836
0.217578
0.91157
0.180617
0.704005
1.62368
0.919827
1.89912
1.95356
1.71977
1.1972
0.599559
0.107735
0.166994
0.264092
1.85932
1.84496
1.91062
0.144899
1.30508
1.75117
1.45613
0.416513
0.844572
0.880779
0.700484
1.31921
1.33643
0.0284061
1.88489
0.231771
0.527758
1.97192
0.324216
0.606436
0.612616
1.91522
1.05717
1.76994
1.22622
0.781482
0.439814
1.93822
0.589685
0.670904
0.764776
1.69765
1.51817
1.9257
0.648645
1.91702
1.10089
0.565783
0.0601842
0.229964
0.161759
0.537742
1.00272
0.0326601
0.796929
0.984346
1.26776
0.228438
0.234559
0.980561
0.572549
0.670728
1.26792
1.20834
1.60459
0.573838
1.86876
0.621557
1.01157
0.718846
0.200626
0.321854
0.713166
1.01189
1.14338
0.0168303
1.01956
0.885971
1.43926
1.51554
1.46984
0.597743
1.4447
0.643384
1.41432
1.66886
0.32349
0.559675
0.299689
1.31269
0.182823
1.83075
1.38557
1.05918
0.247376
0.169087
0.0826896
1.7837
0.867152
1.4777
0.612822
1.58638
1.86088
1.25923
1.01798
0.266169
1.23322
1.98029
0.521366
1.76614
1.04795
1.85293
0.335679
1.68017
1.78232
0.697994
0.361473
0.0134357
1.94727
0.131562
1.82214
1.70656
0.805699
0.659179
1.97903
1.83794
1.72716
0.0423319
1.04371
1.21594
0.505647
1.18259
1.41506
1.54864
0.991506
1.43938
1.48333
0.253123
1.81029
1.60316
1.56548
1.78931
0.404127
0.710363
1.9437
1.74091
1.1809
1.83242
0.47438
1.83639
1.13133
1.19671
1.99282
1.14705
1.44886
1.46247
0.15415
0.278477
1.25043
0.115688
1.54398
1.09943
0.0702617
1.59071
1.9971
0.445142
0.169396
1.72205
1.63876
0.837655
1.36434
1.82981
1.28781
0.498849
0.014599
1.07199
0.0258189
1.10631
1.37487
1.21184
0.865579
0.486897
0.201351
1.98966
0.990384
1.90501
0.0690056
0.824859
1.94521
0.842578
0.538266
1.12167
1.88899
1.54283
1.97271
1.09272
0.51434
0.432141
1.38984
1.47174
0.281909
1.37311
1.24087
0.22725
1.3444
1.38266
1.64499
0.875252
1.92838
0.819185
0.0310745
0.149369
1.48831
1.89511
1.13398
1.78773
1.95836
0.281647
1.28711
1.92475
0.872769
1.9442
0.626735
1.30434
1.59919
0.99124
0.0166467
0.282894
0.239938
1.31626
0.0882338
1.55575
0.0946951
1.40885
0.804751
1.86166
0.355044
0.960554
0.59546
1.73998
1.1348
1.3059
0.201385
1.41434
1.29997
0.191595
1.59709
1.7873
0.449632
1.26577
1.91823
0.781478
1.2987
0.90024
1.98751
1.4175
1.24672
0.529208
1.75834
1.17466
1.78523
1.1178
0.288474
0.784609
1.969
1.84242
1.56311
1.94452
0.141545
1.86876
0.78237
1.35957
1.23295
1.39265
0.94778
1.27136
1.94812
1.2177
0.376145
0.975495
0.00328183
1.97671
0.532899
1.91697
1.69101
1.10441
1.53054
0.395507
1.14836
1.3095
1.93394
1.31021
0.291203
1.47207
1.52165
0.375994
0.246714
1.58072
1.8844
0.564194
1.88579
0.0105683
1.91614
1.20531
1.07092
1.55514
1.79969
1.77008
0.135688
0.29625
0.599559
0.623095
1.44607
0.480392
0.584523
0.500421
0.014362
1.03481
1.46025
1.17984
0.354342
1.76785
1.36343
0.293016
0.0318384
0.268422
1.75855
1.51732
0.770954
0.85309
0.331745
1.99146
1.05511
1.07131
1.67263
1.78742
0.702532
0.424014
1.67558
1.06307
0.924531
1.05758
1.7929
0.674109
0.512354
1.48576
1.80895
0.406665
1.3017
0.724971
1.84452
0.329296
1.98227
1.89833
1.35795
0.21313
0.00648594
1.77007
0.467227
1.05687
0.455131
1.29903
1.36116
1.26903
1.65656
0.228113
0.782211
1.95027
0.691581
1.7783
1.9654
0.081374
0.27787
0.0887295
1.61562
1.8949
0.516493
0.759796
1.77909
0.420743
1.46229
0.542921
1.18983
1.78431
0.416721
1.99773
0.843682
0.135693
1.39865
1.28264
1.50652
0.28455
1.47188
1.04827
0.721695
1.40364
1.51728
0.182952
1.54481
0.247575
1.11672
0.535397
0.812492
0.364289
1.84328
0.279179
1.68764
0.0328974
0.0542263
0.467764
1.1255
0.200697
0.178596
0.115211
1.76179
1.38975
1.11251
0.160468
1.39538
1.17465
0.102829
1.48804
1.21361
0.050988
0.236149
0.767387
0.0748922
1.75771
0.820442
1.90714
0.199625
1.01931
1.54741
1.91165
1.58592
0.383249
1.09756
0.623929
1.82988
1.31637
1.18464
1.32028
1.95
1.84941
1.95256
0.970028
0.222633
0.821558
1.92114
1.71278
0.303356
0.916413
1.684
0.0947018
1.93979
0.235
1.20977
0.748138
1.73779
1.11826
0.898708
1.40106
0.930969
1.37529
1.4903
1.25289
0.943818
1.74575
0.219433
0.0351361
0.951815
1.86984
1.21147
1.51879
1.97238
1.39279
0.131538
0.104832
0.828624
1.64198
0.52922
0.989321
0.32031
1.20618
1.39976
0.161272
1.80898
0.568344
1.11242
0.0417851
1.30469
0.126192
1.89695
1.37097
0.929566
0.293639
0.463427
1.61912
0.455394
0.75859
0.0816654
0.123367
0.392962
1.33668
1.02526
0.273353
0.878448
0.325171
1.79547
0.0632532
0.563221
1.95306
0.53598
0.00175357
0.138624
0.380024
0.410051
0.734545
0.294899
0.534652
0.0133036
1.29563
0.119744
1.95411
1.67596
1.74294
1.93907
0.926107
0.0686924
0.827615
0.115888
0.0470829
0.612557
1.75891
1.32343
1.39339
0.559374
0.390697
0.293465
1.37954
1.6631
1.94035
1.85342
1.93068
1.03617
0.642856
1.93776
1.66508
0.755715
0.132537
0.0848953
1.87066
0.0176609
0.122747
0.62725
0.379173
0.785943
0.058583
1.04488
0.173819
0.412717
0.668962
0.506642
0.787836
1.25908
0.263445
0.32927
0.845201
0.818354
0.39072
0.702882
1.74823
0.93725
0.517085
0.793904
0.155598
1.69303
1.9469
0.615588
0.22181
1.80163
1.69536
0.278811
1.75442
1.72266
1.7828
0.563793
0.413221
0.817115
1.56502
1.47392
1.84486
0.793013
0.407882
1.02013
1.20359
0.178299
1.7169
1.95021
0.97625
0.904084
0.992594
0.02282
1.43507
0.747581
0.413361
0.933652
0.071142
1.36251
1.27544
0.803664
1.96877
1.92784
0.235953
0.14486
1.70543
1.32704
0.311884
0.110768
1.92365
1.38209
0.545003
1.0809
0.0381702
0.961898
0.778735
0.0644513
0.10373
1.97114
1.19564
0.147497
1.81488
1.97413
1.72076
1.50071
0.784378
1.048
0.395304
0.421104
0.51871
0.347501
1.24739
0.454941
1.97591
1.93529
0.401219
1.0656
0.905907
1.89193
1.70502
1.97203
1.86662
1.73787
1.20828
1.27531
1.65934
1.42225
1.51684
0.626419
1.15953
1.75653
0.482374
1.12801
1.89457
1.47779
1.21944
0.266506
1.13914
1.43077
0.183335
1.70415
0.357357
0.927362
1.77419
1.86569
1.37154
1.23567
0.121403
1.72451
1.63791
1.45896
0.394937
1.56255
0.885585
1.91049
1.0935
0.279879
0.912529
0.746401
1.69843
1.50167
0.597131
0.117605
0.077916
1.88894
1.96303
1.42846
0.204413
0.678395
1.7787
1.72053
0.520295
0.138452
0.895222
1.39844
1.47188
0.614583
0.856307
1.36158
1.56585
0.691554
1.47407
1.22348
0.713301
1.60088
0.176651
0.898944
0.0144507
0.967942
0.203532
1.13809
0.936519
0.468631
1.18689
0.272511
0.672365
1.51186
0.268768
0.683542
1.02378
1.56608
0.342527
0.175016
1.64946
1.48716
0.521527
0.143377
1.83416
1.65448
1.57046
1.97429
1.54408
1.77395
1.18464
0.366322
0.8711
0.341129
1.88787
1.92716
0.704584
1.28192
0.962359
1.20664
0.268895
1.62307
1.29132
0.576773
0.158282
1.76502
0.164433
0.195915
0.271006
1.58034
1.22509
0.410907
0.410312
1.89894
0.795097
1.28826
0.754233
1.36476
1.47144
0.0499623
0.217392
1.50802
1.74949
0.113727
0.0561752
1.21515
0.975529
1.52556
1.08249
1.33347
0.935246
1.56525
1.07232
0.0130198
1.98183
1.50621
0.140959
0.0229928
0.385924
1.69915
0.392473
0.0141301
1.84347
1.16038
1.74485
0.369381
1.51788
0.112211
1.58504
0.864837
1.29566
0.0564363
0.931738
1.09198
0.667665
1.29165
0.0666817
1.90292
0.229211
0.341484
0.41737
0.68426
1.76961
0.326404
1.86259
0.0322158
1.85898
1.54047
1.2904
0.0370638
1.78486
0.893239
1.83146
0.814889
1.11727
0.169882
1.03125
0.0722967
1.48274
1.39556
0.256541
1.36121
0.42125
1.05991
0.544143
0.0373132
0.23615
0.210913
0.00849354
1.66748
0.854347
0.932491
1.99157
0.156324
1.78206
0.0497694
0.0487076
0.233312
1.09702
0.034539
0.195891
1.41521
0.163617
1.15564
0.230152
0.287707
1.5854
0.201576
0.267491
1.59524
1.90573
0.651798
1.21974
0.0805333
1.42204
0.427038
1.90417
1.9929
0.748273
1.34886
0.846711
1.7641
0.306517
0.0667735
1.42237
1.07036
0.29063
0.02926
0.396801
1.2066
1.62198
0.201565
0.0528151
1.73923
0.086424
1.76182
0.78844
0.27254
1.47249
1.93929
0.826144
0.32375
0.744084
1.72028
1.94261
1.14694
0.557706
0.637163
0.00312471
0.203277
1.48018
1.56012
1.64344
0.627181
0.138124
0.231893
1.92345
0.706753
1.14139
1.68789
1.76699
1.09235
1.64252
0.0416235
1.76704
1.03969
1.71967
0.608222
1.90267
1.63529
1.99457
1.42267
0.733733
1.19263
0.145999
0.286196
1.99813
0.419269
0.615247
1.44832
1.84148
0.814788
1.22026
0.815995
0.44438
1.95768
1.32752
1.12372
0.690484
0.654146
1.31173
1.37615
0.130381
1.90705
0.151026
0.045455
1.54405
1.41431
1.08676
0.459653
0.453544
0.0763916
1.84439
0.139823
1.914
1.94141
1.49965
1.95296
0.657895
0.286116
0.785622
1.31369
1.53285
1.72347
0.226159
0.429614
1.23004
1.72259
0.163426
0.243675
1.686
1.62746
1.0086
0.0768436
0.146963
0.345418
0.882514
0.777227
1.78405
0.880419
1.89081
1.92177
1.99764
0.902618
0.275839
1.93826
1.78101
1.96402
0.0260215
1.32702
0.0733738
1.5939
0.365668
0.224172
0.925859
1.61413
1.84737
0.681242
1.80127
0.788772
0.858108
0.300682
0.0695366
0.0922334
0.537208
0.183335
0.0486428
0.663175
1.53464
1.02147
1.21476
1.9191
0.654091
0.987348
0.0914661
0.69638
1.75678
1.32601
0.0318058
0.625942
1.957
0.647517
1.75038
0.0837642
0.337879
1.98488
1.85591
0.895349
0.323015
0.0836982
0.676009
1.21442
1.91034
1.32474
1.0119
0.106725
0.241879
0.200793
1.8913
1.57244
1.68307
1.39937
1.99454
0.200206
1.13452
1.9622
0.281772
1.10931
0.982517
0.253209
1.29255
0.128312
1.15285
0.998126
0.430299
1.15897
0.149695
1.79697
0.948722
1.24214
1.93484
1.94668
1.9981
1.26095
0.329978
1.12077
1.74635
0.565313
1.77396
0.0604819
1.26641
0.794909
0.408059
0.0585543
0.0907317
1.45389
0.612562
1.64197
0.00464821
1.92531
0.613911
0.57166
1.93915
1.95838
0.664805
0.93403
1.67116
1.40903
1.74554
1.95797
1.56995
1.41804
0.735463
1.19863
0.689533
1.2235
0.353239
1.26046
0.595964
0.300022
0.340094
0.465965
0.999045
1.93934
1.35074
0.724408
1.56547
0.45331
0.24652
1.72383
0.578096
0.0720178
1.99737
0.0707048
0.437884
1.89491
0.455787
1.0158
1.42865
0.958782
0.126649
1.17144
0.317593
0.520008
1.48442
0.23418
0.56775
0.209015
1.60166
1.25417
1.79973
1.71106
0.430911
1.3656
1.11224
0.965659
1.59378
1.80646
0.286789
1.31051
0.107388
0.00241423
0.370836
0.664725
0.563257
0.0534056
0.699548
1.91263
0.483055
1.6217
0.43932
0.285105
0.370662
1.96911
1.68229
1.16171
1.87508
0.569854
0.792336
1.83611
1.49545
1.06428
1.28096
1.06234
0.438643
0.803668
1.05377
0.13962
0.501287
0.345802
0.880868
0.520976
0.168608
1.90944
0.333028
0.244587
0.0538168
0.498542
1.45382
0.442063
0.337203
0.302489
1.40806
0.928573
0.908081
1.9955
0.198939
0.691838
1.93506
1.01797
1.59313
0.28495
1.06685
1.47102
0.0890673
1.21984
1.01027
0.092037
1.08631
1.92247
0.0816119
1.91912
0.251885
1.95385
0.978293
1.30332
0.358559
1.93058
1.48396
0.61811
0.639574
0.779904
1.19351
1.40573
0.801262
0.776262
0.636566
0.035354
0.520811
0.597379
1.97358
0.793599
0.17865
0.737319
1.12508
1.64774
1.95009
1.6098
0.175451
1.4303
0.451726
0.772642
0.626714
1.45585
1.2224
1.04096
0.284461
1.53046
0.375606
1.29505
0.0435379
1.94744
1.7245
0.117715
0.691175
1.32159
1.40095
1.1269
1.82895
1.39672
0.637245
0.410842
1.49734
1.38632
0.087221
0.029442
1.50603
1.69403
1.10349
1.13134
0.15831
0.612293
0.361868
1.78586
1.11789
1.2376
1.39056
0.189045
0.381589
1.89655
1.43776
1.87946
0.805339
0.173203
1.04227
0.0713316
0.659053
1.55126
0.956013
0.0240852
0.300618
0.854982
1.80112
1.18786
1.16659
1.99016
1.64849
1.41442
0.203336
1.31332
0.163879
1.98834
1.73615
0.247366
0.270373
0.947525
0.935994
1.81992
1.72554
0.463114
0.962465
1.20384
1.98194
0.630353
1.21698
1.0553
0.763134
1.12071
0.947819
0.206678
1.70417
0.112026
0.828934
1.57334
0.235622
0.926129
1.1319
0.619482
1.76016
0.149083
0.749272
1.73848
1.52979
0.0835388
1.0238
1.57841
1.22817
0.92129
1.96451
0.278077
0.540437
0.548764
1.63445
0.476297
0.301205
1.28202
0.817638
1.95067
1.76873
1.90586
0.854828
0.0164577
0.752029
1.15915
1.77915
1.97748
1.45394
0.0379126
0.975823
0.500014
0.275464
0.123221
1.51596
1.4488
0.262728
0.427839
0.185661
0.0245192
1.18653
1.91534
1.4619
1.51497
0.385689
1.86625
0.161021
0.524759
0.634946
1.70945
1.95016
1.14291
0.209967
1.26709
1.45997
0.112726
1.47274
1.23113
1.10983
1.21099
1.54545
1.34673
1.48389
0.683762
0.691878
1.82938
0.526346
1.10035
1.31708
0.0367917
1.9814
0.997903
1.94311
1.58345
1.75193
0.156758
0.166744
0.127155
0.0155797
1.86533
1.72508
0.485869
0.738339
0.736008
1.29393
1.96581
0.574855
0.995191
1.21054
0.413759
0.089958
0.20739
0.0309563
0.957767
0.758326
0.349012
0.206899
1.07122
1.55095
0.109397
0.0418149
1.50226
1.9108
1.30264
1.21445
0.135018
0.0368625
0.969805
0.568991
0.355753
0.208484
1.96902
1.93508
0.921644
1.72402
0.708169
0.195611
0.0433199
0.0722172
0.742653
1.78219
1.76675
0.897523
0.607436
1.35689
1.33639
1.18111
1.31105
1.33407
1.28711
1.61495
0.153558
0.593198
0.019942
0.375978
1.14562
1.39915
1.74807
0.87557
1.2802
0.414091
1.03274
1.96055
0.406038
1.78268
0.468665
0.599149
1.5543
1.94557
1.932
1.66176
1.88694
1.60609
0.160642
1.40097
1.66247
1.77573
1.38082
1.46413
1.57241
1.86308
0.174063
1.834
0.172019
1.49184
0.317028
0.678733
1.83957
1.56211
0.115151
1.04903
0.59732
0.00400734
0.101517
1.45999
1.68327
0.202036
1.90134
0.0423845
1.32079
0.351849
0.418636
0.657571
1.4732
1.61148
1.89644
0.70161
1.66455
0.163828
0.236315
1.28774
1.73702
1.80766
0.633058
1.82458
0.585296
1.16759
1.12641
1.6011
1.10518
1.53185
1.72862
1.27054
0.108016
0.316163
1.41599
1.57097
1.34315
0.640534
1.55049
1.77508
1.79955
1.82864
0.0191879
1.88951
1.94285
0.492967
1.945
1.64432
1.69701
0.535915
1.96193
0.688395
0.269765
1.94073
1.09328
0.713956
1.99807
1.86411
0.644968
1.37989
0.37291
1.09285
0.294109
0.371051
0.395207
1.00789
1.94039
1.25465
0.166593
1.72401
0.542935
1.63412
1.96056
0.124048
1.16569
0.879993
0.35132
1.75451
1.51743
1.56932
1.50083
1.44682
1.39134
1.0447
0.235148
0.590673
0.170125
0.625085
0.507097
0.979999
0.682076
0.832693
1.84393
1.27174
0.22014
1.06519
1.51958
0.15883
0.0192643
0.612123
0.156882
0.0608898
0.775415
1.41082
0.663361
1.26259
0.87518
0.422628
0.536915
1.02651
1.35551
0.691695
0.867023
1.26678
1.75335
1.19117
1.41138
0.0907893
0.159387
0.213659
0.229238
1.57139
1.80325
0.311431
1.90571
0.455709
0.153538
1.87129
1.85247
0.138534
1.52121
0.582155
1.58698
0.504849
1.0286
1.99991
0.182673
1.59727
0.156353
0.510464
0.423818
0.501302
0.998013
1.5336
0.357149
1.40461
0.0625856
0.502344
0.143962
1.3217
0.765905
0.381037
1.35007
0.762735
0.307193
0.574294
1.98098
0.0281768
1.9063
1.56054
1.00697
1.43943
1.31313
0.626918
0.180013
0.160029
1.97312
0.67969
0.692303
1.59603
1.28048
0.884755
0.556193
1.72194
1.91581
1.49174
0.131515
0.520661
1.0346
0.122594
1.87486
1.8689
0.0951436
1.52679
0.689249
0.0964161
0.973267
0.620988
1.05484
0.685243
1.75501
1.96239
0.731129
0.104272
1.11257
1.17947
1.4562
0.854877
0.513452
1.44835
0.54889
0.856608
0.856228
1.63521
0.831354
0.592202
1.04639
0.0171666
1.78584
1.46412
1.09098
0.91374
0.106378
0.849436
0.697921
0.0313227
1.92563
0.984229
1.22963
0.00697768
1.28462
0.890571
0.760331
1.00707
0.58129
1.49155
0.106388
1.83609
1.08666
1.48674
0.891718
1.94826
0.0290447
0.868079
0.929123
0.24495
1.00307
1.80289
0.093866
0.470095
1.78207
0.874773
0.782433
1.10944
0.816674
1.78918
0.0718077
0.0760295
0.12395
1.50467
0.967569
1.56607
1.93183
1.82588
0.606823
0.898843
0.386934
1.94657
1.10407
1.90151
1.79344
0.66661
1.69904
1.16373
0.779934
1.9277
0.187825
1.51612
0.356858
1.34994
0.12029
1.00271
0.11888
1.07351
0.405564
1.05614
0.37455
0.0562915
1.01691
1.55291
0.159202
0.161446
0.30213
0.385704
0.331295
1.2652
0.936742
0.92711
1.78259
1.97702
1.52382
0.586506
0.715175
0.303627
1.89697
0.728665
0.405994
0.477286
0.22244
0.994917
0.0315527
0.906785
1.36294
1.41872
1.84274
0.765343
1.94187
1.73405
0.515666
1.53283
1.49947
1.86381
1.7867
1.01469
0.51178
1.50367
1.8943
0.827703
1.33657
1.43212
1.37118
0.547313
0.0990682
0.952293
0.666441
0.36704
0.678389
1.77715
0.450462
1.5612
0.55486
1.84145
1.71364
0.595954
0.222262
1.14625
1.66867
0.0829716
1.7406
1.88798
1.68604
0.743042
0.0901572
0.770339
1.87219
1.21529
1.59528
0.923998
1.63459
0.437812
1.95016
0.249158
1.82385
0.593572
0.039333
0.869233
0.608235
0.36512
1.9971
0.691477
0.595236
0.706752
1.42962
1.96853
0.10273
0.960317
0.425793
0.93432
0.145357
0.636917
0.719404
0.883284
1.13976
1.24649
1.29032
0.412297
1.83487
0.703256
1.10358
1.04217
0.536659
0.500839
0.737156
1.9462
0.767437
1.83521
1.5299
1.49002
0.769752
0.478729
0.0207564
0.614035
0.455022
1.35925
0.431527
1.40182
1.4981
0.108507
0.582279
1.26758
1.99311
0.86882
1.98184
1.37695
1.89781
1.79253
0.965916
0.825153
1.25441
0.510916
1.85641
1.81051
0.986635
1.06896
1.38267
0.396673
1.12986
0.840713
1.03356
1.22156
1.72642
0.104883
0.857217
0.995462
1.54786
0.730637
1.18818
1.88373
0.0287044
1.57775
0.547238
0.330257
1.67081
0.00112796
1.75322
0.467196
1.75092
0.217992
1.91769
0.380343
1.87291
0.878285
0.79071
0.343183
1.59764
1.40382
1.4092
1.72004
0.233961
0.0540149
0.55598
1.82354
1.95771
1.63956
0.450712
1.82515
0.0316035
1.01335
1.77374
0.0972443
0.250118
1.85239
1.94277
1.85176
1.53996
0.330919
1.64719
1.94664
1.65759
0.35176
0.795422
0.88734
1.08884
1.10436
1.36116
0.286933
0.325328
1.55841
0.813451
1.2383
1.3627
0.0761
0.378046
0.538214
0.0830559
1.99086
1.83718
0.0899526
0.492596
0.683544
0.0063498
1.75687
0.775976
0.812846
0.167139
1.7844
1.44882
1.93301
1.60833
0.263068
0.293059
0.13675
1.3549
0.221246
1.06665
1.82943
0.435428
1.24811
1.004
1.77057
0.137024
1.71488
0.59976
1.90126
0.569629
1.46103
1.0515
0.0133295
1.69669
0.817119
1.17262
0.359967
0.920621
0.824268
0.520336
1.61799
1.22038
0.505285
1.53905
1.80252
1.11848
1.39022
1.28328
1.95264
1.07619
1.02614
1.37501
1.49742
0.289652
0.125264
1.65745
1.58729
0.100302
0.040132
0.678334
0.164143
1.95979
1.91146
1.63243
0.971718
1.36145
0.536827
0.635676
0.381399
0.7031
1.91313
1.49929
0.259623
0.714615
1.78214
0.976374
0.0126694
1.82622
0.0117222
1.29312
0.781862
0.966632
1.90915
1.87914
1.63828
1.78482
0.620486
1.72557
1.23605
0.955424
1.87342
1.85371
0.135485
0.74773
1.96488
0.00186169
1.43402
1.92696
0.422965
0.705605
1.42534
1.7353
1.32425
1.54075
0.868008
1.91436
1.03491
0.896001
1.59962
1.04336
1.68637
1.22242
0.124615
0.923187
1.59992
0.0159283
1.93789
0.89311
1.5779
1.63984
1.66239
0.388626
0.328618
0.863076
0.453496
1.80491
1.89916
0.602533
0.364056
1.33934
0.8496
0.440103
0.459668
0.236089
1.58216
1.49933
1.92293
1.61866
1.16358
0.222747
0.973409
0.742213
1.67687
1.78833
0.345742
1.1271
0.331942
0.145202
1.99871
0.577702
1.2881
0.40276
0.849603
1.77703
0.314621
1.62703
0.569261
1.71516
1.11812
1.90492
1.94483
1.35761
0.45907
1.45712
0.932077
1.65613
0.840948
1.28367
1.74101
1.54902
0.114424
0.793853
1.88532
1.18601
1.05409
0.250049
0.9321
0.239815
1.85293
1.897
0.109253
1.81322
1.64444
1.45827
1.81622
1.84469
1.09986
0.51297
0.967541
0.0304662
1.56639
0.0112669
0.839764
1.36957
0.139162
0.247068
0.0385045
1.20892
0.687526
0.331124
0.435623
1.80885
1.67909
1.33941
0.387073
0.552932
1.60015
1.62951
0.724997
0.69144
1.019
1.63558
0.11346
0.811862
0.135819
0.351561
0.859969
1.83381
0.23471
0.602108
1.6618
0.642221
1.74895
1.28755
0.950904
1.20383
0.212626
1.25934
0.936282
1.88504
0.108679
0.505715
1.18413
0.529274
0.0420802
1.14767
1.96115
0.738595
1.29021
1.38084
1.76261
0.664263
1.47489
0.321277
0.921532
1.09659
0.10216
1.15153
1.81597
1.0332
1.97815
1.77424
1.55322
0.921885
1.93191
0.579788
1.51176
0.83047
0.66558
0.562599
1.18067
1.53186
1.59861
0.220584
1.02016
0.653994
1.53256
0.981581
1.36186
0.643057
1.62006
0.816828
1.32654
1.99603
0.729049
1.33409
0.88288
1.23438
1.23625
0.498055
1.4059
1.37276
0.700714
0.132516
0.114141
1.28781
1.69456
0.095574
1.59747
0.661371
1.2565
0.110709
0.564806
1.87562
0.509687
1.5533
0.771871
1.53516
1.68281
1.4805
0.526486
1.46011
0.687978
0.178268
1.99168
1.49439
1.43558
1.55122
0.501836
0.838955
0.026298
0.282815
0.603123
0.422548
1.84931
0.259182
1.21764
0.198152
0.0536687
0.22061
0.0672189
0.295287
1.42088
1.15899
0.634274
0.269017
0.967776
0.31606
0.393196
1.99681
0.407627
0.165065
0.276299
1.81655
0.80559
0.817163
1.59307
0.0188998
1.3342
0.118979
0.211165
0.323026
0.430044
1.95944
1.61689
1.97872
0.266868
0.281214
0.177801
0.31571
1.72693
1.69856
1.0167
1.63216
0.622482
1.13839
1.47626
0.601888
1.49749
0.979968
0.864378
0.112896
1.62093
0.0630929
1.47633
0.462571
1.6762
0.37457
0.0631268
0.417732
1.30689
1.98604
1.49503
0.404465
0.227391
0.300966
1.55824
0.967712
0.70471
0.12101
0.0392159
1.49927
1.56781
1.0346
1.4135
0.859492
0.780619
1.28737
1.20464
0.83205
1.05287
1.85452
0.997959
1.30812
0.564646
0.0920931
0.799666
1.74398
1.14344
1.15185
1.588
0.818764
0.0265846
0.308068
1.27447
0.114517
1.73237
0.715738
1.83989
0.437313
0.339291
0.0737857
0.876611
1.72143
1.27442
0.925853
0.227726
1.03699
1.48313
1.72056
1.69064
1.70982
1.60169
0.784207
1.5951
1.42415
1.27894
0.363189
1.72009
1.7121
1.79803
0.78515
1.74884
1.87961
0.087574
0.196084
0.252903
0.153879
0.616005
0.415527
0.682351
1.27101
0.053959
0.473659
0.451535
1.28017
1.16031
0.144442
0.949968
0.0359589
1.29472
0.522259
1.62418
1.08247
0.975885
1.79041
0.377581
1.02012
1.86444
0.53124
0.275304
1.02968
1.00145
0.979445
0.654743
0.529785
1.21746
0.581282
0.568574
1.37473
1.53953
1.15706
1.32969
0.0568764
0.358587
0.559686
1.78594
1.87321
1.61852
1.52878
1.86667
0.213758
1.48978
0.217842
0.863619
1.96215
0.934347
0.121404
0.877026
0.459686
0.107124
1.48071
1.15047
1.99551
0.602886
1.85343
0.449042
0.10669
1.94585
0.767402
1.04617
1.31301
1.97954
1.10788
0.15852
0.0585957
1.98497
1.41603
1.02482
1.02911
0.284606
0.0430963
1.20022
0.0778095
0.129579
0.521374
0.345424
0.19519
1.7805
0.0855129
0.172331
0.508608
0.297605
1.49389
1.99183
0.27954
1.63957
1.25324
1.58836
0.579476
1.51136
0.541247
1.83201
1.58333
1.85914
1.25006
1.20612
1.12267
0.0392263
1.19708
1.13082
1.93544
1.92053
1.36462
1.03306
0.583131
0.520224
0.527026
0.820154
0.327841
1.74714
1.9656
1.32535
1.92051
1.90573
1.97059
1.25867
1.23561
1.89102
1.85734
0.284127
1.32203
1.52722
1.17007
0.878521
0.465487
1.82154
0.928742
0.512079
0.0845058
0.0476006
0.516734
0.185733
1.75311
0.204847
1.47714
1.81581
1.53548
0.434908
0.0738556
0.629417
1.02686
1.38561
0.451049
1.81008
0.85292
0.025414
1.68539
1.61602
0.233836
1.37566
0.113256
1.30739
1.20079
1.62202
1.73584
0.0646884
0.86703
0.771263
1.77948
1.86801
1.53651
0.474445
0.690896
1.99038
0.745873
0.568671
0.490601
0.811705
0.982008
0.833161
1.2058
0.37603
1.79121
1.33219
0.541961
0.589849
0.885865
1.89339
1.1029
0.563773
0.295877
1.55001
0.904575
0.819079
1.2711
0.0856037
1.83327
0.236457
1.22384
0.577624
1.25339
0.631124
0.979476
1.97795
0.0836135
0.554446
1.95741
0.114
1.73476
1.41599
1.05191
0.261977
0.521579
0.914584
1.38519
0.00946736
0.101384
0.209043
0.340973
1.90468
1.9396
0.884498
1.88659
0.537708
0.0846281
0.170406
1.08824
1.17047
1.67235
1.97684
1.60182
1.73732
0.872454
1.44625
1.7238
1.9603
0.241379
1.71861
1.43749
0.797022
0.492821
0.366461
1.20635
1.44835
1.96446
0.990308
0.52163
0.736648
1.41331
0.538594
0.361668
1.50897
0.54214
1.0528
1.93444
0.646389
0.510734
1.92176
1.68247
1.88256
1.85733
1.5697
0.00256848
1.62266
0.0499196
1.2251
1.71982
0.0826138
0.514567
0.781587
0.819149
0.482841
1.84588
0.593149
1.73911
1.15147
1.16021
1.34816
1.18768
0.957971
1.68983
0.948156
1.79765
0.891322
0.00243425
1.23678
0.781632
1.29385
1.90711
1.32354
1.90744
0.0211077
1.74308
0.840725
0.0551059
1.99879
0.252915
0.227429
1.81582
1.51461
1.28119
1.24678
1.04149
1.07739
1.78942
0.124215
1.93439
0.190672
0.0735955
0.405107
0.318979
0.766173
0.270183
1.77674
1.28332
0.381921
0.0541509
1.43633
0.730016
1.55466
1.93592
0.0552646
0.619469
0.0512692
1.11091
1.48532
1.3473
1.81482
0.0786954
1.68221
0.0153824
0.54109
0.572501
0.859944
0.291402
0.0563501
0.613055
0.366128
0.822489
0.0138831
1.90964
0.869695
0.557341
0.90399
1.9799
1.63746
0.378688
1.5526
0.758479
1.93815
0.922699
0.363406
1.5397
0.428451
1.99658
0.687804
0.754131
0.734615
0.954883
0.247363
0.283021
0.614038
0.858025
0.724054
1.90939
1.24155
1.70953
1.28736
1.41715
1.2824
0.694427
1.4058
0.662001
1.7547
0.292247
0.55332
0.454842
0.171257
0.62341
1.35735
1.06704
1.99973
1.55299
0.343284
1.32316
0.892413
0.0630684
1.15399
0.276074
0.0387646
1.40672
0.181402
0.962059
1.46793
0.698794
1.43173
0.293838
1.84369
1.87398
0.130958
0.765865
0.175382
0.327953
1.87517
0.90728
1.36629
1.78755
1.81669
0.373197
0.618905
0.0325049
1.21781
1.95101
0.598934
0.0639565
1.49862
1.01592
1.79054
0.465522
0.705264
0.993408
1.07144
1.57847
0.0810934
0.683924
1.47474
0.767301
1.58455
0.698858
1.97974
1.26911
0.168139
1.64008
1.75766
1.34742
1.50685
0.949707
0.948931
0.171033
1.51045
0.153659
0.117596
0.618885
1.97556
1.47468
1.69941
1.57852
1.02375
0.125905
0.359801
1.87591
0.422606
0.237304
1.78364
1.84675
0.707804
0.0190734
0.83366
0.551084
0.462813
1.88871
1.94684
0.881054
1.32263
1.94464
0.530574
0.162611
1.94751
0.550791
0.358547
0.816786
0.107679
0.959899
1.54849
0.237214
1.86617
0.85268
1.51462
0.365776
1.85269
1.5866
0.209252
0.0186554
0.179604
0.345171
1.41963
0.0837543
1.16402
1.85703
0.120896
1.94276
0.981562
0.987627
0.184441
1.18237
1.05161
1.29274
0.335846
0.770465
0.269479
0.831485
1.95474
1.17042
0.760813
0.0947078
1.74429
1.96908
0.534726
1.54628
0.28056
1.4983
0.0230966
1.18027
1.76001
0.668412
0.730221
0.915598
1.78361
0.102529
1.84685
1.53265
0.0182071
1.31587
0.674846
0.800242
0.478226
1.21838
1.49266
1.11595
0.532179
0.31012
0.611045
1.07624
0.458105
0.909369
0.673865
1.84664
0.968252
1.80553
1.21143
0.134094
1.31211
1.61376
1.15099
0.552126
1.2819
0.021842
1.7717
1.60135
1.7094
1.66986
1.74636
1.65928
1.46753
0.750824
0.993834
0.981938
1.14373
0.553989
1.81471
1.10924
0.442479
0.324542
1.41805
0.865725
1.10627
1.66065
1.73134
0.164911
1.63351
0.516052
1.12048
1.29595
1.60213
0.346708
0.0606465
1.95183
0.631233
0.330194
0.665882
0.736554
0.915199
1.92819
0.714526
0.777789
1.58729
0.54868
0.180939
1.30062
0.919664
0.150292
1.50748
1.37606
1.28428
0.0687112
1.72972
1.34345
1.12037
1.26368
1.76571
1.19786
0.666763
0.372768
0.333206
0.313498
0.420129
0.0836611
0.488277
0.767724
1.00994
1.30658
0.624391
1.47688
1.5175
1.94999
1.48459
1.11215
0.303916
0.0155096
1.90537
0.0777669
0.304111
0.484609
1.08393
1.44264
1.19542
1.00294
0.381564
0.92784
1.8255
0.0719845
1.08425
0.157344
1.68071
0.281537
0.978114
0.102427
0.39104
0.139493
0.255217
0.339438
0.416954
0.0553737
0.760973
0.0205379
0.43171
1.0708
0.13852
0.801621
1.19201
1.12514
0.00644851
0.387275
0.823751
0.777632
0.872649
1.96815
0.945266
1.97974
0.363544
1.80071
0.124121
0.403712
1.31043
1.93906
0.133438
1.12456
0.369091
0.299312
1.77127
1.46232
1.04143
0.505425
1.19596
0.890158
0.15531
0.311601
1.63058
1.58407
0.29448
0.517689
1.77223
0.285013
0.325803
0.50871
0.342341
0.14556
0.974578
1.6598
1.9347
0.318973
1.57711
1.74045
1.27746
1.29042
1.37126
1.82457
1.4215
1.06696
1.50585
1.49787
0.0577563
0.0464725
1.23045
0.4186
1.99746
1.10987
1.83008
0.363244
1.78575
0.96027
0.0254759
0.126632
0.946194
0.891486
0.341863
1.19118
0.477216
1.95744
1.28007
0.615992
0.202597
0.0796272
0.0732861
0.80265
1.68355
1.56852
0.296433
1.41935
1.18266
1.78812
1.4125
1.82703
1.77732
1.01479
0.0890749
0.126533
0.173277
0.109308
1.18595
1.80729
1.12689
1.00133
1.67863
1.93542
1.06549
0.258402
1.88145
1.70516
0.115431
0.320705
0.608894
0.930185
0.246237
0.508
0.384351
0.934528
0.0828482
0.781923
1.47783
0.0921568
1.45474
0.906267
1.25124
0.0350496
1.71851
0.197459
0.908206
1.41304
0.652619
0.340019
0.890018
1.18279
0.0540172
1.45514
1.08737
1.97523
1.99251
1.81308
1.67626
0.517277
0.179345
0.206118
1.19246
1.49029
0.165513
1.72893
0.712533
0.0840822
1.51358
1.10717
1.16368
0.140051
0.136271
0.01337
0.756475
1.86276
1.48534
1.86849
1.68582
1.54079
1.7943
1.23609
1.66922
0.982272
1.27955
1.65924
1.90131
0.492937
1.45442
1.93254
1.91138
1.89154
0.67483
0.190957
0.537461
0.0421138
0.566145
1.99888
0.0887752
0.220218
1.40546
0.143965
1.2596
1.64592
0.12119
1.56178
1.79241
1.42071
0.316963
0.163546
1.24181
0.529285
1.72726
0.0554817
1.94024
0.508883
1.99428
1.16691
1.11036
0.33105
0.804422
1.77801
1.91034
0.0589836
0.789883
0.818493
0.530082
1.77566
0.0104918
0.149799
1.77133
1.15485
0.893173
0.117895
0.0759994
1.08652
0.521566
1.81386
1.79529
0.782048
0.938884
0.953189
1.98094
1.28663
0.0187647
0.729642
0.334059
1.47758
1.63849
0.598161
0.0058614
1.88167
0.758838
1.81183
1.22912
1.0313
1.61495
0.703012
0.125888
1.61356
0.412015
0.35623
0.497624
0.897754
1.59186
1.89961
1.10309
1.89029
1.60423
1.54607
0.535563
0.474751
1.3176
0.445965
0.940948
1.44723
0.0755167
1.93337
0.746753
0.498191
0.30469
1.08317
0.31267
0.654536
1.6488
0.198475
1.48961
1.77325
1.58951
0.167743
1.92493
1.42177
0.720597
1.39468
1.53632
0.62456
1.70108
1.71176
0.0893134
1.55115
1.89822
1.20787
1.19756
1.99216
0.429105
1.08643
1.89491
1.81215
1.00053
1.8641
0.0997591
0.578826
0.0338438
1.86336
1.94079
1.70042
0.0511636
1.56353
1.45709
0.35295
0.557324
1.99843
1.80235
0.678529
1.73162
0.102878
0.386939
0.650657
1.30527
0.821666
1.90834
1.66001
0.0444897
1.63836
1.18888
1.43862
1.96713
1.90116
1.41602
0.878704
0.143604
1.48901
0.423641
0.54653
0.821434
1.97474
0.572831
0.484223
0.497876
1.56141
0.928751
0.0517279
1.16591
1.17864
0.752349
1.17142
1.98092
1.16779
1.26867
0.770994
1.57934
0.682436
0.064155
1.57913
0.119744
1.57665
1.33045
0.752177
1.85519
0.259734
0.767901
1.9698
0.317275
1.41577
0.368097
1.07656
0.675533
0.20671
0.375958
0.211317
1.92482
0.113384
1.75249
0.846006
1.91512
1.87204
0.802894
0.257649
1.81634
0.786341
0.14652
1.11464
0.956436
1.3196
1.8565
0.065576
1.80771
1.9706
1.58163
0.320055
1.03927
1.12675
1.78417
1.42504
0.685434
1.55959
0.317355
0.870227
1.98677
0.874722
0.763346
0.711091
0.969693
0.318473
0.627787
0.622747
1.39071
0.390545
0.984439
0.220765
1.67097
1.18636
1.83221
0.825817
0.526304
0.195339
0.877174
0.961558
0.644429
1.26015
0.172876
1.71522
0.851188
1.29636
1.43664
0.896222
0.0657959
1.05624
1.55349
1.60923
0.0853701
1.5048
0.276326
0.376709
0.0793366
1.32545
0.937518
1.88556
1.78011
1.26285
0.345739
1.11712
1.29162
1.17659
1.85341
1.87818
0.359153
0.672244
1.01352
0.703594
1.09787
0.0288669
1.78225
0.422857
0.155907
1.90971
1.64996
1.87518
1.89595
1.85346
1.60771
0.615713
0.69158
0.167292
0.386211
0.946635
0.0366095
0.360783
0.0738928
1.29042
1.89188
0.695736
1.32424
1.98826
1.80327
0.30083
1.58311
1.20992
1.87289
0.0428478
0.953808
1.70567
1.07342
0.368816
1.31051
1.66591
0.115155
0.659468
1.18701
0.00331962
0.275244
0.273905
1.97919
1.84908
0.867896
1.89395
0.795012
0.887095
1.94795
1.16221
0.41006
0.397021
1.94676
1.30833
1.82337
0.0923228
0.881322
1.67119
1.36266
1.84475
1.06693
0.297709
1.85325
1.75472
1.90152
1.0984
1.06027
1.47628
1.87704
0.229173
1.76408
1.63832
0.959688
0.373012
1.42193
0.838364
1.62337
0.0875276
0.534274
1.86345
0.129695
1.67165
1.22739
1.33961
0.809229
1.15754
0.669141
0.0212663
1.67355
0.209583
1.13097
0.0725175
0.0569056
0.865247
0.571501
1.99257
0.918208
0.724258
0.771958
1.00433
0.0586517
0.508018
0.565637
1.81511
0.0953789
1.5102
1.77865
1.95443
0.186678
1.62674
0.335734
0.0269676
1.09018
0.0825251
1.8344
0.325714
1.80846
0.907567
1.01376
1.82618
1.32393
1.12518
1.85868
0.144154
1.10765
1.19078
0.260564
0.50327
0.231256
0.381145
1.05416
0.953021
1.69122
0.180742
0.768597
0.231496
0.3189
1.20119
1.46364
0.766905
0.229568
1.20061
1.6272
0.643249
1.86557
0.495354
1.49552
0.982075
0.653224
1.83651
1.4986
0.939813
0.158365
0.285285
0.120099
1.84073
1.57571
0.0604504
1.6655
1.0015
1.48759
0.690674
0.915069
0.28358
0.746491
0.50659
0.567215
1.39088
1.32593
1.19177
1.51147
0.39791
1.71231
1.41348
1.53514
0.440096
1.09887
1.86872
0.77489
0.569635
1.49454
1.99592
0.423531
1.39102
1.88988
1.64918
0.76954
1.07429
0.280102
1.06239
1.52686
0.626109
0.525548
1.88506
1.57049
0.115671
1.72385
1.8721
0.859009
0.0247169
1.89539
0.882685
1.16562
1.66423
1.53193
1.65887
1.37437
1.98038
1.97198
0.0800165
0.221322
1.11005
0.955914
0.553047
0.350347
1.90952
1.49169
0.915089
0.792688
0.304593
0.977314
0.195323
0.00812662
1.31579
0.957677
0.0485412
0.672659
0.687694
0.270912
1.08117
1.51924
0.153388
1.71732
0.258798
0.412823
1.48406
0.842821
1.37713
1.74086
0.992666
0.87883
1.6426
1.60219
1.9893
0.116833
0.78077
0.268021
1.63151
0.341454
1.53534
1.98062
0.140825
0.818635
1.5734
0.0907782
0.57981
1.82392
0.65403
1.82429
0.733509
1.36658
0.00863731
0.417104
1.77862
1.1558
1.91582
0.554077
0.135898
0.341987
1.6566
1.7673
0.56756
1.8041
0.773521
1.95845
1.84599
1.53172
1.17007
1.6368
0.956334
1.14736
0.150489
0.0982507
0.283864
1.27552
0.277261
1.70596
0.256468
0.417187
1.92378
1.64144
1.74925
0.0303448
0.01173
0.607938
0.396601
0.320473
0.122066
0.414326
0.250227
0.017579
0.629643
1.13234
0.250063
0.120942
1.68221
0.401471
0.246704
1.89788
0.842889
1.60845
1.66147
1.19731
0.300399
1.88799
1.51098
1.53941
0.206061
0.197338
0.0330732
1.47338
1.40087
1.12883
1.7468
1.54004
0.78856
0.440268
1.66321
0.879229
1.62815
1.11664
1.57086
1.61341
1.68617
0.978897
0.0195907
0.184143
0.349251
1.99057
1.96998
1.57814
1.83997
1.39483
1.98014
1.33344
1.9643
0.0605195
1.75593
0.0175487
1.06169
0.0510981
1.13423
1.00381
1.55111
1.6455
0.138761
1.42436
0.907782
1.74142
0.813858
0.12921
0.387331
1.53392
0.718309
0.744241
1.18227
1.9226
1.10071
1.1709
1.94723
0.57135
1.9756
1.72412
1.74973
0.482775
1.57175
0.71188
1.00596
0.0966158
0.134127
1.6118
0.596811
0.815783
0.851574
1.58565
1.72199
1.74109
0.0733285
0.180737
1.85772
0.490203
1.46292
1.83934
0.755906
1.98602
1.28253
1.91634
0.77898
1.97865
0.288886
0.945784
1.95895
0.37698
1.89732
1.69501
1.34084
1.26393
0.339515
0.897803
0.280936
0.144364
1.90389
1.72946
1.61056
1.41059
0.885321
1.867
0.0748161
1.38923
0.371105
1.30132
1.36946
1.69797
1.29987
0.43145
1.10124
1.56577
1.48836
1.01861
0.694079
0.724528
1.37702
1.02101
1.1119
0.621662
0.94171
0.178432
0.653492
0.343485
0.851543
1.25432
1.37376
1.96276
0.683829
0.23754
1.38381
0.0159411
1.87533
1.42447
1.93482
0.201444
0.924924
0.0623851
1.54335
0.232214
1.98066
0.0193768
0.124719
0.80732
1.56143
1.05723
0.965148
0.269786
1.86716
1.97268
1.63112
1.24845
1.38726
1.54866
0.641992
0.0286778
0.0316737
1.8661
0.582279
1.05122
0.153289
1.03791
0.211042
0.382923
0.242379
0.0367819
1.1544
1.23902
1.37236
1.79509
1.99733
0.351945
0.013661
1.50241
0.883216
0.268429
1.70745
0.908314
0.165469
1.80417
0.352128
1.75388
1.1544
1.29
0.790208
1.17848
0.953858
0.239797
1.57181
0.00410092
1.03668
0.180192
1.08857
0.935966
0.0463495
0.0992123
0.683225
0.467649
1.09567
0.337337
0.629747
1.40516
1.37273
1.90338
0.038693
1.88102
0.24214
1.37409
0.0163159
0.159893
1.83382
0.557965
1.89479
0.485167
1.02422
0.026197
1.66643
1.13689
1.65853
0.741616
0.810809
0.904173
0.0526391
0.576065
1.85018
0.536322
0.462488
1.96916
1.66662
1.79091
0.377474
0.606084
1.65945
0.0796481
0.737973
0.339102
0.420288
1.96527
1.90418
0.368308
1.1404
0.437425
0.0186269
0.421021
1.06709
1.55988
1.49428
1.19768
1.98553
1.42274
0.905924
1.3684
0.42636
1.90879
1.82389
1.93152
0.0288351
0.792394
1.92515
1.81992
0.120459
0.666827
0.842777
1.57808
1.04373
1.58194
0.348643
0.0303938
1.98218
1.9601
1.76388
0.295035
0.960392
1.68563
1.63605
0.18215
1.36227
1.87391
1.4238
0.0356504
0.32447
1.03847
0.929211
1.38974
0.121569
0.39157
0.102631
1.61618
0.0916903
0.379007
0.343712
0.385646
0.230403
0.0712072
0.762899
0.550665
0.562477
1.4312
0.837996
0.463462
1.63648
1.46588
0.992384
0.0656368
1.34635
1.35145
0.314872
1.78471
0.0307561
0.747629
1.95982
0.540099
1.41184
1.46329
1.32669
0.760175
0.413721
1.03633
0.267638
1.56168
0.104508
0.731404
1.94468
0.61082
0.669126
0.38164
0.0181626
0.699993
1.31023
0.288507
0.729706
0.880441
0.210423
0.0814451
0.617727
0.245793
1.38347
0.371628
0.682137
0.285731
0.170958
0.450172
1.89462
1.85502
0.896245
1.09868
1.92923
1.39751
0.119264
1.20643
1.53377
1.75636
1.40075
1.76736
0.3889
1.23116
1.99518
1.18738
0.673617
0.533533
0.0376322
0.304927
1.38844
0.341956
1.54324
0.845871
1.88982
0.270163
0.38797
1.6241
1.42103
0.377552
0.891465
1.26595
1.27835
0.965078
0.291064
0.642556
1.03338
0.14596
1.24365
1.79235
1.99426
1.87318
0.664119
1.95222
0.488906
1.60967
1.6049
0.718229
1.98987
0.97298
1.681
1.93881
0.190559
1.72549
0.0716563
1.24461
0.613808
0.279186
1.03515
1.51936
1.75398
1.25014
0.171017
1.98544
0.795653
0.444646
1.07114
1.3741
0.191692
1.44283
0.855028
0.015108
0.30654
1.28126
0.626059
1.99953
0.81317
1.2575
0.295421
0.400615
0.557595
1.96691
1.75124
0.434066
1.27448
1.85469
1.88593
0.998022
0.974818
1.76544
1.78059
0.217826
1.1721
1.35497
0.0488694
0.22349
0.634145
0.560976
0.164592
0.357324
0.975913
1.25115
0.0559144
1.76551
1.06429
0.139645
0.190817
1.69082
1.9225
0.107561
0.252349
1.88099
0.898153
1.92208
0.328315
1.92827
0.490816
1.0384
1.97809
0.104651
1.99242
0.244624
1.51604
0.160326
1.17007
0.282907
1.6752
1.65196
0.128168
1.84631
0.136356
0.988627
1.06929
0.0896074
1.7726
0.633041
1.21446
0.245351
1.76261
1.30667
0.738357
1.91044
1.32136
1.99064
1.05488
0.81417
0.636137
1.53184
1.14549
1.55334
0.294197
0.254052
0.883441
1.48927
0.0265341
1.06466
0.854013
1.04963
1.0102
0.336188
0.185538
1.42829
1.75802
0.77547
0.190417
1.16806
1.19419
0.184802
0.227062
1.49964
1.6108
1.53976
1.67577
0.46953
0.931036
0.0310922
0.876788
1.20714
0.238924
0.174914
0.097769
1.36134
1.27975
0.118913
0.0854168
0.479744
0.214092
0.170497
1.1466
0.835946
0.220112
1.84973
0.920568
0.387047
0.741606
1.93597
0.0754336
1.01094
1.53843
1.89255
1.9079
0.0141375
0.352199
0.204781
0.938661
1.8237
1.99159
1.52867
1.52647
0.746014
0.126609
1.88392
0.408907
0.198266
1.98458
0.0254171
1.1051
1.73421
0.690677
1.44993
0.769775
0.349031
1.92999
1.83341
0.446217
1.58536
0.261165
1.75678
0.159628
1.70904
0.497049
1.99415
1.50309
0.486526
1.78182
0.0869067
1.50369
0.598423
1.56828
0.2727
1.15776
0.882695
0.889615
0.535549
0.189319
0.04647
1.35556
0.0508705
0.903757
0.38348
1.98893
1.93435
1.14307
1.99076
0.921701
0.520086
1.78348
1.13794
1.12187
0.117113
1.35988
1.35535
0.855073
0.071483
1.35849
1.11247
1.14055
1.34098
1.22339
0.052368
1.88269
0.0879177
0.636676
0.231571
0.418964
0.766971
0.593058
0.807677
0.0519118
1.20635
0.0986764
1.59336
1.20518
0.732881
1.19633
1.45489
0.148267
1.79794
1.04513
1.94099
0.892169
0.677901
1.65041
0.0362421
1.07573
1.54471
0.362855
1.03977
0.8135
1.1715
1.40526
0.6781
1.24253
1.00237
1.94306
1.62152
0.776523
0.236636
1.24896
1.81234
0.630015
1.65443
0.301509
1.63268
1.99465
1.80152
1.90638
0.343538
1.49215
1.6801
0.704409
0.62533
0.502493
1.83156
1.65719
0.693637
0.154871
1.8611
0.850365
1.41763
1.76358
1.66003
0.73876
0.972148
1.14177
1.7456
1.91967
1.00434
1.63319
1.79913
0.97655
1.75305
0.675586
1.36192
0.32131
1.28481
0.485916
1.49671
1.81586
1.9935
1.97284
1.22591
0.0289568
0.199875
0.718954
1.434
0.92592
0.581706
1.8773
1.37481
1.96804
0.602983
1.29993
0.712609
0.41158
0.601678
1.71517
0.0203751
0.0704637
1.69203
1.54569
1.86323
1.84885
1.32795
0.783459
0.675833
0.884712
1.82282
0.756868
1.09414
0.086971
1.65618
1.97593
0.561245
1.73565
0.271673
1.82125
0.975463
0.434978
0.183084
0.0849521
1.48781
1.0681
1.07731
0.0964307
0.404996
0.520445
1.04665
0.725594
1.36936
1.12973
1.97875
1.67499
0.125361
0.270159
1.13253
0.0310498
1.92416
0.870483
0.0592581
1.76374
1.08142
1.90391
0.560556
0.740843
1.89441
1.19202
1.68867
1.42824
0.672094
1.98781
1.70355
0.545736
1.57189
1.49928
0.1032
1.57483
0.486453
1.60938
1.96312
0.103208
1.18122
1.0397
0.124565
0.892763
0.178977
1.35569
0.0813469
1.96878
0.22027
1.31782
1.14176
0.672129
1.72521
0.32497
0.516233
1.95576
1.45311
1.37531
0.695843
1.04095
0.542662
1.26103
1.59515
1.98432
1.09248
1.51906
1.72712
1.98693
1.24324
0.436215
1.35731
1.35193
1.06978
1.81395
1.99056
1.15645
0.889204
1.70999
0.396441
1.37653
0.483349
0.20443
0.758922
0.839598
1.98957
0.817874
1.96034
0.829582
1.8029
0.278162
1.00963
0.727723
1.28548
0.614545
0.00519788
0.235152
1.10047
0.396754
1.86537
1.91729
0.735996
0.605254
1.19047
0.398717
0.281727
0.196728
0.418823
1.8038
1.49623
1.75541
0.268272
1.63191
1.48833
1.56065
1.93854
1.25266
1.7414
0.845183
1.72918
1.58422
0.00214553
0.546561
1.60015
1.86781
0.568713
0.843717
0.736257
0.16457
1.9862
1.27379
1.8921
0.0117023
1.47263
0.229231
0.351885
1.83216
0.635195
1.91445
1.61224
1.64189
1.54189
1.61734
1.45323
0.416116
0.361199
1.74993
0.277268
1.15245
1.2231
0.141207
0.0466127
1.67095
0.954835
1.80708
0.23828
0.594944
1.92015
1.56953
1.94931
0.857085
1.81754
0.228337
0.338116
1.09954
1.41028
1.68384
0.960042
0.275936
0.110452
1.99654
0.254906
1.87956
0.529842
0.560416
1.41412
0.439541
0.861297
0.769178
0.0305477
0.173363
0.995436
1.3552
1.48799
1.83403
1.83504
0.588885
1.64256
1.79675
1.28138
0.853588
1.5473
1.08139
0.55603
0.785214
0.309036
1.59532
0.696119
1.70153
1.20901
1.35137
1.1849
1.00958
0.652034
0.184746
0.309355
1.23362
1.71497
1.66881
1.7095
1.99172
0.595858
0.0169762
0.0225288
0.7591
0.0335164
0.769663
1.59615
1.93336
1.75751
0.703622
1.36311
0.572542
1.27366
0.315797
1.93263
0.522323
1.73525
0.842146
0.28403
0.318328
1.74961
1.68667
1.72749
0.881503
1.20082
1.88402
0.581414
0.730912
0.828564
0.727933
0.164275
1.77694
0.868468
1.92364
1.97534
0.93322
0.214277
0.259693
0.165309
1.31178
0.764049
1.99345
1.93063
0.265969
0.0115381
1.74141
0.450848
1.95151
0.454467
1.93838
0.787546
1.26483
0.250898
1.44608
0.0128077
1.83539
0.315467
1.78757
1.21832
1.72581
1.26939
1.85481
0.924535
0.0399565
1.78542
0.689464
1.09709
1.61667
0.158932
0.173666
0.45277
0.161698
0.407292
0.499665
1.8489
1.34966
0.41832
1.62091
0.347459
1.38259
0.0783627
1.53457
1.40046
0.857637
0.0813744
1.0168
0.79751
0.539985
1.69128
1.7868
1.96549
0.725579
0.102607
1.80421
1.93375
0.799003
0.109998
1.21043
1.77384
0.162849
0.471751
1.46373
0.0226332
0.525993
0.59555
1.89777
0.783251
1.49629
1.47916
0.670501
1.4386
0.369239
0.978936
1.36252
0.802967
1.74929
1.47799
0.523166
1.17063
0.856005
1.0958
0.655577
1.22104
0.98056
1.99696
1.83849
0.00688958
1.60053
1.19239
0.492704
1.91171
0.463428
1.94782
0.629207
0.509875
0.555673
0.595594
0.186683
1.56666
1.93878
0.304421
1.63693
1.84806
1.67402
0.198024
0.306039
1.96071
1.81923
1.76091
0.118363
1.42147
0.66491
0.190468
0.780017
0.23869
0.162373
0.104957
0.119821
0.0397573
1.76612
1.849
0.552671
1.8822
1.96331
1.08518
0.293072
1.2638
1.47765
0.833686
1.00715
1.62996
0.837577
1.91212
1.46888
0.917202
1.2202
0.275871
1.6916
1.32591
0.389924
1.89287
0.658067
0.15774
0.655579
0.0272478
0.398465
0.54536
1.15624
0.81866
1.87345
0.945823
1.8863
0.447229
1.73382
1.71288
1.81684
0.575593
0.766051
0.100129
0.672672
0.0967615
0.620989
0.292412
0.591359
0.82607
1.81203
1.66979
0.18748
0.157522
0.923538
1.91581
0.62935
1.74963
1.14531
0.461683
0.0666262
0.154632
0.54148
0.126575
0.100507
0.121453
1.23971
1.36987
0.289561
1.83541
0.466954
1.2478
0.426847
1.69831
0.243484
1.54554
1.20079
0.0907383
0.547656
0.421527
0.596146
0.53023
0.443914
1.98002
0.701506
0.138081
0.812903
0.324956
0.451924
0.576267
1.71422
0.161396
0.921116
0.791115
1.39029
0.269004
0.104867
1.85532
0.505483
0.572543
1.63661
0.0900356
0.435581
0.247422
0.237688
1.41449
1.69581
0.912405
0.745658
1.56969
0.284382
0.691295
0.439552
0.0535918
0.150266
0.374279
0.300409
0.0232046
0.357937
0.802488
0.979871
0.689384
1.60879
0.119046
1.60881
1.16166
1.9743
0.120594
1.79219
0.0372226
1.1275
0.28019
1.9285
1.92314
0.527598
0.924602
0.0224439
1.22358
0.409513
1.11639
0.0366212
0.859038
1.25196
0.225863
0.828545
1.99493
0.862201
1.85459
0.725851
0.242362
0.532884
0.915099
0.611443
1.53001
1.51346
1.85899
1.22043
0.89971
1.17474
0.434163
0.0145711
0.00270605
1.98795
1.65689
0.154285
0.418432
1.56468
0.107586
1.67118
1.81202
1.4446
1.26069
1.42484
0.0406228
1.78219
0.143564
0.00679719
0.158343
0.906694
1.97908
0.17065
0.0446202
0.150738
0.0833755
0.207573
0.928322
0.635776
1.26583
0.329973
0.479471
0.991366
1.32278
0.78655
0.5675
0.692474
0.0193241
0.119593
1.45022
0.0507631
1.82792
0.0934162
1.74476
1.56682
0.246485
1.07443
1.77737
0.209408
0.501594
1.99179
1.07784
0.281071
0.0836031
0.417911
1.89992
1.38125
0.124703
1.75154
1.72214
0.677294
1.78025
1.61083
0.439936
0.460254
0.209616
1.95015
1.20565
1.38037
1.81533
1.12328
1.93772
1.83917
1.87981
0.0355119
0.17877
1.03918
0.475309
0.101252
1.82574
0.0886588
1.5012
1.74782
1.34489
1.72984
0.126197
1.50475
0.305144
1.07071
1.72607
1.15903
0.91256
1.41418
1.92289
1.52886
1.36503
1.54197
1.6055
1.50627
0.321117
1.96029
1.41073
0.217478
1.85444
1.50542
1.21776
1.85557
1.4981
1.83792
1.37636
0.278084
1.80732
1.86787
0.221751
1.02093
0.346731
1.89053
0.160271
1.38331
0.459381
0.405569
0.349452
1.38044
1.29041
1.821
1.4437
1.75782
0.258673
1.78543
0.0204365
1.18845
1.22813
1.17815
1.38445
1.64384
0.622287
1.10134
1.97653
0.337234
0.0994335
0.507338
0.0635374
1.86364
1.4039
0.50032
1.08784
0.136822
0.683585
0.544057
1.22718
0.0513057
0.299571
0.309063
1.59535
1.3659
0.483466
0.34162
0.149381
0.241625
0.167282
0.224101
1.09365
1.66813
0.988383
0.458297
1.58776
1.87336
1.43019
0.781489
1.33176
0.160021
1.14198
0.0458865
0.401322
1.97805
0.816859
0.268478
0.79184
1.37575
0.112053
1.27191
1.52026
1.2252
0.25277
1.22059
1.65844
1.26132
1.30258
1.36557
1.85764
1.01771
0.7068
0.983621
1.41326
1.47207
1.10214
0.245438
0.682346
0.253662
0.765282
0.423461
0.58616
0.897288
0.321715
1.6068
0.0424451
0.667207
0.800472
1.88468
1.56762
0.79626
1.435
1.66065
1.95901
1.17973
1.94232
0.466046
1.96259
0.110406
1.78032
0.499366
1.0115
1.87669
1.66838
0.384488
1.91405
1.08975
0.190015
1.56232
0.83117
0.917509
1.06819
0.281089
0.737626
0.840392
1.50483
0.0770561
0.0839924
1.85697
1.96303
1.71196
1.54774
0.570284
1.39841
1.82199
0.394162
0.429857
0.654793
0.708429
0.175869
1.81039
1.97155
0.596738
1.56358
0.649355
0.676787
1.12271
1.29392
0.148866
1.66557
0.0332026
0.857023
1.6826
0.0937643
0.468719
1.88015
0.404318
0.601166
1.65126
0.0189611
0.715749
1.61391
1.34812
1.38031
1.59158
1.78474
0.30193
1.27108
1.9757
0.203936
1.36531
1.11352
0.602388
0.435273
0.806531
1.72527
0.887444
1.72541
0.787421
0.0924883
0.313845
1.21485
0.431842
0.0717642
0.77396
0.391689
1.80059
0.587785
0.109308
0.998736
0.909164
0.472713
1.92897
1.10243
0.18482
1.48561
1.88317
1.41502
0.21144
0.894678
1.70052
1.56779
0.237342
1.08875
1.61457
0.126912
1.96404
1.33603
0.192132
0.138674
0.542003
1.93871
0.0154493
0.304958
1.83926
1.19782
1.38037
1.65041
0.269738
1.57913
1.18508
0.588773
1.28456
1.96908
0.702023
1.28858
1.83266
1.29469
0.0341915
1.81459
1.92552
1.81989
0.752831
1.97778
1.5346
1.59798
0.0583127
1.76775
1.83291
1.98758
0.831048
1.30417
0.222978
0.862016
0.961458
1.22917
1.66086
1.47453
1.5
1.3672
0.212178
1.93261
1.54523
0.152916
1.80682
0.710203
1.2665
1.0438
0.125151
1.22323
1.12787
0.148813
1.78656
0.463758
0.0699803
0.561073
1.29407
0.524616
1.96734
1.7091
1.4264
0.513488
0.0963295
0.0957677
1.8703
0.352509
0.596917
0.453099
1.97623
1.21842
0.27721
1.83384
1.90576
1.61027
0.407647
0.398288
0.643413
1.58332
0.474882
0.100629
1.42093
1.20445
0.416816
0.485391
1.52336
0.222118
1.92108
1.89255
0.562792
0.598983
1.403
0.0377846
1.5874
1.95573
1.46813
0.815815
0.683582
0.0158542
1.02947
0.054898
0.903008
0.442944
0.527034
1.89908
1.99218
1.29433
1.91299
0.851324
1.77036
0.570122
0.150314
1.70006
0.471026
0.116062
0.863929
0.648731
1.55692
0.748505
0.601637
1.46537
0.00520456
1.6548
1.80218
0.103495
0.482224
0.0786858
0.34911
1.37895
0.229264
1.96006
0.379738
1.96814
0.840971
0.0904138
0.911407
0.0600574
0.443317
1.84653
1.51747
1.97073
0.160639
1.6042
1.48373
1.5774
1.71278
0.691504
1.965
1.19776
0.185736
1.20156
1.63556
0.237437
1.07318
0.362544
1.81939
1.40092
0.934726
1.17229
0.716918
1.72425
1.9838
0.234519
0.957987
1.90045
1.92495
0.357045
0.0219493
0.611269
0.130561
1.85139
1.24334
0.802134
1.16234
0.452602
0.862127
1.66913
1.67972
1.24355
1.41898
1.3579
0.163167
0.117923
0.896507
0.153916
0.0745677
1.81544
0.103162
0.0484848
0.856269
1.65094
0.00804472
0.762041
0.382614
0.499379
1.42708
1.05284
1.4806
1.95428
1.40855
0.218589
1.20885
1.78703
1.92811
0.306488
0.463408
0.390202
1.63826
1.39007
0.998662
1.24352
1.27387
0.777909
0.639927
1.91798
0.0124826
1.61381
0.886147
0.89835
0.137677
1.04941
1.1369
0.523444
0.940871
0.299477
1.73488
1.70013
0.435676
1.8533
0.703962
1.69409
0.632593
0.333384
0.56388
0.692809
1.94018
0.425955
0.642603
1.31812
1.92126
1.04776
0.230863
1.34198
1.85901
0.281763
0.928641
1.79903
0.473418
0.812361
1.89928
1.21908
0.19302
1.77847
0.768393
1.81798
1.56833
0.410511
0.575214
1.25951
1.56216
1.75951
1.47201
1.89926
1.25341
0.130622
0.816791
0.0245204
1.38124
0.815588
0.240268
0.763646
1.26687
0.974045
0.491701
1.09314
1.61439
0.149447
1.6829
1.83628
1.7684
0.837621
0.0118973
0.809642
1.62807
1.16656
1.86438
0.821459
1.57389
0.266682
0.484367
1.95876
0.936919
0.188614
1.84035
0.902735
0.770919
1.95451
0.237568
0.196747
1.04059
0.618627
0.292593
1.47038
1.2317
0.984257
1.26305
1.2271
0.394513
0.389478
0.69483
1.39862
0.569978
0.132963
0.574248
1.22872
1.81483
1.25144
1.17193
1.98222
1.41568
0.458187
1.96992
0.852746
1.76209
0.389471
1.74775
0.180164
0.836992
1.91177
1.67429
1.9065
1.98177
0.289349
1.78017
1.63395
1.84909
0.223764
0.934342
0.786837
1.20242
1.80683
0.435258
1.07165
1.57584
0.956744
1.55435
1.85384
0.335569
1.79386
0.709079
1.09486
0.81807
1.15846
1.42966
0.259439
0.390502
0.424986
1.2894
1.25576
1.67159
0.910607
1.92993
0.316352
0.674653
1.95505
1.2473
0.551459
0.886671
0.731202
0.307361
0.024246
1.82449
0.182724
1.80332
1.11723
0.00702095
1.22998
0.966624
1.90739
0.0954641
0.846837
1.73899
1.53021
0.143145
0.163931
1.73405
1.57519
0.0351388
0.906889
0.58823
0.384279
0.164179
1.24988
1.32216
0.943575
0.729857
1.87146
0.466151
1.98098
1.87805
0.00253379
1.46181
0.897423
1.07065
0.296687
0.179973
0.0969064
0.125857
1.36011
0.808358
1.71121
1.48857
0.973598
1.57183
0.234096
1.65887
0.157665
1.89627
1.74522
0.575739
0.328067
0.239726
1.86753
0.862692
1.51143
0.493269
0.592185
0.505962
1.44794
1.22855
1.2677
1.7681
0.0114528
0.134284
0.923781
1.89456
1.68137
0.554413
1.16705
0.305479
0.998263
0.608978
0.779028
0.374614
0.399216
0.0666847
0.0930488
0.864882
0.03265
1.98433
1.85389
1.86547
1.99892
1.39145
1.75103
0.00263965
1.69623
0.0721446
0.427529
1.6697
1.64339
0.187969
1.16096
0.808415
1.71161
0.833221
1.88863
0.625989
1.88712
1.93986
0.56139
1.71852
0.675224
0.769882
0.404129
0.232655
0.570908
0.101638
0.559762
1.0356
0.942676
0.911796
1.77352
1.42857
0.603553
0.644627
0.0744821
1.67853
1.3008
1.34589
1.24091
1.42068
0.259524
1.77115
0.0739152
1.97615
1.33049
0.481928
1.9056
1.69975
0.507017
0.504054
1.6621
1.97852
0.0115038
0.342667
0.0399809
0.334931
0.218006
1.4836
1.13049
1.95916
0.889555
0.00944197
1.82463
1.53648
1.94082
1.8841
1.15455
1.82939
0.453871
0.402428
0.711431
1.74968
0.533746
0.319086
0.0189493
1.25441
0.876104
1.72807
1.4997
0.461507
1.8421
0.115131
0.126891
1.46936
0.311193
1.91146
0.0378673
0.00958085
0.601001
0.846988
0.58122
0.086484
0.178149
0.773218
1.30497
0.558391
1.89859
0.077722
0.875248
1.27607
1.07338
1.5698
0.431882
0.725556
1.82651
0.850237
0.618744
1.2855
0.9889
0.751856
0.310607
0.990462
0.981065
0.109003
0.00700366
0.186599
0.255096
1.84083
0.0191432
1.88277
1.43244
1.48682
1.00788
1.98507
1.24807
1.79038
1.79152
0.928051
1.85717
0.0457989
0.658923
0.0876048
1.69141
1.83758
0.970904
0.54681
1.74416
0.55066
1.2833
1.20764
0.979509
1.96124
0.837039
1.89332
1.17703
1.57825
1.61491
0.0966302
1.45637
1.44136
1.77677
0.776137
0.00595427
1.80444
1.68332
1.35573
0.778686
0.328557
0.186989
0.199933
0.481114
0.286529
1.8379
0.379831
1.7187
1.76457
0.133028
0.731105
0.360429
1.94885
0.965801
1.84261
0.0629355
0.517638
0.369303
1.54346
0.20673
0.929916
0.609632
0.194304
1.4546
0.123481
1.42623
1.57411
1.82386
0.802818
1.40828
1.05449
1.62888
0.384624
1.11117
1.84756
0.356857
1.50799
1.90665
1.08778
1.32883
1.14316
0.0785289
1.78054
0.181942
1.39342
0.722871
0.174944
1.4641
1.43925
1.92497
1.64409
1.85191
0.440764
1.577
1.77833
1.99637
1.52485
1.45502
1.16426
1.95221
1.19718
0.613928
0.884851
0.828432
1.52026
1.61986
0.400259
0.279174
1.33551
0.757737
0.389501
0.297777
1.69275
0.509546
0.416318
1.60383
1.96324
0.161629
0.986379
1.82949
0.538235
1.89269
1.47982
1.22769
1.05668
1.47742
0.905824
0.690585
1.54439
1.39227
0.228822
1.3941
0.429145
1.94837
0.625199
0.0377233
1.43694
1.62814
1.90587
0.443509
0.872234
0.955779
1.00271
1.84998
0.531931
0.338219
1.15418
1.57708
1.98484
1.99099
1.89579
0.505239
0.699897
1.42835
0.133243
1.68412
0.155274
0.452958
1.12236
0.125031
1.57364
1.23289
0.681349
1.83024
1.9725
0.377455
1.51007
1.05156
1.32409
1.64655
1.14796
1.30336
0.703274
1.97554
1.29545
1.84178
1.0241
1.36282
0.558684
0.0667751
0.998772
0.285619
1.99343
0.742977
0.321461
1.85523
1.90159
1.08876
0.289835
1.25775
1.52086
1.9825
0.984213
1.99689
0.414325
1.47061
1.96375
0.374719
1.15367
0.451335
1.72342
1.34217
0.881664
0.298332
1.12943
0.952168
1.3465
0.454206
0.210034
1.94618
1.21431
0.112122
1.96481
0.170589
1.68974
1.72852
1.91238
1.93486
1.8088
0.553031
1.72229
1.95136
1.9179
0.031016
1.9457
0.854117
0.514529
1.61066
1.77773
0.92173
1.95497
1.85208
1.07023
0.962289
0.298953
0.167567
1.60693
0.829203
0.00586653
0.456909
0.0368143
0.383138
0.982955
1.58256
0.476253
0.156712
0.542008
0.736803
1.95406
0.671398
0.341767
0.977605
1.05758
0.0272151
1.87299
0.810041
1.10412
0.762344
1.02577
0.473248
0.0885051
0.726323
1.56959
1.3053
0.00572038
0.509586
0.705688
1.05913
0.999826
0.170591
0.0658488
0.963355
0.549246
0.0863791
0.0443723
1.30315
1.46851
0.709578
1.41012
1.25189
1.4007
0.243586
1.04288
1.19535
0.803538
1.94577
1.69516
1.51083
0.810873
0.994529
1.80492
1.33762
0.423524
1.93088
1.82228
1.63502
1.96212
0.227324
0.51357
1.24205
0.96015
0.100835
0.799718
1.01539
0.703157
1.87064
1.84604
0.0322808
0.435388
1.6323
1.73461
0.192678
1.55737
1.81295
1.6967
1.43164
1.44107
0.228294
1.9987
1.78807
1.33822
0.28449
1.4847
1.59525
0.672397
0.19532
1.68428
0.0235871
1.32141
1.39224
1.95177
0.211236
0.234243
1.47125
1.7337
0.136609
1.17897
0.767196
1.26944
1.82472
0.0388284
1.55748
0.104245
0.442811
1.95924
0.492677
0.79608
0.96652
0.537264
0.326848
1.408
1.05925
0.465638
0.5574
0.870398
1.91908
1.44915
0.212259
1.41187
0.929307
1.63439
0.290307
1.93997
1.99175
1.55964
0.044937
0.826781
1.85667
0.915682
1.32176
0.363578
1.95508
1.78322
1.80844
1.08987
1.04487
1.81051
1.81303
0.0529083
1.34648
1.34045
1.05249
1.64333
0.474221
0.997566
1.31706
0.756819
0.175363
1.98444
0.156135
0.78421
0.0310978
1.95587
0.0914288
0.252148
0.5827
1.81425
1.23195
1.87154
1.89243
1.01441
1.31166
1.79008
1.2817
1.67627
0.0744504
0.752664
1.8067
0.220167
1.98988
0.349432
0.191676
0.379137
1.75687
0.225819
0.112018
0.5009
0.840284
1.406
1.31847
1.25262
0.0431124
0.496506
0.0752084
0.239898
0.578925
1.13156
0.443818
1.45419
0.356925
0.323788
1.77336
0.939539
0.058388
1.02607
0.381777
1.23208
0.185964
0.815841
1.11624
0.705439
0.188711
1.91274
1.30973
1.56819
0.452704
1.36618
0.922954
0.179885
0.835482
0.502061
1.95289
1.7164
0.170823
0.430643
1.52479
0.8337
0.748215
1.70877
0.504394
1.829
0.1631
1.59962
0.639118
0.318803
0.700386
0.141197
0.0410924
0.0914503
1.67273
1.15322
1.10662
1.06598
1.82899
1.9171
1.68532
0.52759
1.79455
0.566065
1.69749
1.57225
0.851451
1.19498
1.6182
1.7575
0.688947
0.525728
1.74056
0.515711
0.153917
0.258984
1.22498
1.9315
1.06619
1.45716
1.15108
1.60248
0.00944364
1.37816
0.283296
1.88027
1.44352
0.0561701
1.94802
1.16964
0.546413
1.95696
0.249251
0.480365
1.37683
0.458186
0.170452
0.884739
0.557599
1.88002
1.46768
1.79674
1.18121
1.72964
0.547924
0.261313
0.858193
1.47541
0.636148
1.62029
1.78488
1.54298
0.182485
0.499802
0.769125
0.974177
1.15875
0.0935079
1.67231
0.00655425
0.899653
0.863318
0.453846
0.91466
0.355125
1.93147
0.334836
0.942459
1.71561
1.83484
1.62894
1.30143
0.6547
0.881821
1.77293
0.0946559
0.199204
1.47015
0.490584
0.318695
0.164941
1.94258
0.173651
0.856088
1.60294
0.497191
1.19123
1.94416
0.579761
1.1607
0.013656
1.81009
0.445262
0.907513
0.48528
1.49324
1.76316
1.32648
0.162227
1.10794
0.438818
0.139148
1.78631
1.16869
0.286004
1.92359
0.106979
1.45019
0.889527
1.4503
0.359075
0.338712
1.33973
0.196091
1.4757
0.478472
1.28131
0.648791
0.0942466
1.22211
1.82251
1.19848
0.288719
1.69093
1.9061
1.17273
1.26054
1.62551
1.4496
0.74128
0.39849
0.05611
0.367485
1.47288
1.90702
1.47665
1.12491
0.133215
0.704083
1.85265
0.612413
1.2789
1.76268
0.285183
0.108919
1.27632
0.129036
1.74151
1.36866
0.142925
1.58486
1.12215
1.99775
1.07422
1.6689
1.97325
0.474034
0.695328
0.355901
0.716414
1.62545
0.403387
1.28245
0.0929418
0.19605
1.91814
0.383044
0.0933026
0.966208
0.79968
1.33626
1.14492
0.356324
0.548154
0.514011
1.14581
1.1044
0.996012
0.0495733
1.63894
0.103182
1.79583
0.0872203
0.34165
1.98246
0.856904
0.17344
0.532143
0.197955
0.587118
0.637252
0.234654
0.730337
0.306777
1.63999
0.345023
0.23279
1.51791
0.024784
1.11836
0.987209
1.34691
1.95437
1.54918
1.81981
1.22866
1.10707
1.35796
0.946863
0.686743
0.793864
0.0825135
1.61758
0.579663
1.3853
0.568845
1.3279
0.756874
1.19772
1.46833
0.0548724
0.496871
0.829679
0.210022
0.974533
0.166015
0.103935
1.9621
1.08834
1.08004
1.08049
0.802544
1.48384
0.165916
0.346826
0.144964
1.90478
1.64607
0.362343
0.636073
0.737454
1.79746
1.89071
0.707565
1.7544
1.96831
0.258651
1.42932
0.901894
0.165364
1.96348
0.42743
0.0961523
1.26128
0.207029
0.435946
0.59962
1.79775
1.12255
1.06498
1.39012
1.45195
1.14806
1.93498
0.763267
1.3487
1.29857
0.65582
0.371101
1.09408
1.7666
1.34597
1.52278
0.363633
1.03894
0.72672
0.676716
1.32639
1.12955
0.223719
1.65728
0.522618
0.776593
1.04931
1.84591
0.0665787
0.957811
1.37639
1.13935
1.08594
1.48832
1.75267
0.284466
1.692
0.0320562
1.95897
1.0506
0.00791943
0.00998652
1.17133
1.94082
1.54366
1.39626
0.474117
0.928864
0.529722
0.374309
1.23773
1.30184
1.34947
0.783176
0.982355
1.50118
0.323292
0.381736
0.11695
1.30159
1.95731
1.26694
1.04421
1.93896
0.189574
0.716121
0.684242
0.015224
1.61059
0.707049
0.214482
1.3803
1.53042
1.45217
1.24189
0.952037
0.985696
1.98804
1.9826
1.18
0.721023
0.514888
1.60445
0.963832
0.523895
0.28109
1.78818
1.74123
1.33721
0.351413
1.40032
0.821721
0.400752
1.86831
1.96023
1.80545
0.860925
1.00145
1.68987
0.594242
0.0703207
0.230979
1.22257
0.82639
1.8602
1.8681
0.493468
0.167633
1.00863
1.86811
1.34612
0.644502
0.582574
1.83004
1.47096
0.408813
0.354954
1.89524
1.23013
0.313897
0.604806
1.85559
1.80752
1.46388
0.419386
0.426012
0.823707
0.981102
0.124999
0.00437117
1.51139
1.81354
0.339777
0.656626
1.53541
1.11613
1.88052
0.253632
1.51133
1.69803
1.78104
0.684297
0.541316
0.0838323
0.651458
0.568103
0.0629261
1.59518
1.79026
0.308632
0.065648
0.867913
0.274979
1.24291
0.650001
1.01473
0.200617
1.75873
0.997439
1.49725
1.64633
1.39425
1.59334
1.45457
1.08747
1.21201
0.224664
1.13694
1.05375
1.72506
0.114278
0.0254289
0.0464309
0.44672
0.851089
1.45378
1.70806
0.886641
1.28968
1.69806
0.145326
0.727769
0.595957
1.46276
1.20682
1.0661
0.932398
1.72996
1.63076
1.40947
0.572708
1.7536
1.39906
0.763814
0.3037
1.64702
1.84593
1.76005
0.414796
1.47234
0.884174
1.99895
0.551193
1.96302
1.95391
0.1889
0.211463
1.00304
0.0738567
1.64326
1.43492
0.127648
1.1438
0.313102
0.135053
0.311578
1.69648
0.422531
0.205908
1.6878
0.789525
1.96411
0.246769
0.0116518
1.09516
1.53431
1.18757
1.16324
0.75992
1.19166
0.22518
0.81177
0.150798
1.77661
0.538815
1.93678
1.48105
1.16522
0.121687
1.16777
1.33982
0.826219
1.61126
1.05631
0.658017
1.17714
0.621907
1.13698
0.227914
0.354753
1.76761
0.102021
1.37564
1.33621
1.77684
0.383046
1.93947
0.639932
0.371627
1.61461
0.65452
0.193932
0.593433
1.67864
0.299181
1.84431
0.0370309
0.186388
0.319558
0.929094
0.151436
0.0538707
1.80105
0.00237119
0.593901
0.77661
1.83441
1.93093
1.35924
0.618993
0.723342
1.35402
1.23757
0.0101004
1.92025
0.424871
0.504314
0.124331
1.62801
0.685105
0.961543
0.215575
1.98402
1.39719
1.59759
0.958829
0.266794
0.751729
0.352151
0.0668926
0.902866
0.0824286
1.54468
0.342389
1.40649
0.452377
0.849351
0.128167
0.706075
1.96039
1.42307
1.6093
1.97254
1.0406
0.19892
0.146112
0.00478888
1.10322
1.6966
0.543865
0.797861
1.4983
1.4208
1.4108
1.81277
0.860851
0.150094
0.256832
1.25831
0.104351
1.84543
0.0368936
0.335655
1.26328
1.94827
0.955812
1.02495
1.47439
0.845898
1.89466
1.09036
0.226188
1.32091
1.40292
0.137442
0.887674
1.18977
0.610976
0.0769496
1.36818
1.64618
1.82463
0.287964
1.51818
0.147448
0.135617
0.301491
1.27525
1.08558
0.556398
0.199178
1.57207
1.35633
0.240192
1.17678
0.900222
1.51359
0.304939
1.68838
0.436001
0.393686
0.49896
1.50502
1.68085e-05
1.91767
1.97213
1.76907
0.0263635
0.863044
0.162072
1.93726
0.958152
1.05799
1.45396
0.118778
1.56303
1.67
0.3814
1.84681
0.137622
0.182358
0.628168
1.87933
0.643467
0.495756
1.61836
0.482351
0.915887
1.92789
0.22525
0.289936
0.510498
0.932337
0.663057
1.62716
1.89956
0.14267
0.753379
1.84598
1.95711
0.0479351
1.30844
1.38544
0.554015
1.72649
1.54447
0.922603
0.585758
1.4293
0.299942
1.12402
0.312924
1.1678
1.92693
1.37991
0.338653
0.0314612
0.265563
1.77548
1.45819
0.545505
1.41302
1.84345
0.880215
0.0748032
1.56567
1.87732
0.575781
0.370657
0.546227
0.204875
1.86099
1.09696
0.469439
1.27093
1.66725
0.0898778
0.831798
0.290219
1.0765
0.276551
0.490929
0.93925
1.12187
0.397034
0.0409847
1.98589
1.39327
1.00761
0.19469
1.47998
0.501645
0.452014
0.291305
1.90641
0.0210431
1.96541
1.33948
0.430051
0.645707
0.0794464
0.725868
1.21415
0.569389
0.0944399
1.86841
0.975629
1.79223
1.66822
0.811273
1.71181
1.60304
0.205735
1.02315
1.96099
1.16549
1.43642
0.732752
0.121458
0.248255
1.11495
1.49221
0.947589
0.165497
0.196058
0.47882
0.848901
1.39389
1.42948
0.821445
1.73375
0.255087
0.386888
1.1491
1.86489
1.15041
0.41564
1.59603
0.195901
1.36356
0.458633
0.0302706
1.74657
0.413434
1.19337
0.232044
0.751131
1.96175
1.08102
1.7981
1.42892
0.884814
0.742624
0.329232
0.0687462
0.0675552
0.0782256
0.0953027
0.329724
1.77558
1.63356
1.76736
0.292482
1.2289
0.202244
1.47658
1.80563
0.20449
1.37741
1.72233
0.902636
0.191909
0.419412
0.0142202
1.84938
0.458432
1.36723
1.50066
0.203242
1.38945
1.22177
1.50521
1.10141
0.698146
0.476411
0.314218
0.172732
0.586848
0.170614
0.43064
0.172344
0.148234
1.94686
1.35995
0.0952541
1.36562
0.276436
1.95566
0.303291
1.29427
0.18952
0.0562563
0.0278463
1.87879
0.0101308
0.920743
1.00938
0.707802
0.598804
1.77384
1.27734
0.268484
0.0225598
1.94963
1.74706
0.14634
0.987935
1.68896
1.92435
0.75295
0.600853
1.56742
1.1824
1.12835
0.125978
1.29421
1.89517
0.202305
0.118187
1.02857
0.324646
1.08572
0.587298
0.671062
0.0877348
1.74105
0.0757567
1.8384
0.830947
0.283272
1.96979
0.0507776
0.844463
0.615531
0.622015
1.90658
1.39884
0.175993
0.588188
0.0427543
0.318238
1.23379
1.00176
1.11393
0.431435
0.0562029
0.133455
0.0760692
1.39476
1.3038
0.288579
1.67569
0.441217
0.771848
1.33229
1.26452
0.0215242
0.594977
1.45734
0.17752
1.24749
1.83339
1.70893
0.48727
0.634037
1.73525
0.411387
0.260298
1.7681
0.356305
0.672495
0.533211
0.0122235
0.92343
1.08912
1.92205
1.39587
0.062928
1.91631
1.57702
0.229545
1.12604
1.53972
1.6732
1.2187
1.93007
1.66414
1.94361
0.507227
0.125327
0.59995
0.146334
0.237181
0.786281
0.311309
1.99346
0.202929
0.197335
0.487065
0.276021
1.98096
1.57147
1.66654
0.140996
0.447585
0.365855
1.71975
1.86676
1.92315
1.66976
0.746244
1.75023
1.37545
1.20155
1.27356
1.98563
1.10777
0.730578
0.560918
1.99766
1.58536
0.109239
1.12004
1.15261
1.95448
0.389237
0.0163311
0.499423
0.159465
1.4768
0.850744
1.06082
1.71648
1.4003
1.98091
1.797
1.09746
0.531276
0.934896
1.17609
1.1192
0.106883
0.195378
1.3626
0.237128
1.18903
1.00616
0.223368
1.27083
1.80048
1.21342
0.561111
1.96344
0.432014
1.92263
1.5867
1.89758
0.421233
0.369552
0.376572
1.81362
0.122006
0.598143
0.881991
0.0407619
0.235754
1.01331
0.348088
1.47554
1.56964
0.360869
0.399822
0.521033
1.40051
1.56907
1.81856
0.103041
1.20039
1.4994
0.189613
0.518788
1.84762
1.92268
0.668217
1.93574
0.387531
0.0213115
0.128297
0.625717
0.0886835
1.89946
1.98353
1.24136
0.40289
0.815617
0.421287
0.880458
1.86777
1.89153
1.99318
0.912184
0.059608
1.11639
0.904901
1.68797
0.236194
0.236458
0.439114
1.72345
1.2681
0.326117
0.259792
0.64928
0.00525129
0.344071
0.282327
0.961561
0.0141166
1.03792
0.672288
1.74161
1.92925
1.33603
0.227156
1.8444
0.951976
0.451796
0.027503
0.969913
0.872414
0.985337
0.511084
0.101527
4.56572e-05
0.81541
1.87691
1.06906
0.211048
0.0265005
1.387
0.433643
0.945542
0.392808
0.155106
1.99325
1.93275
0.592831
1.43674
0.0368105
1.29512
0.0236927
1.46294
1.14728
1.54158
0.142823
1.42337
1.15284
1.19782
1.6218
1.96414
0.667639
0.0611916
1.96752
0.444726
0.432011
0.810316
1.20686
1.14229
1.66193
0.228306
0.727419
1.73319
1.59801
0.77829
0.272938
0.0308099
0.284274
1.0618
0.602577
0.70994
0.966063
1.268
0.615062
1.01589
0.364531
0.0465834
0.929145
1.98932
0.160985
0.934362
1.15377
0.309366
1.92087
0.991578
0.604118
1.39794
0.501972
1.38044
1.81836
1.64189
0.448546
0.324671
0.492455
0.184091
1.99203
0.557117
0.102672
1.03311
1.21477
1.15773
1.19056
1.72992
1.84854
0.440346
1.36319
1.08356
1.58461
1.25624
1.66299
0.360758
1.56014
1.95591
1.12773
0.656283
0.0940481
1.39441
1.74146
1.68344
0.835887
1.85094
1.67641
1.45858
0.0250114
1.83115
0.554871
1.74443
1.4063
1.56735
0.744727
0.674904
1.4067
0.357685
0.494266
1.49622
1.60973
0.255682
1.99267
0.665741
0.286059
1.28378
1.97099
0.550074
1.61467
1.00727
0.943155
1.81864
0.472878
1.789
0.216859
1.94723
0.295386
1.55275
1.7829
0.976551
1.07032
1.37435
1.01041
0.408324
1.09119
0.558507
1.81808
1.84727
1.82173
1.25214
0.580534
1.7914
0.883641
1.95448
1.92954
1.11359
0.733294
0.596141
1.45414
1.46098
0.579025
1.72002
1.83951
1.97184
1.34873
1.27902
0.0247003
1.76086
1.11376
0.454295
1.93242
0.976404
1.53826
1.82283
0.806912
1.68767
0.26491
0.912445
0.0374149
1.21439
0.356413
1.69865
0.30606
0.549259
0.542186
0.183829
0.397846
0.667027
0.896476
0.0281793
1.66792
0.064252
1.59197
0.137767
1.4728
1.78443
1.28503
1.87389
0.0287418
0.120813
1.60086
1.12882
0.257165
0.0199051
0.739534
0.0392278
1.89252
1.62124
1.41298
0.984345
0.00400996
1.45614
0.794574
1.30198
0.551955
1.70276
0.642869
1.24034
1.30177
0.609036
1.54547
0.185951
0.824455
1.91473
0.879205
1.00429
1.99553
0.772387
0.496279
1.07954
0.938379
0.394184
0.0563003
1.29128
1.99173
1.86702
0.371085
1.35273
0.661061
1.89187
0.0269158
1.36416
1.98291
0.0104358
0.0135407
0.73583
1.31738
1.11632
0.38151
0.129287
1.95926
1.56888
1.17054
1.73034
0.835581
0.0627097
0.442006
0.940405
1.79916
0.0612034
0.584044
0.0653259
0.251427
1.28735
0.106224
1.29763
0.221253
1.46672
1.23406
1.08952
1.21125
1.84746
0.167192
0.0347174
0.511373
0.737555
1.03312
0.669526
0.0187564
0.352215
0.0292553
0.608648
1.95388
0.0274576
1.70863
0.00306344
0.907938
1.85383
1.8797
0.283046
1.84211
1.82998
1.03774
1.00789
1.63152
1.22925
0.916879
0.999657
0.0681324
1.68279
0.859131
0.575596
0.0199679
0.238403
0.239353
0.704147
1.70106
1.9802
0.0533806
1.13741
1.78627
0.0959862
1.46461
1.38606
1.2009
0.76256
0.625207
1.1109
1.56605
1.97441
0.060451
1.1038
1.6388
1.81921
0.228701
1.6664
0.586542
0.15301
1.78101
0.392361
1.89784
1.65445
0.595844
0.637143
0.668684
1.96112
1.63381
1.47075
1.8723
0.73869
0.672217
1.59816
0.685886
0.894426
0.0818216
0.0394191
1.93607
0.149363
0.00358927
1.52869
0.744712
0.0443714
1.55952
1.90954
1.22289
0.476809
0.0805286
0.999323
1.00053
1.58258
0.743737
0.837971
1.5669
1.89481
0.909538
0.102015
0.771188
1.15854
0.169322
1.48844
1.71614
0.824107
0.658527
0.0369292
1.86042
1.12939
1.73122
1.44286
0.380075
0.170409
0.487146
0.538516
1.94523
0.161966
0.142862
0.102529
0.474657
1.92579
1.52356
1.82104
0.564309
1.29122
1.95246
0.59257
1.34052
0.686957
1.88416
1.83394
1.95454
0.338335
1.82987
1.82488
0.676738
1.86593
1.96998
0.600809
1.77055
1.89419
0.546427
0.426657
1.7437
0.11445
1.10928
0.87526
0.439267
1.21125
0.999853
0.538398
0.82066
0.501915
1.81478
1.78775
1.19284
1.43722
1.8608
0.205803
0.579615
0.372763
0.78948
1.62587
0.519374
1.90668
0.977909
0.287706
0.231403
0.629035
1.81508
0.250542
1.23331
1.81432
0.0989537
0.185871
1.54253
0.18638
0.10635
1.70108
0.27557
0.125074
1.81546
1.18732
0.266273
1.93919
1.62422
0.494352
0.618063
1.27006
1.30523
0.115882
1.79897
1.67684
1.43022
1.40958
1.54393
0.849002
1.18609
1.68652
0.76321
0.899918
0.667155
0.832635
1.03948
1.65894
1.51021
0.356748
0.0429693
1.93393
0.234655
0.369766
1.47317
0.212057
0.211412
1.93751
0.00792873
1.23043
1.00976
0.26845
1.05202
1.17087
1.62647
1.12497
0.252863
0.0998068
1.25188
1.82517
0.0533396
1.94702
0.725096
1.84502
1.46594
1.68284
1.79348
1.8771
1.37989
1.80112
1.38704
1.59269
0.763099
0.51264
0.827653
1.29558
1.95875
0.759131
0.35892
0.0994415
0.10184
1.58106
1.11619
1.55483
0.960136
1.20405
1.27257
1.49513
1.75029
1.50527
0.518832
1.46496
0.946337
1.534
1.10496
1.11093
0.341114
1.13019
0.344541
0.80948
0.0216708
0.91166
1.73081
1.32146
1.38875
1.90433
1.63744
1.85894
1.57334
0.970612
1.62869
1.90653
0.794757
1.63669
1.65279
0.751983
1.5252
0.567357
0.0794297
1.58295
0.125064
1.04867
0.187633
1.27482
0.691862
1.93136
1.074
0.658587
0.579774
1.72333
0.0759201
1.10969
1.39786
0.385603
1.16958
0.249597
1.7431
0.546972
0.592355
1.97455
0.694237
1.29803
0.0726373
0.872273
0.318435
1.03818
1.97401
0.0795283
1.95596
1.94844
0.113254
1.6471
1.95132
0.0549573
0.348656
1.67362
1.98476
0.759868
0.569942
0.0480525
1.47343
1.92998
0.932866
1.99565
1.15321
1.93957
0.262024
0.744481
0.0320003
1.10091
1.14095
1.93553
1.04619
1.1177
1.9738
1.14033
0.873686
1.97506
1.03398
1.60797
0.00817621
1.38185
0.304544
0.194584
1.84124
1.50986
0.950372
1.10068
1.31654
1.03971
1.92733
1.84296
0.90511
0.00548923
0.148682
0.0614269
0.198858
1.98356
1.20577
0.399226
1.90812
0.0552088
1.63414
0.207067
1.96498
1.85231
0.648315
1.43964
1.80615
1.51069
0.760031
0.0336217
0.261705
0.260931
1.83534
0.823248
1.80633
0.898352
1.70104
1.25947
0.583606
1.91571
1.91465
1.24008
1.62703
0.610543
1.86139
1.63286
1.24255
0.253142
1.84503
1.27663
1.81681
0.0862418
1.6655
1.68819
0.707922
0.00638568
1.92926
0.259161
0.137461
0.235388
0.616799
1.39867
1.94484
0.363532
1.61104
1.51785
0.773066
0.118029
0.370909
0.298384
1.07841
1.30492
1.28787
0.436311
1.22526
1.95467
0.66746
1.77134
0.347033
0.557368
0.363077
0.827075
1.68884
1.45617
0.580501
0.168845
1.9399
1.77508
1.3077
0.261408
0.531543
1.33311
1.43371
0.895145
1.19745
1.20744
1.39574
1.18173
0.602879
1.73698
1.25877
1.9378
0.0430257
0.352419
1.23766
1.86478
0.533908
1.32198
1.91331
1.69331
0.387619
1.9898
0.0797701
1.39527
1.87941
1.17421
0.508375
1.34467
0.850686
1.48863
1.92776
1.39153
0.168148
0.437941
1.04094
0.290377
0.0727166
0.383821
0.877763
0.0573704
1.95644
1.9037
0.0382407
0.201325
0.169775
0.259944
1.64539
1.35611
0.800084
0.83229
1.32185
1.65392
0.18555
1.43692
1.10558
1.28189
1.4983
0.105992
1.1783
0.59868
1.57372
1.13998
0.0192977
1.36226
0.235268
1.32159
0.234379
0.193435
0.591146
0.0824
0.0232821
0.692015
1.57425
0.146841
1.02972
0.968639
0.154164
1.47246
0.799483
1.17531
0.284552
1.38933
0.127131
0.945878
1.6557
1.65855
0.486832
0.289623
0.348332
1.50938
0.364031
1.90515
0.68451
1.35198
1.59714
1.29348
1.89834
1.61593
1.0058
0.0221645
0.99738
1.7243
0.941876
1.14963
0.700505
0.400084
0.850007
1.13803
0.435797
1.48386
0.352661
1.99773
0.880025
0.101786
1.92752
1.98269
0.936071
0.312522
1.10041
1.87786
1.36704
0.855248
1.91698
0.166565
0.722053
0.312595
0.545918
1.09864
0.70677
0.561778
0.965549
0.0297726
0.546181
0.554415
0.0641438
1.12781
1.76548
1.7686
1.51259
0.814449
0.836871
1.89261
0.880322
0.114918
1.5898
1.97762
1.06925
1.16298
1.96883
1.95257
0.996284
1.64456
1.80537
1.01268
1.37575
1.98376
1.70779
1.33005
0.911447
1.8494
1.01227
1.35109
0.288682
0.807542
0.754034
0.86221
1.94091
1.35276
0.377082
0.373839
1.61171
0.778029
0.872389
1.53013
1.08796
1.80999
0.286876
0.723998
0.90084
1.1195
1.97836
0.211544
0.19754
1.79692
1.71924
0.208286
1.17387
1.97068
0.44714
1.42487
1.20774
0.250645
0.157446
1.50169
0.757128
0.558626
1.36433
0.409656
0.568296
1.7105
0.680711
1.98106
0.0336862
1.621
0.0587676
1.81095
0.322794
0.143252
0.815335
1.82506
0.357895
1.80209
0.184235
0.0680697
1.86068
1.56763
1.76032
1.68065
0.815171
0.3887
0.414961
0.998878
0.446565
0.107602
0.214072
1.6775
0.44929
0.937234
1.77077
1.51388
0.928864
0.572444
0.318697
0.210155
1.10936
0.196354
0.0444051
0.912272
0.883803
1.23168
1.99932
0.693585
0.70285
0.684116
0.382743
1.03165
0.324641
1.93849
1.76045
0.994607
0.893306
1.84739
1.86514
0.895411
0.215771
1.62312
0.674013
1.57887
0.89307
1.37321
1.17947
1.55186
0.360495
0.791075
0.440311
1.68768
1.989
0.889454
0.0562373
1.49082
1.74292
1.40739
1.94247
0.396934
1.83266
0.0855579
1.97048
0.0228467
1.86102
0.442423
0.687969
1.99033
1.3602
0.330447
1.56939
1.26309
0.63642
1.27724
1.29638
1.6346
1.53294
0.340071
1.06704
1.25399
0.844789
0.341806
0.312703
1.84414
1.9085
0.354156
0.368757
0.543164
0.22193
1.51302
1.56608
1.9418
0.272416
0.654679
0.205784
0.783723
1.35886
1.25252
1.36151
1.28999
1.86513
0.549138
1.43356
0.0509952
1.59285
1.65697
0.499274
1.78283
0.321126
1.22449
1.4744
1.90635
0.253327
0.14659
1.34985
0.177195
1.70949
0.466391
0.402153
0.248991
1.94612
1.94369
0.340257
0.541662
0.140436
0.966913
1.83463
0.358691
0.697799
0.984814
1.87959
0.76154
0.771196
0.561059
1.90885
1.98298
0.0818745
1.90045
0.755659
1.68371
0.256193
0.435365
1.03975
0.995589
0.467572
0.402515
0.525128
0.15264
0.0287774
0.702496
0.250552
1.98066
0.438879
1.89594
0.32469
1.57982
0.290026
0.632512
0.326408
1.71358
1.28491
0.903069
1.763
0.0449667
0.0428092
0.94353
0.159182
1.92081
1.26042
1.75425
0.181758
0.879078
0.97736
0.0894667
1.64532
0.931747
1.89868
1.91052
1.4995
0.385107
0.907144
1.71197
1.55982
0.182054
0.617879
0.409528
0.733665
0.553906
0.609642
1.91346
0.25103
1.97894
1.40335
0.132605
1.1927
1.95414
1.90375
1.38547
0.842804
1.96749
1.18514
1.16625
0.212981
0.765012
1.93684
1.67026
1.04399
0.362991
1.82088
1.42823
0.323805
0.35244
0.119346
0.840112
0.864196
0.0671047
1.0109
1.59446
0.245624
1.53454
0.607971
1.86148
0.712425
1.8897
0.720821
1.00826
0.535905
1.96275
1.60402
0.184015
0.615118
0.159966
1.79328
0.0919316
1.06068
1.36741
1.31675
0.0837518
1.92602
0.220156
1.55888
1.52006
1.49493
1.94248
1.66939
1.10635
1.99804
0.597377
1.24501
0.98071
0.149911
1.76029
0.0307233
1.28065
0.713989
0.276322
0.57362
0.536138
1.94256
0.110487
1.20192
0.489318
0.941628
1.87203
1.85106
0.848352
1.36263
0.934211
1.95706
0.0545608
1.58384
1.46581
0.764559
0.0736713
0.61292
1.32327
0.429307
1.11629
0.719981
0.472055
1.05274
0.585218
1.40198
1.76597
0.435567
0.00430703
1.36021
0.389439
0.396946
1.38035
0.84826
0.531629
1.94605
0.259827
1.20543
1.96299
0.0162349
0.104469
1.17859
1.94508
1.94784
0.966668
0.203622
1.14648
0.582326
1.58399
1.45905
0.415152
1.95011
1.09458
1.9811
1.6445
1.9562
1.36564
1.3047
0.919231
1.04282
1.82485
1.07346
0.141547
1.6237
0.951073
1.88916
0.115559
1.02153
0.474221
0.0187073
1.33809
1.27969
0.974761
0.262998
0.564609
0.135298
0.0980229
0.881927
0.524326
0.381158
1.91004
1.87344
0.995941
0.314394
1.58343
1.77969
1.68063
1.2731
1.55109
0.0801749
1.92982
1.06061
1.89018
1.15267
1.13758
0.427801
0.798756
1.93741
1.55633
0.0364126
1.34889
0.192181
1.34448
0.250294
1.90848
0.31445
0.136569
0.259712
0.0866913
1.82659
1.96183
0.201807
1.03197
0.443708
0.726925
1.98287
1.29296
1.44358
1.78444
1.14798
0.784359
1.93587
0.241698
1.22294
0.378569
0.299733
0.721102
0.334164
0.104891
0.889692
1.39062
0.471942
1.038
0.174129
1.93584
0.195494
0.138641
1.82169
1.95363
0.321382
1.66354
1.77961
1.99323
1.0568
1.13225
1.57169
1.14067
1.94924
0.424973
1.79597
1.99013
0.0486879
0.0203403
0.039431
1.62177
0.832927
0.182091
0.907984
0.321775
1.7763
0.972153
1.38919
0.375697
0.375988
0.166145
0.636203
1.16605
1.99715
1.23413
1.92659
1.19237
0.210012
1.94141
0.25162
1.76149
0.57275
0.184137
1.23851
1.62891
0.20066
1.7276
0.395855
0.350475
0.0209388
0.120938
1.39106
0.150229
0.709293
0.262147
0.060872
0.397743
1.30084
1.80601
0.235454
0.46876
0.573258
0.727539
0.675115
1.23265
1.20572
1.08598
1.081
0.224079
0.0512813
1.969
1.89826
1.97835
1.5385
1.62861
1.80595
1.9768
0.509081
1.40543
0.807365
1.48809
1.92515
1.50531
1.08782
0.148032
1.7498
1.86949
0.0598524
0.388504
1.16735
0.346438
1.82789
1.10044
1.12158
1.4669
0.855945
1.8929
1.46491
1.8928
0.709743
1.96486
1.83281
0.775015
0.0157843
0.651464
0.0158111
1.90161
1.99485
1.17591
0.437244
0.754555
0.43237
1.62741
1.28317
1.8627
0.271329
0.0141865
1.57681
1.87885
0.211261
0.206853
1.81137
1.58001
0.317106
0.959023
1.4279
0.13271
0.732333
1.45987
1.51738
0.0436953
1.06141
0.9405
0.150237
1.53911
0.306018
0.243334
0.939486
0.217749
1.28428
0.0632397
1.9244
0.0349944
1.92368
0.432592
1.98393
0.459715
0.563586
0.391713
0.169395
1.84684
0.741558
0.277915
0.223689
0.0950971
1.54368
0.793596
1.92446
1.53071
1.80633
1.08778
1.76028
0.184381
0.131141
1.57304
0.400169
0.334732
0.198732
0.397619
0.535469
0.377573
0.649327
1.62561
1.88938
0.934939
0.234288
0.592277
0.940556
0.531583
1.68298
0.0915594
1.71199
0.851188
0.550594
1.29362
1.86362
0.34603
0.946085
0.849605
1.06794
1.82903
1.93694
1.14838
1.75132
0.0092783
1.68569
1.54137
1.46962
1.66526
1.97892
0.373043
0.584065
1.66667
1.33503
0.571243
1.82013
0.743716
1.73912
1.62512
1.85282
0.79241
1.76497
0.964984
1.58354
0.494649
0.100897
1.49078
0.395634
0.204147
1.27025
0.349659
1.08771
0.314792
0.868865
0.451252
1.06157
0.113244
1.62224
0.397501
0.131479
0.0895838
1.70317
1.78574
0.396641
1.83059
0.892638
0.954905
1.53264
1.09887
0.122825
0.868073
0.978033
0.00179374
0.778316
0.464839
0.365346
0.191515
0.195174
0.771783
0.0919909
0.0644294
0.0512143
0.0171087
1.27904
1.6297
0.220868
0.504189
0.221605
1.25597
1.06407
0.118214
1.47926
1.18033
1.81083
1.3804
1.2953
0.970598
1.17364
1.19873
0.159807
0.0253681
0.21943
0.861597
1.89092
1.34859
0.341672
1.0467
0.471378
1.85704
0.671302
0.712894
0.8154
1.13656
1.44932
0.059902
0.401225
0.84918
1.21592
0.445148
1.78687
1.35491
0.832408
0.64081
1.89571
0.917716
1.76612
1.84263
1.63393
1.18207
1.22143
0.397183
0.245829
0.871908
0.588345
0.490968
1.47912
0.562111
1.77491
0.888899
1.41811
0.612873
1.51883
0.894871
1.85298
0.6884
1.51076
1.8201
1.9381
0.39068
1.58359
0.501746
1.94333
0.406016
0.0941918
1.46374
1.46621
1.83596
0.648459
0.958119
1.62712
1.83487
1.72024
0.322821
0.503146
1.74167
1.37795
0.0782192
1.11609
0.923093
1.74439
1.78663
0.865512
0.893512
0.269309
0.44005
0.6088
1.6799
0.533946
0.183342
1.8255
1.46743
1.88524
1.9548
0.45702
0.74723
1.84293
0.0628654
1.54837
1.89087
0.194071
0.659176
0.440855
0.903665
0.330051
1.79545
1.30039
1.95875
0.679438
0.436645
1.28433
1.97064
0.92919
1.60278
0.0766088
1.89374
0.0074681
0.326148
0.389456
0.394809
1.52965
0.771678
0.340123
0.445607
1.41203
1.72841
0.462417
0.556017
1.2081
0.194988
1.21827
1.99335
0.339157
0.0365367
1.61038
0.210812
1.20596
0.112346
1.96549
1.14059
1.57811
1.34016
1.17073
1.3807
1.11908
0.516533
0.691937
1.00585
1.56764
1.72355
1.02663
1.36079
1.59683
0.352851
0.672868
0.144405
1.9367
1.30219
0.0704037
1.00625
0.338063
0.0182551
0.552734
1.6961
1.5342
0.237221
1.82681
1.9941
1.70444
0.598826
0.091805
1.49491
0.30912
0.38654
0.801787
0.566604
0.99158
1.76899
1.54722
0.650412
0.586296
1.43689
0.951539
1.53174
1.29901
1.47918
1.38276
0.357409
0.518437
1.65897
1.23942
1.36088
1.08238
0.0786741
1.62269
0.523515
1.84746
1.11891
0.0729028
1.40778
1.91229
1.48225
1.96502
0.260256
0.969678
1.78266
0.00395048
1.61649
1.65133
1.99358
0.210432
1.07868
0.140063
0.590945
0.889819
0.290074
0.227575
1.99224
1.48065
0.776426
1.73082
1.64916
0.78102
1.49131
1.05062
0.616185
1.73443
0.815222
0.774486
1.3354
1.88992
0.189913
0.0205374
0.140413
1.27414
1.6838
1.01774
1.10465
1.04891
1.57945
0.182456
0.931147
1.77553
1.31157
0.0168742
1.14129
0.0794678
0.126871
1.89272
0.416656
1.90031
1.83967
0.12891
1.44686
1.48036
1.38596
1.25344
0.910092
0.0847605
0.29914
0.350287
1.00245
1.55078
0.494597
0.372234
0.463345
0.109716
1.16069
1.94817
0.961715
1.82021
0.577629
0.95149
1.98035
1.75593
0.0503576
1.9597
1.81744
1.28731
0.0197765
1.9887
0.24998
0.652649
0.950007
1.5441
0.494449
1.17147
1.84541
0.00764585
1.80468
1.16456
0.0343579
1.61117
0.0353719
0.348937
1.66197
1.98769
0.30827
0.987205
1.80733
1.4761
0.199892
1.10279
0.911206
1.86135
1.15191
1.92491
1.22989
1.93666
0.866381
1.01936
1.11258
1.88538
0.214993
1.75893
0.493472
0.270492
0.734167
0.858346
0.353743
1.90016
0.75029
1.18276
1.71661
0.288488
0.40551
1.41161
1.30685
0.297749
0.998535
0.486158
0.185547
1.16969
1.95896
0.915469
1.43266
1.1146
0.177742
1.16645
1.05728
0.347779
0.523947
1.89792
0.178394
1.99604
1.99375
1.41946
1.85268
0.778517
1.40093
0.0501475
1.39438
1.08359
0.212444
1.7397
0.0445015
1.38182
0.00518489
1.63311
1.12133
1.30955
1.62955
0.056859
1.74089
0.504144
1.73569
0.398851
1.02174
0.25393
1.52714
1.46694
0.901256
1.65394
1.97483
1.13764
1.76517
1.21938
0.720619
1.2351
0.904678
0.696504
1.30552
0.0673009
0.841086
1.80159
1.11466
0.172674
1.39636
0.995308
1.01591
0.537751
0.459781
1.17715
1.5853
1.61685
0.81325
0.121226
1.89349
1.49428
1.65407
1.76535
1.2221
0.484699
1.51269
1.26841
1.56917
1.65564
1.73808
1.99953
0.0262604
1.69035
0.100454
0.160565
0.00389493
1.68467
0.229754
0.807167
1.2252
1.41918
0.39422
0.223193
0.946251
0.830614
0.176867
1.02541
0.84918
1.98723
1.96241
1.72179
0.271981
1.73379
0.872916
1.48502
0.676227
0.123703
1.54988
0.118862
1.19095
1.34954
0.189298
1.93536
0.495524
1.67754
0.865903
0.360463
1.99096
0.598864
1.42856
1.69949
1.98184
1.68958
1.04082
1.64906
1.81661
0.718659
1.47257
1.80849
0.596209
0.686987
1.27129
1.7785
1.72382
0.658562
0.504563
0.119847
1.67032
1.00754
0.374196
0.0896552
1.35359
0.315271
0.621206
1.95736
0.798486
1.79504
1.71777
0.0661782
0.302337
1.04867
1.34777
0.0163201
0.885275
0.275789
1.25386
0.113281
1.47613
1.64388
1.13299
1.20777
0.0658008
1.0689
0.800836
0.866417
1.86096
0.691997
1.49175
0.999534
1.30379
1.99817
1.16809
0.195589
1.22269
1.92259
0.111848
1.77398
1.42349
0.126704
0.12297
1.67217
0.795108
0.149261
0.20507
0.508625
0.28865
0.705913
1.32705
0.0247521
1.40502
1.6228
1.72674
1.94179
1.68136
0.135059
1.18789
0.772742
1.15824
1.15902
1.93398
1.83653
0.0920368
0.264206
1.16806
1.03078
1.66562
1.19885
0.709652
1.7707
1.32144
1.37581
0.352586
1.78825
0.210615
0.988138
0.0266033
1.55263
1.39521
0.333072
0.767457
1.09982
0.688663
1.88267
1.98266
1.46002
1.24445
0.924847
0.412137
1.99982
1.36702
1.90727
1.76872
0.889276
0.975196
0.609256
1.35003
1.35369
0.708104
0.24386
0.248834
0.928431
0.611418
0.712011
0.128442
0.399549
0.375796
1.41539
0.429364
0.425929
1.93946
0.0180597
1.38378
0.981516
0.195007
0.474041
0.618522
1.74578
0.110707
0.816343
1.97687
0.919263
0.975849
0.422665
0.0478457
0.751082
0.449351
1.19838
1.01464
0.0606507
1.6842
0.418633
0.222032
1.41973
1.14045
0.111646
1.15576
0.566894
1.07381
0.826766
1.44968
1.94841
1.61698
0.414568
0.361732
0.00548697
1.45782
0.826582
0.105331
1.17951
1.68362
0.930208
0.28304
1.59697
0.0999842
1.37442
1.97475
1.13962
1.97488
0.0134329
0.80238
0.308899
0.639559
1.16741
0.500859
1.93845
0.685328
0.338743
0.572235
1.4284
0.951405
1.87524
0.99074
0.49582
1.93848
0.667982
0.682332
0.56053
0.994697
0.665019
1.51134
0.289075
0.873473
1.87752
0.865366
0.870239
0.791716
0.61939
0.8889
0.0811557
1.37788
0.633538
0.502673
0.520739
0.256951
0.011938
0.871389
0.37308
0.396633
1.76691
1.59117
1.50726
0.456138
0.134942
1.97446
1.21602
1.42047
1.97566
1.11641
1.03278
0.859263
1.20064
1.71757
1.71665
1.70485
1.6974
0.410494
0.594901
0.195312
1.97884
1.62848
1.52925
1.61061
0.41442
0.986356
1.44401
1.64237
0.371067
0.19457
1.32186
0.204836
1.54523
1.74034
1.59113
1.81604
1.69924
0.338185
1.97474
1.27368
0.271281
1.19901
0.341997
1.52093
0.0283093
1.42211
1.40029
1.71735
1.85624
1.48863
1.02095
1.80527
0.355825
1.01889
0.289548
0.0347141
0.297224
0.245572
1.83669
0.337167
0.280508
1.31634
1.62837
0.434005
0.807751
1.89087
1.55913
0.0600604
1.56111
0.350165
0.561189
1.44473
1.94609
0.680078
0.0801042
1.00364
0.0334498
0.0310878
1.45663
1.8456
1.97705
0.168212
0.382224
1.14721
0.059153
0.322445
1.59923
1.20723
0.940123
1.69578
0.79883
1.90911
0.785887
1.87718
0.0959139
1.17565
0.470503
1.52312
0.623201
1.50648
1.98753
1.95514
0.766509
0.340246
0.800683
0.542838
0.248957
0.278852
0.78915
1.92046
1.84368
0.519556
1.99911
0.149602
0.3634
0.0720147
1.77816
1.10638
0.466733
0.842713
0.677786
1.93195
0.893509
0.410917
1.73693
1.88063
0.528459
0.493232
0.0427263
0.0600905
1.99908
0.0482615
0.573701
1.26155
0.780819
0.866163
1.56948
0.0860115
0.596248
1.75201
1.5992
1.55779
1.12796
0.0306085
0.0534558
1.65056
1.45997
1.2406
0.0408182
0.0282589
0.645102
0.80601
0.180237
1.36907
1.53749
1.55952
0.259757
0.0980563
0.671214
0.0810629
0.784749
1.32457
1.80127
1.55875
0.882509
1.48412
0.931897
1.76022
1.93604
0.39928
0.0830312
1.95142
0.806155
0.313338
0.830069
0.524852
0.941853
0.409114
0.381656
0.825927
1.97473
1.23259
1.48351
0.159978
1.11149
0.625774
1.39228
1.93041
1.88081
1.58324
1.9494
1.57526
1.93956
0.481415
0.598203
0.226972
1.55856
1.01744
0.189384
1.01438
1.36965
0.929266
0.589764
0.236198
1.93036
1.28317
1.7959
0.912282
0.887323
1.49721
1.68921
1.1862
0.110412
0.809473
0.810612
0.36004
0.424009
0.0356876
1.38944
1.5389
1.25516
1.47841
0.215231
0.906102
1.62338
1.27947
1.63769
0.141323
1.1276
0.117611
0.263728
1.32707
1.93215
1.93226
1.89575
1.77026
1.30609
1.4618
1.98898
0.965865
0.166888
0.169746
0.743515
0.444176
0.0164478
0.678075
0.0837959
0.938531
1.90251
0.786235
1.52074
1.204
0.109617
0.911803
1.88455
1.21492
1.98137
1.6708
0.89442
0.230515
1.99886
1.00524
0.16707
1.56988
1.9278
0.785822
0.0258821
0.0810051
1.77172
1.82413
1.78728
0.576654
1.23961
1.8623
0.00927186
1.85745
0.10701
0.354367
1.77525
0.306661
0.184278
1.08249
1.07226
1.77258
1.77846
0.458044
1.7948
0.193829
1.67315
1.4517
1.87973
1.8711
0.220816
0.444919
1.83141
1.8687
0.185588
1.96027
0.299004
1.04732
0.745857
1.33908
1.2485
1.4537
1.40907
1.70063
1.93282
1.74903
0.399892
1.06907
0.0448354
1.01428
0.0176702
0.293878
1.73643
1.91249
1.62565
0.545404
1.85074
0.177284
0.573437
0.647861
0.236017
1.5083
1.93661
0.0519288
1.86102
0.816899
1.37611
1.68747
0.613289
0.0258212
0.254819
0.0166078
0.0241497
1.54923
1.58393
0.0160471
0.227643
1.47549
1.41565
1.86357
0.0168103
1.74122
0.699728
0.381689
1.98005
0.281295
0.802933
1.86395
0.0602436
0.131226
1.62415
0.87261
0.509803
0.235894
0.998292
0.101038
1.8166
0.631604
0.038267
0.268867
1.54932
0.701806
1.46608
1.92774
1.86599
1.83846
0.591374
1.69531
0.579337
1.18876
0.598281
1.92438
1.52395
1.42149
1.79162
0.470473
0.0660037
1.97393
1.11003
1.46217
1.21828
0.11369
1.62819
1.1505
1.98233
0.108495
0.767351
1.98075
0.88246
0.795553
0.0774623
1.84748
0.252827
1.29904
1.99368
1.64182
0.316671
0.0193675
1.01371
0.301864
0.918933
1.29422
0.0478529
1.16042
0.415636
1.02277
0.957549
1.85833
0.119895
1.29206
1.0116
0.810262
1.90274
0.12343
1.90458
1.95992
1.00559
0.141726
0.227684
1.78048
1.81165
1.91918
0.151393
0.455421
0.56599
1.64138
1.0476
0.269991
1.01144
0.801417
1.05505
1.07414
0.00668716
1.89513
1.34025
1.29122
1.36578
1.95096
1.13896
0.550245
0.498299
0.636077
0.510735
1.73109
1.59367
0.193458
0.566339
1.92929
1.81008
0.480457
0.571879
0.74338
1.79613
1.44434
1.56608
0.184536
1.51608
1.14027
0.0546969
1.17157
1.23238
1.52111
0.185948
0.2805
1.54922
0.514
0.479488
1.37397
0.255595
0.277704
0.188539
0.392519
1.61224
0.506745
0.999861
0.46364
0.539355
0.454352
0.410535
0.424544
1.19468
0.959732
0.043579
1.08388
0.949043
1.91269
1.13408
1.82887
0.668564
0.301217
0.84314
0.415683
1.27838
0.0564961
1.05561
0.0375942
0.732042
0.511973
1.73643
0.67573
0.0706145
0.705368
0.268551
1.25942
0.468317
1.54063
1.95605
1.42436
1.00786
0.609843
1.35538
1.07967
0.666552
0.232499
0.0295593
1.57069
1.79127
1.64961
1.84946
1.76531
1.92303
0.0337143
1.59515
0.471982
1.08009
0.229929
1.59655
0.292654
1.25244
0.0921193
1.22856
0.202071
0.966454
0.648867
0.465546
0.657907
0.613118
1.70602
0.644016
1.19051
0.0527191
1.44771
0.32662
1.23757
0.289433
1.67173
0.659972
0.486564
1.78011
1.83177
1.01821
1.48933
1.2964
0.235231
1.43985
0.0979693
0.23546
0.618296
1.90307
1.8871
1.94625
1.94518
1.25552
1.20376
1.63281
1.31658
1.74161
1.16514
0.524821
1.43257
0.189016
0.777002
0.354066
1.81256
0.0220543
0.671476
1.96472
1.39967
1.52472
1.57956
0.289945
0.938071
0.322601
1.68372
0.770087
1.86983
1.28388
1.73979
1.16904
1.67492
1.12784
1.36872
1.199
0.56661
1.9697
1.25263
0.0229474
1.16071
1.12287
1.90091
1.99067
0.0740259
0.659406
1.66238
0.552275
0.523304
1.76492
0.105395
1.20244
0.0573084
0.779114
0.773988
1.55352
0.57538
1.67354
0.0806404
1.90535
1.24572
0.340933
0.789206
1.5425
0.0238172
0.962129
0.175321
1.04213
1.48676
0.273102
0.590294
1.04331
0.159017
1.40093
1.87576
1.98958
1.72161
1.91095
0.261086
1.55152
0.066879
0.545321
1.10402
0.439113
0.0146996
0.0950457
1.4699
0.580592
1.67321
1.51317
0.949827
1.91458
1.60577
1.04447
0.291596
0.621851
0.706193
1.88726
1.22669
0.552664
1.24444
0.156651
0.865008
0.209602
1.8957
0.721772
0.710076
1.64199
1.30872
1.86168
1.99095
0.224257
1.59182
0.35172
0.525856
0.922487
1.35277
0.111014
1.41812
0.0322059
1.57891
0.461204
1.19988
0.527323
0.204384
0.268427
0.558958
1.76089
1.1392
1.73735
1.87438
0.106073
0.316673
1.46876
1.65353
0.900429
1.64289
0.848276
1.59102
0.997003
0.10593
1.25217
0.59534
0.653972
0.662362
0.0733851
1.35292
1.92619
1.86737
1.8045
0.232156
0.867682
1.75094
0.35542
1.85576
1.71855
0.337136
1.82822
1.12633
0.316215
1.92453
0.457045
0.185444
1.26017
1.92591
0.312464
1.90614
1.6652
0.793147
1.73303
0.208014
1.04468
0.645887
0.789937
0.111902
0.272826
1.91433
0.264318
1.50436
1.14651
0.373995
0.674467
0.877445
1.73813
1.35947
0.185444
1.7269
1.09465
0.109769
0.495719
1.65088
1.9689
0.795018
1.97319
0.322296
0.090481
1.96304
1.10222
0.105673
1.27848
1.10354
0.727034
0.191879
1.14726
1.87359
0.407171
0.472722
1.06568
0.197268
1.31909
1.18591
0.732647
0.596126
0.832649
0.360131
0.452079
1.5663
0.507431
1.93081
0.548534
0.282554
0.168815
0.996135
1.09546
1.83414
0.730187
1.05591
0.987301
0.349846
0.315503
0.525503
0.699025
0.0511543
0.495385
1.15635
0.0471992
1.24553
0.159938
0.0266296
1.61848
0.261159
0.976883
0.0863246
1.88183
1.72628
0.472456
1.6009
1.90355
0.312386
0.688304
1.37355
0.243871
1.91369
1.7587
0.0200289
0.151052
0.138877
1.38003
0.890027
0.408335
1.61891
0.00154579
0.645717
0.915354
0.225527
1.1798
0.016006
0.465608
1.20766
1.41054
0.481635
1.85562
0.960329
0.54682
1.24565
1.29011
1.45013
0.768051
1.81254
0.154385
0.287241
1.67822
1.70144
0.247892
0.217002
1.77453
0.725725
1.10776
0.984901
1.43382
1.60545
1.79068
0.0182164
1.36962
0.205297
1.54338
1.1993
1.68964
0.181122
0.633157
1.70967
1.62746
0.740929
1.99872
1.0705
1.62002
1.63732
1.4637
1.63863
0.664941
1.98171
0.662955
1.94304
0.0433475
0.0977904
1.62791
0.832365
0.936759
1.89057
1.75852
1.74095
0.931922
1.88415
1.05259
0.890306
1.02987
1.57494
0.0657529
1.00871
1.38557
0.844867
1.56925
0.159033
1.90463
0.788918
1.519
0.743024
1.82429
0.000318885
0.0738807
1.46185
1.884
1.77441
1.65826
1.94456
0.479445
1.32435
0.668224
1.96056
0.329953
0.895084
0.0535641
0.44445
0.708345
1.4739
1.29998
0.775596
0.76219
1.69642
0.0425638
1.01032
1.54415
1.23897
1.86036
0.972438
0.426143
0.85603
0.917473
1.1774
0.047369
1.23066
0.713742
0.253791
0.255985
1.64017
1.3609
0.979658
0.681114
1.52316
0.503173
0.223915
1.89416
0.538412
1.75936
0.214937
0.0595511
0.0826832
1.27806
0.514978
1.57697
1.87769
0.562906
1.22659
0.0115685
0.340273
1.72069
0.870637
0.925971
1.79258
0.628503
0.206635
0.372851
1.42105
0.407858
0.418303
1.81997
0.746017
1.34555
1.24635
0.248506
0.259228
0.875836
0.70459
1.99025
0.452137
1.19025
1.1997
0.568954
0.828565
1.15431
1.68253
0.157986
1.69745
0.181313
1.98728
0.595841
0.278798
1.88536
0.83318
0.574735
0.699401
0.00499868
0.209049
1.36801
0.31515
1.61532
0.640721
1.38371
1.17696
0.390333
0.484918
1.73704
1.94042
1.75438
0.543697
1.41466
1.28197
1.83968
1.29831
1.08505
0.880696
1.62209
1.80172
0.37604
0.568781
0.265672
0.0351422
0.609421
1.91923
0.156169
1.55773
0.546932
1.71305
1.95838
0.192077
1.98956
0.165445
0.0922475
1.63885
1.45981
0.79068
0.931748
0.0889082
0.0252674
1.9001
0.233434
0.945022
1.69721
1.33706
1.65678
0.0424693
0.273426
0.139593
0.0762925
0.890396
1.64768
0.337888
1.80159
0.573346
0.645364
0.285539
1.23392
1.59727
0.318185
1.98253
1.73278
1.67391
0.741971
0.0152282
1.6047
0.349492
1.4202
1.52356
0.699619
1.11117
1.7266
0.00500953
1.94936
1.95971
0.274552
0.206814
0.613941
1.72183
1.32649
0.918921
1.91489
1.22024
1.74514
0.191136
0.131775
1.13568
1.2226
1.85702
1.56105
0.0028168
1.70462
1.09624
1.51847
0.266327
1.71882
0.0949959
0.963647
0.771737
1.28064
0.365414
1.23845
0.462259
0.313949
0.738959
1.84144
0.891189
0.175631
1.32529
0.134038
1.84482
1.83953
1.52097
1.06042
1.61937
1.59619
1.66742
1.08197
1.9601
1.02554
0.57932
0.0170435
0.912961
1.32739
0.852452
0.188683
1.22453
1.91817
1.21659
0.302245
0.0742046
0.92487
1.16405
1.46033
0.0725442
0.188617
1.61402
1.96015
0.609295
1.97615
0.937076
1.69951
0.761317
0.338937
1.62593
0.118434
1.81216
1.9162
1.19395
0.0634387
1.16158
1.72853
0.182275
1.46737
1.65467
0.0420511
0.284328
0.643222
0.298249
1.79943
0.41732
0.0692195
0.544704
1.48328
1.10765
1.04899
1.31689
0.0933509
1.44803
1.74368
0.358166
0.204486
0.615075
0.0359138
0.806804
1.51995
0.825963
1.62139
0.00891161
0.0795231
0.577447
1.48433
1.72513
0.228766
0.607788
1.41279
1.933
1.89262
0.962335
1.00466
0.184767
1.93543
0.401438
1.19663
0.278426
0.019388
1.14244
0.285026
0.089281
0.177445
1.90556
1.29246
1.43231
1.65182
1.12576
0.338179
1.69217
0.0467454
1.99401
1.88056
0.206845
1.88741
0.78304
1.87728
0.0734628
0.0401284
0.764336
1.26663
0.784457
0.0127469
0.620407
1.071
0.62596
1.7959
0.105382
1.32514
1.40722
0.0436507
0.172283
1.07013
0.994837
0.995614
0.926987
0.346617
1.76888
0.245616
1.40883
1.07965
1.96237
1.36528
1.40192
1.77033
1.34776
0.414802
0.956718
1.79484
0.739471
0.361408
0.742931
1.44519
1.73527
0.808538
1.65869
0.730062
1.12021
1.24265
1.40056
0.0747033
1.86907
1.42986
0.359139
1.32853
1.47765
0.82875
0.308939
0.1482
1.92136
0.92006
0.0307596
1.32216
0.438042
0.371794
0.0628029
1.61213
1.92401
1.29189
1.34644
0.445738
1.03151
1.36096
1.90692
0.0862864
0.231556
0.835594
0.738681
0.920461
1.60724
1.24486
1.96727
1.70226
0.546953
1.57242
1.38481
1.4457
1.25866
0.507068
1.77771
1.61634
0.604572
0.362801
1.08516
1.73022
1.78024
1.53547
0.958953
1.73789
1.74914
1.87884
1.34634
0.149662
0.678873
1.03257
1.93676
1.3118
0.684482
0.661668
0.719454
1.71384
1.24722
0.70813
1.25017
1.00471
1.67513
1.38911
1.17804
1.59675
1.9387
1.83654
0.155741
0.936752
0.335656
0.365122
0.829565
0.82884
0.816512
0.956638
0.113549
1.62585
1.40539
1.11523
0.927757
0.287741
0.299522
0.145783
1.07018
1.51286
0.375434
0.310946
0.200903
0.934907
1.85595
1.84461
1.88749
0.287931
1.77761
1.96423
0.867206
0.280021
1.27634
0.0946753
1.31586
1.1844
0.357083
0.414485
1.32018
0.263093
1.24208
1.00068
0.7082
0.660177
1.97586
1.52174
0.674309
0.234954
0.55263
1.53993
0.308621
1.55613
1.00308
1.85018
1.90428
0.866449
0.790908
0.583085
0.348723
1.30582
0.634606
0.314437
0.0325216
1.17883
1.22248
1.74752
1.8193
1.20072
1.34212
0.69347
0.51317
1.13823
0.621372
0.690856
1.03705
0.926702
1.50919
0.10703
1.31763
0.73471
1.99452
0.523251
1.39132
0.424138
0.77813
1.39455
0.000356913
1.93596
0.82876
1.62562
1.13632
0.601915
1.4507
1.91189
0.966848
1.90159
1.98628
0.098135
1.55585
0.400333
0.263703
1.27192
0.26536
0.885549
0.226642
1.09761
1.98647
0.392194
0.414179
0.135401
1.53206
0.109981
1.98295
0.477695
0.981631
0.22905
0.18226
0.264733
0.372649
0.82643
1.60347
1.0016
1.61058
1.02051
0.690342
0.355067
0.041244
1.02424
0.0778437
1.50593
0.599082
1.51915
0.77485
0.0469311
1.81141
1.3632
0.427526
0.785968
1.79906
1.48552
1.11778
0.384925
1.53393
0.0825152
0.621688
1.34936
1.86829
0.450803
0.600559
1.52476
0.497309
1.94206
0.0353885
0.528672
0.782304
1.85098
1.17294
0.0431314
0.667499
1.91361
0.598538
0.54851
1.43873
1.17382
1.93944
0.905532
0.356362
0.745231
1.33771
0.976792
0.350484
1.57846
1.42883
0.723333
0.864808
1.95353
1.23904
1.13339
1.43864
0.254564
1.23747
0.513773
0.283337
1.45243
1.95153
1.93577
1.75886
1.93981
1.64539
1.38491
1.01714
1.03299
1.04315
0.455998
1.94848
0.044755
0.984859
0.356195
0.104
0.0825374
0.42463
0.645088
1.1569
1.02085
0.143329
0.379339
0.280323
0.756407
0.652021
1.70606
0.367074
1.27093
0.291867
0.603547
0.290748
0.307576
0.107913
1.92205
1.5907
1.48928
0.10469
1.57852
0.58396
0.175535
0.370399
0.563101
0.730581
1.90456
1.08314
1.07914
0.805757
0.042397
0.834029
1.98601
1.51173
0.855766
0.884312
1.18879
0.269076
0.595666
0.821835
0.201192
1.29295
1.11245
1.55932
1.1387
1.82835
0.642965
1.96984
1.80417
1.47389
0.602416
1.43684
1.9282
1.48896
0.277843
1.53169
1.7296
1.91535
0.25638
1.56056
0.22394
0.144304
1.55018
0.0548608
0.0450671
0.0335838
1.28969
1.68477
1.74426
1.18136
1.79889
1.92341
1.37382
1.3489
1.67031
1.4301
0.69546
1.07399
0.210331
0.433197
0.580805
1.74462
0.886107
1.79637
1.07614
1.06437
1.29963
1.74195
1.54383
0.0302639
0.0111352
1.46827
1.60922
0.80496
0.477894
1.46753
0.00116575
0.821013
0.45557
1.79338
0.682442
1.98586
0.190995
1.99466
1.93217
1.77813
0.865723
1.37232
1.37243
1.07655
1.48433
0.465904
1.16459
1.43736
0.330335
0.857794
0.149157
0.497521
0.72486
1.78641
1.66154
1.39887
0.0346994
1.73523
0.00457668
1.40234
0.454623
0.700259
0.693118
0.0473809
0.214788
0.82598
1.79387
1.22013
0.0409013
0.415625
0.948706
1.27392
0.58334
0.94035
1.36739
1.00504
0.00482702
0.101426
0.172018
1.74238
0.146984
0.753608
0.243453
1.86514
1.82061
1.26519
0.626019
1.52349
0.436619
1.87573
1.927
1.23571
1.85655
1.28712
1.63787
1.3767
1.34621
0.974932
1.92036
1.9876
1.32751
0.385521
1.95074
1.20242
1.14625
1.25537
1.70715
1.55354
1.13514
1.43758
1.72812
1.48428
0.564155
1.97278
0.258494
1.815
1.33355
1.76063
0.397758
0.975172
0.193462
0.848554
1.76386
1.56533
0.170248
1.68493
1.92404
1.60955
1.94387
1.9052
1.78417
1.7659
0.105304
0.500324
1.38954
1.89895
1.10713
0.392531
1.76158
1.28274
0.296225
1.75342
1.89159
0.216064
0.968446
0.199573
1.84381
0.741997
1.10537
1.9532
1.88078
1.07808
1.27711
1.33654
0.110537
0.447037
1.07383
1.84812
0.171594
0.933451
1.55183
1.61549
0.837825
1.97709
1.44214
1.37078
0.599648
0.718343
1.62787
1.94847
0.171866
1.65601
1.3681
0.0769331
0.832639
1.95774
1.84038
1.64296
1.93843
1.98071
0.0722928
0.166497
1.60185
0.51312
0.295595
1.75847
0.515481
0.697329
0.903152
1.44603
1.00824
0.33502
1.1484
0.109062
0.867922
0.256919
1.28379
1.74088
0.731745
1.65213
0.156343
1.9886
1.74882
0.12226
0.899573
1.85053
1.20508
1.60556
1.0832
0.696861
0.375358
0.148109
0.364694
0.891503
1.82284
1.20067
1.74879
0.644198
1.94301
1.23463
1.91503
1.93177
1.34312
0.131164
0.979158
0.0255418
0.193157
0.362019
0.612401
0.623702
1.60786
0.0869693
0.550853
0.252477
1.24
1.82229
0.90199
1.83462
0.168455
0.890625
0.524342
0.828869
1.98525
1.52768
1.05608
0.508227
0.958092
1.62259
0.152574
1.09724
0.415526
0.157002
0.0566015
1.10893
0.576796
1.465
1.69993
1.86231
1.89263
1.30191
1.38776
0.0146197
1.54523
0.0479038
1.83983
0.625711
1.71175
0.746484
0.486624
1.08443
1.65548
0.119319
0.0507882
0.00267458
0.512614
1.02051
0.413288
1.56488
1.30046
1.70995
0.575128
0.980041
1.70493
1.96508
1.00963
0.557825
1.54967
0.800919
1.77658
0.30873
1.36371
0.673755
0.371512
1.43006
1.71937
1.45068
0.309566
0.430286
0.39598
0.320949
0.416232
1.24
1.56294
0.328781
1.14397
1.76193
1.8494
0.145773
1.54325
0.206067
1.12367
1.47432
0.0591698
1.12178
0.217835
0.294831
1.97285
0.136023
0.106779
0.0383177
1.67023
1.40199
1.51199
0.11269
0.975012
0.52114
0.430577
0.491753
1.80574
0.0666051
0.782709
0.183834
0.885524
0.334131
1.44009
1.8012
1.90409
0.111993
1.43816
1.6959
1.4149
0.164989
1.93073
0.298649
0.00760496
1.91368
0.108775
1.77096
0.0322363
1.09815
0.244066
0.32836
0.125356
1.92103
1.62631
1.69991
0.545959
0.0943909
1.18012
1.88534
1.23855
1.94582
1.34838
0.857698
0.924411
1.10261
1.83284
1.76252
0.949795
0.352469
0.792797
0.362105
0.109052
0.466159
0.66073
1.79864
0.326507
0.100716
0.127442
0.0525173
0.899912
0.162874
0.616011
0.0436223
0.00777018
0.500084
0.291147
1.88347
0.974683
0.682804
1.85324
0.444431
1.90696
1.98572
0.831927
1.47797
0.962135
0.119727
0.873519
0.8081
0.794191
1.11218
0.0188395
1.50166
1.48631
0.447177
1.16476
1.89053
0.1305
0.00364804
1.9731
1.43537
0.0551621
1.97557
0.595803
0.651644
0.130048
0.919801
0.436816
1.01891
0.089945
1.81571
1.33976
1.60068
1.79483
1.66531
1.81527
1.02037
1.797
0.165595
1.34975
1.90942
1.36066
0.0890182
0.0485996
0.73256
1.99183
1.49186
1.43351
0.233118
1.75028
0.554673
0.307594
1.08165
0.567138
1.85225
1.64229
1.5737
1.65224
0.722239
1.98863
0.597225
1.67003
1.9718
0.2788
1.95525
0.265926
1.50093
0.176055
1.30219
0.123609
1.89666
0.598039
0.212326
1.25312
1.66764
1.11559
1.53406
0.935739
1.96326
1.34917
0.357201
1.60022
1.69704
1.83488
1.14617
0.336104
0.517444
1.87554
1.38456
1.3276
0.187348
1.52477
0.558983
0.700926
1.02582
1.90789
1.5873
1.04246
0.216336
0.0141406
0.186876
1.98626
0.808793
1.22777
1.12461
1.03395
1.27559
1.47491
0.112034
0.561853
0.255695
0.739976
0.695914
0.724386
1.69392
1.69359
0.177745
0.0493147
1.9201
0.973346
0.0164353
0.630976
0.753154
1.48412
1.6229
1.80581
1.24303
1.63699
0.289512
1.77043
0.612362
0.0461183
0.158417
1.30593
1.55873
0.363916
0.903149
1.47041
0.676654
0.671077
1.62833
0.166135
0.646324
1.87749
0.300582
1.18577
1.86126
1.78981
1.09763
0.165953
0.87764
0.246531
1.41815
0.0702205
1.94114
0.435416
1.28695
0.421978
0.444082
1.75268
1.05428
0.468955
0.164399
1.5252
1.57168
0.082943
1.44742
0.715462
1.73099
1.46366
0.154859
0.00626743
0.638682
1.72217
0.146924
1.69134
1.57696
1.74703
1.99723
1.42023
0.895742
1.34327
1.94171
1.25199
1.97836
0.133759
1.0328
1.16236
1.91821
1.91669
0.446107
1.69488
0.021358
0.253668
1.22091
0.612256
0.139098
1.489
0.0277514
1.51017
1.18797
0.585962
0.476273
1.72105
0.100022
0.741634
0.252935
0.386236
1.58382
1.70898
0.00444555
0.808551
1.34645
1.4012
1.23301
0.675571
0.358432
0.482812
0.467182
0.580772
0.732119
0.506445
1.02921
1.36479
1.9792
1.87316
1.71181
0.906971
1.92714
1.90389
1.22191
1.35034
0.732428
0.775697
1.24688
0.0996827
0.687739
1.73271
1.1421
0.277206
0.0834354
0.18135
0.317718
1.14446
0.156431
0.6407
0.923161
1.60068
0.891096
0.0520645
0.327724
0.717197
0.583197
0.209741
0.594322
1.49807
1.90251
0.12893
0.518726
0.39066
0.450461
0.583811
0.920154
0.011313
0.0506003
0.990848
1.47488
0.140696
1.8714
1.95166
0.98368
1.77254
1.73012
0.215828
0.334335
0.0323087
0.266206
0.915506
1.11543
1.4768
1.86607
0.184833
0.557677
1.06751
1.56332
1.05394
1.11386
1.22243
0.993734
0.55086
1.08721
0.72727
0.837753
1.10822
1.20853
0.493414
0.11587
0.950405
0.645874
0.985637
1.23061
1.50549
0.239949
0.821401
1.34903
0.123854
1.30987
1.69351
1.59991
0.311054
0.165096
0.519629
0.463023
1.80632
1.27703
0.936835
0.139181
0.0585763
0.621674
0.038493
0.362045
1.03158
0.410504
0.0457644
0.233562
1.7831
1.67919
0.343922
0.364538
0.58768
1.26541
0.373662
0.896233
1.92037
0.199081
0.847291
0.911065
0.345171
1.89593
0.723603
0.546182
0.34671
0.834007
0.74268
0.395433
1.08092
0.299806
0.802849
1.68046
1.80011
0.485249
1.02699
0.783525
0.678038
0.345658
0.248966
0.700697
1.01769
0.0845054
1.21048
1.94675
1.84241
1.0317
1.84208
0.63718
1.83588
0.196926
1.64609
1.90479
1.65926
1.04497
1.74527
1.76333
1.66976
0.709533
0.902293
1.09859
1.98683
0.952254
0.793007
0.852429
1.84576
0.499036
1.40885
1.45936
1.68499
1.14439
0.92165
0.461828
0.168439
1.84957
1.88109
0.628182
0.795771
0.64493
1.58367
1.99021
0.417443
1.48997
0.805904
0.00553441
0.091078
1.66207
0.0349005
0.136264
0.858827
0.476736
0.979275
1.4124
1.31181
0.149984
0.261089
1.85485
0.00264752
0.0545536
1.07366
1.91926
0.0297295
1.71488
0.432499
1.89184
0.670064
1.41032
0.0752099
0.377378
0.155364
1.37583
1.56075
1.72765
1.44428
0.317842
0.654529
1.48137
1.75917
0.0529177
1.24485
1.24527
0.254791
0.434744
1.66564
0.0705788
0.370458
0.173465
1.14146
1.98188
0.222285
0.781145
0.236654
0.651624
0.970414
0.342292
1.33869
1.76367
1.82889
1.11286
1.50027
1.79981
1.38414
0.020823
0.70114
0.679116
1.79943
1.33136
1.1039
0.57228
1.32669
0.240415
1.92437
0.9586
1.52142
0.97716
0.0666389
1.23554
1.92572
1.16372
1.42924
0.397055
1.56166
0.729377
1.21602
0.0471789
0.323317
1.30729
1.51461
0.356209
0.185261
1.79556
0.250815
1.45565
1.98222
1.43129
1.84731
1.8381
0.0915203
0.398584
1.85399
1.97522
0.141198
1.53997
0.0176386
1.89832
1.97288
0.180159
0.403986
0.675263
1.8441
0.805276
0.612493
1.20262
0.197661
1.03981
1.70901
1.70378
0.361453
0.942902
0.125787
1.893
1.31565
1.38523
0.943323
1.21453
1.64245
0.965215
0.503822
1.99631
0.986284
0.509282
0.141354
1.71787
1.34584
0.968826
0.601773
1.71785
0.0708477
0.70327
0.949095
1.29166
1.66908
0.864887
1.1276
1.42736
0.209508
1.86199
0.429522
1.97471
1.86208
1.47821
0.0403478
1.04095
1.61237
0.238658
0.517851
0.0538573
0.0927849
1.58824
1.91009
0.11104
0.835276
0.0412927
1.08875
0.869425
1.31883
0.955152
1.84232
1.26039
1.6666
1.8186
1.8321
0.698393
1.96194
1.68631
1.26623
0.635956
0.0889343
0.156622
0.220368
0.395788
0.186332
1.58955
0.274892
1.47202
1.48468
0.598624
1.27017
0.537342
0.0338672
0.924458
1.67577
1.8326
0.383882
1.49983
1.29264
0.0797532
1.40853
1.62047
0.028475
1.52788
1.03676
1.70824
1.10198
1.55556
0.744931
1.37958
1.54313
0.635375
1.53225
1.93858
0.408971
0.103414
0.897314
1.57147
1.67801
1.06188
0.256899
0.37582
0.0262437
1.99263
0.946248
1.85712
0.654996
0.96291
1.85164
1.97076
1.9788
0.823368
1.45652
0.0261462
1.33643
0.87023
1.73917
0.712792
0.0631418
1.93485
0.517898
1.51153
1.38268
0.729013
0.0722694
1.05305
1.81533
0.968355
0.664089
0.82548
1.5979
0.366076
0.786973
0.335517
0.066885
1.11409
1.60129
1.94921
1.74824
1.89431
0.225298
0.664644
1.3604
0.446867
0.00980639
0.291613
0.742496
1.97886
0.210169
0.538626
1.15714
0.171595
1.33103
0.668606
0.0479119
1.98726
1.74186
1.6477
0.469437
0.19989
1.96931
0.334419
1.9136
1.90121
0.438285
1.25544
0.261291
1.93156
1.41485
0.0018158
0.672138
0.883504
1.68151
1.66048
1.94411
0.68944
1.22818
1.50362
1.84807
0.412456
0.452057
0.266376
1.40117
0.300787
1.92558
1.91802
0.134313
0.197435
1.206
1.61621
1.57741
1.81871
1.47234
1.34632
0.76702
1.59551
0.993201
0.0111353
0.738801
0.0330073
1.31609
1.13648
0.270372
1.43182
0.278538
0.264504
0.169341
1.62114
1.37799
0.7144
0.775007
0.132328
1.35675
0.0350257
1.93499
0.285173
1.54666
1.97058
0.568193
0.836187
0.473829
0.760215
0.40407
0.298891
1.88728
1.69322
0.392746
1.15418
0.0552256
1.97213
0.0405092
0.688493
0.727389
1.26535
0.784621
0.624047
0.025175
0.239902
0.792249
1.08533
1.6676
0.293781
0.989478
1.37514
1.46356
0.304222
1.86029
1.61756
0.474662
1.93412
0.00493634
0.0682338
1.99092
1.23345
1.97278
0.493633
1.25197
0.383004
1.17587
0.831984
0.212304
1.1731
0.786225
1.16803
0.295664
0.941913
0.420334
0.692114
1.26289
0.800892
1.71419
0.143251
1.84782
1.09345
0.984726
1.36283
0.788418
0.625401
1.51379
0.278628
1.87599
1.57554
1.34904
0.18711
0.734814
0.255058
1.07634
1.80018
1.7401
1.43148
0.664459
0.327871
0.235872
0.0107327
0.972013
1.74393
0.014972
1.03995
0.539958
1.15431
0.269263
1.43266
1.8657
1.91371
0.272165
1.96801
1.60797
0.167666
0.234655
1.91211
1.81153
1.78496
1.67515
1.06964
1.34823
1.71337
1.83537
0.681151
1.51042
1.33821
0.962505
1.20554
0.50532
1.15861
0.0292962
0.0649866
1.10789
0.986372
0.952185
0.324061
1.75207
0.0755842
0.827933
1.6244
1.22676
1.34129
0.450716
1.22744
0.63555
0.00086832
0.631594
1.9624
0.945587
0.684979
1.85868
1.57111
1.85733
1.62061
1.77405
1.31936
0.376928
1.99516
1.64762
1.09854
1.88653
1.41566
1.26358
1.33126
0.334856
1.66633
1.66181
1.92781
1.84504
1.89122
0.0515341
0.386599
1.60974
0.713411
0.725804
1.06502
0.811272
1.74857
1.94744
0.733292
1.37765
1.88821
0.0967526
1.89496
0.147101
1.89563
1.93966
1.83608
1.66064
0.155514
1.85604
1.18419
1.45636
0.129678
0.075303
1.80277
1.70947
1.8167
1.38288
0.143115
1.87044
0.108516
0.708022
0.477148
1.14135
1.37866
0.634316
0.246769
1.41874
0.227887
0.854136
0.154827
0.188543
1.99294
1.64326
1.65066
0.865647
1.14283
1.06069
1.11354
1.52463
1.80439
0.678546
0.196368
0.230637
1.22625
0.603809
1.77907
0.934284
1.21479
1.71762
1.74735
1.59225
0.886927
1.77567
1.12198
1.9942
1.78457
0.250844
1.57956
0.256938
1.01556
0.0891533
1.737
0.0807635
0.461061
1.76693
0.552243
1.51875
0.817015
0.244655
0.00897789
0.418975
0.617561
1.36786
1.0353
1.16416
1.4193
1.42025
0.399652
1.99822
0.118122
0.6764
0.766608
1.30221
1.11137
0.995816
0.554161
0.0648309
0.293757
1.15386
1.25181
1.41287
0.238518
0.285907
1.27106
1.96288
0.0205621
1.07158
1.19663
0.990099
0.0864545
1.1506
1.82872
1.56377
1.96789
0.40814
1.32365
1.59368
1.0015
0.283098
0.220251
0.637168
0.906973
0.460644
0.202353
1.73659
0.131516
1.91621
0.679139
0.78445
1.9206
1.56603
1.72059
1.41356
1.83682
0.908998
0.616632
1.81645
1.76092
0.0536507
0.560329
0.208205
0.135365
1.56712
1.18902
0.351551
1.08975
0.147167
0.200537
0.999607
0.653289
1.32838
0.112255
1.63604
1.32169
0.867457
1.03987
0.254338
0.511183
1.70724
1.47926
1.50414
1.53258
1.37076
0.0239569
1.09107
0.37356
1.47932
0.875099
1.73811
1.85021
1.53347
0.622223
1.83469
1.81606
1.85352
1.8412
1.01568
1.26439
0.320297
1.50395
1.07091
1.81601
0.414809
0.0353656
0.449479
0.811671
0.0429109
1.36645
1.89605
0.565406
0.296869
0.122097
0.334034
1.05957
0.817108
0.111283
1.65595
0.529467
0.101415
0.871084
0.28712
1.53843
1.80222
1.81907
1.7407
0.996495
0.426749
0.00964332
0.0425071
1.69728
1.79025
0.993176
1.93199
1.25507
1.14078
0.27874
1.60406
1.56947
1.7132
0.0705546
1.30815
1.73126
0.107017
0.0491041
0.785517
0.878821
0.202845
1.76332
0.739449
1.56343
0.75467
1.48438
1.95304
0.442909
0.353622
1.57132
0.178608
0.409871
1.7393
0.145434
1.71035
1.04315
0.825985
1.82052
1.4326
0.413551
0.266508
0.0794739
1.01941
0.289566
0.681124
0.827015
0.819727
0.358072
0.180968
0.0149573
1.67039
0.50076
0.842532
1.57886
0.218421
0.0575379
1.00813
0.0251223
0.855235
1.39381
1.99124
1.29541
0.112702
0.158691
1.93169
1.76219
1.0164
1.85087
1.14393
1.93959
0.308025
1.06787
1.65297
1.75777
0.0353699
0.922344
1.22347
1.87018
1.31893
1.92068
0.362109
1.66614
1.68043
1.73061
1.11569
0.79716
1.2879
0.400522
1.32494
1.21592
1.60823
0.0488565
0.0218682
0.959469
0.243524
0.28852
1.14923
1.21907
0.016964
1.85127
0.380944
0.505058
1.32386
1.79916
1.69142
1.46766
1.78475
1.87999
0.815204
1.82379
0.36206
0.350187
0.851018
1.17424
1.04233
1.12336
0.927871
1.35409
1.02532
1.01298
0.0379626
1.10875
1.71985
1.63977
0.0370791
1.30033
1.7916
1.97732
0.0793139
0.770296
1.08369
0.356573
1.07812
1.3881
1.62293
1.95571
0.489504
1.09026
0.356459
0.289863
0.894358
1.36509
1.08089
0.0618901
1.43781
0.289848
1.22119
1.55341
1.85549
1.27622
1.92178
0.258263
1.79013
1.97076
1.1296
1.4508
1.0792
0.754759
1.99254
1.07064
1.96429
0.964913
0.537871
0.166672
1.26707
1.60791
1.59054
0.61321
0.248334
1.78578
1.29473
1.85261
1.31668
0.919968
1.27231
1.07296
1.21153
0.806887
1.9299
0.368122
1.84542
0.861274
0.133308
0.231713
1.71224
1.86229
0.214172
0.506394
0.647973
0.0623769
0.363078
1.56696
1.89587
0.153283
1.78453
0.599086
0.703384
1.45946
0.0874941
1.92747
1.39798
0.765004
1.47232
1.67437
0.187449
1.17203
0.890776
1.84912
1.74088
1.24856
0.199605
1.99401
1.86236
0.0100955
0.320313
0.0344036
1.6281
0.912702
0.393884
0.289958
1.70846
1.43933
0.397209
0.326181
0.766424
0.413099
0.897198
0.128849
1.17404
1.65677
0.964714
1.66546
1.97116
1.91122
1.25716
1.56385
1.69424
0.290023
1.28351
0.584961
1.93046
1.28784
0.925837
1.11497
0.999888
0.108005
0.263875
1.35184
1.53084
0.342263
0.036387
1.31708
1.95442
0.851387
0.386912
0.917406
1.92811
0.865257
0.785972
1.44849
0.0988852
0.0156555
1.96369
1.29006
1.83696
0.465121
1.48032
0.639662
0.121703
0.39586
0.311584
1.97504
0.602913
0.254945
1.00823
0.814839
1.26355
1.97151
1.56996
1.13516
0.954855
0.22096
1.48352
1.72486
0.793046
1.18442
1.63653
0.0656778
1.74438
1.30614
1.07018
1.53565
1.19608
0.421581
0.117531
1.84897
1.98449
0.0505515
1.09984
0.143441
0.112131
0.72845
0.859928
1.15419
0.0614954
1.95765
1.59515
0.257195
0.047407
0.918426
0.0504265
0.624957
1.76447
0.794282
1.3594
1.71134
1.01736
1.05474
0.544917
0.230374
1.48373
0.829377
1.95529
1.96753
0.951451
1.65338
0.0989459
0.735024
0.466057
1.80055
0.926772
0.59824
1.36919
0.948806
1.21759
0.975525
0.989685
1.29841
1.60243
0.941253
1.73273
1.12072
0.817008
0.407317
0.0555933
1.96598
1.08397
0.184361
0.0843812
1.89504
1.68037
1.12297
0.323953
0.0053283
1.90519
1.98845
0.970128
1.11761
0.379861
1.50255
1.25179
1.85071
1.20793
0.143416
1.06445
0.0868598
0.971279
1.79139
1.83272
1.25717
1.96919
0.709023
0.389205
0.563353
1.76885
0.475907
0.260424
1.93608
0.351159
0.844199
1.68854
1.02186
0.143922
1.15613
1.15562
0.968958
1.78906
0.297147
0.345453
1.41658
1.0809
0.178745
0.610579
0.330617
1.1702
1.52197
1.54057
1.0606
0.577055
1.14143
0.0289831
0.150932
0.336857
0.968225
0.969877
0.249005
0.960668
0.581895
0.0988405
0.141652
0.360574
0.0228716
0.133059
0.0680932
1.60468
0.158219
1.08002
0.483409
0.934241
1.73816
0.000905871
0.0737756
1.69238
0.0549526
1.77408
0.350402
1.12079
0.562817
0.0307814
1.81319
1.01257
1.67912
0.409776
0.0661814
0.528373
1.96658
0.589348
1.86701
1.82599
0.214493
1.35726
1.76505
1.92605
1.09155
0.905561
1.07767
1.00262
0.176877
0.167129
1.63373
0.422031
0.209198
1.37291
1.47121
1.36709
0.146188
1.10776
1.99741
1.58795
0.417557
1.48131
0.497239
0.375087
1.65204
0.956625
0.649211
0.434441
0.195959
0.879119
0.747908
1.87428
0.347835
1.82878
1.54615
1.06999
1.80375
1.94172
0.639153
0.949787
1.85527
0.969929
1.2866
0.442107
0.160622
1.94163
1.28346
0.913669
1.08717
0.457994
1.93985
0.311446
1.52247
0.986956
1.87693
1.97552
0.914232
1.0801
0.121495
1.33964
1.49018
0.335683
1.70894
0.65343
0.402931
1.18181
1.26209
1.87679
0.599272
0.770533
0.29953
1.46473
1.40152
1.69829
0.314074
1.89918
0.94863
0.0519145
0.383903
0.403632
0.644437
0.689294
1.18812
1.33669
1.3143
1.44358
1.16119
0.764977
0.1639
1.1077
1.39172
0.982273
1.99825
0.507849
0.668408
1.28984
1.93485
0.203259
0.199616
0.0776438
1.11887
1.93712
1.1624
0.647711
0.226867
0.334383
0.87725
0.332122
1.67544
0.853684
1.52424
1.08434
1.26202
0.23735
1.74568
1.2043
1.9495
0.522675
1.69336
1.05287
1.10948
1.18353
0.976418
1.52857
1.96721
0.557555
1.29164
1.0509
1.08237
1.8311
1.91595
0.134504
0.243577
0.607557
1.85614
0.201243
1.84887
1.02172
1.78048
0.702246
1.00346
0.027388
1.88116
1.21148
1.12183
0.598617
1.32487
0.821407
1.175
1.18547
1.94864
0.692631
0.602492
1.98901
1.25101
1.73543
1.91751
0.420494
1.84608
0.327602
1.8956
1.47112
0.18915
0.446106
0.0220649
0.0109688
1.97918
1.24586
1.53991
0.334945
0.20378
0.264128
0.334375
1.84432
0.145635
1.08066
0.0715413
0.835431
1.22327
1.3605
1.6516
0.17191
0.0813137
0.581062
1.8574
0.449576
1.16106
1.03764
1.15853
1.93627
1.72878
0.491352
1.01016
0.0675938
1.35251
1.89266
0.741062
1.81816
1.87334
1.13525
0.303172
1.8109
0.472545
0.110573
0.365658
0.167186
1.49349
1.09262
1.38283
1.67223
1.10812
1.12247
1.86599
1.71894
0.452158
0.951591
1.93964
1.67451
0.101019
1.91136
0.110013
1.48491
0.311006
1.73981
1.71373
1.29498
1.28684
1.26628
1.22555
1.78181
0.12316
1.80972
1.26618
0.338327
0.471439
1.79071
1.13262
0.771347
0.617882
0.565559
0.18865
0.504656
0.610157
1.2856
1.86195
0.0586259
0.00107682
0.173678
0.477787
0.0446373
0.276152
1.13629
0.786426
0.371787
1.31602
0.327044
1.1469
0.731712
0.550846
1.50141
0.902691
0.461777
0.0601852
0.106747
1.91995
1.87206
1.36497
1.21177
1.04931
0.470647
0.60332
1.49452
1.92241
0.525172
1.88102
1.53843
0.0585507
0.856669
0.533622
0.0456671
0.482246
0.759027
1.51709
0.264503
0.53291
0.0862119
1.96352
0.678224
1.78844
1.66267
0.515147
0.518322
0.912778
1.25645
1.31788
0.380475
1.18466
1.20216
1.83524
1.86413
0.406089
0.0581715
1.92891
1.3485
0.639016
1.89017
0.132928
0.622955
0.348259
0.531859
1.42169
0.935313
0.421554
1.51306
0.0881916
1.45969
1.93156
1.29262
1.67375
1.27002
1.06251
1.09403
0.257942
0.279252
1.2521
0.109953
0.711352
0.357187
1.91587
1.89067
1.01765
1.30047
1.08307
0.057574
1.98892
0.330547
1.54403
0.085701
1.58681
0.855465
0.476596
1.65859
0.523806
0.365775
1.9262
0.188978
1.99153
0.32298
0.810236
1.56951
0.142146
0.435718
0.693577
0.22841
0.044787
0.683163
1.30448
0.717934
1.5953
0.426617
0.569207
1.24864
0.699113
1.59882
1.62147
0.443561
0.0772357
1.10845
1.61866
0.134925
1.79882
0.4902
0.585947
1.83515
1.22354
0.676449
1.98943
1.4882
1.81358
1.91138
0.0449996
1.67367
1.02228
1.64869
0.114926
1.52489
1.2468
0.153005
0.506069
0.609992
0.821586
0.00849402
1.02471
1.15864
0.560264
0.871042
0.986871
1.05171
1.34781
0.0833014
1.94603
1.94162
0.392847
1.157
0.10293
1.95873
1.1023
1.0716
1.78988
0.46945
1.90611
1.49608
1.04097
0.673476
0.686277
1.01703
1.82563
1.15452
1.73705
1.19122
0.263741
0.113462
0.635357
0.816278
1.34298
1.32138
0.36385
0.412649
1.7299
1.42384
0.861709
1.87488
0.898717
1.46687
1.74411
0.00475967
1.88932
0.965047
0.667407
0.126767
0.586204
1.90611
0.673372
1.86349
1.04336
1.42281
1.54689
1.19396
1.82111
0.212553
1.99756
0.960213
0.0112746
0.193322
0.0810246
0.260947
1.0727
1.26855
1.00018
0.202928
1.62847
1.91838
1.70207
1.95961
0.830746
1.12185
0.948961
0.83281
0.130394
1.1109
0.132069
0.188805
1.0084
0.883484
1.64399
0.0591468
1.60052
1.44614
1.9172
0.925365
0.235791
0.174129
0.974204
1.63625
0.218988
1.97427
0.446791
0.602779
1.96404
1.75366
0.0360986
0.333118
1.26992
1.77552
1.01621
0.0861173
1.72665
1.513
0.61527
1.42595
0.591171
0.0849789
1.75337
0.671766
0.0875565
1.96698
0.147618
1.93295
0.797618
0.832799
1.05539
1.91939
1.97227
1.87719
1.05338
1.32474
0.0127951
0.196948
1.43551
1.91376
1.14143
1.96415
1.82736
1.26786
0.290602
1.63698
0.632419
0.149774
1.86349
0.00991809
1.42761
0.0109348
1.36851
0.0737978
1.78611
0.238855
1.24393
1.68756
0.181267
0.562694
0.51229
0.240594
1.67429
0.756534
1.50111
0.670994
1.19026
0.301029
0.224155
1.40984
1.40699
1.78859
0.375195
0.304644
1.70878
0.272908
1.21853
1.41139
0.137991
0.625578
1.8023
0.234729
1.11275
1.85323
1.11218
0.646299
0.679662
0.099738
0.208777
0.12297
1.73687
0.183859
1.09921
0.643111
0.586809
0.0512094
0.113484
0.243965
0.607957
1.42263
0.573293
1.54063
1.55098
1.88798
1.9975
1.43221
1.04865
0.23942
0.283014
1.18545
1.08385
0.592206
0.0759277
0.288921
1.78048
1.15561
0.280917
1.75607
1.73849
1.66109
0.575334
1.7861
0.630379
0.374901
1.89946
0.222707
1.15446
1.26052
1.27203
1.9238
0.0923371
0.161153
1.30342
0.999771
0.674491
1.29965
0.666816
1.21273
0.353619
1.15808
0.704806
1.06688
0.50669
1.80085
0.287018
1.05993
0.753757
1.73196
1.02329
1.82361
0.419176
0.10326
0.056172
1.9242
1.29323
1.01482
0.14988
0.143991
0.360344
0.0542135
1.74132
0.00123942
1.5576
1.02464
0.286863
0.883471
1.18896
0.534493
1.36334
0.1899
0.267751
0.305479
0.334163
0.515703
0.364454
0.697138
0.374791
1.91541
1.44608
1.93358
1.81451
0.0387199
0.0589812
0.361007
0.0364029
0.191007
1.47348
0.742686
0.0490826
1.75707
1.06675
0.568525
1.87785
1.79455
1.43063
1.79964
1.19841
0.213821
0.178239
1.98149
1.45221
1.69314
0.184113
1.24829
0.576021
0.56272
0.16947
1.74233
1.9665
0.378231
0.0322256
1.25033
0.958741
1.89716
0.684805
1.7077
0.987796
0.805795
0.79511
0.205311
1.60573
0.300345
1.77119
1.71015
0.231767
1.41694
0.30535
1.85906
1.5598
0.151842
0.150599
0.396935
1.85275
0.958145
0.683007
1.90899
0.152653
1.89345
0.472486
1.74179
1.09868
0.140345
1.97941
0.933355
0.553264
1.92591
1.78524
1.19498
0.652995
1.83344
0.226269
1.65173
0.959436
0.702507
0.152953
1.56521
1.68854
0.698848
0.692181
0.813007
1.33508
1.80962
1.67281
1.98729
0.295468
0.477784
1.22691
0.628007
0.0591569
1.88488
1.60635
1.93938
0.689477
1.75623
1.99312
0.120067
0.434382
1.60615
1.89068
1.10278
1.61583
0.411343
1.95313
0.185203
0.530687
1.22692
1.97338
1.83118
1.76219
1.75465
0.331543
1.04367
1.18558
0.246757
1.23481
0.137027
1.32514
0.06769
1.57541
1.80602
1.71047
1.98781
1.61634
1.9338
0.937176
1.07454
1.71406
0.970593
0.530076
0.646608
1.98668
1.36325
1.56241
1.12169
0.740695
0.801734
0.485533
0.2909
0.598586
1.3681
1.67432
1.13866
1.65583
1.70573
0.760145
1.6198
1.13429
1.727
1.53139
1.78179
0.856794
1.23513
1.84155
0.544617
1.60983
0.364998
0.314018
1.15727
1.94705
0.409039
0.50711
0.822508
0.110067
0.104857
0.311726
1.78766
1.00979
0.607337
0.335802
1.32989
1.1012
1.15614
0.668367
0.683679
1.9099
0.0214728
1.28748
1.70143
0.841087
1.86179
1.72709
1.42214
1.29202
0.864756
1.88841
0.0932451
1.26911
1.72254
0.341707
0.823911
1.27319
0.790234
0.106411
1.78007
0.747794
0.605251
1.24297
0.561635
1.80793
1.37618
0.50375
0.179685
1.33182
1.8039
0.10965
0.462631
1.99016
1.75505
1.01768
0.505244
0.207865
0.938554
0.43506
1.30718
1.22315
1.95221
1.09288
1.98671
1.15394
0.170919
1.1631
0.268488
0.481709
0.71234
1.17791
1.99512
1.9038
0.355479
0.932786
0.113242
1.49786
1.07632
0.822918
1.05144
1.55158
1.22254
0.874114
0.41127
0.951215
1.69247
0.231212
0.0464027
0.805996
0.912317
1.68596
1.96241
1.66443
1.56704
1.80561
1.34349
0.49031
1.17964
1.12807
0.301627
1.57985
0.811556
1.92645
0.217705
1.46593
0.12364
1.79894
1.23694
0.960734
0.212094
0.525985
1.03594
0.179014
0.134241
1.98534
1.54739
1.69931
0.250777
1.84896
0.380376
1.58424
0.332273
0.63461
1.25
0.691371
1.55488
0.835843
0.429122
1.63998
0.607401
0.431555
0.610943
1.64322
0.0882869
0.370517
0.38216
0.279928
0.392784
1.76404
0.679825
1.58351
0.437614
1.71921
1.41249
1.79656
0.112841
1.30169
1.2469
1.40059
1.97954
0.910201
1.58589
0.640804
0.929157
1.12742
0.954079
0.542933
0.55096
0.781819
0.861135
0.831095
1.65598
0.0349391
1.98345
0.319991
0.693515
1.97064
1.75404
0.0101117
0.884042
1.88553
0.199295
1.84818
1.66713
1.11635
1.00686
0.233152
1.27802
0.139176
0.0610901
1.42027
0.834339
0.0401666
0.155687
1.77381
0.633906
1.67992
1.62989
0.0364941
1.96837
0.693449
0.121365
1.63152
1.53738
1.97327
1.11106
1.88791
0.176517
1.17728
1.35865
0.819053
1.81499
1.56829
1.31627
0.793819
1.20876
0.00659811
1.20421
0.727656
0.332626
1.10629
1.31593
0.114719
0.145325
1.99462
0.180294
0.427479
0.797269
1.28782
0.967441
0.874976
1.30884
1.52672
1.54484
0.252395
0.701201
0.972155
1.21156
0.219288
0.621467
1.77783
0.664566
0.426899
0.692308
0.364831
0.0203457
1.78943
1.42296
1.44354
1.64721
0.00845516
1.87093
1.132
0.855969
1.87129
0.0285949
1.96671
1.39424
0.00725257
1.08658
0.401891
1.08537
0.350822
1.78782
1.84209
1.94834
1.02957
0.542979
1.32317
0.819278
0.419654
0.621956
0.200678
0.953331
0.158558
1.31305
1.46183
0.588249
0.63045
1.76452
1.07595
0.570239
1.95441
1.10258
1.67431
0.632004
0.964859
0.59862
1.28126
1.60934
1.89206
0.777044
0.307893
0.888456
0.223186
0.281438
0.199663
1.68709
1.86128
1.57329
1.54193
1.86448
1.49632
1.85899
1.71977
1.8338
1.29046
1.86249
1.10723
0.099533
1.15765
1.98551
0.54682
0.402034
0.706619
0.496892
1.18524
0.0771433
1.68507
0.207149
1.99568
0.218156
0.882983
0.806586
1.45821
1.99094
0.774962
1.48892
1.18766
1.65079
0.871567
1.92768
1.71058
1.61685
0.991189
0.120398
0.193916
1.66491
1.08356
1.90095
1.17876
0.458651
1.23659
1.19205
0.843412
0.516565
0.708005
0.580392
0.991744
1.07741
1.55556
0.586523
1.24147
1.59665
1.12389
0.0625007
0.573081
1.93164
0.270712
1.15378
0.0476305
1.22787
1.89933
0.107938
0.230862
0.772887
1.89677
1.62635
0.473454
1.81603
0.631914
0.245674
1.73316
0.407867
1.13832
1.35847
1.69212
1.05875
0.22994
0.225864
1.45425
0.701154
1.65035
0.246575
0.79176
0.302049
0.276179
1.06626
0.849365
0.896733
1.29614
1.94893
0.0850767
0.00271142
1.01358
1.21035
1.9224
0.206207
0.599229
0.117601
1.59225
1.08332
0.635508
0.119645
1.78859
0.335881
0.186508
0.206316
0.243939
0.0682851
0.23885
0.584706
1.26951
1.43072
1.26049
1.27512
0.00477314
0.528325
0.300735
0.208491
0.594107
0.683702
1.99982
1.20582
0.470296
1.57394
0.42288
1.95621
0.536645
1.94316
1.09189
1.43009
1.8278
0.0443823
1.43247
1.34664
1.22812
1.97961
0.744994
1.61821
1.31611
1.09166
1.00208
0.268849
0.0431564
1.60876
1.91487
1.00977
0.0214252
0.857265
1.17267
1.23305
0.13132
0.0399178
1.48147
1.45773
1.88455
1.45219
1.74437
0.106597
0.49904
0.228789
1.94884
0.254591
0.0244093
1.88488
1.57283
0.179065
0.277037
0.0500201
1.28881
0.816098
0.175465
1.68206
1.98503
1.79189
1.6969
0.386924
0.344416
0.623613
1.85524
1.64513
1.18832
1.41627
0.396377
1.08135
1.46363
1.41852
1.19373
0.78732
0.391068
0.315694
1.91008
0.48423
0.238724
1.03037
1.53761
1.42246
1.97303
0.994075
1.6887
1.2614
0.411553
1.61005
0.98102
0.509346
1.80245
1.21166
0.528255
1.14926
1.46891
0.246954
1.55989
0.393952
0.911877
1.34574
0.410727
1.60811
1.86947
1.77549
1.53384
1.18773
0.296316
0.30743
0.697865
0.222207
1.17886
0.0476497
1.91745
1.55638
0.597322
1.54708
1.58029
0.355289
1.79676
0.163752
0.767671
0.0890164
1.72363
0.925831
1.68207
0.686721
1.87347
0.65032
0.0686963
1.82379
0.849814
1.51091
1.56674
0.916593
1.30821
0.134981
1.57693
1.99002
0.663871
0.0501642
0.417915
0.485687
0.139545
1.58177
0.00443864
1.95972
0.45067
0.432324
1.6919
0.0557208
1.15077
1.37945
0.412203
0.134812
0.112413
1.88602
0.471263
0.717798
0.137606
0.30414
1.0692
0.370015
1.1498
1.852
1.20974
0.736437
0.15998
0.1652
0.95589
1.68965
0.208503
1.5637
0.193465
1.02742
1.85638
1.19122
1.63921
0.786365
0.00592959
0.672408
1.4778
1.26822
0.989854
1.7985
0.854181
1.78852
1.84414
1.29281
1.55172
1.84768
1.81472
1.27968
1.59206
0.815763
0.189349
0.209654
0.982992
0.762744
0.364723
0.349027
1.08142
1.90199
1.02319
1.62316
1.69222
0.81073
0.166885
1.68061
1.63991
0.694322
1.17011
0.170473
0.532468
1.75088
0.38207
0.453745
1.62378
1.04791
0.798166
0.416952
1.37458
1.14975
1.32751
0.191476
1.31312
0.211453
1.69962
0.00202858
0.978992
0.323447
0.321533
1.59953
1.53803
0.199932
0.00056386
0.389678
1.30907
0.28673
1.01703
0.655059
0.0512851
0.165467
1.59612
1.90406
1.90872
0.938365
1.92336
0.11319
0.720325
0.879137
1.68326
0.799088
1.07361
1.92982
0.2211
0.441412
0.179904
0.302222
0.734378
1.20922
1.67647
1.64854
0.974352
1.04047
0.529997
0.267077
1.39922
0.985115
0.302553
0.0486841
1.31254
0.0279057
1.18784
1.38009
1.90427
1.79394
0.733311
1.68011
1.90358
0.047732
0.278771
1.41201
1.21136
0.0316236
1.75182
0.764272
0.521475
1.36001
0.274806
1.45204
1.99506
1.65152
0.360812
1.23421
1.81377
1.60046
1.14043
1.68241
0.818255
0.915899
0.0110242
0.964194
0.360175
1.36637
0.201276
1.79365
0.789728
0.239769
0.703905
1.6375
0.605521
0.467693
1.01648
1.12569
1.05711
0.18591
1.76172
0.214617
1.88339
0.265568
0.721728
1.84689
1.94288
0.764579
1.07468
1.77267
0.924255
1.37535
1.37462
1.46226
1.49412
1.11016
0.481578
0.703065
0.849001
1.97929
1.21865
0.182321
0.860095
1.70517
1.91885
0.748433
1.11257
0.302312
1.85768
0.703044
0.543927
0.870917
0.118598
1.18047
0.346703
1.04714
1.76172
1.34883
0.771812
1.72559
1.63154
0.811256
0.159279
1.6367
1.83961
1.8157
1.65843
1.93507
0.111708
0.331739
1.9813
0.336856
0.555452
1.65086
0.57898
0.140261
1.74589
1.2506
1.03221
1.27464
0.335062
0.609511
1.74791
1.62465
1.38064
0.751911
1.04778
0.430471
0.223208
1.19432
1.27771
0.935847
1.83668
1.85424
1.28744
0.862629
0.155613
1.38553
0.215145
1.08387
1.9678
0.390475
0.0288123
0.413367
0.627154
0.532904
0.74138
0.0757753
0.119281
0.191116
0.429491
1.24635
0.236972
0.934368
1.04618
0.241311
0.319253
0.62387
0.150004
1.29068
1.82066
0.869681
1.37667
1.14094
1.74485
1.43851
0.848215
1.1407
1.97609
1.42731
0.431341
1.10055
0.734688
1.4609
1.68227
1.21436
1.06783
0.616143
0.466629
1.77657
1.24008
1.85845
1.97932
0.202177
0.119327
1.23168
0.906843
0.498779
0.157577
1.1585
0.44341
1.06599
0.341515
0.875905
1.66019
0.286946
1.60721
0.227428
1.75899
1.32968
1.81232
0.0598133
1.69253
0.0504967
1.91819
1.66005
1.96706
0.578568
0.116651
0.0602313
0.637628
0.348939
0.187576
1.93355
1.46786
1.24065
1.18217
1.8919
1.83082
0.398018
0.603539
1.359
0.197381
0.167003
0.410751
1.36953
1.95946
1.26803
0.34573
1.05419
0.340007
0.512615
1.15805
1.10282
0.0384514
1.83647
0.898027
1.85966
1.84747
0.844043
0.224701
0.328744
1.37653
0.0506762
0.843704
1.69329
1.4651
0.668901
0.0900873
1.60377
0.996957
0.886256
1.13324
0.981347
1.72388
0.786207
0.714486
0.125476
0.719323
0.846642
0.0309987
1.11084
0.998809
0.133604
1.81299
0.191973
0.526487
1.24926
0.16589
1.71333
0.885995
0.0331266
1.08469
0.741334
0.416428
0.448287
1.10137
0.133512
1.591
1.37027
1.40759
0.696792
0.540862
1.44658
1.57403
0.911239
0.0151281
0.429655
1.64553
1.03493
1.34815
1.79013
0.0486953
1.77148
1.09298
1.97906
0.570153
0.3838
0.723833
1.43384
1.23845
1.51461
1.98639
1.94787
1.92691
0.223005
1.2936
0.566987
0.765551
1.28423
0.876825
1.34316
1.74526
0.295092
0.831531
1.01997
1.32082
1.3212
1.24697
1.32546
0.490269
1.28384
1.9228
0.398084
0.565375
0.580434
1.84247
1.23652
1.07973
1.04655
1.4943
0.641076
1.42376
1.69306
1.40103
1.69867
1.93737
0.163237
0.301148
1.88136
0.501844
1.96241
1.05433
0.552116
0.522378
0.52496
1.81283
1.05468
1.20223
1.96859
0.844224
1.81716
0.433585
1.87198
1.02177
0.211611
1.62646
0.556517
0.241993
1.17404
1.89018
0.335154
0.237685
0.02099
1.05007
0.706688
1.81825
1.5558
1.32383
0.768484
1.82324
0.0592082
1.42508
0.542242
1.31456
0.432282
1.09157
1.17351
0.294132
0.975513
0.263647
1.97142
1.45085
1.27418
1.44393
0.735581
1.96578
0.627629
0.836565
0.118713
0.110702
1.12472
0.407283
0.33501
1.874
0.0331517
0.388615
0.213019
1.22484
0.697127
1.76918
1.38551
0.738059
0.0617466
1.05341
0.237109
1.86729
0.781642
0.335676
0.0460891
0.307442
1.94906
0.287951
0.0875078
0.239072
0.127685
1.64408
1.35764
1.65574
0.171575
0.841859
1.83235
0.601982
1.80046
1.02208
1.09735
0.870003
1.51111
0.145539
0.0171158
1.51086
0.616053
1.70238
0.24103
0.899368
1.59071
1.4328
1.31357
0.998401
0.538117
1.57833
0.142223
1.77388
0.33577
1.60101
0.0209615
1.8268
0.323477
1.0353
1.83229
0.148927
0.120121
0.212607
1.90365
0.551195
0.395811
1.58805
0.117777
1.57704
1.29354
1.89761
1.96236
1.10374
0.540376
0.348269
1.2012
1.63845
1.26722
0.14646
0.700151
0.790285
0.0180467
0.269767
0.0604551
0.708588
1.6364
0.131074
1.87689
0.301525
0.0822473
1.54592
1.16587
0.589122
0.0396576
1.52207
1.65549
1.42528
1.03183
1.00677
0.882304
0.939921
1.7072
0.686614
1.08607
1.99368
0.370192
1.81352
0.520038
1.93895
1.15891
0.63091
1.16045
0.0290674
0.717324
0.47155
0.155137
1.78397
0.61828
0.57321
1.29519
1.64411
0.27991
1.8819
0.506451
1.50374
1.50739
1.60362
1.84079
1.03668
0.165037
1.1677
1.5119
1.07083
0.469943
0.171444
1.38535
0.921319
0.372788
1.01745
1.98225
0.602366
1.25981
0.256757
1.27005
1.01102
0.426988
1.29038
1.58289
0.716155
0.404001
0.61598
1.10954
0.67248
1.99248
1.31783
1.77235
1.27813
0.245603
1.38263
1.41276
1.03828
1.41244
0.191122
0.782708
1.00878
0.578977
1.76597
0.593206
1.63104
0.184824
1.2143
1.90288
1.33478
1.50703
0.756139
0.119919
1.1011
1.50423
1.69596
0.384376
0.526704
1.45556
0.00696456
0.961549
0.10203
1.45926
1.02005
1.14268
1.69532
0.491755
1.03671
1.52073
0.707742
1.93607
0.372277
0.100981
0.55355
0.887399
1.33116
1.54408
1.86511
0.518586
1.50042
0.930877
0.310255
1.70408
0.312482
0.615393
0.723787
1.45859
1.29291
1.96928
1.98558
1.85356
1.57298
1.15451
1.81779
0.978991
0.0443211
0.626666
1.12822
0.715398
1.68457
0.164477
1.04961
0.735136
0.560217
0.284648
1.98803
1.5877
0.495037
0.941914
0.252488
1.45179
1.94983
0.446867
1.33412
0.147341
0.853303
0.604813
1.63735
1.41213
1.26998
1.86503
0.400428
1.15917
1.049
0.885553
1.31796
1.95162
0.403254
1.07821
1.87238
1.68638
0.973635
0.979041
1.8453
0.513987
0.473409
0.908535
1.77565
0.468634
0.771631
0.109184
1.0325
1.7934
1.968
0.904303
1.26858
1.06245
1.41832
0.276777
0.473922
1.26257
0.213837
1.14784
0.101162
0.838112
0.918834
1.63994
0.534238
1.34403
0.949773
0.628215
0.225154
1.6947
1.75489
0.717583
1.90712
0.790423
1.04197
1.62628
1.26529
0.150504
1.35983
1.66647
1.47712
1.1062
0.198238
1.91285
1.97353
1.82895
1.89809
0.00258255
1.7401
1.75424
1.53946
0.0961833
0.684605
0.250918
1.47398
1.63722
0.723516
1.77745
1.32707
1.42055
1.37943
1.96647
0.934608
0.0780227
1.29452
0.0864184
1.92212
0.651765
0.900986
1.04607
0.832156
1.55645
1.13096
1.66332
0.738993
1.12981
0.726654
1.06982
1.85887
0.864194
1.87707
0.228315
1.60424
0.782234
1.84419
1.74622
1.14724
1.17671
1.29201
0.947937
1.95772
0.654346
1.13082
1.96432
1.46771
0.869223
0.500575
1.99408
1.71745
0.508131
0.600537
0.698712
1.20269
0.159033
1.95232
1.21911
0.230993
0.265977
1.92799
0.263131
0.728361
0.39042
0.251695
1.70825
1.7636
1.61244
1.1334
1.97041
0.662677
1.61865
0.476032
0.354762
1.39009
1.86021
0.0783728
0.297376
0.860206
1.86364
0.528834
1.91169
1.08132
0.787067
1.92456
1.34905
1.19894
1.66969
1.63134
0.1211
1.06271
1.06593
0.593689
0.730368
1.80234
1.81703
1.26674
1.26921
0.724703
1.88119
0.49375
1.5333
0.335338
1.52349
0.118099
0.609908
0.331232
0.146613
1.62437
1.81787
1.94568
1.53651
1.39216
0.326108
1.77579
1.31257
0.520651
0.940986
1.65595
1.62513
0.719731
0.14287
1.48947
1.3705
0.0699761
0.0886303
1.99839
1.66077
0.678028
0.539961
1.86905
0.0912626
1.61395
0.0373098
0.780927
0.901893
1.78703
1.63412
0.319652
0.235397
1.15511
1.12183
1.56668
0.242017
1.48816
0.0440736
1.19104
0.248834
1.18005
0.0168493
1.60569
1.90356
0.58822
0.630787
1.82766
1.06313
1.03255
0.856892
0.172603
1.50635
1.61228
0.202521
1.29735
0.156217
0.261098
1.49107
1.66482
1.85614
0.125482
1.22022
1.88244
1.36655
1.57023
1.13508
1.75741
1.4678
1.77916
1.55665
1.58316
0.643532
0.015341
1.91299
0.282768
0.960818
0.491472
1.03676
1.88289
1.87527
1.2292
0.0163094
1.51821
1.97423
1.96596
0.984439
1.74349
1.98116
1.61642
0.113268
1.86606
1.51396
1.7368
1.02587
1.3477
1.16314
1.50419
1.10654
0.175384
0.0671978
0.158175
0.104582
1.38428
1.42128
0.0187865
1.67524
1.76676
1.69175
1.09833
1.03982
0.836905
0.248459
1.9532
1.62027
0.200477
0.541
0.621716
0.443313
1.58769
0.520043
1.24443
1.7296
0.900616
1.51208
1.94362
0.148388
1.28715
0.713646
0.552636
1.63965
0.0173568
1.46525
1.93825
1.04476
0.336188
0.00935853
1.61163
0.228849
0.399548
1.16598
0.321391
0.554562
0.155405
0.0205815
1.63553
1.81746
1.65729
0.688221
1.22754
0.373584
1.9948
1.45177
1.80349
1.90061
0.570557
0.338397
0.371684
0.135705
1.1307
0.826714
1.34268
0.422547
0.975924
1.89699
0.786234
0.544075
0.169251
0.852978
1.87271
0.0197756
1.34171
1.51886
0.342402
1.99265
0.971067
0.848488
0.836287
1.77044
1.16165
1.05922
1.85745
1.59725
1.66611
0.685542
0.543433
0.364173
0.803882
1.02269
1.18422
1.50015
0.291436
0.481727
0.536447
1.47663
1.42573
1.1376
0.375875
1.1262
0.754962
1.91816
0.310484
0.410484
1.84766
1.70736
0.414985
0.0961933
0.687371
1.10048
1.98002
0.246066
1.77998
1.01976
0.665354
1.56428
1.08627
1.16142
1.00884
1.44914
1.95979
1.1232
1.02907
0.384746
0.88365
0.178098
1.64585
0.715188
0.974372
0.166287
1.16001
1.73759
0.510643
1.86765
0.25148
0.894752
0.425542
0.828912
0.852661
1.63725
0.733967
1.07177
1.40006
0.905992
0.804159
0.0800768
1.39122
0.286464
1.70408
1.72838
0.398671
0.594724
0.0947336
1.86379
0.803078
1.42031
1.65521
0.333205
0.0369595
1.13524
1.09976
0.102682
0.99077
0.901893
0.00206602
1.00287
0.595305
1.75616
1.20006
0.701357
1.43575
1.21598
1.56653
0.953302
1.96707
1.95219
1.36472
0.711966
0.323234
0.180923
1.0876
1.13959
1.9542
0.634788
1.83225
0.0665371
1.89396
0.582641
1.72999
1.07058
1.86402
1.54234
0.251926
0.777663
1.71226
1.33591
1.26603
0.877511
1.59436
0.0105211
0.520246
0.821947
1.86017
1.25626
0.450457
0.223772
0.988932
1.36659
0.800681
0.171495
0.0198427
1.31304
0.860616
1.9849
1.41597
1.05473
1.3076
0.0321046
1.40663
0.199981
1.36187
0.272233
1.52502
1.50524
1.04981
0.0777551
0.0238832
1.54336
1.5762
1.6244
1.97692
0.415712
0.604159
1.82705
1.03073
0.637878
0.173032
0.267734
1.87029
1.83475
1.9449
0.73215
0.800688
1.68606
0.376847
1.40087
0.719441
0.191604
1.34309
0.139959
1.72026
1.47712
1.68031
1.55592
0.868428
0.097378
0.0323734
1.80161
0.580271
0.963122
0.732427
0.657732
1.93831
0.301052
1.31495
0.634071
0.552788
0.675307
1.98399
1.53982
0.574617
1.16477
0.0889159
0.0662611
0.907263
0.236281
0.923258
0.934258
0.716591
0.459468
0.34169
1.80459
1.70494
1.55389
0.056182
0.484728
1.26893
0.179512
1.39114
0.884528
0.19127
1.80834
0.656001
0.679244
1.64626
1.90776
1.1614
1.30669
1.0502
1.89682
0.186285
1.5616
1.97458
1.5014
0.0583464
1.90233
0.277555
1.47054
1.36795
0.766053
1.65631
0.957213
0.0119557
1.33405
1.10727
0.43882
0.807344
0.000460863
1.65476
1.73397
0.524306
0.0458779
0.494943
0.822151
1.98055
1.34811
1.29962
0.912532
0.732416
1.67487
0.205669
0.584639
1.85886
1.60265
0.456453
0.164467
0.345981
0.57953
0.0829787
1.07658
0.983624
0.244596
0.552658
1.03674
0.349018
0.748824
0.750286
0.322681
0.797266
1.37289
0.965553
0.0389187
1.66604
0.095786
0.252217
1.98014
0.145656
1.09676
0.36635
0.0422544
1.09994
0.251423
0.0681009
1.32822
0.0778172
0.568938
0.140364
1.77198
0.0809762
1.96868
1.04318
0.590904
0.14951
1.73294
0.641164
1.95194
1.76631
1.6244
0.681065
0.679789
0.880776
0.80417
0.0237726
0.5914
1.27354
0.269566
1.11518
0.26292
1.29591
0.0919247
0.515356
1.61924
0.441595
0.341169
1.97844
1.61308
0.271215
1.31381
0.232019
0.21847
1.79863
1.0174
0.0261192
1.72872
0.175884
0.311721
0.591631
0.730691
1.19302
0.814298
1.90549
1.36405
1.74324
1.75303
0.972331
0.23382
0.194631
0.134944
1.80691
1.42013
1.57507
0.257012
0.906409
1.80006
0.644762
0.251002
1.36405
1.34422
1.68562
0.359502
1.06402
0.839131
0.493613
1.39898
1.92785
0.667494
1.52515
0.507397
1.95861
1.99561
1.05329
1.53903
0.544055
1.2843
0.292421
1.3653
1.79091
0.0705755
0.205238
1.98069
1.23525
1.21132
0.0260332
0.524192
1.90738
0.07358
0.749031
1.34332
1.90175
0.189885
1.03769
0.212212
1.83849
1.10525
0.96638
0.19549
1.5402
0.725962
1.69142
0.278186
1.30337
0.371814
0.244376
1.14768
1.27295
1.37928
0.0697942
0.184424
1.94427
1.43098
0.0381408
1.09353
1.90682
0.509976
1.68622
0.0363243
1.26416
0.711364
1.48977
0.0996411
0.717662
0.00536728
0.55517
0.857657
0.0252118
1.27954
0.816784
1.88002
1.85705
1.51635
1.72522
1.29005
1.77044
1.08011
1.12952
1.73484
1.29644
1.26533
0.308312
0.149747
0.327023
0.3211
1.56983
1.37455
1.66067
1.4647
1.7587
0.8961
1.36443
1.68413
1.41513
1.06207
1.85926
0.658578
1.96115
1.55091
0.892414
1.4083
1.04292
0.15686
0.122181
0.839049
0.227934
1.68232
1.30738
1.58706
0.399238
1.82622
1.72031
0.0415249
0.216871
1.41843
0.132696
1.62258
0.44344
1.57353
1.42528
1.41901
1.98645
1.89098
1.53687
0.265418
1.9144
0.466026
1.10852
1.14964
0.0075103
0.207725
0.768179
0.0698708
0.994093
1.56074
1.4909
1.76366
1.26502
1.38844
0.400159
0.237255
0.808167
1.04437
0.986273
0.0746282
1.56107
1.22598
0.76334
0.19614
1.58094
0.875539
1.80731
1.96284
0.557982
1.98661
0.979377
1.52334
1.55049
1.42712
1.43048
1.63951
1.1586
0.216279
0.824749
1.24477
1.18039
0.157447
0.916654
1.29937
1.21637
0.268952
1.00536
0.356403
1.11548
1.9469
1.31546
1.70316
0.104937
1.89401
1.89945
0.602731
1.24843
1.72452
0.0569508
0.57584
1.63734
0.80393
1.40619
1.97759
0.103384
0.144624
1.75871
1.97979
1.6834
0.449761
1.79253
1.96593
0.987083
1.93744
0.0895908
0.920936
0.584495
1.28054
0.644831
0.0705134
1.46857
1.2808
0.0458729
0.0257876
0.409141
0.865252
0.411806
1.83202
1.458
0.214194
0.292392
0.948848
0.380859
1.99315
1.70918
0.340438
1.95189
1.77661
1.94921
1.32734
1.76241
1.38043
1.48983
1.57534
1.06656
0.106224
1.12614
0.0886786
0.34922
0.436542
1.89997
0.142553
1.86827
1.80366
0.465287
0.4272
1.23675
1.49843
1.28556
1.03931
0.0289994
1.67577
0.172688
1.71483
1.06033
0.0730606
0.847004
0.569255
1.35101
1.58259
0.303433
0.525037
1.95094
0.977312
1.334
0.796015
1.86611
0.588407
0.785802
1.37596
0.0339723
1.5162
1.8434
1.85157
0.0867959
0.737907
1.93653
1.532
1.47674
0.500822
0.746866
1.79704
0.717678
1.86049
1.31941
1.67787
0.33646
1.37133
1.56082
1.33387
1.71182
1.51212
0.885167
1.67352
1.18867
0.157305
1.84932
0.667897
1.18423
0.599851
1.6847
0.154983
1.98071
0.316062
0.349275
0.16195
0.461809
0.643063
1.20261
0.290146
0.897567
0.832645
1.81761
1.44459
1.74251
0.18451
0.856463
0.280389
1.72575
0.718723
0.736692
1.69255
1.10421
0.395967
0.144648
0.159158
1.06935
0.50199
1.22084
0.839485
0.0202737
0.31345
0.634233
1.96791
0.194574
1.83211
0.880968
0.706359
0.389131
0.185134
0.010407
0.457379
0.111321
1.93046
1.75124
1.95115
0.729167
1.09362
1.62583
0.898637
0.760314
0.635367
1.24012
0.0464952
0.991107
0.315575
0.262945
1.20117
1.22554
1.59832
1.33765
0.00150359
0.13547
0.723077
1.8337
1.23398
1.23869
1.84164
0.151756
0.322615
0.885336
1.88701
1.88991
0.175823
0.00997031
1.38579
0.332623
0.167429
1.9417
0.699567
0.14553
0.808371
1.44877
0.470667
1.54018
1.91351
1.69124
0.601435
1.87948
0.483738
0.610263
0.10694
1.9532
0.11553
1.31687
0.244007
0.00864923
1.00439
1.52685
0.944718
0.110538
0.303127
0.920571
0.894519
0.351331
1.88228
0.0291883
0.422069
1.05186
0.089785
1.26075
0.606851
0.996699
0.969241
0.681707
0.955242
0.221331
0.0278877
1.98421
1.90071
1.46847
1.77288
1.24498
1.98615
1.78464
0.747609
0.448373
0.629882
0.938986
1.43046
1.55336
0.570333
0.588555
0.394386
0.272358
1.1099
1.22593
0.493608
0.980358
0.272951
0.840297
1.98762
1.97601
1.06564
1.8084
1.58809
1.85234
1.56433
0.821968
1.80768
0.0365002
1.22211
1.20315
0.699158
1.22989
1.22087
1.39302
1.56565
1.06951
1.9758
0.858143
1.60021
1.49486
1.44121
0.537977
1.92118
0.773601
1.72815
0.906049
0.00797403
0.252637
1.94442
1.54429
1.69276
1.81943
1.19144
1.02078
1.15007
0.146521
0.589537
0.227321
1.30928
1.70777
0.837647
1.77609
0.497295
0.874594
0.871377
1.37109
1.61147
1.95037
0.442801
1.93694
1.73166
0.064889
1.09366
0.339295
0.345348
1.69397
0.390992
0.831182
1.46034
1.15148
1.27889
1.75462
0.10822
0.867751
1.6067
1.82436
1.89368
1.34217
0.363774
1.04285
0.664391
0.133276
0.651722
1.42208
1.49095
1.64613
0.0182697
1.31938
1.45175
0.567292
0.291749
0.542846
0.210987
1.1047
0.152042
1.3761
0.424115
1.94438
1.31446
1.40855
0.544039
1.71081
1.93253
0.273003
0.11494
0.733574
1.19172
0.00671983
0.911006
1.94957
0.696968
0.108998
0.384958
0.320312
1.55712
1.76748
1.60567
1.70394
0.260151
0.821714
1.47683
0.307796
1.17107
0.841465
0.401895
0.0563474
0.126651
0.02144
1.82413
1.27289
1.96009
0.240059
0.100202
1.80091
0.754675
0.00828946
1.64608
0.536939
1.84936
1.34174
0.893374
0.0818363
1.42768
0.839452
1.42174
0.502406
0.249465
1.25212
0.098645
0.818105
1.46736
0.119899
1.05502
1.82379
0.161435
0.365099
1.56921
1.65021
1.58404
0.0642099
0.203931
1.30031
0.946908
0.572195
0.00848699
1.47321
0.953132
0.900377
1.22005
1.13789
1.07903
1.77315
1.52758
0.179404
0.220038
0.227306
1.31997
1.12936
0.060638
1.87803
1.3959
1.88095
0.393205
1.10871
0.208911
1.58848
0.143008
0.54055
1.65023
0.580996
1.14308
0.96169
0.082811
0.0641782
1.58528
1.77278
1.72666
0.490962
0.692652
1.92463
1.36278
0.243701
1.59902
0.598164
0.855541
0.23298
0.311139
0.686469
1.4095
1.88274
0.581594
1.59604
1.1591
1.4171
1.70216
0.548381
0.902274
0.778154
0.509425
0.155228
1.79242
0.689481
0.742841
1.69636
0.718049
1.44474
1.08529
1.08246
0.0855253
0.651039
1.86323
1.94114
1.86844
0.548664
0.665701
1.09478
0.0826187
1.45624
0.802096
0.149176
1.99873
1.63155
1.88792
1.28112
1.27771
1.88766
0.170059
1.84378
0.0787647
0.943628
0.23038
1.02151
1.94439
1.95966
1.62194
0.188317
0.810493
1.78036
1.16506
1.92972
0.118305
1.19293
1.95482
1.08576
0.00606096
1.50812
0.620643
1.62368
0.766147
1.52483
0.444604
1.4343
0.205413
1.92486
1.35444
0.240966
1.97812
0.705309
0.445461
1.97336
1.06724
1.93564
1.0101
0.0931201
1.99492
1.56325
1.94834
1.88043
0.168871
0.0681618
0.410333
0.389602
1.99141
0.432864
1.99387
0.532284
1.95399
0.777124
1.89595
0.126387
0.856448
1.7446
1.4342
0.0258299
1.61351
0.0429035
0.725192
1.01696
0.424157
1.34934
0.0254669
1.67018
1.78085
0.330557
1.62969
0.914088
1.83944
1.57201
1.54533
1.13251
1.86488
0.460112
1.11965
1.93345
0.981254
1.93894
0.186209
1.14359
1.89046
0.393949
0.226114
1.54988
0.200601
1.89889
1.71249
1.64929
1.7031
0.540646
0.540569
1.75861
1.68424
0.266394
0.504923
0.389762
1.16783
0.567363
0.489927
0.380722
1.60261
1.10343
1.28102
1.21453
0.195022
1.16303
1.7891
1.87763
1.39803
1.62634
1.84468
1.03271
0.433603
1.60239
1.44951
0.00868821
1.11726
0.101222
0.676797
0.177663
1.8916
0.882275
1.97714
1.9746
0.176673
1.94323
1.22676
0.282938
1.04082
1.48867
1.08093
1.39953
1.94221
1.97088
1.98056
0.234133
1.61953
0.611726
0.00340438
0.0809686
0.904026
1.99229
1.83502
1.87695
1.46741
1.74531
1.63408
0.190706
0.348168
1.36718
0.584776
1.11583
0.122121
0.449585
0.0851841
1.90126
1.24438
0.458498
0.0123661
1.82684
1.35206
1.91123
0.608212
0.65656
1.83417
0.652304
1.52617
0.1357
0.340477
0.380895
1.98352
1.48041
0.015789
0.97726
0.62308
1.46482
0.648622
1.93505
1.46404
1.91178
1.89525
0.779292
0.0550495
0.893328
0.415467
1.9415
1.86309
1.39957
0.00980783
1.59001
1.62333
1.65104
0.0158489
1.99611
1.87264
0.450701
0.68421
0.223546
0.604064
1.24779
0.180369
0.713118
0.109166
1.47247
1.64564
1.52178
1.39203
1.80649
0.584294
1.18566
0.133462
0.00507784
1.34549
1.38938
1.37962
0.966947
1.82139
1.46612
0.973017
1.46211
0.623875
0.223288
0.465056
0.363685
0.838751
1.83218
0.390381
0.217682
0.963088
0.983709
0.123696
0.71604
1.45899
1.88634
0.740521
0.124881
1.22048
1.16749
1.61105
0.340466
1.6092
0.989239
0.702855
0.0180758
0.760233
1.88256
1.47289
0.162072
0.400401
1.17043
1.94674
0.495109
0.962173
1.85775
0.542888
0.429362
1.53846
1.96493
1.82848
0.176864
1.59976
0.432772
0.227504
1.84908
1.7165
1.76525
0.00967801
1.33839
0.184757
1.32746
1.1501
0.471839
0.394992
1.99047
0.462442
1.9225
0.841972
0.163722
0.886201
0.992366
0.21317
1.99831
1.4745
0.443773
1.44153
1.23726
0.683923
0.50926
0.0412619
0.300482
0.874539
0.869355
0.248511
0.125682
0.05182
1.93143
1.09597
0.360662
1.74327
0.0809492
0.0312706
1.42881
1.12447
0.0787677
1.86682
1.74988
0.177833
1.46679
0.243326
0.119529
0.228903
0.568926
0.0594198
0.913418
1.64005
1.51712
1.24164
0.11472
1.92466
0.406318
0.673513
0.656726
0.295312
1.71617
1.88495
1.79821
1.65631
1.95797
1.79948
1.37862
0.921831
0.644627
1.44209
0.0147806
0.0553364
1.89554
0.415234
0.844281
0.103439
1.6443
1.59873
0.728307
1.35104
1.085
0.966338
0.338477
1.25307
1.82808
1.85826
0.997677
1.65915
0.357404
0.487361
0.93482
1.80106
1.27236
1.96666
0.332714
1.99453
1.89939
0.269552
0.375563
1.92984
1.31489
0.179493
0.0350758
1.10514
1.20752
0.369699
1.76517
0.272219
0.876992
1.10687
0.427528
1.90704
1.42742
1.92325
0.952883
1.47397
1.52917
0.470151
0.281164
0.9669
0.577842
0.844616
0.379387
0.968093
1.42237
1.79652
1.46184
0.499002
1.83671
1.98899
0.302744
0.630046
0.475464
0.949673
1.93125
0.889168
1.81582
0.358654
0.288686
1.71995
1.68748
1.4616
0.234324
0.875891
1.71097
1.74525
0.727291
1.49534
1.97698
0.432487
1.8814
0.447135
1.91342
1.15257
1.89775
1.5143
0.681564
0.113869
1.59211
1.0283
1.94898
1.62511
1.05734
1.74712
0.665143
1.79292
1.87529
0.350853
0.528392
1.00498
1.90415
0.557535
0.656615
1.58231
1.55678
0.182263
1.8274
0.648898
0.676025
1.40687
0.0130852
1.34525
1.33907
0.952528
1.37927
1.65162
1.99493
1.69072
1.78233
1.75832
1.40631
1.90495
0.329797
1.44835
1.01853
0.108322
0.616571
0.616988
1.96939
1.01123
0.17297
1.91176
1.66958
1.92936
0.982526
1.63864
1.92577
0.0124124
1.89458
0.166827
0.498662
0.463473
0.112519
1.29051
1.95664
1.77113
0.0597035
0.789914
1.26601
1.77057
0.0290769
0.453577
0.730648
1.99774
0.188671
0.655106
1.25177
1.14002
1.77546
0.516551
1.62757
1.99161
0.260444
0.142027
1.75556
1.97801
0.337093
0.679449
1.14573
1.46449
0.654173
1.80645
0.685795
0.078757
0.412698
0.329747
0.593429
0.454301
1.8213
0.653218
0.325642
0.673732
0.456313
1.95977
0.427817
1.1324
1.93895
1.3674
1.93999
0.344477
0.240224
1.27641
1.65683
1.84784
0.879636
1.95401
0.855076
1.40885
0.177078
1.14613
1.06006
0.328297
1.76261
0.0783715
0.390559
0.576818
1.74087
0.76622
0.0706846
0.806
0.348677
0.561516
0.803684
0.453678
0.976434
0.442263
0.178075
1.38075
1.70432
0.811117
1.84609
0.685587
0.645201
0.0181128
1.23051
0.0723605
0.801524
0.00362492
1.85088
1.95389
1.72694
1.93222
1.75492
0.915262
0.734968
0.000608444
0.156483
1.91295
0.0108418
1.88505
1.21786
1.2463
0.889176
0.531248
1.82713
0.806448
1.93482
0.13673
1.02965
0.708899
0.819489
1.31991
1.91412
0.221018
1.95954
0.367198
0.153357
1.16675
0.0582801
0.717104
0.846118
0.464448
1.10042
1.94438
0.168415
1.01856
1.01741
0.586307
1.73483
0.124916
0.697617
0.288119
0.10005
1.45154
0.289519
0.557638
0.0967753
0.453471
0.798986
0.0544149
1.80808
0.468842
1.66676
0.991215
0.560037
0.363284
1.91441
0.561511
1.89815
0.168081
1.96425
0.0226852
1.94574
1.35672
0.463643
0.0281788
0.380152
0.998588
0.985894
1.97305
0.312663
1.33481
0.0469267
1.64009
0.298043
0.879759
1.06034
1.50033
1.61609
0.0082109
0.0996827
0.107281
1.25232
1.02293
0.382377
0.844359
0.83907
0.294347
0.830549
0.148435
1.35492
0.87745
0.580431
1.11409
0.832499
1.90842
1.76383
1.89648
1.48724
1.99625
1.66685
1.28116
1.94707
1.44081
1.3275
1.52851
0.294489
0.174583
1.56416
1.76839
1.1265
0.543675
0.401339
0.538025
1.15984
1.76615
0.30487
1.69704
0.104641
1.55939
0.280058
0.16459
0.00834012
0.427585
0.531973
1.41827
1.76821
0.714672
0.684758
1.08529
0.442695
1.22173
1.54009
1.64517
0.7553
1.93604
1.37569
1.60256
1.90321
0.137762
0.147961
0.344429
1.95395
1.67516
1.22233
1.35023
0.672982
1.03092
0.264025
1.05159
1.147
0.179983
1.9145
0.258001
0.085518
0.182644
0.317487
0.568947
1.9622
1.55146
0.511669
0.832945
0.629866
0.524647
1.38426
0.269668
1.89819
0.0339725
0.00417435
1.52234
1.94692
0.205132
1.97225
1.82513
0.545092
0.484737
0.0715872
0.60483
1.87692
0.157804
1.3744
1.95711
0.97235
0.42092
0.0374193
1.33095
0.81339
0.386494
0.00505137
1.90895
0.298336
1.68311
0.342878
1.11572
0.544518
1.23812
0.0911072
1.5267
0.67069
0.496582
1.19217
0.792136
1.96474
0.205988
1.98738
0.172819
0.374674
1.65295
0.359056
1.58378
0.957416
1.11438
0.832931
1.5787
1.97716
0.0201945
0.269903
0.154796
1.82906
1.57202
0.740529
0.438668
1.69373
1.16185
1.21206
1.2511
1.55305
1.81887
1.6968
1.537
1.21959
1.90816
0.143788
0.0332626
0.676466
0.210615
1.45408
1.97787
1.03632
1.68855
0.0256418
1.82896
1.03358
1.814
0.0860376
1.95234
1.81871
0.972097
0.173391
0.802831
0.0112377
1.59183
1.97893
1.10336
0.177755
1.86554
0.419536
1.66051
1.83499
0.400033
0.914675
1.63799
1.24455
0.835272
0.218064
1.86017
0.754342
0.630962
1.70679
0.121761
1.30068
1.77335
1.80724
1.36196
1.36516
0.31532
1.18651
0.00070715
1.2347
0.171492
1.68355
0.329704
0.976915
0.906051
1.24556
0.33706
1.3369
1.05959
0.470523
1.97327
1.96137
1.22308
1.35538
1.0969
0.197316
0.147907
0.8161
0.570587
1.49619
1.01286
0.86905
0.924315
0.104449
1.50832
1.24439
1.12429
1.84361
0.0938706
1.81484
1.94871
0.0995986
1.07566
1.83784
1.26731
0.333655
0.077538
1.5937
1.88852
0.158757
0.801822
0.09411
1.84258
0.116569
0.122439
1.9958
1.41882
0.193949
1.65168
0.453976
1.79066
0.718173
1.35143
1.48674
0.451711
1.80999
0.410802
1.037
0.407018
1.44363
1.5241
1.99994
0.954551
0.178904
1.70971
1.99347
1.03299
0.549051
1.82678
1.12035
0.90126
0.5636
1.15281
1.24504
0.609728
0.181427
1.07611
1.89884
1.95157
0.366449
1.77501
0.919812
1.51267
0.0639541
0.631345
0.183428
0.081686
1.5305
0.116122
1.13851
1.21896
0.368066
1.36836
1.41907
0.538869
1.19871
1.14107
0.847837
0.106838
1.86667
0.517557
1.51929
0.339019
1.94318
1.51309
0.549594
0.105262
1.00049
0.30477
0.437947
0.303318
0.585228
0.357977
0.286929
1.9955
1.65605
1.53843
0.326231
0.240347
1.27982
0.977378
1.91927
0.885873
1.92925
1.13676
0.217594
0.718795
1.40384
0.231474
0.331646
1.11598
0.205632
0.34561
1.64314
0.193412
1.27706
1.62851
1.94582
0.724144
0.0919341
0.695894
0.283768
1.20121
1.73054
0.1411
0.929013
1.29584
1.40602
0.0797474
1.8649
1.4802
0.304605
1.86028
0.29691
1.91225
0.181132
0.507404
1.89188
0.981171
0.0840285
0.328023
1.72898
0.0812209
0.303102
0.578521
0.0204488
1.98263
1.54283
0.533722
1.65528
0.988864
1.99585
0.212076
0.353417
1.52841
0.911759
1.16846
1.71932
0.456518
0.448341
1.63335
1.63496
1.83553
1.86695
0.510928
0.0160263
1.48637
0.0998811
1.70512
0.0963905
0.534812
1.97951
1.12773
0.679722
1.64773
0.134691
0.453754
1.91737
0.384142
1.89784
0.992438
1.44243
0.797574
1.5852
0.655879
0.392942
0.764664
0.323152
0.141057
1.86717
0.122044
0.928332
0.254857
1.20515
1.28095
1.52067
0.175771
0.0567651
1.01648
0.240777
1.91835
1.90971
1.22145
0.528155
0.372378
0.204322
1.013
1.03993
0.173949
1.81255
1.05587
1.63255
0.91195
1.29802
0.0758134
0.181262
0.0845135
0.69279
1.8196
1.56483
0.295611
1.86597
1.51566
0.925605
1.44352
0.265053
0.211766
0.950099
1.04588
0.278677
1.814
0.18883
0.229778
1.91644
0.146327
0.0883354
1.38528
0.221401
1.87329
0.0524458
1.02976
1.83
0.00785613
0.499881
1.60387
1.07017
1.75211
0.346916
1.75755
0.0453323
0.547197
1.69789
1.83304
0.128439
0.337508
1.10264
1.28059
1.99624
0.175166
0.619399
0.00389493
0.425587
1.74188
0.682343
0.069532
1.25741
0.739455
1.89816
1.73062
0.722116
1.63356
0.018235
0.627722
0.0822413
0.474594
1.17445
1.55374
1.35228
0.154055
1.78801
0.79475
0.775081
0.774664
0.387273
0.314034
0.650532
0.385189
0.129572
0.33384
0.455989
1.98918
0.611429
1.42189
1.03604
0.867164
0.772773
0.277439
1.79579
1.33454
0.377371
0.331865
0.21183
0.0740459
0.12133
0.241241
0.973607
1.36071
1.18263
0.845574
1.23595
0.294214
1.87011
0.240592
0.141192
1.62021
0.170184
1.17347
1.51334
0.0294931
0.498222
0.208908
1.78495
1.36227
1.13993
1.73633
0.30558
1.12074
0.209674
1.01902
0.041602
0.552923
1.91742
1.98
0.279741
0.437668
1.42742
1.52875
0.124927
0.0892695
0.311608
0.421833
0.927732
0.244425
0.0688939
1.65953
1.09162
0.153749
0.121257
0.936384
1.66883
0.496629
1.82745
0.303522
0.945766
1.24861
1.04842
0.513988
0.116465
0.702137
0.444894
0.747072
1.90565
0.327665
1.9085
0.527264
0.769364
0.813343
1.15151
0.130297
1.34026
0.42446
0.406047
1.81144
0.716632
0.522104
1.09483
1.693
1.97693
1.33619
1.97744
1.08805
1.8724
0.790315
1.9563
1.30583
0.0383642
0.699007
0.762401
1.77894
1.34704
0.101641
0.471622
1.85838
0.516532
1.73283
1.49422
0.227699
1.14114
0.209336
1.88627
0.855306
1.96944
1.9341
0.587967
1.98173
1.3401
1.84679
1.90406
0.0705986
0.992814
1.04745
1.42042
1.10885
1.05017
1.84888
1.34289
0.346136
0.372056
1.33394
1.34117
1.39852
0.32465
1.17606
0.0327941
1.68476
0.0527442
0.89566
0.928102
0.135484
0.015408
1.01893
0.235746
1.55329
1.89104
1.97821
0.619016
0.304726
0.618226
0.319689
0.441723
1.52041
1.30004
0.686125
1.99296
0.797428
1.80644
0.132468
0.119953
1.39415
1.98195
0.223453
1.71113
1.00425
0.845396
1.8744
0.0519797
0.426743
1.34798
0.353345
1.8325
1.50702
1.42828
0.450896
0.561127
0.857973
1.97139
0.215438
0.836857
0.905604
0.575433
0.466152
0.688605
1.47279
1.52911
0.190372
0.336263
1.61
1.9726
1.98792
0.44499
1.86598
0.110213
1.96233
1.05496
1.36782
1.02749
1.30207
1.77348
0.135119
1.74728
1.82173
0.909202
0.678871
1.12473
1.89746
0.212862
0.375574
0.345342
1.12795
0.356889
0.858644
0.53293
1.9887
0.881146
1.81875
1.09196
1.69981
1.30729
0.640143
1.71817
1.27242
1.58693
0.36573
0.106468
1.48689
0.0725428
1.58054
1.20405
1.85223
1.30437
1.46793
0.00871706
1.73943
0.775492
0.0249228
1.52349
1.36495
1.63017
1.04022
1.02457
1.77944
0.289524
0.0224974
0.0948517
0.00894034
1.27022
1.17301
0.7076
0.323973
0.041802
0.0174432
1.80288
0.985045
0.314881
1.23628
1.4121
1.18319
0.478264
1.57855
0.185835
1.92049
0.146653
1.91014
0.298718
1.84471
1.91654
1.69882
1.72558
1.49191
0.588881
1.38519
1.55499
0.284776
0.286911
0.118014
1.85151
0.720091
1.5843
0.00972152
0.76463
1.60488
0.349809
1.01497
0.0274801
0.0355909
0.559528
0.976631
0.865849
0.809603
1.7958
1.18227
1.90673
1.08824
0.376937
1.3836
0.0342988
1.17464
0.57163
0.546803
1.5285
1.86873
1.15329
1.41942
1.90106
1.67168
1.79938
1.8258
0.692852
0.0548605
0.737448
0.90485
1.84771
1.79517
0.526313
1.83979
1.59917
0.33569
1.96128
1.2177
0.394461
1.01032
1.88258
1.94638
1.28751
1.22741
0.789481
0.0136502
1.34901
1.75866
1.57045
0.228242
1.61599
1.88275
1.44634
1.43502
1.77657
0.866463
1.11462
0.410169
0.8686
1.40558
1.72552
1.57577
1.08704
1.86168
1.83893
1.82336
1.39273
0.586545
1.8975
0.961148
0.0809935
1.02151
0.414684
1.86851
0.74082
1.48531
1.48111
0.90697
1.4855
0.858301
1.13374
1.73747
1.80208
1.08886
1.21784
1.8621
0.0738283
0.895748
1.22604
1.73235
1.0879
0.175646
0.87496
0.604413
1.19134
1.38512
1.75404
0.0337901
1.56923
1.84742
1.94641
1.12376
1.25543
1.66608
0.399416
0.420403
1.49763
1.51094
1.0619
1.94361
1.41358
0.993859
0.103812
1.97406
1.16273
0.259515
0.404701
1.32645
0.821286
1.85304
1.24674
1.43534
1.95037
1.25051
1.8548
1.3103
0.971435
0.662156
0.481543
1.22969
0.817699
0.260801
1.09648
0.688386
0.605538
0.735297
0.646582
1.10724
1.977
1.15326
0.309791
0.228754
0.727429
1.49561
1.06943
0.502695
0.54895
0.722343
0.129589
0.196214
0.325374
0.228416
1.90259
0.375242
1.49274
0.307146
1.7584
0.049026
1.84503
1.89486
1.85236
0.0450079
0.720897
0.376041
1.74896
0.837175
0.261586
1.82417
0.159882
0.197021
0.135492
0.205333
0.0458474
0.517894
0.0828704
1.85129
1.79262
1.89261
0.284209
0.861941
0.888509
1.1032
0.118153
1.58199
1.6814
1.5825
0.190093
1.81139
1.98104
0.0225346
1.8091
0.14868
0.814332
0.741372
1.85499
1.05818
0.970746
0.839016
0.156644
1.7276
1.11
0.227831
0.511757
1.94852
0.0392851
0.956275
1.69693
1.32832
0.563759
1.20379
1.18329
1.74247
1.92678
0.622529
0.833811
1.87756
1.98497
1.07386
1.30603
1.0289
0.846772
0.0754387
0.401507
0.76366
0.972198
1.63576
1.04641
0.273253
1.46076
0.17087
1.3386
0.0583358
1.16167
0.358133
1.97225
0.2461
1.92716
0.701809
0.0317562
1.99661
0.305475
0.264266
0.0288645
1.964
1.48947
1.08323
0.0110203
0.10354
0.752569
1.98828
1.48444
1.09394
0.281722
0.5763
0.0720289
1.60668
0.608395
1.70571
1.11416
0.870791
1.57365
1.18795
1.97188
1.83705
1.26915
1.78036
0.89593
1.15408
0.922926
0.132449
1.27485
0.262042
1.0556
0.173566
0.558142
0.735579
0.60367
1.92982
0.930479
0.00556159
0.765481
0.627275
0.33617
0.895665
0.910195
0.494924
1.59566
1.03553
0.149688
0.723465
0.710533
1.35207
0.282735
1.88263
0.835342
0.880615
0.846801
1.25952
1.76124
0.0414698
0.188873
1.85225
0.160013
0.579715
1.87387
0.891905
0.53991
1.68177
1.64706
1.55593
1.99644
0.0951315
1.64318
0.874122
1.60981
1.77771
1.87293
0.156632
1.5993
1.56639
0.298585
1.10973
0.375699
1.55582
0.542628
0.0853587
1.48951
1.54241
1.00233
1.9997
1.87232
1.74363
1.91568
1.72668
1.04951
1.0022
1.7055
0.178522
0.419674
0.0363106
1.62965
1.63997
0.5889
0.110447
0.2558
0.0434877
1.90908
1.93753
1.31711
0.627666
1.29162
0.564571
0.389555
1.9069
1.95155
1.0701
0.421659
1.72942
0.182419
1.99221
1.94326
1.86814
1.47207
1.01741
0.0796789
0.57058
1.00643
1.02182
0.575181
0.5255
0.208908
0.593345
1.48089
1.84796
0.215869
1.78249
1.47982
0.588275
0.0876091
1.62923
1.86094
1.71701
0.156121
1.92349
1.95976
1.53363
0.0635419
1.89486
1.70099
1.61712
1.23932
0.151333
1.72086
0.382828
1.03684
1.15416
1.1658
0.33143
1.81533
1.41242
1.98104
0.0604333
0.202625
1.93973
1.51486
1.30164
1.53848
1.56092
1.76458
0.448053
1.67174
0.390881
1.42554
0.396219
1.31475
0.627792
0.0193589
1.96241
1.31219
0.0313034
0.28143
1.1724
1.24086
1.21842
0.731056
0.338263
1.25429
1.44915
1.82401
0.62671
1.95752
1.76028
1.16578
1.93495
0.0223099
0.567697
1.97708
1.15822
1.72461
0.41447
0.321906
1.96151
0.161969
1.75617
0.815292
1.521
1.54786
0.0570883
0.855299
0.00687957
1.20964
1.20069
1.80606
0.0291932
1.90195
0.561612
0.586269
1.6852
1.83221
1.29668
1.06456
0.879346
0.388544
1.32607
1.98906
0.749114
1.17656
1.01049
0.392501
0.917199
1.19802
1.60388
1.76555
0.598622
0.0736836
1.34513
0.197474
0.123222
1.12782
0.98845
0.482038
0.415618
0.277261
1.5898
1.70092
0.134568
0.929319
0.534589
1.36788
0.1091
0.279564
1.18932
1.52546
1.48915
0.942682
1.99663
0.00257039
1.94271
1.83686
1.03865
0.14215
0.140755
1.46968
1.40899
1.34908
1.50351
0.0109664
1.91813
1.40196
1.11087
1.35486
0.788741
1.68246
1.21544
0.0289235
0.022606
0.14511
0.418975
0.964576
1.78474
0.213113
0.746272
0.532432
0.264048
1.59778
1.51533
0.0299729
1.89925
0.608159
1.5026
0.896726
1.49859
1.18749
0.199054
1.43433
1.93737
0.367478
1.54465
0.566015
0.0352238
1.76028
1.94279
1.55549
1.36014
1.55945
1.27669
1.44618
1.9844
1.80666
1.49662
0.665197
0.442485
1.42852
1.61573
1.9439
1.08381
1.98153
1.36438
0.0926996
0.608261
0.178704
1.46756
1.38594
0.667544
0.112951
0.129197
1.83375
1.31509
0.40018
1.64276
1.70137
1.85741
0.0194583
0.299297
0.897052
1.86698
0.71843
1.98799
0.47063
1.41553
1.65847
1.6898
1.65585
0.309777
0.134917
0.150565
0.799695
0.379133
1.53729
1.25074
1.67989
0.0209221
0.548625
0.370384
1.39686
1.38262
0.0566127
1.81802
1.90141
1.93386
0.708696
0.171378
1.58382
1.06048
0.51873
1.98179
0.216316
0.037779
0.137285
1.62451
1.88019
0.908039
1.40925
1.82191
0.758664
0.294122
0.862671
1.6597
1.41733
0.340454
1.85665
1.00211
0.520446
0.306893
0.307342
1.67371
1.04072
1.16443
1.28049
0.0218978
0.584066
0.157082
0.537613
1.21477
1.22829
1.83986
1.53165
1.81375
1.56717
1.82866
1.48383
0.00270033
0.0207771
1.6587
0.422308
0.839092
0.734974
1.99353
0.638134
1.85387
0.953145
1.9998
0.457959
0.633062
0.950535
0.202018
0.754478
0.183891
0.842895
0.0813829
0.380073
1.95217
1.36628
0.619042
1.23374
1.79254
0.0144217
0.00607622
0.594812
0.924166
1.99552
0.998335
1.67389
0.615525
0.547875
0.412388
0.0816119
1.52121
0.00947368
0.520909
0.274857
1.06975
0.675697
0.689231
1.18383
0.414157
1.35914
1.52283
0.125726
0.601441
1.73998
0.14209
0.346064
1.33327
1.42388
0.973374
0.331325
1.22613
0.286158
1.02509
1.8571
0.345673
0.550359
1.86224
0.134144
1.47483
1.6922
1.33785
1.41634
1.5958
1.05449
1.96349
0.31747
0.26268
1.22204
0.115047
0.539432
1.94595
0.963523
1.43683
1.60578
1.84438
0.0600115
0.0428376
0.221494
0.261417
0.255442
1.71821
0.955622
1.30273
0.43544
0.710011
1.95877
0.726657
1.34652
1.95468
1.9779
0.659562
1.07782
0.0573417
1.85532
1.18295
0.617249
1.61378
0.902756
0.675749
1.90268
1.89861
0.90977
0.932307
0.493977
1.88944
1.19659
1.27336
1.56272
1.25006
0.512637
0.642323
1.59989
1.56787
0.278708
1.01057
1.91939
1.60462
1.84573
1.39951
0.639572
1.96172
0.469148
1.00672
0.873329
1.61888
1.92047
1.65784
1.31283
0.997718
1.28024
1.39122
0.996163
0.899977
0.812919
0.992449
1.56183
1.75481
0.113324
0.670341
0.690786
0.891233
0.473624
1.34411
0.82251
0.79093
1.3088
1.67053
1.67662
0.307226
1.97988
1.27428
0.600814
0.387298
0.0208956
0.11586
0.239144
0.968418
1.90582
1.27165
1.14995
1.53237
0.857836
1.03846
0.643909
1.46582
0.977069
0.429404
1.56485
0.892187
1.3165
1.1477
1.94656
1.65247
1.14676
1.82373
1.27324
0.371571
0.534894
0.98946
1.05103
1.29568
1.14398
1.94033
1.23253
0.492957
1.71227
1.19101
1.65736
0.072488
0.859611
0.365142
1.16321
1.9424
0.616285
1.05222
0.98494
1.01909
1.44482
0.478454
0.33712
0.0772001
1.57031
0.437749
1.80462
0.625191
0.917985
1.70293
1.32787
0.081128
0.120973
0.843497
1.87936
1.6377
1.5643
1.73083
1.5211
0.598688
0.0641005
0.743058
0.00911343
1.76827
1.38431
1.13878
0.616059
1.55485
1.17309
0.110723
1.66183
1.74695
0.924867
1.12864
0.0569335
0.485378
0.657647
0.0183601
1.25286
0.166843
0.339861
1.17791
0.170695
0.363948
0.602372
0.367852
0.580041
0.880864
0.47647
0.298063
1.22344
1.91688
1.88346
0.879648
1.21221
0.449028
0.155463
0.322097
0.414853
1.76346
1.82933
1.77835
0.438154
0.322201
1.63093
0.958501
0.118591
1.67341
0.431297
1.6962
1.6662
0.554526
1.8159
1.97435
0.763967
0.115632
1.88434
1.77152
1.29823
0.276796
0.253586
0.442921
0.244868
1.51283
1.97746
0.196574
0.124303
1.89139
0.186547
0.00274718
1.66913
0.0502876
1.33024
0.563503
0.90918
0.127194
1.58935
1.88988
0.747696
1.28393
0.460719
0.9534
1.89383
1.13085
1.85904
1.57821
0.122068
1.96364
1.33415
0.735548
1.68764
1.38041
1.2688
0.680717
0.016817
1.7084
1.49722
0.346747
1.18948
1.87355
1.93958
1.99251
1.03208
0.256272
0.588228
1.65422
1.1146
0.114569
1.3857
0.446761
1.52634
1.67513
1.47324
1.5873
0.247703
1.71472
1.52581
0.0483326
1.78126
0.27518
0.0984044
0.243839
0.70546
1.711
0.430924
0.251718
0.195585
0.804587
0.0777856
1.56548
1.79016
0.711328
1.29765
1.90439
1.60066
0.736307
0.565527
0.398967
0.108006
0.982825
1.48118
1.42073
0.0450734
1.93459
0.724251
0.0255643
1.02035
0.984724
0.984857
1.3435
0.0961189
1.98058
0.94155
1.54013
1.12414
0.350485
0.551767
0.158456
1.75376
1.02904
0.00229633
0.115428
1.33213
1.36394
1.15418
1.93067
0.202371
1.58994
0.180565
1.89783
0.880894
1.87834
1.12941
1.8651
0.130546
1.28682
1.24669
1.06689
1.09522
0.60584
0.0536234
0.884882
0.590549
0.852381
0.624799
0.151793
1.40295
0.0403309
1.29103
1.77616
0.0132307
0.325048
0.0125189
0.534182
0.560923
0.974988
0.716024
0.0155665
1.49685
0.685294
0.148217
0.177369
0.502685
1.94658
0.840023
0.77717
1.67091
0.568207
0.235875
1.93237
0.24477
0.236388
1.37067
0.305804
0.476349
0.324179
1.5007
0.897536
0.277708
1.27504
0.426585
1.36015
1.58354
0.267366
0.690711
1.08777
1.12548
1.13152
1.44472
1.57253
1.42462
1.76517
1.92048
0.670442
1.36099
0.245009
1.64741
0.458256
0.388305
0.780712
0.767905
0.581693
1.88582
0.0346085
1.37157
0.0976739
1.10353
0.0321653
0.458324
1.17952
1.91907
0.501208
0.919308
0.526191
0.110642
0.301663
1.55514
1.72844
0.236921
1.03182
0.051644
0.0140357
1.83153
1.23126
1.68982
0.20599
1.94782
1.64668
0.797124
1.94628
0.753039
1.92314
0.549675
0.175936
1.95561
0.777539
1.22011
1.15518
0.171017
0.0973566
1.12698
1.05372
0.0389073
0.902101
0.589932
0.884663
0.666172
0.120584
0.84086
1.67625
1.89792
1.84182
1.43784
1.93288
1.54023
0.39612
1.56025
1.94054
1.85784
0.144949
1.03409
1.74498
0.129712
0.452723
1.85767
1.51818
0.147314
1.23524
1.96425
0.100776
0.957003
0.0267661
1.17416
0.297434
0.0294038
0.936314
0.0841402
1.11199
0.157457
0.55479
1.71999
1.25117
1.87808
1.31847
0.439417
0.0290127
1.16427
0.910333
1.6029
0.0266205
1.89237
1.90761
0.870234
0.522842
1.20955
0.000739098
0.00489473
0.62474
0.260838
1.27231
0.746894
1.75024
1.83817
1.09186
1.80769
1.4631
0.779771
1.7796
0.625973
0.502465
1.42687
1.82769
1.56195
0.817562
1.40236
1.0933
1.91884
1.9231
1.44335
0.0284317
1.38898
0.962722
0.537865
1.87131
0.904198
0.707712
1.64265
0.0957537
0.621073
1.20095
1.0835
0.357884
0.733019
1.51863
0.0270592
0.608797
0.547522
1.67036
0.83208
0.858294
1.85809
1.56625
0.292563
1.76032
0.0316253
1.80494
0.805449
0.154894
1.74852
0.107958
0.0258996
1.42514
0.0862623
1.89746
1.83089
0.927566
0.330913
1.92831
1.98869
1.84169
1.58384
0.697888
0.761875
1.95069
1.85687
1.67537
0.623398
1.37684
1.10684
1.73464
0.766392
0.0288457
1.2038
1.78479
0.426404
1.64061
0.433463
0.627068
0.9971
0.957195
0.642456
0.275765
0.176266
0.0742573
0.897975
0.17195
0.10427
1.38267
0.783019
1.37654
1.10021
0.347995
0.0644813
0.485785
0.97608
1.03514
0.922974
0.546376
1.01838
0.633443
1.82588
1.66616
1.71682
0.538864
1.38895
0.149029
1.99623
1.2426
0.0507349
1.75181
0.776843
1.59199
0.932673
0.522575
1.7671
0.528867
1.75405
1.94636
1.41031
1.86431
1.07043
0.330795
1.12886
0.646328
1.5178
1.43486
1.45316
0.735096
0.208328
1.53369
0.910502
0.0269638
1.26359
0.302179
0.375236
1.87318
0.456488
0.145385
1.38961
0.277364
1.98935
1.62973
1.51309
1.15812
0.827491
1.91702
0.012146
1.10952
1.84498
0.292743
1.984
0.535208
0.739081
1.31957
1.37203
1.58542
0.25378
1.91874
1.99142
0.0910395
0.105113
1.34215
1.19014
1.49219
1.84666
1.35779
0.23509
0.192249
0.667977
1.9944
1.37319
1.55425
1.64741
1.2104
1.37648
0.740496
1.72312
1.06047
0.772095
0.270792
1.10457
1.40515
0.812502
0.150371
0.597215
1.94616
1.61389
1.77557
0.468534
0.0360118
1.02531
0.959768
0.115276
1.26167
0.643218
0.118463
0.376834
0.00450122
0.0190777
0.915134
0.165638
1.31695
0.839027
0.350842
1.7794
0.289066
1.99302
0.386531
1.80279
0.786008
0.46959
1.58021
0.376364
1.57051
0.338308
0.0634322
0.871247
0.253128
1.63394
0.583593
0.0631168
0.696458
0.309298
1.02028
1.35817
1.20761
1.05938
1.92759
0.10614
0.0928459
1.94921
1.65195
1.1064
0.990069
0.911677
1.15917
1.92927
1.11207
1.63789
0.22595
0.527213
0.432723
1.90746
1.54874
0.405744
1.92037
0.55964
0.286207
1.11877
1.60147
1.0033
1.86783
1.50352
0.964048
0.148919
1.4206
1.64495
1.85845
1.22024
1.56226
1.06182
1.76809
1.18216
1.88816
1.80025
1.98893
1.75884
0.898788
0.0506928
1.93862
0.795461
1.74429
1.95422
1.84049
1.59037
0.00976872
0.448474
0.750238
0.973577
0.82376
1.2963
0.68763
1.97644
0.0014317
0.861009
0.825231
0.0899965
0.670594
0.275546
0.699931
1.62276
1.42752
1.26859
0.67316
1.19075
0.0278931
0.121394
0.948665
0.0912207
0.0695832
1.16471
0.236446
1.40303
0.283968
0.372586
1.98988
1.45358
1.22797
0.0909746
1.79515
0.16277
1.9988
0.0264921
0.343807
1.93083
0.333789
1.49162
0.772984
0.0179441
1.52331
1.97432
0.518291
1.65489
0.379513
0.651608
1.85143
1.74949
0.958455
1.39547
0.892347
0.644172
0.935708
1.40341
1.53009
0.300325
0.510877
1.95403
1.18481
1.07782
0.890999
0.309526
1.05472
0.0852963
0.314119
1.93231
0.916203
1.38577
0.783154
1.51739
0.207856
1.04961
0.0239824
0.492916
1.22076
0.295665
1.85378
1.97942
1.69003
0.491254
0.808906
1.02307
0.493539
1.90366
0.208863
0.120563
1.62851
1.5814
1.79551
0.615036
1.7433
0.189368
1.91409
0.683535
0.641899
0.166436
0.04119
0.557734
1.29016
1.28062
1.46233
0.20914
0.443504
0.0467874
0.887194
1.6408
1.19464
1.64228
0.150553
0.998917
1.45412
0.641075
0.574465
0.932867
0.182613
0.0837604
0.380367
1.29369
0.14809
1.00835
0.622759
0.19006
1.4454
1.95187
0.1646
0.774226
0.855186
1.6233
1.69702
1.20144
1.21466
1.41594
1.54713
1.51206
0.117116
0.825973
0.237459
1.03698
0.00476193
1.9653
1.82337
0.32787
1.45316
1.58134
0.845926
0.0263903
0.66841
0.334635
0.77886
0.39258
1.36339
0.420664
1.18017
0.783823
0.715397
0.450027
0.555996
1.64827
0.507405
1.09389
1.76567
1.06413
1.22186
1.26989
0.268915
0.313208
0.118568
0.763572
0.991784
0.932466
1.77387
0.304495
1.57469
1.88926
0.108148
1.93292
0.54293
1.85783
0.844806
1.31384
0.224976
1.35267
1.85242
0.289975
1.12619
0.880028
1.04323
0.992555
0.886415
0.0512098
1.45171
0.848981
0.105515
1.39101
1.06322
1.48555
1.5904
1.55021
0.81202
0.84159
0.778302
1.09814
1.0488
1.3036
0.692392
0.0310194
1.43279
0.652346
1.64718
1.00177
0.0344274
1.75271
1.17233
1.12298
1.38035
1.04719
1.55426
0.00641131
0.110753
1.58833
0.500427
0.644659
0.0776941
0.127652
1.60739
0.000312924
0.0388802
0.835423
1.10992
1.99681
0.35916
0.102975
1.78464
1.55602
0.418543
1.63303
1.85934
1.29956
1.07797
1.00569
0.765758
0.228796
1.71961
1.11493
0.0900295
0.654131
0.239585
1.60231
0.79427
0.119501
1.84785
1.65584
1.24596
0.177336
1.7147
0.622583
1.68354
0.131877
0.824537
1.32708
1.78743
1.41377
1.53987
0.645182
0.415208
0.671021
0.782891
1.2926
1.45324
1.67872
1.67628
1.09886
0.341204
1.50762
1.63624
0.350088
0.832386
0.41449
1.68892
0.000578284
1.83058
0.517888
1.04465
1.58772
0.611699
0.0930309
0.0796953
1.1152
1.01241
1.46611
1.76936
0.746745
0.135865
1.04685
1.40539
1.0538
1.71694
0.829809
1.56399
1.51675
0.179122
1.69977
0.590796
0.430904
1.51671
0.101469
0.990174
1.83976
0.261428
1.99314
0.826867
1.96903
1.39313
1.91206
0.684911
1.9452
1.92669
0.712539
0.254186
1.81664
0.021311
1.07015
1.47713
0.386344
1.08765
0.253011
0.0151762
0.294035
0.457585
1.9348
1.68365
0.534282
0.717327
1.45422
0.387301
1.06934
0.080902
0.23741
0.223235
0.147683
0.0972745
0.316426
1.58169
0.0694532
1.69099
1.7633
0.71641
1.98464
1.42213
1.8244
1.43605
0.132522
0.922011
0.189031
0.944231
1.33836
1.09451
1.08823
0.917988
0.429068
1.22239
0.0613164
1.02726
0.120247
1.25885
0.60106
1.65658
1.90831
0.19411
1.98609
0.792027
1.08319
1.87424
1.42436
1.35611
0.274615
0.327374
1.32775
0.150116
0.714459
1.20323
1.94343
1.07646
1.92401
1.76802
0.111114
0.55916
1.56724
1.81683
1.02618
0.635334
0.810171
0.193058
1.77872
0.208166
0.418619
1.6521
1.45328
0.033674
0.219158
0.539081
0.205135
1.04912
0.570011
0.992448
0.415947
1.52821
0.548114
1.98102
0.568621
0.524627
1.89177
1.10132
0.721918
1.58614
1.20185
1.86887
1.93001
0.194658
1.02078
1.61444
0.393118
1.44194
1.62917
1.94034
1.84089
0.036635
1.90252
1.68833
1.6273
1.28877
0.272655
0.359377
1.92601
0.10619
0.174218
0.295932
0.172148
0.554926
1.63428
0.95194
1.27482
0.526185
1.91632
0.245146
0.254006
1.33587
1.42792
1.698
0.0263188
1.03515
1.63942
0.787683
0.114716
0.0440824
0.0881312
0.945531
1.86747
1.14395
1.50031
0.275126
0.217029
0.54811
0.0640877
0.0916752
1.44955
1.20246
0.967904
1.11189
1.9963
0.71374
1.10118
0.564345
0.435033
1.43443
0.730127
0.00111926
1.21779
1.44809
1.58611
0.509174
0.284158
1.7138
0.402776
0.999761
0.422849
1.33889
0.620772
0.809833
1.84247
0.865842
0.292447
0.695624
1.56096
0.364373
1.21006
1.5988
1.79871
0.390869
1.81956
0.686922
0.749617
1.36698
0.797664
0.102123
0.415682
1.40841
0.133235
0.538451
1.26684
0.982153
1.77901
1.24386
1.90532
0.00815117
0.0177672
0.71662
0.0242083
1.60644
0.470714
0.000224233
1.96911
0.272062
0.667006
0.00903332
0.263195
1.93
1.9218
1.39135
0.796458
0.978552
0.60485
1.79477
1.64436
0.551759
0.271035
1.3716
1.7854
0.899749
0.747819
0.798105
1.1076
1.00837
0.00465035
1.39116
1.62021
0.749563
1.47903
0.671189
1.31256
0.6354
1.80668
0.0896527
0.547472
1.96628
1.82937
1.01805
0.553897
0.20134
0.186094
1.93821
1.91618
1.72295
0.918422
1.7557
1.36516
1.52533
1.4979
1.39634
0.136503
0.635131
0.458961
1.72171
0.865471
1.52271
0.878029
0.235908
0.876432
0.196157
0.0455891
0.265656
1.22548
0.987103
0.945864
1.54587
1.1417
1.9156
1.72575
0.793153
1.81406
1.23815
1.77218
0.3916
0.427152
1.00323
1.82526
0.118268
1.84467
1.17432
1.36699
1.84974
1.8335
1.33355
1.6982
1.81477
0.283388
0.915223
1.70193
1.04517
0.197772
1.26339
0.0668658
1.05851
1.84626
0.159034
1.80073
0.912674
0.616765
1.8944
1.7843
0.674214
1.85729
1.16678
1.06476
1.82205
1.98012
0.393543
0.0150634
1.70236
1.72055
1.6857
0.155617
1.01035
0.413794
1.85875
0.586316
1.91896
0.434868
0.974336
0.308808
0.839085
0.057778
0.862208
1.42215
0.826684
0.477297
0.474221
0.85192
1.60149
1.6405
1.84656
0.476247
0.0650302
0.39184
1.2918
0.350524
1.51453
1.62123
0.823956
1.4583
1.41409
1.93142
1.16903
1.02495
1.01057
0.631839
1.95396
1.90246
0.403203
0.194732
0.0230467
1.75204
1.59929
0.100289
0.086154
0.994766
1.57772
0.57526
1.95246
1.34548
1.94443
0.0140225
1.8658
0.570119
0.249832
0.344236
1.58521
1.19502
0.868462
0.696975
0.158985
0.812911
0.284164
1.90443
1.47961
0.0818909
0.190461
1.17964
0.499927
1.44752
0.65085
1.64642
0.0247946
1.17894
0.462018
1.39016
0.460242
0.768797
1.00804
0.481688
0.264587
0.844543
0.756753
1.11959
0.280148
1.20888
0.514179
1.00873
1.7302
0.58577
1.53213
0.27374
0.870329
1.88403
0.983976
0.920429
0.157948
1.7682
1.88504
0.636191
1.39923
0.528243
1.96473
1.29879
0.121852
0.439019
0.605599
0.4602
1.38163
1.79139
1.4563
1.51204
0.440603
1.01985
0.70494
0.37382
0.305489
0.269352
1.319
1.46622
0.491888
0.0451258
0.416788
0.154306
1.84682
1.89492
0.326581
1.2874
1.86192
0.340864
1.9709
1.95146
1.50445
0.271197
1.36612
0.0558854
0.720602
1.68653
1.1252
1.93412
0.0175632
1.40628
0.179445
1.94003
0.457661
0.840142
0.109691
1.72741
0.26522
0.173168
0.539598
0.264856
0.319949
1.36147
1.22407
0.357563
1.30052
0.222409
1.60354
1.262
1.68936
0.756341
1.20675
1.08749
0.137215
1.70808
0.5784
1.96561
1.17946
0.70405
0.739428
1.34137
1.9367
0.569116
1.9374
1.64534
0.901329
0.798338
0.204417
0.140245
1.54894
1.1333
0.152444
0.81059
0.768727
1.89394
0.71232
0.295969
1.57245
0.424275
0.00480962
0.450645
1.91151
0.800419
0.692076
0.137836
1.55483
1.19702
0.346799
1.08816
1.16018
1.3426
1.79949
0.272439
1.86668
1.82824
1.70065
0.395039
0.486344
1.83698
0.191177
0.10115
1.1412
0.181393
0.490191
1.72354
1.33721
0.635899
0.668661
1.74694
0.581077
0.798432
0.490321
1.79428
0.571358
1.41999
1.92474
1.48746
0.541764
0.130319
1.93137
0.685233
0.750115
0.377942
1.44688
0.179348
0.682719
0.607708
0.114802
1.25141
0.163603
0.107824
1.82826
1.92043
1.99803
0.446432
0.576129
0.112692
1.63839
0.495302
1.82376
1.49593
1.87337
1.97019
1.34343
0.00415063
0.0958043
0.195509
0.0815711
1.73706
0.833577
0.967194
0.795245
0.367991
0.0563689
0.114172
0.577597
1.9539
0.32159
1.60374
1.39693
1.44881
0.187849
0.785625
1.77406
1.97828
0.195011
0.642998
0.119928
0.817684
0.232539
0.303584
0.244481
0.686373
1.25882
0.140162
0.543339
1.02129
1.92151
0.699938
1.53805
0.51339
0.485889
1.85526
1.90959
0.966266
0.21207
0.0400548
1.89599
0.332093
1.72816
0.792333
0.0930014
0.317318
0.0937822
1.0864
1.95985
1.60086
0.410335
0.2929
1.66811
1.38467
1.7392
1.95749
0.97677
0.553853
1.48945
1.77362
0.384515
1.35383
0.923116
0.907274
0.310662
1.12537
1.53724
1.69746
1.96316
1.78803
1.78844
1.89031
0.0435423
1.75839
0.987117
0.229285
1.34296
0.53848
0.594786
0.848068
1.45359
0.532072
0.593668
0.107653
1.91301
0.497441
0.926181
0.384945
0.164961
1.89634
1.87825
0.133225
1.17354
0.966947
1.55212
0.277429
0.1615
1.6402
0.312135
1.8944
1.87565
0.954133
0.575867
1.84558
1.70231
0.120337
0.25917
0.991621
0.525681
0.670165
0.605506
0.696568
1.19458
1.02675
1.46661
0.511896
0.537362
0.187289
0.115535
1.72403
1.84894
1.88801
0.934659
0.323104
0.132262
1.73934
0.466466
1.08582
0.143624
0.354769
1.93411
0.819736
1.79193
0.373242
0.544685
0.325278
0.413334
0.0682437
1.27087
1.66143
0.352353
0.28607
1.27836
1.10864
0.760165
1.9678
1.96929
1.23637
0.119951
1.69277
1.28155
0.78264
0.481456
1.44549
1.07562
0.875738
0.060696
0.106431
0.518049
1.69812
1.47735
0.103368
1.02185
1.91884
1.14095
0.62809
0.812171
0.113543
1.51657
0.408169
1.03653
1.59821
0.423227
0.487043
0.733741
1.73268
1.86902
1.20767
1.17663
1.30621
0.262771
0.276299
0.00178933
0.761373
0.62907
0.462157
1.64424
1.32915
1.73155
1.7207
1.10156
1.94992
1.49778
0.558343
1.91167
1.31924
1.76056
1.57908
0.637243
0.238579
0.0848378
0.403824
0.105692
1.97738
1.28167
0.000319958
1.52854
1.8492
0.841454
0.15225
1.47103
0.443389
0.63085
0.861574
0.899909
0.514108
1.98191
1.95414
0.00744998
1.42423
1.9384
1.77833
1.76549
1.37989
0.535153
0.202748
0.307601
1.06148
1.00626
1.89741
0.163504
1.86054
1.00825
1.79774
0.540448
1.8586
0.142789
1.12982
0.42522
0.716822
1.40217
1.45842
1.91001
1.01158
0.277094
1.22817
1.17827
0.20099
1.23354
1.14494
0.268188
0.0438892
1.13432
0.0126652
1.37573
0.793684
1.91582
0.666006
0.228499
0.859735
1.89537
0.0010494
0.220239
0.502017
0.676032
1.00366
1.31001
1.12637
1.92078
0.875877
1.8049
0.456037
1.55061
0.09591
1.88631
1.18123
0.388285
1.26235
0.154912
0.533875
1.4813
1.88116
0.671395
0.511152
1.84297
1.9839
1.79506
1.25098
0.845985
0.492811
1.78367
0.722314
1.78131
1.15669
1.48761
0.345216
0.372824
0.187654
1.71806
0.516007
1.86693
0.241162
0.393081
1.24977
1.74072
0.163818
0.00708532
1.97946
1.39042
1.89505
1.69383
0.399372
1.9801
1.03396
1.82204
0.853685
1.28225
1.15105
0.564186
1.81369
0.250279
0.194127
1.30642
0.830687
1.44091
1.34715
1.82182
1.91115
0.0754526
1.77777
0.898854
0.151553
0.548472
1.08046
0.679116
0.648119
0.0109938
0.779714
0.367502
1.8444
1.34091
1.83879
1.35099
1.62862
0.385454
1.22692
1.22622
0.718704
0.367417
1.90298
0.149946
0.347282
0.318705
1.41608
0.299337
0.369482
0.0372871
0.351962
1.73591
1.49425
1.95416
0.191012
0.737406
0.159496
0.722865
1.66132
0.28186
1.20815
0.567984
1.36064
0.0703768
0.620667
1.86035
1.32722
1.96021
1.99553
0.782441
0.750076
0.177467
1.00781
0.104004
1.22139
1.1352
0.899134
0.754884
1.12422
0.234844
0.808577
1.62491
1.1407
0.80722
1.55003
0.0530635
0.769348
0.429025
1.86309
1.17011
0.634208
1.8177
0.420999
1.2625
0.0535808
0.166393
0.228202
1.47221
1.99075
1.8726
1.98288
1.31062
0.0736173
0.621165
1.29542
1.78142
1.00392
1.95536
0.928589
1.30862
0.0866739
1.692
0.651365
0.0722133
1.98705
1.74227
1.11979
1.47462
0.133614
0.514392
1.61126
1.77229
0.361871
1.52669
0.625553
0.0925246
0.559278
1.26137
0.605388
0.347034
1.44324
0.442337
0.856224
1.35032
0.351935
0.0807799
0.368568
0.394183
1.64397
1.17815
1.37597
1.88817
1.98293
1.07445
1.66312
1.9504
0.608884
0.602064
0.386089
0.29119
1.31599
0.633168
0.353919
1.99877
0.0427097
0.899455
0.0830715
0.682518
0.985395
0.50293
0.919366
0.733348
1.73706
1.95113
1.96032
1.8884
1.69267
1.35425
0.966928
1.24794
1.81478
0.512483
0.38658
1.91851
1.3296
0.0527382
1.82665
1.46642
1.06005
0.00870359
0.300729
1.65153
1.87198
0.807405
0.217113
1.91289
1.69599
0.525106
0.787284
1.67943
0.578463
1.27128
1.73752
1.64379
0.829349
0.20003
1.81177
1.19129
0.106461
1.43185
1.35946
0.0430981
0.746493
1.89851
0.474391
1.98005
0.259468
0.0290052
1.14831
0.713554
0.261426
1.88131
0.504833
0.517483
1.1633
1.07404
1.56391
0.19616
1.38707
1.90676
1.95164
0.013905
0.197454
1.49442
0.582383
1.76267
1.89594
1.75932
0.040342
1.68487
1.19596
0.986089
0.6501
1.83881
0.619312
1.91589
0.92613
1.90059
1.34511
0.655375
0.00153363
1.90931
1.12579
1.99174
0.172365
0.532869
1.82902
0.42286
0.569074
0.753475
1.73094
1.96239
1.65533
1.10836
0.829938
0.750625
1.16276
1.47801
0.0160345
0.000892639
1.8746
0.881169
1.09711
1.91795
1.08221
0.694214
1.64633
0.0215384
0.508512
1.36408
1.55931
1.20666
0.0552332
0.127124
1.80966
0.437246
1.09108
1.64159
1.57398
1.31234
1.99495
1.90345
0.159984
0.0133585
1.2891
0.348244
1.94845
0.0385165
0.547531
1.07773
0.98692
1.93959
1.81817
1.71486
0.990817
1.08135
0.0665754
0.771507
0.0483642
0.516515
1.65684
1.92786
1.19431
0.149243
0.936121
1.68165
0.767448
0.631732
1.85667
1.27155
0.706143
0.629857
1.63876
0.0142798
1.21574
0.949004
1.92268
0.939667
0.973891
1.85848
1.65663
0.620482
0.14356
1.59848
1.71429
0.612016
0.884295
1.43922
0.628662
0.690788
1.40163
1.9575
0.227046
1.83838
1.50098
1.45148
0.0566622
0.0557148
0.375375
1.95821
1.77524
1.48742
0.441386
1.76112
1.58002
0.0264951
1.63416
1.92763
0.125208
1.94594
0.885046
1.78295
1.60284
0.424858
0.819424
1.67395
1.08213
1.59222
1.69259
1.01426
0.298268
0.37024
0.311586
1.5408
0.290063
1.10624
1.47363
1.74252
1.32046
1.95136
0.605985
0.422788
1.38464
0.666021
1.95837
0.683801
1.91512
0.57023
0.124926
1.93787
1.84637
0.878443
0.531844
1.33542
1.2561
0.94233
0.899022
0.449831
1.40642
1.40798
1.89883
1.02322
0.270612
1.45842
0.595007
1.64846
0.189087
1.91215
1.52566
1.8519
0.422879
1.81291
1.93978
1.57898
1.51229
1.40763
1.72923
0.273471
1.27157
0.800465
1.39002
0.406028
0.165367
1.22081
1.45406
1.23779
1.32052
0.586451
1.4728
1.25392
0.533374
1.87636
0.243966
0.163562
0.167346
1.09871
1.31422
1.78958
1.15617
0.0762331
0.134327
1.04452
1.82944
1.79543
0.555881
1.62983
0.717179
0.189283
1.94714
1.80742
0.15982
0.454226
1.14807
1.61861
0.201338
0.543947
1.78852
1.14438
1.70216
0.797591
0.004794
0.910329
1.4399
1.76581
1.37314
0.513515
0.53672
1.99872
0.613342
1.67668
0.717292
0.660724
0.135349
1.16777
0.336481
1.69682
0.415306
0.853278
0.749329
1.33375
0.0893526
0.102942
0.566571
0.381966
1.28085
0.45615
1.04328
0.758863
0.252267
1.6092
1.32354
0.178233
1.56029
1.85852
1.99839
0.892941
1.68027
0.517023
1.80164
1.8137
1.12316
1.3698
0.378592
0.743047
1.96051
0.491316
0.22422
0.563553
1.3532
1.79137
0.889266
1.75416
0.0983034
0.368025
0.0364219
0.560036
0.3524
1.75575
1.22748
1.93522
0.942264
1.65132
1.82333
1.98335
1.26786
1.23289
0.0272076
1.62326
0.579121
1.13611
1.83226
0.315934
1.19475
1.91597
1.97034
0.0195874
0.455702
1.7056
0.858595
0.666415
0.872679
0.221693
0.81877
0.138832
0.794897
0.193722
0.290721
1.35114
1.91954
0.991314
0.355417
1.59462
1.52234
0.413189
1.60001
0.0194159
0.833369
1.1877
1.35706
0.129702
0.949408
1.87201
1.98943
1.56933
1.83487
0.772087
0.223356
0.0605909
1.18239
1.4174
1.39176
0.0105898
1.0396
0.187428
1.42554
0.85199
0.958026
1.16948
0.106243
0.129489
0.251603
0.123093
1.38725
1.52454
0.603065
1.02243
0.203377
0.845427
0.746501
1.31091
1.31159
1.85726
0.150478
1.48259
0.877221
1.26254
0.674271
0.671511
1.5645
0.53725
1.40978
0.0163878
1.20935
0.505912
1.3639
0.00299048
0.737545
1.74346
1.71217
0.900988
0.269314
1.35933
0.03141
1.62746
0.520939
0.485752
1.34206
0.389772
1.99746
0.807004
1.22733
1.87268
1.39856
1.99994
1.1822
0.0686057
0.221221
1.831
1.16727
0.356599
1.04617
1.55705
0.907077
1.30593
0.44363
1.12821
1.89894
1.17694
1.53265
0.603594
1.99932
1.41466
1.00245
0.214637
0.869412
0.159089
0.0269769
1.9224
0.0972224
0.760936
0.743018
1.18531
0.519926
0.472269
1.05204
1.32626
0.789863
1.40222
0.582986
1.65908
0.0924727
1.53511
1.9229
1.34652
0.558211
0.611174
0.359551
0.237202
0.496739
0.789873
0.147132
0.870699
1.35181
0.0718269
0.853615
0.0426095
0.830909
1.98369
1.76859
1.33686
0.306733
1.73676
1.04218
0.165355
0.556718
1.85299
1.83913
0.0722415
1.68921
1.94883
0.655688
0.172606
1.40207
0.387493
0.662209
0.110383
1.7318
0.755077
1.03459
1.35202
1.65909
1.11292
0.727495
0.853939
0.877075
0.00690353
1.19065
0.147673
0.460299
1.65675
0.0668641
1.88889
0.425524
0.81653
0.884273
0.580015
0.218938
1.61553
0.48136
0.59735
0.830209
1.62305
0.911019
0.777547
0.785909
0.045554
0.838372
1.32034
1.94463
1.89754
0.842492
1.3403
0.0315927
0.0934628
1.5771
1.93661
1.4218
1.89546
1.41002
1.79938
0.717993
0.92432
1.6389
0.168256
1.90104
1.3195
1.27559
0.719408
1.3956
0.114823
1.94704
1.39959
1.83436
1.74466
1.07178
0.000700355
1.07476
0.0989251
0.257071
0.483931
0.0113158
0.542603
0.762079
1.90323
1.99491
0.265936
0.239265
1.80948
0.765193
1.77029
1.93101
1.76232
0.800082
0.565753
1.52334
1.56459
0.106174
1.24919
0.918315
0.120322
0.107195
0.499777
0.442365
1.4824
1.84881
0.557235
1.8658
1.44574
0.000148058
1.27951
0.029135
1.91012
1.71418
0.217404
1.76241
0.528354
0.669995
0.391745
0.911604
1.98426
1.20911
1.12356
0.934359
0.191831
0.59227
1.16544
1.47527
1.389
0.681695
1.92423
1.31692
0.759051
0.55028
0.359593
0.785511
1.01212
1.58745
1.08751
1.88645
0.460039
1.56969
0.919189
1.54316
1.24968
0.317767
1.79987
0.814401
0.136248
0.218566
0.705354
0.227781
1.28708
0.522871
1.47988
0.166869
1.65034
0.307155
0.204326
0.962247
1.76677
0.397379
0.319216
0.206966
0.670408
1.10799
0.543841
0.0333405
0.0136224
1.66761
0.243172
1.86166
1.86168
0.00920272
0.0435967
0.40573
1.70934
0.673709
0.0165786
1.24291
0.292851
1.97009
1.95553
0.908173
0.435208
1.85075
0.194742
0.871189
0.638197
0.907517
0.566508
1.02945
1.6989
1.93347
0.213551
1.81076
1.35489
0.0758109
1.83417
1.23071
0.487048
0.897236
0.000729799
0.325536
1.88105
1.4665
1.95972
1.74136
1.98529
1.48912
0.372487
1.56419
1.69453
1.99101
0.948546
0.888875
0.69213
0.110718
1.20578
1.11948
1.14803
1.27834
0.149115
1.91603
1.66875
1.62179
0.0249515
1.51757
0.381062
1.77021
1.6197
1.84215
0.577447
1.99617
1.11448
1.40718
0.57214
1.44538
0.534625
1.50602
1.96827
1.8735
0.271039
0.371115
0.349523
0.750983
1.91345
0.941215
1.69372
1.75061
1.91295
1.38771
0.863693
0.37967
0.794406
1.65204
1.1138
0.926347
1.06726
1.55695
0.447444
0.662607
1.54089
0.0324923
1.85828
1.26671
1.38113
1.08094
0.566284
1.80176
0.920701
0.115529
0.930313
0.105605
0.217406
0.627185
0.660215
0.987009
1.29576
0.715057
0.866409
0.0853134
1.02767
1.6353
0.564897
0.763393
0.61694
0.356818
0.832344
1.23679
1.52411
0.0678178
0.149042
0.71105
0.84302
1.98094
0.454891
0.124179
1.74562
1.11517
1.36272
0.0487481
0.767132
0.257215
0.223505
0.341899
1.49173
0.167004
1.24923
1.90187
1.04449
0.343084
1.6427
0.219986
0.170374
1.94937
1.69599
0.416891
0.229763
1.73665
1.12118
1.57074
1.20139
1.67698
1.71742
0.380437
0.291608
1.76221
0.81359
1.60239
1.39344
0.674033
0.343339
1.51078
1.41737
0.669869
0.553432
1.84592
0.959878
0.95672
1.33483
0.522033
0.385629
0.534399
1.4339
1.95615
0.577753
0.907518
1.45042
0.402591
0.7654
1.27998
0.320649
0.465712
0.215807
0.0897167
1.18814
0.368909
1.38071
0.916403
0.101155
0.98598
1.50319
1.50349
1.19094
1.61485
1.13916
0.342172
1.77397
1.93047
1.52045
1.0928
0.126472
0.0776955
1.44595
1.46252
0.650926
1.25002
0.498423
1.71539
1.63848
0.245438
1.22916
0.75222
0.301017
0.664212
0.191609
0.954241
1.79402
0.595771
0.255221
1.63418
0.227114
1.18008
0.879705
1.2622
0.547172
1.62349
0.507571
1.78409
0.025049
1.69438
0.149212
1.97103
0.0853728
0.156795
1.99749
1.13204
0.185473
1.98546
0.625471
1.53399
1.26431
1.14543
1.50231
1.43969
0.443559
0.844357
0.501257
1.33041
1.81493
1.96798
0.440072
1.19598
1.85449
0.881573
1.60196
1.97397
1.77925
1.86179
0.682576
1.84958
0.00244808
0.355664
1.98903
0.264492
1.94826
0.790689
0.138315
0.321862
1.99098
1.86713
0.231344
1.69315
1.63963
0.138635
0.132423
1.76293
1.95421
1.87223
1.90948
1.83567
0.423228
0.356024
1.7031
1.02339
0.034114
1.18117
1.6007
0.308747
1.60746
1.50538
0.582809
0.594213
0.186379
0.0891147
0.129319
0.0227641
0.22287
1.48946
1.96307
1.6641
1.37698
0.0226468
0.976086
0.343628
0.592999
1.67903
1.13533
1.3094
0.185072
1.95343
0.818303
0.115498
0.628366
1.84642
0.0472295
1.88574
0.0834662
1.74784
1.87425
0.815867
0.341914
0.842151
0.325862
1.40651
0.525013
1.2861
1.89879
1.05303
0.79693
0.108572
0.501056
0.875646
0.842083
0.559877
0.0593711
1.8243
0.61372
0.697794
0.635632
1.53492
1.06282
0.863574
1.94795
1.70122
0.874413
0.220958
0.0214362
1.38017
0.60417
1.71488
0.22325
0.551791
1.8558
1.06782
1.43939
0.974578
0.232402
0.323626
0.309522
1.94311
0.0999149
1.71202
1.227
1.48789
1.92647
0.0880629
1.62768
1.49243
0.422943
0.802684
1.77928
1.54606
0.745562
0.581848
0.378048
0.131136
1.97259
1.82204
1.81323
1.6029
0.0273886
0.150121
0.510572
0.055711
0.987098
1.77564
1.91681
1.6596
1.70389
1.81855
1.76763
1.91958
0.177379
0.48157
1.28923
0.0110632
1.96496
0.982205
1.18168
1.08443
0.340354
0.291841
1.84957
1.89111
1.52792
0.960428
0.197107
0.0850515
0.784487
1.04495
0.622989
0.969725
0.443497
0.088291
0.469259
1.74187
0.230945
0.81653
1.70435
0.0170473
0.571082
1.42471
0.0939238
0.383677
1.98354
0.911101
1.75368
1.71051
0.292774
1.31787
1.03886
0.164208
1.74033
0.518375
1.08544
1.38089
1.57156
1.52373
1.57591
1.78597
1.86194
1.99309
0.334597
0.0804412
1.82079
0.0610067
1.66822
1.5645
1.67831
0.172395
0.446873
0.535889
0.667332
1.38295
1.48078
0.191293
0.0585324
0.0654547
1.93067
1.12567
0.513211
1.07537
1.40096
0.188414
1.96017
1.1859
0.563544
1.70831
1.48048
1.92918
0.233962
0.854357
0.406069
1.83169
0.0512766
0.215391
0.932574
1.46831
0.123737
1.32746
0.31365
0.522365
1.81838
1.47643
1.27686
0.533253
1.72186
1.85332
1.88999
0.564484
1.69852
0.563563
0.446107
1.99616
1.75312
1.94865
0.154964
1.5326
1.1691
0.0392373
0.0114976
0.183987
1.75312
0.330251
0.501815
1.97346
1.04653
1.77602
1.07255
1.9843
1.17199
0.190851
1.90627
1.29579
1.2013
1.73558
0.011547
0.80431
1.58474
0.906981
0.0598618
1.91434
1.87442
0.450721
1.4462
1.21565
1.6731
0.0257609
1.22527
1.65595
1.60641
1.50056
0.911291
0.0619948
0.0310056
0.348674
1.52355
0.0498707
0.223804
0.365102
1.91521
0.97089
1.84369
1.16056
1.50661
0.0379016
1.68173
0.933366
0.770046
0.0993946
0.0138319
1.23429
0.827586
0.0861152
0.400047
1.07417
1.8947
1.94455
1.07518
1.72933
0.275184
1.77175
0.0982913
1.14417
1.97701
0.0386724
1.75129
1.56582
1.25367
0.86538
0.874436
0.794032
1.81538
1.6445
1.04106
0.0116485
0.602745
1.91224
1.15473
0.637943
0.0982162
0.223463
1.17547
1.94266
1.55679
0.977576
1.64108
0.956373
0.189561
1.39967
0.878274
0.211137
1.81483
1.46351
1.8224
0.292741
0.0718366
1.82992
0.585978
0.301639
0.96714
0.932893
0.207032
1.91695
1.9667
0.593691
0.228827
1.3484
0.222654
0.438743
1.86768
1.48797
0.0929477
0.112122
1.63358
0.552048
0.188964
0.236329
1.30496
0.874751
0.992843
1.86778
0.272186
0.303603
1.64356
0.1947
1.93386
0.10033
0.812792
0.371129
0.205216
0.254476
1.32578
0.8879
0.00144875
0.914051
1.62915
1.958
1.08656
1.1394
0.551111
1.93438
1.23675
0.00958288
1.32352
0.362945
0.436614
0.341219
1.09345
0.369224
1.54206
1.02116
1.5422
0.100279
0.595093
1.36439
0.760484
0.105812
1.56595
0.593698
1.14557
0.983498
0.860578
1.24248
0.148439
0.421306
1.89913
1.24278
1.09587
1.13278
0.199358
0.732001
0.880495
0.836199
0.474219
0.0169506
0.534859
0.489334
0.0419145
0.450161
1.97469
0.989955
1.0894
0.0517191
1.35692
0.452569
0.353201
1.18485
1.86479
0.623359
1.4275
0.305653
0.818217
0.500531
1.792
0.713784
0.0461726
0.368471
0.0455612
0.757036
1.1322
0.0681204
1.88857
0.132302
0.00847924
0.0241416
1.72397
1.41795
0.954524
0.31719
1.98819
1.811
1.83775
0.20266
1.31382
1.51121
1.48505
1.23318
1.499
0.46933
1.72164
0.277342
1.15183
1.92061
1.36971
1.07895
0.734244
0.523662
0.219158
1.05706
1.53861
1.44694
0.486961
0.499235
1.84812
1.00054
1.7537
0.849136
0.323422
1.78695
0.0671716
0.623243
1.23259
0.288781
0.60665
0.0126271
1.92154
0.393606
1.37308
1.71912
1.83174
0.825426
1.43383
1.32504
1.69097
1.97628
1.77482
1.17206
0.257733
1.5472
1.61888
1.76727
0.344432
1.94198
1.44057
1.03388
0.01934
0.602057
1.89525
1.86075
1.052
0.664542
0.719052
0.851831
1.1734
0.197216
0.444584
1.99316
0.31646
0.24639
1.23759
0.908501
1.85378
0.662822
1.53407
0.892256
1.13998
0.0520523
0.852702
0.82452
0.181394
0.591811
0.966009
0.988604
1.09978
0.352443
0.27331
0.0802135
1.89433
1.96224
0.146621
0.902807
0.488273
0.445052
0.100904
1.65541
0.813875
0.00209916
1.55175
0.324355
0.702299
0.361112
1.30526
0.429113
1.75431
0.979743
1.39026
0.877726
0.671101
1.95267
0.653808
1.74324
1.89833
1.38316
0.794112
0.711672
1.76797
1.44465
0.150439
1.98358
0.327135
1.06244
1.52543
1.30843
1.43072
0.0587673
0.303876
1.97846
1.07555
0.472061
0.0505424
0.931592
0.142451
1.04494
1.91749
1.85094
0.582677
1.61363
1.25868
0.709747
0.526139
0.173804
0.68164
1.89217
1.22229
0.196691
1.65493
0.706548
1.52643
0.868871
1.09787
1.26929
1.68806
0.32469
0.23883
0.119889
0.0228258
0.821439
0.3979
1.4834
0.459902
1.84245
1.98627
0.0922554
1.56863
0.403275
0.648259
1.28093
0.697729
1.03588
1.26354
0.752632
1.55542
1.7058
1.72048
0.724973
1.79492
0.338049
1.00916
0.919246
0.715057
0.167746
0.603657
1.77179
0.0724434
0.202831
1.4688
1.92056
1.7706
0.545925
1.57763
0.8245
1.43836
1.82597
1.40051
1.93566
0.0233935
1.72928
1.46886
0.658716
1.04727
1.69968
0.0341055
1.2948
0.134817
0.935222
1.96258
0.862122
1.13634
0.72221
1.80932
0.0299573
0.836418
1.58856
1.33647
0.168999
1.18854
1.69786
0.349293
1.87838
0.0909598
0.586192
1.85466
0.898373
1.49286
1.34975
0.774786
1.92769
1.04211
0.81325
1.68915
0.892689
0.66206
0.26429
1.77379
0.665154
0.408044
1.1066
1.6543
1.71028
1.72899
0.944591
1.67521
0.428057
0.43152
0.101777
1.59201
1.25695
1.10115
0.892452
0.796442
0.412271
1.30828
1.68364
0.694824
1.20261
1.06044
1.12831
1.19232
0.0805663
1.20614
1.08361
0.111961
0.428635
1.06453
0.161697
0.753285
0.830055
1.18748
1.05256
1.43694
0.0453123
0.933282
0.401708
0.0820917
1.52149
0.191219
0.261637
1.5508
0.613117
0.0827905
0.157208
1.24938
0.733669
0.170513
0.0178586
1.44407
0.0697387
0.837052
1.26821
0.148665
1.81673
1.73701
0.524646
1.88893
0.977641
0.2025
1.20095
0.252181
1.97194
1.87368
0.16744
0.143997
0.77427
0.648908
1.28934
1.87431
1.05572
0.573379
0.0798426
1.02611
1.08872
0.186951
0.8216
1.54383
1.95339
1.85446
1.33982
0.590159
0.394637
1.71372
0.692469
1.40857
0.162943
1.97498
0.991672
0.815045
0.610064
1.49342
1.76955
1.68735
0.0254363
1.92621
0.0448146
0.68227
0.75067
0.0366185
1.4408
0.178111
1.71927
1.98479
0.117592
1.94551
0.475439
0.229248
1.27207
0.242536
1.5116
0.487222
1.91557
0.0755703
1.68104
0.608615
1.59239
1.91243
0.248443
1.75767
0.00332654
1.5384
0.884506
0.613786
0.0950176
0.731113
1.90374
1.47526
1.88278
1.38783
1.96894
1.52543
0.563332
0.964214
1.90606
1.93878
1.57542
0.847577
0.0293878
1.26612
0.354377
1.41118
1.33965
1.95809
0.0846437
0.792159
1.93711
1.1907
1.27972
0.0251203
0.0754654
0.428892
0.584115
1.3635
0.172732
0.289611
0.646296
1.03692
0.00939691
0.0131654
1.91314
1.71441
0.29589
0.21489
1.88076
0.0498705
0.945067
1.85278
0.0480715
0.00274777
0.220813
1.99725
1.60389
0.159645
1.47744
1.63133
0.401299
0.522938
1.34025
0.650889
1.67267
0.116909
1.94326
0.94693
1.55477
0.721614
0.487421
0.404885
0.920693
0.186359
1.98637
0.26439
0.730276
0.184338
1.6342
1.22855
1.84818
1.77338
0.797525
0.165203
1.59683
0.135744
0.63808
1.57912
0.744795
1.0411
0.483444
0.854189
0.170796
1.33672
1.7698
0.514077
0.198413
1.65761
0.635947
0.976326
0.0844579
0.279946
1.98194
0.0452188
1.9953
0.608897
1.99045
1.59224
1.61234
1.94047
0.0892122
0.107903
1.85409
1.49692
0.378877
0.0944346
0.0385269
1.92047
0.906846
1.56737
0.728775
0.699074
1.94973
1.03743
1.48229
1.82522
1.08588
1.79604
1.43776
0.688673
1.63918
0.943589
0.618316
0.144241
0.78177
0.115185
1.9694
1.59381
1.13505
1.33984
1.24747
1.63612
1.54603
1.04721
0.923255
0.905559
1.06512
1.92453
0.132411
1.64295
1.92616
0.198692
0.493285
0.0649784
1.9948
1.64892
1.31915
0.89589
1.54712
1.96788
0.630969
0.732348
0.716282
0.609944
0.750147
1.8291
1.57087
0.0835081
0.341925
1.67907
0.615824
1.94589
1.94323
1.54053
1.93174
1.3475
0.657645
0.0276034
1.84526
1.99267
1.04928
1.47316
0.877271
0.721565
1.95393
0.100547
0.066025
0.847682
0.809553
0.765777
0.779629
1.46274
0.00195634
0.708068
1.13961
0.432962
1.32381
1.59247
0.393292
0.872239
1.14469
0.904881
1.55453
1.7511
0.511952
1.8141
0.647982
0.891247
0.418891
0.819715
0.115994
0.0236351
0.0790716
0.49757
1.75942
0.944841
1.7305
1.97724
0.493116
1.92756
0.206613
1.80369
1.59779
0.750265
0.09266
0.307547
0.109997
0.0231925
0.366192
0.0468292
0.984056
0.520242
1.48307
0.248104
0.0144784
0.853304
1.95983
0.192738
0.0881137
1.814
0.256223
1.70057
1.79865
1.6518
0.134447
1.12643
0.536978
1.98733
1.97424
1.12852
0.381381
0.0901356
0.959783
0.730925
1.65629
1.04022
1.1471
0.501588
1.23123
1.21327
0.606914
0.505471
0.898404
1.96712
0.625142
0.0877235
1.92692
0.616154
0.596017
0.143443
0.332218
1.07693
0.307022
1.56871
1.59693
0.590909
1.18387
0.749586
1.69165
1.78033
1.19892
0.966817
1.38768
1.84406
1.67306
0.141542
0.60291
0.889502
1.1135
1.84845
0.961085
1.65304
1.31811
0.489115
0.141266
0.272739
0.602116
1.47775
0.41423
1.7751
1.25408
0.272763
0.758513
0.959849
1.88824
1.54697
0.266701
1.76663
1.03459
1.98454
1.86632
0.105226
1.8323
0.557462
0.732763
0.428234
0.102157
1.31674
1.49046
0.224706
1.90917
0.684569
1.85377
1.86061
0.354347
1.03771
1.73966
1.10105
1.71349
0.0481942
0.332674
0.456828
1.90327
1.93645
1.56213
0.87237
1.71462
1.81574
0.900142
0.0162992
1.57364
1.24511
0.341247
0.431146
0.161414
0.799419
1.76299
1.42322
0.563507
0.0954213
1.76986
0.850901
1.10501
0.260273
1.51796
1.25659
0.729528
0.868878
0.940828
1.7375
1.63114
1.7862
0.541983
1.29049
1.86297
0.956341
0.980555
1.87113
1.56722
0.685365
0.0647249
0.614753
1.23438
0.385952
0.218928
0.941203
1.59204
0.00861442
0.763322
1.53305
1.72085
0.0565538
1.87132
0.873256
0.316863
1.83716
0.605558
1.52486
1.28094
1.84959
1.97042
1.30844
1.05761
1.24723
1.55211
0.153247
0.647258
0.120171
0.286169
0.444704
1.43878
1.68107
1.25098
1.78182
1.32198
0.821429
1.51831
0.508884
1.97547
0.222136
1.38137
1.7155
0.456917
0.295663
0.569048
0.377316
0.0528258
1.13417
1.78108
1.8362
1.83691
0.364422
1.68171
0.721007
1.81066
0.220167
0.762088
1.05882
1.02788
0.235939
0.23917
1.07781
1.39631
1.33196
0.417326
1.68289
0.410147
0.517104
1.80072
0.689785
1.90967
1.5444
0.67729
1.70307
0.909119
1.25075
1.7946
0.469548
1.38427
0.437264
0.966299
1.98072
1.43451
1.5527
0.178339
0.305067
0.151926
0.689671
1.68442
1.03742
1.78762
0.923636
0.96095
1.74833
0.803356
1.02469
0.766508
0.0522293
1.88949
0.254041
1.61186
1.98536
1.84978
1.50046
0.452857
0.0654013
0.121577
0.82166
1.21301
1.89357
1.71315
0.762783
1.57814
0.614543
1.92363
0.527651
0.148346
1.47838
0.156569
0.436684
1.08749
1.92339
1.79951
0.961211
1.84596
1.26132
1.84042
0.678584
0.841208
1.62237
0.849542
0.822108
1.64026
0.905507
0.265757
1.77324
0.0985525
1.96614
1.9808
0.0982386
0.156658
0.427794
0.779148
1.18543
0.542942
1.65368
0.073756
1.74578
0.0171294
1.87362
1.7448
0.0361102
0.0670135
0.526027
1.39021
0.746841
0.230175
0.762594
1.10283
0.3011
0.832155
0.482197
1.37881
1.76096
0.475533
1.11814
0.877635
0.0909194
0.452821
0.12098
0.0437572
1.96333
1.93477
0.498727
1.60231
0.491219
1.814
1.03613
1.87937
0.340595
1.58161
1.09846
0.99913
0.744403
0.12832
0.741132
0.00132489
1.13681
0.907177
0.134416
1.01018
1.90975
0.142391
0.8758
1.70547
1.67518
1.78557
1.87386
0.810901
0.792424
1.4902
0.52418
1.80211
0.513482
0.427632
1.44903
1.24943
1.38388
0.094448
0.535448
1.62527
0.776213
0.33729
0.167295
0.395568
1.52
1.01501
0.617334
1.54913
0.244224
0.701345
1.68799
0.666681
0.00107718
1.83765
0.0790647
0.163812
1.29153
1.99716
1.58086
0.444732
1.55616
1.98215
0.060155
1.11413
1.92774
0.497234
1.798
0.227265
0.282556
0.0328933
0.512737
1.14765
1.89921
1.02409
0.942913
1.79388
1.08668
1.96342
1.02516
0.736467
0.510925
1.19529
0.735237
0.755695
1.38944
1.92103
0.58875
1.79314
0.618261
0.52644
0.815459
1.22238
1.65817
0.603322
0.310781
0.641549
1.32052
0.843958
1.01052
0.166902
1.3817
1.49208
1.51735
1.00547
1.88647
1.9833
1.95161
1.17177
0.548268
0.630306
0.212911
1.97479
0.134948
0.0259577
1.97506
0.0137833
0.141362
0.119155
1.86469
0.991882
0.106341
1.41705
0.862936
1.8399
1.58434
0.820145
0.790027
1.65787
0.922911
1.51726
0.00142479
1.99192
1.65315
0.573287
0.324776
0.744953
1.04769
1.56546
1.72485
1.07039
1.44138
0.271106
0.532455
1.35024
0.520101
1.65401
1.27603
0.822649
0.789539
1.39472
0.453567
0.265919
1.59183
1.69184
0.0347897
0.284367
1.45371
1.32041
0.220606
0.139135
1.61822
0.333328
0.866678
1.70997
0.320851
0.437721
1.98064
0.694206
0.0676546
1.12398
1.21628
0.740368
0.0605468
0.322392
0.59303
0.958379
1.22906
1.11732
1.30804
0.851274
1.48037
1.85017
1.66733
0.474643
0.917713
1.75672
0.302756
1.66836
1.4999
0.183545
0.312035
1.92187
1.24933
1.80987
0.029092
0.997797
1.42674
1.71069
0.750802
0.9653
1.63634
1.65203
0.425909
1.71438
1.26653
1.56308
0.752274
1.95501
0.988715
1.78426
1.65759
1.35988
1.60027
0.0636157
0.194236
0.691256
1.30347
0.0514055
1.65879
1.01032
1.14347
1.3596
0.376054
0.00594413
0.770542
1.00204
1.6129
1.89888
0.958618
0.368698
1.73857
0.129753
0.223506
1.35406
0.877015
0.224927
1.58043
1.90184
1.8786
0.599224
0.402987
0.666696
0.172082
0.636888
1.83906
1.30916
0.482957
0.838179
1.36867
1.95485
1.83559
0.145838
1.93562
1.27076
1.36914
1.49844
0.751096
1.19197
1.27401
0.0934372
1.5627
1.77107
1.96208
0.457476
0.0601453
0.207537
1.3125
0.560938
1.93445
1.78759
0.26246
1.49216
1.10678
0.0863987
0.0714279
0.231352
1.0828
1.76287
0.455337
1.77558
0.843312
1.22458
1.18292
0.979838
0.375087
1.14728
1.51503
0.496847
1.84924
1.9545
0.527755
1.35025
0.0629702
0.305029
1.20769
1.98168
1.96453
1.75815
1.93686
1.14795
1.69602
0.983026
1.48653
0.0809456
0.869319
1.09975
1.62268
0.630607
1.36913
1.72343
0.284458
1.35054
1.87344
0.558048
1.65273
1.47519
1.64077
1.44944
1.85833
0.165039
1.81503
1.9194
0.614749
0.253504
0.0604297
0.0511525
0.94395
0.792384
1.76504
0.170484
1.99445
0.5246
0.289304
0.245899
1.29131
1.64029
0.817374
1.76245
1.91419
0.16453
1.43904
1.79797
0.506125
0.321567
0.0765141
0.541652
1.79972
0.0178678
0.414618
0.319626
0.606993
1.43035
1.88298
1.82759
0.557779
0.433802
1.66549
1.80088
0.17541
0.373103
0.402231
0.269754
0.0357084
0.108603
1.01847
1.51868
0.232514
0.730207
1.41898
1.3079
0.466686
1.97869
0.0904064
1.84602
0.906405
1.33487
0.67563
0.679785
0.406696
1.4946
0.297272
1.97287
1.50961
1.8225
0.107738
0.920505
1.45824
0.435575
1.93709
1.41665
0.838996
1.9001
1.89321
0.610671
0.285332
1.54941
0.854319
1.07352
0.116255
1.17355
0.935339
1.03028
1.54841
0.68423
0.550816
0.0799606
1.91112
0.47673
0.247666
0.984267
0.237468
1.27511
1.55286
1.07527
1.78326
0.389705
1.48263
0.0104553
1.19455
0.676802
1.70278
1.90142
1.98017
0.625879
1.27301
0.0114883
1.95179
0.352756
0.200126
1.11099
1.35137
0.890904
1.8114
0.797391
1.41105
0.273626
0.222994
1.80055
0.746162
1.85066
1.11696
1.5348
0.0957304
1.88302
1.2262
0.199789
1.71288
0.471663
1.82087
1.89041
1.58618
0.582665
1.88061
1.75042
0.178931
0.766839
1.21823
0.0894827
1.26747
0.0774919
0.843608
0.206138
1.86945
0.345781
0.736851
0.275164
0.262078
1.31612
0.820212
0.218662
1.16067
1.3896
1.99515
0.883625
0.731485
1.74042
0.694841
0.657815
1.43013
1.22344
0.595755
0.240584
0.704608
1.89847
0.388453
1.65436
0.409236
0.443248
0.849064
1.36957
1.29469
1.81281
0.191071
0.751607
1.90101
1.4417
0.56047
0.377854
1.57379
0.679081
1.95036
1.77461
0.47993
0.00975859
1.58787
0.366204
0.122652
0.0953584
1.83374
0.358311
1.06574
1.13298
1.61752
0.208997
0.710263
0.0229161
1.3075
0.602497
0.548257
1.90208
0.630921
1.97869
1.25266
0.217656
1.4935
1.9623
0.403081
0.293495
1.85974
0.65499
1.21654
0.0983307
0.839057
1.96557
1.35895
0.286538
1.48882
0.64599
1.19934
0.637087
0.621492
1.95906
0.951319
0.0635002
0.792927
1.56515
0.145175
0.636172
1.12673
1.33329
1.10916
1.72961
0.416599
0.0538522
0.118276
1.74235
0.507949
1.95445
1.51968
1.90531
0.529859
1.80427
0.514866
0.0924816
1.94521
0.0720899
1.17101
1.45036
1.25396
0.206376
0.574831
0.770834
0.00946474
1.95599
1.97614
1.78908
1.8808
1.39782
1.51416
1.08541
0.290965
0.0196327
1.77078
0.880727
1.15141
0.146742
0.16121
0.109383
0.955726
0.340115
1.74205
1.08139
1.19856
1.64925
0.31193
0.198198
0.250738
0.54819
1.90115
1.99868
0.570527
1.74697
1.30556
0.412017
0.983807
0.018471
0.431076
1.16691
0.703828
1.56097
0.668143
0.154592
1.1639
1.91249
1.89618
0.107372
1.00954
0.729949
0.160924
0.375419
1.12373
1.71509
0.559917
1.99581
0.936245
1.49346
0.29181
0.56042
1.20983
0.522388
0.396829
0.90591
1.08769
0.836774
1.25431
1.46407
1.68425
1.61623
0.141718
1.79442
0.0389161
0.946011
1.66764
0.131946
0.780485
0.713988
1.43031
0.444012
0.5011
1.07607
1.75054
0.945424
1.89109
1.62855
1.12896
0.627585
0.521158
0.00955403
1.19277
1.57509
0.0340372
1.94296
0.185811
0.240224
0.317528
1.49815
0.774511
0.557857
1.63987
1.89907
1.96518
1.74251
1.91505
1.41462
0.110373
1.46625
0.540309
1.02171
1.81049
1.65563
0.39674
1.20282
0.813437
1.89741
0.466447
1.50037
1.82373
1.92984
0.0520613
1.88456
1.94967
0.691914
1.10464
1.5283
0.229566
1.66394
1.81486
0.252027
1.33597
0.419343
1.79102
0.876802
0.622383
0.3345
0.0502292
1.81908
0.42225
1.6758
0.80237
0.900738
0.239563
0.163854
1.18547
1.10483
0.512469
0.902747
1.15399
0.0590509
1.72299
1.46178
0.100311
1.84763
0.448136
1.07619
1.41559
0.0909029
1.79885
1.01353
1.94041
1.24603
1.0134
0.957866
1.52918
1.98698
0.262423
1.58324
1.25331
1.98461
1.92406
0.0421063
1.94828
1.86218
0.685571
0.282246
1.70615
0.933282
1.59433
1.01098
1.44448
1.71768
0.133927
1.48709
0.806203
1.87287
0.567975
1.04719
1.12982
0.130297
1.37503
1.51067
0.109585
1.78501
0.987465
1.3907
1.70831
1.37143
1.25948
0.00291502
1.95868
1.73108
1.35486
1.03271
0.0270196
1.55829
0.658036
0.0185609
1.31878
0.41923
0.848152
1.28462
1.41366
0.402389
0.265272
1.03164
1.21034
0.496432
1.06006
1.71914
1.2219
0.140578
1.22043
0.136695
1.26068
1.8761
1.39009
0.297131
1.67125
1.49051
0.0888993
0.229495
0.00487614
0.636401
1.75975
1.95076
1.54924
0.208003
1.84085
0.910719
1.74029
0.299028
0.614631
1.79871
0.321352
0.159558
1.0599
1.08427
1.93297
0.377186
0.254561
0.401246
1.68704
1.10896
1.19294
0.0631149
1.62591
0.428886
1.23827
1.29469
0.00203061
1.95793
0.701366
1.9865
1.10488
1.01438
1.92085
0.309449
0.806097
0.623991
0.454225
1.55506
1.30137
0.423543
0.471807
1.6817
1.75292
1.99099
1.11612
1.68755
0.608844
1.67796
0.518424
0.168592
0.797433
0.265328
0.274779
1.67351
1.80971
1.96297
0.647357
0.21669
0.448615
1.47792
0.925867
0.512415
0.1594
0.54026
0.259562
1.92494
1.19403
1.99901
0.597308
1.59268
1.94001
1.92468
0.672447
1.41698
1.11506
0.716461
0.621546
0.91663
1.9095
0.079741
0.203459
0.465963
0.636044
0.0578218
1.59102
0.0657748
1.43064
1.36284
1.64234
0.188756
0.788744
1.26506
1.39257
1.04372
0.431779
1.87557
0.852914
0.0515307
0.0579427
0.65019
1.92937
0.863582
0.5609
1.62815
0.647658
0.998564
0.542328
0.0364951
1.33836
1.14272
1.62232
0.461841
0.939285
0.576909
0.332114
1.28368
1.78795
0.599542
0.40608
1.3849
1.92722
1.33341
1.03252
1.5129
0.397578
0.464726
0.660374
0.533135
0.467965
1.74759
0.110263
0.087743
1.61691
1.13642
0.518969
1.91841
1.44486
1.60238
1.295
0.561675
0.201992
0.209975
1.9997
0.442077
1.47481
1.13309
1.8197
0.700948
0.585694
1.05144
1.62325
0.657318
1.31308
1.8004
1.82036
1.07103
0.270503
0.44082
0.00821733
0.688325
1.34183
1.0792
0.171781
1.55001
1.21447
1.99786
1.20745
1.28486
0.24021
1.82398
0.305336
1.96195
0.245864
0.760976
0.691452
0.526878
0.00910771
1.39397
1.95876
0.632979
1.10241
1.61918
1.61327
0.852552
0.0668368
0.693737
1.25227
1.28792
0.11551
0.0942292
0.363466
0.314437
1.27205
1.98621
0.0709137
0.0932277
1.14085
0.767247
1.98422
0.993796
1.60932
0.207587
0.0161612
1.28909
1.33468
1.62608
0.16052
1.99768
1.87558
1.90739
1.5533
0.0267409
0.27268
0.0068934
1.04984
1.98675
0.30628
0.0360371
0.319391
1.11977
0.137598
1.96749
1.40117
0.42175
0.0767566
1.59818
1.62516
0.0132228
0.17385
1.67512
0.49487
1.79639
1.20025
0.240995
0.52412
1.99696
0.816835
1.47016
1.99033
0.346739
1.99311
0.408721
0.209345
0.314014
0.183795
0.650016
0.0584117
1.69831
0.0979809
0.73975
1.24233
1.16523
1.93007
0.10171
1.75112
1.60638
0.0588391
1.44792
0.489851
0.122416
0.91228
1.69204
1.22754
0.713472
0.791238
0.0932083
1.69105
1.61965
0.940636
0.786816
1.38132
0.577647
1.99032
0.210333
1.13279
0.560604
0.525358
0.407502
1.96653
1.72995
1.2717
0.0867596
0.424801
0.892837
1.80689
0.0748879
0.0932047
1.36338
1.0119
1.31851
0.152571
1.49533
0.260826
0.73345
0.0786524
0.177338
0.42516
1.00078
0.298672
1.18281
1.90038
1.087
0.810055
1.7741
1.42827
1.97912
0.116314
1.36098
1.45922
1.63968
0.410843
1.26003
0.510032
0.778846
1.73095
1.06571
1.30952
1.99307
0.249266
1.96803
0.806473
1.0121
1.24354
0.900364
0.0054214
1.8157
0.251246
1.14346
1.89709
1.01793
0.462216
0.995594
0.267672
1.7608
0.734142
1.19072
0.248276
0.135354
0.923322
1.52726
1.02203
1.48783
0.532321
0.254747
1.29917
1.04938
0.738634
0.317028
0.701292
0.601644
0.869802
0.593863
0.562794
1.35412
1.37942
1.92398
0.34525
0.336247
0.0985863
1.29095
1.46726
0.51061
1.38792
1.99117
0.2637
1.13153
1.42977
1.44093
1.98064
0.522797
0.995594
1.30014
1.94469
1.01124
1.60491
1.68305
0.515289
1.7258
1.68542
0.701903
1.17912
1.27135
0.192333
1.0778
0.274237
1.93166
1.93556
1.40748
0.688666
0.353125
0.476284
1.7501
0.83428
0.0357894
1.78371
1.2263
1.48324
1.96726
1.88622
0.430935
1.57607
0.951738
0.058813
1.61379
0.102835
1.35452
1.60362
1.85562
1.47145
0.224574
0.238029
0.675034
1.45728
1.99342
0.51214
1.447
1.29295
0.18112
1.57007
1.82585
0.356882
0.510991
0.118695
1.99635
0.404797
0.712022
1.14809
1.31151
0.862982
0.151523
0.93601
0.867622
0.443095
1.73683
0.237427
1.98951
1.84561
1.30714
1.20019
0.330102
0.842862
0.511638
1.81146
0.185629
1.84688
0.178056
1.40325
0.0385634
1.34227
0.667502
1.94661
0.00810695
0.138389
1.44547
0.838378
1.8553
1.24303
0.385357
0.454646
0.163969
0.557783
0.292729
0.0561966
0.582895
1.75519
0.8158
1.29793
1.41447
0.100678
1.10153
0.996626
0.951187
0.115144
1.2461
0.714982
1.03428
1.17369
0.927693
1.88063
1.98894
1.96762
0.589811
0.521518
0.803004
1.57063
0.234276
0.286921
0.0720333
0.372213
0.143839
1.24355
0.110191
1.41176
0.188014
1.73508
0.556546
1.98285
1.30922
0.198108
1.86687
0.171285
1.92458
0.164607
1.97193
1.84929
0.607222
0.47961
0.893207
1.09242
1.70538
0.723314
0.717209
1.28491
1.14476
0.918781
0.264233
0.521887
1.30482
0.782353
1.25889
1.87085
1.91348
0.857473
0.319001
1.45847
1.81032
0.0790876
1.99068
1.69181
1.65346
0.251905
1.7242
1.34419
1.09184
0.090497
1.4104
0.356257
1.57232
0.0140659
0.29993
1.5467
1.85136
1.62967
1.37582
0.558112
0.182711
0.0028646
1.64649
1.65121
1.3013
0.879467
1.55312
1.44997
1.49424
1.59645
0.553567
1.61798
1.05729
0.448506
0.850489
1.91286
0.236159
0.241071
0.990528
1.71489
0.249598
1.23401
1.50359
0.760628
0.326409
1.98727
1.29405
1.5721
0.183827
0.330953
1.92995
1.3496
1.14809
0.602623
1.69243
0.63289
1.74422
1.68543
0.950629
0.706076
1.85704
0.853076
1.60669
1.00418
1.86699
1.6583
1.76523
0.58761
1.41222
0.463177
1.34821
1.83889
1.99578
0.686501
0.203788
1.82059
1.25075
1.69644
1.17666
0.494561
0.224156
1.87347
1.55632
1.9476
0.592065
0.102756
0.440878
0.505571
1.25684
1.25741
0.207887
1.41304
1.304
0.062395
1.77933
0.476679
0.630379
1.07538
1.03959
1.11837
0.0441951
1.75749
0.870334
0.070765
1.54201
1.75385
0.801002
1.89931
1.36142
1.01255
1.35077
1.51753
0.976602
0.762869
1.53409
0.0411121
1.38751
0.99569
1.95761
0.0271525
1.06122
1.82975
0.0303059
0.549061
1.67786
0.311419
1.39424
1.93714
1.79199
0.0959587
0.454117
0.392142
0.022241
1.90491
0.152357
0.595444
1.62752
0.315139
0.171346
1.92755
0.348197
0.0550342
0.33915
0.332036
1.29039
0.00269616
0.955085
0.219667
1.49781
1.85108
0.21206
1.95194
1.76404
0.0736313
1.73783
1.81334
0.416188
1.18225
0.0568224
0.0516391
0.58946
0.851533
1.24505
1.44743
1.55584
0.0835027
0.257306
0.752176
0.64663
1.58902
0.320615
1.58386
0.035889
1.59443
0.679348
1.32362
1.92544
0.373304
1.89123
1.99052
0.259837
0.0355967
1.58322
0.912153
0.880941
1.23602
1.59432
0.305526
1.1121
0.285534
0.0603404
1.58639
0.0602412
1.05224
0.994621
0.861593
0.131335
0.0426677
1.07651
1.78457
0.273552
0.699452
1.64169
1.06276
0.00617158
1.80436
1.0696
0.829691
0.284697
1.93668
1.01083
1.99867
0.461887
0.598043
0.255733
1.31208
1.51079
1.39975
1.02588
1.47537
0.213978
0.621905
1.80427
1.30516
0.0534613
0.540013
1.63555
0.373908
0.806176
1.36617
0.0856642
0.0566401
0.217593
0.0739275
0.264004
1.92015
1.93975
0.286504
1.4225
0.143893
0.262523
0.0619979
0.020066
0.0696502
1.23488
0.417698
1.15792
1.76636
1.95439
1.95112
1.57196
1.55265
1.98075
1.96506
1.90352
0.350175
0.377966
0.238204
1.24523
0.296006
0.608416
0.905341
0.128664
1.85685
1.84415
0.84417
1.6489
0.270858
0.194745
0.711164
0.340473
1.63258
0.979685
0.511011
0.0235504
1.57794
1.39744
0.696285
0.13491
1.37487
0.303509
0.32774
0.334758
1.94243
0.167366
1.58024
0.176036
1.1803
0.935742
0.273535
0.831133
0.640629
0.343129
1.51415
1.38262
1.22187
1.34156
0.0406133
0.0411879
1.93143
1.88353
0.809574
1.62825
1.18394
0.0257826
0.0420493
1.97152
1.69227
1.92125
1.52975
1.46228
1.28602
0.322227
1.55173
0.891671
0.358159
0.775362
0.423433
0.397075
0.232967
0.922801
1.38983
0.183336
0.617896
1.78032
0.645129
0.315868
0.318916
1.8933
0.65032
0.462543
1.49981
0.122536
0.383491
1.75768
1.92942
0.311359
0.285636
1.64322
0.147205
1.72034
1.31054
0.495356
0.973813
0.343212
1.94651
1.64694
1.09388
1.15051
0.0412196
1.12093
1.98635
0.929845
0.964345
0.144678
1.5287
0.891388
0.412382
1.56291
1.02252
1.08719
1.3253
0.716531
1.59418
0.670221
0.717275
1.57282
0.491668
0.552482
0.0469354
1.76996
0.183589
0.326439
1.13298
0.141457
0.962115
1.23543
1.73709
0.0708086
1.24762
1.55946
1.9925
0.388125
0.181388
0.561465
1.84565
1.64663
1.82102
1.22276
1.3528
0.911977
0.54573
1.12683
1.8661
0.665734
0.545769
0.088944
1.86854
1.22348
1.8899
1.87448
0.766664
0.333443
1.54709
1.47837
0.245075
0.7943
0.539169
0.38474
1.9517
1.84563
0.122354
0.568418
1.03681
1.1497
1.91864
0.224
0.404268
1.27861
0.818013
0.851144
0.397308
1.83595
0.748265
0.936235
0.347417
0.762732
0.922874
1.71102
0.108621
1.15255
0.685749
0.66768
1.4463
1.15521
1.54539
0.875988
1.37511
1.71142
1.72664
0.772777
1.25201
1.97116
0.459439
1.85424
1.94765
0.791989
0.379202
0.194757
0.962328
0.0418231
0.954639
0.492627
1.58667
0.0446221
1.1824
1.81177
1.86645
0.653098
0.168838
1.56513
0.0230232
0.183596
0.160326
1.11382
1.0613
1.66877
1.16907
1.56577
1.09403
1.94896
1.29391
0.610161
1.29289
1.67082
1.09217
1.931
1.92254
1.34573
0.889061
0.602174
1.40364
0.64533
1.80712
1.37608
1.26354
0.369053
1.94637
1.19993
1.39403
0.149815
1.5157
1.12727
0.759633
0.0868423
0.218494
1.29141
0.279836
0.285213
0.524585
1.46225
1.66331
1.82264
0.970221
1.90608
0.221857
1.92769
1.64289
1.36106
1.41652
0.759884
1.22676
0.321509
1.27372
1.42476
1.33433
0.678525
1.5358
0.0617442
0.861159
0.0237383
0.11441
1.30276
0.966513
1.50447
1.55403
0.997482
1.99932
1.53996
0.899568
1.37452
1.8969
1.02054
1.77537
0.546583
1.29719
1.20474
0.472505
1.61402
1.9633
1.29509
0.0423943
0.131556
0.287017
0.199275
1.09933
1.90948
0.444065
0.380994
1.79302
0.907444
0.102194
1.4863
0.322932
0.251044
0.233859
1.43258
1.83015
0.52347
0.401049
1.86429
1.35644
0.024565
1.40078
0.860545
0.0602229
0.963065
1.28541
1.23564
1.77366
1.01967
1.69045
0.832032
0.303616
1.76954
0.530092
1.92883
0.517291
1.33954
0.735901
1.21921
0.195561
0.096584
1.85917
0.0447258
1.58939
0.798826
0.217775
1.75126
0.247269
0.758938
1.46505
1.57937
1.79056
0.859194
1.86151
0.276498
0.920395
0.977305
0.963072
1.1417
1.68901
1.58642
0.0987983
1.09818
1.18896
0.113971
1.92663
1.57752
0.0294995
0.0394599
0.793577
0.802476
0.75826
1.41354
0.0927126
1.38085
0.496841
1.35913
1.3656
1.71043
1.92762
0.46217
0.109821
1.26378
1.66603
1.52442
1.29392
0.123714
1.91742
0.178715
1.70921
0.523464
0.751877
0.803483
0.0911241
0.216449
1.14153
0.639723
0.575232
1.1651
1.12905
1.1098
0.194229
1.00845
1.63602
0.0721132
0.803662
1.36593
0.382666
1.62877
0.93723
1.94884
1.52011
1.9619
1.49064
0.813737
0.328701
0.242821
0.983655
1.91959
0.775437
0.236212
0.779261
0.139039
0.900584
1.7068
0.251542
1.02755
0.267186
1.16962
0.0511163
0.732924
0.462106
1.70912
0.548365
1.9317
0.75202
1.80847
0.0299555
1.71033
1.29751
1.93651
1.72546
1.93678
1.72672
1.83774
0.519624
0.101702
1.75867
1.33987
0.320581
1.036
1.70877
0.209924
1.45055
1.11637
0.347265
0.320584
1.8575
1.87071
0.904643
0.35391
0.00989711
1.77078
0.693374
1.96115
0.599395
0.456056
1.78855
1.00155
0.513756
1.67091
1.4367
1.29358
0.0434414
0.994818
1.2469
1.13966
1.86
1.12523
1.26839
0.675705
1.58455
0.516198
0.687534
1.77962
0.878154
1.26796
0.731122
0.165796
0.487831
1.34028
0.0537564
1.90824
0.41593
1.80185
0.576234
1.33723
0.32473
0.667148
1.2051
0.822078
1.61081
1.36002
1.7081
0.712197
1.58896
0.977055
1.1274
1.84073
0.4408
0.206872
1.86242
1.89829
1.57375
1.63748
0.3419
1.91248
0.0567333
1.52111
0.009251
0.643415
1.70166
0.473826
0.280407
0.541549
1.65656
1.97423
0.00212502
0.836735
1.06486
1.1409
0.714242
1.32108
1.41832
1.86838
0.0894369
0.0792936
0.248152
1.91583
1.26199
1.40187
0.405408
0.345168
0.854803
1.76636
1.76963
0.20473
1.28965
0.111509
1.30671
0.0980438
0.106702
1.21121
1.66339
1.69275
1.26937
0.77479
1.4114
1.56323
1.16568
0.790559
1.17734
0.958958
0.0040611
1.23688
1.44031
0.122643
0.664582
1.07566
0.454509
0.952994
1.31034
1.2414
0.613653
0.607712
0.91335
0.151574
1.63956
0.537688
1.34892
0.39422
1.97551
0.441454
0.61309
0.899102
0.110296
1.45234
1.93515
0.018819
1.57603
1.73779
1.32212
1.70998
1.96432
0.185166
0.497766
0.583117
1.8924
1.41588
1.9332
1.67558
0.87559
1.84753
1.96003
0.809548
0.864053
0.110056
0.977564
1.0801
1.93574
1.4115
0.433598
1.1976
1.24954
1.46004
1.92772
1.93498
0.573716
1.25185
1.77454
1.17455
0.154851
0.35546
0.377958
1.06658
0.30879
0.561229
0.69876
0.134146
0.73369
0.828542
0.378715
1.85341
1.49307
1.94864
0.659769
0.636395
0.22425
0.929424
1.42082
0.414642
0.981483
0.252151
0.46603
0.0289192
0.978389
1.53925
0.933734
0.595877
0.0444654
0.901629
0.916983
0.24176
0.0701861
0.862577
1.24231
1.24863
0.567412
1.59437
1.54883
0.525179
0.195222
0.0789996
0.258036
1.27717
0.465884
1.69631
0.726581
1.92483
1.55347
1.16326
1.75549
0.202208
0.517907
0.0383167
1.89979
0.0511357
1.96026
1.97543
1.24585
1.7778
1.1684
1.30435
0.930011
1.79817
1.48026
0.0890044
0.48317
0.0633975
1.62853
0.00466454
1.5106
0.105711
1.46295
1.34588
1.02855
1.53289
0.262687
0.485456
1.49209
1.83969
1.41601
0.372678
1.74369
1.06947
1.26637
1.69423
1.49733
0.00451589
1.84056
1.66846
0.77247
1.60095
1.50453
1.09473
0.991396
1.0379
0.840142
1.17799
1.75198
1.31183
0.676849
1.85005
1.79366
0.154616
0.906028
1.03288
0.736226
1.65091
0.466375
1.7528
1.64393
1.36333
1.17099
0.282547
0.573798
0.487252
1.89184
0.0153358
0.589783
0.651694
0.678723
1.12397
0.416964
0.255992
0.989449
1.89276
1.63621
0.872456
0.743907
1.76218
0.411649
0.335415
1.76436
0.815512
0.0774826
0.69129
0.135426
0.0350572
0.166377
1.86339
1.55442
0.560413
0.335055
1.91723
1.89292
0.733107
0.936154
1.59227
0.527888
1.64012
1.19192
0.970035
1.65685
0.536078
1.21042
1.18449
0.799258
0.281153
1.9518
0.0598942
0.0807973
1.91811
0.0105859
0.206375
1.84018
1.90258
1.88355
1.07973
1.85518
1.11707
0.121992
0.351954
1.2818
1.99259
1.35489
1.86583
1.19659
0.70772
0.805958
0.0869371
1.99631
1.402
1.34753
0.185687
1.92402
0.0989753
0.541627
1.76688
1.80809
1.21492
0.10546
1.73285
1.37887
0.755835
0.526034
0.677811
0.492747
1.61889
1.91962
1.68586
0.503783
1.6908
1.04775
1.8299
0.719434
0.667332
1.8079
0.415602
0.699069
1.89383
1.91751
1.03486
0.454209
0.0028342
1.2527
0.877636
1.93433
1.95058
1.5612
0.147229
1.87595
0.0184187
1.86411
1.89242
1.34754
0.655033
1.27918
0.732703
0.0462381
1.35686
0.0572575
0.0977316
0.818787
0.148691
0.519736
1.76092
1.80706
0.350982
0.0425887
1.68373
1.00995
1.83151
1.4247
0.128929
1.88945
1.35451
1.7533
0.0732958
0.946902
1.59249
0.177485
1.72186
1.12885
1.74162
1.2904
0.668885
0.463763
1.89831
1.82415
1.9312
0.0950722
1.85953
1.99719
1.50049
1.4943
0.139631
0.469554
1.52394
1.84445
0.275992
0.266557
0.0264629
1.114
1.98899
1.19404
1.79596
0.69675
0.807133
1.8987
0.671442
1.06721
1.27484
0.399827
1.00552
0.464023
1.81325
1.63586
1.08118
0.0935664
0.706721
1.07861
1.67391
0.323774
1.35333
1.39474
0.589367
0.0917135
0.26851
0.160118
0.378629
1.96285
0.121169
0.296393
1.8895
0.480749
1.82055
1.69748
0.113433
1.94721
1.8115
0.00505233
1.20393
1.77279
1.37445
0.514512
1.91424
0.349488
0.362419
1.44147
1.22334
1.00807
1.38787
0.558438
0.684779
0.740564
1.37168
1.34697
1.75156
1.65598
1.00413
1.52611
1.99015
1.10356
0.576569
0.405158
1.91384
1.76938
0.134855
1.90395
0.0606896
1.76005
1.6795
0.740288
0.581773
0.034821
0.569833
1.98088
1.06639
0.829733
0.786784
0.581406
0.923369
0.545419
1.70112
0.405159
1.60308
0.768279
0.534213
1.06986
0.497567
0.0164502
0.957018
0.604871
0.980143
0.766797
0.747232
0.25144
0.804599
0.998457
1.93195
0.0880445
0.0541743
1.66994
1.62139
1.50488
0.46633
1.32847
1.76658
0.909975
0.923128
1.83701
0.898959
0.981621
1.23449
0.426305
1.75392
1.95772
0.168439
1.9163
0.884599
1.75411
1.1046
0.0228412
0.403001
1.42248
1.26262
1.71627
1.73376
0.943355
0.251932
1.89018
0.382281
1.48684
0.977598
0.358418
1.66014
1.97813
0.620508
0.987945
1.50834
1.75169
0.124264
0.0993093
0.695672
1.82706
0.00593746
0.0721865
1.93214
0.596361
0.172603
0.0875553
1.95043
1.14086
0.512613
1.30929
1.543
0.74331
1.58158
1.94
1.00435
1.8986
0.112868
0.272878
0.720966
0.286288
1.78795
1.64004
1.20416
1.91273
1.28495
0.930693
0.535408
0.0231282
0.0648136
1.28772
1.79004
0.951825
0.0287576
0.155349
1.91188
0.0919281
1.95077
0.11226
0.0373613
1.30114
1.98249
0.159642
1.1528
1.65173
1.80959
1.19651
1.7401
0.975564
0.615533
1.96337
0.273571
1.79926
0.110361
0.110543
1.96785
1.98088
1.97976
1.58236
1.85329
1.845
1.63995
0.331099
1.86248
1.21601
0.142419
1.79983
0.353977
0.141607
0.718043
0.781263
0.725639
0.867113
0.224384
1.09092
0.350884
1.02304
0.443534
1.74271
1.58992
0.210234
0.860651
1.90171
1.84322
1.94273
1.69956
1.953
0.0484749
1.32305
1.86758
0.242362
0.548931
0.826779
1.69865
1.73691
0.574019
0.561776
0.784918
0.265176
1.83461
1.12028
1.78244
1.93767
1.19195
0.80945
0.331689
1.30549
0.528924
0.418316
0.367623
0.379998
1.94016
0.371875
0.894133
0.516481
0.492705
0.0697421
1.59515
1.90437
1.28971
0.0707709
1.79017
0.599249
1.36899
0.0226572
1.93669
1.63711
1.50055
0.601024
0.0609332
1.34744
1.50681
0.274954
0.0682424
1.95973
0.0562901
1.36828
0.84563
0.253873
1.13412
1.84071
0.229279
1.36751
0.000151157
1.71687
0.039782
1.20372
1.25803
0.0752064
0.595658
1.81915
1.36333
1.90457
1.00318
1.46637
0.172755
1.46705
0.193318
0.746473
0.130097
1.94019
1.90964
0.648819
0.841659
0.95714
0.687264
0.66001
0.921283
0.0759757
0.123994
0.402953
0.125097
0.292094
0.684485
0.280209
0.692155
0.544538
0.280385
1.68554
0.397497
1.89124
0.667903
1.3235
0.139547
1.45639
0.403505
1.4813
1.15015
1.1096
1.51938
0.357785
0.298597
1.14672
0.0832293
0.103593
1.35312
0.191889
0.828112
0.308047
1.6914
1.55517
1.66864
0.827623
1.19907
0.16767
0.897173
0.984694
0.483599
0.137505
0.120969
1.37996
0.805791
0.464422
1.83461
0.261757
0.34849
1.4846
0.596542
1.68298
1.37503
1.81569
1.02151
0.0596826
0.252959
0.802814
0.876294
1.09806
0.779955
1.31198
0.0500711
0.414014
1.68655
0.684546
1.62126
1.93957
0.164203
0.75555
1.9686
1.715
1.64958
0.0157665
1.11769
1.98406
0.33032
1.031
0.493037
1.45666
1.96382
1.72278
1.7194
0.0357975
1.88949
1.96953
1.76603
1.08997
1.18096
1.63163
0.0452595
1.00811
1.08695
0.334476
1.40335
0.0664057
0.601904
1.57521
0.11349
0.521381
1.30301
0.568946
1.63755
1.50237
0.268243
0.0423372
1.90771
1.6622
0.217117
0.29601
0.765969
1.9512
1.03558
0.996081
0.877799
0.229507
0.965361
1.80466
0.538696
1.35853
1.64831
0.286666
1.26664
1.09959
0.385823
0.595503
0.380376
1.83184
1.79698
0.957401
1.06703
0.838804
0.269007
1.80268
1.33989
1.5553
0.739658
0.664206
1.23252
0.0136237
1.89648
0.0695841
1.09432
0.143592
1.09514
1.74156
0.432108
0.00441563
0.322395
1.9658
1.4605
1.4331
0.768618
0.360232
0.370661
0.366093
1.39416
1.00108
0.437024
1.12604
0.159619
1.65967
1.29608
0.0589432
0.526002
0.591514
1.74207
1.60691
0.213707
0.408372
0.126234
1.87595
0.407502
0.680235
1.34849
0.806138
1.07797
1.41075
0.758805
1.55151
0.148587
1.60385
1.77289
1.62493
0.137802
1.87988
1.10367
1.12744
0.690464
0.00487065
1.52843
1.12177
0.965091
1.89376
1.21721
0.384514
0.0806655
0.61071
1.11008
1.0878
0.744891
0.974975
0.273155
0.0449107
0.0990351
0.0969114
1.97573
1.95486
0.315438
1.72196
0.975658
0.670649
1.78944
1.24391
0.819166
1.33319
0.604623
0.68567
1.82151
0.830669
0.00936735
0.446673
1.71569
0.275406
0.68724
0.572386
0.554103
1.41487
1.69967
0.87897
1.64981
0.0151236
1.48935
0.926371
0.0384443
1.89378
0.251815
1.34073
0.230756
1.76979
0.14445
0.730292
0.0820478
0.749112
0.427402
1.30151
0.955307
0.445689
0.063394
1.9392
1.08338
1.38136
1.15104
1.72857
0.980811
0.0592226
1.92967
1.70697
1.95417
1.45402
0.72834
0.12705
0.000542045
1.90194
0.44028
0.234024
0.289956
1.84789
0.370282
0.740506
1.85614
0.995145
0.0285056
0.852053
0.616516
1.35745
1.47747
0.0234252
1.56952
0.995158
0.30154
1.16304
0.63064
0.477474
1.58837
0.847223
0.868201
0.118559
1.87265
1.1641
0.249692
0.391545
1.98768
1.44459
1.78898
1.32825
1.48978
0.133393
0.48643
0.070583
1.25359
0.133157
1.68394
0.450345
0.654342
0.374728
1.39412
1.96794
1.65143
0.419151
1.12443
1.77071
1.05881
1.4522
1.80226
1.26787
1.69766
1.57196
0.64632
1.589
0.209281
1.45362
1.14407
0.742374
0.574097
0.460453
1.93565
1.54211
0.610574
1.88587
0.0675069
1.05103
0.877789
1.16824
0.210366
0.147042
0.758671
1.95199
1.71481
1.84262
0.159669
1.54027
0.0681915
0.702144
1.1251
0.684806
1.35708
1.20178
0.345457
0.38787
0.437285
0.10479
0.453933
0.683283
0.336646
0.871552
0.561528
1.75943
1.21373
0.865521
1.46715
0.441265
0.676465
0.374155
0.00221324
0.0718836
1.55595
0.16172
0.67124
0.866087
1.59286
0.955478
0.40564
1.9816
0.484675
0.795951
0.723326
1.78175
0.956277
1.1528
1.88618
0.022082
0.0185994
1.84124
0.464907
1.86919
1.10575
1.15153
1.61633
0.518552
1.98145
1.27359
1.05186
1.94117
0.677889
0.195701
0.0409793
1.21527
0.0120128
1.60514
1.11048
0.612621
1.60948
0.377255
0.316035
1.79965
1.75666
1.57492
1.40044
1.7211
1.54725
0.108067
1.88909
0.685945
1.62941
0.694713
0.140205
1.60725
1.66557
0.76139
1.97031
0.341902
0.383575
1.81673
0.598695
0.591441
1.25316
0.419989
1.77296
1.19675
1.70281
1.55771
1.83081
1.85871
0.0367647
0.404307
1.62576
1.45887
0.88834
1.9381
1.94957
0.265247
1.77241
0.660764
1.45546
0.176695
0.921574
0.190829
0.439434
1.62681
0.0669817
1.3821
1.37213
1.97632
1.34588
0.0901442
0.579822
0.696584
0.231304
1.87077
0.51007
0.681967
0.222845
1.36939
0.0608162
0.350545
1.52353
0.075808
1.71597
0.761331
0.0129958
0.262368
1.41648
1.71285
1.7481
0.909413
1.92268
1.32762
0.131413
1.54534
0.0474919
1.56211
1.949
0.363249
1.52635
1.79385
0.0679194
0.865877
1.94877
1.84229
0.907691
0.884748
1.58958
0.195933
0.1706
1.11506
0.954486
1.08696
1.89595
1.93267
1.58868
0.865771
0.782876
1.37151
0.126959
0.521442
1.62742
1.7751
0.661693
0.930035
1.13561
1.22123
1.89912
1.85296
1.9774
1.54448
0.22148
0.0645931
1.90386
1.2623
1.92334
1.7981
1.95839
0.502956
1.52984
1.17265
1.36413
1.79002
0.200539
0.708176
0.313217
0.0206877
1.12949
0.310382
0.473904
0.659748
1.61566
1.08223
1.93911
0.508564
1.80162
1.58207
0.626002
1.94179
1.91042
0.28848
1.31809
1.80104
1.75971
1.80606
0.03986
0.0747882
1.85397
0.463686
1.48162
0.792131
0.0824267
0.646542
1.52218
0.82493
0.452587
0.150811
0.416778
1.25782
1.46236
1.17142
1.42561
0.124865
1.94244
0.861775
0.00443888
0.0647198
0.453552
0.250571
1.76323
1.7134
0.592241
1.33278
1.48455
0.00469172
1.77422
1.74028
1.31323
0.163982
0.893003
1.16535
1.22321
0.725118
1.10623
1.79266
1.13657
0.121354
1.972
1.42542
0.023224
1.06851
1.80992
0.976636
0.747705
0.629978
0.867962
0.406315
0.283502
0.172193
1.58678
1.47565
1.75895
0.389518
0.0629742
0.0602213
0.93456
1.42699
0.0626653
0.222156
0.799656
0.652355
1.55539
1.75681
0.0894724
1.51773
1.46785
1.61555
0.243451
1.18994
0.45362
0.989975
0.225094
0.153745
0.0265365
1.99915
1.96872
0.753729
1.8224
0.799569
1.90102
1.62274
0.214785
0.228432
0.149613
1.33352
0.0327038
1.15343
0.455459
0.640027
1.0404
0.825127
0.416487
1.38154
0.230906
0.0919939
1.89479
1.952
0.0236713
1.45242
0.596925
1.85504
1.09595
1.86547
1.7232
0.0746673
0.839562
0.279325
0.0674626
1.5279
1.99875
0.966966
0.253271
0.873403
0.209029
1.11983
0.201706
1.49856
0.553656
1.59247
0.249775
1.6008
0.0634453
0.0208745
1.79155
0.0574536
1.04519
0.7338
0.826198
1.98001
0.249629
0.251693
1.67755
0.0185112
0.238608
0.903845
0.46178
0.992518
1.8929
0.648111
0.660242
0.205403
1.86071
0.899594
1.94174
0.377997
1.78105
0.282118
1.85846
0.105616
1.79215
0.605701
0.077105
0.958761
1.58593
0.49084
1.19932
0.321483
1.6073
1.49104
0.842618
1.96455
1.99286
0.00760353
1.3545
1.97315
0.535921
0.508031
0.629449
0.347855
1.4071
0.251213
1.44883
0.648115
1.58054
0.717986
0.260555
0.785983
1.44135
1.97054
1.69939
0.719169
1.84664
1.85756
1.49175
1.72814
1.77711
1.35163
1.81203
1.32854
1.04502
0.950565
0.546942
1.56449
0.395895
0.960556
1.08958
1.1262
1.65594
0.0763601
1.10866
1.79894
0.0372412
0.838715
0.388656
0.281587
1.86026
1.73167
0.606674
1.83655
0.371306
0.877388
1.69138
0.841668
0.0603698
1.49103
0.026431
1.01558
1.72573
0.559803
1.936
1.02173
0.566009
0.607302
0.692799
1.91409
0.854876
1.49876
1.516
0.105824
0.675293
1.6298
1.85459
1.99352
1.51192
0.725378
1.85452
1.31299
0.64038
0.303411
1.17499
1.88645
1.48679
0.208771
1.46805
1.56778
0.246245
1.66631
1.45527
0.24314
0.770846
1.40183
0.742794
1.47122
0.11344
1.98374
1.92611
0.284705
0.497291
0.743177
0.0613348
0.593549
1.10933
1.7628
1.06292
0.386674
0.0894244
0.864391
1.47051
1.80878
0.126025
1.88871
1.48415
1.70724
1.76595
0.0930246
0.102848
1.54878
0.511835
0.113568
1.11175
0.57039
1.17217
1.9547
0.36651
0.380516
0.157239
1.86295
1.98017
0.923119
1.16022
0.497249
1.95682
0.620127
1.83978
0.562181
1.86721
1.72262
1.34695
0.707595
0.221609
0.727249
1.18113
0.125513
0.802432
1.39296
1.64094
1.93915
0.251703
0.949563
1.66943
0.440473
0.559212
0.130649
1.69587
1.51053
1.54738
0.825738
1.22934
1.43034
1.25601
0.937299
1.43626
1.58531
1.84967
0.681154
1.1309
0.334103
0.19281
0.0634407
1.50933
1.62648
1.7017
1.15737
1.17376
1.27452
0.157686
1.5321
1.82605
0.0262212
0.0624053
1.49763
0.147761
1.68618
0.245225
0.648422
1.65329
1.22244
0.81122
0.0969201
1.84536
1.83199
0.523502
0.0768422
1.46939
1.99425
1.42837
1.30426
0.965148
1.7601
1.98921
1.15835
1.34605
1.73406
0.598546
1.68734
1.6391
0.757636
0.225328
0.984755
0.612093
1.23103
0.0726098
1.95944
0.947109
0.141526
1.56528
0.508303
1.1348
0.292374
0.175003
0.296849
1.90574
0.0564122
0.798698
1.34615
1.56095
0.769591
1.933
1.98457
0.671474
1.61671
1.74461
1.77624
1.50927
1.06817
1.23643
1.66217
0.435142
1.92478
1.79015
0.441328
1.48892
1.90434
0.0878894
0.131455
1.73783
0.67929
0.134664
1.10926
0.69091
0.159722
0.61334
1.34819
0.842533
0.216647
1.64784
1.23496
1.92661
0.490183
1.40835
1.79601
1.63678
1.06847
1.14284
0.250105
0.386501
0.967298
1.71311
1.99646
1.45416
0.318385
1.45062
0.151096
1.85865
0.808834
0.569607
1.82338
0.994225
0.665699
0.106812
0.735695
0.894239
1.86131
1.55429
0.589277
1.58231
1.85788
1.41879
1.90901
0.957042
1.82869
0.321742
1.60698
0.204648
1.22612
1.62226
1.33738
0.357464
1.08866
1.45408
1.33225
1.91445
1.16609
1.89329
1.59513
1.95707
1.03045
1.67097
1.49129
1.65532
1.70533
0.052896
1.95591
1.71707
1.99618
1.20882
0.152375
1.83898
0.418991
0.407489
1.85939
1.6781
0.0259172
0.343359
0.910536
0.079373
1.31395
0.252204
0.185182
1.74381
1.99547
1.06614
1.87028
0.369023
0.107773
1.4765
0.0922143
0.826731
1.91731
1.50446
1.88626
1.90356
1.35991
0.755205
1.66938
0.765943
0.642656
1.7774
1.56
0.97371
0.57638
1.76128
0.237781
0.249745
1.57819
1.50782
1.79819
1.94212
1.19593
0.00683832
0.986875
0.17826
1.51512
1.58671
1.71158
1.69748
0.328295
1.70904
0.701794
0.0472496
1.72762
1.21436
1.85747
0.19086
0.793653
1.94672
1.45585
0.00126779
1.91215
1.81572
0.695033
1.74081
0.737641
0.00393486
0.803911
1.85381
0.0152454
0.411212
0.640455
1.78451
1.79366
0.833546
1.84222
1.79673
1.03871
1.99659
1.92178
0.42983
1.77635
0.339965
1.57182
1.81866
1.16539
1.38779
1.93892
0.0500538
0.168647
1.6916
0.70521
1.20151
0.121455
0.809113
1.33634
0.677332
0.916407
0.0537981
0.207739
0.189682
0.91804
0.523392
0.130182
0.360745
0.202135
0.724466
1.84519
1.95437
0.723432
0.961366
1.40382
1.99528
1.93616
0.762165
0.062604
1.29062
1.17462
0.0640125
0.717244
1.88527
1.74914
0.482505
1.85822
0.344008
0.13049
1.80755
0.328702
1.14705
1.89979
1.04367
0.521174
0.319784
0.924636
0.59812
1.34589
1.70756
1.61781
1.17084
1.38002
0.300373
1.10587
0.62868
0.31112
0.783453
0.226462
0.667129
0.487381
1.66201
0.192437
1.23126
1.76304
1.81694
0.214079
1.25313
0.492864
1.02726
0.0210657
0.0559924
0.088333
0.0435765
1.12974
1.70111
1.77844
1.9684
0.528998
1.48282
1.53974
1.91422
0.486422
0.304914
1.91093
1.14367
1.90035
1.73581
1.81211
1.11845
0.156401
0.817799
1.22447
1.05086
0.306183
1.68321
1.453
1.97605
1.00451
1.06225
0.235306
0.46508
0.0605723
0.289286
1.23124
1.77121
1.49123
0.0430577
0.41793
0.136673
1.3577
1.9378
1.03349
0.116341
1.90977
0.644357
1.86652
1.12002
1.49038
0.132595
1.47791
1.84227
1.0005
1.55835
0.168383
0.00690269
0.889368
0.174891
1.12843
0.676408
0.297962
1.16472
0.661917
0.60842
1.52511
0.541081
0.809402
0.2749
1.18009
1.56087
1.14207
1.77685
0.0882879
1.10616
1.70658
0.423728
0.684468
1.17343
0.766238
1.06706
1.30637
1.6216
0.673225
0.497013
0.216337
0.964869
1.47448
0.776953
1.67573
0.492698
1.79564
0.335444
0.709051
1.76926
1.03723
1.90541
0.724793
0.726831
1.68555
1.7852
1.57914
1.78352
0.00769293
0.00973046
0.838778
0.0063256
1.20678
1.42493
1.65386
0.0704117
1.90544
0.184896
1.38786
1.51174
0.490661
0.368996
1.94231
0.220899
1.58645
0.198041
1.86398
1.60666
0.178856
1.1434
0.133419
0.800736
1.24055
1.44076
1.22736
1.37184
0.598085
0.0703031
0.379989
1.11161
0.882452
0.25198
0.763479
0.210858
1.80689
1.54633
1.86911
0.982558
0.492831
0.854616
1.43238
0.400295
0.245528
0.0941319
1.31464
0.281269
0.104919
0.00255787
0.335168
0.0696899
1.92296
1.35571
0.76859
0.391636
1.00248
1.95615
1.75423
0.980236
0.813391
1.55044
0.100137
1.24249
0.0356706
1.73425
1.85375
1.81746
0.664977
0.242729
1.83957
0.581732
1.52847
1.30577
0.0560646
1.43645
1.64528
1.19625
0.804067
0.150512
1.93695
0.864124
1.8876
1.99108
1.40184
1.96004
0.754112
1.47283
1.9358
1.95438
1.90169
1.82468
0.0680251
1.81589
1.30448
0.729261
1.47691
0.609146
0.16919
0.323007
0.506041
1.57925
1.0622
1.1506
1.10003
0.248602
0.827488
1.966
1.71604
1.11693
0.076892
0.824259
0.184024
1.02347
0.0849146
1.72451
0.435057
1.47965
1.17699
1.38389
1.02172
0.952434
1.99399
1.05679
0.145607
1.11432
0.953323
0.300303
1.74544
0.092905
1.99434
1.06188
1.71002
0.633073
1.47096
1.80601
0.712175
0.157701
1.26104
1.71211
0.295291
1.75087
0.235271
1.63523
1.45972
0.680532
1.04803
1.05906
0.5911
1.0074
1.99504
1.07188
1.72073
1.98654
0.350435
0.291968
1.87118
1.43208
0.762497
1.26433
0.499739
1.99727
0.126962
1.99344
1.98288
0.411863
1.73607
0.986706
1.05871
1.20433
1.9301
0.638179
1.78484
1.65766
0.645535
1.44889
0.547292
0.740411
1.60043
1.88855
1.97647
1.56337
0.350216
1.52919
0.98547
1.96246
0.23154
0.91499
1.18285
1.88701
0.210852
1.8765
0.803023
0.0965844
0.495194
0.779092
0.723757
0.600362
1.49447
0.967039
0.689316
1.88165
0.0465846
0.920612
1.51396
0.374096
0.159992
1.9224
1.62353
0.104347
0.0751663
1.97036
1.80842
0.274724
0.441997
1.80242
0.745175
0.298773
1.51735
1.08774
1.45952
1.48301
0.141681
0.00183403
1.68474
0.604973
1.58282
0.0345184
0.417639
0.0922186
1.93622
1.73733
0.884421
1.33337
0.353147
0.510319
1.97859
0.389377
1.44175
0.429928
1.41545
1.1572
0.802821
0.683647
0.801105
1.00736
0.366125
1.91509
0.815405
0.0182328
0.0560131
0.326189
1.23513
1.99373
0.202129
0.036914
1.89123
0.175916
0.372504
0.986785
1.96886
0.682137
1.25367
1.24705
1.99885
0.107299
1.84719
1.44586
1.55368
0.66842
1.85579
1.99211
0.356416
1.17271
0.101696
1.05041
1.25388
0.359192
1.62197
1.54654
0.539789
0.131547
1.42353
1.67045
1.13237
1.0485
0.123307
0.189041
0.585063
1.9577
0.452663
0.10888
0.957498
1.67884
0.277637
0.764364
0.235754
0.0701488
0.00916624
0.152807
0.000160336
0.59511
1.91357
0.866271
0.661543
0.871143
1.38453
0.536846
0.0255868
1.87968
0.0149531
1.72977
1.92757
1.74264
0.463607
0.618682
1.93321
1.47012
1.65938
1.27234
1.4883
1.64747
0.906796
0.494853
0.723567
0.621919
1.50392
0.580079
0.61189
1.70687
0.22541
0.0671412
0.775257
1.16786
1.95177
0.0576192
1.86096
0.128118
0.975208
0.878821
0.0589365
1.96367
0.876566
0.462975
1.08627
1.65708
1.62204
1.96045
0.893181
0.763934
1.75126
1.12239
0.227703
0.66443
1.94877
1.5433
1.1737
0.212492
1.11276
0.683982
0.546327
0.151213
0.519904
1.60489
0.260263
1.89366
1.14524
0.667939
1.32549
1.69237
1.85433
1.66183
1.52794
1.97387
0.937573
1.28071
0.615648
1.496
1.4844
1.15282
1.50934
0.751482
0.790876
0.164337
1.53345
1.92301
0.427344
0.358712
1.57073
1.84589
0.867368
1.94969
1.38178
0.641747
0.68296
0.172529
1.83833
1.23967
1.83105
0.287828
0.348505
0.0342323
1.30685
0.0286107
1.19195
0.18738
0.94348
1.85334
0.470799
1.48507
0.0649323
0.0455123
1.90785
1.55926
0.521289
0.253166
1.43498
0.671549
1.81117
1.19855
1.96414
0.492483
1.53593
1.1222
0.859697
0.712345
1.66395
0.520966
0.429501
0.108835
0.36854
1.86557
0.838892
0.652504
0.313065
0.67469
1.9183
0.702921
0.420126
1.53664
0.909046
1.52575
0.046629
1.47255
1.77278
0.316664
0.203695
1.32126
0.165227
1.85128
0.102008
0.736027
0.512141
0.621177
0.981024
0.286059
0.439109
1.09655
1.07602
1.91966
0.118121
1.77048
1.47302
0.219053
0.607688
1.78659
0.405735
1.28744
0.955043
1.11135
0.317875
1.91693
1.05317
1.81822
0.206162
0.223068
0.0123972
0.235255
1.42326
0.0910063
1.10523
0.652628
0.285027
0.261212
0.0174006
0.880137
0.0392622
1.97697
1.7776
0.513894
1.43979
0.192745
1.47976
0.865155
1.31674
0.00409341
1.65044
1.51274
0.0175201
0.0415112
1.94606
0.225492
1.5555
1.84408
1.05178
0.343537
0.595062
0.203745
1.97826
1.72258
0.451192
1.88036
0.402363
1.61945
1.27928
0.155156
1.49012
0.0628494
1.60435
1.51877
0.214373
1.31924
1.50513
0.956923
0.0540944
0.965059
0.341683
0.670652
0.25209
0.00646889
0.695084
1.96477
1.83384
1.38079
1.86102
0.515422
1.63704
1.72746
1.92708
0.916618
0.550797
0.0518475
0.576819
0.744561
0.745584
1.48345
0.558646
1.68713
1.92782
1.75439
0.542163
0.407987
1.86404
0.411642
1.4463
0.0326649
1.93716
1.86175
0.161709
0.89432
1.94905
1.51627
1.08674
0.615972
0.665035
0.987769
0.951993
1.97632
0.0425749
1.005
0.0452769
0.938587
0.313146
1.1048
0.270743
0.624218
0.940472
1.75977
1.81161
1.74592
1.5334
0.849089
1.29015
1.98911
0.116102
1.41868
1.97201
1.75992
1.5263
0.5915
0.132018
1.06711
1.49855
0.9504
1.02634
1.21399
0.520555
0.201883
0.888873
0.810686
0.39049
1.57533
0.353492
1.40588
1.8965
0.664649
0.290435
0.0429882
0.13122
0.194135
1.87686
0.367253
1.41806
1.45512
0.229543
0.613866
1.20252
1.06013
0.416525
1.61199
0.641731
0.251642
0.0513351
0.681216
0.996835
0.0224937
0.746977
0.358348
1.62224
0.645185
1.86383
0.342908
1.99649
0.171295
1.50743
1.9982
1.77797
0.0858753
0.543495
0.770934
1.50328
0.0325087
1.18686
0.0242695
0.275831
1.97365
1.71193
0.996337
0.926694
0.106217
1.29874
1.22549
1.84946
0.577945
0.635134
0.30602
1.96049
1.83526
0.0652664
0.401605
0.0536534
1.58221
1.44259
1.63261
1.39946
1.56897
0.695464
0.785467
0.307592
0.900206
1.22728
0.166333
0.74571
0.606949
0.87072
1.72158
0.298902
1.54922
1.00847
1.74972
0.0738965
1.45646
0.0230962
0.0316849
0.0038693
1.34108
1.74002
0.812233
0.492357
0.721003
0.118795
0.221518
1.92214
1.09962
0.539678
1.77593
0.64802
1.36154
1.69582
0.327274
0.567461
0.0288312
1.87257
0.928347
1.74388
0.00847638
0.160932
1.23677
0.762875
0.0607152
1.08035
0.187289
0.806152
1.04871
0.371415
1.35501
0.673203
1.76017
0.00624526
1.30505
1.67665
1.91
1.00677
1.78825
0.153236
1.82861
0.951766
1.11799
1.32195
0.912777
1.29673
0.799881
0.259284
1.61646
0.140938
0.334487
0.489015
1.51466
1.68442
0.649027
0.757576
0.258399
1.07959
1.73961
1.86295
0.0449454
0.128148
0.229999
1.1624
0.118014
0.290115
0.0103841
0.510175
1.10829
1.36458
1.25409
1.18167
1.84482
1.71608
0.411834
1.29753
1.85104
0.992189
0.872746
1.57319
1.63284
0.133018
1.62446
1.02304
1.10464
0.300526
0.455665
0.592852
0.414037
0.993238
0.231419
0.914645
1.32345
0.157357
0.135406
1.92356
1.1336
1.94618
0.417308
1.48275
1.9443
1.65626
0.612714
0.772618
1.99566
1.00859
0.439622
0.120273
0.749472
0.299799
1.46981
0.268934
0.517759
1.77706
0.614332
0.0388321
1.72416
1.05724
1.91924
0.87323
1.35053
1.19026
1.60632
1.50488
0.142793
1.53845
1.9808
0.650087
0.48925
1.26176
0.177637
0.0730222
1.14932
0.159032
0.372832
0.332243
1.12154
0.173318
1.98108
1.55643
0.923495
0.0441501
0.583232
0.214149
0.598096
0.85351
0.132122
1.82035
1.96768
0.0306828
1.34434
0.745577
0.880766
0.796641
1.02274
1.88202
0.0508372
0.364045
0.00243807
0.418699
1.85035
1.68128
1.30653
1.47234
0.154459
1.59034
1.71623
1.9131
0.263704
1.94799
0.263546
1.64358
0.971323
0.0509616
1.76061
0.239468
1.27331
1.69526
0.382289
0.606784
0.608979
0.0626079
0.733402
0.813726
0.212642
0.612875
0.97606
0.0553598
1.58824
0.894367
1.99206
0.138457
0.934159
0.701238
1.93488
1.88275
1.07982
1.48037
0.524109
1.81382
1.35583
0.915059
1.27619
0.332934
1.72373
1.10903
0.36317
1.89453
0.393655
0.35579
0.311473
0.258551
0.169468
0.467767
0.166398
0.222507
1.80823
1.7391
1.46773
1.74847
1.48604
1.89233
0.439308
1.70784
0.611173
0.631425
1.17082
0.302447
1.89891
0.284226
0.468063
1.79135
1.35182
1.26994
0.0890418
0.4669
0.0950103
1.95537
1.51993
1.25699
1.50819
1.08627
1.49409
0.445624
1.81242
0.243601
1.00058
0.260753
1.05777
0.212216
0.018609
0.0593662
1.32333
1.9124
0.782752
0.914733
1.8272
0.974135
0.928975
1.81375
1.12795
0.694192
0.0377154
1.32413
1.70156
1.46841
1.17797
1.94562
0.00124681
0.700438
1.05211
1.12062
0.379079
0.919129
0.751606
1.99844
0.210815
0.265912
0.868996
0.660625
1.79466
1.96889
1.40559
0.195441
0.670279
0.516233
0.548735
1.67525
0.141518
1.00877
1.53319
0.271884
0.96316
0.168895
0.0521271
0.845466
1.69882
0.60731
0.595397
1.48398
0.00585604
1.96015
1.51752
1.21787
0.770172
0.412241
1.27808
0.486542
0.869005
1.82649
1.77594
1.87468
0.72137
0.00894964
1.75298
0.942525
0.26443
1.88746
1.82064
1.32418
0.458668
0.253807
1.61461
0.730694
0.989731
1.12961
0.49416
0.901173
0.376027
0.606746
1.63346
0.521808
1.6717
0.0556835
1.3574
1.28233
0.872523
0.239861
0.547569
1.85858
1.82448
1.5604
0.0295786
1.8332
1.2041
1.84362
1.96422
0.541371
0.695923
0.305771
1.99157
0.43923
1.26067
0.336115
1.69068
1.65451
1.54387
1.58213
1.75956
0.86459
0.178252
0.567184
1.86794
0.164629
0.0470799
0.0177306
1.08573
0.0200452
1.48683
1.33733
0.102849
0.969957
1.40274
1.54413
1.10641
0.823495
1.84194
1.56857
0.967817
0.52542
1.9511
0.923216
0.70112
0.0556469
1.09986
0.988213
0.772843
0.0424712
0.504224
0.262495
1.35637
1.13969
1.28418
1.24233
1.00963
0.22897
1.23017
0.799855
1.13944
1.09812
1.51969
1.51039
0.967428
1.02711
1.92914
1.58214
0.719289
0.957042
1.16653
1.97714
1.73218
0.749112
0.213018
0.785153
0.166552
0.615411
1.92974
1.92381
1.60365
1.96621
0.265694
1.32035
0.193948
1.29259
1.12598
0.072425
0.146999
0.523392
0.0743994
1.07828
0.836751
1.91747
1.15414
1.64019
0.790511
1.98893
0.526388
0.173788
0.445189
1.03529
1.18704
1.23838
1.52501
1.97666
0.0179408
1.24881
1.99001
1.99077
1.00259
1.74065
1.75997
0.10042
0.100695
0.899423
1.46642
1.12918
1.8802
0.244502
1.91331
0.657325
1.70171
0.175739
0.080974
0.579751
1.63903
0.343685
0.265391
0.0182407
0.19961
0.409719
0.334397
0.2319
1.74011
0.189222
0.200031
0.00117898
0.0986341
0.88574
0.0841939
0.96957
1.95888
0.196679
0.769202
1.41907
1.93005
1.86594
1.70049
1.51008
1.64819
1.82328
1.81796
0.795408
0.733674
0.104308
0.28666
1.95839
1.37994
0.778553
1.04989
0.712198
1.63905
0.625351
1.77583
0.826166
1.77857
1.32219
0.561965
0.571322
1.49797
1.61412
1.38081
1.73196
0.0395808
0.496752
1.93395
0.729922
1.12656
0.447233
0.266769
0.130352
0.540305
0.0727798
0.793126
1.04003
1.89486
1.89795
0.656734
1.44362
0.423198
0.659581
1.26331
0.220883
0.416176
0.429403
0.813611
1.52233
0.240015
1.60014
0.308633
0.25099
0.76265
1.62356
0.486377
1.80705
0.632437
0.481237
0.920459
0.0705347
0.108668
0.859675
0.878058
0.108681
0.838039
0.69362
1.94478
0.751558
0.222404
0.387112
1.39443
0.894082
1.69257
0.81997
0.661174
0.483309
0.552425
0.852507
1.83
0.513852
0.491132
1.99199
0.116494
1.07097
1.75213
1.31214
1.59214
1.15598
0.222404
1.73387
0.711094
0.0898367
0.428143
0.395821
0.460024
1.21583
1.89687
0.560774
1.98187
1.92888
0.427913
1.83657
0.604353
1.8016
0.112581
0.928552
1.48109
1.28337
1.50659
1.98578
0.714183
1.63548
0.294736
0.243821
0.149648
0.0067544
1.86246
0.474656
0.992412
1.49328
0.262815
0.0728506
0.0677757
0.950309
1.42414
0.871863
1.83243
0.216063
1.77222
1.939
0.188063
1.02
0.348295
1.11891
1.82675
1.02576
1.79446
1.67557
0.068071
0.262438
1.89481
0.392698
1.1283
0.613959
1.00353
0.645128
0.752012
0.591715
0.875399
0.514097
1.95743
1.49801
1.68218
1.1233
0.0676823
0.782311
0.00957394
0.418691
0.47421
0.930726
1.13772
0.649786
0.0479916
0.683651
0.755967
1.01003
0.495183
1.27257
0.212779
1.03979
0.479008
0.568089
1.92907
1.88988
1.33614
0.0862061
0.530315
1.8159
1.78785
1.8435
0.719349
1.37075
0.854411
1.8009
1.55753
0.0518311
1.94617
1.74163
1.94546
0.852449
1.18433
0.0371336
0.863518
1.5035
0.156366
1.98849
1.37704
1.11794
0.0180324
0.289337
1.88743
1.8515
0.870451
0.155806
0.107754
1.867
1.86525
1.72217
0.304094
0.308021
1.42646
1.67145
1.17155
1.20625
1.53475
1.6396
0.670287
1.83943
1.65705
1.24576
0.794738
0.0888171
1.3333
1.84451
0.894678
1.21667
1.84263
0.370592
1.67976
1.21274
0.94103
1.22572
0.844266
1.80778
0.0305692
0.20398
1.79502
1.92461
1.63807
0.639089
0.880187
0.312249
1.95051
1.95939
0.280262
1.81886
0.949244
1.9941
1.35723
1.65588
1.6339
1.41727
1.20715
1.41584
0.10924
1.39544
1.27786
1.79044
0.588723
0.575766
1.60829
1.05141
0.994803
1.8167
0.028899
1.29503
1.37646
1.87025
1.42322
1.98189
1.80873
0.0620898
1.26134
1.70257
0.31866
0.723725
1.93426
0.420504
1.83497
1.65422
0.922957
1.86648
1.77264
1.31241
0.16322
1.9665
0.20427
0.877153
1.14876
0.115381
1.04315
1.97723
0.197967
0.186752
1.75326
0.145477
0.230404
1.79847
1.13184
1.82993
1.76274
1.323
1.65073
0.576638
1.98562
1.99515
1.47988
0.120693
1.27275
0.502558
1.9439
0.812963
1.74092
1.10796
0.406953
1.08383
1.91906
0.251991
0.933685
0.787449
0.561945
1.66186
1.49605
1.80249
1.88925
0.852296
1.94506
0.238226
0.823791
0.174701
1.95246
0.44026
0.991086
1.52775
0.115938
1.97728
1.43405
1.63076
0.842723
0.534916
1.13365
1.99861
1.25098
0.683566
0.0551174
0.130128
0.00750482
0.0245316
0.237658
0.453918
0.0637798
1.35248
0.361811
1.5427
1.77107
0.936625
1.35593
0.50048
0.535719
1.32332
0.780081
0.82803
0.150553
0.394804
1.1952
0.21207
1.18139
0.419924
1.25453
0.348074
1.67723
1.01459
0.79482
1.32289
1.59924
0.298372
0.220998
1.89272
0.639762
1.06671
0.037823
1.19689
1.75804
0.230183
1.63001
1.68103
0.936113
1.99661
0.0616014
0.0420988
0.0381577
1.86389
0.128643
1.48501
0.631966
0.878243
1.39669
0.41478
0.401768
1.25527
0.567721
1.62183
0.0172926
0.0380447
0.19551
0.998432
0.0881201
0.117879
1.94262
0.342867
0.668607
0.122495
1.74427
1.22314
0.785437
1.58127
1.64693
1.78312
1.09154
0.0447688
1.44771
1.87394
1.64757
1.98063
0.363891
1.9861
0.920302
0.095302
0.174847
0.515169
0.181107
0.967899
0.890236
0.699351
1.1801
1.29498
1.76274
0.225191
1.91765
1.18143
1.61986
0.75399
1.93939
1.20632
1.55613
1.69604
1.83859
1.49394
0.291133
1.60231
0.0106485
1.96545
1.46311
0.71298
1.04493
0.107453
0.695099
0.859204
1.24651
0.382822
1.91674
1.88499
1.70893
1.44708
1.7307
0.506086
0.24819
1.34426
0.396713
1.71176
0.896821
1.79227
1.62032
1.97344
0.0420918
0.277088
1.1741
1.11803
0.342382
0.355608
0.797324
0.629207
1.78939
0.853173
1.6783
0.183324
1.41876
1.81224
0.995566
0.993529
0.188807
1.53302
1.38987
1.0407
0.72374
1.07624
1.20524
1.60198
0.97472
1.35926
1.74477
1.36619
1.84368
0.551113
1.49726
1.94332
1.80919
1.72165
1.39523
0.027007
0.436186
0.10428
1.41987
0.00380147
0.311408
1.45851
0.925234
1.13103
1.08259
0.0427322
1.9644
1.03272
1.79951
0.148877
0.208838
0.211912
1.58064
1.66876
1.55325
0.0285562
1.96412
0.397318
0.213925
1.26663
1.75636
0.282997
1.4913
1.24187
0.159994
1.80388
0.43439
1.01646
0.943089
0.14228
0.946008
0.71474
1.30852
1.99654
1.97052
0.285181
0.332878
0.220915
0.722299
0.771396
1.47714
0.509024
0.277915
1.91165
0.173056
1.17991
1.3336
0.966327
0.410026
1.77171
1.67961
1.9074
0.84542
1.4407
0.0379843
1.0863
1.61573
0.356976
0.245837
1.49363
1.61981
1.64912
0.29993
1.3486
0.0472624
0.0279583
1.62939
0.847024
0.738377
0.665491
1.12205
1.89651
1.17707
0.128311
1.72642
0.116444
0.770909
1.93544
0.101448
1.47215
1.9291
1.15182
1.53391
0.031791
0.505585
0.491268
0.460066
1.12098
0.0238565
1.93148
0.103027
0.0660683
1.94965
0.737969
0.520204
1.72455
1.40611
1.73259
1.28354
0.928285
0.0478816
1.30541
1.04285
1.76417
1.00847
1.94542
1.20194
1.65749
0.00932074
1.98047
0.120557
1.71516
0.177309
1.18325
0.672682
0.112716
0.245796
1.35264
0.678939
0.543526
0.884966
1.26631
0.413148
0.942968
1.83966
1.68132
0.479654
0.720764
1.81061
0.0706488
0.551698
0.481013
1.93419
0.436379
0.042611
1.92377
1.80412
1.28182
0.633457
1.22908
1.95459
1.1619
1.34871
1.365
1.81149
0.919314
1.07895
1.43776
1.97982
0.00547862
1.74928
0.823113
0.170634
0.490814
0.317138
0.175158
1.21447
0.341132
0.897228
1.46921
1.98361
1.61719
1.27071
0.732176
1.57647
1.35391
0.586663
0.441972
0.958028
1.89364
1.57799
1.0088
1.67106
0.349232
0.499837
0.756386
0.185756
0.259976
1.88243
1.62222
1.76463
1.19142
1.9437
0.0719855
1.63018
0.0461662
1.87907
0.36217
0.453596
0.55743
1.37553
0.705947
1.95477
0.392973
1.5381
0.0134006
1.84366
1.56102
1.7848
1.23146
0.116726
0.683193
0.838878
1.29875
0.0606389
0.404549
1.7232
1.00598
1.39068
1.44931
1.03775
1.60878
1.35208
1.90926
1.48783
0.631856
1.87534
1.59279
0.818723
1.59394
0.0516334
0.992349
1.07073
1.77695
0.60073
0.0601093
0.0705909
0.0953864
1.58375
1.76299
1.77091
0.471951
1.36766
1.33981
0.042482
0.0214771
0.599364
0.825876
0.684522
0.0819123
0.18073
1.80406
0.197482
1.07222
1.26166
0.209159
1.64204
0.300662
0.625556
1.49545
1.92164
0.0352587
1.22987
1.82857
0.588123
1.15278
1.33041
0.421855
1.26208
1.06963
1.54842
1.34132
1.23144
1.84475
0.399641
0.793217
0.935157
0.0293657
1.63063
1.95105
1.6986
0.301849
0.769674
1.9853
0.86415
0.206901
0.309204
1.78526
0.785127
0.626485
0.378542
1.89643
0.510082
0.0522941
1.94354
1.82612
0.0208261
0.550964
1.62926
1.43116
0.401193
1.59984
1.61721
0.787889
1.53131
0.548129
0.854167
0.438576
1.53553
0.499748
0.508956
0.2111
1.21793
0.814876
0.0477179
0.578507
1.96529
1.41054
0.418486
1.51853
1.87243
1.84845
1.00849
0.336739
0.294679
1.95628
0.168525
0.179757
0.342931
1.8354
1.75409
0.663694
0.0970715
0.26637
0.147479
0.935018
1.6828
1.81817
1.42117
0.00549233
0.982397
1.25057
1.1448
0.815951
0.541972
0.289031
0.241638
1.18152
0.284004
1.14491
1.49418
1.67713
1.7505
0.793234
0.660233
0.938547
1.18521
0.545928
1.15032
0.306287
0.550399
0.468401
0.982024
0.190237
0.734795
1.86466
0.237561
0.976929
0.0147398
1.22572
0.104933
1.22933
1.51735
0.95536
1.54158
1.28474
0.588997
1.54166
0.678884
1.08307
1.01343
1.51276
0.0704738
0.346326
0.0753011
0.0661349
0.00572693
1.93487
1.29465
1.48444
0.718339
0.303347
1.59347
1.10305
1.89154
1.06328
1.71507
1.23094
0.426656
1.25375
0.167502
1.94119
1.91918
0.192022
0.00920439
0.75313
0.788642
1.85205
0.486652
1.77426
0.7016
1.54588
1.78857
0.513433
0.289527
1.70769
0.259849
1.16947
1.86044
0.484001
0.21139
0.484273
1.50424
0.247652
0.139259
0.271363
1.62602
1.36574
0.510058
0.977309
1.85342
0.0650685
1.78832
1.72217
0.495247
1.37356
0.278316
0.588438
1.48058
0.880937
0.961211
0.788023
1.65315
1.09651
1.44929
1.13482
1.25857
1.48599
0.377103
1.64584
1.91766
0.228012
1.12015
0.0341884
0.269405
1.39159
0.331828
0.0518646
1.27626
0.317779
0.621725
1.97384
0.178576
1.5482
0.72156
0.0131806
0.387074
1.9933
1.97279
1.98891
1.88239
1.51192
0.424761
1.89574
0.841238
0.32735
0.0927492
0.00537515
1.8757
0.757749
1.14775
1.50976
0.444839
1.33651
0.864525
0.0829867
0.251772
0.345862
0.0443916
0.95167
1.36115
0.547735
1.51185
1.66611
0.00285387
0.323511
0.126876
0.816393
1.69175
1.97047
0.485589
1.33431
0.0224441
0.722365
1.2255
1.75158
1.90711
1.99712
0.814903
1.88869
0.884995
1.36285
0.02063
1.42935
0.356753
0.947089
0.699592
1.10141
1.84694
0.551149
0.0875095
1.83513
0.657274
0.126486
1.89755
0.673035
1.40725
1.70428
0.736374
1.78968
0.420035
0.737962
1.17011
0.572571
1.37248
1.20004
1.99073
0.975714
0.358972
1.37688
0.995772
1.33754
1.81494
0.0279315
0.398439
1.92211
0.204913
1.1525
1.04342
0.321249
0.0435994
0.152722
1.55185
0.216975
1.92207
0.151549
1.01385
0.478321
1.42152
0.52795
0.0458078
0.813663
0.733877
1.07233
1.95777
1.97191
1.19984
1.1362
1.99244
1.74816
0.971566
1.6952
1.92637
0.442986
1.34605
0.0976673
0.103411
0.00342774
1.91641
1.81335
0.742605
0.147935
0.677964
1.90323
0.0898235
1.25717
1.68021
0.425514
1.12499
1.07255
0.0952698
0.0221789
0.156702
0.160063
1.99838
1.85043
0.775501
1.24626
0.534255
0.971056
0.216634
0.321819
0.504919
0.157007
0.757886
1.81545
1.31494
0.535329
1.09257
0.438611
0.98618
1.69022
1.88256
1.31818
1.86869
0.427545
1.6023
0.676593
1.09227
1.3116
1.50976
0.999655
0.226566
1.35723
1.91055
1.68996
1.94869
1.6383
0.601042
0.433604
0.551107
1.05356
1.11386
0.234943
1.55868
1.26477
0.273416
1.86182
1.34779
1.61001
1.18094
0.814688
0.380225
0.839065
0.133217
0.854996
0.503392
0.33288
1.76441
1.75023
1.52181
1.75584
0.724925
1.65754
0.226198
1.7305
1.75278
0.40142
1.71552
1.87134
1.98736
0.877797
1.0133
0.593102
0.246786
0.94166
0.8324
1.59209
0.480835
1.37604
1.77924
0.397812
1.94501
1.47188
1.11911
1.51242
1.88877
0.340852
0.731894
0.270517
1.83045
1.98059
0.906947
0.197583
0.653875
0.0876887
0.0396574
0.0958256
1.04406
1.73282
1.63759
1.75898
0.300409
1.04633
0.796643
0.0326756
0.251867
0.797045
0.0972576
0.409346
0.913446
1.67134
1.75014
1.98295
0.891196
0.366865
1.51882
0.257496
0.0742519
1.65727
0.986928
1.56537
0.800614
0.534228
0.351736
1.66266
0.563422
1.82807
0.179879
0.298308
1.93405
1.78468
0.159497
1.9449
0.104784
0.0590611
0.235798
1.93461
1.71114
0.855984
0.588955
0.995231
1.83707
0.148105
0.0500615
1.17007
0.0314336
1.88281
0.422009
1.70711
1.05858
1.62086
0.593879
1.8031
1.92245
1.89871
1.08814
1.53
1.97882
1.85489
1.82941
0.216694
0.0393047
0.893017
1.08151
0.514279
1.90763
1.20145
1.17744
1.87137
1.38499
1.60678
0.52237
1.4042
0.788407
1.82727
1.02505
0.0851139
1.722
1.46321
0.952536
1.97379
0.792829
1.63043
0.16525
0.352051
1.21497
0.167739
1.73418
0.0861546
1.65506
0.914742
0.46435
1.99063
1.07231
1.62977
1.97578
0.839852
1.29569
1.82889
0.30686
0.891301
0.158749
0.833087
1.12224
1.8573
1.80395
0.413014
1.04468
1.41829
0.721962
0.816633
0.973619
1.6799
1.2063
1.64872
1.10909
0.295599
0.50749
1.98601
0.268163
0.263331
1.7462
0.900379
1.18968
1.99949
0.22318
1.21297
1.99884
0.342307
0.468834
1.31725
1.71874
1.31932
1.71652
1.82804
0.256914
1.52212
1.05645
0.667713
1.98992
0.0296712
0.0828456
1.82575
1.28679
1.68909
0.480621
0.09226
1.08461
1.88135
1.06349
0.617745
0.308071
0.207371
0.0963356
1.58514
1.22469
1.57239
1.69674
0.539223
1.61634
1.10622
1.80176
1.47912
0.0869141
1.50043
1.81197
1.37828
1.60701
0.402968
0.806875
0.578173
1.73525
0.0150877
1.79497
0.361507
0.0697659
1.55998
1.98368
1.85226
0.638321
0.641978
0.604206
1.41136
0.874357
0.875823
1.57614
1.15498
1.25711
0.163982
0.478566
0.176492
1.68408
1.20735
0.250388
1.03864
0.240233
0.263991
1.67953
0.407552
1.20002
1.54791
1.81505
1.4757
0.109651
0.0330878
1.9363
1.64674
0.00952792
0.602956
1.85141
0.623134
0.594406
0.936156
1.95706
1.56013
0.0198249
0.0289395
0.114039
1.80625
0.064707
0.65856
0.420933
0.0271704
1.89983
0.383766
0.93899
1.11815
0.64862
0.921551
0.694208
0.463329
0.728329
1.01826
0.847402
1.44299
1.0599
0.404021
0.158897
0.24157
1.54218
0.589606
0.718465
1.91978
0.735843
0.0641812
1.18476
0.0293174
1.38869
0.506167
0.5932
1.88663
1.20112
1.73384
0.154721
1.21936
0.143097
0.202774
1.75475
0.00287795
1.34584
1.70314
0.601498
1.39377
1.86349
1.90907
0.676321
1.76909
1.89105
0.247932
1.86385
1.58027
0.705972
1.90481
1.54348
0.0866249
0.168758
1.43089
1.77555
1.44942
0.661327
0.794995
1.56718
0.126344
0.0752054
1.10324
0.322138
1.89484
0.829336
0.0573603
1.01467
0.932292
0.489201
1.22788
1.89852
1.89447
1.85748
1.68068
1.24728
0.242537
0.417733
1.29982
0.932134
0.192053
1.07833
0.0576503
1.93701
0.372413
1.21046
0.712777
1.17567
0.0323945
0.300329
0.201548
0.0739552
0.848087
0.142694
0.10047
1.98601
1.35031
0.260067
1.84873
0.909037
1.89676
1.25757
0.830618
0.198874
0.159395
1.86548
1.939
0.288686
0.338725
1.97519
1.93586
1.22841
0.638717
0.669808
1.31253
1.33194
0.136855
1.3346
1.13813
0.907198
0.460545
1.85051
0.142483
1.26777
0.0243757
0.491218
1.98322
0.395754
1.61567
1.89618
0.205388
1.12481
0.0826858
0.020137
1.57864
1.91906
0.821446
0.317662
0.109471
1.22698
1.89594
1.4337
0.262583
0.227601
1.74991
1.03467
0.861124
1.00092
0.970174
1.99681
0.154474
1.18788
1.83908
0.574287
0.38558
0.91462
1.60533
0.536101
0.834915
0.238812
0.0200475
1.84996
0.609882
1.67239
0.053634
1.79688
1.02584
1.45074
1.7351
1.64575
1.81046
0.434055
1.79137
1.47859
0.286305
0.141091
1.9592
0.0632566
1.51853
0.390648
1.87991
1.63792
0.157636
1.62977
0.195404
1.17232
1.78466
0.252906
1.10999
1.34675
1.56018
0.288318
1.33819
0.20517
0.149719
1.69049
1.75597
1.86622
1.18273
0.426473
0.404929
0.0843214
0.0171013
1.84176
1.35376
0.602256
0.114943
1.40724
1.48046
0.0839361
1.83414
0.589334
1.3426
1.16497
1.89668
1.23364
1.85297
0.0587009
1.96261
0.130461
0.983127
1.88572
1.29451
0.451115
1.24757
0.217657
0.742499
1.7483
0.861343
0.315448
0.967786
0.92612
0.206165
1.59188
1.63372
0.541855
0.890831
1.94934
0.0433091
1.9581
1.91152
0.938845
0.0251313
0.820409
0.121552
0.221459
1.8791
1.24599
0.164566
1.62632
1.07426
0.463629
1.09594
1.2276
1.27625
0.303202
0.762466
0.725406
0.0196296
1.24684
0.919251
0.984121
1.37163
0.169167
0.593116
0.692495
0.589001
1.97678
0.611462
1.26751
1.49991
0.664843
1.84131
1.5804
0.696667
1.29398
1.45433
1.10153
0.543112
0.338005
0.951256
1.56667
1.34773
0.689347
1.92526
1.75059
0.225626
1.03646
0.0345453
1.42957
1.84071
1.94773
0.550767
1.82143
0.982292
0.163324
1.74718
1.66476
1.88031
1.70798
0.000752568
0.507183
0.727396
1.44472
0.00782788
0.905417
1.15538
0.344921
0.350292
0.283747
1.70393
0.547591
1.34096
0.185254
1.24003
0.0339396
0.71373
0.0349236
0.0223824
0.187737
1.74275
1.46431
0.253227
1.09894
0.404015
1.69465
1.31217
1.24427
1.96814
0.99762
1.14157
0.181511
0.370967
1.79776
0.0423734
0.16142
1.32767
1.0083
0.493521
1.43118
0.178876
1.69527
0.665939
0.680257
0.356994
0.405648
1.08088
0.805104
1.77514
1.98394
0.922543
1.82071
0.514203
1.5354
0.229239
1.93756
1.61389
0.0269228
0.291237
1.15272
1.8879
1.27934
0.390988
1.45734
1.8508
1.95408
1.71455
1.20279
1.98889
1.82848
0.864276
0.486143
0.250469
0.886985
0.250354
0.937546
0.0932586
1.9086
1.81421
0.82132
1.0298
1.36043
1.4381
0.226799
0.228914
0.213048
0.363456
1.99173
1.43786
1.99416
1.94402
1.20615
1.41164
1.29848
1.52023
0.13209
1.89609
0.0286186
0.557122
1.58065
0.493778
1.74432
0.897435
0.899489
1.77271
1.67224
1.50824
1.68785
0.739596
1.78099
0.190022
1.37015
0.755616
0.0336308
1.99352
0.176432
0.1189
0.239176
1.44228
0.968263
0.0436842
0.934789
1.42647
0.50049
0.0827289
0.911266
0.695026
1.00905
1.22819
0.752544
1.86906
0.0684942
1.70068
1.94295
1.42355
1.56108
0.652063
0.0137795
1.25924
1.33405
1.48414
1.2575
0.381788
0.658991
1.95534
0.821088
1.88976
0.0120591
0.299885
1.93641
0.383141
0.724165
1.19165
0.663827
1.56812
1.12495
0.205354
1.98154
0.413525
0.821228
0.157133
0.23068
0.0258938
1.54429
0.377648
0.370034
1.30163
1.52421
0.235191
0.655466
0.617989
1.4902
0.948979
1.4549
1.7232
0.242927
0.27952
0.585663
0.958358
0.775155
0.155025
1.79046
0.584187
0.732209
1.86243
0.874837
1.89743
0.61826
0.632237
1.94019
1.87567
1.99413
1.79065
0.893541
0.665511
0.356599
0.738869
1.96794
0.321063
1.79363
1.79885
0.0398915
0.0734026
0.130927
1.48152
1.05604
0.566646
1.95814
1.45593
0.0181283
0.730673
1.30316
1.91391
0.237277
1.49828
1.77606
1.78174
1.75999
0.471763
0.516554
0.7278
1.79394
1.22661
0.689377
0.56955
1.39424
1.78444
0.0516669
0.688459
1.53074
1.85336
0.275823
1.39811
0.118304
0.386442
1.15291
0.935319
0.439454
0.458383
1.2942
1.16838
0.335875
0.226201
1.9358
0.665494
1.42883
1.84108
1.00903
1.77496
0.170069
1.50866
0.268033
0.354516
0.198475
1.54632
1.90708
1.86654
1.04568
0.0753517
0.168379
1.36515
0.597029
0.0169082
1.98706
0.260132
0.153463
0.48038
1.22958
1.39358
0.42205
0.221789
0.972214
0.0671577
0.601511
0.746601
1.88876
0.0364364
0.390888
0.0052582
0.504891
1.92225
0.0134096
1.81665
0.30251
1.89712
0.240558
0.189119
0.798414
0.58321
0.398175
1.2433
1.37658
1.8032
1.52305
1.76636
1.84548
1.36529
0.106746
1.73446
1.87452
0.367943
1.18469
0.809271
1.00613
1.91547
1.41653
1.43132
1.28663
0.603413
1.75809
0.688236
1.89832
0.037681
1.68298
0.81761
0.303542
1.85935
1.80524
1.29015
1.20537
0.140746
1.86264
1.99371
0.320096
1.01156
1.84889
1.90284
1.18016
1.63559
1.9567
0.36522
0.0991325
1.29218
0.699659
1.81097
1.09186
1.72528
1.99033
1.12083
0.306319
1.60823
0.365265
0.959656
1.22909
1.9507
1.43781
0.0292491
0.0609895
0.0351691
0.362099
1.9185
1.88814
1.35399
0.0506146
0.918354
0.175706
0.258008
0.35776
1.0008
1.98954
0.0221404
0.135619
0.245905
1.1606
0.652907
1.89702
0.849335
0.680923
0.626293
0.874991
0.812454
1.97205
1.83993
0.202669
1.51772
1.46623
1.53484
0.247522
1.44588
1.8191
0.0227554
0.786938
1.86135
1.53269
1.18127
0.0070926
1.81591
0.328311
0.869558
1.05701
1.01263
1.08725
0.964048
1.28649
0.0755289
0.740867
1.33245
0.583451
1.79308
1.50228
1.4038
1.38637
0.199934
0.286494
1.90205
0.657723
1.42336
1.60222
0.48192
0.947932
0.453941
1.25664
0.839977
0.558121
0.895835
0.057001
0.601878
1.48612
0.0126985
1.97526
0.743008
0.773536
1.79724
0.182362
0.615009
0.430303
0.238584
0.800436
0.0283637
0.0997804
0.425018
1.68738
1.15419
0.397468
1.07471
0.138914
1.27871
0.139824
1.81464
0.174446
1.22255
1.5413
1.1603
0.502121
1.24424
0.499578
0.5263
1.16779
1.63197
0.891814
1.01651
0.657267
0.404385
0.403995
1.99719
1.99677
1.05186
0.997565
0.850003
1.52761
1.53151
0.287067
1.21735
1.28647
0.659432
0.215776
1.90386
1.50691
1.12328
1.37763
0.251526
1.86268
0.18974
0.578034
1.89826
1.73131
0.504715
1.82129
0.634191
0.0640246
1.96322
1.74733
1.83441
0.270777
1.27684
0.276207
1.44273
0.881208
0.0649179
1.9792
1.86051
0.906624
1.61787
1.02652
1.24029
1.64291
0.745447
0.628688
1.08702
1.43858
1.90374
0.662243
1.69568
1.42499
1.0273
0.340012
0.0504323
1.4348
1.7556
1.32005
0.942339
1.58049
0.229175
1.92137
0.386861
1.51143
0.0412983
1.64166
0.619322
0.168326
1.28869
0.130832
1.8904
1.41904
0.480669
0.685154
0.0109018
0.441149
1.16705
0.963409
1.19344
1.9565
0.20789
1.39244
0.602695
1.39543
0.889133
0.991583
1.94635
0.766761
0.536258
0.962032
0.515295
0.228139
1.21684
1.50836
1.74424
0.561374
1.50002
0.0381557
0.0274545
0.337572
0.431212
1.69461
0.265409
0.166189
1.64602
0.104398
0.271755
0.0645329
1.91211
1.03225
1.58784
1.27287
0.687024
1.05242
1.97762
0.0753461
0.0372025
1.59829
1.45137
1.81573
1.87061
1.08675
0.843635
0.282008
1.63668
0.874957
0.686367
1.47574
1.96276
1.95652
0.614154
1.59158
1.67784
0.878136
1.24095
0.477685
0.149576
1.44201
1.26063
1.71123
0.0599321
0.609686
0.162015
0.561697
0.320705
1.5404
1.4804
1.96673
0.293707
1.2521
1.80456
1.97561
1.51226
0.302159
1.08429
1.2799
0.0994315
1.92851
1.61758
0.0206537
0.166732
1.04363
0.110537
0.877875
0.226826
1.36772
1.67073
0.357701
0.154299
1.32405
1.90818
0.526578
0.219291
0.739626
1.89166
0.0806051
0.809189
0.557282
1.38725
1.20071
1.17362
1.89543
1.89118
1.2412
1.86273
0.911046
0.931251
0.189343
1.95865
0.494825
1.51833
0.0812405
0.374368
1.92218
0.230187
1.10996
1.04843
0.329926
1.50419
1.98808
0.21909
0.029254
0.0798659
0.825563
0.883247
0.870424
1.22387
1.08254
1.88223
1.35933
1.56605
0.36489
1.95848
0.501745
1.47629
0.318892
1.75326
0.546335
0.636928
0.344969
0.679594
0.374781
1.74142
0.966853
0.377042
1.76997
0.320786
1.89112
1.37517
1.20349
1.77068
0.148339
1.96906
1.6463
1.09756
0.0111018
1.60854
0.745367
0.333439
0.159937
1.24643
1.27348
1.84599
0.235278
1.64111
0.162104
1.17045
0.00399089
1.88273
1.52943
1.55749
0.378099
0.764176
1.72466
0.942237
0.329266
1.6561
1.34524
1.79371
0.366398
0.579437
0.13487
1.57834
0.593797
0.6191
1.7997
0.125775
1.75986
1.43868
1.80332
1.17297
1.33654
1.32661
1.72237
0.706307
0.648332
0.102066
1.99513
1.71303
1.26777
1.79193
1.38841
0.723718
1.84267
1.22979
0.25046
0.771761
1.08333
1.92793
1.61401
1.02355
1.43044
0.538926
1.85734
0.635856
0.739047
0.490595
0.147132
1.67631
1.61842
0.295126
0.938344
1.9434
1.11671
1.75891
0.201667
0.935412
0.62302
1.35862
1.29103
0.35002
1.97649
0.110561
0.632817
0.0322125
1.28448
0.483812
1.99581
1.08298
1.69126
0.880853
1.29707
0.747692
0.948171
0.553452
1.56234
1.79154
0.24934
0.115112
1.78216
1.997
1.51457
1.58654
0.0213457
1.70573
0.288829
1.91131
0.296924
0.759838
0.273597
0.52848
1.329
0.565598
0.830467
0.173842
1.46362
1.7838
0.484316
0.958026
1.35875
1.44283
1.6019
1.68289
0.0936265
1.16848
0.940506
1.88368
1.21398
0.34804
0.94911
0.586701
1.3098
0.439343
0.71219
1.35321
1.606
0.481492
1.90543
0.902307
1.13653
0.368887
0.266701
0.83675
1.39073
0.342298
0.927766
0.213676
1.8509
0.447129
1.09753
0.273049
0.0063777
1.51698
1.99328
0.591583
1.68262
1.80045
0.482657
1.77182
1.31919
1.95646
1.88357
1.77809
0.180872
1.11796
1.14099
1.08039
0.625412
1.731
1.82106
1.33803
0.0575048
1.15574
0.630068
1.51153
1.26034
0.822213
0.860546
1.58636
1.90584
1.54832
1.72227
0.084041
1.65083
0.0571578
0.924747
0.347445
1.49631
0.192904
1.50055
0.304121
1.19992
0.349727
0.120195
1.27665
1.02687
1.63485
0.542437
0.0513479
0.525394
0.778278
0.221011
1.91032
0.00557911
0.432783
0.784026
1.40736
0.0167568
0.638848
1.81168
1.56946
0.587006
1.74589
0.154312
0.421975
1.28904
0.228747
0.940321
1.49389
0.392974
0.658312
0.449364
1.4468
1.92391
0.22904
1.52875
0.390855
0.567462
1.15052
0.932527
0.234487
1.94914
0.460273
0.286268
0.356831
1.84145
0.895388
1.50311
0.63774
0.074731
0.748938
1.01448
0.330939
1.21746
1.84243
1.35538
1.81963
0.412246
0.333749
1.6928
0.5487
0.545022
1.23088
1.09279
1.80929
1.04213
0.426219
0.590442
1.17283
0.206447
0.0847168
0.0385263
0.583208
0.491802
1.38568
1.59889
1.3998
0.170274
0.611879
1.55262
1.0306
1.70706
0.561809
0.962386
0.228628
1.64865
0.81436
0.0722861
0.573927
0.86115
0.103087
1.12629
0.099287
1.90713
1.16906
0.0299462
0.145878
0.392754
0.565893
0.104869
0.361334
0.00109088
1.10945
1.98199
1.08733
1.34123
1.87562
0.84804
1.17151
0.30195
1.31193
1.60544
1.80425
0.368774
0.455142
1.08846
1.9323
0.143556
1.41828
0.164946
0.748186
1.39976
1.2931
0.0431918
0.0414251
1.34523
1.06345
0.66982
0.894641
1.99483
0.474449
1.55931
0.158411
1.50699
0.168754
0.60374
0.515761
0.244856
1.94861
0.83566
1.88271
1.97133
1.22474
0.0986792
0.189628
1.9785
1.93558
1.74313
1.16637
1.67867
0.660196
0.0267481
0.709118
1.08851
0.451122
1.03819
0.261892
1.92431
1.88629
0.18857
1.73371
0.34616
1.74904
1.27251
0.106168
0.542237
1.39552
0.243395
0.0219328
0.229947
1.311
0.111856
1.83053
1.11524
1.64376
0.659585
1.89445
0.759356
1.98085
0.72997
0.84563
0.0766196
1.96228
1.70928
0.810641
1.62275
1.0169
1.70669
1.04824
0.0267549
1.60442
1.10912
0.404551
0.548602
0.555587
0.540961
1.19369
1.53511
0.973567
0.902245
1.91905
1.8267
1.9239
0.796357
1.32445
0.175682
0.442723
1.97987
0.780624
0.271524
0.705075
1.10049
0.291481
0.0678676
0.873291
1.66521
1.22758
1.99434
0.66062
0.668427
1.82079
0.487755
0.238415
1.00897
1.60986
1.72268
0.566157
0.0349193
1.72985
0.218335
1.34462
1.94291
1.99962
0.235492
1.2987
0.0293479
0.885904
1.29065
0.900933
1.16965
0.991579
0.985861
1.01533
1.43094
0.683958
0.467599
1.27715
0.337087
1.59294
1.97336
1.85506
0.178849
0.256886
1.86046
1.23824
0.810364
1.72368
0.325214
0.394386
1.733
0.0937005
1.63987
1.86613
1.64706
0.433107
1.47499
0.16598
1.84895
1.34858
1.91523
1.01475
1.3932
1.99777
1.09486
0.329308
1.60539
1.50407
1.38927
1.56118
1.05984
0.339055
1.49743
0.0432291
1.59733
1.27024
1.15266
0.335514
1.96506
1.84193
1.10577
0.813474
1.20008
0.250293
1.73826
1.11941
1.02256
1.62861
0.775835
0.237342
0.951242
1.42989
0.589184
0.641382
1.77636
1.97459
1.68622
1.57626
1.99237
0.755183
1.96313
0.922634
1.63525
1.46228
1.30657
1.36733
1.61321
1.90477
1.83803
0.23589
0.726379
0.767598
0.413098
0.00149298
1.4876
0.930407
1.73233
1.95929
1.95285
1.87524
0.534801
1.95676
0.362456
1.76203
0.253786
0.299038
0.914829
0.754533
1.36289
0.987883
0.831856
0.114884
0.968242
0.353951
1.37756
1.9932
1.76219
1.90405
1.59549
0.512517
1.93865
1.67279
1.28233
1.61636
1.07311
0.324747
0.232425
0.614221
1.94548
0.672149
0.181848
1.05791
0.449781
0.307947
1.18956
1.69521
0.682844
0.150014
0.811847
1.87696
1.9411
1.43173
1.79718
0.313107
0.780985
0.031877
0.0706321
0.194754
1.27721
1.90919
1.93236
1.62043
0.938277
0.0272914
1.70233
0.469473
1.64833
1.1879
0.0772821
0.173769
0.0574275
0.291532
0.0363662
1.29067
1.50436
0.842308
0.0219897
1.98255
0.58125
1.31642
1.07653
1.09132
0.515877
1.87007
0.191232
0.651005
1.67077
1.8096
0.546075
1.88464
0.337367
0.329531
0.0146229
0.353637
1.44766
0.679787
1.94641
0.0701998
1.80063
1.77139
0.758351
1.09896
1.72124
0.00116789
1.97829
1.90043
0.807587
1.50305
1.55465
1.82231
1.66847
1.03582
1.89067
0.29209
0.873038
1.59474
1.27098
1.78234
0.134628
0.174399
0.347797
1.4773
1.0652
0.311114
0.101294
1.49052
1.00551
0.0143057
0.250352
1.55221
1.53036
0.202437
0.10619
1.65375
0.12958
1.12486
1.05533
0.268638
1.3121
1.71614
1.76419
1.34597
0.164346
1.82544
0.495945
1.83114
1.81274
0.390972
1.95369
0.028121
0.0964811
1.74996
0.658885
0.266456
0.644861
0.202637
1.31162
1.19721
0.532186
0.839696
1.9611
1.45073
0.0791656
1.68491
1.15121
1.06629
0.0332719
1.97576
0.292439
1.71556
0.160447
0.0224017
0.753979
1.63178
1.1487
0.52658
1.53246
1.2681
0.520206
1.41439
1.54047
1.86984
1.53302
1.52683
1.2265
1.42705
1.57458
0.943742
0.704259
1.32857
1.29283
0.311586
1.65583
0.0792532
1.24365
1.00406
1.66703
0.114335
0.798291
0.0732367
0.0658638
0.418847
1.95012
0.299048
0.0608959
0.686072
0.0851597
0.633611
0.731089
1.72383
0.232012
0.449678
0.54214
0.69551
1.42475
0.797885
1.73358
1.52493
1.49601
0.0583673
1.54473
1.80194
1.90601
0.140979
1.13607
0.319576
1.58599
0.0903289
1.93073
1.41682
1.95271
0.158501
0.885838
0.508641
0.357225
0.241531
0.327438
0.926732
0.87331
1.4381
1.76883
1.26999
0.282565
0.0378689
0.833243
1.93572
0.142135
1.8734
1.72229
0.992979
0.926252
0.723572
0.27941
1.3748
0.773281
0.0453577
0.54434
1.52828
0.996938
0.764539
1.45162
1.06042
1.27472
0.373967
1.59548
1.80719
0.454264
0.269356
0.26467
1.13433
1.64083
0.0587186
0.515566
0.294554
1.74577
1.56534
0.281514
0.406833
0.116248
0.107163
0.617495
0.244976
1.50384
0.962641
0.125708
1.57677
0.728464
1.86871
1.7912
0.950209
1.35993
1.12236
0.388121
1.72773
0.0390499
0.197895
1.03479
0.17238
0.77031
1.75118
0.627431
1.21004
0.690898
0.974999
0.163425
1.04209
0.0864792
1.19259
0.78154
1.48979
1.80351
0.488178
1.32614
1.20251
0.153
1.69271
1.84897
0.802292
1.46
1.85917
0.749092
1.50925
1.88572
0.0331795
0.0493912
0.825374
1.73533
0.362447
1.17502
0.0635009
0.113764
0.25267
0.598387
1.40523
1.47322
0.58107
0.168324
1.59581
1.88314
0.211098
0.908092
1.20759
0.741982
0.647179
1.045
0.0901061
0.291958
0.567742
0.334601
1.50971
1.94497
1.21012
0.584868
0.13513
0.273553
0.846495
0.967162
1.69648
0.886504
0.212757
1.76569
1.81207
1.01075
0.46738
1.22806
0.115403
1.51558
1.56444
1.61085
0.0915576
1.01286
1.67785
0.00820732
0.0912561
0.261325
1.85174
0.630524
1.87314
1.38385
1.42195
1.11182
1.87186
0.429786
1.90574
0.80383
1.17272
0.816575
0.328954
1.94413
0.263615
0.312346
0.513523
0.710682
1.46465
0.677026
1.90659
1.74095
0.840714
1.99764
0.718033
0.924159
1.35435
0.835919
1.84566
1.83544
1.94898
1.53943
0.230676
1.99246
1.85165
0.454498
1.68827
0.0793731
0.0354642
1.8093
1.19991
0.0207884
1.72112
1.92439
0.0211489
0.916906
0.664572
0.0755852
1.0048
1.97184
1.28984
1.40789
1.94246
1.23083
1.58264
0.861525
1.56312
1.892
1.35411
1.48608
0.709554
1.80893
1.34805
0.851119
0.900966
1.53797
0.272908
0.138975
1.33734
1.43488
1.80641
0.418216
1.53984
0.12528
0.305375
0.071565
0.671276
0.76994
1.56898
0.555134
0.335904
0.182608
1.28374
0.125655
1.78362
1.66326
0.144191
1.90318
0.941221
1.97865
0.720323
1.89803
0.983548
0.472872
0.185255
1.03427
1.01509
0.0490155
0.46917
1.89653
0.0605423
0.571193
0.814698
1.46929
0.148216
0.156506
0.276744
0.774386
0.22987
0.485433
0.438931
0.605941
1.95126
0.232546
0.275808
1.94521
0.50695
1.69567
0.148858
0.546696
0.918383
1.62848
1.37714
1.5138
1.298
1.72578
1.91383
0.204547
0.52224
1.70387
0.139234
1.96481
0.190664
1.61255
1.58236
1.90603
1.4863
0.178161
0.791332
0.442438
0.0737808
0.416808
1.51248
0.0835217
1.90876
0.728914
1.01467
0.986113
1.21843
1.79037
1.41256
0.90202
1.13488
1.27933
1.67773
1.70082
1.85672
0.0644109
0.165977
0.307218
0.548873
1.5479
1.07069
0.936189
1.46426
0.587016
1.25917
1.41456
0.876081
1.78845
0.0873646
0.654291
0.0169121
0.85981
1.72057
1.43193
0.92966
1.24505
1.99309
0.217506
0.195
0.123246
0.676394
0.296332
0.821338
0.0824474
0.09264
0.0551467
0.0422264
0.0843129
1.19701
0.00211811
0.454111
0.866035
1.39082
1.47156
1.96462
1.732
0.782365
0.266398
0.148495
1.94281
1.16259
1.85416
0.49116
1.73884
0.285158
1.69004
0.811721
0.848869
0.705598
0.03079
0.534876
1.78587
1.61238
1.57665
1.90529
1.05838
1.95787
1.38504
0.716653
1.40608
0.570701
0.830025
0.225263
0.663267
0.962563
0.744811
0.204344
1.39721
0.837439
0.152882
1.46642
0.236154
0.070045
0.19809
1.19259
0.926872
0.30468
0.0152054
0.63227
0.180617
0.859078
0.953279
0.230512
1.00393
0.677728
0.368901
1.95851
1.74204
1.21463
0.91937
0.313281
0.314818
1.68366
0.00151038
1.09223
1.05031
1.23156
1.8129
0.424319
1.73346
1.6577
1.81792
1.41774
1.56638
0.356864
1.3769
0.65192
1.15823
0.275378
1.33923
1.70867
0.495721
1.20804
0.111648
1.77082
0.32773
1.13276
0.482954
1.73699
1.07178
0.957948
0.612611
0.103538
1.93628
0.618433
0.603805
0.0629975
0.103327
1.35739
0.837898
0.596531
1.61679
1.39644
0.232148
1.8155
0.787367
1.24863
1.12863
0.571878
1.95459
0.777541
0.949364
0.394716
0.0468661
1.10248
1.93877
0.547912
0.812813
1.12171
0.928393
0.952385
1.01394
0.601174
1.42572
0.724539
1.32264
1.18839
0.912983
1.25231
1.7844
1.44252
1.91863
1.15244
0.561816
0.179249
0.884851
1.95819
0.164225
0.817644
1.04306
0.29234
1.50211
0.165203
1.37546
0.826025
0.697375
0.833855
0.266462
0.17641
1.80801
0.189641
1.58684
1.19418
0.882192
1.92086
0.66315
1.4317
1.0707
0.519889
0.91545
1.42492
0.979873
1.9269
1.21146
1.96047
0.745594
1.20204
0.127045
1.36821
1.73089
1.6372
0.947825
1.162
1.8654
1.33801
0.393109
1.97611
0.819575
1.09453
0.296973
0.405697
0.596928
1.78666
1.82221
1.54845
1.28017
1.04169
0.648815
1.20364
0.993406
1.25303
0.171265
1.86153
1.41887
0.108821
1.68168
0.178233
1.70423
0.0322187
0.739983
1.74647
0.496393
0.282809
1.1876
0.0633669
0.901138
0.0227282
0.5975
1.80254
1.36277
1.64679
0.0902295
1.95458
0.619701
1.62642
1.34186
0.959684
1.41264
0.313843
0.178967
0.0605615
0.285602
1.85535
0.616726
0.400061
0.027966
0.0936787
0.707658
1.64556
0.632126
1.77629
1.54949
0.787506
0.76571
1.3164
1.36134
0.608496
0.819696
1.08846
1.40054
1.1987
0.585797
1.23583
0.087975
0.368719
0.0482986
1.52852
1.36758
1.10108
0.343833
0.18551
0.978402
0.999362
0.806304
0.486685
1.83548
0.360323
1.87743
1.63409
0.0171593
0.645561
1.38113
1.45698
1.64656
0.0632252
1.69171
1.40355
1.99364
0.867805
1.6607
0.555643
0.642562
0.960252
0.574119
0.438586
1.61558
1.85464
1.56462
1.373
1.19138
0.899993
1.77458
0.101293
0.199649
1.11138
1.42088
0.0940634
1.11885
0.390699
1.66444
0.840632
1.33999
0.947146
0.435434
0.49719
1.34467
0.2462
1.10763
1.95213
0.165302
0.528795
0.469735
0.016574
0.549001
0.408879
1.09365
1.75158
0.324705
0.614697
0.44348
0.0990562
0.315208
1.47692
1.55424
1.53025
1.95483
1.94858
0.524508
0.895373
0.0969079
1.06312
0.492505
1.52729
0.44775
1.27559
1.86996
0.371062
0.412813
0.765892
1.89991
0.0507376
1.15518
0.345088
1.53266
0.930098
0.0783818
1.11845
1.49791
1.89959
0.101928
1.85917
1.86589
0.170922
1.31825
1.85192
1.9247
0.758644
0.488633
1.05893
0.696772
1.98828
0.690977
1.13093
0.437209
1.7901
1.5284
0.371119
0.252532
0.961488
0.567134
1.538
0.731681
1.10212
1.38917
1.56697
1.99897
1.67849
1.41371
1.31964
1.13472
1.88288
1.08406
0.566263
1.87185
0.656071
0.214987
1.97409
0.281951
1.90677
0.574656
1.18452
0.961842
1.1506
1.3286
1.57886
1.95969
1.86338
1.40602
0.879342
1.08014
1.88027
0.507039
0.841321
0.0114485
1.81304
1.03381
0.61551
0.913239
1.97508
0.211519
1.37028
0.29843
1.03583
1.88323
1.40136
0.627829
1.0706
1.87229
0.454911
0.287661
1.92013
1.94644
0.718575
0.594107
1.53705
1.4832
1.17003
0.0459045
0.430306
0.752477
0.424942
0.934477
0.0853635
0.258914
0.940762
1.80821
0.342531
1.19816
0.0867175
0.964508
1.63953
0.257564
0.303064
0.268923
1.29256
0.765683
1.96658
1.81432
1.60771
1.93036
0.319249
1.46797
1.47798
0.121937
0.124995
1.81188
1.0662
0.732275
1.44589
0.78521
0.720694
0.767717
0.700586
0.164289
0.922528
0.0814563
1.79014
1.17858
0.237151
0.982627
0.0303619
0.815085
0.347425
0.402212
0.0854483
1.88486
0.104747
1.5461
0.277239
0.509877
1.48642
1.79477
1.68012
1.09062
1.97984
1.4728
0.086906
1.44311
0.863988
1.47948
1.26287
0.287008
0.745994
0.00461364
1.77923
0.762469
1.06427
0.55009
1.46517
0.0491552
0.673539
0.0516073
1.25024
1.94818
0.0861051
1.88431
0.0378993
1.80575
1.94841
0.228077
0.184029
0.60014
0.83203
1.56988
0.190242
0.872424
1.04759
1.9966
1.5725
0.364795
0.467864
0.546085
0.350362
1.1684
0.78295
0.0617528
1.49184
1.86272
0.0849041
1.47706
0.892761
0.578365
1.96728
1.89897
0.887324
0.0537044
0.553716
0.179895
1.11146
1.96859
0.06459
1.08154
0.158154
1.72232
0.658241
1.85029
0.891893
0.312046
1.87908
0.247822
0.19964
0.0868006
0.196442
1.14037
1.16666
0.0590874
1.53289
0.973388
0.590661
0.0688295
0.0402707
0.13854
0.268213
1.28779
1.58797
0.183973
0.70657
0.328869
0.0111887
1.90942
0.06543
1.34892
0.203484
0.63967
0.505806
0.315478
0.0439954
1.72667
1.22267
1.71177
0.98334
1.66236
0.469641
0.646045
1.98507
0.629157
1.7477
0.170679
0.0999889
0.982552
0.665367
1.99708
1.05503
0.511982
1.40678
1.30094
0.388926
0.958402
0.876871
0.0625991
0.0586926
0.321448
0.781432
0.713498
0.13699
1.49508
1.24167
0.500625
0.819495
1.54348
0.204421
1.04333
1.70515
0.41013
0.943056
1.65142
0.357026
0.0246623
1.26275
1.20607
0.171491
0.923463
0.561076
1.64151
0.852763
1.9208
1.74539
1.27506
0.466567
0.230692
1.26627
1.46665
1.47321
1.11836
1.92732
0.488373
1.58147
1.19864
0.362157
0.247024
0.111673
1.55603
1.44041
0.854424
1.3944
1.48525
1.04495
0.312147
1.87132
1.50364
1.83543
1.04782
0.0175602
0.201564
0.58802
1.73385
0.114755
1.50018
1.48748
0.383588
1.07314
1.82955
0.273236
0.36259
1.37072
1.41493
0.11827
0.859928
1.40194
0.0209856
1.17494
1.08449
1.07741
0.24228
1.10012
0.843526
1.21358
1.25137
1.04215
0.290636
1.44602
0.178931
0.182809
0.286735
0.668174
0.119265
0.277933
0.777533
0.630153
1.85162
0.369407
1.69309
1.85905
1.86321
1.88958
0.151336
1.07456
1.69896
0.699433
0.149425
1.10188
1.2582
0.854378
0.806175
0.73492
0.188723
1.45608
1.08334
0.670986
0.120956
1.45055
1.65389
1.65877
1.94447
1.64089
1.80571
0.482982
0.0616556
0.33765
1.53483
0.045676
1.41771
1.53691
0.0180954
1.99253
0.13002
1.13155
0.397382
0.0442801
1.03041
1.75856
0.167762
0.182199
0.209062
0.306231
0.159424
1.22159
1.91848
1.06205
1.88198
0.672925
1.57527
1.86136
0.250602
1.99007
1.01693
0.114311
1.9756
0.16066
1.95655
0.753881
1.39306
1.15029
0.103921
0.0396575
0.0120444
1.9969
1.47571
0.141639
0.697324
1.97248
1.55003
1.86769
0.063954
0.796239
1.60202
0.285676
0.192012
1.69679
1.94349
1.00778
0.580619
1.94028
1.98866
1.67899
0.0661184
0.863395
0.790997
1.13912
0.838183
0.565031
1.58176
0.641649
0.684864
0.800586
1.12635
0.501991
1.81441
1.4078
0.879336
1.81426
1.77075
0.229516
0.462486
1.41974
0.302861
0.929779
0.0499878
1.21072
0.891809
1.98434
0.546588
0.373126
1.62062
0.97092
0.284479
1.86699
0.916882
1.05714
0.270258
1.62595
1.92179
1.3418
0.152575
1.93615
0.0779121
0.159362
1.00275
0.365098
1.70022
1.87172
0.211043
0.847687
0.374295
0.557032
0.0616677
1.73509
0.0712378
1.19788
1.98548
1.92831
0.104992
0.383727
0.772371
1.76907
0.128081
1.08183
1.97181
1.79998
1.87777
0.889005
1.70243
0.374543
1.95712
1.28366
1.01481
0.993738
0.692273
0.74066
1.02807
1.04504
1.22658
1.10781
1.60454
1.58794
1.52601
0.360504
0.898482
0.391442
1.03896
0.745885
1.33643
0.880414
1.40891
1.64625
1.21489
1.42423
0.363852
0.251241
1.77679
1.26301
1.52642
1.95258
0.287923
1.85755
1.99929
0.302622
1.93843
0.439088
1.1099
0.205024
0.962458
1.99245
0.0136169
0.0647416
0.482056
0.119653
0.381163
1.95904
1.97955
1.81998
0.907687
1.89562
1.32555
1.94776
0.678562
1.50775
0.178873
1.76577
0.111205
0.82368
0.409836
0.458051
1.54456
0.00618339
1.94224
0.0579782
1.25417
1.43001
0.414341
0.689402
0.460746
0.264189
0.592868
1.30961
0.108117
1.83258
0.350974
0.0734787
0.869324
0.0226574
0.125533
0.115853
0.49694
0.403049
0.0687906
0.434219
1.69449
1.41974
0.218705
0.237589
0.145075
1.59461
1.92181
0.824781
0.300662
1.12451
1.22839
0.403081
1.72999
1.09294
0.907591
0.869365
0.403583
1.89751
1.53389
1.45242
1.58377
1.73753
0.0763634
1.72208
1.66092
1.60056
0.110563
0.278364
0.173197
1.85674
1.79849
1.85113
0.441644
0.190536
1.85239
0.291278
1.57742
1.67288
0.349321
0.292775
0.611952
1.53581
0.51056
0.688454
1.3333
1.88531
1.90907
1.62086
0.263212
1.70683
0.863472
0.0868096
0.0818901
0.113713
1.20264
1.95318
0.212633
1.85378
0.755428
1.9683
1.18575
0.628307
1.97056
0.813079
1.92952
1.68456
0.139561
1.45711
0.219842
0.588759
0.0244235
1.35274
1.82495
0.48075
1.80153
1.87524
0.936345
0.217831
0.939686
0.47091
1.5855
0.48233
0.167158
1.72319
0.906022
1.35509
0.288408
0.184602
1.88425
1.26895
0.123335
1.82062
0.680065
1.15833
1.42425
1.88131
1.81774
1.67173
1.74669
1.47968
0.887362
0.711933
0.427701
1.43564
1.37858
1.06304
0.28904
0.144122
0.764492
1.16729
0.615638
0.609382
0.812547
1.69954
1.96546
1.99545
1.52687
1.82543
1.40963
0.132813
1.28107
0.842254
1.82026
0.0912254
0.50608
1.76197
0.882381
0.959988
0.175744
1.31234
1.95499
1.52707
0.202364
1.20693
1.58568
0.230176
0.0601507
0.721721
1.45667
0.636495
0.0690396
0.376224
1.69599
0.592846
0.13855
1.29321
1.13607
1.20184
0.171639
1.51281
1.36326
1.82819
0.809254
0.539354
1.13808
1.49817
0.189348
0.257972
1.21479
0.956536
1.93648
0.83016
1.71389
1.66668
1.73684
1.39451
0.0527325
0.441786
0.0222957
0.0132418
0.6609
0.64294
1.81092
0.799549
0.649295
1.86501
0.530408
0.0253638
0.369151
0.0361779
1.04875
0.457855
1.83212
0.413157
0.0549152
0.215546
1.0822
0.0252502
0.0938085
0.634786
1.60086
1.8119
1.20156
1.12391
1.46715
1.3033
1.76537
0.634178
1.97921
0.410097
1.84389
1.38639
1.58522
1.05924
1.83232
1.56801
0.809851
1.02803
1.78303
1.68789
1.82868
1.77643
0.110938
1.0879
0.342999
0.56725
1.12338
1.40378
1.16765
1.8857
0.707922
1.1333
0.0765539
0.453826
0.272717
0.352318
0.600828
0.683469
1.76502
1.53427
0.0851271
0.48043
0.196832
0.62471
1.87134
0.873564
1.16296
0.454751
0.125074
0.368944
1.61761
1.56236
0.633189
0.00845301
0.046043
0.301179
1.99543
0.82918
0.624534
1.68256
0.549841
0.433491
1.60136
1.58153
1.9948
0.290249
0.550139
0.353681
0.417877
1.40181
1.68265
0.700537
1.88455
1.88273
1.06287
0.442207
0.940862
0.412218
0.910612
0.701415
1.62254
0.295565
1.43315
0.0260565
1.9594
0.80696
0.328915
1.09651
0.953274
1.87531
1.79459
1.20329
0.0555733
0.0243951
1.55701
1.33606
1.26039
1.16244
0.99206
1.7281
1.90779
1.84569
0.454423
1.92712
0.740463
1.82961
1.68285
1.23518
1.76842
1.98182
0.516116
0.47017
0.670824
1.83203
0.628333
0.603325
1.73416
0.548843
1.96088
1.91526
1.33111
1.77792
0.545081
0.379857
0.254327
1.16076
1.4262
0.357352
1.54503
0.234794
1.244
0.192293
1.35138
0.354454
0.724522
0.513122
0.51712
0.141575
0.330573
1.27549
0.0856346
1.23248
0.54914
1.09957
1.98726
1.5024
1.18101
0.11652
1.4287
0.262086
1.84994
1.29577
0.395638
1.28592
0.74178
0.58608
0.108283
1.00616
1.90476
1.25256
0.191924
1.96434
1.55714
0.0201737
0.798984
0.115628
0.591011
1.55976
0.112419
0.461031
1.86327
0.840568
1.44375
1.05263
1.47227
1.99072
0.520535
1.5901
0.323203
1.92043
0.611111
1.77046
1.25307
0.909991
1.47145
0.314893
1.41147
0.00570095
1.37238
0.536841
0.249922
1.99864
0.100188
0.453307
0.704893
1.8638
0.623442
0.262673
1.07375
0.653761
1.45543
0.223265
1.97665
1.53642
0.704981
0.109387
0.264597
1.70523
1.76042
0.24807
0.983545
1.90073
0.340534
0.423025
0.97006
1.62004
1.94021
1.12769
0.732807
1.39801
0.547523
0.907715
1.29046
1.20449
0.0360947
0.162322
0.212438
1.19947
0.978583
1.97251
1.71426
1.52582
1.91053
1.60526
1.63139
0.187404
1.40431
0.338882
0.0585248
1.50091
1.29076
1.77508
1.75329
1.021
1.569
1.62787
1.7392
1.91338
1.99164
1.91593
1.21281
1.5819
0.985878
0.248409
1.66968
1.8916
0.129182
1.67275
0.0301698
1.54797
1.34279
0.040483
1.40003
1.68863
0.798993
0.289674
1.88546
1.83863
0.886814
1.86392
1.53474
1.16134
0.277625
0.787028
1.49526
1.4356
0.575631
1.39255
1.98244
0.0381867
1.00211
0.402649
1.03419
1.58834
0.0204179
0.509334
0.120586
0.168005
0.266412
1.59819
0.502622
1.38663
0.0889748
1.24688
0.852588
1.04869
1.91632
1.99935
1.58717
0.0103525
0.237897
1.5123
0.180694
1.58809
1.9037
0.465513
1.65133
0.585765
0.845138
1.63927
1.67076
1.60127
1.72246
1.96767
0.189555
0.00555706
0.545279
1.18717
1.5263
1.1094
1.63727
1.65304
0.718414
0.360199
0.631029
0.950671
0.74492
1.62793
1.6739
1.62241
1.20962
0.237009
0.00764942
1.96566
0.894885
0.295922
0.820547
0.28346
1.9514
1.4115
1.2345
0.120982
0.047962
1.77779
0.862189
0.885805
0.221487
1.88115
0.463537
0.154242
0.0119938
1.72213
0.730337
1.90522
1.66416
0.311581
1.90793
1.61289
1.01546
0.0429024
0.450138
0.789092
0.342812
1.5716
1.92298
1.9518
0.898582
1.05847
1.38188
0.381435
1.03274
1.58712
0.386602
0.13996
0.999121
1.02493
0.654703
0.392672
0.955914
1.11838
1.73827
1.09312
1.16685
1.06672
1.60714
1.21488
0.502823
0.560089
1.13932
1.69375
1.9731
0.827697
1.32475
0.367189
1.115
1.57222
1.94255
0.92873
0.517895
0.82583
1.66801
0.157977
1.06167
0.0896136
0.432466
0.400449
1.75793
0.56323
1.35973
1.58919
0.193234
0.295748
0.359564
0.0351043
0.983206
0.188017
1.25798
1.96786
0.803261
1.34937
0.489841
1.87908
0.514789
0.432728
1.00715
1.19326
1.45988
1.88524
1.33574
0.96334
0.0971292
0.378225
0.324246
0.372111
0.744379
0.85964
0.0428544
1.72163
1.05166
1.30316
0.449843
0.0864893
0.610646
1.52839
1.71332
0.038367
1.32636
1.99661
1.8833
1.37493
1.84414
0.683545
0.80063
1.85433
1.96393
1.37183
1.09511
0.619789
0.40336
0.276101
1.57031
0.837253
0.14116
0.283651
1.76833
1.54446
0.93839
0.0442317
0.808686
1.1583
1.27977
0.404787
1.57953
0.784355
0.719918
0.689016
1.80987
0.463261
0.217861
0.955724
1.287
1.74721
0.382013
0.749556
1.08601
1.362
0.0427079
1.63912
1.10032
0.149832
1.7356
1.00856
0.923255
0.044544
0.499613
0.366225
1.37003
0.656561
1.69069
0.871847
1.44633
0.310314
1.2388
1.24079
1.51142
1.77853
0.0554008
0.503937
1.44306
1.36494
1.5877
1.5374
1.09031
0.242925
0.541022
1.7862
1.6632
1.92942
0.664416
0.000966907
0.585453
1.22992
0.0841596
1.9321
1.40073
0.522857
0.0572442
0.27191
0.858177
1.87903
1.79512
1.79085
1.32991
0.203053
1.91832
1.86283
1.67905
1.85241
1.01335
0.11867
1.70196
0.281833
1.1067
0.334501
1.5075
1.08548
0.975618
0.131258
0.7191
0.566383
1.26383
0.399675
1.88513
1.49022
0.148233
0.708257
0.989821
1.33994
0.106817
1.56169
0.402461
1.28754
1.22195
0.23501
0.577304
0.643086
1.43896
0.88603
1.68262
1.56901
1.32667
1.54206
0.334152
1.03698
0.924385
0.629396
1.30831
1.77902
0.702425
0.939491
0.445735
1.64777
1.65867
1.07629
1.66536
0.230234
0.917119
0.491099
1.53194
1.01291
0.783507
1.60289
1.16495
1.02642
1.39248
0.943821
0.0612596
0.159677
0.971364
0.0526154
0.790973
0.142915
0.0207096
1.0543
0.719073
0.495711
1.37793
0.0872722
1.12634
1.3204
0.80551
1.46674
0.309379
0.412819
0.0749551
1.00882
0.52859
0.650682
1.90724
1.32591
0.367066
1.31296
0.756629
1.42167
0.769502
0.00556183
1.76437
1.89678
1.88433
1.84177
1.36091
1.88235
1.63932
1.64196
0.133098
1.77334
0.415761
1.80743
0.0833232
1.56325
1.81682
1.93302
1.69501
0.434592
1.78605
0.551421
0.506331
0.593665
1.96501
1.76898
0.00860739
0.0847114
0.00616384
0.0559716
0.42048
1.2004
1.03327
0.740857
1.25553
0.569444
0.0566562
0.957305
1.32556
1.82081
1.41019
0.651172
0.156102
0.619676
1.71563
1.48261
0.42174
1.99147
0.3978
1.38242
1.88267
0.633756
0.249851
1.73689
1.07521
0.080489
0.815751
0.572804
0.429144
1.77546
0.434627
0.236044
0.437086
0.520451
0.215283
1.73486
0.0864378
1.67532
1.76025
1.49593
0.0529945
1.86114
0.0318444
1.57777
0.00119996
1.68597
0.237584
1.78459
1.99957
1.24405
1.42478
0.787026
1.7978
1.66125
0.0760829
1.52867
1.32131
0.857709
1.09838
1.15623
1.36023
1.48625
1.22336
0.598344
0.960978
0.171782
0.836241
1.97375
1.40551
1.9309
1.84438
1.90999
0.989865
1.21776
0.203746
0.667173
0.109968
1.38117
1.06023
0.463757
0.463991
0.297812
1.66355
0.574756
1.4261
0.454423
0.885428
0.74649
0.216091
0.692452
1.98617
0.500365
1.33659
1.86703
0.909802
0.131976
0.148382
1.93869
1.83134
1.35201
1.36464
1.9938
1.64909
1.44993
0.34268
1.25657
0.908374
0.372698
1.1073
1.81621
0.952075
0.696647
0.365735
0.140123
1.82719
0.0823355
0.251466
0.559644
1.07823
0.118463
1.46515
0.0531433
1.4087
1.89473
1.28487
0.657974
0.561776
1.97406
0.415006
1.83713
1.64572
0.26205
0.347437
0.638234
1.9469
1.06666
1.8066
0.314555
1.89228
1.75047
1.51205
0.174741
0.111676
1.91509
1.01309
1.08206
0.990905
0.729507
0.489295
1.79316
1.51802
1.42877
1.23085
1.59792
0.464396
1.27448
0.145122
0.930096
0.709827
0.542223
1.90915
1.6028
1.17419
0.858299
0.0412858
0.48242
0.273543
1.57091
1.59678
1.57682
1.61666
1.37675
1.50193
0.413921
0.256303
1.8148
1.22532
1.99996
0.680512
0.771538
0.553337
1.90107
0.409344
1.72305
1.18934
1.24209
1.98551
0.759119
0.00689685
1.87714
1.57527
1.81292
1.98638
1.82365
1.60639
1.04338
0.511335
1.73313
0.141766
1.94167
1.90444
1.08891
0.132941
1.27255
1.13754
0.802092
0.482897
0.346136
0.494148
0.0564649
0.717259
1.82462
0.352853
1.56304
0.89746
0.417734
1.58735
0.512264
0.0605448
0.0396982
1.18977
0.729971
1.77004
0.520232
0.120862
1.2867
0.633613
0.0243381
0.183425
0.766832
1.92374
0.15076
1.90516
0.145166
0.748092
0.78091
0.472016
0.155751
1.1396
0.0670041
0.293417
0.053324
1.87258
0.190975
1.6415
0.940827
1.6902
0.711694
0.626255
0.311477
1.04033
1.41403
1.26288
1.89409
1.5165
0.504442
1.96691
1.0676
1.03306
0.32139
1.91248
0.0174419
0.834068
1.87863
0.725581
1.30376
0.52749
0.0758995
0.110414
1.94008
0.163404
1.93542
1.54611
1.75594
0.40495
0.362961
1.94684
1.07254
0.058323
1.5407
0.17802
0.793469
0.175498
1.80576
0.0282667
0.130158
0.870213
0.584403
1.11983
1.97266
1.83819
0.727525
0.418361
1.79715
1.72688
0.60356
0.542285
1.91546
0.0602318
0.778972
0.814695
0.747106
1.26352
1.61536
1.05304
1.84083
1.47334
1.70029
1.35226
0.784408
0.420246
0.022373
1.09692
1.10361
0.809345
0.238517
1.37904
0.944805
0.669585
1.5726
0.527998
1.62372
1.99272
1.96722
0.51464
1.22484
1.91632
0.217298
0.600472
0.708461
0.301658
0.40897
1.35251
1.59637
0.407533
1.32659
0.648813
1.49281
1.54245
1.35233
1.79782
1.26201
0.269407
0.0313518
0.423709
0.300325
0.281221
1.89611
1.12678
0.772345
0.679866
1.52369
1.46188
1.51948
1.73067
1.74866
1.71908
1.98825
0.381736
0.65947
0.385834
1.72791
0.239742
1.50677
0.979992
1.16017
0.274473
1.0564
0.997033
1.72265
0.31331
1.64464
0.103862
0.508086
1.75293
1.37882
0.96641
0.0448763
0.595809
0.142524
1.72929
1.84167
1.88473
0.44594
1.50461
0.80129
1.6864
1.32825
1.99297
0.822826
1.99078
0.240753
0.0737489
1.46459
0.363006
1.45166
1.08951
1.34542
1.90416
1.17142
0.0802704
0.196411
1.97628
0.713674
0.270252
0.0858973
0.824141
0.12384
0.0523258
0.152839
1.01715
1.65062
0.205444
1.83328
0.95933
0.387558
0.935397
1.89665
1.60632
1.37734
1.93308
1.29958
1.40106
1.27683
0.457567
0.546082
0.654737
1.42316
1.8369
0.266628
0.698081
0.354022
1.52146
1.29909
0.297003
0.0136763
1.35524
0.957957
0.039058
0.689863
1.18001
0.189087
0.548803
0.210974
0.462302
1.60509
0.905322
1.9314
1.84601
1.6621
0.0709485
0.805392
0.388142
0.382142
1.05266
0.761838
0.322254
0.63761
1.67625
0.414263
0.582836
1.43563
0.438035
0.995061
0.292214
1.03975
0.77313
0.557459
0.758723
1.22959
1.33841
0.378441
0.398394
0.894063
0.310131
1.31365
0.714827
0.00470245
1.94421
0.677557
1.42736
1.16542
0.999576
1.4617
0.30325
0.362444
1.10709
0.690586
0.719392
1.98948
1.44726
1.43669
0.0464414
0.218879
1.49203
1.54651
1.01867
1.00569
1.07503
1.57305
0.96643
0.422929
1.83907
0.58339
1.76948
0.653661
0.0113881
1.97055
1.0021
1.38423
0.177188
1.86506
1.60525
0.754199
1.06031
0.159652
1.2136
1.54858
1.79705
0.12556
0.473298
1.48602
1.29833
0.648364
0.525898
1.33393
0.527261
1.95879
1.28543
0.251352
1.10643
0.912101
1.5263
1.89156
0.166712
0.524533
0.240804
1.3927
0.229223
1.78828
0.973409
0.480191
0.0330445
1.81594
0.806237
1.08954
1.93193
0.955017
1.76041
0.531562
0.913642
1.15495
1.79506
0.106589
0.168156
0.778102
0.252262
0.590099
0.036268
0.822355
1.69458
1.23029
1.20873
1.86755
1.89558
1.90581
0.0473295
1.41443
1.97853
0.561699
0.389614
0.441239
1.71839
0.0044241
0.390125
0.850638
0.528545
1.7406
1.23682
0.00444257
1.00677
0.46215
1.37221
0.0458685
1.05759
1.57065
0.0916262
0.0370739
0.46984
1.70339
0.209572
1.54489
1.84409
1.67769
0.192903
0.0559496
1.33589
1.50112
0.688636
0.955642
0.419891
0.760352
0.375506
0.287269
0.0576247
0.440824
0.613283
1.54761
0.513626
1.67438
0.30794
0.870122
0.411506
1.66738
1.76143
0.714433
1.15967
1.28172
1.84074
1.39169
0.311217
1.07459
0.330782
0.0797768
0.611249
0.0194218
1.48044
0.270781
0.145927
1.53061
0.839903
0.249926
0.61842
0.0396111
1.98603
0.864323
1.18331
1.13331
1.28114
0.00421977
1.50458
0.488271
1.85578
1.98708
0.698047
1.53777
1.08759
1.4506
0.464013
1.20235
0.252387
0.921991
0.590884
1.74032
1.737
1.43423
0.187467
1.0195
0.847564
0.748687
1.34907
0.128579
0.245474
1.8718
1.56276
0.31514
1.04815
1.33387
0.572846
1.44986
0.46139
0.309964
1.27911
1.67143
1.81144
0.309462
1.41557
1.86022
1.80972
0.0480119
0.962476
1.22491
1.70093
1.40791
1.33952
0.618646
0.652164
1.01287
1.13339
0.155528
0.246123
0.0282
0.243016
0.631542
1.58509
0.496339
1.43564
1.98768
0.545304
0.0449101
1.51521
0.121214
0.68189
1.38056
1.57032
1.84152
0.54171
0.24815
1.19562
1.11918
1.52986
0.0409722
1.14469
1.15592
1.48531
1.95426
1.3185
0.126294
1.21557
0.421933
1.48529
1.04614
0.4812
1.87994
1.38649
1.29652
1.01704
0.0614113
1.41947
0.587246
0.514858
1.98315
1.83152
1.75084
0.212276
0.907039
0.6701
1.07015
1.33676
0.30893
1.12465
1.84385
1.43028
0.788407
1.27743
1.0248
1.04573
1.27583
1.84855
1.62573
1.64964
1.04687
0.0360382
1.49864
0.378753
0.162063
0.264761
1.29742
0.240163
1.88333
1.1964
0.708408
1.83805
0.967529
0.213343
0.991253
0.550622
1.99564
0.856261
1.79238
1.85775
1.55112
0.0527327
1.71247
1.4887
0.85975
0.345665
1.09838
0.939941
1.89319
1.61255
1.09865
0.977934
1.47734
1.05469
0.703067
1.23924
0.900028
1.46792
1.32984
0.707981
1.76033
1.97092
1.24132
0.0795953
1.08386
0.136529
1.9918
1.6494
1.57691
0.674191
0.915869
1.509
0.796006
0.0253205
0.254198
1.90288
1.83311
1.52193
0.217718
0.500694
1.62829
0.785691
0.068825
1.77083
0.697011
0.510421
1.39895
0.129626
0.63975
1.15588
0.250441
0.886124
1.61606
0.920382
1.32188
1.09704
1.70087
0.0421653
0.0798328
1.98218
0.354309
1.53714
1.1004
0.965553
0.91123
1.62063
1.48508
1.7941
0.711175
1.4453
1.95577
0.106448
0.702769
0.320482
1.49754
0.44209
1.98357
1.72476
0.019496
1.72087
0.594554
1.39351
1.75415
1.81304
1.68584
1.74279
1.32425
0.448061
0.0497961
1.90295
0.777817
1.88787
1.99491
1.71246
0.119882
1.42443
0.962126
0.0149375
0.398461
0.494992
1.01265
1.38239
0.655937
1.96615
0.986721
1.3167
1.00488
0.275652
0.652696
0.541478
1.44643
1.74224
1.00214
1.91347
1.82872
1.84806
1.13715
0.776339
0.39241
0.470512
0.249124
1.01584
0.220143
1.26736
0.310591
0.79884
0.162536
1.40336
1.10379
0.441466
0.399986
1.38632
0.256243
0.10406
0.677615
0.94858
0.824434
0.588685
1.47489
0.46026
1.73686
0.751151
0.441728
1.40639
1.7832
1.49111
1.2021
1.32859
1.43977
0.261066
1.94496
1.87341
1.23711
1.28822
0.796222
0.135395
0.524569
1.90534
1.76505
0.852402
1.97522
0.225864
1.91307
1.73386
1.74789
0.529653
0.379529
0.598272
1.92329
0.517015
1.32636
0.304688
1.50663
1.45599
1.79771
0.99926
1.20548
1.94301
0.110148
1.90523
0.522624
0.109475
1.15905
0.408686
1.82958
1.06895
0.652729
0.149444
1.20382
0.182715
1.6854
1.82728
1.7189
0.824858
0.0144193
0.488895
0.742
1.18946
1.81315
0.454008
1.97031
1.24011
0.865458
1.78013
1.34569
1.88772
0.97248
1.83725
1.65061
0.900275
0.6451
1.48393
0.630184
0.0258125
0.175418
0.0147936
0.916085
1.44926
0.332454
1.93323
1.62266
1.2317
0.0890123
1.68423
1.30337
1.85671
1.09192
0.182647
0.223935
0.204521
1.93482
0.806339
0.777828
0.0644351
0.12693
1.79625
0.241123
0.356229
1.81821
1.38399
0.0684029
1.6271
1.29651
0.375076
1.57684
1.72494
0.86562
0.378797
0.21159
1.57542
1.98378
1.27108
0.462028
1.99006
0.631803
1.91682
0.20879
0.388087
1.20896
0.0908856
1.44591
0.458966
1.92171
0.212902
1.14676
0.00522244
1.66286
0.819745
0.260948
1.42944
1.98009
1.35634
1.7665
1.36205
1.16757
0.506294
1.81279
0.737741
1.38303
0.419159
1.76173
1.64141
0.527299
0.296428
1.54612
0.989213
1.89622
1.99605
0.0191882
0.327713
0.702902
0.0619642
0.151244
0.381342
0.697888
1.08374
1.01448
1.09959
1.06587
0.17068
0.889681
1.47234
0.184374
0.253393
1.12938
0.99129
0.969545
0.884744
1.92499
0.789974
0.559421
0.141865
1.77246
1.87935
1.96996
1.1307
1.43262
1.55384
0.0771145
0.150163
1.84613
1.26487
0.178361
0.821666
1.9473
1.2716
1.17719
0.894844
1.75328
1.58055
1.98084
0.757134
1.63073
1.0877
1.69518
0.502793
1.10521
1.00578
0.282666
0.984476
1.24401
0.948444
0.888171
0.87928
0.183192
1.36914
1.20316
1.28846
0.162
0.175848
1.73786
0.309998
0.719654
1.73183
0.382282
0.101854
0.0618185
0.858403
0.707066
0.784862
1.8669
1.30131
0.582389
0.589609
0.381395
1.7993
1.88171
0.138376
0.170228
0.859856
0.391387
1.83572
1.07119
0.969757
1.52197
0.198783
1.76371
0.500909
1.28832
0.53279
1.88973
1.96675
0.59842
1.62209
0.535316
0.441321
0.802073
1.66352
1.38284
1.75963
0.806646
1.71076
1.18786
0.152625
0.00301206
1.76759
0.104427
1.96905
1.9729
0.331171
0.424675
0.661769
0.460338
0.0544571
1.0932
0.693042
0.322527
1.92782
0.434046
0.684322
1.70636
1.67198
0.574816
0.868031
0.609484
1.86493
0.299408
0.166362
1.86345
0.713143
1.91124
0.195391
1.2469
1.8926
1.99807
0.372929
1.52361
0.685341
0.473477
1.44689
0.124251
1.88891
0.0548296
1.94194
0.2452
0.296962
1.63441
0.671051
0.00153697
1.80963
1.69466
1.90348
0.0517186
0.214774
1.44714
1.01361
0.244239
1.36816
0.219143
0.125646
0.384609
0.948533
1.90891
0.02323
0.0362072
1.57473
0.996927
0.0354956
0.270798
0.00766587
1.78309
1.84008
1.71773
1.33005
0.0924447
0.798556
1.93885
0.0377479
1.79454
1.65821
0.47152
1.54329
0.699843
0.736096
0.468705
0.596769
1.10875
0.139029
0.512841
0.34719
1.91927
1.3369
1.54443
0.352798
1.65356
1.91371
0.631589
1.52055
0.433883
0.602819
0.955281
0.581166
1.87379
1.28071
1.9726
0.334314
1.12729
0.93792
0.699007
1.7614
1.81763
0.645846
1.20776
0.174683
0.0860913
0.7472
1.93086
1.27727
0.684639
0.998448
1.12872
0.893719
0.0385067
0.0358491
1.9333
1.44444
1.27067
1.11062
1.31178
1.11856
1.4648
0.991865
1.58691
1.94148
1.60561
0.0716662
0.315966
1.5495
0.803184
0.106098
0.442716
1.17205
0.380491
1.88004
0.680825
0.475912
0.832662
1.85928
0.738045
0.876135
0.521966
0.320058
0.365819
1.63222
1.21794
0.548693
1.89627
0.359133
1.08135
1.86426
0.0262805
1.43176
0.0473768
0.182575
1.17673
1.1074
1.15855
0.273924
1.82926
1.44166
0.40987
1.22019
0.0316298
1.7924
0.852946
1.82846
1.10318
0.447411
1.34331
1.46891
0.860543
0.332035
0.0215567
1.23215
1.77246
0.384631
1.18483
1.7393
1.33823
0.73237
0.451428
1.93615
0.94292
0.742475
1.43707
1.76313
1.2248
1.86432
0.53108
1.58141
0.340903
1.33356
1.31879
1.14937
0.393414
1.20546
0.00474012
0.23938
0.761485
0.602872
0.0992081
1.16806
0.518683
0.784343
0.0425895
0.400466
1.83399
0.1996
0.802932
0.11154
1.9256
1.06572
1.91544
1.04494
0.784967
1.56295
1.71758
1.11401
0.350699
0.516585
1.85204
0.977225
0.0637569
0.240313
0.529087
1.18075
1.63849
0.20166
0.227827
1.73619
1.81872
1.28257
0.648981
0.14103
1.93101
0.908893
1.274
1.35163
0.0521353
0.753636
1.07733
0.816488
1.42003
1.08575
1.77367
1.6781
0.690269
0.748508
1.57446
1.26531
1.75664
1.03177
0.403651
1.87464
1.35072
1.11687
0.851081
0.868791
1.37687
1.44077
1.8183
1.02453
1.94465
0.00295472
0.328468
1.94293
0.0510387
0.785033
0.744726
1.94305
0.458951
1.99899
0.112681
0.441765
1.0058
1.96672
1.742
1.29618
1.71254
0.789861
1.48786
0.369577
1.69165
0.0255431
1.03219
1.14963
1.62542
0.18784
0.135623
0.778578
0.455369
1.9038
0.872653
1.72163
1.80371
1.36137
1.8661
0.315227
0.444625
0.960499
1.25602
1.47072
0.0351384
0.320251
1.62718
1.63836
0.228154
1.68305
0.0103899
1.98134
0.679615
0.378088
1.4332
0.796048
0.0318636
0.66822
1.66508
0.436783
1.83499
1.25425
1.98145
0.340905
1.01011
1.30729
0.175488
0.911944
0.0819236
0.304636
0.950808
0.285908
0.0758286
1.17326
0.17836
1.81996
1.39635
1.89014
0.477755
1.57788
0.746696
1.67392
1.65063
1.98917
1.99972
0.194521
0.129691
0.960815
1.4224
0.93338
1.96748
1.52418
1.48257
1.00965
1.39643
1.18786
1.7201
0.766188
0.894594
1.08695
0.268863
0.60782
1.71232
0.521762
1.606
1.92262
1.68072
0.411536
1.01339
1.89798
0.923177
1.3603
0.731421
1.86248
1.60663
0.718037
1.01215
1.69768
1.52371
1.64571
0.541217
1.91799
1.13741
1.02131
0.00307941
0.265709
0.0240244
0.113943
0.535873
0.619504
1.65956
1.27004
0.00707471
1.71892
1.98966
1.87828
0.00550878
0.61318
1.19945
1.5124
1.10401
0.148561
1.12175
0.162274
0.193618
0.481241
0.893158
1.66382
0.0662193
1.92607
1.94928
0.996977
1.89306
1.89747
0.298611
1.61717
0.408785
0.0504458
0.938938
1.74546
0.101779
1.94349
1.79144
1.927
0.11777
0.339194
0.00711274
0.859472
1.43611
1.65934
0.272619
1.17664
0.148956
0.0677272
0.332667
0.600672
0.0711485
1.72087
1.61608
0.0789547
0.180291
0.173617
0.160781
0.895476
1.8175
0.846449
1.86551
1.85157
0.985455
1.59499
0.271716
1.04614
1.08237
1.96596
1.57824
0.105432
0.936742
0.228646
1.38067
1.19213
1.86951
0.718722
0.185224
0.230341
1.62185
0.905509
1.11408
0.324201
1.56238
0.517481
0.172194
1.04275
1.08309
0.990777
0.974305
0.595707
0.437351
1.04921
0.567008
1.12255
0.967235
0.822275
0.665478
1.27335
1.11134
1.49181
0.782983
1.31332
1.4862
0.649475
1.70797
1.94493
1.17445
0.338526
1.16597
1.22867
0.482255
0.825383
1.78028
1.15733
1.73394
0.951524
0.0290513
1.881
0.885496
1.68863
0.517269
0.402531
0.951204
0.165859
0.480921
0.403541
1.78451
0.637386
0.649057
0.555738
0.778784
0.228572
0.673676
1.95294
1.6701
1.61247
0.596751
0.438604
1.43182
0.611492
0.741209
0.845086
1.07038
1.7737
0.743385
1.4186
1.77303
0.283858
0.84917
1.55856
0.21998
1.45193
0.448195
0.238119
1.14641
0.879189
1.34518
0.347785
0.526333
0.950028
1.96194
0.112033
1.9106
1.36691
0.02899
1.93964
0.570325
0.148039
0.24589
1.4413
1.45342
1.36273
0.633312
1.32201
1.59833
0.81185
0.477514
0.903892
1.60257
0.532742
0.182604
1.18463
1.42676
0.249981
0.036818
0.0677181
1.58073
1.96588
1.87595
1.13822
1.90748
1.01775
0.398555
1.02444
0.185644
0.622642
1.85646
1.9976
0.327172
0.0201977
1.99514
0.188258
1.81367
1.23032
1.84569
0.967239
0.477613
1.48688
1.79197
0.792595
1.48032
1.02488
0.294413
1.85414
1.75627
0.0333689
1.08157
0.437208
0.041334
1.58969
1.80495
1.12404
1.61552
0.00854921
1.48961
0.120025
0.10432
1.29499
0.888524
1.73228
0.619545
1.10822
1.0111
1.90026
0.590128
0.335979
0.0789739
1.37551
1.58323
0.800644
0.322185
1.73671
0.0160563
0.0691175
0.964923
0.110906
1.94469
1.79671
1.73628
0.536632
0.398394
0.00219917
0.145417
0.565469
1.05577
1.56029
1.98154
0.116054
0.839961
0.733539
1.21153
1.03586
1.28429
0.955404
0.640072
1.55199
1.10063
0.377051
0.680842
1.11333
1.91722
0.0915133
1.66614
0.617187
0.710233
1.77455
1.63304
1.94637
1.11521
1.94846
0.713159
1.37517
0.000654936
1.50489
1.77484
1.51983
0.20617
0.660074
1.82783
1.10274
0.307332
0.0831612
0.280573
0.0570059
0.419614
0.126376
0.0447876
0.0342104
0.542508
0.639048
1.21658
1.99651
0.0281188
0.460808
0.731042
1.98479
0.175463
0.820277
1.78413
1.92981
0.434915
1.84313
1.70359
0.148984
0.813831
1.93091
0.982913
1.96997
0.967565
0.669462
1.13357
0.688893
0.128462
1.17688
0.210016
1.33801
1.28551
0.201642
0.564052
0.494611
0.512717
1.8117
0.16322
0.096282
0.222891
1.15652
1.1006
1.26017
0.140753
0.828273
1.14616
0.0131618
1.96841
0.11325
1.97906
0.919704
0.0464895
0.344271
1.85815
0.460637
1.45694
1.12488
0.89818
0.149199
1.44821
1.91938
0.411267
0.289046
1.33988
0.27617
0.109069
0.0907253
1.83163
0.408931
1.9139
0.104624
0.359912
1.86647
0.448108
0.383216
1.10036
1.42258
1.25711
0.946898
0.0437868
0.0737758
1.58468
0.241418
0.608029
1.60303
0.0631922
0.113228
1.52784
0.900757
0.297821
0.0640593
0.0527635
1.94502
1.68673
1.63719
1.90437
0.995166
0.0112166
1.7395
1.51635
1.52591
1.34542
0.338715
0.350923
0.189904
1.23444
0.47402
1.39012
1.61629
0.258991
0.977315
1.18447
0.512001
1.07279
0.0969441
0.366876
1.40402
1.26614
0.728577
1.05026
0.850725
1.13588
1.6062
0.550474
1.09393
1.8239
0.855646
1.20846
0.989279
0.024398
1.7683
1.55903
1.31345
1.96968
0.364607
1.57459
0.951372
1.63897
1.79762
0.176323
1.87408
1.83232
0.639673
1.65543
1.5887
1.24175
0.422263
1.95309
0.369933
0.228076
0.683041
0.408806
1.13285
0.846755
1.54675
1.847
0.87855
0.211111
0.161773
1.1702
0.0524236
0.39768
1.97407
0.379737
1.67493
0.910673
0.664303
1.48561
0.0751287
0.684382
0.993509
1.03932
1.76318
1.04214
1.93416
0.95811
1.81181
0.037991
0.172678
1.26218
1.91064
1.09767
1.81696
0.650141
1.53982
0.0278608
1.74578
1.43129
0.872248
1.77881
0.228149
0.280778
0.0318369
1.76119
0.577542
0.00609434
1.88881
1.38084
0.0858223
0.3856
0.971466
0.990072
0.237419
0.94894
1.30518
1.66159
0.3102
1.01652
1.53287
0.912521
1.99982
1.90959
0.072542
0.687696
0.25306
1.21586
1.6343
0.369229
1.65464
0.0816667
1.86869
0.400487
0.778391
1.00662
1.36295
0.0478506
0.376802
1.9791
0.916875
0.703997
1.96301
1.24659
0.647504
1.48188
1.88975
0.0626212
1.90601
0.871453
0.914667
0.438556
0.997622
0.558035
1.80176
1.04843
0.0619328
0.11716
1.59215
1.94771
1.76636
1.91735
0.569579
1.61555
1.92571
1.55376
0.999999
0.0165259
0.103555
1.02152
0.0775934
1.98077
1.2717
1.0413
0.362886
0.136361
1.92864
1.14242
1.86249
1.35838
1.02035
0.942594
1.74254
1.8672
0.624794
0.923828
0.617957
0.524343
1.3862
1.32142
1.91161
0.942487
1.15655
1.94103
0.641112
0.311975
0.0108426
0.562807
1.97268
0.0131459
0.927833
1.65995
1.38424
0.395152
0.989731
0.850729
0.459732
1.80268
0.795757
1.45779
0.37282
0.737096
1.58584
1.9657
1.38071
1.99999
0.878871
0.270604
1.95666
1.67869
0.424542
0.0462468
1.00148
0.999207
0.107976
0.155261
1.52883
1.69655
1.05149
1.75832
0.133525
1.40798
0.996755
1.14042
0.654109
1.5747
1.85818
0.663403
0.939606
0.316319
1.78305
1.38752
1.32084
0.0544785
0.0774221
1.54631
1.45118
0.247957
1.53441
0.226644
0.746875
0.932664
1.63472
0.895237
0.184102
1.73949
0.761599
1.91365
1.53701
0.542903
0.479937
1.21084
0.0727694
0.327072
0.880224
0.526036
0.289268
0.386885
0.82802
1.09187
0.892041
1.10545
1.98872
1.40193
1.41487
0.639585
1.72085
1.79464
0.682746
1.92694
0.748904
1.23512
1.71034
1.92338
0.667275
0.346613
0.44715
1.36528
0.034081
1.24913
0.465376
0.966656
0.579555
0.44475
1.17306
1.77282
0.144675
0.0504436
0.121686
1.47344
0.414799
0.936386
0.29179
0.112414
1.31221
1.12513
1.94047
1.83332
1.95263
1.02088
0.619755
1.55828
1.95814
0.00149035
0.212351
1.83853
1.96843
1.06277
0.971097
0.198635
0.991296
1.30279
1.7608
0.102251
0.5989
1.83042
0.885149
1.6609
1.98018
1.01552
0.490391
0.87616
0.467975
1.56273
0.710208
1.62851
0.160326
0.886257
0.0448821
0.378284
0.24426
0.319308
0.747109
1.74008
0.873073
1.27382
0.377541
1.22563
0.0440478
0.771867
0.862203
1.97122
1.76125
0.425285
0.222432
1.50849
1.81812
0.485742
1.19276
1.43356
1.31021
0.0931599
1.94482
1.91222
1.90036
0.878029
1.95329
1.49563
1.84688
0.681098
1.6462
0.311017
0.308604
0.561155
1.1926
0.741632
1.16746
0.675268
0.16607
0.344675
1.72636
1.72601
1.30874
0.389438
0.0128101
0.202532
1.78712
0.551961
0.0461454
1.76376
0.163124
0.202475
0.194427
1.78291
0.0222515
0.0154995
0.0415502
1.79934
1.9884
1.87726
1.92194
0.988538
0.664231
0.365945
0.39067
1.91019
0.802825
0.920149
1.61925
0.0578853
0.0824484
1.88054
1.55091
1.92873
0.106478
0.0143516
1.5583
1.7587
0.077062
1.80002
1.13499
1.62018
0.427386
1.83881
0.350278
1.22998
0.188633
0.0817373
1.30792
1.01861
1.79848
1.38978
0.889899
1.88684
1.01657
1.44132
1.84332
1.97016
0.806171
0.776586
0.220796
0.563054
1.46187
1.85551
1.20197
0.0152069
0.59816
0.08559
1.28631
0.0935009
1.27642
1.40743
1.19253
1.43322
0.413433
1.21509
1.64634
0.138907
1.29376
0.236518
1.90637
0.727253
1.08179
1.95805
0.372808
0.481475
0.205087
0.0247957
1.27761
0.292769
0.163996
0.17189
1.15198
1.2657
1.35355
0.939211
0.704878
0.200398
1.04055
1.99141
1.41951
0.766804
1.52686
0.0469893
1.20509
1.91682
0.420034
0.378584
0.223766
1.09048
0.0745466
1.26062
0.741633
0.984183
0.309416
0.327747
0.157797
1.96476
0.651183
0.41952
1.63061
1.7818
1.24521
0.397378
0.685974
1.02018
1.40228
0.953926
1.01957
1.54348
0.0886995
1.91429
1.17659
1.30495
0.390676
0.0157591
0.397469
0.15853
1.80996
0.741484
1.45624
0.981598
0.231989
0.030795
1.33805
0.0623591
1.85459
0.782555
0.0196681
1.73349
1.14956
1.30393
1.41234
1.68313
0.555456
1.34026
0.574422
1.5407
0.0140741
1.6281
1.48146
0.771183
1.04477
0.340399
1.2166
0.899052
0.346327
1.32548
0.302911
0.10187
0.149322
1.48982
1.74275
1.13474
0.819347
1.95171
1.54215
1.79217
0.790405
1.29392
0.0124277
0.750767
1.14786
0.565668
1.51764
0.971465
0.404929
0.148324
1.50335
0.616835
0.0940008
1.37055
0.593547
0.367469
1.75511
0.23666
0.535237
1.73377
0.962624
0.644642
0.047232
0.878303
1.71162
0.0155494
1.5353
1.90864
1.85627
0.172363
0.433229
1.63567
1.95507
0.0902728
1.75248
0.833885
1.86601
0.498533
0.57008
0.0443052
0.345555
1.74497
0.246479
0.351863
0.54848
1.17408
0.141074
0.259175
1.03875
1.25881
1.22347
1.14485
1.92422
0.657769
0.783917
0.113792
1.99695
1.65584
0.555646
0.422031
0.930861
0.73851
0.977954
0.397195
0.919593
1.66463
1.75134
1.52783
0.55776
1.9016
1.2576
0.572809
0.21988
0.987893
1.93604
1.99184
1.36207
1.82146
0.808235
1.00941
0.124444
0.273345
1.3566
0.562903
1.28007
0.626953
0.548681
1.76067
1.9014
0.863656
1.85049
1.81785
0.482236
0.448321
1.56592
1.30673
1.84805
0.46399
0.42792
0.6223
0.768099
1.59988
1.1296
0.962556
1.07861
1.69196
1.34003
0.715088
0.518035
0.894108
0.32187
1.80998
0.454871
0.23711
1.67736
1.11139
1.5641
1.46749
1.3404
0.803594
0.606701
1.95238
0.610114
0.123538
1.0167
0.987752
1.852
0.485076
0.566334
0.853203
1.68857
0.0717603
0.0453879
1.92814
0.0980618
0.861882
1.89425
0.970127
1.70543
0.752508
1.43207
0.180508
0.275096
1.13874
1.33358
0.630858
0.125868
0.0654591
1.53111
1.75492
0.981699
0.154964
0.226449
0.319155
0.857182
0.104317
0.619481
0.0940517
1.81055
1.31539
0.163072
1.69927
1.90273
0.307901
0.625769
1.89454
1.31085
0.0788413
1.01693
0.12404
1.60496
1.86395
0.116132
0.182456
1.94501
1.75696
1.53898
1.03202
1.82632
0.042627
1.55063
0.391181
0.0584606
0.0900983
1.00518
0.648169
1.91403
1.09878
1.37719
1.89154
1.02333
1.86678
1.14349
0.482289
0.338892
1.0102
1.85149
1.36307
0.303819
0.633646
1.32837
1.68107
0.456274
0.217761
1.73448
1.61334
1.19031
1.89822
0.0118058
1.98202
0.170526
0.195424
1.73719
0.938589
0.0486469
1.84298
1.86117
0.803426
0.784704
0.283534
0.665696
1.63302
1.58339
1.19136
1.93149
0.969509
0.0469319
1.81986
0.036185
1.98563
0.385024
1.82086
1.23603
0.682632
0.563644
1.68986
0.139192
0.255345
1.82828
0.359527
0.341432
0.63831
1.0833
1.72933
0.913451
0.399605
0.155298
0.108499
0.614175
0.550315
0.273563
1.92972
0.908064
0.111919
0.836238
1.41435
0.482152
0.0210719
1.92052
0.717307
1.91373
1.27519
1.67173
1.23205
0.751574
1.11663
0.905707
0.0188222
1.82934
1.42769
0.685968
1.96392
0.801818
0.488698
0.0406526
1.96833
0.0115409
1.87178
1.11715
0.141189
0.028194
0.651564
0.314246
1.44254
1.24575
0.357514
0.78778
0.677927
0.735272
0.378038
1.77649
0.513421
1.30548
1.24853
0.918804
0.604388
1.32698
0.923463
0.420138
0.033655
1.65657
0.279003
0.102718
1.68157
0.422487
0.139121
1.06274
1.47915
0.51309
1.00151
0.00788045
0.456012
1.85132
1.97543
0.433309
0.699586
0.172817
1.37049
0.381909
1.1013
0.24951
1.84866
1.29826
0.427727
0.321304
0.148448
0.837832
1.6929
1.69271
0.394133
0.0279399
1.89153
1.33368
0.0499728
1.98882
0.710312
1.53537
0.327351
1.91474
0.791049
1.84964
0.0042671
1.49567
1.76389
1.53229
1.78028
1.34915
0.0405176
1.01587
1.71037
0.714998
0.14175
1.17479
0.925095
0.779933
1.63905
0.58803
0.412528
1.67071
1.90337
0.219827
0.210465
0.148273
1.02143
1.22625
0.92641
0.986737
1.35646
0.15251
0.376604
0.38924
1.43355
1.64069
1.9114
0.593513
0.0137368
0.414421
1.34446
1.22704
1.69903
0.0111974
1.60606
1.09315
0.512012
0.261491
1.53422
1.0164
0.927102
0.657916
1.96554
0.063572
1.92493
1.0036
1.25621
0.841916
1.54024
1.18839
0.0898092
0.759963
1.56256
0.602749
1.1931
1.70516
0.345417
0.809995
0.161705
1.68
0.51049
1.47514
0.295043
1.17179
1.26685
1.99202
1.22887
1.18075
1.94834
1.96387
0.199706
1.59225
0.220255
1.75735
0.886525
1.52361
0.54858
1.83836
1.27668
0.87842
1.74842
0.202892
1.89133
0.260735
1.80442
1.21401
1.85803
1.03724
1.71724
0.508176
1.92411
1.60083
0.0829467
1.51411
0.0155821
0.425588
1.47502
1.72884
1.15893
0.212724
0.945511
0.520692
0.927609
0.151935
0.802796
1.90779
1.31065
1.65274
1.57738
1.89604
1.53648
0.809268
0.538863
0.771457
0.172818
1.35192
1.45668
0.753238
1.68216
1.83881
1.96366
0.0889052
0.356338
1.86182
1.47732
0.871545
0.210775
0.029223
0.230415
1.81404
0.343039
0.104266
1.45387
0.235751
1.06834
0.94969
1.96029
0.274834
0.545696
1.17377
1.49362
0.389524
1.60433
1.09215
1.14998
0.722333
1.16404
0.426278
1.97688
1.97412
1.73656
1.93586
1.65188
0.277203
1.15664
0.920362
0.332081
0.756781
1.54967
1.97588
1.52107
0.137594
0.206125
0.740004
1.21787
0.766607
1.32569
1.55986
0.112733
1.20242
0.368787
1.95064
1.65725
1.89776
0.0948726
1.91168
1.61944
1.04558
0.056044
0.697794
1.79779
0.260042
0.97222
0.751493
1.62448
0.442638
1.90663
1.13874
1.18816
0.180643
1.82141
0.39684
0.0343956
1.96504
0.297266
1.08892
1.42993
1.89312
0.370229
1.90259
1.55794
0.352249
1.24029
0.143599
0.335124
0.0771585
0.0875155
1.00033
0.0974265
0.058031
1.0303
0.614791
1.29812
0.807947
0.826203
1.28014
1.34314
0.525789
1.09513
1.70048
1.31747
1.96743
0.818692
0.722295
1.87943
0.184648
1.95733
0.46757
1.93463
0.424185
1.12368
1.92525
1.23092
1.11116
0.5603
0.230689
0.143706
0.402823
0.748397
0.0704041
1.08039
1.8359
0.963572
0.232003
1.57413
1.99998
0.74331
0.224876
0.634097
1.85382
1.97375
0.675969
1.6373
0.294383
0.165673
0.860131
0.397228
1.03317
0.603013
1.56751
1.38542
1.72326
1.82078
1.33699
0.102866
0.475188
1.78352
0.52858
1.6056
0.809543
1.51136
1.1854
1.75908
0.133402
0.856014
0.698926
1.15223
1.96153
0.920514
0.119686
1.48948
1.89314
0.0775977
1.96379
0.337617
1.78061
1.79696
1.67691
1.63836
0.419137
0.661132
0.770868
0.0787698
1.38682
1.78658
0.850427
1.75176
0.680305
1.65733
1.59376
0.899475
1.03695
1.0614
1.85534
0.470984
1.68709
0.430409
0.00944412
1.20396
1.53603
1.77589
1.69075
1.32867
0.72649
1.98112
0.43764
1.20275
1.74776
1.80259
0.117233
1.37638
1.61703
1.19152
0.0900871
0.711685
0.315833
1.77618
0.42212
1.55307
0.207169
1.61952
1.03457
0.133105
1.18978
0.757579
0.652547
0.877959
1.7591
0.35439
0.559166
1.89344
1.43221
1.83756
1.79554
0.912466
1.88117
1.14294
0.470745
0.146782
0.563878
0.669137
0.354591
1.77584
1.88055
0.32211
1.89847
0.698667
0.892377
0.282901
1.62166
0.0194303
0.631614
0.212379
1.3222
0.812162
0.0787057
0.847827
1.07653
1.98892
1.70225
0.549279
1.84483
0.258761
0.0106965
1.87538
1.96963
0.840887
0.151446
0.0611842
1.67993
0.140597
0.094249
1.52098
0.617808
0.839232
1.35448
0.192664
1.97121
0.827226
0.969566
0.294559
1.20829
0.322716
1.42033
1.00171
0.0478394
1.16692
0.821087
1.21818
0.36436
0.212215
1.58982
0.978933
0.923975
0.0831517
0.868475
0.546499
1.83601
0.100414
0.493477
1.4944
1.07553
1.85274
1.47428
1.39264
0.562711
1.7588
1.01685
1.33849
0.607062
1.39981
1.97728
1.67844
1.41249
0.942231
0.164015
1.95218
1.46337
1.06871
1.912
0.0615304
1.93571
0.847066
0.141736
1.42803
0.421325
1.51006
0.672813
0.693192
1.56012
1.57977
1.64896
0.25536
1.69113
1.32023
0.447824
1.69112
0.0442879
1.83151
0.23732
1.06722
0.624622
0.321883
0.532915
1.76373
1.21948
0.83934
0.344309
1.01679
0.883081
0.25717
0.684762
1.95895
1.95601
0.187458
0.801879
0.295023
0.921617
1.79861
1.06094
1.73559
1.6581
0.742134
0.0668495
0.849096
0.705798
0.0495249
0.895257
1.34356
0.256494
0.417643
1.79708
1.72665
0.231849
1.25141
0.825127
0.232796
0.226034
1.57542
1.92914
0.549402
1.26921
0.494399
1.39957
1.09373
0.146451
1.72277
1.88232
1.76304
0.289099
1.58046
0.666219
0.650795
1.60372
1.05007
1.82474
0.443145
0.431004
1.7292
1.97551
1.47892
0.343678
1.07138
1.44214
0.24366
1.98861
1.75388
0.724924
1.29055
1.90175
0.0155407
1.86038
0.33086
0.64803
1.17492
0.282994
0.15689
0.562832
1.35253
0.636087
1.49396
1.29928
0.293424
1.24659
0.297311
1.73905
1.67062
0.446388
1.93631
1.39966
0.651735
1.18855
0.0995253
0.124129
1.53045
1.45671
0.807388
0.174963
1.48376
0.624381
0.499826
1.89667
0.242493
0.840453
0.57472
0.482242
0.233732
0.692089
1.73356
0.477746
1.54642
0.572789
1.64018
1.53981
0.0083499
0.585326
0.372708
0.262148
0.179802
1.8178
1.58559
1.0101
0.354213
1.97078
1.0348
1.43076
1.95809
0.525939
1.07647
1.97084
0.601765
0.9707
0.421634
0.0329554
1.95045
0.538496
1.08832
1.47043
0.143389
1.721
0.385008
1.57103
1.13676
0.743322
0.734897
0.766697
0.0694606
0.210427
0.609927
0.465033
0.14075
0.32415
0.403329
1.69905
1.25378
0.77776
1.31842
1.65106
0.00479746
1.02186
1.31245
1.45705
1.81041
1.98504
1.88973
0.617197
0.598407
1.48078
0.284511
1.15603
0.26772
1.82795
1.45169
0.773672
1.71976
0.679184
0.10774
1.05087
1.73065
1.64229
0.702484
1.24381
1.2212
0.184549
1.91369
1.63983
0.0311935
1.9102
1.08039
1.18892
1.80342
0.641065
0.0775762
1.66431
1.84677
0.667489
0.120689
1.83266
0.476569
0.035338
1.36858
0.395677
0.962895
1.94778
0.254265
0.121292
0.0869573
0.932425
0.161295
0.265077
0.703988
0.0987632
1.91495
1.25366
1.77702
1.9142
0.74809
1.38721
1.94401
0.472608
1.75963
0.847351
1.92682
0.563483
0.896505
0.0786086
1.69598
1.18151
1.8164
0.0140492
1.00401
1.95496
0.123933
0.681459
1.87403
0.478402
0.189011
1.07369
0.634243
1.83343
1.20848
0.736538
1.91437
0.68593
1.82163
1.99871
1.66133
1.95419
0.464888
0.774151
1.00523
1.80824
0.0752854
0.773604
0.498023
1.70933
0.609556
1.93118
1.62734
1.73093
0.0366427
0.159914
0.840104
0.381871
1.23332
0.550668
0.0907233
0.0765889
1.69286
1.41468
0.565255
0.919032
1.26556
1.95306
1.74195
0.748696
1.66128
1.60985
0.639632
1.64303
0.217245
0.0808778
0.395556
1.87543
0.378694
0.132398
0.978025
1.92575
1.01036
0.570086
0.000836968
0.549431
1.01871
1.62836
1.96593
0.536552
0.232755
1.86336
0.96722
1.97512
1.17996
0.216571
0.244091
1.50731
1.35241
0.253524
1.92827
1.17863
1.81958
1.95889
1.41011
0.24403
1.1374
0.561748
0.794354
0.799466
1.94253
0.25536
1.92375
1.24609
0.312729
1.35576
0.109951
0.49715
0.151549
0.65231
1.98488
1.88066
1.11003
0.857731
0.904355
1.9448
1.92866
1.2271
0.985777
1.95519
0.931951
1.02433
0.0407809
1.56585
0.650461
0.221136
1.14063
1.47948
0.171932
0.165388
1.57242
1.82376
0.139484
1.20171
0.0894901
0.196094
1.78939
0.221866
1.88468
0.958363
0.558738
1.92759
0.205881
1.57057
0.785393
0.166773
0.71478
0.499144
0.838811
0.606634
1.23292
1.43266
1.63261
0.331114
0.49139
0.551085
1.84005
1.78234
0.550632
1.84044
0.160344
0.365998
0.559838
1.34984
0.409226
1.73468
0.319917
1.79073
0.428766
0.366745
1.48036
0.399789
1.99211
1.69285
1.82093
0.897322
0.384726
0.203831
0.0779933
0.449266
0.455047
0.0221484
1.54804
0.780831
1.97227
0.993163
0.433924
1.96487
0.853325
1.96434
1.94329
0.783655
0.328828
1.14509
1.98171
1.52026
1.41964
0.538804
0.935095
1.13682
0.306671
1.98716
0.160646
0.204913
1.23934
0.621598
1.10314
0.970379
1.77002
1.91822
0.748085
1.03882
0.416101
1.72831
0.796676
0.742834
1.37843
1.85087
1.47474
0.0199575
1.93839
0.825044
0.861449
0.0953726
1.58436
1.78997
0.235942
0.831002
1.84559
0.377282
1.78846
1.73254
0.987771
1.70167
0.860859
0.942247
0.914965
0.481895
0.998713
1.60285
0.258717
0.0330194
0.685943
1.90723
1.04841
1.40476
0.913779
0.902319
1.44035
0.0665878
1.70695
0.945582
1.67686
0.776835
1.1387
0.24176
1.83713
0.251819
0.440165
0.501014
0.549251
1.58318
0.320361
1.14071
0.00321269
0.411613
1.26404
0.692182
0.270774
1.40995
0.293689
1.39369
1.96813
0.0157626
0.696504
0.698948
0.949552
1.69302
0.380111
0.0786366
0.159081
1.96374
0.186373
0.291086
1.11709
0.0375304
0.690233
1.87124
1.39579
1.15786
0.645924
0.368853
0.11638
0.54665
1.8902
0.549923
1.63774
0.322636
1.64314
0.766765
1.50447
0.621153
0.0619105
0.988557
0.157004
1.68298
0.663535
0.20306
0.254403
0.742903
1.60926
1.50149
1.80338
0.021358
1.97828
0.906808
0.170945
1.41036
1.71018
1.88807
0.107944
1.19677
0.310645
1.87038
0.178114
0.859508
0.55259
0.00756335
0.179838
0.599705
1.99416
0.234213
0.778516
1.65055
1.09189
1.61017
1.20831
0.198315
0.420737
1.04803
1.93241
0.180566
0.670769
0.0143445
0.301425
1.64792
0.0601898
1.90318
1.58848
0.0609225
0.535023
0.72963
1.29886
0.702171
0.0817647
1.09524
0.580333
1.78221
1.1731
1.23817
0.718024
1.91772
1.55449
1.39458
1.54591
0.912806
1.1241
1.07231
0.270836
1.16757
0.420159
0.658788
1.63008
0.543396
1.15622
1.57314
1.14026
1.60623
1.1297
1.38676
1.84864
0.403886
0.0801443
1.21539
0.7078
1.412
0.519926
0.449667
0.50577
1.66999
1.83727
0.593643
1.70804
0.170405
1.44327
1.69252
1.17008
1.60548
1.13477
0.350975
1.98103
1.70244
1.28931
1.87372
1.69444
1.56287
1.09869
0.864022
0.597986
1.42697
1.22073
1.95384
0.0575876
1.8152
0.424866
0.775287
0.598384
0.55709
0.94248
0.306514
0.904413
1.05872
1.31489
1.41442
1.98913
0.491224
1.59821
0.748772
0.170351
1.05537
1.90211
0.402759
0.09597
0.760171
0.358011
1.50787
1.89712
0.978144
1.06529
0.983407
1.6144
0.451739
1.20728
1.81893
0.0805749
1.45364
0.550154
1.67492
1.18849
1.69237
1.0452
0.0911812
1.89344
0.745699
1.59425
1.10283
1.87598
1.53753
0.260474
0.881772
1.77637
1.78122
1.97335
0.481073
0.220441
0.145209
1.62399
1.80106
1.81752
0.151309
0.585177
0.644786
0.445462
1.49931
1.97368
1.29951
1.17889
1.87233
1.83039
0.980669
0.2559
0.179226
0.0917777
0.0692854
1.49055
0.703578
1.74788
0.333665
1.17279
0.957087
1.61081
0.379244
1.66217
0.0295295
1.46265
0.420061
0.404823
1.02576
1.9023
0.937356
0.040661
1.23131
1.69554
1.82303
0.217854
0.947028
0.190945
0.50481
1.03773
1.78343
0.45962
0.0439909
0.798805
0.101266
0.119098
0.556893
0.39648
1.57475
0.434065
0.0470843
0.791715
0.0383466
1.79726
1.93025
0.957634
1.8957
0.742311
1.9808
0.0863708
1.85157
0.320836
0.0732031
0.701784
1.58935
0.125973
0.746305
1.52848
0.0160698
0.205061
0.415492
0.607718
1.86975
0.753515
1.67931
0.101836
0.245383
0.26983
1.77148
0.028644
1.92664
0.629108
1.7531
1.88379
1.41191
1.79596
0.918322
1.97148
0.256039
0.811706
0.805259
0.87705
0.854155
1.5371
0.380868
0.239666
0.651498
0.188997
1.45569
0.394858
1.6758
1.63626
0.0959414
0.963731
1.53085
0.0165038
0.429407
0.666227
0.0784867
1.29249
1.13054
1.55858
0.853007
1.04727
1.54276
1.18016
1.74069
0.529181
0.895299
1.45342
1.94527
0.513035
1.98933
1.84489
0.44996
0.592332
0.314535
1.06539
0.874917
1.52034
0.241776
0.0473742
0.913215
0.15021
0.236277
0.511607
1.96295
1.99245
0.989289
1.48457
0.854966
0.293075
0.621616
0.018079
1.86931
0.773246
0.194414
0.547168
1.43722
0.755745
0.203365
0.724328
0.865859
1.20295
1.67921
0.732358
0.87853
1.09075
1.4529
1.323
1.04539
0.525911
0.134745
1.10773
0.868627
0.119178
0.690098
1.51661
0.16375
1.67198
1.70787
0.490285
0.00974572
0.486829
0.469524
1.57845
0.177219
0.464697
0.547232
0.115672
1.15913
0.491023
1.54373
0.954658
0.583291
0.0871804
1.97891
1.80007
0.101441
1.65783
1.36704
0.752367
0.221741
1.5975
1.94161
1.12142
0.271353
1.32118
1.47071
1.75929
0.81553
0.849792
1.74126
0.973397
0.691378
0.930128
1.80535
1.39385
0.555014
1.22558
0.531669
1.38213
0.462696
0.242573
0.772018
1.48996
0.0694213
0.222627
0.623998
1.8084
1.60355
1.35923
1.61634
0.158442
1.2488
0.870275
0.281154
0.196991
0.906263
0.231616
1.80389
0.588174
0.756016
0.552752
1.88615
0.0385387
0.879071
1.29488
0.807023
1.23093
0.155508
0.227719
0.134304
0.800234
0.148643
0.255602
1.74779
0.581568
1.74
1.46176
0.011616
0.565056
0.182966
0.0487251
0.160331
1.91963
1.86361
1.73549
1.45694
0.747617
1.91894
1.07405
1.40705
1.32354
0.418969
1.78903
1.78893
1.93672
0.34779
0.145627
1.84128
1.64106
0.0278019
0.614136
0.487959
1.68888
1.42575
0.0341326
0.908506
0.365016
0.566896
0.0854639
1.79068
0.123956
1.76387
1.21699
1.08378
1.83103
1.95691
0.59582
0.0894808
0.117324
0.602695
1.34425
1.7669
1.87314
0.115831
0.378168
0.63906
0.436592
1.02524
1.81277
1.40876
1.71717
1.78781
0.245724
1.19257
0.704122
1.60408
0.446364
0.495028
1.13717
0.128271
1.73054
0.550283
0.289499
0.496051
1.9248
1.69546
0.282115
0.0203325
0.508979
1.82914
0.596072
0.15942
1.86434
1.95388
0.142623
1.27277
0.413073
1.44899
1.23498
1.7488
1.96568
0.955878
1.7442
0.789749
1.66888
1.52752
1.75151
1.68063
1.07516
0.861294
0.0215299
1.01357
0.467881
0.886776
0.610422
1.90573
1.19568
0.330307
1.41392
0.423152
0.593577
0.862967
0.868276
1.21117
0.953432
0.349884
0.263951
1.79558
0.467873
1.92036
0.0210848
0.773125
1.11974
0.374959
1.26486
1.35932
1.53168
0.250073
1.85276
0.509973
1.57986
1.66586
0.714867
1.36189
0.609448
0.68851
0.405734
1.12796
0.314946
1.67735
0.331548
1.85021
1.22389
0.428777
0.413657
0.758541
0.305291
0.926051
0.123757
1.96225
1.17633
0.772765
0.33535
0.346782
0.134346
0.023126
1.92576
0.525117
0.206088
0.271485
1.09983
1.79392
1.4559
1.90709
1.56167
0.676619
1.0113
1.9634
1.84285
0.937253
1.74015
1.44157
0.00923002
1.25477
1.61214
1.332
1.0751
0.905519
0.943501
1.17708
1.79722
0.961316
1.03671
0.0633241
1.40814
1.91869
0.258637
1.76416
0.310345
0.916665
0.396921
0.861294
1.97507
1.98245
0.872874
1.74199
0.369989
1.42177
0.130358
0.719721
0.475125
1.1994
1.92688
0.424585
0.195513
0.689202
1.84617
1.55774
0.139127
0.531258
1.38155
0.435405
0.0434294
0.154122
1.58374
1.32492
0.0154812
1.93571
0.00463402
1.85653
1.48273
1.94563
0.219715
1.80833
1.27746
1.75496
1.45777
1.81475
0.584808
0.0957718
1.14972
0.0207264
0.855393
1.31848
0.827656
1.02376
0.0946882
1.60932
0.920597
0.242356
0.278583
0.227328
0.306615
1.60403
0.156702
1.84034
1.48827
0.686249
1.11621
0.115561
0.160734
1.18793
1.33838
0.406296
0.163508
0.730005
0.486211
1.06011
1.78146
1.58697
1.77256
0.404054
1.56922
0.903195
1.45511
1.03545
1.12875
1.5841
1.29813
0.0482693
0.211166
0.162493
1.11037
1.93021
0.61075
0.05778
1.96624
0.260452
1.30252
1.4312
1.64732
0.763956
1.95003
0.650259
1.78825
0.771415
1.69403
1.68867
1.85494
1.80518
0.0305246
1.92027
1.65676
0.277333
1.11911
0.406798
0.369794
1.7725
1.62336
0.711889
0.848859
1.13915
1.39081
0.066491
0.793846
1.7804
1.85229
1.48262
0.785402
0.858354
0.0162878
0.845149
1.09796
0.455339
0.641413
0.861145
1.43677
0.0201291
0.941986
1.83418
1.1004
0.107185
0.248569
1.69548
1.85552
0.223453
1.25003
0.344472
1.96951
1.41629
1.28132
1.87788
1.96441
0.550696
0.532629
1.87458
0.725627
0.0461102
0.357196
0.774025
1.70282
0.579008
0.394008
0.898384
0.86736
1.09497
0.304616
1.67482
1.5467
1.4618
1.96722
1.9522
1.49429
0.416831
1.17318
0.420541
0.179011
1.9493
1.87734
1.69456
1.74494
0.272667
1.77875
1.09685
1.01935
0.178494
0.0369334
1.53841
0.0134529
0.258203
1.01183
0.776091
0.784869
1.67461
1.71554
0.1579
1.71289
1.55632
1.15599
0.900974
0.896974
1.95696
1.57761
1.39316
0.00648451
1.36605
1.23705
1.84379
0.0154327
0.99767
0.831981
0.637202
0.625267
1.78998
0.0310544
1.51641
1.20314
1.93268
0.438645
1.37065
0.864992
0.761529
1.3636
1.72517
0.800985
0.604763
1.35436
0.223511
1.10898
0.0347502
1.79108
0.0392382
0.25116
0.463718
1.09886
0.631852
0.708484
0.709154
1.58056
1.97732
1.97596
0.886528
1.79122
0.0309445
0.04489
1.63224
1.76609
1.51067
1.8131
0.888506
0.247248
0.118627
0.227747
0.192717
1.08211
1.09598
0.424693
1.89202
1.91596
1.9645
1.85398
0.965865
0.337994
1.73993
0.429446
0.485252
1.52747
1.78707
1.38633
1.49482
1.43287
1.54279
0.94545
1.69458
1.36096
0.888406
1.24309
1.24274
0.670395
1.4431
1.43168
0.819129
1.15258
0.68616
0.966922
0.818673
1.28803
1.88674
1.30395
0.487548
0.641662
0.647609
1.35768
1.98347
0.985637
1.88538
0.645153
0.643509
0.168236
1.89182
0.120272
0.790778
1.31744
1.57246
1.79397
0.184138
0.948803
1.37321
1.64616
0.0870547
0.34697
1.27596
1.05531
1.25785
0.101257
1.81254
0.115862
1.98524
0.177289
0.84241
0.0520962
1.81655
0.962154
0.165804
1.08997
0.944589
1.97492
0.10942
1.56538
0.12271
0.077808
1.03635
1.18859
1.57095
1.26286
0.461219
1.25772
1.5533
0.817465
0.121882
1.83462
1.3439
0.717074
1.08008
0.83484
1.8733
0.677023
0.555803
0.952417
0.41691
0.922131
0.76101
0.111918
1.64162
0.875494
1.08795
1.05634
0.879165
1.29588
1.45164
1.42992
1.47181
0.0698918
1.8088
0.380581
1.17754
0.33078
0.910126
0.306926
0.520564
1.74003
0.55799
0.0304773
1.47828
0.906643
0.766958
0.0191246
0.91046
1.09575
0.00761116
1.70328
1.40924
0.999122
0.167681
0.591899
1.64175
1.93161
1.96323
1.7477
1.90306
0.274303
1.92212
0.807705
1.84486
0.762636
0.117452
1.79648
1.80372
1.25526
0.218413
1.31229
0.746982
0.977754
0.205381
1.77067
0.967315
0.310675
0.609225
0.964054
1.73757
1.51872
1.89897
0.958174
1.04731
0.82009
1.70058
1.20524
1.34382
0.263341
1.67435
1.07534
1.55789
1.27944
1.4976
1.85747
0.151995
0.728045
1.63677
0.551395
0.0181767
0.465024
0.134619
1.99357
0.34447
0.0590301
0.265885
0.239425
1.62225
0.584304
0.207322
0.698684
0.473028
0.232727
1.88922
0.263487
1.74625
0.635057
1.80046
0.560687
1.01604
1.04341
0.218216
1.4364
1.54556
1.26561
1.52165
0.209817
1.74331
1.3418
0.145008
0.426894
0.00716007
0.222912
1.97675
0.511066
1.65934
0.022107
1.68095
1.41785
0.795181
1.17341
1.36189
0.338625
1.26064
0.713119
1.9123
1.69429
1.53046
0.187408
0.713788
0.123242
1.32457
0.00707591
0.907888
0.645455
1.96884
0.754591
0.509543
1.24744
0.739897
1.9099
1.83472
0.869759
1.43944
0.0157759
0.941333
0.108725
0.418045
0.291208
1.56313
1.68806
0.774431
1.2973
0.186141
0.743288
0.163884
0.262297
0.320152
0.920924
1.20762
0.897985
1.81935
1.91843
1.4436
1.82765
1.79203
1.45851
1.40681
1.45562
0.128064
0.346957
0.858597
0.3695
0.518756
0.641735
0.574874
0.516254
1.94186
1.83562
0.40084
1.62463
0.662191
1.99007
0.343494
0.88039
0.554129
1.98344
0.248546
0.171209
1.57065
1.99715
1.83548
1.58837
0.0741477
0.28862
1.7341
1.09809
1.70422
0.107535
1.78956
0.0410132
1.73962
1.51832
0.1175
0.892073
0.63374
1.82476
0.628119
1.49913
0.65916
0.734525
0.163682
1.92942
1.74271
1.54189
0.848401
0.543859
0.42379
0.440917
0.328472
1.95455
1.2195
1.27913
0.220616
1.38415
0.580545
0.87912
1.09704
0.00386906
0.980071
0.0185527
0.300627
1.74073
1.21708
0.383723
0.118103
1.03611
0.0107298
1.83591
0.185519
1.31591
1.84901
0.234051
0.329386
0.0639751
1.30167
1.10133
0.195306
1.83938
0.12314
0.76837
1.86321
0.678735
0.0976013
1.75518
0.941921
1.64003
1.67171
0.102503
1.24091
1.74162
1.92907
1.38443
0.543566
0.575298
1.52196
0.466678
1.92762
1.77654
1.583
0.437967
1.18584
0.167321
0.0218134
0.227367
0.897854
0.984782
1.66359
0.939391
1.36883
1.78513
0.338539
0.619974
0.920052
0.321911
1.85476
0.809519
0.399294
0.3706
0.0598478
1.98386
0.956721
0.764926
0.475954
1.72173
0.25201
0.490755
0.58837
0.937009
0.91677
0.217394
0.687885
1.23088
0.978577
0.348135
1.45367
0.410006
1.05329
1.26666
0.417441
1.96748
1.09141
0.490681
1.00275
1.67219
0.0959885
0.360535
0.307428
0.136235
0.131611
0.0556328
1.56004
1.99621
0.971294
0.339786
1.44563
0.376814
1.55014
0.00547302
1.34084
1.56003
0.265278
0.931622
0.253428
1.19883
1.21224
0.667406
1.96676
1.91554
0.119712
0.717764
1.81647
0.554047
1.82584
0.0283629
0.765777
0.909699
1.97993
1.61122
1.8625
0.158371
0.537849
0.171266
1.00753
0.0559391
0.561901
0.561744
0.0215524
1.10285
0.396415
1.49465
0.591529
0.64419
1.57866
0.535164
1.7866
1.16969
0.102177
0.925807
0.172195
0.0246242
0.0420299
0.504835
0.565729
0.397369
1.06959
1.3589
0.0993454
1.77498
0.597886
1.54212
1.60087
1.61817
0.92741
0.138531
1.94436
1.68591
1.81817
1.11745
1.9113
1.34973
1.14909
1.75785
1.92284
0.834133
1.50223
0.138288
0.390003
0.0979642
0.324069
1.26695
0.264495
1.04656
1.23589
0.213787
0.0244745
0.496661
1.3258
1.72187
1.33916
1.73967
1.97716
1.92784
1.26863
0.160136
1.90646
0.0564505
0.833117
1.59107
0.228603
1.61133
1.61122
1.73933
0.475366
1.58057
0.117784
0.933882
0.852857
0.407358
0.899253
1.42619
0.220539
1.79761
0.14572
1.59435
0.373167
0.331344
1.86204
0.145187
1.51267
0.376854
0.651796
0.0217918
0.679656
1.23946
1.26953
1.10743
1.56206
1.5705
0.816261
1.26458
1.39459
0.626232
0.666114
1.99477
1.52327
1.86069
1.84518
0.50544
1.2129
0.190455
0.883635
1.6766
0.186968
0.21656
1.55003
0.655721
0.557026
1.27461
0.708642
0.777596
1.62965
0.705403
0.465954
1.15361
1.50139
1.23015
0.559362
0.787153
1.56977
0.534465
0.34987
0.0121039
0.0457109
0.982114
1.96455
1.35772
1.68952
0.0639373
1.19987
0.187594
1.99019
1.77457
1.33443
1.74738
1.25387
1.6077
1.71519
0.209658
0.634108
1.46091
1.94506
0.849012
0.127275
1.34012
1.97747
1.46053
1.28091
0.996795
1.66131
1.81301
0.992916
1.87928
0.0798467
0.310357
1.88942
1.69462
1.12371
0.271666
1.5433
0.0711027
1.75706
0.375331
1.75405
0.13587
1.81273
0.846505
0.758303
0.0707843
1.37998
0.864762
0.606778
0.091727
1.5707
1.7908
0.598144
0.490582
0.0303184
0.103457
0.255317
1.77318
1.09606
0.882324
1.75887
1.26667
0.0371265
1.45771
0.601746
1.33426
0.951506
0.440518
0.0499374
0.23138
1.2671
0.0697879
1.52841
1.86753
0.0100043
1.42222
1.78941
0.274433
0.478213
0.0719821
1.997
1.96421
0.422428
1.9433
0.600365
0.296867
0.991609
1.93104
0.0537225
1.72726
0.107838
1.98685
1.91159
0.274755
1.89247
1.79903
0.133657
0.37218
1.86754
1.03563
0.223634
0.80406
1.16443
0.172906
1.33518
0.314392
1.29866
1.28957
0.662944
0.591951
1.20725
1.33414
0.945933
1.92117
0.639526
1.83761
1.2987
1.11208
1.7489
0.0906132
1.66898
1.88596
0.432535
0.945686
1.74625
1.55967
0.0691525
1.98474
0.0267746
1.25776
1.72548
0.943651
1.67002
0.616838
1.58653
0.382169
1.89071
0.337117
1.73986
1.37338
0.130412
1.88811
0.500021
1.27744
1.65306
0.945543
0.919346
0.722537
1.32838
0.727959
0.471112
1.6456
1.21178
0.066937
1.94873
1.96078
1.00091
0.0338439
0.394454
0.980026
0.651204
1.86537
0.0793693
0.9799
0.209188
0.0488496
1.84946
0.454557
1.63537
0.385204
1.91729
1.90902
0.814943
1.05704
1.39261
0.664837
0.567383
0.00184405
0.718208
1.61101
0.00558686
0.650748
1.36487
1.36344
0.504938
0.472316
0.0793817
0.987565
1.27438
0.686348
1.54535
0.953427
1.78351
1.90687
0.201215
1.9758
1.68643
0.864303
1.93327
0.0823421
0.276253
1.51662
0.285658
0.198801
0.291151
0.136893
1.7274
0.172392
0.995433
0.152982
1.79204
0.967423
0.131085
1.71919
1.17893
0.0926223
0.0438038
1.13521
1.55275
0.824951
0.0528032
1.15843
1.09301
1.23106
0.454611
1.68698
1.40219
1.30088
0.054507
1.68054
1.46765
1.69435
1.28236
1.60896
0.150569
0.802594
0.657956
1.98794
1.78399
1.66084
0.659527
1.26819
1.89801
0.518007
0.430781
1.70997
1.96847
1.26988
0.62251
1.0626
0.101483
1.43322
1.69295
0.0362728
0.065547
1.32793
1.71818
1.8912
0.450008
1.25819
1.14765
1.7328
0.226657
0.61621
1.29074
1.80047
1.89
0.75604
1.06677
0.0253909
0.364667
1.84812
0.543015
1.63353
0.285846
0.464706
1.31596
0.533089
1.66964
1.48405
0.896424
1.80626
0.996173
0.990816
1.21951
1.3132
0.346209
1.03521
1.80012
1.91305
0.884086
1.30999
1.21665
0.543376
1.77792
1.805
1.65729
1.3505
1.53637
1.11352
1.10018
0.203582
0.251526
1.49975
0.882431
1.10094
1.81691
1.57446
1.29162
1.72438
0.325235
1.84278
0.348399
1.6284
0.184606
0.904882
0.221489
0.108027
1.12824
1.60373
1.67673
1.2474
1.3392
0.370886
0.33682
1.89284
0.152975
1.81951
0.0788492
0.482752
1.57359
0.153004
1.9051
0.103818
1.22973
1.69391
1.66306
0.646104
0.516188
0.444924
0.37577
0.330873
0.0425911
0.936208
1.62071
0.553165
1.75347
1.73112
0.0737085
0.00604236
0.141344
0.688927
0.430637
0.515608
1.84706
1.77133
0.807855
1.04309
0.748328
1.97466
0.0372549
1.50353
1.428
0.945455
1.41705
1.99824
1.49545
1.98405
0.818569
1.89284
0.417932
1.77205
0.977783
0.909088
1.90521
1.38129
1.02209
0.630897
0.190648
1.48012
0.29264
1.5604
0.686687
0.465177
1.85626
0.0282106
0.547711
0.152121
0.0223106
1.73936
0.0928767
0.887901
1.68298
0.607239
1.50623
0.760064
0.543037
0.970442
1.00147
1.80789
0.455188
1.14419
0.077553
0.479432
1.59741
0.20149
0.516713
1.79453
0.306771
0.199498
0.952822
0.523343
1.77876
0.0894198
1.96964
0.45601
0.807781
0.116289
0.00719309
0.309836
0.211949
1.81218
1.66487
0.475853
0.858679
1.68479
1.6811
0.861587
0.0622656
0.992459
0.559866
1.3759
1.3541
1.57859
1.75703
1.40721
1.70966
0.070169
0.10528
1.36027
0.00431395
1.60912
0.964201
1.82262
0.344304
1.48468
0.0813241
0.678222
0.477395
1.13462
0.0377556
1.89121
0.122769
1.20912
0.141794
0.31554
0.0786129
1.99729
1.04341
0.616722
1.81171
0.266899
1.82698
0.122577
1.67835
1.93853
1.48949
0.724415
0.959851
0.751546
1.98292
1.89893
0.0152171
1.78278
0.867515
0.0233272
0.0898833
0.541658
1.73732
0.571633
0.708616
1.99641
0.60543
0.0128523
0.103119
1.07156
0.87474
1.92656
1.9543
0.609074
1.80553
1.63901
0.564631
1.91813
1.87501
1.3636
1.89326
0.794365
0.145549
1.77725
1.82419
0.0773391
0.312903
1.56954
0.114298
1.65551
0.126273
0.835143
1.70279
1.42344
0.397933
0.329549
1.77593
1.57444
0.0202507
1.09451
0.308584
0.325171
1.46364
1.9019
0.389042
1.42406
1.72198
1.80074
0.0499116
1.06728
1.34078
0.810109
0.509635
1.42587
0.943218
0.521292
0.128766
1.94928
1.90527
1.27625
1.63146
1.20219
1.93536
1.68297
1.88857
1.48906
0.200169
0.738237
0.396591
0.361229
0.212516
1.9985
1.91906
0.690843
0.133603
0.532959
0.710059
1.08522
1.06243
1.87882
1.09327
1.97851
1.57629
1.62801
1.32835
0.824931
0.77576
1.33537
0.0742186
0.276758
1.55533
0.0604262
1.46994
1.67552
0.299821
0.283908
1.12366
0.496762
1.6906
0.321852
1.88142
0.509147
0.872853
0.420014
1.43285
1.35018
1.08495
1.602
1.40493
0.745979
1.28739
0.096126
0.338798
0.810728
1.22179
1.89522
1.50455
1.15445
1.36279
0.422171
0.0437146
0.852262
0.401486
1.04093
1.29915
0.76995
0.576342
0.500505
0.166934
1.31944
1.09965
1.02297
0.845445
0.166025
0.0666122
0.880933
0.880921
1.22901
1.82722
1.47456
0.37868
1.0943
0.437714
0.00643694
1.40985
0.023177
0.368787
0.754235
1.88821
0.975196
0.285577
1.67536
0.406283
0.0757034
1.59111
0.465811
0.99749
0.709666
1.29471
0.0784763
0.225983
1.42989
0.964018
1.78833
0.429834
1.92994
0.202681
0.720871
1.60131
1.1037
0.208213
1.15168
1.86541
0.841416
1.8309
1.05136
0.169583
0.468836
0.137974
1.14656
1.33973
0.238625
1.92888
1.343
1.8301
0.661376
1.3994
0.0161872
0.694556
1.88484
0.482496
0.584563
0.0443586
1.97081
1.35436
1.55566
1.346
1.95244
0.156301
1.83323
1.42607
0.117567
0.492335
1.09529
0.0656757
1.36714
1.90323
0.243083
0.293307
0.937575
0.288388
0.064178
0.192923
1.74426
0.719865
0.731604
1.27276
0.802519
1.22527
1.81731
1.94755
1.24209
1.41815
0.799106
0.872789
0.228972
0.131938
0.894599
1.20006
0.0724143
0.187601
0.0900915
1.37935
0.371216
1.7621
0.32778
0.490816
1.08416
1.35796
1.5584
0.141482
0.178001
1.28745
0.170344
0.736883
1.78133
0.00406814
1.60631
1.92019
1.88324
1.74977
1.85313
1.9422
0.184089
1.28233
0.469637
0.466074
1.684
0.318918
0.333785
1.95485
0.871552
1.21113
0.0970318
0.400017
0.0114049
1.76473
1.49351
0.561601
1.34261
1.96779
0.490575
1.99241
0.359751
1.83455
0.400271
0.515978
1.5519
1.14033
1.59757
1.80283
1.10518
0.135737
1.37592
1.98061
0.0739491
0.00716746
1.57922
0.391202
0.456115
0.125675
1.92445
1.01154
1.36293
1.34946
0.10126
0.174965
0.0610653
0.0651499
1.88758
1.9781
0.0260825
1.85217
0.764456
0.571145
0.606817
1.14931
0.439244
0.887695
0.870524
0.548525
1.56273
0.123549
0.270588
0.379745
0.324238
0.837782
1.63187
0.163539
0.103748
0.112997
1.14103
0.220751
0.535065
1.86237
0.676061
0.0353146
1.66572
1.20933
1.63209
0.596086
1.49074
0.134586
0.329488
1.45075
0.801971
0.00727797
0.407449
0.0379397
0.679496
1.04375
0.542325
0.441809
1.38061
0.144653
0.500834
0.133589
1.51107
0.319661
0.0530853
1.90128
1.71208
0.756239
1.69219
1.69518
1.31013
1.13756
1.9892
0.164053
0.583681
1.01378
0.204017
0.358872
0.354886
1.53995
0.665168
1.67713
1.83687
1.83415
1.88516
0.135603
0.418431
1.2397
1.98893
0.25262
0.720256
1.46599
0.145559
0.480775
1.62319
1.31267
0.709153
0.162962
1.93471
0.066577
0.260045
1.64571
1.00461
1.86077
0.797987
1.6563
1.04988
0.55995
1.9313
1.18989
1.26281
0.712252
0.213485
0.832023
1.77276
0.0216563
0.348754
1.97455
0.933612
1.15194
0.0432799
1.1034
1.94116
0.256794
0.125571
1.90007
0.77182
0.390612
1.48556
0.437731
0.493175
0.469506
1.99342
0.141632
0.167521
1.27496
1.43059
1.47402
1.86373
1.75395
0.128578
1.98158
1.09309
0.582792
0.733256
0.880825
1.04954
1.95892
0.701247
0.286329
1.75111
1.21046
1.36803
0.174721
1.88231
1.94427
0.484274
1.4832
0.101265
1.88398
1.98734
1.96078
0.244458
0.669513
1.91841
0.0376978
0.309512
1.85808
1.27868
1.31277
0.619453
0.499648
1.87352
0.949871
0.37791
0.334139
1.18331
0.121785
1.26277
0.132061
1.78528
0.868364
0.181705
0.385915
1.99886
1.20641
0.00594962
0.0912232
1.28903
1.75002
0.0961517
1.19283
1.882
0.310473
0.359373
0.534331
1.46087
0.388439
0.863859
1.08517
1.10333
1.91119
0.327551
1.64542
0.482257
0.407015
0.0260783
0.0786144
1.53554
1.38324
1.6651
1.31687
1.29268
0.490553
1.67729
0.872344
0.21891
0.1821
1.88901
0.120187
0.227162
1.88113
0.0584716
0.436442
1.52841
1.55336
1.48946
1.12682
0.452169
1.79984
1.03911
0.864103
0.45044
1.57779
1.13577
1.65352
0.950047
0.358997
0.771792
1.41413
1.08414
1.34707
1.89562
1.44873
0.144874
0.916686
0.130089
0.0428967
1.14644
0.5583
1.72506
1.40098
1.89001
1.01572
1.63166
0.0847301
0.430673
0.0860103
1.43124
1.94211
0.909892
1.41436
1.60094
0.0643058
0.774744
1.00602
1.84074
0.593381
0.0049262
0.656313
0.287862
1.56584
0.56818
0.174827
1.33686
0.133788
1.95594
0.660824
1.8114
1.44889
1.84843
0.0489931
1.27352
0.729123
0.836508
0.26107
0.334502
1.68414
0.181339
0.506778
0.0972049
1.86612
0.815166
1.70288
0.237887
1.97428
1.41286
0.939991
1.81287
1.15757
0.648582
0.935097
1.03929
0.118848
0.811857
1.5963
0.308755
0.343178
1.89767
1.92061
0.0528673
0.335989
1.20025
0.132788
0.25358
1.08232
0.765031
1.66961
0.193721
0.650115
0.201922
1.38518
0.216109
1.27643
1.98616
0.0833075
0.0347356
1.82627
0.837599
1.91626
1.41695
1.59545
1.8098
0.36299
1.43628
1.68333
0.645878
0.578966
1.98153
0.936538
1.59823
1.97331
0.016627
1.9959
0.128276
1.50481
0.429585
1.53241
1.76098
1.96309
0.156178
0.236278
0.155708
0.13505
0.50782
0.0149568
0.544546
0.158054
0.271722
0.212908
0.820004
0.982302
1.94122
1.31093
0.884569
0.51574
1.96101
1.79176
1.64799
0.289479
1.69902
0.33984
0.151316
1.07627
0.0288783
1.54549
0.429411
1.26613
1.18414
1.52213
0.417491
1.08199
0.390499
1.11291
0.0892626
0.371494
1.7819
0.319654
1.83735
1.87098
1.21369
0.807489
0.323508
1.41131
1.95487
0.203156
0.937934
1.67179
1.28148
1.29692
1.82611
0.027104
0.308661
1.91266
1.23492
1.48576
1.80677
1.99939
1.63167
0.106294
0.339105
0.386789
0.579713
0.877899
1.68206
1.39522
0.0058713
0.21329
1.16341
0.859945
1.69214
1.96219
1.98963
0.128977
1.67251
0.660692
1.96624
1.9575
1.4441
0.350689
1.34421
0.276056
0.645447
1.06653
0.342989
0.422056
1.99666
1.13387
1.9251
1.19309
0.436899
1.6736
1.52212
0.822644
0.231609
1.64492
1.57142
1.85727
1.973
1.47961
0.821735
1.75856
1.08729
0.750316
0.336238
1.16943
1.32746
1.42
1.36575
0.710854
1.47476
1.81789
0.353231
0.916301
0.345504
1.80865
0.313206
0.28348
1.39727
1.26929
0.2728
1.77637
1.49842
0.687376
0.942082
1.70034
0.197509
1.76632
0.0676006
1.62362
1.17209
0.348787
0.407145
1.47357
1.17473
0.172744
0.576226
0.807784
1.86757
1.46958
1.96624
0.227116
1.63577
0.549123
1.79109
1.32879
0.699829
0.449278
0.252311
1.62747
0.765442
0.330897
1.16508
1.58224
0.80975
0.192877
1.25411
0.751417
1.33732
0.00511038
0.916832
0.924094
1.46304
1.28033
1.15446
0.175178
0.218381
0.0887173
0.0261952
1.26525
1.76287
1.00382
0.249139
0.540486
1.00324
1.13266
0.201803
1.3595
1.74191
0.158955
0.00516272
0.23773
0.0658662
1.69845
0.150411
0.352764
0.161929
1.22473
0.452412
0.773589
0.750854
0.542828
0.523181
0.322803
1.55033
0.0944252
1.90341
0.505589
1.41527
0.644149
0.901665
0.73021
1.75051
0.258762
1.61763
0.406842
1.57331
0.410445
1.18511
0.328165
1.67474
0.9895
0.46947
1.86154
1.62985
1.22596
1.8063
1.45457
0.432179
0.238871
1.80595
1.92371
0.542251
0.559991
0.6735
0.109299
0.801473
1.77847
0.0994582
1.06521
0.876769
0.679221
1.32738
1.5278
1.92919
1.59723
1.0739
1.88897
1.98956
0.767536
1.68242
1.53577
0.0376534
1.0894
0.992138
1.28443
0.622761
1.04211
0.222883
1.98228
1.48798
1.06892
0.0605242
1.47957
1.5918
0.487672
0.185973
0.225927
1.93423
1.3012
1.01337
1.93528
1.63094
1.865
0.0314159
0.18436
0.853408
0.0530734
1.26413
1.80509
1.24871
0.581875
0.533102
1.62818
1.73187
0.0655408
1.35257
0.826822
0.625502
0.620802
1.76659
0.0794159
1.60122
0.948485
0.415795
1.99799
1.36382
0.95396
1.5564
1.26068
1.96503
1.91724
1.64649
1.51511
1.63759
1.37406
0.223094
0.0985854
0.911051
0.0825629
0.949168
1.82934
0.757862
1.47208
1.94797
1.61794
0.59274
0.167629
0.210757
0.250046
1.75822
0.380526
0.2797
0.127536
0.273184
1.38444
0.401982
1.00114
0.548451
1.1334
1.42372
0.179376
1.87361
1.80325
1.84949
1.39348
1.24407
0.847398
0.233374
0.580206
1.2579
1.70282
1.39018
1.48613
0.82515
1.89208
1.36102
1.9725
1.21004
1.45224
0.760628
0.306072
0.149438
0.698864
1.56061
0.597205
1.95188
1.57888
0.799609
1.22078
1.81853
1.06121
1.11002
0.508732
0.526685
1.84211
1.17942
0.631532
0.10789
1.93773
1.92535
1.63208
1.62311
1.70911
0.371875
1.33644
0.827727
0.0506239
0.150683
1.75161
0.675326
0.0834528
1.78747
1.79271
1.93499
1.10506
1.54973
1.06704
0.293078
0.0484959
1.06509
1.01673
0.308216
1.21082
0.139685
0.401836
1.72743
0.445244
0.613668
0.76551
1.06605
0.283795
1.35466
0.646016
0.836655
0.472045
0.0164682
1.18298
1.36912
1.31797
0.15561
1.59647
1.66366
1.24564
1.80482
1.99171
0.582772
1.49163
1.89251
1.75116
0.205059
0.104987
1.2093
1.29939
1.5483
0.793836
1.05452
0.221363
1.72987
1.32638
1.89777
0.412504
0.260668
1.31649
1.14979
1.68404
0.595854
0.489151
1.88851
1.96898
0.756589
0.439368
0.123714
1.41811
1.90433
1.42184
1.32682
0.516103
1.87838
1.4033
0.165485
0.535114
1.87102
0.197986
0.82763
1.53416
0.0687994
1.87431
1.91939
0.224735
1.65719
1.07388
1.9885
1.16247
0.545244
1.54361
0.166882
1.56027
0.325123
1.54375
1.7676
0.704378
0.575697
0.214974
1.13062
0.412148
0.692472
1.76184
0.0134443
1.45496
1.98443
1.93927
1.25405
0.0446106
0.951416
1.02541
0.640182
1.83132
1.7648
1.7291
1.77764
0.267011
1.90421
0.226977
0.596178
0.548786
1.26304
1.83272
0.783115
0.192279
1.88468
0.851408
1.10748
1.70737
0.947917
0.716595
0.242076
0.261494
1.53401
1.75259
0.646515
1.06448
0.0934784
0.516478
1.69069
0.681268
0.129775
1.30477
1.07859
0.100306
0.992102
1.96923
0.991954
0.854414
1.95181
0.0310421
1.19219
0.680176
0.0954828
0.227884
0.594629
1.38557
1.89036
1.45529
1.74907
0.486199
1.68629
1.66063
0.513321
0.981927
0.809273
0.215865
1.63779
0.754527
1.82112
1.86876
0.726908
0.555158
0.00833619
0.834782
1.94332
0.0237099
0.0648873
1.78392
1.21979
0.389808
1.88964
0.746458
1.26792
0.571122
0.247024
1.76903
1.84697
1.78712
1.17378
1.98177
0.0100191
0.652664
0.500659
0.118822
1.37284
0.205146
1.96894
1.05392
0.813452
0.214396
0.254239
0.227543
0.51044
0.64395
1.92901
1.53563
0.646651
0.468582
0.657586
1.52885
1.03174
0.838898
1.62317
0.112246
1.35331
1.37425
1.13837
0.606381
0.469804
0.0726092
0.759516
1.2159
0.324206
1.97629
1.90472
0.313837
1.60717
0.567392
1.91488
1.18982
1.93429
1.89179
1.63464
0.956475
0.131962
0.716704
0.333997
0.308855
0.50434
0.603122
0.950009
0.708279
0.727905
0.231979
1.64081
0.903561
0.789941
0.0880709
0.321341
1.75727
0.840602
0.570066
1.16312
0.948064
1.00902
1.94009
0.0578054
0.551398
0.540354
0.431738
0.100713
1.88255
1.41474
1.89962
0.0293547
1.44797
1.66799
1.70732
0.89064
1.85667
0.761773
0.1641
0.263736
0.154848
1.53135
1.82376
1.6978
1.00679
1.69263
0.734745
1.95822
1.92922
0.114485
0.303586
1.60405
1.65885
1.19087
1.15186
0.688972
1.20352
0.443073
0.897576
0.106899
0.945124
1.91449
0.283931
0.205576
1.91496
1.45814
1.91891
1.7257
1.45684
1.50197
0.321168
0.0439432
1.74499
1.44594
1.19658
0.379924
1.62339
0.660402
0.197386
0.076859
0.856608
0.276909
0.79847
1.33189
1.0187
1.75554
0.00516379
1.87187
1.76394
0.0191895
1.78709
1.51052
0.777939
1.82191
0.782501
1.18207
1.34316
0.110723
0.460646
1.16811
1.81153
1.13557
1.72806
0.96876
0.296075
0.251968
0.732711
1.51437
1.05644
1.97615
0.91425
1.8715
1.90734
1.37536
0.585681
0.18595
1.95945
0.58995
0.411285
0.402833
1.58094
0.639477
1.65533
0.795014
0.64248
1.59578
1.78312
0.180114
0.943302
0.466653
1.61734
1.15496
0.806467
0.596045
0.430005
1.99265
0.993606
1.63223
1.035
0.228548
1.73055
0.0350504
0.871112
1.92604
0.628653
0.436692
1.71359
1.57665
1.64201
1.00981
1.28923
0.975998
0.786177
0.181998
0.198358
1.58295
0.746116
0.177766
1.70725
1.7559
1.68745
0.988939
0.300751
1.71742
1.26148
0.314708
0.442884
1.27559
0.0895278
1.53336
1.86809
0.857708
0.929869
1.35427
1.29151
1.34362
1.09362
1.5567
0.121194
1.9038
1.91025
1.12058
0.773584
1.41207
1.68567
0.700567
1.29102
1.76031
1.97716
1.82834
0.367355
1.92647
0.654474
1.98282
1.93165
0.164082
0.900632
0.753692
0.0128857
1.31895
1.99399
1.33652
0.420989
1.27812
1.93969
1.89437
1.06324
1.95689
1.74314
1.8722
0.00742722
1.05327
0.0315322
0.427809
0.0821291
0.17454
0.0194038
1.78141
1.61942
1.87102
0.134784
1.95773
1.96529
0.060478
0.815473
0.127546
1.70883
1.97925
1.20294
0.465323
1.89644
1.05956
0.0914676
0.312409
0.0918845
0.843036
1.83391
1.82203
0.183536
1.83377
1.50511
0.110314
0.686358
0.129322
0.689732
0.971546
1.67594
1.51357
1.54628
0.129742
0.386191
1.55143
1.86628
0.382675
1.92558
1.57028
1.13684
0.480814
1.98969
1.43243
1.99601
0.535041
1.43078
0.639002
0.999939
1.25762
1.40606
0.563344
0.248297
0.108291
1.44945
1.84202
0.107317
1.81447
1.13612
1.78356
1.99771
0.0328698
1.89725
1.24557
0.267561
0.959698
0.104668
1.30135
1.90109
0.0904713
1.37629
1.18465
1.11835
0.976109
1.94129
0.463509
0.549808
1.31242
1.38195
0.0162904
1.41697
1.98192
0.459579
1.41777
1.11115
0.972213
0.079951
1.65729
0.218543
0.0746387
1.54237
1.64989
0.462552
1.92427
0.148779
0.835968
1.11064
1.78549
0.408829
0.498978
1.78981
0.819555
1.75704
1.8933
1.26329
0.486453
0.012356
1.7358
1.79956
1.29325
1.71376
0.958891
1.819
1.29541
1.26622
1.55511
1.6302
1.57466
1.25181
0.404833
1.89473
0.646215
1.28885
1.05713
1.07083
1.74022
0.0632032
0.359816
1.55833
1.44699
0.464712
0.31091
0.428638
0.722995
0.990853
0.648169
1.36376
1.41465
1.20165
1.16057
1.41725
1.28777
0.279885
1.60146
1.03525
0.657379
1.28949
1.20115
0.777775
0.077768
0.333636
0.463526
1.88936
0.746255
1.98503
0.190741
0.107388
0.499625
0.029035
0.681239
1.94009
0.589725
0.00484097
1.95507
0.10372
1.29613
0.454654
1.93045
0.766219
1.08387
0.152099
1.53185
1.74676
0.32981
0.936871
0.646968
0.0423672
1.13878
0.849974
1.60176
1.41888
1.40243
0.0691686
1.85863
1.62107
0.951562
1.07966
0.423698
1.61134
1.04255
1.71909
1.23055
1.51451
0.477068
0.508753
0.365978
1.9067
0.359898
0.841047
1.78486
0.560546
1.66573
1.26596
0.855549
1.61104
1.905
0.0373499
0.037971
1.93007
1.78882
1.06766
1.27937
1.98466
0.489976
1.63354
1.85257
1.9625
1.85335
1.06414
0.843802
0.369678
1.96428
0.676233
1.9461
0.668149
0.118792
1.02691
0.832246
1.71463
0.737965
1.80479
1.19063
0.001791
0.727162
0.0308754
0.678734
1.89584
1.24664
0.467568
1.31474
0.224132
1.31728
0.156708
0.638513
1.93618
1.86157
1.75483
1.96918
1.7952
1.68263
0.661279
0.381216
0.9462
0.567206
0.995684
1.83687
0.104715
1.84907
1.45117
1.99662
1.86962
1.45524
1.92331
1.83171
0.634428
1.10434
0.868542
1.42702
0.01658
0.290064
0.454831
1.6118
0.0243611
1.79371
0.996914
0.295355
0.233296
1.82631
0.560789
0.014292
1.53432
1.84113
0.418988
0.943427
0.601639
0.400693
0.543905
1.11069
0.804941
1.16223
0.0338608
1.91313
0.31124
0.17988
1.47603
0.729315
1.83885
1.21297
1.45449
1.9634
0.118784
0.357665
0.010653
0.140121
1.83712
1.02657
0.422368
1.52274
0.0816778
1.27932
1.08384
1.75598
0.0213634
0.85309
0.499717
0.371813
1.37847
1.83963
0.675664
0.43542
0.144201
0.311538
1.2929
0.309365
1.76146
0.176276
0.574639
1.94478
1.02305
1.12311
0.282591
1.78649
1.40659
0.231446
1.15042
0.38421
1.72668
0.103887
1.85958
0.484366
0.100999
1.48856
0.0986044
1.94664
1.82957
1.91195
1.01319
0.766634
1.52257
1.76767
1.73003
0.34761
0.696522
1.77646
0.512452
1.49079
1.64804
1.16912
0.402917
0.0239925
1.37652
0.0793358
0.858304
1.47288
0.580487
0.808205
0.360081
1.77365
1.34184
0.00728047
0.133489
0.423735
0.183704
1.87416
0.565145
1.98379
1.03762
0.396939
1.95019
0.756183
0.440247
1.7209
0.319798
0.193783
0.311476
0.127262
1.11774
1.51501
0.412824
0.549383
0.825889
1.00751
0.205573
1.85329
0.40405
1.04965
1.39659
0.350032
0.748527
1.58866
1.88273
1.51295
1.34984
1.76985
0.0889882
1.94104
1.88884
0.529384
0.324227
0.603483
1.95077
1.01437
1.02036
0.740512
0.333339
1.93782
0.582924
0.121708
0.551727
1.99318
0.129118
1.8643
1.16097
1.98886
0.644125
1.33097
0.889183
1.00908
0.0487317
1.53717
1.13566
1.27221
1.63839
1.20079
0.00168812
1.57011
0.691318
1.22633
0.577569
1.93395
1.22449
1.40152
1.95453
1.3264
1.21704
0.890467
1.9041
0.252576
0.317196
1.31207
0.660291
0.288996
1.93991
0.140868
0.00419056
1.58846
1.25928
1.52328
1.96077
0.466903
1.84627
1.43828
0.484019
1.95595
0.121703
0.310618
0.450671
1.99948
0.0791637
1.3604
0.318882
0.369359
0.0833913
0.700158
1.91721
0.496896
1.81765
1.84467
1.01865
0.873223
1.60874
1.84656
1.60715
0.0859587
1.74401
0.516359
1.70703
1.59823
0.82633
0.739784
1.96299
0.592023
0.586024
0.353042
1.99341
1.88611
0.013451
0.20921
1.85375
0.844309
0.531919
1.38242
1.76448
0.0676814
1.41774
0.00574577
1.53563
0.0379922
1.64941
0.713807
1.30243
1.84992
0.243805
0.0793467
0.408857
0.3061
1.96948
0.174967
1.6589
1.3704
0.628511
1.9739
1.03345
0.0963566
1.32704
0.605213
1.99393
1.64728
0.637166
0.165315
1.9648
1.91329
1.91236
1.08262
0.183468
0.161525
0.57399
0.544868
0.162934
1.08573
1.23329
1.67996
1.16634
0.13526
1.96436
0.301646
0.0357918
0.500143
0.873208
0.136781
0.94043
0.078488
1.50987
1.8941
1.80497
0.453966
0.224111
1.03601
0.412902
0.241415
0.840354
0.394145
1.22985
1.18605
1.38579
1.97604
1.2042
0.832373
0.248821
0.0254054
1.10767
1.04041
1.57141
1.87646
1.67959
0.280221
1.40262
1.85289
0.786664
1.11287
0.00775206
1.27103
0.752683
1.75395
1.9911
0.70747
1.72778
1.20254
1.8495
1.84588
1.58275
1.61646
0.559183
1.54354
0.0839988
0.496079
1.34488
0.0962284
1.36877
1.10188
0.554818
0.37158
1.52671
1.88352
1.62243
1.72754
0.644079
0.871599
0.0315622
0.230518
0.613073
0.525928
0.289512
1.82134
1.97588
1.57303
0.0983886
1.82651
0.884753
1.59095
0.707122
0.237735
0.311401
0.093158
1.63868
1.37449
0.318867
1.46592
1.77265
1.79124
0.656208
1.46035
0.68842
0.729066
0.865061
1.59086
0.869146
0.327872
1.12696
0.793937
0.312278
1.00189
1.20857
0.33525
1.48392
0.0627131
0.196412
0.0401995
0.289758
1.86548
0.151375
0.233188
0.912903
0.432781
1.81446
0.509822
0.460399
1.94185
0.562904
0.134371
0.0344362
0.324614
1.16174
1.80253
0.28992
0.84198
0.920285
0.366579
1.47568
0.381882
1.84525
0.971774
1.09764
0.0417986
0.225539
0.840677
0.808717
1.35998
0.419353
0.0114663
1.48633
1.99538
0.188639
0.537744
1.54108
1.99292
0.576799
0.865811
0.0401331
0.0331229
0.918033
1.09015
1.5689
1.69659
1.54915
1.07707
0.345056
1.36929
1.37556
0.054094
1.75971
1.86633
1.33783
0.556388
1.6842
0.309121
1.5273
1.58383
0.359682
1.40539
1.50136
1.39912
1.03565
1.84081
1.25235
0.810947
0.885459
0.712203
1.79488
0.942235
1.79937
0.119836
0.275414
1.51295
0.189234
1.98357
1.41626
1.51889
1.65245
0.699959
0.404524
0.0453008
1.09573
0.838429
0.701724
0.111419
1.47931
1.72749
0.820605
0.179721
1.51714
0.4123
1.56142
1.74444
0.498919
0.489663
1.39793
0.104833
0.952748
0.0170752
0.0788386
0.182965
1.87518
1.20724
1.04995
0.8719
1.38579
0.790384
0.0325695
0.798569
0.0418892
0.148832
0.0923225
0.611161
1.37061
1.44978
1.1045
0.878502
1.22521
1.70619
1.72662
1.63681
0.634106
1.41914
1.31176
0.561537
1.89517
1.93684
1.91215
1.38287
0.710252
1.24032
1.27362
0.0755328
0.758861
0.0808558
0.734556
1.78249
1.78546
1.3037
0.408956
1.00856
0.814067
1.78162
1.10938
1.3523
1.94734
0.067686
0.308814
1.40222
0.404828
0.371945
1.74028
1.35763
0.456304
0.104572
1.51338
0.325196
0.0579141
0.967328
1.09306
0.653622
1.2325
1.82834
1.34787
1.78137
1.88897
1.17952
1.73016
0.587705
0.413704
1.46026
1.54969
1.92564
1.44438
0.982766
1.36153
1.55475
1.86944
1.38203
1.11071
0.667472
1.94308
0.502566
0.941836
0.894039
1.95527
0.718986
0.687159
0.059997
1.9257
0.317692
0.682062
0.103803
0.412295
0.119584
0.335652
1.55748
0.426921
0.136747
1.95937
1.56881
1.4808
0.979546
1.81847
1.90999
0.792969
1.6536
1.08334
1.42722
1.54459
1.28283
0.934535
1.38841
0.247669
1.49936
0.798386
1.73356
1.93802
1.12718
0.437434
1.72323
0.364698
0.0546708
0.0298125
0.12214
0.0481654
1.62484
0.662881
0.385228
1.41844
0.242525
0.204592
0.387918
0.564197
1.66562
0.805308
1.74305
1.77921
1.23164
0.117298
1.73071
0.123861
0.160501
1.06316
1.40461
0.748797
0.963747
0.21882
1.94974
0.864359
0.510814
1.99154
1.43321
1.68279
0.620206
1.38401
1.03122
1.84196
0.876928
1.82014
1.13226
0.0525483
0.179327
0.0587579
1.31136
1.99293
0.47308
0.149149
1.32072
0.202911
0.411149
1.68129
0.492389
1.42965
0.107489
1.98906
1.04606
0.187616
0.58801
1.97915
1.82101
1.94096
0.0188742
0.961357
1.777
0.0452247
0.849135
1.24942
0.493118
0.591851
1.80772
1.38109
1.8867
0.05585
0.907536
0.838773
1.54109
0.072484
1.67267
0.665358
1.5551
0.953775
0.371207
1.06753
0.396015
0.116038
1.30122
1.39165
0.552884
1.78421
1.3851
1.75676
0.579102
1.86274
0.79071
1.48404
0.215033
1.50152
0.882417
0.560509
1.88486
0.0594418
1.6673
0.0972611
0.179267
0.184
1.89236
1.83549
1.09403
0.625257
1.59349
0.553525
0.173801
1.64457
1.89421
0.968717
0.405304
0.854864
0.14666
0.263343
1.60627
1.85123
1.95655
1.07804
0.935495
1.03403
1.95578
1.23058
0.358477
0.125917
1.84265
0.425944
1.15673
1.49228
1.74309
1.45052
1.75541
0.974385
1.17329
1.24474
0.479642
0.815734
1.50496
0.482928
1.4686
1.3037
0.682343
1.08303
1.53996
0.282884
1.78053
0.658837
1.81076
1.71448
1.51757
0.0192988
0.486099
1.41333
1.38881
0.882047
0.89262
1.72989
0.890606
0.622018
0.214405
1.5153
1.11414
0.565382
1.8182
0.644443
1.34393
1.7368
0.210897
0.654663
1.1796
0.11125
0.154488
1.98236
0.632265
0.0241151
0.37889
1.04614
0.58572
1.72008
0.0374224
0.0572979
0.139083
0.0595261
1.13601
0.185512
1.70417
0.00546503
0.0982845
1.00646
1.396
1.61658
1.09197
0.75217
0.212598
0.912931
1.27414
0.0650088
1.04074
1.42603
1.46857
0.00847507
0.971197
1.82664
0.419395
1.88357
1.44983
1.32765
0.638866
0.00646579
0.970474
0.585898
1.04571
0.761984
1.95109
1.787
1.76663
1.62895
0.123624
1.72476
0.275126
1.85538
0.772569
1.89908
0.247312
1.84264
1.06715
0.113778
1.37255
1.10383
1.6801
0.402579
1.09051
1.66242
1.16118
0.535186
1.75809
0.298098
1.87615
0.323308
0.765682
0.0938135
0.555217
0.286839
0.761324
1.19492
0.141239
0.453912
0.378597
0.609329
0.130367
1.01049
1.87513
1.74356
0.324851
0.190211
1.69739
1.70557
1.41945
1.97337
0.715578
1.04752
0.484329
0.934271
0.993088
1.80034
1.68177
0.267068
0.162094
1.3841
1.61942
1.87193
0.0954406
1.95124
1.57439
0.456922
0.822349
1.81521
1.63947
0.847475
0.132461
0.974377
1.63356
1.19652
0.698751
1.59185
0.336248
0.626522
0.236422
0.234492
0.267107
1.81949
0.514622
1.77037
0.74597
0.710224
0.992509
0.596388
1.02752
0.14318
1.8952
1.56516
1.92372
0.260461
0.105645
1.85767
0.165491
0.847211
1.07327
1.96528
0.604089
1.47689
1.25296
1.82687
0.913397
1.44738
1.50785
1.16362
1.24282
0.974497
0.211284
1.41834
0.681848
1.23376
1.69962
0.731392
1.51508
0.658913
0.93676
0.0445138
1.66064
1.42085
0.636859
1.38717
1.30013
0.247843
1.60684
1.55277
0.3648
1.25931
0.911934
0.298956
1.34226
1.95718
1.31323
0.258679
1.34267
1.80718
1.61793
0.583434
0.160148
1.30011
0.225118
1.53843
0.901723
0.922318
1.36164
0.68904
0.75112
0.22688
0.543303
1.06238
1.78343
1.08503
0.780954
1.16566
0.0553114
0.0379263
0.00529552
0.89821
1.35785
0.184213
1.90218
1.56997
1.78483
0.0160805
0.286296
0.521822
0.217111
1.68333
0.812768
0.288766
1.81894
0.749185
0.82245
1.50417
0.435858
1.15421
0.68605
0.770373
0.524464
1.44611
1.48416
0.871881
1.01129
0.648628
1.44503
0.326087
1.86044
0.919717
1.29809
0.199456
1.8049
0.562218
0.0928471
1.75435
0.135123
1.50523
0.795005
1.17652
0.67337
0.116812
0.103183
1.40764
0.446181
0.250602
1.8381
0.968253
0.54665
0.774715
1.52771
0.41763
0.159835
1.51826
0.291859
0.97185
1.11378
0.15952
1.7669
1.66723
1.48002
0.524188
1.0697
1.97181
0.37701
0.219645
0.681201
1.88166
1.7125
0.0265329
0.489404
1.74455
1.83526
0.805877
0.851349
0.213516
0.79965
0.13006
0.388724
1.59819
0.602686
0.951077
0.0446079
1.91933
0.201837
1.31723
0.621439
0.0667008
0.861036
1.19629
1.68464
1.68322
1.59348
1.57496
0.635064
1.24083
0.439567
1.57313
1.80183
1.43611
1.85689
0.0651121
0.35238
1.7321
1.84662
1.4664
1.19805
0.44004
0.604446
0.482715
0.170098
1.09318
1.70422
1.58748
1.94824
0.176055
0.540688
1.63065
0.800122
1.59225
1.55576
0.000601768
0.554326
0.205533
1.54039
1.94866
1.50363
1.99091
0.0702946
1.95209
0.738093
0.370645
0.846074
1.64627
1.85022
1.67103
1.73991
1.0893
0.965775
1.53619
1.65926
1.7957
1.98662
0.983798
0.71087
1.46622
0.975654
1.82455
1.68059
1.15715
0.990931
1.33647
1.73153
0.184844
1.75157
1.48097
1.15198
0.225762
0.351504
0.994003
1.14009
1.72884
0.0835482
0.320575
1.06605
1.82604
0.0246365
0.35685
1.11921
1.40014
1.39938
0.375511
0.0605217
1.47329
0.462537
1.33298
0.960882
1.60624
0.515887
0.0732908
1.97779
1.90825
1.42627
1.19258
0.0844421
1.25856
1.98585
1.87246
0.687314
1.85423
1.56053
0.777434
1.17876
1.9121
1.7781
1.40398
0.991834
0.11955
0.329109
0.27478
0.383543
0.788311
1.69041
1.93478
0.252846
0.642943
0.442071
1.0567
1.90537
0.877164
1.72616
0.372845
1.31104
1.97994
1.25771
0.105653
0.881168
0.0609552
1.50666
1.85788
0.314089
0.848745
1.56469
1.98435
0.105392
0.705754
0.936213
1.73619
1.87608
0.912505
1.27913
1.52745
0.118242
0.0673919
0.17034
0.879651
1.53894
0.1794
1.24964
0.987891
0.387511
1.85389
0.987851
0.81505
1.66685
0.572218
0.1781
1.1837
0.461807
0.105122
1.77386
0.138495
0.0226389
0.524487
1.9985
1.20643
1.13009
1.56175
0.139183
1.66653
0.299501
1.46389
1.0331
1.60796
1.9169
0.740849
0.891154
0.154798
1.4708
0.107158
1.73594
0.853864
1.33901
0.960171
0.693795
0.235079
1.60234
1.91282
0.188715
1.81917
0.68923
0.858071
1.59609
0.423931
0.192469
0.0556406
0.365761
0.363257
0.172027
1.25455
0.0670934
0.261437
0.363361
0.876318
1.60144
0.959635
1.7946
1.83093
0.657307
1.86486
1.02894
1.84057
1.58912
0.292374
1.23761
0.177082
1.77552
1.66658
0.336642
0.383195
1.34385
0.305882
1.34828
1.48561
0.0276572
0.528774
1.01194
0.106123
0.726898
0.435777
0.10703
0.980531
1.37591
0.086527
0.347275
1.95951
1.00989
0.981408
1.60125
1.99529
0.432976
1.07993
0.719536
1.84781
0.399187
0.686107
1.97038
1.78305
0.958801
0.0401264
0.646117
0.261765
1.9821
1.90005
0.118898
1.06754
1.9829
1.27551
1.48252
1.2654
0.584491
1.53751
1.89992
0.920047
1.59868
1.1976
1.19618
0.0808158
0.0553684
0.0544467
0.360964
1.80277
0.178275
0.509121
0.668569
1.14772
0.208007
1.49135
0.509082
1.14342
1.69336
1.21903
0.359147
1.92316
1.06132
1.06667
1.36957
0.261829
1.70268
1.8155
1.42644
0.385032
0.104971
0.816548
1.28444
1.86558
1.63577
1.9951
0.78416
1.27337
0.393852
1.10684
0.309961
0.732896
0.747189
1.24664
1.82243
1.49715
1.20082
0.373024
1.06718
0.43471
0.0900041
1.69823
1.69535
0.451461
0.295981
0.0982747
0.521724
1.44248
1.97825
0.987052
0.692905
1.99931
0.774891
0.232858
0.0258477
0.998401
0.703517
1.38718
0.339235
1.22637
0.319261
0.102123
1.20215
1.25378
1.66793
0.424563
1.94957
1.99258
1.8802
1.44965
0.971842
0.0922698
1.81166
1.01424
0.479657
0.71472
1.61955
1.09841
0.956584
1.87199
0.540094
1.63468
1.72682
0.176854
1.06798
1.11794
1.06184
1.55082
1.99841
0.816168
1.90498
0.104691
0.96928
1.50967
0.0549644
1.01635
0.819633
1.51224
0.207858
0.232124
0.908153
0.982584
1.3971
0.669567
0.207712
1.29668
1.65505
1.42878
1.31155
0.198296
0.872031
1.19035
0.31928
0.044625
1.23219
0.681202
1.47257
1.44347
1.75372
1.78145
1.89612
1.70147
0.741056
1.87163
0.268618
1.4637
0.32611
1.49412
0.535026
1.33846
0.127073
1.7476
0.17803
0.0313109
0.0539287
0.000582695
1.37047
1.57891
0.047622
0.877433
0.505241
0.104948
1.68898
0.48703
0.819376
0.562268
1.74637
1.98583
0.0728908
0.510035
1.67869
0.348758
0.970413
0.326877
0.939517
1.11851
1.34166
0.981223
0.381199
0.0713363
1.50382
1.85325
0.528518
1.13524
1.32545
0.0250401
0.91673
1.85364
0.215892
1.10775
1.77215
0.0733848
0.102846
0.50568
1.17506
0.490109
1.21951
1.39045
1.86014
1.64707
1.57867
1.89108
0.812957
0.980916
0.520645
0.713116
1.71487
1.80994
1.92062
0.494249
0.121499
0.599238
1.9043
0.137046
0.730816
0.949684
1.43157
0.782862
0.275774
1.99504
1.27481
0.362367
1.94289
1.863
0.156971
1.93398
1.23288
0.209044
0.0637255
0.334932
1.19363
0.190576
0.509384
1.55614
1.6346
1.15873
1.90149
1.6543
1.08608
0.277003
0.322674
1.96879
1.75753
1.57144
1.63156
0.696508
1.53963
0.471864
0.99484
0.807549
1.65553
1.94725
0.966777
0.33805
1.48555
0.0635515
1.37304
1.87259
0.56892
0.875258
1.68266
0.82759
0.162433
0.821953
0.729378
0.521001
0.0313215
1.9311
0.749215
0.994672
0.291313
0.729414
0.455035
0.687938
0.529116
1.69316
1.74468
0.266279
1.37292
1.02232
1.85901
1.63682
0.97812
0.616288
1.08405
1.09892
0.761727
0.28533
0.313084
1.23152
1.85368
1.11127
1.30295
1.84951
0.091718
1.625
0.250946
1.68608
1.62744
0.435327
0.743928
0.442981
1.02514
0.894412
1.78655
0.378964
1.52923
0.83187
1.72886
1.35802
0.58385
0.417265
0.341688
0.0370491
1.8478
0.605976
0.859511
1.65905
1.05044
0.333891
1.83836
1.85188
1.78286
0.39536
1.88564
0.304361
0.0196797
1.55373
1.62513
1.83277
1.46879
0.643205
0.302921
0.40352
0.0634007
0.159324
0.202414
0.741287
0.141497
0.734371
1.2135
1.13158
0.344723
1.20032
0.533589
0.950178
0.29065
0.252345
1.87674
1.21028
0.557123
0.842498
0.318418
0.0748022
1.08561
0.215417
1.11577
1.05706
1.04665
1.86737
0.168079
0.46428
1.96112
1.67655
0.99508
0.324762
1.90093
0.04031
0.115072
1.88384
0.927606
1.68532
1.59884
0.432944
0.388424
1.07438
1.67224
0.763749
0.663467
0.81658
1.68868
0.0636245
1.79007
0.271219
1.59394
1.6196
1.5791
1.82646
1.14468
1.17127
1.62811
0.453355
1.81516
1.77815
1.74325
0.0823903
0.867264
0.598725
0.0833653
0.48245
1.86507
0.944902
0.137593
1.96926
0.877449
0.683706
1.94079
1.81578
1.77929
1.80027
0.731727
1.98949
1.90874
1.12474
1.10956
0.0771819
0.22659
0.281802
0.0537701
0.157142
1.17158
0.0272572
0.666915
0.252583
0.94439
1.79434
0.377365
0.0134695
0.0688732
0.934632
0.277309
0.124939
1.31354
0.252648
0.0787933
0.239796
1.51924
1.91907
1.75959
1.97415
1.17947
0.514906
1.49157
1.3118
1.62569
1.09433
1.53858
1.5195
0.244726
1.30567
1.80735
1.23943
1.42149
1.32038
0.177995
0.72837
0.00936711
1.12665
0.583796
0.912924
1.44514
0.868973
1.49933
1.03614
0.183311
1.88262
1.12524
0.103765
0.0439998
1.23876
1.65827
1.94847
0.0469735
0.543901
0.18842
0.334803
1.26671
1.8847
0.385664
0.778906
0.0258406
1.81702
1.64489
1.54151
1.16863
0.561681
0.417081
0.198624
1.93085
0.285604
1.76135
0.124093
0.169671
1.7892
0.426814
0.52647
0.000620127
1.1815
1.38739
0.281906
0.642687
0.120863
1.49991
0.69948
1.29736
1.042
0.850066
1.65311
0.103903
0.14769
1.5028
0.750486
1.28496
1.91346
0.338174
1.13228
0.159763
1.96995
0.424381
0.707692
1.6949
0.122882
0.58674
1.88992
0.762016
0.931026
1.72642
0.192599
0.928392
1.83202
1.59723
1.79456
1.63718
1.86959
0.678338
0.63787
1.38374
1.98947
0.736157
0.246882
0.821488
0.817669
0.714207
1.28708
0.142927
0.306974
0.790419
0.470517
1.9289
1.71354
0.714377
1.56732
0.44895
0.412874
1.73843
0.0612082
1.7078
0.383027
0.233819
0.797848
1.91547
0.276998
1.47033
1.79436
1.26009
1.76847
0.0902152
1.57759
1.75799
0.595316
0.893178
0.674601
1.82017
0.474112
1.11864
1.37663
0.657444
1.25078
0.735561
0.990931
1.03295
1.82521
0.456587
0.05872
1.48142
1.14399
0.337147
0.690399
0.472883
1.93687
0.475413
0.648947
1.53246
0.423959
0.0887343
0.737547
1.61646
1.15397
0.343913
0.0145229
1.19087
1.57351
0.962185
1.78216
1.18423
0.541063
0.579147
0.557851
1.58651
1.13613
1.79947
0.900891
1.65806
0.503674
1.23805
0.144934
0.534888
1.74414
0.755754
0.472288
0.114723
0.610805
0.423025
1.17411
1.77644
1.40177
1.93842
0.156768
1.91089
0.719959
0.0911964
0.608365
0.964955
0.775893
0.704862
0.224103
0.449611
0.305143
1.985
0.540128
0.142868
0.0800141
0.101319
1.53643
1.943
0.200031
0.178436
0.338942
1.10529
1.47575
0.899144
0.270861
1.56935
1.60908
0.765669
1.20827
0.926531
1.41394
1.85713
1.089
1.7965
0.351079
1.23565
0.222254
1.77192
1.97852
0.771337
1.69949
1.04718
0.170717
0.145935
0.8437
1.92095
0.186311
0.301445
0.132857
1.61587
1.35907
0.921508
0.709846
1.94839
0.0924346
1.93104
0.39886
0.028541
1.77634
1.69345
0.195325
1.68829
0.185179
0.443803
0.719914
1.61729
1.93079
0.229497
0.279112
1.61877
1.12099
1.83232
0.0155724
1.29864
1.43949
1.36946
1.07928
0.702236
0.102002
1.98988
0.103251
1.53553
1.5063
1.31681
1.24625
1.70194
0.957515
1.46399
1.73444
0.383445
0.273973
0.305077
0.415575
0.0275507
0.00175643
0.441559
0.389669
0.0944431
0.392115
0.457876
1.80928
1.9294
0.350756
0.904444
1.39118
0.0953161
0.0295682
0.0283139
1.35472
1.46545
1.75976
1.55282
1.97083
0.483734
1.97746
0.213956
0.481697
1.11579
1.84295
1.38465
1.80254
0.670281
1.97309
0.479596
1.97274
0.0983192
0.50669
1.27549
1.02917
0.136371
1.93323
0.822686
0.330329
1.00014
1.46396
0.119957
0.619854
0.283936
0.78464
0.971593
1.91557
1.37917
0.112051
0.776046
1.22272
1.33083
0.562923
1.97808
0.874396
0.160681
0.91783
1.09922
0.285517
1.65375
0.603057
0.0871508
0.635298
0.00503862
1.78005
0.295182
1.20006
0.0535097
1.72363
0.92733
1.86675
0.074886
1.9407
0.583342
0.417824
0.342112
1.53952
1.47634
0.0522017
1.76228
0.0201852
1.15845
1.2069
1.23278
1.54536
1.33369
1.77288
1.45605
1.40836
1.61164
1.48624
1.51141
1.69995
0.792926
0.189647
0.873167
0.958825
1.75823
0.907834
1.42809
0.168853
0.616703
0.47829
1.59408
0.409225
0.0185734
1.95119
0.212297
1.00184
0.0940753
0.880451
0.0372123
1.05052
0.100011
1.16114
0.610621
0.357123
0.201974
0.150934
1.89813
1.38924
1.57616
0.116156
1.8904
0.0453311
1.99625
0.19618
1.491
0.512269
0.353027
1.80771
0.0297534
1.70538
0.713631
1.02481
0.655216
1.53074
0.408618
0.0543356
1.44476
0.758284
0.186851
0.0992438
0.255154
1.6656
1.89261
0.419032
1.77023
0.0227593
0.406355
1.10638
1.93318
1.1034
0.818639
0.691009
0.653596
0.00221145
0.580849
1.48664
0.543255
0.271731
1.39826
0.671934
1.10831
0.102429
0.728912
0.0405324
0.356302
1.90304
1.86419
1.56318
1.72256
1.31603
0.635495
1.40458
0.498456
0.263946
1.33234
0.722006
1.56183
1.90805
0.353916
0.685632
0.36829
1.95403
0.669894
1.3676
1.0979
0.0043292
0.493003
1.78688
0.0831125
0.0582893
0.0818329
1.92266
1.92061
0.407927
0.836835
1.13546
1.78166
0.973469
1.81491
1.48316
1.95927
0.869156
0.819377
1.49474
1.75722
0.623909
1.46979
1.48449
0.526583
0.0622822
1.93286
0.591055
0.059593
0.332401
1.46747
1.38099
1.64157
0.815053
0.476667
0.251343
1.9784
1.10318
1.29107
0.152621
0.826372
0.904144
0.825634
1.56855
1.64492
0.796092
1.76683
0.430088
0.450905
0.699939
0.370022
0.855587
0.475027
0.363384
1.47955
1.50322
0.591205
0.796985
0.336686
0.0800985
0.0356352
0.180561
0.0173186
0.0284241
1.1861
0.0467901
0.159001
0.522995
1.95021
0.615585
0.0278145
0.0606087
0.389009
1.27585
0.57613
1.59827
1.76129
1.17354
0.396529
0.584893
1.63288
1.6575
0.00227833
0.100342
0.183024
1.16487
0.31546
0.440794
0.122417
1.15705
1.54588
0.430583
0.382581
0.0890944
1.93939
0.807097
1.91087
1.65506
0.255768
0.0306761
1.54203
0.142754
1.45139
1.90014
1.90465
1.26177
0.791753
0.0324574
1.37531
1.71261
1.53792
0.226728
1.41441
1.54313
0.78469
1.81653
0.111156
0.618781
1.72526
1.61876
1.84912
0.0131118
0.100588
0.641699
0.196091
0.80079
1.53732
1.65822
1.68466
1.98664
0.0719708
0.409588
0.896166
0.566086
0.0264924
0.959387
0.930817
1.48223
0.0624061
1.37402
0.940992
0.13353
0.460498
1.92245
0.215449
0.921657
1.59844
0.169337
0.0218773
0.788626
1.53101
1.86722
1.75582
1.28668
1.71125
0.120667
1.31466
0.0790188
0.208362
1.26241
0.474903
1.60238
0.474011
0.106615
1.6412
0.357979
0.392941
0.0228469
0.400048
1.80773
1.16916
0.960277
0.00100493
0.669446
0.040339
1.19262
0.0827954
0.895638
0.951913
1.35258
1.397
0.479198
0.731594
0.173922
1.61151
0.0852897
1.9309
1.75613
0.514799
0.0201867
0.386633
0.482025
0.163471
0.55207
1.6239
1.33482
0.239861
0.708483
0.215985
0.223731
1.45505
0.00699055
1.98243
0.469927
0.700974
1.56916
0.351151
1.90051
1.69324
0.0123019
0.206531
0.568328
1.80287
1.00857
0.642287
1.11951
0.323704
0.298785
1.7021
1.18051
0.89424
1.47329
1.56482
0.0129217
0.868789
0.192692
0.378443
1.80821
1.68011
1.45295
0.853245
0.128555
0.930537
0.681051
0.0549239
1.60511
0.293966
0.7861
1.01757
1.42875
0.344596
1.04862
0.0153589
0.728938
1.63743
0.405708
0.744305
1.0848
1.4522
0.350408
0.993391
1.49172
0.112177
0.422599
0.536243
0.966654
0.0437102
0.369436
1.53725
0.547273
0.199199
1.44839
1.95073
0.650457
0.159389
1.3481
1.98797
0.184563
1.65569
0.173109
0.568221
1.37219
0.434621
1.14833
1.89685
1.88449
0.42983
0.1368
0.663442
1.54031
1.51963
0.206052
0.207371
0.686238
0.168748
1.19048
1.15923
0.492217
1.04875
1.7465
1.68664
1.89907
0.199762
0.0843434
1.34591
1.97059
1.69479
0.978609
0.929193
0.540327
1.10023
1.94117
1.07531
1.71915
1.03394
0.103481
0.0177343
1.6553
0.216029
1.55701
1.74909
0.0592365
0.886552
1.70544
1.99842
0.40821
0.115474
0.0498185
1.59754
0.989926
0.9048
0.218107
1.86549
0.985836
1.32901
0.210292
0.343045
0.771189
0.50764
0.590755
1.52818
0.0725991
1.51655
1.54004
0.836506
1.67037
1.72622
1.14886
0.551957
0.0301893
0.597717
1.93429
0.0405251
0.460854
0.105546
1.77548
0.220889
0.00958872
0.227552
0.0605278
0.288259
1.39566
0.865978
1.58138
1.30111
1.29508
0.618132
1.66712
0.534071
1.07817
1.72437
1.83573
0.682984
0.18421
1.61997
1.9105
1.2363
0.0087899
0.0124832
1.59817
0.111805
0.843963
1.06011
0.129496
1.84751
1.95873
1.96659
0.0184948
1.80309
0.684016
0.694523
1.81904
1.331
1.35021
1.72887
0.29483
0.101397
1.08919
0.252008
1.43023
0.821212
1.0839
0.541574
1.92282
1.88497
1.33566
0.898142
0.423542
1.55798
1.29496
0.208045
1.90484
0.420457
0.645761
1.49484
0.779413
0.715266
1.64771
1.03725
0.840953
0.103485
0.549362
1.19138
1.98862
0.822289
0.362177
0.194377
1.06742
0.735312
0.330404
1.86821
0.727711
0.300181
1.62214
0.0461322
1.2535
0.72989
0.257339
1.61355
1.22677
1.5966
1.83029
1.70836
1.81681
1.39382
0.535433
1.31699
1.33957
0.519044
1.9027
0.694817
1.58767
0.0909917
0.869959
1.22186
1.14779
1.72069
0.0574694
1.64365
0.822818
0.708841
0.105582
1.03631
1.23897
1.83416
1.3754
1.76337
1.98025
0.179919
0.160658
0.87145
0.81354
0.596123
1.21599
0.967656
1.72575
0.386828
1.56677
0.197441
1.47458
0.501561
0.0100865
1.80603
0.479592
0.934595
1.21947
0.0371927
1.8979
1.97809
1.93389
0.176989
0.663858
0.35593
1.78889
0.356609
0.784893
1.17513
0.597825
0.0498831
0.0121912
1.74084
0.642179
0.854091
0.167955
1.34464
1.99487
0.350335
0.666055
1.77348
0.930009
1.62904
1.98129
0.152365
0.303533
0.136543
0.314033
1.22515
0.68727
0.130694
1.9679
0.976504
1.21913
1.88274
1.4045
0.410221
0.459455
1.33481
0.437474
1.26717
0.0145522
0.119616
0.733909
0.0515102
1.74101
1.78839
1.00524
1.48543
0.0300934
0.85634
0.2463
1.73228
0.323707
1.79938
1.42739
1.68046
1.96947
0.88723
0.291877
1.41441
0.232158
1.6246
0.193178
1.87604
1.94846
1.53018
0.207431
0.467939
1.10499
0.390707
0.603861
0.044788
1.58555
1.95854
1.21914
0.0189738
1.1825
1.98459
1.66415
0.850355
0.978241
1.52613
1.87246
0.768154
1.60353
1.81812
1.76964
0.577063
0.287428
0.754193
0.867711
0.941466
1.96401
0.297173
0.0993729
1.83022
1.75902
0.243351
0.796452
0.65519
0.310292
1.16667
1.73576
1.30607
0.490026
1.99079
1.27982
1.53503
0.794402
0.820928
1.94275
0.883411
1.2256
0.895516
0.9592
0.23871
1.18885
1.46355
1.54954
0.933782
0.354088
1.07687
0.498948
1.43178
0.221457
1.87765
1.87316
1.00635
1.04524
0.28844
0.30471
1.23764
1.93062
0.13442
0.504352
0.542105
0.0365289
1.69951
1.28955
0.542583
0.0126195
1.67278
1.25105
1.02533
0.276636
1.3221
1.82894
1.97458
0.325773
1.02369
1.08434
1.87949
0.85324
0.0379411
0.948216
1.85108
0.212737
1.53538
0.13225
0.131107
0.0492089
1.53835
0.571492
0.751989
0.53033
1.72391
1.73664
1.09483
1.44613
0.718302
1.41579
1.48352
1.28632
0.147038
1.88491
1.92599
1.66967
1.89005
0.627506
1.71619
0.0108576
0.532979
1.40327
1.35107
1.94623
1.74835
1.80691
0.933573
1.86373
1.19846
0.925015
1.55964
0.660277
1.4498
0.107998
0.0854532
1.37317
0.998044
0.685628
1.09811
0.141566
0.521974
1.7155
1.04031
1.96026
1.77475
1.98813
1.34964
0.162264
1.21394
0.209078
0.516339
0.547635
0.585125
1.18001
0.194254
1.37805
1.93452
0.0457896
0.269248
1.93171
1.54605
0.633559
1.38713
0.955101
0.281468
1.09574
1.69909
1.85684
1.8647
1.54398
0.0159137
0.143271
0.529523
0.674772
1.57893
1.26502
1.90457
1.16198
1.78167
0.0978627
1.36157
0.746329
1.85996
1.74591
0.850178
0.229372
1.50047
0.66235
0.211599
1.68583
1.26985
1.13923
0.925077
1.29789
0.920822
0.847447
0.391583
1.46388
1.23217
1.43338
1.69092
0.207985
1.54421
1.2899
1.13208
1.36133
0.733443
0.00640714
0.159563
0.798073
0.863687
1.64282
0.762995
1.07525
0.580085
0.147492
1.6718
1.46375
0.210385
1.6237
1.18826
1.32122
1.22388
1.73106
0.9713
1.95866
0.650122
1.85594
0.97519
1.61422
1.88218
1.24048
0.757039
0.805951
0.142728
1.9946
1.72298
1.03549
1.16086
1.76497
0.591392
0.671144
0.68235
0.475627
0.0242294
1.77391
0.167715
0.704986
1.69327
1.96536
0.955323
0.571923
1.9204
1.3787
1.31109
0.138331
1.22691
1.37678
0.972192
1.96007
1.32168
1.54682
1.78824
1.77815
1.67401
1.51981
0.889501
1.46456
0.254734
0.784188
0.262848
0.222317
1.86087
1.91649
0.321846
0.400424
1.35853
1.62548
1.48092
1.42665
1.76552
1.61724
1.52195
1.92234
0.829056
0.95841
0.00978756
0.0878032
1.18993
0.601679
1.87392
1.79816
0.784555
1.38504
0.847188
0.610185
0.39134
1.74339
1.54965
1.99055
1.16756
1.40819
0.230783
0.00138998
1.09526
1.91444
0.585729
0.711253
1.99667
1.97822
0.207204
0.338488
0.633368
0.762962
1.85301
0.0338424
0.89312
0.20555
1.20623
1.68619
0.193484
0.566622
0.582317
1.47717
0.624192
1.70857
0.10616
0.135721
1.32911
1.28085
0.757218
1.87818
0.174402
0.609064
1.90676
0.0820695
1.7579
0.729421
0.282882
1.62508
1.69834
1.86094
1.00577
1.68511
0.540494
1.7718
1.90118
1.28263
0.110263
0.52951
0.0712783
0.630595
1.59862
0.533586
1.95507
1.25432
1.64181
1.44642
0.263467
1.30008
0.565048
1.95043
1.69952
0.100076
1.99423
0.117574
0.78399
0.223441
1.80592
1.631
0.306118
1.28958
0.606672
1.15734
0.242281
1.06556
1.34944
0.479753
0.119473
1.97235
1.65561
1.29448
0.376349
1.18872
1.84835
1.17447
1.89754
0.0703733
1.72575
0.984506
1.80424
1.5509
1.86287
0.684712
0.104095
0.702183
0.964619
1.86138
1.9705
0.00934827
1.90567
0.298799
1.66634
0.478253
0.769208
1.5467
1.95237
1.11447
0.58333
0.922756
0.168721
0.985155
1.68798
1.9678
1.97882
1.89414
1.89415
0.52055
1.57606
1.5337
1.74815
1.89084
1.0318
0.5683
0.276681
1.6225
0.49846
0.0421363
1.09407
0.851412
1.37659
1.58758
1.01668
1.71776
1.16255
1.48449
0.422459
1.82616
0.972034
1.91376
1.99163
1.98087
1.58947
1.00632
1.83031
1.35528
0.805314
1.99243
1.95289
0.599819
1.27807
0.294038
1.57676
1.468
1.6753
0.079465
1.18276
1.73559
1.45712
1.77944
1.816
1.96482
0.969859
1.01023
1.10525
1.96499
0.768505
0.912198
1.12536
1.01119
1.70535
0.694146
0.839832
0.249461
1.56423
0.762708
0.664179
0.111298
0.105064
1.27699
1.50657
1.67689
0.123869
0.987844
1.95212
0.11765
1.87756
0.808311
1.81571
0.0407219
1.27723
1.00687
0.517842
1.68722
0.0154427
0.241671
0.230795
1.3071
0.0559973
0.841779
0.887106
0.703288
0.672558
0.26904
1.16431
1.21495
0.457291
1.82073
1.96936
0.746816
1.28682
1.61699
0.860638
0.283779
0.306732
1.72663
0.0360626
0.126856
1.34477
0.00364125
0.244182
0.0958157
0.829739
0.17599
1.73548
0.414112
0.565598
0.653934
1.56233
0.302374
1.2132
0.630842
1.82272
1.62529
1.64089
1.74267
0.782244
1.77939
1.67266
0.587913
1.80679
1.83793
0.34183
0.515965
0.723929
0.0930567
0.0470535
0.125266
1.29305
1.18858
0.0809501
1.04683
1.61843
0.121979
0.299259
0.594819
0.118164
1.69662
1.40727
0.913849
1.48668
0.665719
0.410326
0.225223
1.39674
0.891674
0.48134
0.050352
1.894
1.67171
0.52019
0.578794
1.98505
0.87456
1.81061
1.97591
0.00163555
1.50639
0.633035
1.9712
1.96214
1.55219
1.14813
1.67143
0.153329
0.492455
0.259833
0.947317
1.58194
0.162814
1.11184
0.374498
0.141305
1.73531
0.0628113
0.123593
0.0783023
1.86287
1.82113
1.92974
1.13866
1.93726
0.194201
1.09167
1.52256
1.58305
1.58048
1.48422
0.0395496
0.915097
0.459033
0.788842
1.58769
1.86678
1.69168
1.73928
0.58002
0.974706
0.0588235
1.62035
0.630093
0.342601
0.537305
1.19334
0.163182
0.691175
0.951676
0.626213
0.718973
1.97283
0.142155
0.768351
0.125603
1.75806
0.567437
0.77019
1.97935
0.675963
0.497566
0.442653
0.0589757
1.14753
1.99441
1.31259
0.921694
0.406532
1.78185
1.56882
0.491389
0.0165601
1.85335
0.272415
1.20487
1.53238
0.592416
1.92318
0.637774
0.633922
1.74479
1.56161
0.855896
1.95636
0.620445
0.998451
0.23798
1.28999
1.50539
0.36432
0.486988
0.706116
0.546798
1.92297
0.568234
1.42249
0.473165
1.0208
1.99135
0.0566374
0.315902
0.942477
0.846229
1.60053
0.81187
0.925159
0.355381
0.704651
0.779877
0.393081
0.126256
1.94883
0.883983
1.27821
0.864704
0.264222
0.426041
0.156962
0.586677
1.67499
0.180182
0.802492
0.902089
0.125154
1.31495
1.27905
1.51603
1.19577
0.891824
1.76285
0.130414
0.637633
0.446253
0.224312
0.165248
0.891827
0.780285
1.85985
1.43723
1.9382
0.036348
0.382105
1.2199
1.26708
1.21732
0.390149
0.276833
0.678046
1.33285
0.711849
1.43345
0.468
1.98883
1.71193
0.372351
1.03837
0.702567
1.15349
1.7482
0.769601
1.56996
1.77952
0.62544
0.106179
0.483172
1.09837
1.3394
0.968392
0.616915
1.90241
0.594891
0.233928
1.72422
0.32103
1.98702
0.499225
0.667708
1.92528
1.0987
0.676728
0.233107
0.445072
0.413315
0.552475
0.752271
1.69128
0.944132
0.381019
0.423608
0.281368
1.70362
0.744456
1.21226
1.84359
1.60024
0.105662
0.455823
0.0610881
0.280037
0.954772
0.527321
1.62495
1.77951
0.173795
0.265
1.98523
1.29223
0.461108
0.373134
1.69094
1.69439
1.49661
0.0480899
1.37935
0.212736
0.141158
0.155531
1.89807
1.54423
0.165467
1.98022
1.2725
1.04671
1.34147
0.281692
0.0155795
1.256
1.83808
0.944896
1.42242
0.0352741
0.572431
1.53672
0.865175
0.862275
1.55994
1.20086
1.72679
1.38677
1.40245
1.42137
1.63231
0.0928003
1.26601
0.063463
1.81811
0.104222
0.232518
0.167414
0.308392
0.0756385
0.926194
0.990017
0.707812
0.663067
0.427963
0.515245
1.54389
1.59256
0.945675
1.63977
0.165185
0.00822449
1.17822
0.932166
0.0273073
1.16402
1.5693
1.84398
0.834432
1.32232
1.6746
1.77564
1.69658
0.113622
1.41945
1.08864
1.04368
1.73496
1.85286
1.97957
0.594997
0.868599
1.99978
1.84639
0.491679
1.75372
1.69069
1.47032
0.038921
1.03849
0.307264
0.929883
1.15998
0.00992239
0.0429094
1.06844
1.53382
0.0490955
1.50126
0.265924
0.299999
0.772153
1.70041
0.836002
1.3382
0.708141
1.71084
1.86234
1.49223
1.26524
0.284554
0.0968186
0.043434
1.39503
1.09377
0.703183
0.0331018
1.80219
0.784908
1.93002
1.23877
1.39726
1.03813
1.72999
0.786303
0.481381
0.302694
1.8447
1.96732
1.57174
1.59526
1.06905
0.421004
1.10309
0.915908
1.85299
1.43811
0.497734
1.56483
0.212552
0.212899
1.50456
0.0518552
1.62941
0.122732
0.609307
0.464142
0.549744
0.857189
0.711091
0.716012
0.702982
0.582631
0.920138
0.183707
0.936667
1.7352
0.650523
0.920394
0.0675237
1.81123
1.78677
1.0379
0.902701
1.91249
0.475971
1.32201
1.97304
1.76118
0.289135
0.243865
0.366651
1.31815
1.7598
1.55922
0.501894
1.13273
0.380584
1.30915
0.392362
1.44097
0.215896
0.943781
0.960972
1.11667
1.61625
0.160343
0.71743
1.15598
1.9712
0.718078
1.01718
0.0999683
0.0631272
1.33595
1.98057
1.80907
0.264277
0.268788
0.256259
1.60215
0.781485
0.204721
0.378205
0.363228
1.13097
0.639776
1.5617
0.884261
1.02777
1.34216
0.0672826
0.948525
1.37433
0.75526
0.355287
1.55252
1.03043
1.08119
1.69848
1.11026
0.600844
0.527753
0.0191491
0.280384
1.80071
1.72371
1.70919
1.19342
1.15253
1.14462
0.359898
0.162861
1.88106
1.15102
0.735184
0.495491
1.9486
1.47017
1.89196
0.141187
1.93119
0.574978
1.87249
0.965519
0.845066
1.90892
0.470858
1.3699
1.82827
1.99629
0.869595
1.56045
1.95483
0.13444
1.17797
0.0976177
1.09392
1.25837
0.749579
1.59349
0.282437
0.721124
1.68015
1.5307
1.28461
1.74257
1.81986
0.540753
0.0891224
0.994958
0.116004
1.75347
0.102676
0.936411
1.37544
1.79923
1.49271
0.258089
0.525449
0.652602
1.88436
1.93899
1.11789
0.517941
0.129259
0.365099
0.601139
0.560903
0.0242658
1.03571
0.513836
0.865115
1.93527
1.25183
1.65268
0.402252
0.083117
1.82218
1.68339
1.90833
1.0114
1.84045
0.249906
0.106762
0.57814
1.17878
0.0339712
1.11107
1.59926
0.997472
1.12899
0.825558
0.0518861
0.132493
1.02619
1.52446
0.495032
1.49719
0.116079
0.222799
0.0181804
1.39014
1.82475
0.18189
0.793365
1.43205
0.040699
0.141484
1.97287
0.880249
1.17646
1.76809
0.66588
1.99426
0.413084
0.832058
0.786331
1.79198
1.52384
1.9245
0.100644
1.34564
1.24894
0.673136
1.84858
1.51827
0.529068
0.221728
0.592664
0.639183
0.232484
0.177061
1.7294
0.648382
1.80165
1.22956
1.60733
0.835217
0.357783
0.813707
0.205454
0.830714
1.45699
0.0836035
1.56271
0.701553
0.677046
0.216692
0.0215037
0.758303
0.637119
0.247119
1.88223
1.03354
1.70681
1.81339
0.132055
0.117742
0.0292802
1.77169
0.192079
1.82605
0.32754
0.731788
0.0794529
0.975994
0.320303
1.82963
1.04753
0.10037
1.90912
0.69076
0.452955
0.633836
1.79507
0.422283
0.573876
1.25955
0.122499
1.73073
0.397494
1.73659
1.75619
0.19031
1.71398
1.13471
0.115501
0.0900176
0.535635
1.40398
0.157317
0.598122
0.732192
1.24185
1.00211
0.992406
0.262782
0.617778
0.125283
0.351908
0.526845
1.91113
0.0141213
1.95919
0.817578
0.011132
0.49806
1.16683
0.932688
1.1694
0.0647757
0.664291
1.86116
1.97582
0.592626
1.45843
1.49364
0.103975
0.1006
1.94986
0.0864257
1.84933
0.161235
0.84179
0.0756773
1.65527
1.56704
0.466918
0.0132381
1.43575
1.61934
0.121142
1.77927
1.48021
0.506492
0.675602
0.162112
0.0986745
0.871837
0.768396
0.392213
0.69273
1.54923
0.735607
0.354538
1.16729
0.0520903
0.201679
0.373713
1.1611
0.296957
1.17974
1.23178
0.729359
0.326004
1.07328
1.08695
0.808109
1.80919
1.09709
0.609564
0.664264
0.925685
1.94639
0.211551
0.266248
1.86536
0.210808
0.810911
1.9049
1.1504
0.228611
1.96145
1.91405
0.166094
0.989004
1.01653
0.726327
1.51874
0.00244665
1.88269
1.16438
0.751498
0.827378
1.92595
0.645437
0.121818
0.254953
1.92796
0.790043
1.73124
0.698028
1.6896
0.612212
0.399791
1.72539
1.9337
1.50802
1.03386
0.971374
1.87045
0.686773
1.85898
1.16786
0.199143
0.394446
1.33197
1.30219
1.85227
1.62831
1.79025
1.05956
1.14847
1.8327
1.67844
1.69872
1.44988
1.81774
1.06265
0.341493
0.0352207
1.97957
0.169985
0.939426
0.148789
1.5844
1.8624
1.52432
0.859841
0.72854
1.04844
0.653321
0.183043
0.599365
1.73329
1.9063
1.98285
0.0950944
1.04738
1.75385
0.3259
1.96245
1.29699
1.64311
0.681259
1.71473
0.156631
1.1403
0.59417
1.94044
0.232064
0.544803
0.721839
0.416805
1.02534
1.34086
0.176375
0.0602666
1.77532
0.711045
1.07887
0.202125
1.92984
1.40132
0.14082
1.93413
1.22142
1.79082
1.73995
0.0146328
0.373098
1.42529
0.571592
1.93402
0.0390979
1.223
1.93831
1.13213
0.590117
1.97026
0.480997
0.170648
0.170186
1.57238
0.57767
0.117357
0.170279
1.28121
1.90028
1.7896
0.594814
1.7003
0.304314
0.502017
1.85953
0.815404
1.4261
0.11784
0.0471182
1.8522
0.241214
1.55708
1.08674
1.9625
1.06225
0.062793
0.557154
1.47924
0.729041
1.51088
1.68203
0.193074
1.97041
0.141292
0.190937
1.78081
1.68416
1.27426
0.667682
0.0803715
1.57816
0.714721
1.19383
0.0954311
0.715595
0.215384
1.83254
1.20471
0.09191
1.16245
1.75252
0.248692
0.882784
0.0304857
1.78862
0.580882
0.564664
0.416244
1.45301
1.33431
0.614304
0.519957
1.74303
0.0146881
0.923365
0.092911
0.853471
1.16832
1.88411
1.25753
0.717335
1.77396
0.0578566
0.855062
0.0423143
0.399251
1.59808
0.639171
0.0291741
0.967688
1.92802
1.92573
0.18995
0.150603
0.0877284
1.81749
0.351892
0.0239596
1.3851
0.701925
1.80539
0.0705907
0.0637715
1.43109
1.7969
0.225349
1.94795
1.65622
1.96014
0.00616217
1.81729
0.773331
0.448768
0.506166
0.498581
1.30228
1.29063
0.667972
0.788936
0.261428
1.71472
0.934714
0.328502
1.81086
1.01472
1.72951
0.24891
1.50215
0.266583
1.91713
1.34909
0.689638
1.99934
1.62543
1.96347
1.08423
0.67648
0.346521
0.0614858
1.63154
1.31421
0.509358
0.573699
1.48624
0.909227
1.85417
0.755262
0.287245
0.776429
0.204048
0.678872
0.781486
1.24003
1.2168
0.289733
1.08643
1.36467
1.58512
0.169305
0.043679
0.0898594
1.47394
1.1193
0.232269
1.97436
1.0674
0.346935
0.266671
1.31969
0.594223
0.0540254
0.505281
1.9719
0.427091
0.0610201
0.0269367
0.252834
1.03809
1.70309
0.97395
1.55862
1.84066
0.377015
1.78239
1.87572
0.877561
0.469537
1.07421
0.242404
0.518196
1.73973
1.70057
1.92664
1.7236
0.432564
1.72008
1.62653
1.57239
1.65304
1.3023
0.368794
0.268471
1.66134
1.98067
0.22851
0.0364648
0.112916
1.67549
0.248719
1.56231
0.961442
1.77153
0.825515
0.290816
1.20519
1.97005
0.115136
1.93285
1.85658
1.95142
1.04798
0.641358
0.416103
1.6732
0.850356
1.5797
1.30378
0.923605
0.387888
0.0233603
0.398021
0.763527
0.529124
0.755691
0.860162
1.53663
1.06987
0.280919
1.84954
1.7711
0.687069
1.74564
0.244936
0.68655
1.81314
1.47251
0.0619344
1.96001
1.86225
1.61104
0.420148
1.56729
0.411518
1.8402
1.43332
0.110108
0.848953
1.88046
0.632967
1.45365
0.982675
0.968192
0.419081
1.86912
1.47011
0.758828
0.838367
0.285545
1.98056
0.718124
1.6142
1.90661
0.922261
1.83272
1.25285
1.90272
0.33444
1.60133
1.5911
1.57045
1.66428
1.31823
1.56173
0.752465
1.35534
1.2626
1.66952
1.23862
0.433134
0.485134
1.17087
0.22454
1.1496
0.945811
1.19211
1.70829
1.95985
0.961695
0.989806
1.1019
1.7662
0.309214
1.96657
0.922872
1.6191
0.100743
1.86154
1.68774
0.832837
1.98714
0.702042
0.452365
0.327455
0.192112
1.94331
0.792282
1.30715
1.94448
1.90755
0.852597
1.3077
1.38242
0.0343415
0.303966
0.844938
1.80059
0.949045
0.961391
0.717646
1.62351
1.26764
0.290057
1.93643
1.43201
0.904391
0.971942
1.1841
1.38168
1.04027
0.70474
1.87304
1.97434
1.2237
0.743542
1.37088
1.96876
1.58077
1.48967
0.747627
1.75017
1.69783
1.40055
0.979267
1.18476
1.64535
1.76061
1.95692
0.347278
0.511473
0.374927
1.75318
1.26181
0.0074116
0.00653398
0.650284
1.5468
0.995849
1.31943
0.690993
1.35273
0.325995
0.538038
1.13474
1.03627
0.281102
0.184646
0.0637589
1.87222
1.27058
1.03288
1.69
0.257182
0.210417
1.73381
0.441575
1.82124
1.42995
0.629893
1.03492
1.02588
1.92375
1.97161
1.9688
1.74798
0.992811
0.120497
0.254322
1.34131
0.446681
1.30981
1.63191
1.04172
1.36428
1.80241
0.852954
1.91771
1.79108
1.9449
0.86173
1.74365
0.870191
0.304483
0.903507
1.40343
1.78207
1.71729
1.58221
1.49266
0.225188
0.0557774
1.63262
0.906022
1.55303
0.225107
1.81849
1.65013
1.18402
1.47896
1.67965
0.308319
1.47185
0.561419
0.743488
1.58022
1.85175
0.351363
1.29701
1.36679
1.94515
1.93356
1.66744
0.250246
1.18408
1.93568
0.271561
0.218574
1.708
0.293136
0.379975
0.887896
1.65534
0.600275
0.330913
0.78606
0.487181
0.972776
1.1286
1.48509
1.95174
0.470119
0.995156
1.96667
1.42361
1.43242
1.68505
0.0369223
1.07585
0.957199
1.84227
1.4184
0.141167
0.631873
0.180385
1.45388
0.490744
1.329
1.30961
0.420574
0.105828
1.92018
0.0840768
1.6732
1.5199
1.73469
0.218446
0.514531
0.591369
1.52366
1.4142
0.324221
1.6466
0.923849
1.9994
0.0145091
0.939777
1.25706
1.00067
1.65557
0.252197
1.20358
1.55955
1.64491
0.427961
1.76926
1.57509
0.612831
1.2193
0.555687
0.96633
1.62386
1.97613
0.114669
0.695324
0.903891
1.94308
0.183377
0.288471
0.699349
0.0741128
0.0336025
0.477842
0.0846021
0.557423
1.71327
1.81939
0.488485
1.66712
1.77385
1.90813
1.50414
0.544298
0.0205277
1.50707
1.36503
1.46554
1.45906
1.99905
0.561053
0.532939
0.873157
0.480912
0.169418
1.81147
1.10555
1.76446
1.99187
0.837096
1.78262
1.34005
1.20032
0.0164078
0.0290939
1.79675
1.26677
0.306378
1.73082
1.51451
0.113092
1.98954
1.51721
0.122529
1.61643
0.506715
1.93642
1.992
0.342075
1.37861
0.557965
0.306004
0.0289872
1.60058
0.550032
0.36005
0.423571
1.32055
0.217042
1.52857
1.79075
0.639393
1.52571
1.51244
1.78213
0.0727755
0.270494
1.81175
0.145671
1.90728
1.28414
1.66245
1.65245
1.55964
0.247455
1.74876
0.471665
0.0245863
0.645923
0.569766
0.00176263
1.19129
1.68667
0.61801
0.569941
0.575671
1.98159
0.901372
0.763213
1.96477
0.256767
0.944787
1.13813
1.77881
0.955488
0.0872288
1.94858
0.731627
1.15989
1.68161
0.835002
0.107818
0.293836
1.35058
0.675843
1.78974
0.167732
1.57515
1.01673
0.630998
1.37236
0.00698495
1.37999
1.97365
1.05101
1.93779
1.77167
1.69013
0.14607
0.175328
0.95828
0.249066
1.17878
0.774165
1.79557
0.246469
1.19971
0.734043
1.84175
1.58714
1.5759
0.905001
1.78178
0.663955
0.642684
1.17349
1.92327
0.660686
0.443292
1.86263
0.619304
0.271317
0.0227889
0.0424857
0.801131
0.330677
0.602651
0.405662
1.30771
1.9722
1.36397
1.85464
1.8545
0.670039
0.46079
0.700514
1.59302
1.48117
1.98313
0.429952
1.12354
0.771606
1.28211
0.47192
1.75935
1.73516
1.16378
0.0447677
1.43255
0.631643
1.28471
1.11745
0.335189
1.60809
1.95432
0.374851
0.141138
1.09433
0.420423
0.251563
0.70316
1.4419
0.684137
0.351128
0.209581
0.0277178
0.792232
0.251194
0.69862
0.15027
1.9098
0.992968
1.8848
0.65021
1.53874
1.83225
1.29972
1.36217
0.00662887
0.687172
1.21682
1.67774
1.48213
1.14217
0.0928583
0.166666
0.029711
1.89197
0.965832
1.57436
0.277721
0.32557
1.26715
1.67873
1.8699
0.474475
1.25014
0.297162
0.634162
0.693506
0.404084
0.231583
1.80472
0.0254781
0.837827
0.0489725
0.158235
1.7534
1.61991
1.77417
1.46251
0.196307
0.49476
1.62785
1.56409
1.47266
0.118067
0.603982
0.184881
0.0285192
0.852744
0.239865
0.222192
0.738776
1.62602
1.87762
0.680469
0.435627
0.200446
0.933236
0.262844
1.26886
0.561998
0.640512
0.227087
1.90912
0.294198
1.18178
1.24729
1.55419
0.420964
0.151657
1.64438
0.694536
0.903486
0.285569
1.98231
1.19411
1.63397
0.373702
0.329937
0.481832
0.147102
0.575649
1.88018
0.892094
0.528324
1.48887
1.6185
0.667545
1.11484
0.872758
1.00648
0.567188
0.431627
0.510582
1.68714
0.331291
1.66219
0.492229
0.947539
0.915223
1.95548
0.0054822
1.05867
0.556844
1.56678
0.350136
0.0116179
0.0793555
1.90524
0.173393
1.34979
1.14073
1.74635
0.430277
1.95826
1.99604
0.306776
0.366678
0.0323553
1.09754
0.0129849
0.883259
1.03711
0.00436735
0.916506
1.36548
1.53049
0.791591
0.0279499
1.76317
0.591823
0.0166146
1.86305
1.63002
1.91611
1.64665
1.01777
1.71724
0.157602
0.610361
1.76775
1.76309
1.71231
0.381968
0.194515
0.053196
0.119513
0.718347
1.08839
1.52609
1.0116
1.81629
0.0531261
0.848496
1.83096
0.95462
1.20522
0.962185
1.67495
0.813154
0.749351
1.05851
1.90885
0.143304
0.343948
0.432328
1.98145
0.000876069
1.49413
0.658893
1.35265
0.664115
0.795336
0.5654
1.86227
0.991148
1.06407
0.00773883
1.15481
1.99504
0.0646867
1.73665
0.538375
1.80768
0.627355
0.936341
0.225987
0.735279
0.258206
0.121466
0.206604
0.662124
0.0676184
1.85951
0.269357
1.97568
1.75375
0.275215
0.151845
1.57937
1.72689
1.095
0.461966
1.9556
1.8057
0.14058
1.91157
0.638516
1.53282
1.38871
1.96061
1.89047
1.86281
0.439912
0.217537
1.50109
0.966044
0.762288
0.625981
1.3277
1.67788
1.95412
0.987864
1.46007
1.50147
1.64358
1.08517
0.0319545
0.804165
1.42834
0.179017
0.791567
0.572479
1.86475
0.689338
0.227552
1.69225
1.83483
0.841754
1.8002
1.43882
0.42042
0.511307
0.0734533
0.0759072
0.0211958
0.192861
0.0542891
1.56576
0.772978
1.63669
1.23852
1.95103
1.21394
0.116397
1.32022
1.42016
1.96158
1.82024
1.93913
0.00572455
0.747761
1.41483
1.55845
1.82701
1.214
0.495459
1.96641
1.51725
0.25995
0.0658782
0.0683169
1.20871
1.35969
0.180058
1.54566
0.140678
1.55394
0.142628
1.6259
0.878767
0.610517
0.720949
1.6313
1.28953
1.0027
1.82111
1.19376
1.65103
0.922889
0.143051
0.338233
1.33471
1.34976
0.896147
1.73813
0.390348
1.44428
0.0538818
0.0362425
0.828991
1.89106
1.9127
0.0904335
0.245202
1.76951
0.927094
0.176365
1.58074
0.836034
0.493919
1.51003
0.083249
1.6035
0.675552
1.47187
1.38002
0.264202
1.41287
0.270137
1.0734
1.33923
1.22125
0.466169
1.93887
1.12643
1.71521
1.21382
0.540735
0.053074
0.0599408
1.93922
0.359996
0.991477
0.2019
0.266963
0.879074
1.75195
1.24653
0.477085
1.9626
1.32594
1.67161
1.83657
0.558626
1.19897
1.42635
0.520151
0.872499
1.97898
0.22665
0.0882285
0.888617
1.18392
1.63714
0.116308
1.86101
0.131612
0.681442
1.09515
0.590617
1.79867
1.50496
1.95784
0.363161
1.14517
0.573393
1.85313
1.31319
0.39455
1.4151
0.163421
0.182993
0.0866293
0.190366
1.48749
0.184512
0.117021
1.86195
0.314977
1.1604
0.284119
0.275942
1.11744
1.587
0.714479
0.813984
1.47264
1.05665
0.271012
0.694743
1.89888
1.11125
0.188008
1.92763
0.725086
0.582344
1.98107
0.989909
1.21683
0.810433
1.89211
1.95417
0.400128
0.155095
0.0657694
0.00334084
0.826408
0.611424
0.277771
0.862787
1.84974
1.92855
1.27182
1.87693
1.37285
1.75003
1.84105
1.74006
0.0436642
1.42781
1.96979
1.74667
1.94379
1.4692
0.148882
0.894328
1.26523
0.0755278
0.408265
0.0628403
1.64378
1.88937
0.148749
0.836265
1.48584
0.144828
0.361543
1.89443
1.95428
0.182873
1.27566
0.278005
0.506163
1.55112
1.11989
1.21475
0.842117
0.374991
1.75371
0.368811
0.577981
1.54351
1.47322
1.01588
0.388954
1.67334
1.33728
0.232141
0.666343
0.4636
0.990766
0.140937
1.7375
1.61417
0.582564
1.41646
1.81588
0.123739
0.154928
0.131991
0.0284296
0.680102
1.90537
0.150549
1.75357
1.59808
0.929951
0.116659
1.82651
0.713448
1.22224
1.94074
1.85363
0.0170132
1.75134
1.20988
1.97456
1.77316
0.257909
0.345194
0.753001
0.253486
0.988264
0.866277
1.66818
1.9674
0.871353
1.48537
1.16776
0.00183022
1.86163
0.0357194
0.111541
0.309166
1.87829
1.95484
0.991909
0.750234
1.55891
1.2764
0.147466
1.77464
1.97079
0.287332
1.12372
0.555509
1.38668
0.957594
0.356041
1.07015
1.90716
0.225281
0.798555
1.27016
0.293463
0.468141
1.39269
0.387802
1.74651
0.0378467
1.75358
1.38919
1.24224
1.74468
0.585027
1.20092
1.83402
1.18918
1.78354
0.449476
0.49797
1.98502
0.433926
1.97679
1.25779
1.79358
1.54789
0.358727
1.6189
0.523019
0.0578998
0.63089
1.60702
1.2509
1.86724
0.296947
1.36667
0.0240445
0.601138
1.83371
1.32572
1.22152
1.73754
0.733461
0.357343
1.6849
0.285645
1.8484
1.62246
1.04989
1.94109
1.91024
0.381864
0.808794
1.77372
1.06836
1.03084
0.873273
1.9737
0.303333
1.50045
1.51012
1.26801
0.863703
1.12083
1.9088
0.623215
1.61046
1.89989
0.373207
1.90624
0.252585
0.00570512
0.498799
1.51349
1.34724
1.85505
1.7259
0.261876
1.70838
0.126432
1.5206
0.492975
0.346424
1.93467
1.54656
1.02387
0.429543
1.98991
1.90696
1.34952
1.51983
1.62818
0.958553
1.81654
0.0944499
0.0533648
0.927559
1.73176
1.13772
0.23767
1.40442
1.86686
1.67305
0.200575
0.325242
1.90593
1.99429
1.87978
0.957859
0.188561
1.98394
0.171165
0.722827
1.31564
1.39202
0.144297
1.78623
1.62205
1.93562
1.6271
0.373286
0.428875
1.10038
1.66313
0.637899
0.880423
0.397327
0.380688
1.16126
1.26566
1.05422
1.19192
1.75279
0.0164884
0.180629
1.83532
1.3092
1.17511
1.96701
0.498845
0.485036
1.96068
0.392853
0.749567
1.92796
0.16102
0.0611713
1.03328
0.0997838
0.95185
1.44898
0.195741
1.83393
1.69684
1.75301
1.67258
1.57952
1.46911
1.94945
0.133676
1.87677
0.949633
0.765253
1.40434
0.673568
0.907756
0.257973
1.1145
0.0761642
0.294896
1.43983
0.441716
1.84556
1.09344
1.61517
1.20166
0.630265
1.15027
0.704355
1.90355
1.17178
1.36734
0.779932
1.86755
0.907827
1.21349
1.22756
0.320143
1.3644
0.449741
1.37627
0.169672
1.56729
0.656751
0.707336
1.6997
1.37277
1.19956
1.79419
0.972303
0.883454
1.19274
0.0206082
1.90492
0.657111
0.264048
1.99168
1.89382
0.140487
0.613868
1.32454
1.29811
1.20085
0.784839
1.46117
1.7325
1.48146
0.58954
1.11918
0.564843
0.477115
0.603705
1.53834
1.69639
1.47998
0.874367
0.682077
1.88284
0.325698
0.508601
0.34147
1.91883
0.131875
1.1096
1.71851
1.55763
1.77474
0.927842
1.90854
0.721542
0.56906
0.325569
0.228775
0.107501
0.213462
0.766584
1.2268
1.22648
1.42103
0.304731
0.979316
1.46082
1.76976
0.057671
1.81115
0.0161382
1.88988
1.20099
1.97478
1.63316
0.578983
1.56029
1.48171
1.53096
0.188223
1.71624
0.507404
0.797025
0.536802
1.72283
0.0189227
1.35093
0.604983
1.20936
0.0566266
1.62907
0.777613
0.835638
1.08979
1.36467
1.51684
1.55978
1.04881
1.89675
0.217501
0.948077
1.8654
1.52888
1.87766
0.184859
1.40288
0.843269
1.94375
0.871186
1.06888
1.53936
0.21004
1.74639
0.412797
0.985493
1.65299
1.61701
1.26328
1.41793
1.66087
1.21628
1.71769
0.633082
1.96275
0.153998
1.65203
0.507686
1.76777
0.640116
0.804076
0.0285872
1.46047
1.85981
1.88808
1.47365
0.775958
1.73928
1.76743
1.95641
1.46454
1.42366
1.11468
1.31282
0.104184
0.695456
0.624032
1.56675
0.0788748
0.419303
1.47358
1.3318
1.74727
0.0398046
0.067692
1.67752
1.97276
0.789575
0.945841
1.64655
0.649517
1.85956
1.24638
1.06082
1.99273
0.285674
0.919439
0.179315
1.91536
1.73431
0.164024
0.493805
0.141399
1.99381
1.31815
1.84914
0.285625
0.385294
0.05362
1.01411
0.695122
1.52128
0.944364
1.76154
0.195745
0.259869
1.33527
1.20979
1.48362
0.668639
0.676596
0.673211
0.208798
1.66581
0.965264
0.403964
1.60155
1.41755
1.1178
1.14726
1.97049
0.16807
0.00465882
0.055508
1.37717
0.669762
0.593032
1.00082
1.65969
0.772744
1.55588
0.0770564
1.33985
0.131532
0.53041
0.876259
0.450027
1.23937
1.99028
0.14892
0.123818
1.94369
1.4746
0.0127474
1.96158
0.477361
0.209555
1.01762
1.59717
1.92504
0.719652
1.31297
1.20076
0.769406
1.87138
1.55342
0.0537087
0.740332
1.42525
1.67974
1.91135
1.27627
1.33772
1.06512
0.331936
1.19242
0.107482
0.575552
1.46871
0.719637
0.805112
1.94648
1.99334
0.224321
1.22866
0.943206
1.86678
1.78775
0.33113
1.02071
1.02919
0.22185
1.53975
1.14417
0.573474
1.9682
1.47131
1.32118
0.217804
0.834184
1.54496
1.85588
1.37909
1.15789
0.15297
0.244808
1.97291
0.171106
0.266188
1.56031
0.865782
1.40922
1.26981
0.210804
1.69621
1.44254
1.36594
0.622475
0.70825
0.594539
0.000101089
1.94633
1.93672
1.42028
1.28436
0.433297
0.0662212
1.74703
1.06121
1.47387
1.97973
0.492594
1.79016
1.32676
0.514305
0.0788348
0.409487
1.18538
1.41012
0.115829
1.52981
0.452083
0.736615
0.90893
0.840245
0.950589
1.34319
1.56782
0.707024
0.0835457
0.00311387
0.58314
1.51851
1.78752
1.86883
1.71825
0.919571
0.402988
0.88869
0.545666
0.822701
0.70093
1.29586
0.82005
0.717044
1.80295
1.42982
0.877553
0.429326
0.941102
1.60803
0.868319
0.702203
1.35298
0.556842
1.73949
0.116862
1.17142
1.97647
1.33146
1.05708
0.0471107
0.0305253
1.3479
0.0504634
1.63499
1.7219
1.08758
0.047877
0.0237811
0.0060184
0.0467887
0.837015
0.0255482
1.29505
0.355509
1.50811
1.65296
0.82962
1.92386
0.822072
1.9861
1.15223
0.854155
0.810246
0.186023
1.57071
1.69374
1.93611
0.621054
0.133033
1.70754
0.42251
1.19833
0.0441731
0.726816
1.38877
1.41129
1.86432
0.0878716
1.72851
0.241571
0.456813
0.824141
0.734395
0.317549
1.58838
0.0975993
1.48861
1.41072
1.80388
0.631908
0.422229
0.186395
1.95494
1.34057
0.793446
1.37347
0.025802
1.35611
0.377187
0.198242
1.14948
0.78979
1.80126
1.40256
0.113618
1.17093
0.0832032
1.72475
0.905001
0.0791303
1.78091
1.41023
0.00221086
0.216653
1.02814
1.73395
0.457487
0.161644
1.06191
0.0572793
1.89409
1.66573
1.4515
0.518328
0.0825554
1.9234
1.93532
0.182503
1.84637
1.46858
1.82155
1.33778
0.507769
0.0709618
1.04015
0.241205
0.955338
0.493379
1.35643
0.5433
0.260329
0.118997
0.235772
0.438936
1.2379
0.197467
0.804175
0.969867
1.85502
1.62061
1.61994
1.92649
0.19586
0.302768
1.25172
1.21727
0.150859
0.840859
0.79781
1.0376
1.48361
0.431563
0.62084
0.242896
1.3164
0.145714
0.188465
1.59907
0.262386
0.279332
0.783619
0.197017
0.207596
0.97292
1.17788
0.0863813
0.61401
1.49262
1.73456
0.937302
1.19404
1.93441
0.286516
1.37626
1.52338
0.368617
1.53686
0.729984
0.706066
1.73082
1.67287
0.922542
1.45198
0.716661
0.918776
1.87692
1.61233
1.06228
1.93404
1.0234
1.3226
1.45809
1.7825
1.57224
1.90105
0.97727
1.13508
1.40162
0.79426
0.901282
1.34084
0.504797
1.34773
1.61485
0.499992
1.91329
1.8986
1.57984
1.8649
0.283136
0.033368
1.44317
0.976585
1.1996
0.754555
0.894126
1.33512
0.590613
0.507192
1.15813
0.299091
0.745731
0.211704
1.86567
1.00664
1.98722
1.43927
0.206964
0.761976
0.477896
0.853248
0.00508988
1.90247
0.304234
1.76045
1.58872
0.00201058
1.93624
0.474666
0.412344
0.199825
0.660257
0.0204138
0.46365
0.613481
0.106951
1.2998
1.93642
0.749809
1.98533
0.845139
0.962579
0.00121439
0.0210201
0.216426
1.6867
0.0894724
0.922709
0.146234
1.43891
0.407497
1.68269
1.71653
1.92036
0.870689
1.69363
0.259186
1.48795
1.87786
1.48814
1.74621
1.97654
0.187524
1.57775
1.74568
1.74365
0.455045
0.296001
0.826549
0.45114
1.89684
1.94379
0.768574
1.83546
0.414052
0.571997
1.55183
1.68698
1.53745
0.679263
0.00399709
1.59513
0.964745
0.384191
1.62605
0.270924
1.86516
0.262568
0.458519
0.169232
1.37029
1.87934
1.16992
0.942246
1.96418
1.87738
1.95247
0.00309396
1.28617
1.58465
0.112909
0.365041
1.8043
1.88816
0.387935
0.806792
1.70493
0.0305144
1.40987
0.417491
0.667951
1.90974
1.30111
0.89157
0.764893
0.602112
0.190183
1.03942
1.27397
1.15146
1.52774
0.255347
1.64671
1.21255
0.873045
1.4879
0.0787607
0.976452
1.61106
1.28131
0.656595
0.356334
0.459279
0.376675
1.66096
0.509159
0.145192
0.0657423
0.0121156
0.344124
0.159584
0.871283
0.279057
1.61447
1.86039
1.79157
0.340586
0.95551
1.97708
0.00692892
1.90928
1.9067
0.432371
1.15049
1.22185
1.82705
1.34995
1.01277
0.52217
0.240755
0.51276
0.0871669
1.02417
1.1293
0.2471
0.429063
1.402
1.69603
1.98064
0.0888073
1.77906
1.22614
0.066636
0.287858
1.85295
1.03691
1.98633
1.03176
0.347362
0.310261
1.03672
0.132431
0.240951
0.105374
0.210252
1.89005
0.550564
1.7517
1.0617
0.800981
0.305255
0.128524
0.143612
0.0879687
1.62371
0.804478
0.401335
1.26586
1.368
1.79201
0.703538
1.72894
1.48599
1.83998
1.09929
0.229448
1.90161
0.0875854
1.557
0.468131
0.0676838
1.21957
1.14004
0.880957
1.77342
0.299095
0.696646
1.37379
1.87942
0.819813
1.73809
0.670895
0.059049
1.93485
0.666348
1.76512
0.02209
0.3925
0.391468
0.227232
0.941657
1.75467
0.0833857
1.50679
1.00219
1.92266
0.221412
0.743116
1.86332
1.97146
1.27629
1.92566
0.0661715
1.76299
0.0764958
1.2444
1.21028
0.526443
0.470874
0.0832726
0.101512
0.0933927
0.950582
0.603435
1.27556
1.32557
0.0398028
1.64702
0.0331016
0.946995
1.03449
0.00824034
1.59215
1.42982
0.0621003
0.0796788
0.598171
0.210338
1.98617
1.08179
0.33356
1.77854
1.39841
0.355116
0.124711
0.736192
1.89516
0.37882
0.15761
0.652808
1.26345
0.291407
1.9469
1.29558
1.78172
0.182393
1.22073
1.92075
0.242233
1.69031
0.709711
1.10128
0.261293
1.12653
1.94056
1.54879
0.521507
1.85022
0.815319
1.75002
0.914099
1.01043
1.91458
1.99129
1.89281
1.40908
0.0273262
0.427053
1.96914
1.31209
1.19139
1.07928
0.784489
1.53279
0.0438837
1.71926
1.53056
1.31701
1.97622
1.15204
0.996483
1.14369
1.81324
1.43212
1.42014
0.286292
1.94421
0.0835564
0.22353
0.56622
1.94891
1.01022
0.581685
1.48488
1.86734
0.120034
0.35825
1.05643
1.34731
0.012168
1.44487
1.09909
0.443364
0.500955
1.51284
1.52079
1.89302
0.851776
1.99974
0.206787
0.279312
0.14994
0.976956
1.62282
1.65687
1.50311
1.55457
1.66832
1.29562
0.435354
0.670055
1.57976
1.65924
1.60712
0.290029
1.80156
1.37646
0.408887
0.564029
0.0234283
0.937302
0.571719
1.42887
1.73811
1.49352
1.06565
1.3131
1.15062
1.68646
0.0829926
1.3207
0.31951
0.232173
0.148192
0.528866
0.662207
1.40145
0.234939
1.91609
1.44135
0.613109
1.40547
0.615059
0.475718
0.834583
1.98301
0.790182
0.219851
0.333762
0.0181634
0.459627
1.08787
0.0119867
0.416038
0.553138
0.284635
0.873204
1.38642
0.233567
1.21641
0.055253
0.155327
1.30483
1.6231
1.24054
0.727721
1.79532
1.58942
0.0558375
1.22612
0.48454
0.986841
0.261589
1.1693
0.619439
1.95735
1.72302
1.97251
0.373205
0.0714209
1.29333
0.206333
0.0805596
0.716282
1.79424
1.31102
0.386554
0.00638366
1.57869
0.417981
0.219247
0.339058
0.122113
1.92793
1.29624
0.466974
0.098501
0.0905191
1.56673
1.86224
0.309442
1.61411
0.449165
0.500528
0.759057
1.59511
0.663119
0.255575
1.19228
1.50915
0.143755
0.027808
0.97134
1.20342
0.36667
1.77998
0.904621
1.19265
1.00959
1.73014
1.87408
1.86578
0.0371834
0.822925
1.93675
0.212249
1.2131
0.832816
0.787088
1.90942
0.0471237
1.71616
1.34077
0.4537
0.130809
1.19857
0.107307
0.71703
1.36774
0.878792
1.18209
0.948021
0.308697
1.33335
0.0687376
0.480519
0.60046
1.82099
1.77182
1.42928
0.500237
1.62588
1.3503
1.79642
0.567909
1.74225
0.431688
1.43885
0.356325
0.0204947
1.4813
1.93172
0.43347
1.95995
0.0832314
1.97572
1.76851
0.745844
1.94515
1.9453
0.313953
1.19371
1.32737
1.90557
0.939258
1.4868
1.69821
1.16149
1.93888
1.99567
1.76273
1.06211
0.619856
1.71277
1.96515
0.125776
1.67688
0.797212
1.28204
0.630882
1.50937
1.94292
1.28393
0.277894
1.22122
1.19658
1.93278
1.66578
1.32746
1.27043
1.89004
1.93196
0.523942
1.71401
0.396029
0.694562
0.140496
0.774304
1.69532
0.691286
0.512487
0.766905
1.33141
1.44151
0.955548
0.869992
1.94743
0.111644
0.011616
0.377682
0.081681
0.947639
1.71949
0.3035
1.27672
0.121139
1.16498
1.1993
0.766953
0.510967
1.8954
0.667765
1.64514
1.34262
1.81777
1.78901
1.91557
1.7376
0.0537143
0.338489
1.89177
0.852785
0.812753
1.0648
0.0250863
0.981828
1.24088
1.444
0.732355
0.747471
1.09297
0.376901
0.448735
0.267046
1.87708
1.83459
1.61068
0.579221
0.894446
0.452251
1.43706
1.34784
0.830225
1.09954
0.344167
1.92655
1.7201
1.26629
0.169696
0.772674
1.39668
1.58402
0.751862
0.703609
1.91082
0.197802
1.84463
1.39849
1.40983
0.727374
1.85164
1.965
0.25184
1.77569
1.08944
0.325546
0.0611663
1.82857
1.40876
1.13074
0.999224
0.633044
0.599391
1.87217
0.301424
1.53412
1.97372
0.237964
0.34552
0.0390975
1.84382
0.695636
0.649072
1.95474
0.113734
0.407513
0.323571
0.0114284
0.640757
1.61418
1.6526
1.32292
1.09125
0.370112
1.25069
1.99941
0.180277
1.45031
1.05598
1.64246
0.767463
0.2076
1.66122
1.08443
1.99736
0.864286
1.57639
0.000443816
0.0847944
1.14178
0.17279
0.101326
1.489
0.813173
0.36576
0.653943
0.299267
0.395271
1.65339
1.12194
1.25155
1.92357
0.976753
0.913791
0.26434
0.490982
1.26
0.096122
0.104482
1.30801
1.46655
1.42962
0.23459
0.122138
1.44997
0.444628
1.99568
1.9824
0.911702
0.272805
1.08184
1.69038
1.60447
0.578503
0.026184
1.77019
1.50701
0.44358
0.256283
0.319857
1.54757
1.08639
0.243427
0.0170939
1.89993
1.04738
0.951322
0.00606978
1.94901
1.84427
0.303831
1.64219
0.56649
1.62372
1.14572
1.09532
1.7837
0.559499
1.24719
1.27804
0.429248
1.60216
0.00547171
0.714025
0.598451
1.66232
1.282
1.78258
0.632757
1.39432
0.584465
0.681385
1.83513
0.237914
0.120212
0.0839628
1.68069
0.0279566
1.62749
0.421154
1.57825
1.6805
0.579512
0.222974
0.321844
1.85586
1.88345
1.91808
0.86058
1.68999
0.331083
1.54374
1.79317
1.01251
1.84117
0.263347
0.373946
0.141836
0.557959
0.0792532
0.066528
1.77037
1.93604
0.118679
0.416772
1.62185
0.0093416
0.669123
0.621183
0.87594
0.254937
1.99188
1.3638
1.92855
0.0539472
0.0834929
1.29285
0.97063
0.306671
1.85371
0.0819024
1.4915
1.37136
0.954399
1.97319
0.672242
0.418999
1.91196
1.95398
1.85212
1.42602
0.194218
0.226013
0.0423241
0.723604
0.946689
1.83025
1.59373
0.486728
0.36138
1.05228
0.303467
1.75999
0.35259
1.88641
0.605168
0.792199
1.84245
0.175064
0.0696172
1.31794
0.0400743
1.68982
0.0418077
0.0967442
1.83386
0.846611
1.79792
0.631507
0.954674
0.39033
0.299923
0.258171
1.12139
0.863802
0.871274
1.74014
0.713313
1.29893
1.61199
1.7469
1.9922
0.973822
0.905277
1.81539
0.876142
0.512717
1.03589
1.46293
0.740934
1.44142
1.3107
0.0322077
1.70613
1.39096
1.0617
0.048232
1.23056
0.166536
0.576753
1.96695
1.45508
1.70309
0.780822
1.02159
1.48894
0.139987
0.306693
1.83753
1.63419
0.48671
1.57812
1.03315
0.150725
0.336663
0.74933
0.173115
0.174212
0.11199
0.00250471
1.83626
0.888491
0.219359
0.140842
0.275188
1.05902
0.91949
1.38048
1.13311
0.270151
1.58102
1.58665
1.87177
0.0292053
1.30142
1.09345
0.580489
1.80556
0.0366503
1.90161
0.299748
1.4374
1.68007
1.93036
1.15993
1.35798
1.35059
1.39431
0.898133
0.437862
1.4776
1.54049
1.89868
0.93731
0.687029
1.92584
1.11363
0.935589
1.15742
0.143084
0.166016
1.19754
0.661739
1.57356
1.65808
0.0332994
0.860712
1.53446
1.42438
1.22643
0.449385
1.66208
1.68921
1.65748
1.00877
0.0298047
0.449401
1.76181
1.27918
1.31836
1.43185
0.509877
0.565068
0.889001
1.54221
1.93505
1.34275
1.34432
1.47485
0.997691
0.0125402
1.52386
1.92311
0.44064
1.80478
0.97836
0.394242
1.25158
1.96738
0.294862
1.80826
1.09866
0.342913
0.0795114
1.85662
0.318828
1.07695
0.0767186
1.81396
0.401792
1.70809
0.114597
1.51352
1.79106
1.62381
0.875231
1.1577
1.9736
1.21421
0.753339
0.464339
0.689758
1.99081
0.172777
0.207052
0.421221
1.78409
0.338151
1.47233
0.730691
1.42307
0.165594
0.922707
1.99885
1.24571
1.95441
0.536272
1.32309
1.66529
1.11687
0.807125
1.98132
1.0221
0.51219
0.749067
0.170019
0.173275
0.583422
0.732897
0.536577
1.77326
1.3915
0.45478
0.508139
1.53029
0.817225
0.144434
0.535459
0.851446
1.45623
1.58452
0.0497965
1.21588
0.904719
1.88716
1.23056
1.94715
1.73535
1.47471
0.0967215
0.920568
1.99689
1.33258
0.915691
1.94628
1.06602
1.84287
0.625918
0.248545
1.58869
0.429728
1.84155
0.0998549
0.444718
1.6312
0.226196
0.855321
1.1329
1.47774
1.94578
0.0828888
1.72843
0.943388
0.289686
1.48202
0.993143
0.662084
0.281587
0.433101
0.303241
1.31104
0.108835
1.64496
1.76578
0.780576
1.97247
1.65062
0.035426
1.37765
1.23108
1.23076
1.19955
1.93524
0.127294
1.04315
0.98424
1.75179
0.454966
0.726249
1.41512
0.808642
0.27905
0.893561
1.98503
0.150709
1.18481
0.638653
0.0191034
1.46668
0.0463951
1.00176
0.110881
0.0266998
1.35149
0.0904518
0.171465
1.96215
1.84989
0.329455
0.367645
1.92382
1.0748
0.781518
0.752299
1.68943
1.8406
0.947444
1.79672
1.65301
1.6932
1.03956
0.263432
1.36018
0.0276926
0.18272
1.4182
1.63248
1.39996
0.535892
0.984958
0.0336893
1.31035
0.764519
0.13231
1.36207
1.64382
0.0606945
0.174689
1.9123
1.8781
1.74864
1.12558
0.0848747
0.951161
0.795397
0.0378605
0.332338
0.729522
1.99825
1.49324
0.976584
1.39616
1.43247
1.91767
0.221757
0.850718
0.0365443
1.23508
1.04955
0.477176
1.14436
1.31438
0.792991
1.70331
1.95467
1.69653
0.182535
1.36831
1.29121
0.875959
1.64692
1.13166
1.70625
0.27352
1.90804
1.84307
0.0680531
0.955063
0.669692
0.270477
1.66581
0.860114
1.4024
0.000741363
1.45125
1.82948
1.33077
0.576628
0.225778
1.34105
0.586721
0.299644
0.26481
0.500089
0.578463
1.37981
1.32326
1.25188
0.758309
1.94444
0.701367
0.542773
1.81389
0.191375
0.857758
1.70956
1.10961
1.0868
1.39095
1.29771
1.80823
0.337659
1.03837
0.438941
0.638251
0.00621152
0.998428
0.54915
1.09693
1.92961
1.50112
0.748857
0.446752
1.71315
1.55288
1.21081
0.326551
1.81653
1.84308
1.0839
1.31117
0.119751
0.607558
1.29107
0.754964
0.232182
0.448066
1.85516
1.9717
1.11178
1.02128
0.159652
0.13801
0.986798
1.74987
0.914651
0.735372
0.68938
1.78057
1.33797
0.600825
0.608624
1.97825
0.794823
0.00463235
1.0276
1.69458
0.67103
0.100755
0.146692
0.0532272
1.67757
1.66139
0.533298
1.50322
1.9767
1.95278
1.18353
1.65496
0.440084
0.0382046
1.80795
0.382212
1.32245
1.86492
0.375504
1.97178
0.336717
0.176942
1.45622
1.18289
1.86091
0.623264
0.804143
0.492044
1.03466
1.68674
1.46027
1.34069
1.45227
1.18639
1.64603
1.89377
0.382692
1.3981
0.253002
0.580441
1.86119
1.56147
1.58844
1.1223
1.16428
1.18873
1.34978
0.218379
1.54991
1.50014
0.0348439
1.76254
0.0641292
1.95197
1.95674
1.45999
1.70711
0.242632
0.0254859
1.89877
1.90458
1.41898
0.372107
0.678297
0.0164341
1.63161
0.239388
0.64178
0.870531
0.710408
0.437684
1.82046
1.19938
0.569557
0.470971
0.0721327
0.490129
1.28462
0.663478
1.63673
0.736864
0.0445988
0.675369
0.00222743
1.25679
1.40679
0.161398
1.81673
0.876372
1.72937
0.837184
0.748071
0.00468433
1.56549
0.308821
1.13031
0.137058
1.56757
0.139233
0.810992
1.15887
1.67748
0.57249
1.14991
1.93382
0.398462
1.85642
1.3394
1.25016
0.161387
0.810356
1.54804
0.911812
0.291785
0.661442
0.0956341
0.472123
0.327419
1.94704
0.853758
1.98504
1.63171
1.26937
0.675073
0.311897
1.16728
1.83496
1.84651
1.05098
0.813414
0.493409
1.95021
1.73195
1.8701
0.948909
1.55548
1.05834
1.61612
1.86283
0.734228
1.47253
0.706443
1.20255
1.76492
1.36281
0.723313
0.770203
0.105042
0.547541
0.0681362
1.53823
0.974638
1.40028
0.256056
0.804046
0.939729
0.622621
1.42179
1.11604
1.93576
1.2824
0.0891227
0.341017
1.2205
0.557303
1.87544
0.675138
1.72421
0.693322
1.5871
0.56863
0.847159
1.78109
1.36572
1.29683
1.37228
0.866644
0.635199
0.457903
0.0486578
1.15915
1.97721
1.39184
1.11241
0.92939
1.63278
0.162886
0.0631628
1.76498
0.0315239
1.77115
1.92431
1.88725
0.281618
0.89913
0.0175217
1.34026
1.37939
1.85473
0.052549
1.58017
1.0036
0.160698
0.430243
0.146165
1.18049
0.896287
0.300293
0.910314
0.168656
0.36017
1.03943
1.71544
0.293206
0.198588
0.46516
1.26523
0.295872
0.276316
1.6722
0.344738
0.8432
1.58509
0.891914
0.777234
1.00853
0.105193
0.00323582
0.341067
1.65157
0.532568
1.89881
1.01333
0.196014
1.94008
1.13958
0.350461
0.129027
0.512891
1.59773
0.541949
1.83766
0.067358
0.0453084
0.762104
0.0179336
1.97933
1.02213
1.72038
0.543075
1.08808
0.00639915
0.828818
1.85097
1.92314
1.74183
1.14302
0.0242176
0.545205
1.7049
1.90821
1.83549
1.01261
0.122338
0.924948
1.01153
0.335627
0.713129
1.17608
1.71176
0.535287
1.679
0.29056
1.43943
0.851811
1.20098
1.6184
0.583463
1.26543
0.0901117
0.548371
1.88171
1.34262
1.45483
1.99945
1.72309
1.5497
1.87145
1.83432
1.39188
0.826886
0.436824
1.82343
0.554697
0.86401
0.677862
0.0305622
1.91903
0.939162
1.74775
0.135716
0.708637
1.00776
1.7585
1.94908
1.6323
0.312649
1.05067
1.42094
0.790207
0.0875765
1.84463
0.0442224
0.69016
0.128237
0.39457
1.81136
0.368171
1.538
1.36471
1.35779
0.153749
1.98815
1.55468
0.581409
1.50419
1.83864
0.28217
0.974648
0.904882
1.43631
0.911722
1.27737
1.39366
1.68603
1.80273
1.77222
1.99045
1.01122
0.565115
1.75054
1.20647
0.718019
1.58666
0.716267
0.752925
0.726801
1.41425
0.739747
0.314022
1.98712
0.341687
0.798571
1.91569
0.820951
1.49721
0.433002
1.83713
1.78099
1.82288
1.45975
1.7968
0.673756
0.834618
1.78243
1.4978
1.56877
1.69133
0.072295
0.119078
0.455967
0.952364
0.705019
0.0359986
0.31279
1.87502
1.93562
0.186465
0.00697994
1.48298
0.551382
0.702345
1.08187
0.146409
0.0380067
1.57965
0.0426381
0.119189
1.97991
1.80098
0.273075
1.72873
0.773209
1.12034
1.51262
1.59671
1.9724
0.468322
0.391231
1.43246
1.21937
1.86983
1.66245
1.98923
1.68802
1.99617
0.267383
1.51221
1.59143
0.000945091
1.21607
0.581086
1.57459
1.59964
1.82497
0.659076
0.820959
1.97061
1.86027
1.21428
0.274082
1.93259
0.446359
1.04924
0.194201
1.61683
1.83165
1.9084
0.354035
1.92297
0.687676
0.544066
1.08832
0.119502
0.0775272
0.0847512
0.166101
0.626665
0.895592
1.98794
1.86115
1.06137
0.207024
0.985358
1.10441
0.863918
1.26627
0.616233
1.23608
1.62878
1.12465
0.419463
0.0576051
1.78925
0.959415
1.22205
0.840748
1.0789
1.7293
0.614383
0.76016
0.122209
0.0731485
0.0645775
1.60628
0.874972
1.68438
1.15256
1.13992
0.805685
0.790838
0.637338
0.494555
0.776633
1.14544
1.42768
1.54854
1.17385
1.72704
1.04181
0.708228
1.06246
0.606206
1.14504
1.64127
1.41208
0.0412987
1.81447
0.639939
0.191984
1.20297
0.573465
0.738226
0.633716
0.931108
1.52731
1.33458
0.180153
1.47199
0.161815
1.88093
1.35244
0.923265
1.33851
0.0852138
1.7616
0.234037
1.94173
1.22239
0.879409
1.76014
0.65006
1.6674
1.30315
1.23751
1.29631
1.65722
1.87108
0.494914
1.284
1.49265
1.89599
0.915666
0.126631
1.49192
0.696381
0.809091
1.2746
1.22469
0.63647
0.640577
1.16293
0.748317
1.49432
0.849091
1.40475
0.613782
1.99339
1.87072
1.93716
1.76295
1.93683
1.98709
0.0299773
1.97419
0.204513
1.79668
1.84603
0.326675
1.99053
1.91951
0.407241
1.81088
1.29459
0.951331
1.1139
0.425105
0.222103
0.471716
1.71666
0.289085
1.85908
0.876577
1.12301
0.691535
1.69287
1.9725
1.1742
1.38135
0.129831
0.645624
0.453002
0.323537
0.566579
0.84891
0.512543
0.409883
1.49311
1.86535
0.807568
1.71626
1.35242
1.0212
0.0694702
0.074854
0.155706
0.949594
0.623357
0.0549397
1.91422
0.171824
1.77277
1.15141
1.21908
1.78813
1.71471
0.870594
1.28982
0.00846207
1.77776
1.93736
0.572132
0.4578
0.0212667
1.86229
1.55419
1.91778
0.93088
0.768693
1.09202
1.15607
0.386772
1.6614
0.336363
1.92709
0.411912
1.87455
0.139645
0.26579
0.0567389
1.1375
1.8933
1.17948
0.515487
0.839966
0.00138474
0.184462
1.88048
1.74533
1.99724
1.68267
1.65789
1.19437
1.78159
1.0367
1.37793
0.0586406
0.384241
1.68016
0.60908
1.17802
1.48994
0.14193
0.0281118
1.54912
1.40624
1.9695
0.543352
0.796491
0.271394
0.761891
0.193373
0.475112
1.27126
0.0798801
1.9649
0.349268
0.0301204
1.80034
1.48681
0.261971
1.73798
1.3483
0.0295961
1.79833
1.41511
0.250034
0.155152
1.81342
0.430637
1.1669
0.490871
0.856351
1.7565
0.959376
0.583908
1.52099
1.62727
0.564404
0.137053
1.29684
1.96717
1.09736
1.39095
1.48834
0.0792722
1.96718
1.75667
0.500953
1.99833
0.234507
1.53375
1.78301
0.408317
0.214455
1.24958
1.51019
1.09149
0.733067
0.465127
0.702277
0.0974596
1.94489
1.4179
0.437702
0.133937
0.671138
0.345471
0.0295843
0.233107
0.413783
0.425165
0.875675
1.5735
0.859741
1.42543
0.552564
1.63072
1.99952
0.126479
1.63655
0.363736
0.452724
1.79428
1.098
1.16275
0.100028
0.216937
0.767878
0.340876
0.355015
0.197578
0.101527
0.119282
0.450233
1.15104
0.845981
0.867468
1.71529
1.61869
0.160519
1.32073
1.43086
1.0423
1.01622
0.523405
1.87404
0.698721
1.68535
0.265171
0.742585
0.782574
1.2836
1.23133
1.97436
1.20027
1.06398
1.49569
0.147402
1.93836
0.307599
1.70276
0.969666
0.91076
1.38521
0.327479
0.714041
1.22038
0.339278
1.60829
1.93419
0.503386
1.95799
1.19911
0.0382833
0.176768
0.760143
1.66906
1.80638
1.65382
0.367628
1.24479
0.178487
0.209144
1.98242
0.788031
0.261032
0.0869571
1.66864
0.263036
1.31509
0.262963
0.918805
1.36287
1.72411
1.25159
0.35131
0.861493
1.69032
0.742306
0.473367
0.478011
1.84415
1.69371
0.0961034
0.768514
1.05753
1.88794
1.05936
1.00679
1.56097
0.155888
1.37599
1.67811
1.41837
1.91756
1.60617
0.494347
1.13178
1.76695
1.05955
1.70917
0.566483
0.124285
0.305872
1.24365
1.54285
1.1622
0.111004
0.0588894
1.49205
1.03412
1.46454
1.84485
1.96358
0.423755
1.36394
1.89418
0.391264
0.0162531
0.891428
1.919
1.58274
1.91166
0.523666
0.385435
0.00156581
1.40823
1.83359
1.54421
1.76779
0.25332
1.86403
0.94564
1.15669
1.23656
1.78055
0.369601
1.27624
0.204278
1.71141
1.8074
1.72253
1.80105
0.863861
1.13179
0.200788
1.28549
0.99683
0.882981
0.0857127
1.19552
1.95288
1.37342
1.79059
0.291094
1.55879
0.0152055
1.1047
0.0831058
1.5325
0.800056
0.931663
1.94162
0.841615
1.27901
1.73341
0.726645
1.69845
1.74365
0.603455
0.833198
0.866426
1.85631
1.94327
0.48802
0.587642
0.105714
1.36686
0.681375
1.92532
1.01656
1.97934
0.164227
1.24766
1.92127
0.604616
1.59381
0.374818
1.11126
0.455272
0.60609
1.24438
1.85993
1.31941
1.39109
1.9922
1.80304
0.574698
0.834657
1.51004
0.36615
0.713448
1.43069
0.210405
1.25954
0.0599202
1.61528
1.76908
1.51734
0.141523
0.0782906
1.99088
1.60068
1.35519
1.95081
1.40114
0.575461
1.39325
1.27943
0.751134
0.814003
1.00315
1.38573
1.23317
1.37522
1.18462
1.43299
0.0264504
0.160875
1.64294
1.96898
0.849015
0.185147
1.50047
0.483984
1.7757
0.438792
0.367349
0.371227
0.50969
1.25436
0.366684
0.157948
0.0930098
0.165585
1.214
1.94286
1.95209
0.035347
0.264717
1.38801
0.750465
0.079975
0.811329
1.3024
0.877865
0.0462308
1.67987
1.47918
0.193215
0.0265441
0.581434
0.275316
0.309608
1.14206
1.26948
1.10109
1.31762
0.20425
0.96216
1.77795
0.226818
1.64969
1.15864
1.40766
1.07834
0.142612
0.413886
0.709158
0.717602
1.98913
1.65756
0.535316
0.316578
1.75036
0.50419
1.26601
1.56613
0.437947
0.355363
0.287282
0.646046
1.91689
1.91547
0.516535
1.10294
1.87907
1.59352
0.323265
0.0909878
0.552069
1.24242
0.35231
0.215759
0.250122
1.66932
1.23681
1.50438
1.11351
0.797524
1.51077
0.415654
0.503075
0.720572
0.00424016
1.75762
0.101577
1.92175
0.43293
1.33645
1.28436
0.210464
1.1412
0.764307
1.89482
0.0343425
1.80228
0.471177
0.404675
0.284403
0.343417
1.66959
1.25223
1.35458
1.94394
0.817996
1.74636
1.80058
1.27387
0.795366
0.499238
1.01771
1.78892
1.58065
1.11385
0.974629
0.230321
1.07293
1.01179
1.98935
1.17155
0.320665
0.247009
0.961916
1.06551
0.651473
0.492204
0.397722
1.92927
0.0913556
1.35121
1.07068
0.368647
0.0123953
1.81478
0.898803
0.83746
0.0542125
0.510207
1.78884
0.650792
0.476474
0.737486
0.424924
0.116185
1.56778
1.42878
0.149965
1.38141
0.759287
1.9015
1.03061
0.0915414
1.53431
0.988659
0.755659
0.851709
1.14166
0.103066
1.69709
0.0672586
1.36487
1.95264
0.270417
1.36049
1.91896
1.40595
0.804125
1.68728
0.250895
1.03959
0.127348
0.951063
0.544546
0.98446
0.104027
0.128919
0.427686
1.97526
1.94467
0.908434
1.86474
1.79482
1.31942
0.154561
0.196211
0.295327
0.468436
1.62798
1.91605
0.347254
1.19334
1.6106
0.741641
1.62812
0.800726
1.25522
1.7407
0.470747
1.28442
1.81328
0.916419
1.9188
1.70673
1.54372
0.369426
0.131521
0.541268
1.80341
1.96369
0.314475
1.03556
0.0463675
1.87009
1.57
0.790545
1.86753
1.74929
0.0495569
1.97156
1.80742
1.57594
0.693474
1.65259
0.453311
0.366193
1.83914
0.553789
0.994619
1.24979
0.64109
1.4221
1.07678
1.07163
1.64983
1.37829
1.31755
0.14244
1.0878
1.0086
1.79922
0.437711
1.17728
1.83738
0.00138807
0.675659
1.34771
1.08561
0.443281
0.209862
1.72399
1.92109
1.72891
0.904685
1.76266
1.62874
1.19822
1.61318
0.110999
0.429132
1.002
1.84626
1.52436
0.91888
1.06372
1.8675
0.498622
1.66098
1.55005
0.85938
1.23104
0.424916
1.93271
1.28217
1.33069
1.85711
0.0953979
0.818216
0.182455
1.48651
0.738883
0.700044
0.197783
1.47949
0.170347
1.92773
1.57259
1.7223
0.904657
0.814623
1.82149
0.0788592
0.599823
1.42632
0.42071
1.55695
0.961619
0.221093
0.358663
1.99228
1.52191
0.844855
0.0622271
1.8623
1.27395
0.882093
0.741189
0.286976
1.44628
1.0433
0.69926
1.28605
0.158064
0.0608395
1.21751
1.94189
0.822318
1.39819
1.53697
0.504346
1.58167
0.120516
0.0577602
0.451809
0.0187659
0.753474
0.381133
1.82904
0.00942433
0.0244807
0.878363
0.963462
0.520139
0.295891
0.852535
0.250452
0.155507
1.69573
1.72003
0.421692
1.00178
1.15226
0.644202
0.226133
0.103446
0.353345
1.87653
1.14541
1.11412
0.733294
1.47261
0.206686
1.30619
0.409875
0.92871
1.86123
0.078421
0.970246
1.45799
1.98932
0.30947
0.00151122
0.875552
0.220144
1.86997
1.10603
0.333782
1.92908
0.44781
1.02041
0.174922
1.62901
1.1486
1.18707
0.0365025
1.07547
0.0644662
1.71799
0.795404
0.003672
0.0490165
0.521789
0.200084
0.286623
0.417564
1.31541
0.219572
0.194283
0.517882
0.053775
0.536316
0.972581
0.76245
0.066539
0.347723
1.50603
0.264294
0.720474
1.49137
1.56516
0.97676
0.116419
1.43962
1.7648
0.746867
1.97081
1.85455
1.93977
0.43253
0.552744
0.772821
0.323675
1.66825
0.907663
1.89262
0.172903
1.9344
1.07369
1.14013
1.4193
0.067016
0.574725
0.00795794
1.18847
1.81074
0.0690408
1.25559
0.0587143
1.88855
0.158141
0.651488
0.576331
1.58517
0.317053
1.02777
0.989951
1.04379
1.6778
0.932579
1.98764
0.235569
1.86192
0.294908
1.07933
0.804775
1.98474
0.538501
1.3188
0.833697
0.335143
0.087196
0.167201
0.0908436
0.43914
1.65344
1.34023
0.376418
1.47617
0.284779
0.185506
0.875202
0.871402
1.9668
1.617
0.541757
1.76058
1.9089
1.11962
0.49567
0.173369
0.204278
1.62225
1.94245
1.63654
1.81835
1.06203
1.43545
0.580893
1.94146
0.700075
0.863761
1.60633
0.235049
1.90983
0.25896
0.0440906
1.93981
1.18378
0.863729
1.05653
1.27345
0.705556
0.394981
0.859179
1.82224
0.338228
1.01381
0.835875
0.0971589
1.7062
0.233427
1.46129
0.107209
0.0803316
0.201825
1.95687
0.634803
1.07028
0.159372
1.39047
0.199623
0.843936
1.37308
0.860636
1.38851
0.736252
0.25149
1.61227
1.89065
0.756455
0.156583
1.501
0.121094
1.75222
1.85193
0.860088
1.44801
0.249138
0.893721
0.144102
1.42525
0.415865
0.120506
0.00140107
1.45395
1.20404
1.87796
1.31947
1.74301
0.342428
1.63159
0.465628
0.406881
0.00812745
0.206493
0.938307
1.27874
0.803001
1.40197
1.91587
0.11039
1.80636
0.251155
0.97709
0.963619
1.82207
1.95907
0.708518
0.969686
1.03079
0.503622
1.95267
1.32439
0.694764
1.52678
1.49725
1.519
0.317393
0.0991567
0.254605
0.925876
0.0242429
0.904882
1.85942
1.36026
0.55046
1.44386
0.254163
1.11783
0.195084
0.416882
1.23895
0.123364
0.664
1.38296
0.0406322
0.0319874
0.870245
1.52228
1.72503
1.60972
0.0833733
0.664613
0.208393
1.86866
0.240685
1.25262
1.7123
1.75367
1.73592
0.789921
1.4906
1.31164
0.0271109
1.88866
1.5834
0.889525
0.75017
0.773292
1.39938
1.1694
1.90428
1.32955
1.34841
1.89261
1.68919
1.44524
1.21891
0.260308
1.72482
1.1881
0.796323
1.99611
0.0677505
1.2836
1.14375
0.471584
0.932989
0.531735
0.0716865
1.0215
1.71044
0.0321026
1.15333
0.315518
0.0895483
0.790063
1.8778
0.575354
0.21767
1.81089
1.23717
0.133367
1.9526
0.655449
1.02804
0.771683
0.525707
0.401506
1.75562
1.55072
1.66926
1.37012
0.115498
0.440404
1.8681
1.69268
0.326513
1.59356
1.73649
1.63122
1.84426
0.128991
0.0769565
0.580588
1.71829
0.214569
1.98315
1.11587
1.60434
1.08074
1.10481
1.96878
0.278478
1.17737
0.312324
1.46514
0.341523
0.149168
0.268344
1.76684
1.98225
0.102238
1.9331
0.403068
0.434831
1.83114
0.548753
1.17343
0.200646
1.23557
1.87085
0.0608419
1.2427
1.86523
1.5445
0.668265
1.03339
1.39337
0.0158441
1.70145
0.116142
0.680432
1.64412
0.966067
0.78605
1.28585
1.81686
1.22256
0.388766
0.0948441
0.601507
0.178998
0.108285
0.108186
0.871983
0.97194
1.09701
1.97075
1.54774
0.270619
1.49274
1.68734
1.93839
0.749924
1.40521
1.81843
0.28896
0.42717
0.276607
0.259139
1.93109
0.161917
1.95702
1.74099
0.0978481
1.81941
1.21227
0.241189
0.523928
1.44433
0.814805
0.795619
0.106383
0.473922
1.16405
1.88697
1.39175
0.217594
0.047583
1.65706
0.874449
1.13382
0.37403
1.89841
0.130221
0.183418
0.803936
1.54762
1.33171
0.999668
1.50332
0.869632
1.68359
0.208871
0.167587
0.234365
0.444462
1.90025
1.10071
1.178
1.88603
0.0422809
0.233937
0.52798
1.86556
0.168186
1.97986
0.418019
0.0618038
1.41626
0.491727
1.62422
0.307932
0.610525
0.713915
1.11729
1.48302
0.68345
1.5904
1.42805
1.04803
1.14452
0.662826
0.98615
0.754408
0.132753
0.0709779
1.63496
1.32768
1.75308
0.107892
1.93437
1.14692
1.43855
1.43493
1.6968
0.129904
0.090556
1.60373
0.314314
0.665668
0.949304
1.37398
1.45672
1.8312
0.373175
0.871568
1.97959
1.49647
0.523555
1.28445
0.441758
0.814659
0.907479
0.0771573
0.939637
1.00412
1.30084
1.15977
1.80184
1.15239
0.356729
1.54813
0.632604
0.206257
1.65786
1.16526
1.21666
0.917107
0.698556
0.068027
1.86769
0.0492102
0.97462
0.0471191
1.59816
1.48907
0.872968
0.0340362
0.938622
0.0955071
1.76032
1.95612
0.796508
1.40861
0.483171
1.25936
1.96143
1.95074
1.43862
0.950401
0.761762
1.22474
1.28452
1.49793
1.9031
0.435293
0.159522
1.04165
0.991152
0.242099
0.972817
0.456274
0.15785
0.776023
1.50375
1.60391
1.88261
1.20275
0.0928386
0.875947
1.85336
1.15361
1.53388
0.522079
1.37524
0.210799
1.82147
1.36435
0.736868
1.78538
1.76814
0.231856
1.47057
1.70499
0.294945
0.517656
0.0365697
0.00899279
0.889013
0.161338
1.00863
0.389438
0.757112
0.887564
0.0278713
0.511983
0.240023
0.224345
0.0233663
0.390578
1.57903
1.10167
0.049462
1.82103
0.0811319
0.518963
1.77669
1.42227
1.07208
0.249044
1.51008
1.08337
0.350981
1.86143
0.969651
1.18641
1.18206
1.70819
0.92631
1.34374
1.04001
0.250685
0.0213108
1.65653
1.09404
0.263175
1.55779
0.493513
0.794953
0.0276576
1.71105
1.63476
0.0839479
1.65682
0.208341
0.710432
1.7741
0.140285
1.17778
0.137707
0.918369
1.20712
1.52264
1.7523
0.457274
1.32755
1.01052
0.660377
1.77281
0.46057
1.9646
0.411226
0.9905
0.0975419
0.344633
0.723727
0.0733192
1.96544
1.68489
0.919284
1.79671
1.08048
1.5195
0.156287
0.821635
1.29649
1.01389
0.705665
1.20957
0.140958
0.0644208
1.25809
0.841008
1.93819
1.86501
1.81593
1.35053
0.379573
0.971993
0.468465
1.89914
1.61115
0.229246
0.316167
1.41841
0.793321
0.122138
0.236472
0.674478
1.08107
0.319939
1.29958
0.498579
0.228163
1.97052
0.810504
0.20143
0.87721
1.51131
1.24662
1.52304
1.80801
1.75335
1.16136
1.53317
0.463583
1.04934
1.81747
1.42775
1.76028
0.976818
0.399972
0.51126
1.85112
1.3001
1.61072
1.88878
0.453542
0.248166
1.14596
1.24213
1.50339
0.677794
1.57583
1.97408
1.57028
0.181402
0.823741
1.03016
1.52183
1.09787
0.715281
0.471518
0.0461155
0.370236
1.83895
0.224305
1.9348
0.892879
1.02276
0.129806
0.544452
1.82877
0.119697
1.95375
1.48116
1.95506
0.331308
0.0240183
1.77486
0.107123
0.967862
0.167507
1.74062
0.0987146
1.0439
0.43816
0.835464
1.7394
0.291916
1.4934
0.505531
1.75256
1.99316
1.57979
0.464997
0.300053
1.18769
1.79736
1.13133
0.85217
0.642026
1.90309
0.154335
1.07354
0.175629
1.10445
1.91949
0.340776
1.7653
0.674467
0.867922
0.839137
0.570122
1.81138
1.14909
1.79415
0.345292
0.339795
0.981664
1.28521
0.956556
1.31793
0.147915
1.93724
1.95095
1.58499
1.47338
0.0253024
1.56901
1.92085
0.148867
1.73017
1.29959
1.56051
1.62462
0.264435
1.04173
1.01886
1.01313
1.97159
0.419096
1.47746
0.0934846
1.39413
0.661195
1.29249
0.638745
0.227033
0.723441
1.96808
1.48681
0.482512
1.95568
1.59647
1.95362
1.97882
0.4609
0.187027
0.924884
0.81534
0.24082
0.488391
1.32589
0.426782
1.93602
0.45696
0.140246
1.28893
1.99411
1.04156
1.86782
0.865396
1.91865
0.507004
0.464367
0.349165
1.97854
0.0396551
0.618145
0.164659
0.913749
0.273526
1.25955
1.78474
0.781943
0.021283
1.75246
0.30745
0.371198
0.737994
1.87221
1.64418
1.10213
1.5448
0.484058
1.71534
0.601967
1.34844
0.716859
0.351898
1.40838
1.97224
1.75679
0.203403
1.85643
0.0171061
1.25722
1.82235
1.63157
0.944161
1.8636
1.69951
0.722581
0.724974
0.223131
0.757743
1.25679
0.70286
0.452592
0.528927
1.53061
1.89491
0.127127
0.746095
0.187712
1.0492
1.53563
1.96824
1.43901
1.57443
1.45917
0.215801
0.870261
1.80614
0.106353
0.621875
0.512867
0.870293
1.36995
1.83273
0.198787
1.52675
0.442405
1.90878
1.93204
1.94765
1.81131
0.778035
1.54198
0.29303
0.668972
0.332013
0.0281647
1.1793
1.04921
1.71237
1.093
0.979836
1.97183
0.355247
0.104706
1.01164
0.672354
1.50686
0.0874144
1.7943
1.89733
1.73106
0.0631071
1.13312
0.655474
0.379989
0.40976
0.974492
1.49734
0.197886
1.88623
0.142677
1.59638
0.231728
0.449478
1.57106
0.137503
1.77601
1.31781
1.94533
0.986122
1.33723
1.83288
1.92044
0.437956
0.445883
0.966348
0.822816
0.511563
0.981492
0.421195
1.5424
1.76177
0.394439
0.866773
0.990519
1.57629
1.47504
1.97935
0.545908
1.28196
1.07346
0.355205
1.51967
0.627037
1.71883
1.41153
0.432001
0.0255004
1.33793
1.19897
1.77132
1.42885
0.386824
0.285834
1.87375
1.65805
1.52414
1.91118
0.0969131
0.825107
1.49182
1.57526
1.12633
1.40645
0.353523
0.785387
0.389044
1.53921
1.00645
1.97056
1.91967
0.00223696
1.0191
0.543589
0.0666509
0.887121
1.72968
0.333501
1.76269
1.22211
0.94742
0.810372
0.21839
1.31362
1.10446
1.93621
0.128303
1.22842
0.0651121
0.278722
1.62588
1.71715
0.817675
0.666699
1.94268
0.64649
0.0590843
1.01546
0.466559
1.30265
1.28543
0.109833
1.94478
0.608363
0.278678
0.349272
0.848708
1.75606
1.15398
1.31617
0.117267
1.5746
1.87205
0.868967
0.186864
1.24709
1.45081
0.937028
0.499325
1.92262
1.69727
1.95456
0.151574
0.197705
0.76121
1.78046
1.7643
1.57563
0.852755
0.150329
1.89594
1.20598
1.96684
1.9079
0.345614
1.57004
1.84213
1.77836
0.180205
1.60281
1.91663
0.800371
1.70065
1.86284
0.532592
1.91208
0.250015
1.36004
0.257082
0.430705
0.812053
1.25846
0.57865
1.64263
1.95881
0.0604805
1.7611
1.80171
1.6775
1.33553
0.958046
0.79956
1.40803
0.138074
0.00290191
1.23985
0.568747
1.26677
1.04106
1.10684
1.74702
1.56678
1.25492
1.97558
0.242184
1.54868
1.5868
1.01001
0.405584
0.326414
1.85078
1.48331
0.508547
0.479953
0.888808
1.92829
1.35787
0.968718
0.880408
1.95056
0.768058
0.262408
0.22654
0.798346
1.18596
1.84787
0.554752
0.55574
0.854194
0.453755
1.07138
1.09488
0.0800836
1.70079
0.924495
1.29582
1.19237
1.94476
0.674989
1.55667
0.673238
1.76024
0.943916
0.0325868
1.36911
1.80053
1.22368
1.27836
0.0962836
0.0290997
1.99823
1.87607
1.27677
1.02886
1.82193
0.893764
0.00964141
1.59589
1.92769
1.71277
1.94198
0.432112
0.687259
0.0205908
0.127786
0.230845
1.05307
1.54681
1.94329
1.88708
1.26125
0.00442791
1.31124
1.34642
0.516694
1.31236
1.18332
0.409525
0.214952
1.98435
0.287856
0.271803
0.0186254
0.260387
1.70969
0.900003
1.79245
0.955491
1.7423
1.32001
1.32423
0.952435
0.309186
0.023345
1.12934
1.30221
0.0445881
0.970624
1.80627
1.03151
0.152411
1.28756
0.0115879
1.36981
1.98862
1.74204
0.640576
1.42799
1.86691
1.12408
1.69422
1.54558
1.81954
1.34897
1.29648
1.08759
1.40944
1.30613
0.1224
0.365261
0.301768
0.687931
0.455879
1.35004
1.51391
0.00292528
1.80412
1.33942
0.409193
1.44869
1.99457
0.0998377
1.06765
1.79108
1.07634
0.0422031
1.8387
0.900045
0.98698
0.0640363
0.392145
0.475743
1.43078
1.19693
1.78912
0.94803
0.317072
0.446655
0.0302866
0.735313
1.01431
0.0518053
0.857831
1.71568
1.2419
0.906344
0.976079
0.186974
1.87601
0.47324
0.34734
1.74856
0.664215
0.354605
1.78692
1.64201
1.64328
1.68509
1.83605
1.74506
0.199812
0.0501916
1.52386
0.100833
1.7533
1.80987
0.122783
0.0652155
0.816108
1.1655
1.53049
0.12976
1.22083
0.398
1.34991
0.0584173
0.70008
0.00517535
1.77488
0.180247
0.379534
0.512114
1.81241
0.978919
0.0719349
1.61531
1.82594
0.368977
0.452524
1.92688
1.88102
1.59308
0.490316
0.766861
1.88523
1.52857
0.313787
1.94892
1.98254
0.94795
1.68596
1.7467
1.10996
0.979525
1.03379
0.59431
1.76201
1.97118
0.650972
0.90545
0.184206
1.86162
1.17662
1.1447
1.0241
0.508489
0.289537
1.23862
1.8909
0.257458
1.2913
0.198509
0.542116
1.02579
0.420096
1.54812
1.15731
0.227088
0.148347
1.45264
0.989651
1.85427
0.213604
0.20557
1.77966
0.455223
1.6948
1.80732
0.50241
1.7382
1.91073
0.68779
0.320342
1.38384
0.152081
0.0978862
0.671988
1.73823
0.050357
1.3662
0.586016
1.5482
0.172368
0.435822
1.21506
1.48745
0.998585
0.379141
0.28226
0.163065
0.969042
0.411229
0.84529
1.28233
1.74244
0.0736942
0.52316
0.287531
0.810832
0.129718
1.64205
1.05006
1.05805
1.55497
1.49292
0.620502
0.940139
0.761614
0.0644251
0.176907
0.123945
1.55368
0.729502
1.82874
1.65391
0.649541
1.93459
0.256663
0.705354
1.67384
1.07197
1.12553
0.111678
0.350248
0.740144
1.77633
0.209025
1.04189
1.39223
1.44243
0.0630338
1.64111
0.893837
1.73789
1.12987
1.46952
1.37627
1.97705
1.84297
0.704516
1.01258
0.647142
1.80687
0.374177
0.32075
0.359894
0.521001
1.4115
1.91551
1.01877
1.66043
1.26784
1.14533
1.5825
1.39992
0.358084
0.980431
0.251861
0.117489
1.84464
0.455483
0.506754
1.74754
1.77236
0.247378
1.55514
0.0326841
1.77885
1.69142
1.10101
0.574729
0.107687
0.0769231
0.619919
0.206327
0.106769
0.364408
1.72286
0.810634
0.136328
1.27808
0.0724612
0.714785
0.528536
0.697288
1.57791
1.85712
1.94305
0.76763
0.901008
0.761725
1.28365
0.48122
0.206944
0.37768
0.306271
0.596183
0.0777785
1.08787
1.76901
1.0918
1.64059
1.44958
1.58446
1.83552
0.993069
0.951376
0.21415
1.67471
1.03671
0.876966
1.06094
0.215577
0.772469
0.97621
0.469725
1.07344
0.245113
0.279427
0.241431
0.305965
1.51623
0.302948
1.68021
0.0171154
0.305855
0.467561
0.781336
1.56399
1.59197
0.00554633
0.830729
1.4764
0.77638
1.22204
0.120069
0.538811
0.807871
0.658102
1.65415
1.3291
1.96529
1.85425
1.49183
1.39732
1.13028
0.127824
0.905864
0.000482798
1.19848
0.948104
0.0948527
0.254347
1.90394
0.220433
1.18845
1.868
1.91895
1.90379
1.68282
0.0598691
0.251115
1.97439
1.9758
1.54257
1.71957
0.409101
0.719212
1.09054
0.977894
0.954202
0.843265
1.86293
1.98118
0.371024
0.664826
1.72982
1.89546
0.62945
1.71269
0.127731
0.562813
0.0774128
1.99723
0.750883
1.70888
0.0311186
1.98624
1.02717
1.9322
0.921915
0.0126334
0.660634
1.15735
0.430764
0.518339
1.35306
1.80491
0.986262
0.745038
0.174877
0.246515
0.11214
1.83646
1.2772
0.961599
0.18622
0.151401
0.946464
0.884272
0.0680743
1.21461
1.59524
0.17143
1.00339
1.67939
1.91259
1.80477
1.806
0.942773
1.25354
1.11505
1.74179
0.743559
0.849906
0.286483
1.9904
1.30824
0.200709
1.56785
0.0510018
1.57485
1.9758
0.755692
0.295495
1.55652
0.613243
1.01083
0.814098
1.22232
1.869
1.53372
0.242355
1.60373
1.91537
1.72176
0.213199
1.94007
1.09276
0.781495
1.81341
0.320789
1.74068
0.180407
1.77873
0.932858
1.19182
1.78083
0.44828
0.899126
1.59
0.35965
0.420175
1.45477
0.278128
0.944066
1.24182
1.07129
1.70593
1.95535
1.90317
1.54933
1.34191
0.156109
0.22027
0.444256
0.812094
0.145679
0.743803
1.60102
0.311929
0.277907
1.76474
0.252798
1.12257
0.267359
1.4064
0.960621
1.42425
1.37133
0.108403
1.54232
1.10747
1.18139
0.178311
1.7682
0.613774
1.7871
1.07145
0.553436
0.168901
1.81287
1.76501
0.975509
0.666477
0.910977
1.38477
0.922306
0.310073
1.95125
1.71299
1.25424
0.586644
1.86041
1.7341
1.67976
1.03935
0.298956
0.517736
1.75476
1.99186
0.693729
1.51613
0.141699
1.79031
0.983169
1.34525
0.551788
0.650965
1.95074
0.0557152
1.84105
0.464748
0.3708
0.112221
1.04621
0.272613
0.918272
1.21806
0.597077
0.261922
0.675887
0.0384383
1.12088
0.0263934
0.29833
1.89987
0.562345
0.128883
1.4926
1.24333
0.877931
0.835468
1.37925
0.203717
1.20756
0.365416
1.70279
0.140329
1.92558
1.74969
1.21112
1.04911
1.93424
0.898302
1.01267
1.63724
1.74036
1.31711
1.73397
1.41466
0.320571
1.32279
1.17361
0.907694
0.688327
1.16939
1.21005
0.436119
0.883513
0.2389
0.862149
1.63106
0.0656725
0.0635701
0.209179
1.66946
0.616108
1.98851
1.3398
1.78241
1.83649
0.0813557
1.57898
1.95018
0.662434
1.77577
0.454031
0.724104
1.91045
1.44219
1.29839
1.19403
0.13794
0.776492
1.90943
0.597903
0.382392
1.94799
1.44201
0.888226
0.690541
0.694119
0.035643
0.878738
0.138524
1.4013
0.697484
0.207419
1.79783
0.69838
0.138511
1.99297
1.15072
0.372649
1.80938
1.94316
0.918868
1.85012
1.24657
0.0140818
0.254958
0.0786167
1.5269
1.95697
1.69277
0.966392
1.92936
1.59506
0.45806
1.94874
1.87794
0.818167
1.38986
1.91152
1.33555
0.875353
0.815153
0.186314
1.38547
1.34505
1.81353
0.00399756
1.0523
1.79046
0.100577
0.952332
1.09376
1.59428
1.56503
1.96231
1.9858
0.255484
1.46619
1.44328
1.73091
1.65688
1.72866
0.060335
1.74349
0.675654
0.514839
0.845477
1.99893
1.09851
0.250688
0.726999
0.518165
0.479282
1.11322
1.12868
1.8371
0.55374
1.8671
1.68081
1.26503
1.91224
1.22277
0.0636685
1.35121
1.91265
1.26266
1.37182
0.216364
0.101235
0.0609078
1.41186
0.0655839
1.24151
1.09489
1.47495
1.92953
0.800225
1.83561
1.77024
0.220802
1.74518
1.41431
0.194148
0.241748
1.30668
1.53587
1.25209
0.973955
1.56832
0.0808384
1.31811
1.96685
0.336657
1.96913
0.54727
0.25482
0.949235
0.0131055
1.39008
1.20936
0.0767478
1.79013
1.80023
0.92397
0.893107
0.269726
1.54009
0.676797
0.421362
1.65013
0.911391
0.312554
1.81024
1.55475
1.41564
0.974468
0.442147
0.56745
0.0013814
1.9414
0.130145
1.94866
1.36768
0.87786
1.73249
1.57821
0.862656
1.68477
1.05808
1.36697
0.0527681
0.164694
0.0181543
0.576915
0.44962
0.145999
0.993012
1.12286
0.766109
1.12873
1.07098
0.816387
1.92436
1.42866
0.612917
1.1612
1.56904
0.21683
1.42849
1.07206
1.73627
0.338906
1.28992
1.56671
0.0862805
1.97979
0.52862
1.99513
1.50782
0.958324
0.792513
1.64919
0.219919
0.203999
0.0346001
0.969526
0.292389
1.67885
1.68998
0.24907
1.9804
1.93503
0.0403055
1.76257
0.557354
1.31945
0.885858
0.119629
1.80121
1.84022
1.18391
0.994875
1.52115
1.88176
0.537427
0.0525013
0.914828
1.84187
1.9839
0.507863
1.97532
1.16235
1.61846
1.53529
1.0231
0.734799
1.47345
1.30781
1.11279
1.87098
0.998006
1.76972
0.627532
0.345164
0.0640316
1.65773
1.62467
1.49445
1.20401
0.0110745
1.00753
0.25073
1.27589
0.0158571
0.325049
0.329351
1.16983
0.589521
1.83401
0.345243
1.67844
1.52576
1.21443
0.719743
0.248592
0.490479
0.548808
1.91976
0.968183
0.0458239
1.89387
1.26669
1.82536
1.54897
0.804733
0.263624
1.2661
1.88515
1.18628
0.355606
1.86825
1.16942
0.516245
1.58504
0.139426
0.0192831
1.20951
0.243321
0.449613
1.81264
0.569735
0.809168
0.22623
1.66357
1.45909
1.7913
0.744245
1.80817
1.32922
0.507961
1.8971
0.891777
1.35578
0.822524
1.91723
0.0721222
1.93514
1.4474
1.25967
0.218615
0.347859
0.413758
1.61825
1.75217
0.510634
0.421514
0.416576
0.105491
0.166997
1.21557
0.686787
0.897154
0.230223
1.68308
0.333431
0.792226
0.133423
1.96436
0.809384
1.72524
1.17774
0.346064
0.0188705
0.0918065
1.04148
1.20464
1.70143
0.596214
0.867903
0.54821
0.311884
0.156779
0.0698422
1.67343
1.09099
0.363225
1.00096
1.95612
1.0223
1.85772
1.03294
1.88188
0.827003
1.29221
0.992532
0.178869
1.92098
0.0656315
1.60343
1.79216
1.28394
1.13198
1.02764
1.77238
1.81284
1.9374
0.518207
1.92804
0.915095
1.03388
0.566012
0.211698
1.84634
0.573622
0.698535
0.0566947
0.840512
1.13603
0.442269
1.98465
0.12701
0.280733
1.26821
1.41105
1.53318
0.517762
1.59442
0.975068
1.15332
0.707514
1.02065
0.917165
0.38686
0.602893
0.102845
0.351891
0.789045
1.55054
0.414715
1.08416
1.70126
1.42522
0.123203
1.05505
1.51476
1.21381
1.75339
0.00529492
0.320897
0.539305
1.76657
1.79781
1.69884
0.849921
1.6929
1.66104
0.110031
0.23654
0.780023
1.42651
0.855856
0.726748
0.600452
0.780465
0.72374
1.83669
1.62658
0.491197
1.04259
1.61171
0.786654
0.166459
1.65281
1.94278
1.33628
1.37987
0.336755
0.0732831
1.68359
1.54575
0.432996
0.452575
1.35019
1.06194
0.115246
0.473122
1.68066
1.72688
0.49923
0.364801
0.0118731
0.452049
1.97459
1.61283
1.84596
1.57895
0.359707
0.978792
1.26383
0.255126
0.300133
0.0484892
1.98729
0.467186
0.606402
0.32697
1.63749
1.4336
1.0274
1.22252
0.645
1.67972
0.907797
0.141124
0.832638
0.107427
0.330297
1.74872
1.42217
0.0394211
0.139048
0.164767
1.35234
1.82061
0.841311
1.61855
1.3302
1.04806
0.972488
0.13737
0.855077
1.76181
0.22177
1.00917
0.0102119
1.99236
0.879857
0.491481
1.67625
1.01145
0.957556
1.80467
0.0115124
0.130076
0.139915
0.645134
1.1729
1.92986
0.174855
1.00854
0.78463
0.117838
1.17798
1.55226
0.496439
0.746718
0.0322663
0.152662
1.68111
1.85067
0.395226
1.3198
1.68226
0.570695
0.373253
0.888459
1.937
0.29468
1.62406
0.0408223
1.73277
1.20242
1.91462
1.76361
0.0711062
1.88087
1.16594
1.75866
0.140138
0.236045
1.72476
0.9735
1.85337
0.734234
1.07838
0.884369
0.0410194
0.78101
0.446887
0.0621413
1.99854
1.30289
0.301206
1.73524
0.539027
1.45048
1.46529
1.30122
1.90904
0.120329
0.829365
1.26016
0.658811
1.30618
0.410103
1.76977
0.394369
0.0840757
0.0127403
1.27247
0.105608
0.0869362
1.40473
0.724248
0.34217
0.0118802
1.61549
0.284735
0.525451
0.864856
0.877687
0.0526538
1.04167
0.286803
0.835408
0.442723
1.22836
0.753137
0.425777
1.65201
0.626243
0.113674
0.00119579
1.99008
0.843957
1.1631
0.673052
0.0592321
1.92793
1.50997
1.35844
0.185844
1.69621
0.829583
0.711646
1.338
0.70949
1.82684
0.954707
0.738042
1.3808
0.0690111
1.62865
1.75975
1.91997
0.173554
1.76027
0.438804
1.29495
0.951802
1.78649
0.0579938
0.378094
1.62603
0.904759
1.98256
1.26026
0.18896
0.759941
1.19774
0.937665
1.23781
1.5626
0.925006
0.0889142
1.70868
1.99529
0.362926
0.37845
0.459576
0.356211
0.433547
1.10951
0.047375
0.16498
0.293424
1.63861
0.616896
0.560313
0.252778
1.24307
0.509829
0.288464
1.10752
0.169491
0.459365
1.46901
0.0297419
1.34807
1.27648
1.85764
1.07196
0.288331
1.26763
0.381197
1.79145
1.73147
1.09654
1.80366
1.67252
1.57383
0.786571
1.22362
0.0940905
1.05898
1.69141
0.830043
0.653817
1.54346
1.69683
0.120967
1.9848
1.84501
0.907347
1.39658
0.338943
1.46028
1.82899
0.26535
1.46128
1.22586
1.95625
0.0934808
0.0167524
1.58135
1.27918
0.418864
0.172211
1.70375
0.230075
0.350707
1.87098
1.54502
0.567453
1.37112
0.980269
0.982067
1.44892
1.23692
0.744268
0.824407
0.972991
0.253474
0.0857303
0.800335
1.05321
0.248058
0.358412
0.657776
1.39347
1.2513
1.89372
0.369145
1.94073
0.318005
1.73373
1.67815
1.63418
1.89578
1.19622
1.15669
0.43425
1.67436
0.528779
0.24549
1.56865
1.28877
1.20035
0.83437
1.34851
0.28734
1.90681
0.448439
1.06739
1.24928
1.80123
1.27808
1.17689
1.9126
1.44797
0.129636
1.4489
0.0963396
0.00814378
0.0131532
0.197994
1.99364
0.287752
0.187475
0.118211
1.42684
0.488558
0.175813
0.0569918
0.520206
1.58179
0.677911
1.73808
0.0294634
1.07388
0.606775
0.403381
0.599101
1.97173
0.444904
0.505903
0.649094
1.09074
1.43431
0.00971889
0.107184
0.0621737
0.278506
0.942805
1.24565
1.44259
1.83992
0.988486
1.20403
0.87931
0.255847
1.9552
0.16914
1.62089
0.319989
1.40009
0.0768521
0.427974
1.92607
1.34183
0.177517
0.674771
1.94625
0.610501
0.685538
0.362834
0.437874
0.00370491
1.83636
0.544965
0.287781
0.0387198
1.13898
1.88744
1.6583
0.324567
0.195219
0.637962
1.35699
0.205019
0.10285
0.0298468
0.875452
1.92356
0.455468
1.90702
1.33111
0.662135
0.954245
0.0688635
0.826162
1.50094
0.214783
1.9232
0.96484
1.98527
0.525143
0.127406
1.24359
0.822648
1.78964
1.46218
0.0552757
0.249004
1.80693
0.0827036
0.239207
0.699419
1.45482
0.235285
0.103502
0.25985
1.43229
0.469488
1.33077
1.92126
1.72889
0.0524766
0.779971
0.898385
0.752277
1.94183
1.32486
1.91662
0.676085
0.830047
1.71746
0.0308648
0.27887
0.104936
1.10187
0.294076
0.889599
1.7526
1.83469
0.0274214
0.547314
0.70138
0.461195
0.63347
1.77785
1.6274
1.61931
1.02747
0.930656
1.83851
1.5301
1.3313
1.4806
1.10433
0.507439
0.670388
0.490918
1.11316
1.88427
0.645446
0.113488
1.31166
1.66321
1.33385
1.51872
1.24516
1.22405
1.80626
1.31583
0.750172
0.649382
0.098734
0.50397
1.49298
0.630898
0.10723
1.68211
0.541077
1.99469
0.796733
1.00014
1.39008
1.03453
0.100708
0.818326
1.81216
1.74083
0.132513
1.58383
0.993339
1.96859
1.12453
0.743814
0.706506
0.0612639
1.32065
1.14297
1.98761
0.206392
1.73135
1.38172
0.0115633
0.942098
0.0200754
1.82194
0.147937
1.67045
0.925094
0.385357
1.94952
1.20895
1.15059
1.64058
0.00789785
1.29586
0.62627
1.6051
1.84943
0.0497512
0.276502
1.45567
1.14482
0.291129
0.950122
1.36922
0.0319946
1.64365
1.96382
0.943964
0.482267
1.9881
0.394957
0.672408
1.16774
1.95176
0.888303
0.784502
1.48928
0.454754
1.91603
0.945193
0.47558
0.764274
0.310008
1.7442
1.94418
1.75414
0.924299
0.0463043
0.248668
0.853107
0.160359
1.98875
1.67236
0.0454493
1.55237
1.4264
0.268415
1.66666
0.36445
0.0409594
0.882767
1.60085
1.7015
1.13719
0.0228143
1.5656
0.714719
0.604915
0.0942403
0.167732
0.107922
1.49687
1.7399
1.91623
1.39163
0.565627
0.808397
1.39831
0.876548
1.37629
0.174462
0.183663
0.0914377
1.60322
1.40518
1.69197
0.513379
1.88836
0.0907931
0.281593
0.596553
0.603435
0.0261824
0.354993
1.70482
1.91269
1.68755
0.04292
0.0107852
1.26881
0.830296
0.440563
0.330022
1.83611
1.7556
1.58041
1.50311
0.598767
1.68663
1.76645
0.424098
0.627363
0.19309
0.0726418
0.099901
1.2771
1.17245
0.408934
1.68675
0.794889
0.835933
1.52164
1.86555
1.73792
1.31525
1.94464
0.514757
1.79642
0.985164
0.116681
0.200735
0.400375
1.98871
0.463858
0.858736
0.00335538
1.39196
1.95623
0.659428
1.66556
1.46342
0.283946
1.41403
0.0461243
1.623
0.0500687
0.815882
1.43099
0.367668
0.704033
0.303159
0.762486
0.692781
0.452157
1.68413
0.33706
0.200056
0.101198
0.682739
0.877912
0.0797637
0.703059
1.16093
1.93876
1.59432
0.402179
1.0972
0.522191
0.527842
0.85897
0.0505754
0.572365
0.301039
1.08665
0.190029
0.143329
1.28685
0.0570586
1.13664
1.33916
1.27468
0.0300565
0.385964
0.431013
0.308547
1.45676
0.154234
0.467034
1.57156
1.91444
1.97082
1.94868
0.332222
1.13966
0.0931736
1.48496
0.995611
1.63332
1.3102
0.811394
1.018
0.308896
1.30094
1.6341
1.78602
0.810728
0.956446
1.04722
0.310676
1.0174
0.617272
1.49003
0.996344
1.9958
0.928723
0.350384
0.57259
0.449688
0.339856
0.640064
1.80823
0.834211
1.74735
1.70642
0.516333
0.186346
0.637563
1.14496
1.88183
1.30078
1.83207
1.52039
0.276691
1.09197
0.498338
0.868387
1.01211
0.201621
1.60924
1.93798
1.9293
1.88654
1.92513
0.569131
0.825188
1.20494
0.385994
1.80565
0.322716
0.37822
1.76676
0.782423
1.18781
0.931898
0.964248
1.53275
1.73754
0.684746
0.844565
0.329132
0.315966
0.668456
1.75333
1.34567
1.53877
1.1477
0.204743
1.28523
0.0316684
1.48316
0.0204964
1.70089
1.79637
1.70186
1.55625
0.348489
0.90398
1.24597
1.65697
0.0231047
1.94404
0.0157276
1.0647
0.353333
1.81572
0.0147345
0.180475
1.65503
0.198447
0.513237
1.84474
0.791278
1.58781
0.390422
1.17436
0.210271
1.02557
1.34973
0.551227
0.162207
0.918502
1.19649
1.78626
1.91547
0.146421
1.5431
1.87088
1.95917
0.364405
0.0255507
0.76189
0.0911963
1.78133
0.487171
0.726993
1.2128
1.99956
0.0281384
1.47532
0.215436
1.43409
1.37217
0.764426
1.89142
0.670676
0.0442367
0.784897
1.95088
1.99545
0.0298131
0.177498
0.292375
0.14822
1.40182
1.53652
0.998399
0.551769
0.279113
1.87157
0.400995
0.0508732
1.67351
0.465264
1.94721
0.379286
0.504115
0.685392
0.606636
0.16236
1.75098
1.58874
0.772349
0.6941
0.991294
1.89629
1.99337
1.04962
0.875576
0.140093
1.852
1.58843
0.341004
0.0798098
1.82396
0.30413
1.27148
0.709935
0.951513
0.0112774
1.45972
1.88495
0.12046
0.218744
1.85652
1.91251
0.278542
0.409945
1.41473
1.37127
1.8482
0.821261
1.80325
1.67571
1.78002
1.86559
0.147365
0.0749664
0.651646
1.67149
1.4648
1.00984
0.746352
0.882763
1.61182
0.755279
0.783731
0.240111
1.56576
0.00786388
0.160926
0.827502
1.53631
0.543524
0.355924
1.81204
0.356978
1.71558
0.742475
1.09403
0.958623
1.23674
0.331645
0.424451
0.601121
0.676015
1.79604
1.30772
1.10553
1.5244
1.85898
0.463742
0.435434
0.298259
1.66109
1.80469
0.184724
1.43083
1.81017
1.78152
0.407091
1.92187
0.596557
0.662224
0.417905
1.96377
1.94312
1.50483
0.299583
1.80875
0.293504
1.89354
1.81326
1.16869
1.46004
0.974867
1.86097
1.12005
0.483831
1.46465
0.516923
0.131603
1.37421
0.811699
1.86385
0.705718
1.25602
0.753177
1.76888
1.40927
0.893135
0.975155
1.92384
0.00837433
0.94481
0.482815
0.929416
1.27412
0.65955
1.49782
1.59687
0.536367
1.61323
0.72153
0.897982
1.95965
0.919211
0.440448
0.948949
0.325618
0.190152
0.0841675
0.0835572
1.72099
0.415665
0.921669
0.222069
0.849725
0.46598
0.240465
1.14353
0.614871
1.83933
1.58217
1.74621
1.97301
0.688664
1.83001
1.3194
1.31238
0.93412
1.36444
0.733749
1.90142
0.0313195
0.893466
1.41869
0.181121
0.830486
1.0727
0.25433
0.961104
0.675503
1.44624
1.91525
0.206464
1.11377
0.953167
0.141289
1.27131
0.493865
1.70551
1.85813
0.0418915
0.79389
0.780202
0.513052
1.89178
0.735113
1.65049
1.46577
0.254472
1.79677
0.283401
0.418712
1.21413
0.192632
1.88726
0.0538596
0.10205
1.74097
1.85311
1.51563
0.0595495
0.329829
0.277757
1.90449
1.71726
0.936011
1.71051
1.66716
1.70336
1.74829
1.99944
1.27686
1.99156
1.83976
1.86725
0.783657
0.813373
0.332564
0.0818456
1.6961
1.57796
0.0923885
1.84583
1.59157
1.18987
1.50894
1.47041
1.41684
1.20825
0.0859509
0.1372
1.01954
0.918873
0.00109029
0.31115
1.57282
0.154984
1.40356
1.98298
1.96322
1.21853
0.0945321
1.83395
0.829848
0.535188
1.57175
0.193477
0.446882
1.42167
0.811249
0.0422803
0.230332
0.959735
1.88727
1.51498
1.80268
1.43151
0.266145
0.753492
0.0627997
1.16593
0.0863585
1.70432
1.44016
0.0395231
0.1115
1.59563
0.348879
1.38058
1.8932
1.04814
0.273026
1.99075
0.338857
0.528521
0.848471
0.526752
1.87453
0.00565588
1.97356
1.78783
1.52169
0.22472
1.75447
1.92973
1.81329
1.12413
0.215307
0.39173
0.403922
1.82133
0.879247
1.77098
0.25117
1.89725
1.61035
1.09158
1.45794
0.748044
1.93502
1.87023
0.830714
1.83813
1.78087
1.7702
1.90164
1.58614
0.420959
0.766013
0.630492
0.465951
0.946268
1.57888
0.7023
0.812695
0.638227
1.27904
1.6748
1.81969
1.65705
0.118326
0.793681
1.83594
0.932673
1.43774
1.24631
0.913375
0.0312192
0.315186
0.421039
0.205315
0.103159
1.60136
0.889804
1.79686
1.86503
0.721297
0.461864
0.155373
0.654571
1.78366
1.24811
0.260366
1.95971
0.347644
0.425545
1.81287
0.510586
1.83833
0.384445
0.292337
0.989174
0.548521
0.310673
0.345171
0.0347315
1.6929
1.3178
1.63845
0.338262
1.84121
0.45931
1.48502
0.139088
0.574313
1.89313
1.70479
0.0205022
0.83602
1.42748
0.316738
0.543953
0.34712
1.92014
0.55946
1.26109
0.614818
0.208088
1.28162
0.422496
0.938781
1.89719
1.9136
0.800736
0.033922
0.370162
0.697141
1.67011
0.258412
1.86533
1.34605
1.86916
0.0296675
1.65418
1.97614
1.42128
1.97039
0.886147
0.203416
0.379901
1.7599
1.11873
0.435427
0.0821749
0.253585
1.01262
1.90894
0.430511
0.0473188
0.221788
0.525814
0.0567118
0.677209
1.22985
0.0895994
1.90899
0.0484376
1.57072
0.705879
1.72005
0.918333
0.117265
1.82361
0.679281
1.80919
0.908785
0.237238
0.387611
0.775717
1.52687
1.69698
0.901798
1.28286
1.45712
1.18504
1.24285
1.6588
0.508705
0.0265547
0.944861
0.47016
1.23723
1.98274
0.711039
0.523744
1.4962
0.787459
1.38184
0.39755
0.399508
0.660667
0.104752
1.72033
0.062364
1.98106
1.04504
0.248627
1.94144
1.97487
0.991853
1.41717
0.199003
1.09319
0.355582
0.184172
1.42625
1.76355
1.45575
0.321091
1.96583
0.440891
1.16504
0.808136
1.2797
0.661808
0.688307
0.0235498
1.66934
0.252913
1.4358
0.190998
1.42029
1.28655
0.581445
1.98373
1.3696
1.77407
1.3951
1.73555
1.80144
0.128369
0.126585
0.471754
1.90759
0.048629
1.10324
1.34912
0.521291
0.23234
0.508171
0.619679
1.82112
0.628038
1.29875
0.695264
1.55335
1.64726
1.61268
1.31358
1.69397
1.07936
1.39058
1.45553
1.21388
1.01071
0.00892079
1.20207
1.89516
1.54855
1.71981
0.308276
1.96683
1.22176
0.524264
1.29643
0.0579153
1.22235
1.5464
1.20254
1.42392
0.385634
0.85713
1.21397
0.777151
0.462529
0.201187
1.54222
1.86256
0.715875
1.7874
0.170783
1.86027
0.263728
0.34297
0.589221
1.74289
0.257964
0.0865602
1.08494
0.830323
0.658456
0.3636
1.34418
0.00764132
0.657392
1.95069
1.73808
0.94604
0.184964
0.865696
1.46973
0.264705
0.898236
0.9501
1.70618
1.92837
0.362669
1.16357
0.300033
1.63845
1.15258
0.858641
1.88428
0.417816
1.27687
1.80101
0.0594746
0.145995
1.91732
1.16695
1.01007
1.75124
0.0740894
0.379403
0.623173
0.628092
1.06941
0.000149727
1.54249
1.92572
0.944644
1.3948
1.23813
0.144305
1.65574
1.9503
0.942397
0.817123
0.788646
0.578823
0.00729418
0.439631
1.35903
0.176591
1.54434
0.128879
0.503859
1.06113
0.56203
1.94371
0.36927
1.15057
1.52144
1.63568
1.33664
1.79127
0.897276
0.794616
0.125881
1.78514
0.327315
1.84535
1.95123
0.829496
1.89473
0.558175
0.479536
0.237756
0.866218
0.687406
1.77516
1.86928
0.0594451
0.949515
1.53618
1.28607
0.140816
1.20442
0.506906
1.95675
0.500025
0.668852
0.287695
1.98518
1.46791
0.213249
1.01899
0.961707
1.89464
1.18263
1.72755
0.0333915
1.93662
1.83692
0.46441
0.981404
1.45163
1.78246
1.14483
1.61417
1.26927
0.00945783
1.36217
1.50485
0.157438
1.75961
1.92975
1.54985
1.84808
1.80596
1.79587
0.364356
0.285962
1.21712
0.847824
0.842027
1.94244
1.93426
1.39414
1.40365
1.87224
0.118388
1.68255
1.0147
1.59839
1.47124
0.940285
1.99609
1.53989
1.40095
1.34518
0.180195
1.05951
0.12403
0.455323
0.0299677
0.329296
0.929134
0.188129
0.312525
1.19615
1.80676
0.689609
0.0506356
0.886095
0.641119
1.81358
1.02761
0.602515
0.548959
0.058051
1.91589
0.686712
1.63937
1.15509
1.378
1.09894
1.71395
0.624474
1.87563
1.67304
1.0989
0.129222
1.49126
1.92829
1.6802
1.49668
0.735195
1.12394
0.229369
1.317
0.488118
0.432346
1.73508
0.59194
1.96922
0.198592
1.88599
0.293932
0.120044
1.65985
1.78619
1.61278
1.11422
1.01778
0.217658
0.123147
0.116134
1.14933
0.588724
1.80773
0.786846
0.112685
1.8313
0.520896
1.48856
0.13332
0.830001
1.061
0.577592
0.920602
1.57831
1.1381
1.63887
1.24976
1.04849
1.79644
1.00509
0.369094
1.37133
1.83074
0.0596405
0.0710123
0.246445
0.88681
0.679513
0.582358
0.318664
0.651571
1.85681
1.43097
0.170199
0.280479
0.377374
0.635583
1.25659
0.193888
0.25078
1.68838
1.92882
0.60132
0.29509
1.77393
1.66648
1.13553
1.40996
1.88553
1.9853
0.454077
1.28377
1.22879
1.73629
0.392707
1.63736
0.279541
0.412773
1.86661
1.36168
1.10224
0.10857
0.743375
0.766283
1.18932
0.983161
0.916866
1.80241
0.342142
0.536978
1.82667
0.541351
0.762914
1.03891
1.6631
1.11776
0.730352
1.04307
0.00792038
1.7688
1.79337
1.22275
1.59359
0.0331526
1.17365
1.56987
1.22466
0.368968
0.366695
0.844455
0.314187
0.45051
0.728537
0.900731
1.64706
0.217128
1.18123
1.75336
1.76551
1.89498
0.389942
0.191118
0.130672
1.36119
0.172008
1.01114
0.0629481
1.62278
0.59172
1.66326
0.0340667
1.22695
0.883176
0.614376
0.706059
1.27074
1.55609
1.98804
1.39522
0.65565
0.4021
0.987005
0.115205
0.668941
0.125032
1.38518
0.0317307
0.942411
1.85437
1.74887
1.65969
0.454988
0.388151
0.35628
1.64725
0.12728
0.105144
0.665992
1.44465
1.69225
0.514133
0.496858
1.68033
1.72215
0.172068
0.77373
0.1442
0.315815
1.38454
0.285962
1.28755
0.39688
1.35765
1.07052
1.24296
0.0719254
1.12062
0.170004
0.211263
1.94904
0.59674
0.367176
1.15326
0.738641
1.00444
0.351119
0.556534
0.636259
1.98216
1.32879
0.750966
0.363994
0.758959
0.823231
1.49966
0.945364
0.267367
0.373708
0.456728
1.94183
1.06828
1.2993
0.86528
1.31656
0.303228
0.399445
1.81527
0.208537
0.449371
1.97643
1.5956
0.0202584
0.53376
1.23829
1.1604
0.138748
0.161851
1.79215
1.98787
1.41617
0.0590543
1.75961
0.625787
1.93176
1.53047
1.83771
0.487988
0.951
0.905316
1.12928
0.524201
1.12794
0.290426
1.4541
0.998079
1.92397
0.817326
0.565399
0.071052
1.19669
0.878399
1.54805
1.43717
0.381132
1.9422
0.497886
0.24487
1.16788
0.0545598
1.78685
0.22313
1.55182
1.37937
0.137872
1.23975
0.727937
1.02001
1.9797
0.134911
0.383258
0.0661583
0.324622
1.25014
0.980827
0.0800146
1.59642
0.99503
1.46673
0.771439
0.0124047
1.40619
0.488016
0.0131679
0.822584
0.618446
0.164366
1.83984
0.0812778
1.58438
0.0698472
1.61358
0.192709
1.70728
0.286515
0.677527
1.55483
0.272665
1.27374
0.967033
0.176869
1.78209
1.819
0.806371
0.136197
0.0104585
0.4625
1.85849
1.15425
0.722964
1.10817
0.664845
1.79369
1.7108
1.64926
1.95625
1.87537
1.90993
0.19485
1.18775
1.7917
0.410648
0.314538
0.453403
0.195816
1.61686
1.80282
0.729273
0.0816431
1.10128
1.11318
0.029278
1.34987
0.0489365
1.05441
1.10822
0.0354513
1.42169
0.271694
1.15796
1.60561
1.03808
0.0851053
1.27153
1.4775
0.926172
0.724639
0.103302
0.756961
0.0868394
1.49733
1.64132
1.24321
0.799713
0.528582
0.99929
0.467325
0.557135
1.96296
0.798176
1.40673
1.07787
1.43572
0.603265
1.63419
0.372484
0.102739
1.68396
1.32222
1.18704
1.26912
0.0252899
0.405147
0.182591
1.67018
1.83739
1.55567
0.022103
0.84382
1.4523
0.914245
1.90514
0.109424
1.77453
1.05889
0.170239
1.88442
0.883251
1.16284
0.814442
1.96699
1.09871
0.5207
1.11936
0.629978
0.945596
0.102534
1.13713
1.3289
1.78041
1.98906
1.26547
0.500666
1.1794
1.11274
1.62809
0.474416
1.43559
1.64576
1.97661
0.804004
0.667687
0.665423
0.327173
1.40696
1.10193
1.00258
0.85485
1.609
1.43084
0.487577
0.0753382
1.72119
1.40294
1.65308
0.157661
0.11045
1.80222
1.15883
1.7346
0.668027
0.988123
1.68707
1.97787
1.00484
0.696447
1.51783
1.92658
1.97376
1.35597
1.44603
1.12087
0.481418
1.17048
0.846204
1.882
1.62924
0.303315
1.94024
1.29645
1.77829
1.60572
1.20592
1.01726
0.887883
1.4124
1.70458
0.206735
0.318011
1.3578
0.511702
1.07587
0.0285127
0.00221848
0.771885
0.251133
1.68151
0.646632
1.66364
0.632191
1.84269
0.988395
1.77349
1.2979
0.0828041
0.547088
1.06716
0.835846
1.82832
0.950082
0.202706
1.18271
1.43927
1.2148
0.855094
0.721923
0.514465
0.273251
0.0869895
1.90067
0.912606
0.527562
1.59155
1.84483
0.277459
1.71863
1.94957
0.560384
0.62332
0.86457
1.77104
1.74168
1.40342
1.95869
1.92476
0.0610636
1.08884
1.67741
0.27748
1.77911
1.63459
1.58531
0.671181
0.976935
1.35423
1.99221
1.1628
0.275972
1.37565
0.219729
1.99059
1.0614
0.0576019
0.703206
1.47883
0.215947
1.73267
0.721769
1.9917
1.24996
1.05076
1.83087
0.103537
0.0495427
0.0448797
1.56871
1.6968
0.217689
0.70226
0.0218518
1.04118
0.173323
1.95751
1.57952
0.0627718
0.998618
1.66359
1.29639
1.79324
1.71001
1.06973
0.955178
0.654349
0.137798
0.470131
1.67235
1.95856
0.603583
0.187711
0.233152
1.30337
1.84935
1.87037
0.890436
0.499594
1.20788
1.8169
0.24432
1.25218
1.27743
0.166557
0.267531
1.3041
0.299862
0.492756
1.72593
1.54364
1.74805
1.7112
1.97042
0.180474
1.26579
0.324758
0.0250462
0.00206554
0.569236
0.200508
0.145014
1.30581
1.08712
0.742312
0.120573
0.83286
0.696764
1.95123
1.9129
0.23633
0.258414
0.280341
1.97206
1.87815
1.62903
0.473656
1.4282
1.71692
0.699635
1.89715
1.19177
0.549996
0.287674
1.23657
1.17117
0.69577
0.160138
0.138656
1.67291
1.26587
0.791868
0.318695
1.7972
0.119625
1.57694
1.96573
1.6503
1.42075
1.01356
1.26764
0.151324
1.78194
0.382358
1.86028
0.0938729
0.609611
1.36982
1.27098
1.89184
0.0344503
0.611937
0.0478213
0.95457
1.93354
1.13786
1.36859
1.41066
1.7468
1.8747
0.098291
1.78098
0.793184
1.67985
0.373306
0.0434458
0.298256
1.56996
1.60397
0.885561
1.30439
0.193671
0.639012
0.875398
1.26053
1.00378
0.582132
0.948757
1.01087
0.817175
0.134295
1.80702
0.227171
0.132685
0.0374066
0.244053
1.95842
1.41
0.72472
1.44916
0.082673
0.017368
0.793166
0.123495
1.73308
1.59193
1.32706
0.794195
0.070182
0.681058
1.25444
0.742036
0.667827
1.38488
0.712059
0.869121
0.374646
1.00969
1.92545
0.371406
1.46037
0.173043
0.252281
1.34514
1.92213
0.317666
1.82809
0.596493
0.115022
0.762543
1.60853
1.71685
0.500934
0.598945
1.40692
1.20804
1.54971
0.715821
0.419781
0.0200617
1.76936
0.74853
0.969569
0.258298
1.76481
0.119117
1.46556
0.0339601
1.70946
1.57643
0.338655
1.33166
1.71659
1.8306
0.726212
1.01187
0.145068
1.93331
0.28977
1.7736
0.766809
1.66181
0.249955
0.987893
0.285471
0.558753
1.65184
0.611043
0.0465519
0.626305
1.38774
1.54702
1.60298
0.516689
1.62555
1.71244
1.25434
0.14598
1.17011
1.80378
1.9673
0.0817062
1.74073
1.41593
0.266136
1.20654
0.338184
0.839086
0.433366
1.71345
0.240136
0.370473
1.03653
1.44383
1.54688
1.29023
0.422087
1.32857
1.2343
1.56413
1.47196
1.86224
1.34228
0.812894
1.48867
0.861068
0.3164
1.78131
1.6265
1.96378
1.66341
0.697254
1.83618
0.648008
0.0717109
0.39505
0.803419
0.784063
1.27341
1.83986
1.90899
1.17105
0.392875
1.92523
1.70463
1.48891
0.0466104
0.537168
1.24076
1.4145
1.29537
1.24883
1.80038
0.18138
1.97852
1.54494
1.31189
1.07597
0.495088
0.119585
1.9997
0.018188
0.227267
0.560385
0.0711391
0.930632
0.0200052
0.216482
1.48446
1.20812
0.47833
1.36297
0.117702
0.761047
1.85958
0.414057
1.0105
0.0763705
1.22489
1.32332
1.53961
0.670097
1.04161
0.0798742
1.65574
0.191326
0.127877
0.496747
1.44821
1.75885
1.73275
1.71886
1.75647
1.28418
0.238765
1.98214
0.774599
0.378073
0.630529
1.01642
0.143175
0.0785036
1.83398
1.61568
0.907189
0.612424
0.68118
1.67349
0.765137
1.83742
0.254036
0.407704
1.35842
0.534779
1.80731
0.416056
0.46316
1.75424
1.9379
0.341589
0.0533663
1.65902
1.41352
1.09995
1.99802
0.156469
1.36575
1.89399
1.71668
0.837827
0.0780276
0.288171
0.0957325
1.82294
1.679
0.805846
1.82814
0.127337
0.0296384
1.41023
0.139924
0.299802
1.53168
0.963445
1.78008
0.0177279
0.789029
1.38663
1.92465
1.0388
0.240535
0.856664
1.08506
1.83563
0.230417
1.96369
1.84051
1.14194
1.14363
1.04723
1.6753
0.401742
1.84585
1.86449
1.51094
0.782044
0.522334
1.13374
0.00475764
1.90507
1.434
0.163918
1.55353
1.80055
1.9628
1.27288
0.18695
1.65256
1.1629
1.32934
1.74762
0.729101
0.537781
0.0994742
1.47595
0.324699
1.9036
1.68946
0.189204
0.0370514
0.14774
0.588909
1.2082
0.309601
1.53142
0.859081
0.818951
0.690762
0.522268
1.26037
0.900858
0.753922
1.99289
1.26631
1.44911
1.63437
1.82603
0.953677
1.40152
0.914611
1.77148
1.80797
0.0763749
1.9869
0.809459
1.53532
0.875942
1.04026
1.44954
0.0969576
0.25175
1.00607
1.03155
0.358638
1.91008
0.0525161
0.122339
0.306289
1.94613
0.123926
0.764538
0.622543
1.13543
0.462543
1.0945
1.11323
0.67363
0.876092
0.58243
0.505364
0.00550222
1.39716
1.95253
1.42097
1.25227
1.81028
1.79255
0.0875455
0.526824
1.77311
1.99722
1.61468
1.74192
0.450848
1.01784
1.08749
0.947599
1.02983
1.05298
1.58571
1.60515
1.55395
1.777
1.91963
0.595003
0.574287
0.638455
1.79279
1.48695
0.0802039
0.442483
1.56593
1.43481
1.67787
0.494708
1.18667
0.220149
0.479659
1.62568
0.463504
1.90781
1.92485
1.08586
1.71858
0.475492
1.62119
1.70857
0.344419
1.19788
1.99609
1.20215
1.74481
1.51993
0.078023
0.959562
0.425347
1.32819
0.957084
0.657491
1.1846
1.39403
1.8496
0.103571
0.865958
0.862039
1.86081
1.08299
0.234776
1.77036
0.0209218
1.79994
0.554446
0.24364
1.21953
1.61406
1.29781
0.537035
0.673532
1.46469
1.45953
0.268754
0.802331
0.557929
1.06887
0.541613
0.8745
1.89105
0.162889
1.90954
1.99137
1.99148
0.198181
1.39879
1.21363
1.76129
1.63053
0.650158
0.0521312
0.405706
1.69
1.76366
0.568105
1.60961
1.55837
0.0690199
0.279549
0.917654
1.6201
0.847066
0.128157
1.63173
1.66251
1.49137
1.07476
0.482029
1.78481
0.193512
1.38901
0.170725
1.83628
0.517119
1.81039
0.498296
0.440883
0.982892
1.65466
1.00455
1.09038
0.768722
0.288906
0.227041
0.380252
1.69282
1.82944
1.37538
1.95679
0.383607
0.273623
1.27822
0.219313
0.355453
0.237644
0.962623
1.93435
0.283979
1.78303
0.3756
1.87013
1.73591
1.63579
0.793181
1.22217
0.45816
1.16172
0.67912
0.531648
1.58418
1.95514
1.04832
1.49972
0.479954
0.0118101
0.659952
1.66954
1.64193
0.0838205
1.52573
0.585452
1.48214
0.888461
0.585706
0.141262
1.31622
0.128223
0.580507
0.0429696
1.49555
0.0373847
1.24571
0.622703
1.895
0.999261
0.803926
0.475859
1.59882
1.2088
1.62853
0.181317
0.579231
1.49589
1.63016
0.310939
0.235041
1.1296
0.0339241
0.109634
1.70662
1.58284
1.6152
1.88924
0.0468932
1.70935
0.160936
1.55189
0.0262024
1.69253
1.84783
0.038233
1.02302
0.450371
1.91835
0.61217
1.16633
0.986956
0.482971
0.176792
0.661945
0.544831
0.258537
0.668809
0.0382805
0.0804397
0.569754
0.317849
0.919029
0.961565
0.645062
1.6573
1.95883
0.982385
0.692157
0.534018
1.88039
1.16345
1.03944
1.97965
1.51226
1.27601
0.802218
1.90118
0.21358
1.29947
0.497599
0.0279382
1.29466
1.67962
0.333035
1.54798
0.164804
0.91003
1.71131
1.16872
0.839481
0.0418954
1.65832
1.98947
1.38212
0.227407
0.735226
1.5556
1.23391
1.57749
0.0266409
1.96839
0.281799
0.0480789
0.358517
0.666989
1.93262
0.784162
0.48838
0.216616
0.149251
0.0197371
1.86418
0.425417
1.80854
1.04779
0.668176
1.60411
0.0377206
0.551609
1.34435
1.72494
1.90134
0.917726
1.73088
1.91207
1.0067
1.2102
0.053449
1.65979
0.38398
0.517561
1.28307
0.790621
1.84439
0.0738591
0.394449
1.4631
0.338198
1.10561
1.89634
1.16862
1.69527
1.43858
1.72668
1.43761
1.92891
0.949268
0.766196
1.23186
1.66019
1.13037
1.46058
0.240302
0.112508
1.35791
0.806387
1.33727
0.378577
0.216901
1.95453
0.851429
1.10745
1.17503
0.635315
1.08531
1.91314
1.95289
1.97177
0.951026
0.260131
0.623878
0.286287
0.25731
1.89129
0.500393
0.427913
1.85158
0.227662
1.44438
0.296274
0.00638092
0.733844
0.388609
0.239872
0.37166
1.99441
1.16546
0.385814
1.8396
1.85882
1.36802
1.17096
0.817145
0.812191
0.190177
1.38196
1.1228
1.40965
0.267449
1.55286
0.662488
0.689848
0.408927
0.265545
1.07121
1.15371
0.0178438
1.81374
0.324729
1.91702
0.677358
1.79652
0.996767
0.10846
1.17465
1.31245
0.482361
1.49131
0.54689
0.471417
0.473234
0.832798
1.03394
0.576082
1.97938
1.35289
0.283926
1.90268
1.88037
1.71298
0.595284
1.98955
0.1366
0.181788
0.0342699
1.36556
1.77932
0.212253
1.60791
0.318125
1.15695
0.518719
0.0836643
0.0107772
0.847981
1.60578
1.24036
0.480412
1.33362
0.349286
0.585315
1.65797
0.37454
0.0131186
0.75105
1.73679
1.64622
1.35532
1.221
0.0541472
1.39872
1.86586
0.409477
0.737872
0.663144
1.52981
1.99596
0.7212
1.88311
1.69215
0.295052
1.26373
1.78529
0.599626
0.0341063
0.277958
0.183825
0.451322
1.88352
1.67306
1.59291
0.671157
0.964785
0.290314
1.86128
1.51347
0.358873
1.92843
0.59521
0.755614
1.27422
1.8809
1.94565
1.99905
0.336035
0.39383
0.0515854
1.15539
0.589915
0.932157
0.162656
0.840188
1.89242
0.536486
0.650081
0.0332168
1.96987
1.4829
0.407043
0.137024
0.116081
0.205973
0.832462
1.16915
0.745036
1.85803
0.908797
1.64763
0.394552
1.88147
1.60509
0.786656
0.0880556
1.10101
1.97496
0.227076
0.326528
0.893804
0.766647
0.184646
1.80665
1.7497
1.65671
1.98283
1.7626
1.69917
0.0240761
1.94967
1.74276
0.0549058
0.446036
0.911082
1.75641
0.764243
0.682817
0.526124
1.03169
1.08022
0.673211
1.57782
1.89078
0.201185
1.91535
0.769455
1.24242
0.943518
1.59469
1.77601
0.133604
0.204146
1.68794
0.856533
0.315915
1.12531
1.85183
0.083555
0.485074
1.8229
0.782942
1.09591
1.09417
1.67877
1.7738
0.393607
1.38371
0.195587
0.0268779
0.516953
0.339511
1.27494
1.97348
0.0302523
1.13524
0.900009
0.684276
1.03021
1.88853
0.497098
0.157827
1.77764
1.96503
0.814987
0.281317
1.99384
0.852181
0.15303
1.55101
1.05513
0.18531
0.955997
0.789257
1.88651
1.34892
1.2557
0.996844
0.574182
0.384332
0.103202
1.74078
0.707101
0.410208
1.41757
1.90958
1.13024
1.6615
0.106698
0.994876
0.0173821
0.32115
0.856199
1.00726
1.83408
1.71109
1.21835
1.06946
0.423091
0.145359
1.70917
1.91868
0.638209
0.197371
0.0322769
0.129247
1.89779
0.504327
1.19403
1.80787
1.28032
1.68689
1.14637
1.63236
0.549472
0.460186
0.0120672
0.0591826
0.512808
0.0677449
1.99991
0.829941
0.466369
1.60513
1.99623
1.71745
1.35305
1.42724
1.08099
1.10132
1.07731
1.59114
0.97591
0.619693
1.30033
0.431283
0.255992
1.52545
1.90755
0.0990766
1.48181
0.859118
0.371784
1.64189
0.118464
0.122468
0.35556
0.90414
1.24932
0.141114
0.307924
1.39443
1.53926
0.0451331
0.197954
0.946707
0.0149364
1.5691
1.94646
0.0526606
1.27301
0.454111
0.0246499
1.98398
0.578967
0.373804
1.39886
0.0545077
0.228593
0.676021
1.77862
1.71479
0.659261
1.98151
1.78491
1.54097
0.333387
1.83689
0.400021
1.50466
0.780976
1.67204
0.328017
1.21262
1.79943
1.80659
1.62344
1.51292
0.0538729
1.48599
0.502977
0.571643
0.192189
0.749698
0.0685456
1.46169
1.95685
1.22951
1.0434
0.0283878
1.42841
0.35935
0.514024
1.81148
0.107291
0.292408
0.389052
0.251713
0.26406
1.37877
1.93496
0.810165
0.28192
0.86055
0.25165
0.361617
1.99797
0.943851
1.82454
1.89357
0.532589
0.548618
0.187151
1.26297
0.173274
1.68909
0.60702
0.894021
1.99053
1.44152
0.193749
0.177092
0.374219
0.174537
1.69814
1.86154
0.424336
0.701993
1.09975
1.26582
1.89742
0.920066
0.908743
0.403595
0.879689
0.0378447
0.714876
1.10817
1.33358
1.94635
1.70893
0.569904
1.13535
1.17925
0.724979
0.306048
0.347121
0.108049
0.70968
0.236443
1.43084
0.165659
0.509135
0.400609
0.745539
0.970146
0.488079
1.67795
1.98485
1.08854
0.305543
1.73474
0.862654
1.2899
1.08911
0.557308
0.938883
0.0940357
0.801457
0.50813
0.311001
1.69234
1.53343
1.17109
0.220795
0.770893
1.74085
0.543075
1.89385
1.28199
0.854787
1.33956
0.535262
0.568907
0.156842
0.0279671
0.154649
1.9465
0.666717
1.82988
1.87595
1.40386
0.909491
0.232808
1.90579
1.36755
1.83071
1.20163
0.385971
1.86327
0.888445
0.361182
1.03265
0.660165
1.67669
1.22561
1.56462
1.91168
0.55538
1.15012
0.163752
0.186566
1.47322
0.12016
0.406985
0.139401
0.111117
1.32225
1.347
1.2056
1.49264
1.95588
1.59716
1.05144
0.557066
0.180727
1.90111
0.308503
1.35748
1.05656
0.107224
1.67888
0.755508
1.30394
0.562513
0.341524
1.11431
0.128716
0.681827
0.902823
0.98724
1.10109
1.36374
0.0420818
0.582869
0.980623
0.0541047
0.168268
1.7825
1.76262
1.16863
0.952578
0.816253
0.824312
0.886503
0.355928
0.413248
1.80609
0.847126
1.6072
1.02306
1.00212
0.696178
1.14727
0.126452
1.00772
0.757515
0.0948619
1.61984
0.178235
1.82838
1.48088
0.0326782
0.465329
1.25468
0.915606
0.0925198
0.302018
1.50906
1.43315
0.410335
0.180555
1.82679
1.35987
1.26987
1.99249
0.436353
1.12944
1.94516
0.510771
1.47337
1.5304
0.327405
0.0416065
0.205235
1.7446
1.97516
0.470252
0.455171
0.0208489
1.37101
0.627951
1.05748
1.33787
0.663301
0.222489
1.19085
1.65848
1.31869
1.7809
1.47824
0.624325
0.235209
0.254901
1.60176
0.507647
0.0040096
0.137295
0.0412121
0.206789
0.444285
0.5116
1.53673
0.328594
0.710644
1.216
0.938314
0.064141
0.298845
0.636307
1.20389
0.847594
1.69364
1.82519
0.858619
1.91362
1.25642
1.94344
0.436928
0.989135
0.950959
1.96756
1.12052
1.79934
0.666476
1.83185
0.645949
0.538211
0.146685
0.104652
0.805989
0.0507889
0.365366
1.04727
1.24612
0.190077
0.409814
1.93136
1.92157
0.028827
0.119534
1.9697
1.97194
1.49468
0.316672
0.704315
0.446592
0.53188
1.36152
1.8323
1.60603
1.44008
1.72226
1.84098
0.825217
0.125295
0.722179
0.200776
1.11588
0.533838
0.317509
0.356121
0.959005
1.15023
1.26409
0.599601
0.806599
1.69176
0.213648
0.876398
1.97364
1.54114
1.65254
0.102332
1.00971
1.99044
1.06476
0.958087
1.56721
1.04334
1.9115
0.967301
1.20344
1.44213
0.260229
1.20093
1.97405
1.95463
1.44548
1.8557
1.82245
0.789469
1.49481
1.6914
0.450135
1.56436
1.75631
1.95087
0.194884
0.272503
1.68951
1.64185
1.152
0.368861
1.09731
0.720112
0.0384734
1.61819
1.04848
0.0823133
0.775392
0.0363699
0.507491
0.676117
0.301027
0.723383
1.55452
0.752016
1.87668
0.528569
0.875846
1.45844
0.068109
0.294045
1.94719
0.977577
0.401313
1.10362
0.0658609
1.67461
1.85018
0.7261
0.857657
0.0124276
1.96869
0.288556
1.75515
0.122142
1.06631
1.36444
1.38339
0.855972
1.48004
1.74891
1.81211
0.168529
0.73777
1.85536
1.34486
0.104496
0.955027
0.949938
1.05572
1.49143
0.682241
1.62403
1.27675
0.170591
1.74786
1.12475
0.765403
0.533218
1.04419
1.83926
0.454579
1.6697
0.610011
0.626486
0.808701
0.787527
0.887857
0.0716156
1.67884
1.52917
1.85022
0.867832
1.90599
1.32379
0.052507
0.41144
0.680066
0.0732241
0.643085
0.0520704
1.45935
0.783605
1.29873
0.703354
1.28074
1.50973
0.26655
0.897667
0.309984
0.53197
1.69158
0.358183
1.859
0.325172
1.25838
0.932098
1.76494
1.55203
1.32742
1.46251
0.137758
0.304238
0.764657
0.182961
0.415708
1.67366
1.7722
0.530544
0.0465858
1.56453
0.731547
1.16053
0.134302
1.75852
0.179876
1.60109
1.91934
1.65834
1.99285
1.6289
0.653319
0.791744
0.776153
0.949055
1.64488
0.094329
1.13236
0.956445
1.89287
1.2588
0.78759
1.02151
0.184849
0.559078
0.825897
1.40892
0.18177
1.78719
0.725308
0.586671
0.635386
0.888616
1.00128
1.28053
0.765619
0.0654912
0.774873
1.42806
0.735825
1.19617
1.71282
0.200706
0.117976
0.500131
1.35849
1.32897
0.996669
0.627397
0.631449
1.33748
1.34844
0.424986
1.97257
1.3187
0.675571
0.845944
1.84153
1.13662
0.75125
0.339279
0.110115
0.017987
1.5761
1.10634
1.86461
0.691935
1.52394
0.179798
1.76315
0.161237
1.74505
1.21531
0.871449
1.37528
0.509472
0.0415306
0.757704
0.581626
0.123015
1.2146
0.361748
1.4507
0.341485
0.548445
1.98307
0.316984
0.596878
1.11887
0.597707
0.875159
1.97254
0.318124
0.182142
0.682717
1.07856
1.6287
0.393861
1.72174
1.86895
1.09223
1.69747
1.48035
0.45919
1.77423
0.0902013
0.704146
0.726019
1.88827
0.444368
1.48457
0.171666
0.644121
1.01203
0.0262437
1.26828
1.25779
0.77879
1.79154
1.23662
1.973
0.735644
1.79042
0.893455
1.95977
1.73455
0.50386
1.94374
1.86555
1.75397
0.110602
0.244603
1.94658
1.73835
1.54807
0.342018
1.2063
0.832856
0.529624
1.37258
1.92163
0.155591
1.40153
1.15193
0.625327
0.0792828
1.7387
1.0513
0.37728
1.14332
0.586419
1.18642
1.97858
1.78813
0.892673
0.440253
0.522514
1.60986
0.113486
0.731001
0.48049
1.66077
0.682657
1.03172
1.00447
1.3764
1.97253
1.88272
1.18743
0.385233
1.88622
1.98676
0.480003
0.2989
0.207261
0.765186
0.532225
0.491326
0.126163
0.732185
0.532135
0.622706
1.98721
0.183776
0.646773
0.229999
0.843828
1.4388
0.503907
1.70333
0.520185
0.17033
0.036166
1.95304
1.93848
1.46586
0.370796
0.761439
1.50113
0.157457
1.89422
0.0320737
1.79845
0.171253
1.11065
1.82721
0.0711316
1.52429
0.574876
0.51387
0.158677
0.0235418
0.750285
0.682698
0.801861
0.200891
1.17478
0.742438
1.374
0.4302
1.11503
1.96108
0.261118
1.81369
1.55107
0.0115265
1.50237
1.47598
1.74585
0.157882
1.94363
0.564677
0.622828
0.0631323
1.41887
0.570041
1.03995
1.91931
0.267255
0.724889
0.224336
0.0151787
0.850231
0.587644
1.10913
1.55506
1.89035
0.419432
0.660232
1.87536
1.09024
0.840651
1.6947
1.59375
0.0656205
0.690784
1.59934
0.370058
1.88367
1.60899
1.65616
0.703413
1.07557
1.26653
1.43871
1.83537
0.730218
0.380686
0.913051
1.65959
0.0613222
1.91093
1.8662
1.05056
1.34161
1.71568
1.10396
0.0988274
0.562451
0.0251083
1.64942
1.25259
0.0180317
1.62595
1.68355
0.266598
0.414461
1.17421
1.27398
1.46369
0.0534188
1.95861
0.574964
1.32573
0.364152
1.02015
0.644794
1.74606
0.357451
0.0674006
1.40327
1.49788
0.35107
1.03673
0.987868
1.91582
1.85647
1.72072
1.88076
0.42232
1.72562
1.49624
1.73405
1.29674
0.204084
1.87402
0.709836
1.07555
1.8271
0.0808593
0.131813
1.1476
0.548338
0.344153
1.32304
1.07402
1.44843
0.0431718
0.41512
0.333548
1.2922
1.75556
0.388138
1.2426
1.83311
0.754372
0.778093
1.6658
0.327125
1.46514
1.44378
1.36065
1.31496
1.38162
1.41285
1.97291
1.7497
0.339406
0.010124
1.43077
1.96361
0.506284
0.268594
1.90578
0.21307
1.40541
0.583257
1.27037
1.50916
1.68395
0.276098
1.28574
0.244434
1.9586
1.52327
1.54166
1.78236
0.0578445
1.80024
1.74053
1.72622
1.09897
0.0842993
0.526363
0.872115
1.13726
0.351429
0.790682
0.702102
1.0193
1.82769
0.66541
0.95346
1.4813
0.447297
1.60654
0.51037
0.612296
0.0360746
1.89653
1.05291
1.27969
1.60576
1.00153
0.431164
0.410178
1.90115
0.37951
1.9307
0.352688
1.5015
0.140393
0.287207
1.99045
0.200962
0.41757
0.858072
0.571956
1.90767
1.20361
1.35913
0.729519
0.018038
1.88739
1.0612
1.36535
1.61347
1.21367
0.362312
0.68554
0.243749
0.0293895
1.02727
0.395168
0.811689
0.337979
1.40674
1.9578
0.405424
0.0718697
1.18561
0.961136
1.33122
1.07026
0.829386
0.0103263
1.94334
1.7775
0.101367
0.827428
1.43695
1.19511
1.79276
0.137541
1.13081
1.94976
0.824594
1.94369
1.71391
1.7418
0.180403
1.22756
0.738951
1.94528
1.51198
0.906705
0.747176
0.341557
0.827497
1.57259
1.47453
1.79089
0.119971
1.08745
0.936119
0.653924
0.564199
1.09746
1.94612
1.89818
1.09985
0.700101
0.67452
0.331535
1.49559
0.227378
1.43076
0.532188
1.71951
1.04455
1.92151
0.418373
1.89159
0.961666
1.22722
0.0171453
0.320628
0.311688
0.337992
0.295993
1.02674
0.954991
0.940102
0.585578
1.53715
0.102459
0.107702
1.26422
1.45919
1.35295
0.451079
1.97554
0.16977
1.32788
0.774856
0.190789
1.13613
0.473632
0.804523
0.863789
1.35092
0.398011
0.553259
0.149265
0.81238
0.406489
1.47855
1.80595
0.111459
1.1234
0.390333
1.98106
0.27104
0.835754
0.824983
0.411134
1.05989
1.08826
1.9933
0.62363
0.963156
1.32734
0.0920335
0.0364192
0.796168
1.75209
0.54744
1.95881
0.987669
1.92513
1.14096
1.27665
0.0454478
1.91936
1.82824
0.700626
1.20856
1.15324
0.727197
0.231684
0.177935
1.60593
1.50545
0.167272
0.158757
0.648867
1.69877
0.819577
1.83748
1.9838
0.497457
1.38811
1.28555
1.95016
0.785628
1.5143
1.39734
1.34742
0.706244
0.480954
1.89335
0.789097
0.0335938
0.584555
1.72922
0.780379
0.65265
1.67738
0.769939
0.161436
0.344911
0.979616
1.23082
1.21167
1.15862
0.819111
0.298322
1.79279
1.60197
1.61391
1.07279
1.69782
1.10842
1.74906
1.96367
1.23287
0.160681
0.240926
1.46551
1.07423
0.125446
0.0255741
0.280396
1.8087
1.94611
0.0740681
0.189978
0.0640373
1.72285
0.305758
0.809855
1.49954
0.806347
0.254868
1.0208
1.45236
1.23695
0.549127
1.80985
1.34292
1.63173
0.651408
0.282834
0.656615
0.727932
0.538537
1.05056
0.355091
0.192148
1.46695
0.210271
1.76355
1.59975
0.466403
1.94408
1.4416
0.695508
1.91074
1.97362
1.69149
1.63917
0.468439
0.220294
1.92145
0.476362
1.8744
1.90946
0.570664
0.817284
1.2317
1.16178
1.07982
0.00782812
1.87199
1.66893
1.19019
1.92645
1.19322
0.688441
1.99363
0.170575
0.709711
1.30399
0.311903
1.86907
0.0275067
1.91888
1.96974
1.81186
0.0812103
0.558766
1.9927
0.132955
0.26359
0.391869
0.919173
0.426707
0.609811
0.927692
1.07187
0.930212
1.79561
1.62824
1.61167
1.50675
1.21078
1.73863
0.0964139
0.756607
1.63336
0.736789
1.61069
1.07048
0.450549
0.00449264
1.83771
1.01375
1.83879
1.09778
1.70949
0.170534
1.53822
1.36899
1.62127
0.374272
0.130281
0.707903
0.238956
0.0656576
1.3723
0.235199
1.96429
0.0567651
1.83218
0.317427
1.93626
0.801105
1.06731
1.60397
1.79927
1.65971
0.904479
0.221762
0.661216
0.918342
1.86767
1.4159
1.89896
1.48815
0.00948858
1.94166
1.9275
1.43372
0.0590392
0.171311
1.12958
1.13552
0.822885
0.65005
1.89402
1.08622
1.0667
0.695519
1.4324
1.6806
1.66835
0.425573
1.84534
1.59383
0.0546904
1.95888
0.50133
0.997723
0.141364
1.69493
0.800817
0.114521
0.0227283
0.0889653
0.973229
1.21259
1.17734
0.582604
0.76272
1.91295
0.357302
0.832837
1.83906
1.61053
0.099851
0.894357
0.0117052
1.58822
0.0790205
0.241018
1.68647
0.143992
1.58349
1.44548
0.153607
0.191883
1.4371
0.207545
0.917471
1.52478
1.47133
0.0452745
1.41036
1.99808
1.74816
0.742537
1.73449
0.0197424
1.9895
0.613841
1.51184
0.287279
0.61113
1.36767
0.159277
1.51591
1.72801
1.74093
1.66921
0.897615
1.65909
1.96226
1.05045
0.801332
1.62323
1.93788
0.898988
0.423176
1.66305
1.24736
0.0857975
1.71741
0.764123
1.06532
0.907942
0.80223
1.82908
1.0546
1.61136
1.21053
0.542265
0.256486
1.17894
1.74157
1.39749
0.981713
1.05303
1.90468
0.35851
1.05935
1.67243
1.35395
0.752483
0.196542
0.355857
1.11424
1.78899
0.107359
1.49494
1.88706
1.50428
1.20182
1.90932
0.724335
1.79056
1.43315
1.96595
1.65268
1.76337
1.80086
0.177515
0.206733
1.98649
0.0418873
0.762875
1.12792
0.833992
0.433873
0.418476
0.56776
1.32358
1.30772
1.94965
1.85005
1.75643
1.74371
0.626949
0.321826
0.75914
0.387322
0.207928
1.49644
1.95469
0.793623
0.722675
0.0677968
1.83196
1.41898
1.09031
0.0529341
1.76982
0.644337
1.1804
1.93739
1.84141
1.57813
0.468964
0.287456
1.10793
0.572609
0.202657
0.61938
0.00364494
0.194775
1.81038
0.0753785
1.89906
0.86182
0.492842
0.121025
1.81508
1.40527
1.85686
1.9311
0.696631
1.33045
1.84051
1.8781
0.0987535
1.22348
0.159918
1.72981
1.97486
1.49121
1.02439
0.6457
0.13805
0.0318139
1.21821
0.650383
1.99457
0.586491
0.632563
0.0460775
0.598072
0.27363
0.914726
0.605979
0.324512
1.71841
0.813835
0.0920228
0.387301
1.8519
1.72958
0.20227
0.814339
0.998603
0.0245124
1.27979
1.54672
1.19021
0.801227
0.314138
0.0733255
1.25188
1.21311
1.90018
0.76472
1.75946
1.27595
1.93947
1.78015
0.00898468
1.51178
0.509076
0.115387
1.58901
0.174886
1.78158
0.696166
1.95467
0.185064
0.0364727
1.64974
0.22596
1.49483
0.0102845
1.80728
0.0910442
0.721821
0.46011
0.523996
1.47003
1.23342
1.65879
0.177332
0.436394
0.816737
0.820324
0.194877
0.926168
0.329191
1.93602
1.32758
0.79794
1.50692
1.95818
0.219426
1.31916
0.588547
0.204303
1.11907
0.972018
0.683138
0.978552
1.96782
0.752244
1.40024
0.64682
0.325051
0.213227
1.74593
0.481177
0.0828198
0.850027
0.689035
1.28952
1.08505
1.85561
0.256778
0.891797
0.778807
1.38473
1.96138
0.429146
0.262579
0.63359
1.50856
1.42035
1.17825
0.835413
0.14713
1.39158
0.639496
0.129033
0.0911552
0.826113
1.72102
0.0648488
0.281975
1.7427
1.73454
1.75185
1.69311
1.49004
0.228376
1.57208
1.76546
1.69906
1.06408
0.244837
1.94494
0.441676
1.48404
1.56831
1.28448
1.0794
1.70837
1.12874
1.75257
1.87495
1.91656
0.59368
1.1009
0.362991
0.657913
0.502083
1.96413
0.642197
1.72759
0.132446
1.31378
0.0713366
0.0410492
0.374933
1.00662
1.86368
1.96537
0.768787
0.351306
0.49824
0.0520915
1.30672
1.41098
1.18912
0.226809
0.952726
0.780909
1.65069
1.36103
1.66244
0.199846
1.62056
0.581262
1.35608
1.93601
0.0469729
0.298194
0.517317
1.89199
1.12709
0.11013
1.79213
0.0221409
0.400777
0.274302
0.91834
1.50021
0.879023
1.67726
0.232509
0.000779152
1.37923
0.484548
0.628939
0.825771
0.535564
0.290367
1.01595
0.653609
0.242974
1.97943
1.24645
0.325284
0.0586641
0.196309
0.693658
1.64666
0.412633
0.609885
0.0545794
0.311925
1.49137
1.92744
0.21917
1.99237
0.854287
1.12813
1.9925
1.55225
1.17426
1.97233
1.67894
0.577109
1.22524
1.24807
0.334512
1.33048
1.71424
0.40405
1.08982
0.00157976
1.83854
1.58915
1.91661
1.22813
0.890178
1.9563
0.396891
0.428502
0.164138
1.93164
1.87889
0.585511
1.58458
0.424081
1.53624
0.515253
0.638696
0.184925
0.862787
1.28097
0.0179242
0.108559
1.11313
1.15961
1.08546
0.452914
0.0626475
0.150741
0.121257
1.15215
1.91089
0.521449
1.68522
0.0827712
1.44097
1.67903
0.987391
0.787966
0.758968
0.669393
0.132753
0.196231
1.89044
1.33842
0.605519
0.607258
1.69206
0.0361441
1.69534
0.407995
1.5131
1.98789
1.46269
0.248633
1.94839
0.107522
0.651482
1.60349
1.87419
0.216661
0.927725
0.678746
0.907014
1.54773
0.819053
0.652406
0.0231135
1.14796
0.0069356
0.973851
0.867877
0.733513
1.47187
1.8708
0.166581
0.906812
1.87462
0.341309
0.460007
0.210384
0.191327
1.86771
0.903116
1.14962
1.89195
1.85785
1.08642
1.80238
1.54959
1.24259
0.199131
1.23855
1.09673
0.385663
1.04052
0.509629
0.15722
1.67603
1.96604
0.96819
0.746894
0.539332
0.00820422
1.92858
1.55257
0.976739
0.168282
0.0565588
1.2117
1.49662
1.89718
0.593674
0.595885
1.72514
0.0181448
1.3546
1.86397
1.02586
1.64518
1.06832
0.942976
1.96922
0.938768
0.158553
1.886
1.85667
0.974708
0.205203
1.48744
0.319772
1.71448
0.236961
1.75282
1.04563
1.34848
0.249429
1.91168
1.88113
0.0300397
0.281005
0.379711
1.18226
1.709
1.69895
1.97703
1.70028
1.81786
0.188382
0.929944
0.489717
0.661986
0.114496
1.50628
0.436675
1.52466
1.66848
1.33585
0.168419
1.76889
1.94239
0.192647
1.63439
0.643299
1.54525
1.74058
1.51922
0.517849
1.0469
1.98957
0.90038
1.8096
1.87352
0.000491738
0.663682
0.324287
1.88847
0.986977
0.0310818
1.96949
0.369937
1.35155
1.65114
1.34427
1.30091
1.06618
1.98135
0.833463
1.66697
1.91206
0.515179
1.70921
0.77223
0.241634
0.85813
1.96895
1.85947
1.33559
1.10019
1.0922
0.754834
1.88904
0.200723
0.287949
1.34285
0.813701
1.53704
0.366794
1.79733
1.84977
1.44027
0.741021
0.638684
0.226243
1.03235
1.39427
0.41054
1.2832
0.509899
1.80645
1.66839
1.12115
0.472659
0.492054
1.56886
1.90215
1.94523
0.192194
0.61499
0.506883
1.07398
0.0751982
0.0976506
0.15911
0.68323
1.23337
0.635001
1.80835
1.28095
0.0701762
1.50973
0.74599
1.91978
1.21398
0.0759238
1.0122
1.0864
0.120165
0.633324
0.0740393
1.10884
0.0356284
0.0808343
1.46463
0.046898
1.75596
0.819388
0.226439
0.86404
0.849929
1.20444
0.192238
0.790544
0.570138
0.773328
0.744765
0.12489
1.89882
0.0985467
0.739068
1.70276
0.709369
0.225173
0.574873
0.254354
1.13237
1.46963
1.6711
0.379508
0.303771
1.9773
0.0613003
0.157828
1.50055
0.945986
1.79153
0.996709
0.783071
0.816938
1.06944
1.05018
1.72055
0.0285711
0.829361
0.599446
0.125587
0.00971949
1.63492
0.440878
0.282235
0.474275
0.901775
1.34953
0.616806
1.31517
0.713736
0.536294
1.84776
0.888752
1.29101
1.74504
1.86424
0.0868306
1.76593
0.238431
0.665667
0.5225
1.32065
1.13864
1.88349
0.269511
1.71077
0.265296
0.0164964
1.77654
0.287731
0.126957
0.053282
0.347646
1.7601
0.878536
0.215775
0.924831
0.349752
0.658922
0.63021
1.99013
0.69783
1.56399
0.941523
0.00548434
0.460294
1.58169
1.5059
1.82196
1.69678
1.46153
0.234531
0.106797
0.273076
0.200089
0.550357
0.156989
1.0303
1.79108
1.67747
0.200051
1.74741
0.822301
1.38027
0.856469
0.951999
0.179014
1.95618
1.11072
1.84837
0.549818
1.82348
1.2921
0.606629
1.53589
1.91605
1.66871
1.7295
1.99966
0.878798
1.79472
0.759132
0.605405
0.0441661
0.0634847
1.86938
0.746245
0.462929
0.131127
1.2906
0.448497
0.244939
0.807685
0.988915
0.0504782
1.19588
1.12263
0.376242
0.302555
1.56232
1.66779
0.441214
0.414119
0.212613
1.81015
1.66447
1.26107
0.557662
1.37464
1.22933
1.19801
1.65223
0.191905
1.64716
0.956201
0.214867
1.55023
1.11001
1.94168
1.39314
0.942473
1.87772
0.488503
1.87747
0.26011
0.142653
1.16793
1.21536
1.21514
1.84741
0.0865273
0.227621
1.1748
1.06365
1.44276
0.0532104
0.0843561
1.88479
1.73742
1.72191
0.20757
0.574009
1.93715
0.344404
1.98957
1.94762
1.31246
1.64874
0.677267
0.11653
0.524171
1.95392
1.00375
1.15108
0.80859
1.89839
0.156142
1.29402
1.45329
1.87055
0.499773
0.249476
1.9284
0.70692
0.62863
1.31797
0.478392
1.58446
1.58259
0.605134
1.24603
0.48652
1.74593
1.38512
0.462468
1.61729
0.377777
0.0449377
1.89038
1.09013
0.307752
0.495723
0.0235239
1.52586
0.865862
1.85816
1.8936
0.60743
1.49842
0.045467
0.491705
0.551059
0.849138
0.0637738
1.17952
1.71443
0.433249
1.80327
0.790031
1.10263
0.29025
1.80702
1.55173
0.474085
0.24588
0.968274
1.99949
0.81944
1.52087
1.98503
1.01311
1.32949
0.36752
0.984545
1.06765
1.71919
1.16547
0.359455
0.183879
1.34518
1.69964
0.317856
0.557209
0.324007
1.65058
1.79365
0.0345439
1.88172
0.179762
1.48622
0.578851
0.984383
0.757325
1.24635
0.180599
1.06823
0.106586
1.17657
0.0566218
0.104165
1.42471
0.72627
0.74743
0.978003
1.63009
1.69049
0.338557
1.24797
0.183555
1.88241
1.85486
1.04326
0.428532
1.00671
0.253301
1.69464
0.110067
1.73621
0.177633
1.28089
1.82328
0.812034
1.67378
1.31941
0.72587
0.999854
1.8914
1.2404
0.254112
1.90894
1.39129
0.960173
0.536741
1.10848
0.807335
1.58883
1.54329
1.70143
0.98227
0.658135
0.893404
0.879076
1.68677
1.59648
0.31565
0.282056
0.389787
0.67911
1.99022
0.0514385
1.84982
1.1731
0.668758
1.6415
1.81966
0.165434
0.00773001
1.64847
0.215627
0.868669
0.344515
0.0330716
0.0104394
1.89929
1.70834
1.13701
0.243789
1.18938
0.900648
0.301875
0.948604
1.72341
1.95146
0.426105
0.786364
0.0790435
0.743528
1.21923
0.202403
0.694076
1.88579
1.48722
1.82711
1.76808
1.8333
1.58493
1.90223
0.266564
0.194788
0.255608
0.292592
1.19001
0.262665
0.0476851
0.284135
1.79797
0.680867
1.34918
0.909861
0.756128
0.080403
0.650663
0.67026
0.246796
0.325655
1.92177
0.0109366
1.63713
0.0138776
0.349014
1.87821
1.9256
1.6098
1.68113
1.63313
1.21064
0.784057
0.786591
0.927603
0.201225
0.0441501
1.12334
0.370013
1.88408
0.191117
1.26834
1.88837
0.212266
0.348909
0.271366
1.52348
1.18174
1.03513
0.737698
0.459611
1.78792
0.456654
1.72669
1.83847
1.47817
1.96909
0.378853
1.93628
0.290376
0.0541234
0.807792
1.82138
0.335227
0.687757
1.97175
0.0725509
1.80554
1.72909
1.95003
1.68986
0.118084
1.8932
1.37347
1.06724
1.37292
1.28205
0.0833844
1.39216
1.94443
1.19177
0.29478
1.7692
1.17154
0.28211
1.89789
1.30336
0.908678
1.72305
1.36751
0.0433854
1.79443
1.89692
0.49723
1.37191
0.248546
0.13395
0.823098
1.59807
0.585775
0.0653487
0.119698
0.285395
1.27404
0.00248814
0.558356
0.885754
0.694311
0.966198
0.483874
1.38689
0.0386566
0.365574
0.923023
0.102446
0.746509
1.05153
0.149808
0.842423
0.156431
1.80078
0.618154
1.97316
0.868107
1.48585
1.61189
0.946767
1.25635
0.088165
1.63947
1.22004
0.181755
1.85797
0.0416502
1.82202
0.763173
1.7384
0.664669
1.85761
0.606736
1.26229
0.229077
1.95976
0.892964
1.45988
1.87914
0.658961
1.79659
1.93613
1.94184
0.66708
0.69293
1.2591
1.87742
1.48679
1.2992
1.82067
1.39289
0.388608
1.486
0.510513
1.63948
0.941697
0.0282243
0.394639
0.525737
0.913538
0.278348
0.810678
1.70018
1.93063
1.54249
1.16169
0.46637
0.228392
1.59086
0.776608
0.0156524
1.9513
0.948744
0.765792
1.38011
1.63557
0.854375
1.9096
1.83538
1.51531
1.49447
1.03333
1.99223
1.47917
0.110818
0.310695
1.77517
1.81538
1.29164
1.97136
0.650365
0.172464
1.87185
0.670198
1.72276
1.94297
1.08125
0.401907
0.356442
1.70188
0.0531189
0.147081
1.49823
1.15791
1.80607
1.50801
1.7659
0.470758
0.0700772
1.60718
0.538297
1.99369
0.358704
1.26443
0.462805
1.07353
0.733512
0.409053
0.729825
1.78156
1.68454
1.88925
1.32963
1.78353
0.422727
1.95297
1.57963
1.92594
1.27801
1.93956
1.49736
0.156533
0.281317
1.37236
1.9329
0.71613
1.93319
1.279
1.23118
1.16038
1.99158
0.605649
0.333662
1.7869
0.0279412
1.81931
1.167
0.967364
1.82089
0.115237
0.489004
0.200021
1.13329
0.673759
0.462713
1.45614
1.31115
0.862306
1.89278
1.92765
1.31365
1.52278
0.801083
1.29502
1.52035
1.70041
1.98796
0.932804
0.448963
0.0711925
0.407119
1.219
0.473393
1.84206
1.62155
1.59386
0.437461
0.539873
0.0382131
0.510888
0.22129
0.548679
0.409411
1.51089
0.953051
0.0121504
1.56381
0.757572
1.19138
1.92011
0.696498
0.686657
0.497617
0.852816
1.59443
1.6172
1.42874
1.47682
0.673027
0.183661
0.125281
0.427782
0.953524
1.04099
0.157136
0.0500972
1.49413
0.605593
0.147326
1.11058
0.77769
1.58249
1.73614
0.777063
0.328974
1.66093
1.9716
1.30813
1.58995
1.65775
1.50111
1.04363
1.32312
0.396358
0.216356
1.44599
0.112411
1.48869
0.608746
1.95757
0.759881
1.84606
0.749577
0.644897
1.02054
0.147206
0.37381
0.138271
0.338834
0.92961
0.723763
0.433836
0.300339
0.00543118
1.65482
1.79651
0.561318
0.207615
0.480983
0.898075
0.843945
1.72516
0.47512
1.56682
1.58022
0.313252
0.383572
1.348
0.664482
1.08159
0.896692
0.479616
0.333637
0.478974
1.57516
1.17526
0.632632
0.73272
1.02322
0.290898
1.14887
0.954343
1.8747
1.52379
1.91373
1.00524
1.55127
0.834917
0.810593
0.842736
1.98823
0.0760088
1.13358
0.9794
0.483383
0.124063
0.0472733
0.0911545
1.82931
1.22025
0.43896
0.846331
0.0808746
1.95034
1.45775
1.36113
1.28766
1.82568
0.0366395
0.303045
1.85424
1.54782
1.28117
0.670659
0.337843
1.84525
1.73914
1.35144
1.75419
0.38834
0.320407
1.08216
1.15536
1.85317
1.74453
0.813218
1.8638
1.4576
0.458597
0.245484
0.234493
0.464394
0.00161684
0.0756924
1.31819
0.962717
0.0837352
1.56588
1.34701
0.194897
0.132162
0.279902
0.447185
0.99071
1.02994
1.52291
1.64032
1.08173
0.980619
0.657101
1.97189
0.163731
0.777668
0.132454
1.79194
1.93646
1.78786
0.743112
0.356156
1.58454
0.0262913
1.99598
0.0416787
0.750655
1.20808
1.94231
0.464382
0.972929
0.664642
1.52096
0.399926
0.454059
0.258661
0.684849
1.5038
0.779457
1.88873
0.166365
0.686078
0.337288
1.73649
0.275013
1.60485
1.01695
0.192185
1.10629
1.65713
1.30403
0.0702009
0.22507
1.99447
1.63294
0.733749
1.88292
0.791024
0.379927
1.5239
0.616523
0.613305
1.93216
1.18253
0.399681
0.919255
0.141098
1.75795
1.38108
0.0624875
1.37753
1.38422
1.89735
1.11809
0.0712072
0.320445
1.73647
0.0132608
1.16857
1.27527
1.90768
0.0505974
1.46131
0.0551155
0.330549
1.87496
1.23843
0.167084
0.133736
0.257815
1.21182
1.93879
0.0990118
1.03138
0.0706732
1.18363
1.14247
0.907523
1.72029
0.00500751
1.39578
0.11682
0.570466
1.94212
0.240933
0.256876
1.07915
0.981108
1.99333
1.49049
0.783916
0.151924
0.034506
0.0804952
1.46195
1.19656
0.491627
1.51734
0.919467
0.149882
0.273171
1.38218
1.71334
0.751317
0.0934092
0.39638
0.420913
0.0067203
0.482635
1.69122
1.16854
1.41062
0.0797789
1.98465
1.45198
1.84041
0.976332
0.739099
0.116086
0.653952
1.31378
0.734348
0.63002
1.96717
1.79126
0.0955545
1.48253
1.50455
0.161137
1.92793
1.80006
1.02841
1.07587
1.97793
1.50026
0.0501932
1.08799
1.74393
0.0574028
1.80698
0.0455644
0.839178
1.88612
1.50222
1.76992
1.408
0.979708
1.69574
1.36902
1.77555
1.82439
1.03671
0.260572
0.946198
0.328817
1.99691
1.48609
1.67174
1.42276
1.33258
0.916234
0.448125
0.452051
0.209877
0.111053
0.0827343
1.45824
0.467763
1.04424
0.959011
1.55958
0.92314
1.81562
1.75495
0.316743
1.21301
1.9395
1.16656
1.60242
1.86228
1.63356
1.34338
1.78453
1.50594
0.70914
0.630342
0.387212
0.0207326
1.54707
1.82051
0.0662559
0.636361
0.0686092
0.358474
0.803412
0.539507
0.0399302
0.175462
1.74444
0.912671
0.416978
0.582734
1.7428
0.518533
0.502644
0.289498
0.185616
0.945426
0.159679
0.453271
0.133588
1.51312
1.37362
0.979764
0.584906
0.90416
0.600967
0.493184
0.00800204
1.99445
0.737448
1.59842
0.457375
0.5742
0.269389
0.755579
0.218879
0.608884
1.76274
1.71215
0.117697
0.785114
1.29836
0.378456
1.95785
0.437677
1.44352
1.85964
0.655554
0.322106
0.00839221
1.63342
0.667248
0.129314
1.91305
1.27426
0.160875
0.426954
1.1703
0.797865
0.0474325
0.372332
0.00275338
1.92444
0.114514
1.53434
1.42535
0.98166
1.07082
0.965211
0.359752
0.248294
0.0830146
0.662512
1.35242
0.974137
0.242795
0.222869
1.65513
1.95754
0.0898041
1.01942
1.89806
0.477954
1.85924
0.171202
0.520765
1.60139
0.110044
0.386066
0.111349
1.95721
0.0857413
1.90769
1.90442
0.760562
0.0632333
0.716161
0.144374
0.193376
0.0766095
0.269183
0.597174
0.0412389
0.623931
1.52275
1.30871
0.285255
1.74049
0.159843
0.920132
1.97823
0.421619
1.21731
1.11308
1.51472
0.11521
1.95902
1.60202
1.70061
1.83524
0.27942
0.798282
1.2342
1.38148
0.569793
1.92575
1.51636
1.56651
1.06759
0.861361
1.5943
0.939914
0.735149
1.06637
1.25354
1.9297
1.90717
1.50334
1.98234
0.498656
0.857928
0.168313
1.56202
1.42927
0.962879
0.0199856
1.12876
1.84188
0.32803
1.1994
0.493205
0.149887
0.000507712
0.755476
1.3887
0.264415
1.03702
0.513745
1.74402
0.900178
0.360376
1.95603
0.545339
1.7289
1.27157
1.90235
0.11189
1.09345
1.43525
1.97989
1.12605
0.269738
1.2252
1.17859
1.83729
0.0634116
1.41761
1.98587
1.93192
1.86497
0.164122
1.95913
0.893928
0.000979781
1.89252
0.799749
0.0743241
1.85539
1.51466
0.496627
1.2142
1.97266
1.85313
0.0798309
0.508011
0.535267
1.98552
1.68427
1.67168
0.761171
1.54503
0.301845
0.487817
0.0225346
0.613018
1.68288
1.09144
0.732135
1.92398
1.3827
0.610934
0.11149
1.32784
0.73687
0.990489
0.513235
1.91668
0.298227
0.0186027
0.309855
0.648269
0.947542
1.15804
0.368052
1.3608
1.69104
1.77047
1.44785
1.14666
1.99436
0.156918
1.8293
1.67566
1.60352
1.52811
1.93798
0.581224
1.93694
0.69512
1.92866
1.93908
1.67382
0.600193
1.37458
0.224571
1.90782
0.764366
0.0266875
1.99514
0.150917
0.249521
1.04371
1.58059
1.64396
0.170163
0.0592967
1.76098
0.10491
0.293605
1.5653
0.841675
0.365019
0.12345
1.96029
0.420267
1.82733
1.27262
0.381369
1.61269
0.180354
0.282001
0.393682
0.699794
0.749996
0.345752
1.50749
1.74452
0.350697
1.95442
0.00185251
0.403655
0.0863508
1.23559
1.90966
1.17146
1.79625
0.864279
1.25798
1.90599
0.350261
0.395149
1.00786
1.38136
0.90371
0.340379
1.0419
0.170692
0.145087
0.0199238
1.25707
0.7302
0.40176
1.87364
0.830408
0.267046
0.256597
0.495951
0.661369
1.87211
1.89878
0.741458
1.96435
1.99625
1.68591
0.0819813
1.38334
1.25469
0.352465
0.0419737
0.500335
0.981944
1.21884
0.150167
1.74384
1.36874
0.00468159
0.0899879
1.49663
1.7052
1.73828
0.46389
0.347188
0.920046
0.878399
1.51795
1.87608
1.70538
1.82409
0.195608
0.738051
0.548571
0.822756
0.214764
1.87028
1.79647
0.354648
1.26962
0.196274
1.24029
0.663654
0.955365
1.59575
1.83188
0.251233
1.06996
1.68105
1.96665
1.89784
1.86105
1.99451
1.78502
0.291182
0.181313
0.787573
1.91528
0.787164
1.10109
0.355697
0.257938
1.812
0.102669
0.596609
1.65889
1.06484
0.1564
1.07791
1.77824
0.390084
1.87595
1.48419
1.98721
1.71803
0.961631
0.504492
1.89991
1.81103
0.801912
1.87438
0.475391
1.89688
0.16071
1.15457
1.83769
1.53692
1.87082
1.99088
0.265175
0.605831
1.71191
1.8238
1.84992
1.9774
0.315216
0.373508
1.93005
1.91425
0.798294
1.04614
0.932472
1.28949
0.607382
1.63808
0.344539
1.0085
1.8716
0.158151
1.63662
0.512982
0.779669
1.3252
1.8926
0.456354
0.462419
1.70784
1.24512
1.21985
0.332054
1.90636
1.43681
0.0968449
1.12277
0.259169
1.60863
1.03143
1.58603
1.49411
1.49423
0.155276
0.0411921
1.3083
0.963925
1.30548
0.647141
0.0283004
0.11783
1.86859
0.0434866
0.243344
1.42641
0.673543
1.12245
1.86672
0.870272
1.35271
1.47175
1.70571
0.654575
1.72563
1.22035
0.443574
1.4811
1.26444
0.774121
0.976312
0.566316
1.16328
0.640913
0.982939
0.476627
1.14254
0.744107
0.50372
1.24894
0.188347
1.98207
1.8718
1.37843
0.199333
1.20519
0.809639
1.97022
0.338926
1.46634
0.497731
0.601944
1.03059
1.62539
0.347742
1.98752
0.772382
0.883896
0.255985
1.84368
0.628825
0.131062
0.760377
0.0049243
1.05702
1.52949
0.840867
0.562335
1.8827
1.69953
0.0406216
0.247228
0.416334
1.10496
0.287135
0.358297
1.20074
1.11586
1.24568
0.586412
1.77445
0.086189
0.389058
1.57664
0.158708
0.652635
0.612069
1.87636
0.960662
0.73072
0.32345
0.0037874
0.59949
1.11246
1.29104
0.566703
1.55986
0.468166
0.412407
1.30061
0.109203
1.37799
1.47789
1.78222
0.220516
1.93203
1.41085
0.869106
0.621646
0.0702109
1.49408
1.68951
0.537699
1.0443
0.271626
1.3652
1.08894
1.80375
1.35196
1.24085
0.00365496
1.37824
0.94341
1.97086
0.528817
0.662313
0.164278
1.97858
0.414219
1.87646
0.252817
1.10099
0.319378
1.75188
1.60592
0.265865
0.507879
1.98287
1.54095
1.58498
1.21169
1.28771
0.0191031
1.75685
0.0137982
1.34037
0.829851
0.853748
1.48555
0.0339793
1.12565
1.66457
1.32591
1.32312
0.060838
0.779785
1.40582
0.401467
1.72762
0.719361
0.255973
1.05554
1.99459
1.01405
1.7337
0.153751
0.278955
0.0644196
0.465373
0.305974
0.924892
0.563717
0.165435
1.54093
1.09977
0.0901791
0.160518
0.538421
0.153476
0.511375
1.68843
1.62585
0.0577052
0.00648785
1.88722
1.08053
0.0101969
1.28306
1.21019
1.55617
0.146406
1.51067
1.24134
1.72171
1.07325
0.937283
1.76504
0.613197
1.24091
1.76949
0.0548013
0.797037
1.7287
1.2885
0.34828
1.8136
1.66853
1.02487
1.96943
0.281808
1.58808
0.203936
0.606725
0.755424
0.731758
1.32943
1.99063
0.46216
1.98641
1.92681
1.90198
1.97842
0.585631
1.77957
1.99144
0.0828602
0.873904
0.0552437
0.0763463
1.06267
0.901184
1.35528
0.0568093
1.02596
0.931504
0.56611
0.834766
1.83469
1.2917
1.93398
0.044576
1.8821
1.48845
1.72853
0.371938
1.58871
1.70564
0.0873846
1.34988
0.763043
0.275036
0.246476
0.0205401
1.62711
1.5552
1.14727
0.721156
0.0293423
0.81348
0.0295504
1.08243
1.2855
1.02311
0.179611
0.129284
0.704223
0.0404829
1.81136
1.9813
0.00999796
1.89973
0.408307
0.028354
1.30316
1.62942
0.245556
0.744081
1.23988
1.16866
0.625622
1.01386
0.34399
0.639487
1.81865
1.44421
1.74448
1.9463
0.570827
0.932498
1.57391
1.67201
0.199854
1.55684
0.429443
1.31558
0.663003
1.85954
1.22834
1.69806
0.897497
0.900413
0.746017
1.31736
1.18871
0.317587
1.46157
0.923013
0.460822
1.0288
1.33684
1.85802
0.013065
0.0324904
1.94143
0.222278
0.118205
0.565498
1.24553
1.59751
0.621349
0.144398
0.834493
0.793919
0.851463
1.26122
1.24493
1.04827
1.78781
1.24473
1.18606
0.997528
0.0228847
1.77437
1.28785
1.19421
1.21251
0.44451
1.3169
0.407642
0.93344
0.511836
0.734775
1.69809
1.4356
0.978934
1.93696
0.0122616
0.636936
0.586521
0.892821
0.791222
0.228742
0.806093
1.71053
1.58134
1.19686
1.22877
0.129879
0.530411
1.8049
0.499849
0.466348
1.38996
1.51225
1.12996
1.97331
0.0569534
1.89987
0.654979
1.51101
0.933599
0.433595
0.0860935
0.263443
1.99291
1.94275
1.81538
1.57711
0.56598
0.254359
1.88568
1.93003
1.59438
0.657358
1.57318
1.97561
1.77666
1.11845
1.05694
1.99708
1.06328
0.832053
1.79725
0.853084
0.60058
1.87362
0.254654
0.699922
0.197648
1.03539
0.668041
1.14882
1.17011
0.386871
1.12865
1.22154
1.26302
0.0548084
1.14881
1.47464
1.47749
1.793
0.894075
1.19762
1.62419
1.98748
1.30071
1.88166
1.45595
0.123328
0.665683
0.821404
1.11191
1.98059
0.193982
0.199685
1.62806
1.79375
0.0107108
0.0504694
1.05531
1.6132
0.0599134
0.0376993
1.89833
1.99394
0.102928
1.44439
0.000249743
1.09121
1.9769
0.333813
0.669177
0.535691
1.60643
0.462985
1.41305
0.500377
0.171972
1.94638
0.152801
0.474587
0.493914
1.55774
1.79099
0.601033
1.13533
0.953409
1.16161
1.2453
0.49617
1.99029
1.94312
0.538631
0.876923
0.0409945
1.27301
0.606834
1.49125
0.282576
1.08883
0.0700164
0.0145383
0.431297
1.06717
0.0646007
0.905064
1.71757
1.12135
1.52156
0.281199
0.795984
1.78993
1.93736
1.2144
0.0733336
1.41992
0.338621
1.55812
0.451663
1.09361
0.34085
1.66462
0.27618
1.56509
0.0154718
0.137457
1.74175
0.159507
1.79442
0.197
1.92771
1.51614
0.41002
1.65592
0.393689
1.48394
0.053521
0.154605
0.0349848
1.22773
1.84769
1.13533
1.85807
1.66431
0.193744
0.295754
0.280261
0.237932
1.75965
0.385028
0.752384
1.04425
0.406219
0.432725
0.150138
1.05947
0.056289
1.56696
0.542573
0.665484
1.50796
1.24115
1.61987
0.0468355
0.157912
0.445381
0.00230801
1.88961
0.571858
0.724129
1.52851
1.56903
1.78885
0.290834
0.691844
0.286311
0.807713
1.62802
1.61313
0.244853
1.91633
0.561797
0.488033
0.940866
1.30016
0.0224683
1.33206
0.0265508
1.43946
0.839929
0.586603
0.184416
1.82226
1.01556
1.00721
0.0446351
1.74676
1.98354
0.583675
0.611804
1.52183
0.226192
1.56861
0.301885
1.2937
1.541
0.112435
0.724682
1.76578
0.316188
1.83567
1.65629
0.259807
0.0530845
0.254855
1.80503
1.89256
0.459452
1.12787
0.200642
0.260601
0.984128
0.34765
1.77117
1.49936
0.0262953
1.26501
1.86668
1.9587
0.0581366
1.17373
1.03212
0.188851
1.76709
0.304568
1.91967
0.973968
0.417021
0.222021
1.40426
0.000751495
0.734265
0.718815
0.0743284
1.87821
1.91695
0.729728
0.337319
1.97144
0.152728
0.463416
0.672232
0.179948
1.19229
1.37974
1.80748
1.11399
0.568784
0.657078
0.358699
1.61942
1.1266
1.33555
0.866039
1.12006
0.00305939
0.0985266
1.96485
1.8844
1.97708
0.974576
0.908073
0.496616
0.143909
0.948929
0.951105
0.524296
1.80796
0.505321
0.0174333
0.459079
0.899437
0.838181
0.635569
0.642535
1.02891
1.7409
1.09933
0.299185
1.14687
0.00100923
0.559533
0.08348
0.0966663
1.33619
0.575583
1.87131
1.59884
0.851344
1.17685
1.7193
1.5694
1.29766
1.99317
1.69939
1.8357
1.59848
0.699417
0.791057
0.52265
0.550352
0.10981
0.0110909
0.188557
1.23045
0.31357
1.48293
0.984796
1.43147
0.313999
0.10376
0.167772
0.500115
0.433085
0.485644
1.14258
1.26249
0.159138
0.491956
0.925395
1.15146
1.59184
0.344512
0.244125
1.82462
1.88924
1.00365
1.01923
0.878884
1.71839
1.26212
0.178733
0.158932
0.0376303
0.939316
0.284954
0.129554
1.6894
0.900231
1.58628
0.179789
1.35108
0.829127
0.407942
0.964014
0.792429
1.05421
1.41453
1.96775
1.96107
1.08751
1.67014
0.421003
0.120977
1.32452
0.128057
1.63113
0.772655
1.60742
0.942313
0.834169
0.674687
0.849935
1.99379
1.39649
0.17858
1.80758
1.83377
0.542916
1.18462
1.62535
0.145411
1.39955
1.95584
0.641792
1.22607
0.641209
0.162627
0.788387
1.6211
0.883518
1.34143
0.985697
0.684616
1.48877
0.979577
0.102113
1.39009
1.94494
1.57318
1.81648
1.73893
1.34043
1.64698
0.52653
0.0337371
1.71574
0.577874
0.106175
1.67336
1.38815
1.65701
0.339478
1.48202
1.69794
1.77432
0.022689
1.82818
0.037696
0.248079
1.32226
0.217785
0.751738
0.9553
1.81509
1.00691
1.18089
1.61444
0.385825
0.621356
0.0127964
1.73134
1.58788
1.07544
0.531585
0.733134
0.448188
0.550282
1.58613
0.20343
1.16415
1.06076
0.12873
1.8385
0.176525
1.80355
1.84679
1.18409
0.738309
1.21339
0.400402
0.035768
1.96698
0.656011
1.05768
1.44771
0.355634
1.77276
1.47225
1.80269
0.957645
0.016129
1.88458
0.0442166
0.229308
1.88178
0.0884281
0.770481
1.2858
1.20044
1.46815
1.99371
1.92991
0.791029
0.20903
0.960292
1.02291
1.9054
0.669959
1.30595
1.63953
0.277925
0.151336
1.56791
0.157662
1.90972
1.72821
0.321454
0.638825
0.29746
0.688189
1.08034
1.88165
1.0371
0.544864
0.639085
1.10945
0.563538
1.57437
0.302507
1.93016
1.40756
0.781954
1.72378
1.02268
1.28472
0.683395
1.35422
1.13196
1.3995
1.82604
0.861208
0.329231
1.3031
0.170217
0.492715
0.763652
0.896658
0.0152394
0.717736
0.624811
0.172021
1.05592
1.9027
0.0373574
0.253734
0.250564
0.925984
1.92828
1.0431
1.99759
1.52459
0.581795
0.72219
0.368412
0.520544
0.0407259
1.39126
1.58786
1.3546
1.44047
0.417935
0.00894129
1.7579
1.34251
0.325111
1.56031
0.185018
0.643831
0.634394
1.80049
1.76321
0.0545633
0.00780964
1.08889
0.369971
0.415882
1.29721
0.820631
0.103337
0.652039
0.839243
1.60148
1.58536
0.0440189
0.0355208
1.6244
0.642315
1.45532
1.71624
0.212005
0.936444
0.148256
1.19509
0.00895011
1.7558
0.675905
0.0967205
0.0540121
1.99703
0.673019
0.084573
1.38276
0.0488318
0.412987
0.305608
0.605588
0.489439
0.658781
0.0159888
0.136645
1.82303
0.941649
1.98472
1.61796
0.0632441
0.676634
1.85142
0.145698
1.10131
1.05783
0.292615
0.0787599
0.691093
1.6988
0.995674
0.63272
1.34988
1.11868
1.16168
1.10513
0.534477
0.651165
1.11885
1.65259
1.6722
1.16451
0.0751277
0.734161
0.217275
0.169267
0.0926739
1.73382
0.604829
0.906519
1.26957
1.43937
1.68415
0.324679
0.843527
0.0159521
1.93564
0.565255
1.90933
0.0102224
1.51726
1.49866
0.515316
1.42766
0.213162
1.72141
1.32145
1.92071
1.8107
1.1337
0.227471
1.29119
1.52744
1.93637
1.5031
0.20455
0.261868
0.633907
0.681001
1.5553
0.649747
0.402982
0.160124
1.91581
0.765949
0.299193
0.149176
1.58018
0.480906
0.605228
1.76885
1.59806
0.77528
1.94401
1.09952
1.75369
1.37705
0.231272
1.75566
1.57863
1.55226
1.89316
1.97104
1.59653
0.936315
0.00446665
1.7415
1.42245
0.411136
0.685017
1.2851
1.35796
1.40222
0.673194
0.0630718
1.71526
1.07352
1.93632
0.99229
0.73305
1.30617
1.72963
0.0134555
1.07267
1.97304
1.22518
0.468906
1.20939
0.402898
1.33468
1.54135
1.47601
0.153947
0.0435095
1.65045
0.723043
1.53559
0.138357
1.94108
1.09058
0.884226
0.281299
1.45988
0.826333
0.313887
0.400696
0.064585
0.146758
1.31666
1.03694
0.0318785
1.83101
0.937947
1.73762
0.905499
1.42944
1.05821
1.57813
1.82458
1.97184
1.87074
1.16048
0.102839
1.51649
1.71573
1.80461
0.99193
0.824664
1.2021
0.192646
0.289999
0.572158
1.78609
1.3976
1.19919
1.83896
1.1128
0.235569
1.37261
1.57956
1.90905
1.2422
1.21302
0.774143
0.657313
0.394413
0.443358
0.850716
0.954892
1.35478
1.78068
1.63118
0.825335
0.653193
1.11374
0.0710013
1.69894
1.96887
1.46839
1.64558
1.54064
0.278041
1.24474
1.09418
0.046532
0.103376
1.32495
1.62042
1.22851
0.395313
0.933144
1.82288
0.291108
1.24504
0.311842
0.545042
0.310213
0.363019
0.0407262
1.25876
1.31507
0.0157423
1.77541
1.19635
1.87393
1.18824
0.992335
0.187949
0.116058
0.440727
0.732837
0.222846
1.62929
0.301345
0.140609
1.12373
1.54004
1.33751
0.486828
1.29433
1.89391
1.97102
1.47664
1.96639
1.89044
0.690024
1.22654
1.91111
1.79391
1.34707
0.0085423
1.15528
0.749536
1.74538
0.85539
0.243603
0.152078
1.85162
0.158942
1.76694
1.27154
1.18724
1.97571
0.035628
1.9848
0.328046
0.0453923
0.156802
0.0365161
0.811855
1.3322
0.833674
1.23428
0.0884893
1.03482
0.844789
0.279076
1.7772
1.38081
0.702006
1.85101
0.634173
1.99156
1.02436
0.121128
0.0329448
0.877195
1.37368
0.690134
1.40745
0.763852
1.99092
0.459963
0.460771
0.489825
0.906034
0.648664
0.907317
1.7778
0.392905
0.420094
1.45298
1.22669
1.74311
0.429919
1.84778
0.557045
0.958095
1.76241
0.68958
0.287456
1.54176
0.399811
1.93557
1.3156
1.89259
1.43225
0.844925
1.33454
0.126201
1.33128
0.0227226
1.84062
1.52514
1.5341
0.507664
1.35112
0.830556
1.67171
1.19627
0.455786
1.97864
0.66475
1.8559
1.16291
0.441821
1.90513
1.85795
0.933124
1.60861
1.08533
0.113515
1.68903
0.542422
1.75731
0.0979946
0.186542
1.27415
1.43236
0.179379
0.592021
0.589509
0.301545
1.74533
1.62483
0.266251
0.797067
1.84885
0.319125
1.03316
1.80613
0.912197
1.2553
0.383363
0.558539
1.66553
0.966598
0.844768
0.169335
1.55332
1.96337
0.0399984
1.21837
1.55448
0.152428
1.95923
1.90235
1.49875
0.667368
1.26462
1.43147
0.500012
1.91378
1.94797
1.27822
1.30268
0.3186
1.71065
1.04702
0.406971
0.0214156
1.85201
0.0803022
1.75957
1.35893
0.233529
1.85301
0.630682
0.138953
1.03519
0.716982
0.668074
1.79046
0.385247
1.1688
1.97136
0.116336
1.84981
1.81356
0.748569
1.78372
1.23817
0.662576
1.31341
1.24878
1.49261
0.163845
1.91442
1.79007
1.8465
0.559026
0.0593894
1.79087
1.97685
0.938071
1.94335
0.741114
0.221981
1.03149
0.978788
0.527297
0.0464447
0.669266
0.142798
0.476445
1.73451
1.04811
0.491258
0.532478
0.234747
1.68258
1.24874
0.366219
1.23275
0.679297
1.68046
0.0444605
1.74481
0.856145
0.329442
1.9911
1.06647
0.491586
0.465486
0.692877
0.860375
0.0949714
0.530003
1.75873
0.0861534
0.790352
1.01632
0.258832
1.53007
0.0260621
1.31253
1.50903
0.883674
0.443942
1.61761
0.120638
0.743206
0.366558
1.01672
0.283316
1.51808
0.62915
1.79371
0.98872
0.351304
1.73761
0.0151589
0.503605
1.36039
0.96078
1.86627
0.349362
0.351976
1.05886
0.330085
0.0693725
0.0797241
0.271613
0.450698
0.4961
1.09536
1.85134
1.48927
0.660839
0.216631
0.105804
1.35873
0.742182
1.19622
1.6702
0.875903
1.7379
0.62387
1.68049
1.80819
0.261491
0.542686
0.101941
0.854511
0.202282
0.0806096
1.29487
0.130864
1.15018
1.74924
1.72376
0.439047
0.572416
1.85719
1.91193
0.0479285
1.506
1.93302
1.55378
0.649315
1.59044
0.117817
1.74468
1.12359
0.0564656
1.99576
1.95385
0.716539
1.27797
1.30981
0.210167
1.82717
1.79884
1.98127
0.779772
1.6419
0.988425
0.422556
0.201658
1.65254
0.0723262
1.59324
1.5744
0.592405
0.270132
1.14189
1.48155
0.174207
0.265782
0.265881
0.118333
0.0938344
1.96268
1.4162
1.217
0.38285
0.174922
1.70969
1.37244
1.41941
0.966322
1.34022
0.0499614
1.80603
0.651103
0.0407537
1.99472
1.78265
0.645594
0.151601
1.59801
1.82123
1.56718
1.29489
1.73161
0.884816
0.0772545
1.16801
1.60543
0.738111
0.197781
0.948706
1.64381
0.772262
0.0375718
0.198266
1.46074
0.9233
1.50514
0.681642
0.582267
1.36746
1.94657
1.37596
0.0344938
0.0878266
1.34435
0.238277
1.11143
0.630666
0.193179
1.19258
1.5694
0.0815083
0.871066
1.31538
0.0283844
0.60999
1.5941
1.00534
0.114653
1.72724
0.705673
0.254282
0.83872
0.479309
1.72176
1.78068
1.22866
1.15886
0.0797019
0.00891042
1.65027
1.49259
1.78141
0.862075
0.143172
1.86842
0.413155
0.240363
0.721269
1.85119
0.392847
1.91766
0.54828
1.48851
0.671928
1.52464
0.674021
0.667166
1.60212
0.478018
1.86297
0.0797135
1.60945
0.0562619
1.28339
0.601751
0.372137
0.235812
0.417824
1.74174
0.217746
1.66644
0.373729
0.747338
0.436269
0.0216891
1.36822
0.253996
0.279663
0.343611
0.775062
0.772239
1.66729
0.757619
0.755344
1.12089
1.97306
1.85689
0.643073
0.355445
1.61528
0.277885
0.00815225
1.92793
0.595883
0.492297
0.610608
0.780782
0.0081501
0.92868
1.24897
1.27851
0.19976
1.35559
1.93299
0.80182
1.77943
1.83753
0.953223
0.904559
1.96991
1.32021
1.50827
1.23635
0.233902
1.69856
0.108937
1.65988
0.336045
1.78667
0.574011
0.0166466
1.80009
0.398765
1.98972
0.147695
0.29029
1.85407
0.578962
1.1912
0.747826
0.459274
0.848688
1.65191
1.88502
1.93012
0.0490639
1.9003
0.710766
1.81061
1.9096
0.133579
1.31352
0.264768
0.282176
0.171761
1.69821
1.84966
0.622891
1.95271
0.741871
0.402385
0.955625
1.21435
0.242346
1.67188
1.40218
0.00666964
1.79472
1.84818
0.0279012
0.220667
1.97154
0.650894
1.83042
0.379052
1.78904
0.844911
0.409785
1.74402
1.7773
0.409559
0.482109
0.24303
0.891163
0.0282733
1.70053
1.71731
0.675616
0.877893
1.36963
0.484942
0.592999
1.76137
1.2826
1.56385
1.93699
1.37314
0.109916
0.454712
1.64533
1.46088
0.886657
0.434754
0.186122
0.718259
1.49626
0.148948
1.81008
1.88809
0.575504
1.55388
0.149436
1.03246
1.65996
0.824376
1.95591
0.186747
1.13407
0.215938
1.95278
0.666798
0.148493
1.87651
0.761883
0.024382
1.92721
0.916188
0.402261
0.76225
0.249058
1.42261
1.9403
0.695629
0.93815
1.24789
0.0906168
0.595232
0.89481
0.245084
0.133181
1.89937
0.27075
1.2152
0.844088
1.94203
0.0824324
0.0120007
0.680502
1.80855
1.30719
1.08089
0.185347
0.41073
0.89686
1.84689
1.71622
1.91903
1.20129
0.151294
1.33211
0.180626
0.743187
1.04657
0.154733
1.83434
0.545965
1.08071
1.87283
1.9149
0.28776
1.34219
1.99866
0.216944
1.9816
1.48931
1.20666
0.484666
1.70218
1.42238
1.28788
1.00318
0.668876
0.484448
1.25783
1.83904
1.91627
1.37567
1.97966
0.451578
0.0695683
0.128468
1.0107
0.428207
0.382409
1.64331
0.100596
0.329006
1.96556
1.0193
1.80619
1.66832
0.05547
0.720457
0.0792174
0.355202
0.893281
1.02121
1.77271
1.15873
0.971167
1.49615
1.91159
1.75667
0.271025
0.342109
0.920016
1.55071
0.497395
1.2358
1.4452
1.83073
1.798
0.346021
1.88018
1.61601
0.417821
1.78044
0.0726603
1.79897
1.8135
1.9738
1.6915
0.919148
0.511087
0.0568377
0.456721
1.72828
1.54838
0.517652
0.916274
0.658792
1.9315
0.423939
1.29466
1.98367
0.0727638
0.328334
0.107275
1.95697
0.627798
0.0229924
1.93867
1.69598
1.20523
1.09968
1.99044
0.377552
1.42034
1.06418
1.27046
0.0320731
1.58593
0.897113
1.55638
1.41809
1.01852
1.23912
0.488249
0.218133
0.468068
0.152938
0.0541028
0.523296
1.69081
0.12389
1.35223
1.88023
1.63129
1.15863
1.00266
1.89706
1.92463
0.267408
1.31966
0.681055
0.111686
0.939332
0.748767
1.27202
0.174703
1.49396
0.809951
1.28158
0.058156
0.124444
1.96328
0.151658
0.643559
0.12583
0.587968
0.031687
1.85746
1.36812
0.34427
1.05976
1.88498
0.774202
1.83883
1.53006
0.719394
1.36212
0.12267
1.17406
1.89558
1.10652
1.89814
0.723703
1.92888
0.283019
1.95744
0.821736
0.732931
0.403991
1.76228
1.97241
0.0558885
0.248633
0.41447
1.39892
0.0571314
0.878559
1.31082
0.791485
0.226303
1.77296
0.071892
1.32908
0.885928
1.82098
1.75235
1.73314
0.222843
0.60389
0.228218
1.54809
1.86388
1.41262
0.916891
0.481034
1.92997
0.493038
0.513015
1.96178
1.3502
1.82922
1.05333
0.710224
0.819031
1.11988
0.783696
1.72106
1.32462
0.967527
0.00390244
1.02359
1.95076
1.07579
1.24901
0.519219
0.471376
0.204645
0.870685
0.0497961
1.55431
1.21113
1.90191
1.12305
1.46805
0.0740052
0.120227
3.6478e-05
0.405544
0.178827
1.03418
1.21767
0.855551
0.281852
0.0746369
0.863274
1.13967
1.98333
1.86565
0.779588
1.2186
0.504797
0.864689
1.49437
1.09179
1.82374
1.86703
1.83188
1.37798
1.22761
0.351816
1.57182
1.8531
1.69229
1.8194
0.0424516
1.6323
1.13275
0.420237
1.30726
1.96052
1.60012
1.525
1.81582
0.467188
0.801545
0.396253
0.963003
1.91158
0.603521
1.52863
0.0395653
0.899146
0.864382
1.07352
0.00586426
1.08534
1.6232
0.775918
1.90779
1.59915
0.815873
1.75775
0.0527397
0.932237
1.99778
0.407328
0.538327
1.57915
0.633838
1.45867
0.122467
1.59614
1.08391
0.998028
1.53333
0.310712
1.16091
0.700469
1.09133
0.745903
0.5572
0.50596
0.830335
1.06752
0.132492
1.57489
1.46076
0.807909
1.45925
0.363326
1.8349
0.0920988
1.17193
1.19644
1.39884
1.77296
0.018002
0.894119
1.91425
0.0915384
1.22304
0.435338
0.0932835
0.189198
1.69661
1.435
0.513045
1.96692
1.49873
0.158808
0.0431747
0.0417111
0.718878
1.19217
0.202366
1.68968
0.259257
0.204331
0.784444
1.48733
0.209495
1.79825
1.01804
1.10194
1.52525
0.5986
0.9558
1.56088
1.1549
0.84649
1.90543
1.01264
1.7603
1.79925
1.023
0.546171
1.88365
0.255738
1.74525
1.85951
1.5358
1.81754
1.67586
0.114012
0.0380902
1.41417
1.13106
0.549659
0.592059
0.666071
1.70101
1.38969
1.16719
1.79554
0.0120829
0.219189
0.674127
1.84142
1.21741
0.432002
0.568098
1.94912
0.140238
0.0437243
1.35813
0.51649
1.72906
1.33998
0.181424
1.44515
1.78549
0.730391
0.544438
1.97667
1.51193
0.242606
1.66364
0.595433
0.85318
1.97792
1.85279
1.59141
1.8793
0.0937324
1.11631
0.261897
1.31591
0.262314
0.868198
1.56619
0.840811
0.72345
0.951886
0.524621
1.93277
1.79562
0.00185966
0.827364
1.62501
1.14341
0.879282
0.0769948
1.58817
1.89517
1.94141
1.57651
1.95516
0.301001
1.60735
0.884232
0.0793281
1.16305
0.966522
1.85087
1.48936
0.689548
1.22699
0.102316
1.94164
1.04979
0.290977
0.131598
0.861286
1.31676
0.185929
0.122092
0.613911
0.038903
0.598
1.28522
0.905651
0.998308
0.0644507
1.61691
1.40863
1.19145
0.024379
0.946558
1.60446
0.0165614
0.298375
1.51455
0.861888
1.89947
0.305333
1.55562
0.264858
0.867933
0.405415
1.88553
0.741694
1.88414
0.249493
0.0716408
0.112002
0.414371
0.518969
0.227316
0.182232
1.03935
1.76872
1.7085
1.70871
0.414148
0.161294
1.92059
1.79344
0.037255
0.652832
1.76799
1.17305
0.0900507
1.80027
1.13602
1.73017
1.9504
0.652085
1.87339
0.0357114
1.16877
0.232345
1.96069
0.0995618
0.173545
0.644806
0.463175
0.948515
0.785146
1.72491
0.118846
1.88344
0.853571
1.23382
1.36387
0.363956
1.95533
0.052369
0.709466
0.451723
1.41074
0.55936
1.62084
1.63728
1.90133
0.784915
0.167286
0.642246
1.9404
1.8775
1.91889
1.78349
1.08691
0.452718
1.62521
1.05008
1.71045
1.81932
1.30509
0.0286559
1.84041
0.918525
0.334982
1.03831
0.358472
1.00336
0.641846
0.889061
1.10942
0.877604
0.412048
1.9709
0.369369
1.74769
1.73896
0.269401
1.44271
0.46558
0.751944
0.238098
0.0691845
0.581434
0.461459
0.516322
0.500341
0.717395
0.431608
1.09066
0.0488466
0.461818
0.727078
0.0587304
0.324889
1.00145
1.24121
0.934241
0.229467
1.74009
1.60932
0.110154
1.37146
1.79839
0.522639
1.54067
1.45013
0.842412
0.076177
1.49025
1.07026
0.67264
1.51949
1.62267
1.93466
0.400682
0.292588
1.88072
1.46558
1.90347
1.13794
1.4143
1.63488
0.980935
1.24473
0.454995
0.0350413
1.72947
0.0688281
0.964979
1.62009
0.267417
0.3002
0.260756
0.101836
1.60712
1.3843
1.01133
1.87423
0.725278
0.117415
1.92336
0.323148
0.33331
1.22093
0.419418
1.78264
1.69174
1.10775
1.29553
1.86493
0.320276
1.65999
1.57073
0.38443
1.59644
0.858933
1.95112
1.53972
1.63901
0.488555
0.460694
1.13393
1.22172
1.92925
0.210697
1.93193
0.957872
1.45449
1.27909
1.13685
1.89416
0.41579
1.58831
1.55621
0.454577
1.74421
0.923327
0.307088
0.412741
1.21549
1.85077
0.0978436
1.6117
0.560442
0.416753
1.3204
0.490942
1.372
0.732459
1.00838
0.516849
0.117577
0.840677
0.732115
1.82454
1.07083
0.758088
1.51882
1.04883
0.207636
0.989531
0.625621
1.56195
1.50371
1.72052
1.22365
1.74822
0.734953
1.79773
1.28132
0.555827
1.16901
1.83083
1.05508
1.04714
1.92796
1.4719
0.0190341
0.7761
1.38928
1.34039
1.12546
1.73246
1.24886
0.165779
0.560753
1.66226
1.70419
1.63409
0.670833
0.639434
1.20434
0.748291
1.87987
1.93855
0.0874734
0.984938
1.98065
1.00668
1.81419
0.435647
0.286201
1.22642
0.891763
1.8667
0.0233252
0.298533
0.438798
0.523634
1.40401
0.61598
0.795909
0.10707
0.473193
0.578836
0.0957505
0.255252
0.805064
1.22385
1.29492
1.3359
0.508631
1.10431
1.07831
0.348614
0.32235
1.36093
1.73208
1.64712
1.89662
1.3729
1.88359
0.668267
0.383499
1.07281
1.23974
1.30089
1.95254
0.324147
0.23254
0.864808
1.35752
1.30585
0.151958
1.17939
0.394645
1.04959
0.120286
1.88523
0.302321
1.26833
0.791737
1.9585
1.48561
0.834409
0.737441
0.718044
1.65457
0.184938
1.93703
0.751374
0.120782
1.12432
0.174506
1.99707
1.9445
0.441217
0.996246
0.277795
1.37077
1.20583
0.0470651
1.75504
0.113513
1.13331
0.528354
0.738557
0.602478
1.14738
1.93688
1.95324
0.000840425
0.389382
1.06519
1.77453
1.24383
1.17082
0.540502
1.74249
1.96528
0.855413
1.25554
1.91286
0.00345111
1.21779
0.50015
0.446769
0.719216
0.0397567
0.338486
1.84913
0.727047
0.129701
1.24298
1.6942
0.823812
0.471481
1.9233
0.774753
0.0242809
0.928572
0.183416
1.68029
1.0243
1.2341
0.786017
1.60764
1.57883
1.66145
0.925135
0.959307
0.0472512
0.0688057
1.16112
0.343759
1.37779
1.71818
0.890836
1.98991
0.212399
1.05564
0.782913
1.00045
0.401872
0.329262
0.0357589
1.6577
1.78852
1.21827
1.77247
0.288144
1.68531
0.559445
1.57794
0.841841
1.35929
0.102334
0.60658
0.307757
1.83048
0.631518
0.042752
0.307698
1.65606
0.281301
0.461241
0.400879
1.7531
1.15425
0.291985
0.378119
1.30867
0.135083
1.46113
1.48629
0.262667
0.239808
0.678556
1.20856
1.88657
1.69335
1.64444
0.832976
1.48705
1.77235
0.5298
0.125911
0.886603
1.8936
1.91884
1.11348
0.233851
1.92123
1.89615
0.403701
0.266169
0.788461
1.63168
0.976688
1.83108
0.540984
0.557352
0.22144
1.95427
0.412812
0.402165
1.00988
0.791325
1.48848
1.5575
0.460268
0.747601
0.622887
0.274414
0.647083
1.97365
1.51225
1.00406
1.97876
0.524246
0.653568
0.147929
0.0429029
0.0469658
1.69448
0.239335
0.0992785
1.53087
1.75198
1.32907
0.53737
1.98431
1.59559
0.103936
0.527145
0.582426
1.54402
0.273813
0.528951
1.7363
0.923341
0.812247
1.81646
0.830346
1.11038
0.878897
1.02202
0.613597
1.85927
0.933928
1.28186
1.40035
0.846684
1.00485
0.10002
1.2484
0.286373
0.14878
1.633
0.00983417
0.369509
1.03234
0.466453
0.243124
1.38061
0.537799
0.245499
0.164301
1.64478
0.751516
1.95161
1.74816
0.344647
0.481257
0.299587
1.8087
1.83846
0.134477
0.656903
1.75533
1.81881
1.61812
1.61314
1.96365
0.151337
1.4296
0.876845
0.209999
1.88461
1.89502
1.74783
1.24968
1.59757
1.00121
1.50009
0.119521
0.847812
1.86848
0.244441
1.69692
0.323869
0.890939
1.6709
0.0648636
0.11045
1.32371
1.51992
0.313249
1.46715
0.292212
1.01645
1.52698
1.8156
1.76425
0.457236
0.0711172
1.7738
0.545515
0.703652
1.24218
1.68278
0.724627
0.208232
1.32169
0.0574882
1.23679
1.71792
0.905793
1.71254
0.623495
1.39546
0.393135
1.39895
0.0680343
0.267311
1.52797
1.89292
0.651392
0.435563
1.12416
0.15336
0.980411
0.337982
1.56257
0.809067
0.0521108
0.299433
1.90112
0.567897
1.96402
1.39325
1.25235
0.469144
0.84982
0.214778
0.235689
0.0856018
0.769589
1.99927
0.433611
1.89605
1.00742
1.20432
1.13153
0.8279
1.67599
1.86187
0.983292
0.0128573
0.191983
1.8599
0.16323
1.59017
1.45248
1.29619
0.30233
0.946675
1.77991
0.365944
1.92469
0.0959662
0.123116
1.29686
1.73241
0.94435
1.95284
1.33797
0.685856
1.60774
0.611044
1.17196
1.97065
0.538674
1.03442
0.689951
0.0511259
0.581713
0.0790224
0.112272
0.130281
0.116869
1.97736
0.0558714
0.953723
1.17457
1.28094
1.40634
0.257403
1.94165
1.69101
0.0874149
0.468731
0.360871
0.915063
1.69056
1.22218
0.953638
1.28521
0.190268
1.00798
1.98926
0.848547
0.916159
1.8443
1.55721
1.27888
0.420702
1.40815
1.92832
0.193513
0.686942
1.03559
1.12751
0.694449
0.965433
0.945742
0.718204
1.04607
0.455533
1.41293
0.965968
0.994943
0.309462
0.0352749
1.93038
0.677614
1.55453
0.975524
1.03919
0.238274
0.552203
1.6194
1.65773
0.713637
0.931723
1.88383
1.91121
1.40363
0.0249832
0.0392272
1.14591
0.749619
1.78576
1.77375
1.11916
1.60942
0.779305
0.0786936
0.862202
0.628926
1.73911
0.539996
1.95698
0.366028
1.93772
0.0532355
0.685604
0.232367
1.9336
1.19409
1.64793
1.87525
1.434
0.117208
1.79296
1.30021
1.77682
1.17583
0.176742
0.662761
1.11244
1.75239
0.0463511
0.355421
0.124507
0.0247808
0.0568604
1.19224
1.98086
1.66005
0.581581
1.6295
0.736822
0.605861
1.53801
0.494707
1.36149
1.57709
0.452172
0.501637
1.00471
1.93434
0.463753
0.467669
0.0998062
1.08016
0.363616
1.80704
0.0875566
1.82809
0.256319
1.67465
0.704744
1.22756
0.398333
0.323696
1.88006
0.551874
1.67894
1.97308
1.06858
0.825451
1.81033
1.647
1.99229
0.152882
1.03195
0.721435
0.335152
1.98946
0.551443
1.45869
0.00607061
1.61352
0.900662
0.60962
1.57323
1.09238
1.04285
1.20016
0.318766
0.671834
0.0323898
1.05364
0.0221026
0.318689
0.808999
0.476522
0.205698
1.72151
0.0822043
0.00741923
1.2061
1.57111
1.98638
0.283067
0.0272852
1.9514
1.8919
0.305342
0.371471
0.91605
1.96013
1.97119
0.147974
1.89215
0.564873
0.948759
0.342716
1.95576
1.85117
1.64344
1.87571
0.079357
0.11253
0.610171
0.395039
0.148151
0.210929
1.96682
1.12384
0.103301
0.762483
0.679224
0.0750009
1.4344
1.51953
1.18728
0.231826
0.0401447
0.21199
0.0774301
1.65352
1.70339
0.448206
0.0189929
1.67284
1.99351
0.488877
0.113006
0.042043
0.0539169
1.13886
0.268472
1.93904
1.20329
1.57503
0.58029
1.88334
1.01126
1.90137
1.58577
0.851735
1.88064
0.517823
0.97478
0.218176
0.8074
0.563525
1.36558
0.572716
0.465472
1.89688
0.280648
0.426987
0.559832
0.135641
0.25046
1.12486
0.183192
1.7966
1.91661
0.0761635
0.286723
0.0947772
1.0927
1.59055
0.138012
1.79502
1.30873
0.314187
0.28149
1.79531
1.07175
1.76066
0.514673
1.06116
0.119094
0.355856
1.62969
0.502647
0.208466
0.071533
1.4814
0.508177
0.425168
0.530506
1.60854
1.18708
0.0353626
0.375487
1.86911
0.777637
1.08192
1.74373
0.057225
1.22119
1.63124
0.226709
0.274255
1.15847
1.84282
0.813377
1.10186
0.756671
1.28398
0.364904
1.07527
0.682505
0.0865117
0.649936
0.759017
0.284782
1.73512
0.141038
0.259872
0.0113623
1.24587
1.02323
0.00451851
0.135386
0.546328
1.58003
1.7183
1.76491
1.93737
1.62047
1.61931
0.608499
1.29588
1.55817
1.63944
0.563487
1.54396
1.87947
0.123874
1.92531
0.63445
0.0116702
1.12718
0.300576
0.545633
0.213721
1.88994
1.26569
1.62655
1.96655
1.96095
1.37493
1.80463
0.50219
1.7767
1.18216
1.38106
0.0072521
1.97103
0.1157
1.39032
0.0900763
0.975632
0.99988
1.7537
0.409285
0.663561
0.329869
0.225682
0.129326
0.808083
0.148923
0.344603
0.0520228
0.840427
1.98258
0.617622
0.22606
1.42023
0.105799
1.55165
0.203639
0.125964
0.876883
1.04194
1.1928
1.87001
0.118148
0.19461
0.354958
1.84438
1.28134
1.42308
1.6551
0.0477551
1.87585
0.765021
0.421137
0.611096
0.470857
1.80411
1.11127
0.528299
0.61218
0.763856
1.46185
1.80352
1.72226
1.44871
0.605775
0.955142
0.153871
1.88692
0.660772
0.144875
1.63168
1.47534
0.563231
0.981959
1.30809
0.994948
1.64626
1.13779
0.204608
1.56698
0.571265
1.72862
0.215259
0.0520923
1.93759
1.32003
0.647819
0.223556
0.384622
0.247738
0.58057
1.48125
0.359083
1.2678
1.73924
1.69901
0.318839
0.0345711
0.676372
0.2958
0.257468
0.655548
0.00720763
1.72138
1.34995
1.51443
1.01189
0.193325
0.0582711
0.142456
1.53715
1.71634
1.69143
1.59527
0.269952
0.822227
1.29202
0.97398
1.2412
0.220494
0.738476
1.25675
1.37798
1.48161
1.25476
1.20422
0.207009
0.0581993
0.83598
1.40386
1.46555
1.76394
1.17633
0.7156
0.201174
0.634799
1.84695
0.00817156
0.506022
1.89175
0.187756
1.69961
1.66219
1.20233
1.74198
1.72431
0.326072
1.47242
1.87003
0.239727
0.630224
0.518468
1.75732
1.83886
1.86738
0.0755554
0.0720115
0.560476
0.785356
0.00463974
1.85991
0.311624
1.91561
1.67665
0.287109
1.15162
0.857868
0.302489
0.156874
1.96699
1.96898
1.44593
0.505208
1.34088
1.9365
1.37986
0.297138
0.316332
0.403115
0.415841
0.640428
1.18129
1.68843
1.47204
0.0757037
1.97775
0.0679071
0.977065
1.12392
0.0129111
0.712913
0.315587
0.0812463
0.969744
0.659607
0.0151824
0.102594
1.87706
1.8532
1.38956
0.0835601
1.27351
0.627467
1.97409
0.0839436
0.529806
0.0556744
0.0226812
1.73621
1.2001
1.09561
0.766553
1.81664
1.47327
1.42961
0.321392
0.365157
0.802293
0.306719
0.385649
0.49228
0.158538
0.223215
1.95319
1.45715
1.52086
1.56884
0.835889
1.95447
0.29341
1.79794
1.83306
0.866602
1.94611
1.2344
1.94117
0.469117
1.69603
1.0836
0.230967
1.07269
0.043067
1.5786
0.487197
0.00550497
0.0597545
1.99575
1.91769
0.146364
1.10947
0.109998
0.504102
0.0509012
0.168773
0.219604
1.44978
0.977165
0.875584
0.0998614
0.0595316
1.19155
0.417266
0.941211
0.281164
0.623038
1.9747
0.0567397
1.20326
0.490438
1.53562
0.218198
0.600025
1.4115
1.16673
1.22818
1.89944
1.15803
0.861724
1.97492
1.25292
1.67116
1.75064
0.202466
0.35433
1.20438
1.23688
1.39792
0.0886358
1.88191
0.676407
1.68295
1.46545
0.339127
0.312815
1.96438
0.011158
1.14813
0.488978
0.0965747
1.64937
0.282786
1.01633
1.71661
0.890635
0.601484
1.81895
1.46358
1.63421
0.639239
0.672039
1.90981
0.742974
0.186082
1.37203
0.0775951
0.928039
1.55026
1.14262
0.645692
1.37037
0.8659
0.154077
1.63626
1.16352
0.58093
0.286115
1.96874
0.0201173
1.7687
0.323229
1.04893
0.5678
1.08144
0.592564
0.0193663
0.364918
1.53671
1.49027
1.49667
0.0937387
1.41308
0.861549
1.88467
0.383987
1.80016
0.62276
1.90313
0.112678
0.958863
1.10139
0.125378
0.0257726
1.24904
1.24685
1.92864
0.493483
0.21198
1.76645
1.96515
0.455411
0.691572
1.07589
0.307737
1.62078
0.0683783
1.79312
1.85252
0.0803385
1.06565
1.90955
1.12435
1.60365
0.559914
0.229965
1.05825
1.42255
1.59025
0.520993
0.768014
0.372329
0.319115
0.549038
0.447409
1.33957
0.953567
1.0542
1.78171
1.82726
0.344863
0.444666
0.267925
0.479033
1.8565
1.69861
1.61791
1.43667
0.311947
1.58476
0.794718
0.914151
1.36523
1.17753
0.154259
0.907442
0.167122
1.27924
0.228179
1.77345
0.784287
0.0511396
0.600324
1.3951
0.989706
1.27487
1.93952
1.95888
0.735687
0.285072
0.0653529
1.31599
1.1969
1.29502
1.94267
1.73269
0.753878
0.890988
1.99272
0.639547
0.65246
0.384472
0.417336
0.583524
0.0636187
0.0638148
0.899507
0.983012
0.479984
1.64372
0.809583
1.97337
0.779534
1.5995
0.695282
1.70313
1.67901
0.0252633
1.82777
0.0345937
0.263704
0.386211
1.65649
1.58797
0.328612
1.23406
0.26712
0.0400218
0.0495833
1.4765
0.727658
1.16042
1.51478
0.55686
1.54146
1.0058
0.931458
1.49041
0.424767
0.463864
0.930003
0.0778508
0.788798
0.0060252
1.785
0.1212
0.586841
1.96414
0.585195
0.0429877
0.462344
1.95833
1.87596
1.39109
0.566832
0.962515
0.146975
0.780215
1.4251
0.476266
1.16497
1.97856
0.206506
0.678957
0.576523
1.17147
0.749453
1.89573
0.386783
0.433518
1.43556
1.53298
0.840596
0.507182
0.886963
0.84512
1.94006
0.0460397
1.92918
1.61449
0.455977
1.91435
0.763074
1.40912
1.93172
0.441083
1.87345
1.89744
1.95465
0.925853
0.243904
0.282088
0.629175
0.811223
0.532428
0.435409
0.177336
0.350558
0.786667
0.00125098
0.128713
1.58521
0.621384
1.81087
0.0305545
1.8905
0.929987
0.686545
0.792195
1.30303
1.36326
1.36114
1.52523
1.95737
1.85321
1.99011
0.0922809
1.74318
1.58333
0.932518
1.23149
0.468002
0.543836
0.226799
0.405537
0.610919
1.57979
1.0133
0.533805
0.787825
0.205933
1.83893
0.535276
1.96611
0.137153
0.612026
1.06804
1.68213
0.473476
0.506558
1.00436
1.85516
1.37571
0.705844
1.07361
1.70966
0.544042
1.26144
1.96211
0.00356627
1.07012
1.85552
1.26647
0.609021
1.08512
1.9802
1.25215
1.5444
1.96229
1.84546
1.82113
1.4419
0.500426
0.35228
0.192193
1.37407
0.704765
0.66953
1.96573
0.0125134
0.256227
0.938121
0.240412
1.39768
1.89773
0.30902
0.152607
1.62541
1.03427
1.80201
1.75188
0.272308
0.74271
0.291521
0.0571793
0.76759
0.183706
1.87688
0.619068
1.13826
1.92736
0.366849
1.91835
0.618338
1.93372
0.264473
1.59834
0.688809
1.88217
1.8664
1.08366
0.401003
1.67819
0.341936
1.38037
1.33759
0.0411743
1.61161
1.13829
0.0176928
1.64771
0.614437
0.324139
0.457884
0.241052
1.79372
0.248134
1.24575
0.60488
0.940492
0.368743
1.8563
1.93076
0.519357
1.25475
0.885994
1.58357
0.157243
0.720393
1.37928
1.71842
0.26309
0.276271
1.87346
1.55836
0.177974
0.0337721
0.124884
0.30731
1.31426
0.809742
1.63148
1.60106
0.0659331
1.66551
1.92149
0.582543
0.454245
1.84825
1.30751
0.343414
0.989327
1.2111
0.917225
1.7888
0.163389
0.442646
0.0399812
0.332798
0.00617588
1.10933
0.189257
0.157503
1.75036
0.00892401
1.54921
1.75936
0.347591
1.36517
1.40105
0.695333
0.232388
1.76881
1.72712
0.0128316
0.198643
1.04049
1.8294
1.19012
1.3586
1.68734
0.880503
0.105949
1.18133
1.50822
1.534
1.20994
1.47414
0.956967
0.669366
1.32143
1.31542
0.0549283
1.45405
0.845169
1.8023
1.38375
0.63014
1.56169
1.84815
0.0351574
1.29879
0.391263
1.79592
0.785057
0.971813
1.93132
0.455635
1.41807
1.91986
0.8588
0.116009
1.16348
0.45589
1.87154
1.977
0.106594
0.914118
1.93341
1.25331
1.26749
0.833269
0.505104
0.710158
1.51023
0.675507
1.86728
0.806759
0.428787
0.330794
0.326174
0.898133
0.706184
0.666358
0.0068773
0.726734
1.40198
1.44091
0.444503
0.680595
1.82582
0.883503
1.10163
1.07753
0.886117
0.784822
0.100019
1.14223
0.0454568
0.630248
0.861261
0.710971
0.725003
1.34491
1.85185
1.05857
1.07522
1.83463
1.71022
0.109322
0.921134
1.40789
1.80559
1.72152
0.237458
0.779829
1.97078
1.76635
1.61196
1.40247
1.24366
1.32771
0.39716
0.455688
0.252807
0.0395516
0.954452
0.964781
1.45375
0.186903
1.09797
1.27006
0.98315
1.31507
0.928658
0.82244
0.886542
1.94656
1.49231
0.0357529
0.164119
1.8612
1.97633
1.49495
1.86779
0.0670921
1.98663
0.73022
1.98435
1.91169
0.233126
1.63257
1.92441
1.61962
0.114877
1.98328
1.9648
1.95169
0.337161
0.464593
1.69351
1.4426
1.99269
0.139737
1.87649
1.66602
1.09773
1.61714
0.258863
0.369825
0.118358
0.158155
0.983414
1.94099
0.835968
1.63085
1.35821
1.25419
0.0854024
0.257948
0.593216
1.90675
0.730919
0.20329
1.2131
1.90853
0.197206
0.668344
0.0754652
1.21907
0.350656
0.498902
1.7653
0.293395
0.117416
1.68007
1.88421
0.352353
0.914182
0.0203078
1.27705
0.124055
1.63022
1.20013
1.24876
1.27213
0.367336
0.521168
1.05233
1.07733
0.151278
1.62968
1.4195
1.21923
0.679007
1.90076
1.80738
1.58973
1.80147
0.830209
1.17181
0.872649
1.96828
1.99935
0.283581
1.80773
0.0118248
1.6876
1.259
0.284838
1.95831
0.993717
0.527609
1.85914
1.5033
0.617422
0.186205
0.698018
1.28965
0.0734347
0.142003
1.06945
1.08453
1.90262
0.505407
1.36561
1.74273
0.392843
0.193838
1.4579
1.88509
0.123537
0.00199628
1.64067
0.181252
1.03049
1.66969
0.886129
0.182966
0.720374
0.958952
1.1247
1.79386
1.81576
1.45022
1.63375
0.323665
0.723472
0.278634
0.903429
1.4743
0.848308
1.0968
0.492016
1.92897
1.99067
0.0417411
0.945602
1.41034
0.111229
1.6504
1.83815
1.81414
1.4939
1.63016
1.71249
0.179582
0.0774399
1.74931
0.384317
0.360776
1.17216
1.98385
1.71369
0.847747
0.891503
1.42223
1.07205
1.50804
0.155606
0.348936
0.0211129
0.172289
0.882985
1.17646
0.581638
0.088768
0.857166
1.65012
1.96681
1.01723
1.74086
1.93791
1.9743
1.88291
1.17982
1.35129
1.60642
1.56135
0.381175
1.09645
0.525757
0.0278906
1.14542
1.85836
0.655873
0.0284443
1.96982
1.5489
1.51827
1.09629
1.04759
1.27408
1.86248
1.54333
1.99805
1.91182
0.454791
0.243387
0.198319
1.07757
0.468481
1.72615
0.132319
1.72711
0.670678
0.385796
0.977786
1.81627
1.98933
1.86245
0.157484
1.82863
0.701679
0.748324
0.0366374
1.13329
1.58478
0.965365
0.156216
0.838865
1.81399
0.210845
1.29446
1.15805
1.38956
1.42514
1.17477
1.20951
0.796627
0.464292
1.74866
0.0711764
1.1162
1.3501
0.610579
0.701098
0.00270498
0.643799
0.402674
1.14027
1.50824
0.476614
0.198987
1.31217
0.266457
1.33141
0.838919
0.673373
0.480769
1.08657
0.383909
1.64968
1.06017
1.02239
1.89251
1.04791
1.51608
0.402625
1.91681
1.27903
1.62879
1.1154
1.89153
1.30368
0.012099
0.474886
0.78594
0.817184
1.89557
1.4492
0.634824
1.44717
0.224388
1.61983
1.87407
1.92516
0.318219
1.4253
0.0231909
1.99022
1.86701
1.31737
1.99686
1.47624
1.16285
1.76827
1.30701
1.78817
0.114118
1.43997
0.703529
1.17126
0.155816
1.06372
1.99008
0.0619078
1.59468
0.903576
0.0870196
1.8403
0.100441
1.72794
1.35154
1.71431
1.2264
1.19957
1.87087
0.704688
0.399401
1.37206
0.328008
1.8269
0.155079
1.69728
0.12627
0.930803
0.564818
1.73113
0.620636
1.58597
0.811901
0.255571
0.913733
0.394833
0.0870358
1.65447
0.854723
1.33522
1.72228
0.716672
1.82088
0.593038
0.135024
0.576348
1.21993
0.393547
0.35719
1.8951
1.71609
1.09881
0.616328
1.76335
0.647049
1.81024
1.92838
1.50135
1.28233
0.463882
0.934935
1.38438
0.963693
1.85823
0.892328
0.608546
1.54774
1.95422
0.0389583
1.7625
0.261944
1.01811
0.212686
1.86795
1.75316
1.41293
0.0259368
0.0288689
1.34413
1.31224
1.40163
0.799094
0.337651
1.80305
1.9371
1.45601
1.56355
0.689937
1.99317
1.28026
1.02001
1.54618
1.97964
0.93942
0.360957
0.201241
1.60233
1.95219
0.248241
1.97019
1.93994
0.74554
1.97775
0.070672
0.216617
0.803251
0.368055
0.297583
1.85812
0.293377
0.341565
0.678234
0.0373321
1.85784
1.89701
0.525357
0.664695
1.40176
0.920112
1.00708
0.862655
1.24715
0.568546
1.45997
1.84221
0.615507
1.81466
1.81812
0.61796
1.17338
0.777433
1.16696
1.94859
0.209382
1.31884
1.90077
0.446174
0.975855
0.543045
0.136793
0.929303
1.83619
1.15139
0.38772
0.134546
1.26352
0.630736
0.264534
0.437074
0.671268
1.43804
1.68846
1.56413
1.80225
1.87929
0.307905
0.130333
1.82222
0.261684
0.550286
1.2203
0.56107
0.134838
1.43279
1.94549
1.83621
1.21161
0.36656
0.680911
0.629997
0.329817
0.106168
0.872308
1.41745
1.4646
0.619855
0.447261
1.8085
0.625492
0.632428
0.943024
0.41375
0.815487
1.62851
1.87372
1.45815
1.9264
1.71524
1.78039
1.75749
0.160851
1.56327
0.543369
1.17266
0.765844
0.503202
0.084426
1.6963
1.46817
1.90297
0.182047
1.86981
1.93124
1.09983
0.212692
0.976884
0.145205
0.670328
1.9121
1.29269
1.99058
1.86271
1.97891
0.608474
0.551519
1.80583
0.746432
0.961817
0.0585195
0.939846
1.87542
1.25165
1.97781
0.152327
0.316042
1.22036
1.73656
0.0123165
1.34937
0.634433
0.253687
1.19651
0.106843
0.0169597
0.111552
1.81371
1.74878
0.497574
1.36779
1.93151
0.236115
0.213726
1.89043
0.134744
0.775694
1.51009
1.41958
0.851966
1.20331
1.49654
1.54331
1.72418
0.448409
1.8693
0.199085
0.125957
1.73428
0.731685
1.56562
0.382914
1.84408
1.0208
0.0166123
1.62714
1.35535
0.788481
1.16363
0.32064
0.476733
0.435649
1.4129
1.1776
0.596947
0.201363
0.418744
0.353695
1.89279
0.658307
1.4289
1.91749
1.41739
1.105
0.266848
1.72693
0.621444
0.15374
1.60543
0.228251
0.350463
1.80432
1.97004
0.113262
0.922229
0.0949906
1.93514
0.967794
1.63457
1.85351
0.0541216
0.386214
1.04347
0.0117805
1.15542
0.213717
0.215678
0.0870234
0.0125129
1.36239
1.73948
1.66008
1.85468
0.702442
1.7826
1.89873
0.498188
0.481044
0.165754
0.771537
1.98818
1.64855
1.24972
0.300906
0.420189
0.000864148
1.55733
1.61252
1.8336
1.70195
1.54179
0.942067
0.979083
0.523547
1.95713
0.317096
1.7182
0.415532
1.10733
1.92742
1.61056
1.94007
1.76835
1.15486
0.428684
0.262294
1.73216
0.507918
0.0206338
0.33067
1.44102
0.218939
1.8681
1.18509
0.744465
1.38722
1.83892
1.99339
1.6206
1.84411
0.351216
1.1529
0.155944
0.105219
1.08608
0.692619
0.315615
1.79592
1.67677
0.953759
0.324943
0.847692
0.397439
0.34641
0.844444
1.61693
0.441127
0.51604
0.00956237
1.47926
0.530606
1.14068
1.41719
1.21778
1.06024
0.410836
1.15745
1.96718
1.9007
0.444069
0.505815
1.98639
1.35067
0.995046
0.634181
0.858141
1.39104
1.23451
0.595831
1.87848
1.96159
1.04668
1.10366
0.194045
0.869028
0.736913
0.240584
0.979621
0.659635
1.2688
1.54345
0.241714
0.126134
1.02248
1.86838
0.473409
1.92181
0.567643
1.49072
1.91427
0.0376856
1.75575
0.298608
1.26657
1.72384
1.22291
1.99867
0.185044
1.26889
1.59205
0.124198
1.97038
1.8382
0.736549
1.7889
1.38184
1.96522
0.859681
1.42958
1.4251
0.561401
1.54035
1.82381
1.44821
0.0809898
0.0877862
0.825852
1.72032
1.96954
1.29861
1.25227
0.312464
1.8777
0.422315
1.58356
0.334717
1.5322
1.23764
1.86803
1.30618
0.174469
1.68109
1.91331
1.89662
1.57981
1.18979
0.111079
0.39957
0.51568
0.352623
1.13949
0.141367
1.12086
0.54792
1.87207
0.712784
1.93093
0.165377
1.51503
0.825444
0.859849
0.363108
1.80607
1.46598
1.94242
0.129549
0.862381
1.95848
1.85958
0.0421556
0.568036
1.96838
0.0620087
1.79593
0.142722
0.189471
1.93068
1.94102
0.31134
1.78562
1.83823
1.59381
0.146388
1.1208
1.27214
1.99879
1.86532
1.95675
0.267002
1.94422
0.984082
0.00517857
1.80351
1.84945
0.492448
0.138841
1.54923
0.3318
1.63856
0.0504693
1.43499
1.31884
0.203084
0.968602
1.87123
1.99719
0.721669
0.858613
1.89833
0.28972
0.484238
1.23856
1.37283
0.951786
1.85928
0.173584
0.432299
1.80171
1.49896
1.86802
1.20312
1.53009
0.0430394
1.90551
1.62482
1.37267
1.84129
1.55436
1.981
0.313425
1.77598
1.77945
1.86522
0.0233347
0.993254
1.77243
0.867287
1.7619
1.44253
1.71653
0.04932
0.213258
1.83313
1.46015
1.49253
0.578094
1.9028
1.40442
1.24827
0.508
0.733898
0.215897
0.0192434
1.55754
1.77547
0.406132
0.193139
0.481485
1.96022
0.992143
0.0230925
0.222037
0.166353
1.27178
0.0718142
1.96989
1.57393
1.30484
0.75655
0.513082
1.63835
1.68137
1.8395
0.40335
1.45177
0.0711955
1.01432
0.926863
1.99472
0.981523
1.89016
0.418364
0.553974
0.514721
1.56877
0.114002
0.391445
1.30742
1.29007
1.57013
0.820205
0.721429
1.49487
1.55255
1.875
1.6679
1.64183
1.411
0.19534
1.23145
0.58736
0.328562
1.88715
0.862718
1.45363
1.89525
1.80021
0.888505
0.583698
1.30015
1.51941
0.640449
1.66264
0.990327
1.17751
1.39648
0.27507
0.523911
0.839525
1.35571
0.223977
0.453174
1.34273
0.100934
0.0296254
0.974781
0.201197
0.0132151
1.17739
1.57684
0.1365
0.385434
1.82773
1.90245
1.80287
1.81572
0.692214
0.636998
1.73283
0.324255
1.97241
0.984632
0.0994335
0.0296963
1.76622
0.0770137
1.92847
0.701804
1.41914
1.13552
1.49586
0.69924
1.92317
1.15808
1.97295
1.80077
0.446589
0.38972
0.0663924
1.23625
1.83303
0.150457
0.257358
0.155269
1.78378
0.716884
1.72342
1.57629
1.75336
0.0695624
1.03699
0.17373
1.24586
1.093
0.414388
0.280766
1.6872
0.315322
0.652206
0.860358
1.31524
0.880118
0.0899411
1.03994
0.22201
1.06304
0.252701
0.0703518
0.147922
0.269169
0.655898
1.57436
1.29734
0.012141
1.76046
0.255216
0.327234
0.885746
1.62896
0.117102
0.170296
0.666379
0.530405
0.242585
1.98074
0.0725205
0.0749377
1.77621
1.91209
0.372649
1.89144
1.69143
0.217339
1.37819
1.64705
1.6431
0.325373
1.16334
0.0292344
0.487563
0.375364
1.4042
1.55752
0.0450912
0.0790765
1.1419
1.95519
0.201458
0.579091
0.246684
0.210131
1.6521
1.68875
0.294221
0.0355231
0.515303
0.0692245
1.54704
0.10104
0.652029
0.573929
1.99683
0.210467
1.81159
1.98974
1.59141
1.58264
0.563535
1.9164
1.41111
0.244732
1.72176
0.775315
1.43204
0.688536
1.35465
0.192675
0.156523
1.93884
0.0929663
1.35452
0.0514457
1.15704
0.0492342
0.574426
0.0565629
1.11786
0.139102
0.856958
0.340815
1.90323
1.37689
0.199565
1.48908
1.31809
1.69002
0.44328
1.92246
1.73417
1.47176
0.835073
1.06874
0.734163
1.91184
1.42863
0.752841
0.858256
1.0175
1.68218
1.52387
1.00415
0.89351
1.78252
0.878295
0.214488
1.97261
1.59652
1.36878
0.551292
1.35379
1.01641
1.99831
1.07286
1.80265
1.10465
0.0610416
1.68634
0.31214
0.6893
1.21071
1.66339
0.248319
1.6843
1.03483
0.0860692
0.905078
0.169286
0.793412
1.21751
1.92946
0.450337
0.260935
0.128443
0.119946
1.86504
0.97034
0.662377
1.88394
0.200493
1.2728
0.0892065
1.04204
0.151834
0.312165
0.365165
0.942227
1.38112
0.509426
1.94499
1.41829
0.749657
0.168123
1.65856
0.364798
0.281841
1.97103
1.06186
0.924653
0.799629
1.19315
0.00044024
1.48032
1.91445
1.21526
0.392391
1.94308
1.27058
0.18837
0.0161663
0.634498
1.98286
0.228771
1.86398
0.988489
1.812
0.439595
0.703742
1.30919
0.125378
1.01112
1.93313
0.486148
0.8953
1.21256
1.42882
0.711685
1.81899
1.185
0.312584
0.700218
0.0372585
0.312999
0.348106
0.102967
0.122559
1.05318
1.59452
0.425988
0.0980086
0.846448
0.109255
1.44669
0.319059
1.12363
1.06273
0.659412
0.474762
1.8314
0.167152
0.051711
0.344871
1.27915
0.6009
0.901944
0.266391
0.574246
1.1361
1.12597
1.84172
0.00014782
0.113053
1.72958
0.697037
1.80934
1.45845
0.141759
0.88985
0.592963
0.409235
0.896459
1.98534
0.959521
1.70758
0.113902
1.73167
0.0422267
1.95781
1.89962
0.88899
1.77069
0.32242
0.611762
0.559689
1.68574
0.545785
0.068441
0.378433
1.77934
1.02709
1.54546
0.763891
0.983784
1.23195
1.82233
0.662097
1.46666
0.574773
1.97087
0.135523
1.00814
1.3256
1.30939
0.787457
0.305171
0.831157
1.11277
0.483362
1.02314
1.32278
1.90163
0.320942
0.680192
0.182818
1.10476
1.74977
0.539928
1.09837
1.71932
1.66571
1.00561
1.30124
1.97359
0.97995
1.12062
1.97531
1.71413
1.62572
1.61987
1.65735
0.29631
1.86403
1.511
0.674688
0.0991621
1.93771
0.871227
0.552504
0.0581938
0.0533834
1.44772
1.70944
0.345439
0.857631
0.379711
1.92479
1.70136
0.250389
0.328973
0.555862
1.59724
1.78946
0.454715
1.91893
1.94721
0.187319
1.82692
0.179139
0.117477
0.692652
0.393808
0.449622
0.241003
0.250381
0.26743
0.0790066
0.500561
1.04425
1.92956
1.74525
1.53553
1.83863
1.9228
0.0148022
0.199699
0.0668948
0.455564
1.93065
1.0506
1.8457
0.0954711
1.80155
1.86242
1.66055
1.43848
1.07464
1.41087
0.89765
0.0560123
0.898985
0.264612
1.41287
1.7852
0.826281
1.89725
1.17605
0.0381783
1.50863
0.411055
1.9001
1.81274
0.0654801
0.133931
1.21923
1.11497
1.34364
0.105711
1.91822
0.5308
1.5407
1.46614
1.83021
0.013718
1.76274
0.74812
1.32059
0.81343
0.809039
1.2956
0.419984
0.064523
1.15517
1.53974
1.24891
0.965688
0.569011
1.45452
0.26842
1.01221
1.29769
1.85418
0.963439
1.0619
0.0680445
1.99404
1.63581
0.325898
1.97694
1.86622
0.989611
0.114289
1.58599
1.07396
0.151842
1.61155
1.85434
1.90594
1.85338
0.206618
1.73269
0.241167
1.55579
1.47367
1.84769
1.67564
1.99291
0.0108321
1.99879
1.49678
1.24014
1.57296
1.63636
1.8506
0.373244
1.7464
0.839158
1.32611
0.287586
0.565581
1.61928
0.331392
0.11587
1.89282
1.81363
0.573432
0.929025
0.288233
0.134979
0.314971
0.273438
1.36215
0.118456
0.0395036
1.19438
1.4605
0.00855911
1.77126
0.606591
1.83353
1.92375
1.38764
0.0673499
1.53005
1.68805
0.0341452
1.53426
0.731437
0.113162
0.420215
0.784402
0.108742
0.288114
0.428484
0.116974
0.267626
0.829588
0.773145
1.41055
0.966777
0.297481
0.169777
0.273574
1.77102
1.39569
0.124681
1.29694
0.778548
1.54119
1.35586
0.520697
1.81002
0.0584055
0.885185
1.8711
0.226943
1.3485
1.93472
1.50851
0.235852
1.91921
1.93042
0.371569
0.129864
0.0282804
0.62101
0.11988
0.618504
1.95155
1.27364
1.32686
1.86984
1.10219
0.231166
1.97412
1.99979
0.328464
0.316364
1.06134
0.29545
0.175557
1.42272
1.69052
0.412467
0.973992
0.507239
1.58381
1.09493
0.87587
0.555733
0.902301
0.990454
0.375437
0.0251687
0.117878
0.23859
1.53192
0.00493014
1.96311
0.277148
0.972817
1.69488
0.3775
0.874787
1.57922
1.78864
1.6522
1.87282
1.2213
1.95524
1.58506
1.34173
1.28715
1.29661
1.91843
1.94528
0.494165
0.772214
0.988593
1.75798
0.843412
1.20675
1.5564
1.84811
1.23387
0.343115
1.57528
1.16842
0.727751
1.90958
1.55542
0.0592074
0.428016
0.00398576
1.32116
1.89901
1.70172
0.168343
0.618715
0.643389
0.418302
0.582592
1.91375
0.10577
0.151986
0.0993582
1.71834
1.7683
1.7292
1.14877
1.02975
1.26849
1.97317
0.565558
1.82615
1.89828
1.7667
1.83884
1.48792
1.82361
1.32116
1.85647
0.914961
1.45728
0.784386
0.62123
0.11094
1.71305
0.853066
1.37679
0.107058
1.45919
0.622649
1.96256
1.015
1.21191
0.0453913
0.346534
0.67301
1.79565
0.251145
1.34144
0.712067
0.228708
1.32557
1.68661
1.53951
1.98648
1.6983
1.08011
1.33302
1.97735
0.155601
1.43696
1.95972
0.955812
0.0653811
1.27582
1.64926
1.60134
0.0132977
0.575129
1.82334
0.0660182
0.557
1.29765
1.91246
1.32529
0.655271
0.347792
0.215829
0.754225
0.985631
0.659492
1.3702
0.795193
1.82349
0.826692
0.653522
0.426219
0.654423
1.82895
1.63921
1.10518
1.60558
1.52092
0.343252
1.12086
0.229259
1.81449
0.0256944
0.54143
0.430736
0.680444
1.56812
0.484196
0.122127
1.34223
0.637664
0.0999688
0.398859
0.0442973
0.466401
0.424862
1.2474
1.95664
1.50966
0.00293529
0.560704
1.27153
1.88967
1.5466
1.65464
0.729374
1.27554
0.931994
1.51566
1.46311
1.9524
0.719446
1.91532
1.88619
0.376189
0.820225
1.90804
1.82286
0.682471
0.605505
0.613434
1.06897
0.0957004
0.936466
0.727063
0.632135
0.679763
1.49465
0.710149
0.673946
0.269712
0.080124
1.08353
1.31172
0.277869
1.72402
1.88803
1.56482
1.60962
0.612061
1.16934
0.421179
1.44094
0.339086
1.63199
1.37591
1.94042
1.91268
0.00926912
0.0727696
1.147
1.93819
1.82582
1.5358
0.409681
1.92966
1.77753
0.149564
1.89418
1.68087
0.490578
1.19984
0.254281
0.300615
1.81085
0.102026
1.41694
1.96919
0.933233
0.474015
1.80029
1.02296
1.10455
0.572449
1.06226
1.43847
0.810371
0.0138857
0.351663
0.305161
0.658511
1.18053
0.31615
1.9228
0.227382
1.77628
0.00641191
0.0176187
1.24258
1.12368
1.88949
1.67768
1.51414
1.36268
1.94581
0.204808
1.77214
1.16874
0.6912
1.87135
1.65992
1.15111
1.50924
0.978995
0.913888
1.97123
0.131252
1.75089
0.353827
0.93137
1.93103
0.475136
0.620105
1.49052
1.91743
1.42222
0.759894
0.437428
0.878004
1.47206
0.899844
0.0229038
1.92623
1.97331
1.96948
1.02332
1.82391
0.82826
0.245434
1.79975
0.868973
0.0570617
0.194618
0.95797
1.70734
1.45981
1.48639
0.886901
1.92612
0.283486
1.66525
0.87029
0.137363
0.984654
0.0131892
0.279693
0.725077
0.795684
0.214815
0.876142
1.14751
0.732096
1.36889
0.400879
1.30511
0.342352
0.577922
1.40852
0.834427
0.397613
0.196019
1.60385
1.01487
0.735683
0.631702
1.47802
1.22248
0.798468
0.825043
0.884201
0.804931
0.609279
1.88272
0.0804465
0.159743
1.74786
0.0646319
1.3192
1.8138
0.500174
0.950128
0.202475
1.69825
1.79844
0.247684
0.571139
1.30126
0.832464
1.1385
1.28904
1.56388
0.365921
0.257538
1.97355
0.641596
0.509263
0.146156
1.45006
0.237406
0.338528
0.272566
1.56448
0.246035
1.20997
1.07476
0.352978
1.11745
1.58803
0.267509
1.76829
0.659474
1.41303
0.76774
0.858491
0.928343
1.0867
1.73221
0.854463
1.50787
0.491063
0.843308
1.5642
1.14996
1.1948
0.144482
0.648884
1.23399
1.67662
0.56688
0.421331
1.28463
0.149556
1.90621
1.19968
0.375155
1.54141
0.0814285
1.96576
0.0356784
1.8807
0.0618801
0.266395
0.265411
0.544409
1.30392
1.24
0.889493
0.0163258
1.73655
1.17714
0.112468
0.311047
1.97922
0.0881386
1.8392
1.45637
1.46224
0.511967
0.0598156
0.775756
1.15539
1.89295
0.754793
1.82248
1.76001
1.31991
0.678011
1.78305
0.290948
0.036397
1.83484
1.72714
1.80736
0.300645
0.211679
1.37096
0.395626
1.3079
0.856048
1.90314
0.865401
1.91265
1.45028
0.626993
0.0467795
0.210955
1.29839
0.0662075
1.02275
1.55017
0.118774
0.158414
1.45709
1.73863
0.442388
0.434118
1.99649
1.30674
0.0642931
0.335328
0.477096
0.0889169
0.134712
0.00822866
1.44918
1.79888
0.427035
0.578614
1.7862
1.97863
1.11852
0.832805
1.86222
1.33034
0.589202
1.89738
1.47629
0.583464
1.98746
1.00486
1.56829
0.390916
1.15877
1.8111
1.23954
1.42544
1.12888
0.304151
1.9046
1.33426
1.48024
1.86768
1.49662
1.74701
0.0823959
0.872856
1.96335
0.864748
1.41263
1.97009
1.59734
1.23401
0.54071
0.384259
0.284945
0.180194
1.23123
1.82988
0.135457
1.35971
0.302386
1.3192
1.07041
1.90412
1.48436
0.889744
0.879415
0.226062
1.99874
0.205334
1.96134
0.683092
1.92635
1.02377
0.368201
1.07472
1.19688
0.622898
0.878625
0.251845
1.27581
1.84855
0.488665
0.608292
1.50965
0.453421
1.60718
0.537151
0.118309
0.624367
1.96679
1.23672
0.194415
0.270966
0.484158
1.61215
0.528053
1.08902
0.934152
1.08854
0.115743
0.850341
1.96059
0.0701442
1.41248
0.655595
1.7268
0.851638
1.45309
1.47234
0.0817541
0.227263
1.10322
0.194688
1.17961
1.18343
0.769264
1.82668
0.559448
1.98051
1.30462
0.596478
0.671564
1.12978
0.188041
0.292605
1.82152
1.29932
0.515794
1.94977
1.52774
1.83773
1.5225
0.0349004
0.356548
0.35377
0.207543
0.486325
1.52722
1.98094
0.397093
0.899626
0.448864
0.202685
0.236509
0.325314
0.498731
0.694868
0.420375
1.13195
0.801943
0.750529
1.69884
1.53428
0.433335
1.44151
0.108157
1.65155
1.81889
1.86676
1.77547
0.713254
1.55862
0.854367
0.733797
0.468412
0.329386
0.18223
1.64788
1.54641
1.54771
1.51304
0.000651479
1.22845
1.68605
0.0843049
0.132062
0.185332
1.62771
1.99048
0.00403857
0.771207
0.918345
0.00540626
1.61677
1.22275
0.775582
0.307043
0.238151
0.277318
1.83704
0.0657278
1.45193
1.9462
0.319325
1.92842
0.670507
1.15782
1.03787
0.570009
1.41585
0.215913
0.637409
1.98263
1.17458
0.115977
0.877356
0.820881
1.67514
1.66031
0.677036
0.986029
1.69393
0.165329
0.549036
0.579571
1.25914
1.28787
1.58163
0.819218
1.86222
1.03112
1.74365
0.34362
0.515157
0.560668
1.7661
1.56419
1.8869
0.490441
0.915376
0.0588269
1.98627
1.45039
0.277856
1.55817
0.389125
0.160498
0.231737
1.15287
0.0539001
0.167427
1.89248
1.13087
0.688818
1.63725
0.300895
1.97642
0.665786
0.0600604
0.710402
0.498784
0.666243
1.64517
0.221769
1.81704
0.400123
0.113147
1.2944
1.05453
1.48544
0.00753081
1.05573
0.0899441
0.371185
0.398465
0.946697
1.66025
0.342688
0.154823
0.0709193
0.327789
0.757549
0.796374
0.906153
0.597122
0.70121
0.09356
0.510828
1.86548
0.940296
1.36416
0.713304
1.81614
1.22191
1.50729
0.719959
1.97932
1.81357
0.634851
0.104481
1.53181
0.0424984
0.243284
0.0773793
0.205236
0.0349957
1.31614
0.623932
0.37931
0.617948
0.918458
1.63637
1.69979
0.229722
1.23968
1.18348
0.0695446
1.45717
1.41957
0.306789
0.0327369
0.27264
0.439
1.56646
0.421158
1.95201
1.92166
1.33859
0.250973
0.268198
0.486191
0.302662
1.80645
1.28839
1.31684
0.274875
1.33054
0.189464
1.91301
0.368811
1.43117
0.962802
1.82992
1.41643
1.29105
1.4198
0.0136803
1.04144
0.1294
1.4176
1.35155
0.719182
0.579001
1.9854
0.0930884
0.00814712
1.23616
1.31715
0.922848
1.85464
1.88112
1.37393
0.502425
0.108151
0.370404
0.548545
0.532021
0.0501368
1.88893
0.423483
1.95123
0.202253
0.5735
0.119341
1.55155
1.87775
0.570683
0.836679
1.89198
0.805118
1.69641
0.522155
1.43736
0.554364
1.65618
0.0660316
0.413126
1.27128
1.03182
0.0898689
0.405486
0.0600941
1.67422
1.08682
0.0440998
0.150603
0.376033
1.88073
1.52114
1.04859
1.12397
0.235182
0.005826
1.61796
1.81011
0.890281
1.97357
0.200829
0.923302
1.23238
0.425267
0.561302
0.213201
0.654351
0.0757468
0.901299
0.371988
1.621
0.451797
0.922392
1.50798
1.21378
0.11967
0.0768489
0.35212
1.46882
0.666626
0.204031
1.86539
0.0712551
0.925076
1.31738
1.17583
0.0512779
1.85769
0.262313
0.856069
1.12017
0.484891
1.17799
0.198946
0.0882807
0.160956
0.469184
0.959
0.308656
0.139191
1.24628
0.314273
1.62726
1.67612
1.61713
0.262982
0.5543
0.648952
1.03126
1.26228
0.11788
1.14244
0.350867
1.70202
1.00456
0.183419
0.0526681
0.0342327
0.801162
0.497328
1.53386
1.44046
1.8276
1.29885
0.759639
0.659185
0.151697
1.8014
1.17996
0.378934
0.435049
0.103122
1.14428
1.4697
1.93567
1.57684
1.63054
1.06026
1.49374
1.61124
0.632103
1.55564
0.277626
0.227346
0.0376784
0.128784
1.54942
0.0942782
1.9417
0.645665
1.89924
0.999682
0.00630033
0.0869613
1.06742
0.154752
1.56863
1.97084
0.611248
0.0844604
0.094538
1.69161
1.84193
0.128605
1.10581
1.99516
1.33905
1.98471
1.32954
1.90851
0.917524
0.460775
1.62406
0.968874
0.843721
0.44916
1.92223
0.267083
1.96378
0.0889579
1.77256
0.661065
0.232148
1.19092
0.636829
1.49614
0.843308
1.25419
0.00807786
0.117681
0.5414
0.730637
0.641304
0.339453
0.37868
1.72831
1.29486
1.46403
1.06191
1.366
1.3645
0.88178
0.367924
1.9103
1.92605
0.401515
1.60194
0.67374
0.407443
1.90733
1.67537
1.25979
0.315849
0.52536
0.0325853
1.45069
0.0259136
1.94499
1.21521
1.82801
1.97571
0.428911
1.78816
0.884561
1.21237
1.22569
1.38298
1.01747
0.219784
1.09019
1.4807
0.960509
1.0888
0.0942852
0.167307
0.947456
0.0158225
1.72766
0.325237
0.946135
1.44353
1.33347
0.565607
0.360049
1.32107
1.30076
1.90186
1.83097
0.865397
1.00749
1.84586
1.77304
0.14265
0.730256
0.230319
0.497904
0.0495765
0.463007
0.981279
1.97707
0.175816
0.852808
1.86043
1.87466
0.0223526
0.271425
1.43106
0.233323
1.41722
0.155345
0.16505
1.50354
0.181684
1.11122
0.326656
0.5154
0.137825
1.17963
0.227385
0.543729
1.16473
1.22073
0.436117
1.96712
1.2086
1.15998
0.328358
1.93352
1.94446
0.556385
1.8689
1.93904
1.29238
0.978965
0.303274
0.850508
1.91153
1.46315
0.153782
1.66351
0.674705
1.07694
1.71703
0.211266
0.258667
0.169146
0.397416
0.963685
0.52513
1.76748
0.55032
0.169529
1.9284
0.91137
1.1195
0.553089
1.99839
1.68501
0.02737
1.63592
1.18384
1.91484
1.19344
1.07312
1.76813
0.0660498
1.69143
1.9027
1.05565
1.05267
1.09072
0.432819
1.1762
1.73547
1.30339
0.775737
1.26238
1.84191
0.77296
0.277245
0.396967
0.496616
0.0305531
1.96133
0.831797
1.34613
0.199399
1.43757
1.35937
0.99955
0.0786548
0.149394
0.0580622
1.12526
1.52232
1.74519
1.66468
1.63113
1.9773
0.0675118
1.37804
1.16086
0.464752
0.670311
1.93574
0.682322
0.218553
0.874408
0.0375142
0.909089
0.516442
0.309336
1.44681
1.82202
0.817368
0.991418
1.33679
0.284283
1.23472
0.765992
0.0454146
0.55819
0.618059
0.101391
0.0704105
0.0440898
1.54424
0.212328
0.353108
1.95548
1.59498
1.59953
0.254401
1.22663
0.125292
0.546707
0.684279
0.616512
0.0922416
0.796756
1.91474
1.86666
1.83363
1.74069
1.99893
1.13746
0.128646
0.589139
0.628972
0.297414
0.936993
1.23599
1.89333
1.83555
0.960344
0.500175
0.908615
0.159172
0.0599535
0.185812
0.917898
0.0695084
1.62476
0.564538
1.85645
0.697685
0.928606
0.172835
0.507151
0.143773
1.74247
1.94928
0.745948
0.803442
1.85387
1.39832
0.976542
0.742879
0.895907
0.482477
1.96278
0.102623
0.837732
1.09909
1.27811
0.569273
1.69137
1.87641
0.904153
0.00481069
0.193303
1.9248
1.47242
1.58399
1.08683
1.64856
0.0180604
1.74197
1.49715
0.352391
1.94224
0.16929
0.0611533
1.30024
1.06656
1.05454
1.60136
0.200294
0.370764
0.491887
0.969014
0.302333
0.241821
1.16688
0.62043
1.50858
1.74525
1.39572
1.29719
1.82784
0.868879
1.21708
0.157732
0.179144
0.416276
1.70886
0.743703
1.77452
0.442202
0.923821
0.707653
1.78877
1.67609
0.0949824
1.24136
0.500498
0.308522
0.0105797
1.94229
1.00463
0.699984
0.83765
1.68791
1.72809
0.209508
1.7878
0.0246643
1.35802
0.468175
1.20214
1.0469
0.595176
1.70107
0.337282
1.42369
0.785499
0.421371
1.89277
1.99818
1.28286
1.21578
0.554193
1.27689
0.793603
0.741654
0.0543737
0.728749
1.67754
1.59271
0.463789
1.84699
1.73491
0.477973
1.10954
1.27925
0.0288628
0.508856
1.55145
1.3644
1.37129
0.803522
1.31457
0.316221
1.68783
1.31489
1.59823
1.66645
1.02884
0.028073
1.49732
1.79635
0.107469
1.95252
0.69819
0.487551
1.20169
0.951184
0.192432
1.20254
0.049614
1.24396
1.90383
1.45489
1.30303
1.83522
1.95031
0.765584
1.71755
1.01579
1.73914
1.24995
1.57491
1.81385
1.35444
1.4984
0.603935
1.47345
1.62464
0.134421
1.91551
0.0334389
0.273502
0.108987
0.779809
1.28096
1.61052
0.61692
1.81359
1.63834
1.13386
0.139282
0.310494
1.39085
0.635724
1.90762
0.0414073
1.14339
1.74386
0.526389
0.454912
0.471923
1.65737
0.519335
1.43015
0.983704
1.34652
1.2788
0.265617
1.9476
0.179966
1.62027
0.229193
0.18143
0.966506
1.63014
0.923962
1.48485
1.91608
1.94158
1.70784
0.358533
0.0125233
0.278781
1.89072
1.40578
1.50414
1.37175
1.23028
1.47763
0.849835
1.86636
1.92465
0.224493
0.4292
0.249707
1.30714
1.43885
1.88949
0.636032
1.66355
0.767334
1.99624
0.935228
0.716254
1.26879
0.0802077
1.98351
0.591453
1.06894
1.24458
0.0286937
0.408452
0.803698
0.97414
1.78397
1.14412
1.82091
0.78959
1.52633
1.3703
1.28726
1.8851
1.1406
0.415597
1.39126
1.25238
0.977792
0.709855
1.29946
1.20194
0.31264
0.14237
1.98702
1.95446
1.74417
0.0987355
1.94832
0.499274
1.04963
0.658495
0.975581
1.87737
1.95753
0.121935
1.89052
0.634653
1.10548
0.396025
0.906022
1.31936
0.824561
0.144053
0.495822
0.0245782
1.63096
0.288357
0.0211387
1.15887
1.79391
1.8271
0.678313
0.177451
0.305452
0.368715
1.43844
1.04281
1.9787
1.95125
1.02209
1.96741
1.12486
0.400851
0.229506
1.32557
0.00864387
0.735869
0.0398892
1.02334
1.69055
0.187354
0.244291
0.9615
0.616081
0.698829
0.421693
1.31257
1.79735
0.235376
1.08425
1.46703
0.782442
0.500621
1.20059
0.54154
0.10618
1.01121
0.968189
1.49889
1.33372
1.99428
0.38854
1.68851
0.485854
1.12346
1.77029
1.79716
1.6012
0.810805
0.276219
1.75724
1.9558
1.09646
0.564011
0.83535
0.116099
0.57356
1.69175
0.19821
0.25079
0.657134
1.18675
0.343519
1.06245
1.56185
0.687088
0.160423
1.3684
1.9014
0.135499
0.337153
0.123843
0.440295
0.887542
1.15639
0.279295
0.113515
1.74493
0.436076
1.11411
0.898763
1.95589
1.95872
0.952758
0.532339
1.96776
0.655478
1.64513
1.73741
1.803
0.959572
0.309935
0.417026
0.913478
1.96821
1.42169
0.777346
0.335885
1.64326
0.267372
0.370273
1.8825
0.26085
0.371731
0.299892
1.63712
0.446896
1.40858
1.95015
0.271093
1.42311
1.25606
0.493519
0.234911
0.291192
0.0267936
1.87914
1.05311
1.09422
1.28962
1.39907
0.429404
1.37711
0.823214
1.78629
1.51446
0.0575389
1.74785
1.0807
1.84608
1.47238
0.721277
1.00618
1.36867
0.0458027
0.850867
0.289318
1.53483
0.162283
0.0993778
1.79852
1.6804
0.146028
0.387692
1.68201
0.405221
1.92352
0.862605
0.979801
1.39959
0.604059
1.43811
1.35296
1.92108
1.24986
1.47161
0.0195031
0.0392159
1.51365
0.720882
0.815847
0.283849
0.674228
1.69362
1.92197
1.39627
0.160763
0.0797296
1.73217
0.842313
1.86211
1.88614
1.92371
0.197563
1.58525
1.28739
0.494539
1.6121
0.328669
1.59491
1.97299
1.6907
0.714671
1.09396
0.25938
0.0229322
1.56455
1.01534
0.618778
1.6192
1.18878
0.803957
0.82743
0.746361
0.723173
1.77889
1.63304
1.80935
0.198205
0.0548905
0.167463
0.50415
1.2461
0.0745975
1.3885
0.179417
1.11798
0.274267
1.972
1.39202
1.99001
1.94943
0.747033
1.51182
0.00792205
0.688207
0.734362
1.23836
0.0787499
0.488069
0.610179
1.86299
0.56374
1.87957
1.00849
1.82565
0.371642
0.267924
1.5681
0.79429
0.674095
0.199708
1.92788
1.02566
0.0672184
1.85102
0.189146
1.24319
0.414279
1.02363
0.215331
0.455272
1.91591
1.07934
1.96837
0.318272
0.929917
1.16375
0.864991
1.78273
0.685464
1.59213
1.27597
0.929227
0.582416
0.894479
1.27867
0.112782
1.8184
1.9449
1.8413
1.25577
0.47926
0.509073
1.00506
0.688797
1.84345
1.29843
0.0977989
0.66146
1.11236
0.0406842
0.224504
1.38301
1.16686
1.87878
0.568956
1.60231
1.02715
1.56629
0.114031
0.368589
1.4003
1.99385
1.67554
0.679616
1.96043
1.90971
0.229782
0.60926
1.66146
1.23359
1.77891
0.387707
1.54908
1.52917
0.71597
1.76245
1.66372
0.594441
0.922878
0.0135694
1.38084
1.12087
0.465956
1.70463
1.73798
1.99999
1.68857
1.47796
1.25449
1.78231
1.87677
1.89143
1.09403
1.88099
1.61846
1.31548
0.0304307
0.113353
1.68798
0.0468314
0.743784
1.75382
1.31592
0.814813
1.05595
1.60935
0.425893
0.293459
0.190245
1.76799
1.97241
1.40661
1.12936
0.03785
1.52592
1.32706
0.0113451
0.483607
1.94254
0.813163
0.284559
0.0831901
1.78355
0.181657
0.0467514
0.215263
0.130649
1.74917
0.766708
1.81321
1.11272
0.0788184
0.1049
0.103113
1.92227
0.89943
1.05921
1.31975
0.671788
0.36694
0.540778
0.25723
0.380896
1.61847
1.7205
1.92207
0.107846
1.06955
0.987521
0.0220189
1.80196
0.225886
1.39573
1.00653
1.05323
1.47267
0.292725
1.36209
0.322867
0.650459
1.90066
1.43136
1.78363
1.53988
1.57662
1.54683
0.185107
0.281404
0.784349
0.587382
0.37601
0.096241
1.66945
0.161598
0.138174
1.81782
1.94337
0.743858
0.525964
1.80823
1.78977
0.408734
1.31835
0.970138
1.76216
0.870324
1.84408
0.381963
0.178248
1.79947
1.91781
0.230289
0.908213
0.615554
0.815734
1.35019
1.77316
0.0659993
0.908053
1.70146
0.196772
0.627713
0.60841
0.965397
1.88999
0.538307
1.21431
0.245505
0.956191
0.880296
0.221909
0.536795
1.05473
1.86487
1.7119
1.60734
1.20768
1.22883
0.4661
0.508739
0.210699
0.502543
0.2342
1.97552
1.26605
1.99416
0.0801939
1.87203
1.24982
1.13106
0.873305
0.603497
1.25781
0.580279
0.043456
0.17235
1.96713
0.041774
0.12379
1.50922
1.12662
0.0938909
0.78043
0.505835
1.44161
1.96504
1.85113
1.80537
1.91534
1.89726
1.48481
0.0341349
1.9124
1.78525
0.477829
0.464377
0.207476
0.557045
1.09866
0.0867199
1.2197
1.42191
1.14267
0.636044
0.359582
0.351594
0.489408
0.422172
1.37417
1.89072
1.49853
1.01754
1.32176
1.94702
0.367938
0.186062
1.2594
0.32166
0.420397
0.637253
0.29131
0.897866
1.30435
0.738943
1.9613
0.315558
0.609843
1.90763
1.99256
0.822662
0.13576
1.64647
0.404901
0.527627
0.254426
0.090167
1.21543
1.10774
1.67917
1.17119
0.390359
0.27542
0.0364823
1.77249
0.22581
1.7384
1.97061
1.47261
0.0381256
1.40097
0.761708
0.733634
1.09199
1.44645
0.206238
0.762441
0.903385
0.309043
1.578
1.8678
0.61756
0.473497
0.231918
1.12694
1.42048
0.476898
0.0414623
1.49487
1.94755
1.22117
1.4198
0.461044
1.44452
0.949632
1.80322
0.507518
1.32588
1.67577
1.94466
1.49979
1.72259
1.69837
1.52728
1.58277
0.870362
1.07047
0.418876
1.74354
1.41415
1.36969
1.46718
1.18642
1.92318
1.14854
1.50896
1.34554
1.89008
0.461465
0.896253
1.54603
0.105818
0.761364
1.79166
1.95094
0.870113
0.449433
0.828958
0.844655
1.67182
0.588361
0.501065
0.374993
1.79858
0.171833
1.74681
1.65921
0.0220933
0.0741646
0.285494
0.280752
0.239225
0.499165
1.32371
0.284481
1.69305
1.92487
0.841062
0.0717151
0.264849
1.09509
0.669722
0.619818
1.90113
1.46095
1.21993
0.839234
1.11215
0.370131
0.228167
1.86256
0.973816
0.141721
0.365107
0.194197
1.74006
0.954996
1.35709
1.45227
0.547068
1.56393
1.79259
1.67879
1.51283
1.46777
1.92267
0.185895
1.93206
0.436407
0.435531
0.795429
1.22677
1.46368
0.912171
1.50206
0.323003
1.1469
1.94033
0.0993944
0.165066
1.9013
0.583536
0.738473
1.3384
1.4012
1.8966
0.846807
1.77718
1.55052
1.40096
0.950857
0.225149
0.725906
0.278808
1.08899
0.0179611
1.32766
0.580398
0.273689
0.523842
0.631906
0.420866
0.209011
0.200512
0.325935
0.0476562
0.386455
1.65053
1.77655
0.205181
1.86647
0.557281
1.57211
1.7571
0.100062
1.20265
0.615216
1.93124
0.443724
1.67523
1.90399
1.45811
0.581388
0.657139
0.240279
0.201509
1.26667
0.948834
1.10537
0.758643
0.751471
0.375125
1.84206
0.012005
1.55027
0.0338789
1.08473
1.31222
0.908569
0.247915
1.72323
1.12757
0.180603
1.0782
0.482076
0.116917
1.82731
0.645263
0.0897853
1.09909
0.442238
1.29234
0.930731
0.917671
0.226944
1.09509
0.0437306
0.918493
0.296857
1.66321
1.89975
0.0453436
1.48803
1.77823
0.804235
0.376246
1.70045
1.63258
0.257686
1.99161
0.51352
0.153
0.605029
0.615257
1.45763
1.98901
0.507313
1.49921
0.823729
1.20738
0.957849
0.832234
1.80173
1.52316
0.609731
1.80016
1.95887
1.94193
1.03964
1.09945
0.00944531
0.262509
1.45701
1.97606
0.177458
1.47752
0.408118
1.75398
1.09619
0.269193
1.7201
1.71792
0.587066
1.48383
0.907069
0.0722539
1.7599
0.744378
1.28863
0.928176
1.97856
1.89977
1.71333
1.12231
0.0912224
1.90589
1.12717
1.68236
0.272287
0.167873
1.28395
0.63064
0.972738
1.94343
1.54878
0.299727
1.86487
1.23246
1.52471
1.02993
1.29661
0.678734
1.80892
1.91506
0.288558
1.13973
1.16717
0.104268
1.30458
1.97411
1.58928
1.86794
1.90264
0.335722
0.922259
1.15964
1.90714
1.10001
1.58582
1.41732
1.41501
0.537211
1.73434
1.33242
1.46652
1.3505
0.294421
0.642013
0.263612
0.158139
1.18547
1.89584
0.419388
0.177951
1.68419
0.673194
1.95379
1.38616
1.58319
0.16747
1.11071
0.184818
1.64063
0.301888
1.91436
1.04055
1.31781
0.899613
1.36416
0.584441
1.87163
0.52503
0.383836
1.62612
1.12865
1.83842
0.188522
0.200741
1.3816
0.611776
1.07399
1.63187
1.97463
1.85046
1.97295
1.05912
0.193323
0.823355
1.4321
0.0427011
0.15145
0.144818
0.0645175
1.27423
0.906147
0.0301931
0.967906
0.399456
0.592857
0.517288
0.631611
1.49953
0.785548
1.83421
0.215882
0.178539
1.21179
0.583237
0.324806
0.0806609
0.419177
0.61047
1.9976
0.63882
1.47013
0.55542
0.875571
1.58359
0.475458
0.877024
1.14616
0.0662887
1.82425
0.665108
0.156239
1.87804
0.732022
0.340905
1.27162
0.100695
0.458997
1.17471
1.11646
1.86765
0.0955807
1.76386
0.680964
0.296638
1.0992
0.993759
0.0566765
1.6248
1.2979
0.587595
0.0671117
0.295825
0.891099
0.513811
0.0864059
1.81461
1.40747
1.50006
0.122565
0.797455
1.12211
1.98973
1.90868
1.42694
0.669011
1.794
1.56164
1.71656
1.5346
0.212563
1.7206
1.11286
1.1992
1.92829
0.181679
0.00501192
0.049288
0.0398831
1.58642
1.7781
1.07853
1.19822
1.9528
0.0990479
0.265139
0.265569
0.699586
0.381185
0.796418
0.976781
1.57633
0.406502
0.687968
0.12225
1.65764
1.53753
1.19823
1.11609
0.174971
0.599461
1.96231
0.882433
1.43221
1.19408
0.918025
1.46922
0.625365
1.15383
1.81494
1.80882
1.2682
1.7754
1.42175
1.95628
1.68364
0.680873
1.55766
1.9681
0.238681
1.50377
0.50748
0.0918269
1.97079
0.23798
0.0628173
1.66643
0.0569364
0.597487
0.0987875
0.605528
1.06341
0.82585
0.692226
0.416602
1.44904
1.2762
1.01391
1.6587
0.450792
0.639485
1.84666
1.76402
0.973101
1.05831
1.02246
1.52706
0.725305
1.96418
1.7665
1.66555
1.21819
1.7703
1.13945
1.53159
1.16435
0.798529
1.60794
0.340751
1.96875
0.0676848
0.166402
1.48537
0.0929712
1.01374
1.89597
1.89468
0.918716
0.231937
0.298716
0.165864
1.08353
1.33589
1.78148
1.13342
1.90049
0.941783
1.36475
0.972892
0.896862
0.690651
0.1164
1.85784
1.85052
0.766667
1.83256
1.81602
0.208373
0.271712
1.42934
0.967621
0.078891
1.6212
0.264803
1.28004
0.423621
1.96969
0.77784
1.08764
0.942513
0.00798857
0.0555433
1.81332
0.55932
1.23506
1.16129
1.569
0.164682
1.28543
1.15604
0.19915
1.80058
1.63249
0.221567
0.272667
1.94083
1.75154
1.77323
1.79335
1.79665
0.0401483
0.0033052
1.67304
1.43954
0.543757
0.329024
1.1257
0.906521
1.67145
0.531008
0.665105
0.718192
1.10242
0.945762
1.5618
0.0599958
1.2879
0.715577
1.44065
0.749643
1.22472
1.29136
1.89942
1.9429
0.398375
0.385834
0.886146
0.24491
0.711335
0.874953
1.67267
0.00498664
0.631196
0.0144265
1.80982
0.327761
0.279514
1.56833
1.87664
0.839782
1.21939
0.140908
0.224701
1.38137
1.5819
0.0306267
1.41895
1.867
1.53308
0.902366
1.88022
0.543762
0.0827013
1.88788
0.970085
0.660513
1.85749
1.67315
0.409311
0.544174
1.10491
1.20887
1.55414
0.464083
0.16526
1.62483
1.87982
0.0903598
0.890732
1.8974
0.17119
0.552689
0.247156
0.143417
0.0841177
0.69746
0.648315
1.52641
1.78957
0.766119
1.9321
1.93247
0.0432009
1.87198
1.22327
0.686235
1.56755
0.041544
1.71483
1.11758
1.95889
0.705052
1.0858
0.341458
1.35673
1.56878
0.808231
1.73577
0.49819
0.16214
0.819789
1.94063
0.123965
0.342381
0.929888
1.80295
0.324622
0.226736
1.31862
1.03447
1.91536
1.46126
0.281743
1.78949
0.977544
0.900184
1.18536
0.26679
1.56063
0.829178
1.88679
0.247808
0.863548
0.0762454
1.99979
0.123756
0.218217
1.60576
1.97641
1.63412
1.78863
1.42716
0.187799
1.03732
1.10957
1.95733
1.94594
0.714918
1.8631
1.00612
1.67944
0.259502
1.77209
1.66551
0.18354
1.49303
1.88014
0.0590732
0.0281534
0.946115
0.256231
0.261663
0.675568
0.66312
0.24283
1.94535
0.176394
0.112169
0.297861
0.718713
0.121216
1.26327
0.0705287
1.04369
1.8534
1.56593
0.165182
0.232176
1.32339
0.583751
0.794022
1.53463
1.20318
1.75045
1.47701
0.854665
1.53831
0.522301
1.89937
0.463627
0.193605
1.95641
1.5764
1.29015
1.20709
1.06234
0.739112
0.446204
1.62871
0.104879
1.19248
0.151654
0.20454
1.03807
1.4835
0.567073
0.851697
0.904951
1.34
0.145093
1.71174
1.34237
1.43428
1.84171
0.59893
0.389173
0.637287
1.72033
0.932861
0.250324
0.490124
1.48416
1.04336
0.322088
0.135211
0.56948
1.49575
0.965292
1.15716
1.19052
1.88244
1.18721
0.0457262
1.14419
1.55436
1.17762
0.717791
0.405804
0.0822811
1.62744
0.136822
0.574399
1.06244
0.7712
1.4902
0.011881
1.55428
1.22949
1.18448
1.48913
0.942703
1.3904
0.904162
1.98597
0.0911413
1.9983
1.70224
1.91526
1.26382
1.70537
1.00035
1.46361
1.86928
0.33131
0.949677
1.73738
1.27819
1.61224
0.433486
0.112185
0.247731
0.785617
1.38442
0.360807
1.02827
1.29363
0.700775
0.95305
0.115753
1.67086
0.90883
0.891414
1.20057
0.0884918
0.525075
1.8222
0.496264
0.134665
0.988578
1.82314
0.881671
0.237339
0.514002
0.727476
0.455982
0.5558
1.95114
0.0606076
0.102153
0.14931
0.5388
1.95514
1.96722
0.14274
1.47948
0.398661
1.08706
0.385948
1.33007
1.84033
1.29014
1.33016
0.758701
0.375233
0.563945
0.08634
1.88546
1.13679
0.486956
0.637416
0.856716
1.40881
0.397427
0.228315
0.128389
1.04319
0.23394
0.955438
1.11934
1.94544
0.826894
0.282081
1.39881
0.00490654
0.0573877
1.19865
0.286611
0.435385
0.662358
1.69406
1.62966
1.93969
0.941083
1.76253
1.61743
1.59274
1.7336
0.311472
1.94491
0.131648
1.93214
0.772886
0.656684
0.268813
1.83012
1.97318
1.39002
1.68874
1.2284
1.9843
1.35441
1.09495
0.43419
1.01057
1.70795
0.121801
1.96049
1.96726
1.35337
0.263761
0.275519
0.163973
1.54382
1.08436
0.712538
1.54483
0.533201
0.898742
1.82944
0.509145
1.59316
0.819942
0.109718
0.498328
1.64205
0.950798
1.6811
0.103794
0.863365
1.51123
1.61387
0.38431
0.0599773
0.6389
0.303558
0.71537
0.60716
0.296395
1.03987
0.552837
0.569414
0.773008
0.990896
0.518307
0.112825
1.30381
1.8508
0.61923
1.72708
0.399709
0.0452791
1.96457
0.397166
0.939166
0.303254
0.765733
1.84005
1.95044
1.30337
1.83511
0.184591
1.12088
0.383558
1.09236
0.176207
0.164225
0.565202
0.933824
0.146947
0.161257
0.448387
0.0541693
0.614251
1.11428
0.403009
1.36674
1.67463
0.188442
1.29671
0.742306
1.23014
0.0113575
1.74056
0.367997
1.61613
0.143923
0.788528
0.562943
1.12148
1.83633
1.99187
0.095587
0.397221
0.525748
0.874687
0.703011
1.98744
1.21087
1.81733
1.76117
0.560375
1.9803
1.41683
1.97415
0.44232
1.14656
1.81035
0.124439
0.727586
0.291569
1.85993
1.98661
1.93212
1.4961
0.168099
0.500381
0.404156
0.0418774
1.80486
1.98788
1.57121
1.48648
0.542795
1.15601
1.86665
0.00127363
0.0759692
0.336352
1.41716
0.0538199
0.7562
1.94034
1.16798
0.867979
1.13955
1.84635
1.25025
0.692294
0.863553
0.148619
1.22355
0.495801
0.976706
0.275018
1.31097
0.588469
1.39316
1.59675
0.76466
0.821431
1.89445
0.0374763
0.756678
1.28532
0.395723
0.0961254
0.95553
0.66501
0.305097
0.880391
1.81424
1.14773
0.0256507
1.80269
1.41312
1.09301
1.66878
1.89472
1.39467
1.27092
1.83368
1.08298
0.29164
0.929649
1.32226
1.85804
0.146693
1.37444
1.94002
0.112707
0.108407
1.31307
0.94115
0.985724
0.194546
0.122291
1.98844
1.51429
1.09727
1.91246
1.60625
0.0512638
0.0353676
0.952772
1.92073
1.14526
0.697892
0.754344
1.97089
0.101988
1.42612
1.33757
0.720566
1.53136
1.32711
1.08723
1.67146
1.08281
0.837662
1.85327
0.567578
0.111126
0.638317
0.332888
1.85144
0.792399
0.126404
0.0523684
0.13135
0.740538
0.834497
1.18178
1.31527
1.28433
0.110204
0.179256
0.823892
1.83953
1.09985
0.393591
0.0793749
1.96125
1.77654
0.904599
1.41171
1.7212
1.58155
1.64889
1.90311
0.0607654
1.9433
1.17756
0.845275
0.400328
0.0247794
0.041743
0.053249
1.96137
0.878633
1.34564
1.39923
0.784156
0.211398
1.97037
0.591238
1.91606
0.32851
0.202357
1.74521
0.627948
1.94343
0.90178
1.95628
1.92618
0.64527
1.15411
0.853626
1.9752
1.05226
0.123169
0.995405
1.59009
0.919543
1.11826
1.25464
0.587156
1.35872
1.59441
0.717212
1.6943
1.96553
0.885144
0.422751
1.96691
1.82479
0.244542
0.869725
0.480632
1.8982
0.625125
0.524092
0.941609
1.89778
0.30511
1.96386
1.16096
1.38231
0.859531
0.721701
1.95355
1.45345
0.670404
0.111204
1.74177
0.766859
1.66951
0.0570837
1.94509
1.68729
1.89621
1.76189
1.98441
1.83964
1.40672
1.3357
0.511036
0.494403
1.69846
0.192284
0.0347385
0.751811
1.95719
0.034487
0.74283
0.250534
0.188236
0.698942
1.44445
1.98797
1.33304
0.500234
1.21232
0.00973713
0.258216
1.41116
0.0552405
0.634873
1.8548
0.441516
0.0585719
1.24526
0.805179
0.739192
1.16637
1.90562
1.94549
0.776312
0.440309
1.89308
0.0862652
1.4269
1.28613
0.749796
1.59915
1.9851
1.54807
0.984658
1.15289
1.35876
0.557538
0.593071
0.0463152
0.109822
1.66517
1.39249
0.440601
0.0291641
0.274894
1.36161
0.606311
1.64916
1.5996
0.904915
1.01342
1.61557
1.30118
0.220581
0.279594
1.57399
1.51994
0.770582
0.0529212
1.80577
0.0424185
0.874147
1.68679
1.31978
0.650854
1.58265
0.148703
1.5862
1.42419
1.77385
1.48618
1.14846
0.972736
1.73393
0.885916
0.307803
1.16155
1.97445
1.2847
1.51724
1.15389
0.693894
0.114471
0.587474
1.64135
0.169115
0.129813
1.72882
0.755149
0.352257
0.40781
1.96928
1.96976
0.00366032
0.0762303
0.544818
0.141411
0.00991261
0.8438
1.17353
1.39733
0.209608
1.02928
0.390933
1.75265
0.562434
0.593633
1.96666
1.96725
1.8874
1.98532
0.252804
0.269563
1.3647
0.106975
0.667146
1.18861
0.973891
1.80845
0.0504054
0.535677
0.101297
0.334797
0.0675008
0.336649
1.67036
0.359028
0.1118
1.25917
0.0713917
1.26743
1.51337
0.11718
1.99464
1.84535
0.103915
0.842766
0.264822
0.392877
1.68168
1.70664
1.94484
1.11077
0.794441
0.922947
0.684487
0.785813
0.297665
0.277311
0.44065
0.233792
0.948236
1.70717
1.32462
1.2182
1.87298
1.85092
1.45998
0.715479
0.404898
1.49807
0.894743
1.83336
0.902496
1.11922
0.65349
1.04067
1.10166
0.776133
0.387772
0.328871
1.63601
0.554267
1.19498
0.536216
0.0142789
0.610812
1.66828
0.274965
1.06372
0.249517
1.31846
0.101786
0.695439
0.299997
1.70414
1.74405
0.0295773
1.71591
0.183729
0.96835
0.907496
0.904245
0.975513
0.166812
0.43701
0.997098
0.537703
1.66391
0.674158
1.86166
0.67058
0.852499
1.15854
1.80214
1.99397
1.43533
1.59684
1.94484
1.9252
1.34264
0.089672
0.501686
0.842548
1.32184
0.885726
0.575547
1.42514
0.444733
0.978589
1.54479
0.168364
1.24548
0.0335
1.92502
0.474082
1.10256
1.9284
0.552105
0.910615
1.45327
0.353952
1.06725
1.03439
0.394466
0.741241
0.111226
0.167262
1.75066
1.15605
0.413974
0.632671
1.86356
0.111677
1.36818
1.35796
0.696313
0.561911
1.70052
1.70725
1.90672
1.46378
0.249905
1.71248
1.54458
1.83156
1.95935
1.76378
1.70559
1.76386
0.371652
1.76598
0.168326
0.540056
1.46644
0.4394
0.686174
0.109816
0.427666
1.73257
1.70404
1.42298
1.56559
0.0272125
1.62996
1.57411
1.94083
0.99272
0.0852785
0.915133
0.322204
0.0642271
1.86821
0.964024
1.93964
0.976608
1.95686
1.03149
0.948503
1.28195
1.76061
1.08179
1.91574
0.0287398
0.608683
1.1125
0.44796
1.18709
1.10724
1.40867
0.408824
0.507151
1.45418
1.73144
1.02803
0.815403
1.07836
0.279416
0.625159
0.433626
1.13877
1.936
1.4675
1.80645
1.72463
1.54495
1.33725
1.4446
1.07884
1.86521
1.90616
1.63901
1.94766
0.774509
1.43135
1.24224
1.96921
1.28099
0.291934
0.968896
1.89772
0.976545
0.00667512
0.969742
0.869356
0.200081
1.942
1.78994
0.105089
1.7468
1.40118
0.96333
0.102931
0.0323777
0.632233
1.78457
1.09091
1.40627
1.95953
0.295792
0.950586
1.98939
1.0599
0.273666
1.8642
0.248424
0.16085
1.57527
1.67837
0.382831
0.990701
1.12282
0.37138
0.815121
1.80653
0.811291
0.0579897
1.72849
1.74854
0.479394
1.90439
1.07519
1.3027
0.492468
0.585561
0.781337
1.4701
0.514027
1.7578
1.63645
0.591332
1.97195
0.654171
0.254865
1.82791
0.553791
0.310072
0.793137
0.861664
1.64317
1.29486
0.623306
1.95693
0.704971
0.78667
0.857153
1.61061
0.294463
1.09816
0.61757
0.0707831
0.0764681
1.29327
0.314764
0.00642312
1.5546
0.884031
1.10858
1.52259
0.355724
0.527885
0.883454
0.573011
0.279544
1.07915
0.725151
0.268215
1.00281
1.0023
0.0599284
1.47248
0.285717
0.239514
0.273625
1.91324
1.9756
1.68
1.27562
0.830375
0.0617352
1.86232
0.524476
1.13765
1.97691
0.112986
1.04365
0.0877934
0.752332
1.23685
1.7913
0.744919
0.874547
0.527553
0.180636
1.37382
0.428043
1.49475
0.66513
1.06842
0.24564
1.40167
0.145869
0.0470628
1.04895
1.84627
0.341763
1.50178
0.0410836
1.06185
1.97146
1.82823
1.51747
0.887344
0.175484
1.64839
1.15606
0.856309
0.48407
0.203105
0.797093
0.938455
1.1618
0.169939
0.857206
0.539017
1.51182
1.77014
0.81539
1.668
1.92214
0.729057
0.409817
1.27657
1.14962
1.76264
1.47287
0.84586
0.486832
1.63339
0.192301
1.24149
1.83811
1.46201
0.0718583
1.32373
0.990369
1.06049
0.127538
0.807884
0.762354
1.98329
0.109119
1.70598
1.44956
1.71377
1.08482
1.79737
0.914546
0.549955
1.99849
1.61408
0.7095
1.05562
1.13399
1.80699
0.260356
0.997253
0.595764
1.01462
0.563629
1.86596
0.206324
1.66629
0.159319
0.294672
1.49461
0.114865
0.715637
1.29201
1.73764
1.02949
1.70882
0.0396291
0.247252
0.101104
1.68721
0.966528
0.871486
1.77767
1.37499
0.469799
0.205489
0.908954
0.492181
1.01633
1.00691
1.68903
0.307165
0.141613
0.494508
1.1251
0.604155
1.86999
0.0699954
0.966272
1.91015
1.34958
0.739308
0.927065
0.261456
0.368687
0.293319
1.56904
1.92408
1.23982
0.983642
1.99153
0.920079
0.764903
0.0406358
1.7579
0.156779
0.472029
0.191222
0.53083
0.723092
1.93834
1.4008
0.383674
1.25504
0.249384
1.50208
0.535915
1.20216
1.57782
0.298358
0.914311
1.77972
0.7734
0.260046
1.45567
0.671139
0.240944
0.792711
0.843305
1.96161
1.09211
0.520214
1.51142
1.59697
1.45409
1.94818
1.26363
0.135348
1.89246
1.23475
1.19363
1.68692
1.6159
1.96407
1.04841
0.4729
1.9212
0.435899
0.0187747
1.95562
1.5299
0.43793
1.05713
0.199136
0.383438
0.26328
0.779936
0.0834014
1.56795
1.71341
0.124931
0.906114
0.544406
1.78207
1.23283
1.53032
0.473134
1.90319
1.7619
0.704945
1.03556
1.63969
1.56959
0.766933
0.501555
1.64393
0.71742
0.501264
1.75432
0.892294
0.13184
0.980338
1.93766
1.35611
1.71857
1.2121
1.1802
1.55287
0.133976
1.94322
0.0585383
1.30232
1.70551
0.458554
1.94561
0.0814878
0.219489
1.55268
1.84864
0.714198
1.1322
0.385469
1.83632
0.239793
1.77993
0.794331
1.27832
1.5082
0.61005
0.956156
1.16986
1.6611
1.47739
0.358945
0.438655
1.50857
0.050675
1.04955
1.66045
1.95349
0.00617075
0.887308
1.93211
0.751787
1.37179
0.496303
0.0649462
0.056186
0.139289
0.95463
1.70557
0.149012
0.562555
1.87278
0.78237
1.85979
1.52206
1.88877
1.90084
0.446137
1.63043
0.994644
0.273681
0.842748
0.223053
1.57277
1.73567
1.30195
0.230348
0.0412362
0.816784
1.69094
1.76446
1.77211
1.52318
0.181659
0.271488
0.144988
0.176727
1.07782
1.14887
0.125412
1.76559
1.4459
1.3424
0.386748
1.79167
0.854181
1.69644
1.04838
1.33772
1.11551
0.0693614
1.41627
1.62284
1.50207
0.180633
0.949465
0.0391144
1.30917
0.218473
1.47789
0.930307
1.37106
1.98594
0.542423
0.417284
1.28548
1.74433
0.860319
1.59412
1.51911
0.606759
1.4583
1.43204
0.994659
0.227092
0.520562
1.92964
0.607654
1.60933
0.557697
1.70079
1.68014
1.77473
0.120565
0.312032
0.942923
1.90966
0.187028
0.290078
0.333751
1.17457
1.39291
1.44255
1.35623
0.121417
1.91679
0.0450478
1.115
0.316282
0.285164
0.445374
0.26006
1.71243
1.56351
0.186524
1.89962
0.682285
0.268521
1.51601
1.48285
0.0589621
0.0923754
1.8958
1.03952
0.915294
1.74351
0.299177
0.312738
1.22039
0.342365
0.131756
0.927784
1.17934
0.905768
1.89411
1.7975
0.2356
1.5642
0.853036
1.02124
0.476202
1.70003
1.22119
1.69492
0.134118
0.091895
0.0722446
1.79254
1.52085
1.92309
1.4216
1.91178
0.0367286
0.332855
1.965
1.36313
0.551005
0.945873
0.361662
0.997521
1.11219
0.793521
1.81027
0.101538
1.09021
1.88231
1.60022
0.0512171
0.387801
1.42183
0.724717
0.0438615
0.735474
1.47237
1.64933
0.171731
1.55089
1.46487
0.667291
1.71887
0.118937
1.08104
0.932798
1.43199
1.8429
0.785417
0.559733
1.94333
0.216457
0.129008
0.169237
1.69869
0.517475
1.93718
0.103217
0.444214
1.22547
0.514406
0.63458
1.23907
0.460137
1.15631
0.947517
0.242334
0.746592
1.9424
1.78841
0.497403
0.126837
0.191104
1.58189
1.00955
1.85537
0.181622
1.17393
1.37503
1.17807
0.137845
1.9928
1.83689
1.7709
1.1537
1.53616
1.12249
0.142331
0.827249
1.82594
1.60292
1.99596
0.0716956
1.60955
1.77917
1.38785
1.8758
0.604648
1.58964
1.9709
1.24106
0.0856775
1.70482
0.844501
0.436009
0.633391
0.0790797
1.01201
0.75665
1.07977
0.832845
1.92942
0.323397
0.44176
0.462739
1.06877
0.248932
1.72028
0.0776633
1.31738
0.318987
1.95445
1.70889
0.971177
0.361934
1.32544
0.0391971
1.50545
0.220031
1.40091
1.64129
0.591234
0.374408
0.0372133
1.06901
0.369454
0.077248
0.835948
1.9237
1.06104
1.78846
1.03347
0.952768
1.41554
0.611773
0.272495
1.78889
0.050499
0.0604588
0.81921
1.2832
1.86888
0.0435686
0.194071
1.97014
1.4505
1.0635
0.231723
1.03376
1.7787
0.873456
0.774626
0.38197
1.2971
1.83808
0.462174
1.72929
0.0989448
0.422586
0.921633
1.64908
1.77677
0.505798
1.69438
1.77118
0.514095
1.97945
1.89328
0.0379869
1.81405
1.36049
0.899754
1.79263
0.754945
0.409823
0.0394322
0.343544
1.16495
0.826751
1.85699
0.414216
1.23032
1.04396
0.319016
1.96401
1.99207
0.631098
1.30377
1.99582
1.73985
0.944266
1.82216
1.38077
1.44945
1.93589
1.73881
0.557789
1.7303
1.84729
1.81755
0.0669684
0.144351
1.53819
0.744329
1.01611
1.27905
1.73156
0.809555
1.75349
1.31836
0.0311747
1.66067
0.805394
0.174328
1.67693
0.846583
1.49307
1.59091
0.0947334
1.34788
0.766789
1.41848
0.694741
0.68953
1.23628
0.881133
1.56791
1.2858
1.70787
0.20278
1.49374
1.78363
1.64556
1.67758
1.95684
0.432504
0.432592
0.188907
0.839786
0.637748
1.5453
0.668136
0.572053
1.84107
1.13838
0.666072
1.02433
0.0641413
0.025492
0.309381
1.74309
1.3033
0.761104
1.89648
1.4695
1.24292
0.00200498
1.98225
1.76678
0.203975
0.594974
0.314116
0.688533
1.8037
1.40907
1.33768
1.32452
1.79024
0.342893
0.798527
1.22176
1.01374
0.0621376
1.20348
0.454027
1.38806
0.302174
0.102975
1.62084
1.02347
0.628467
1.38452
1.21697
1.68526
1.65602
0.268615
1.41396
1.50538
0.603022
0.121765
0.0715389
1.17307
0.0442135
0.202431
0.906611
0.348401
0.715816
1.66441
0.645363
1.83032
1.36321
0.593871
1.89768
1.9528
0.141378
1.0142
1.8252
1.88518
0.403305
0.858088
0.0928459
0.0746706
1.41825
1.67337
1.27125
0.977459
1.23192
0.549274
0.12787
1.78727
0.707347
1.44843
0.641092
0.269863
1.43008
0.740542
1.62785
0.344127
0.305821
0.579541
1.40193
0.438509
0.345317
1.89721
0.310975
0.00997889
1.97227
0.173741
0.33209
1.79827
0.574285
0.054031
1.08539
0.505666
1.5785
1.62467
1.81486
1.94637
0.81304
0.157244
0.479871
1.96342
1.9851
1.57545
0.112095
1.86372
1.4607
1.34475
0.367858
0.662258
0.955715
0.0756686
1.97179
1.32173
0.96423
1.13234
1.49266
0.103578
0.885903
0.790202
0.886651
1.42599
0.30086
0.72008
1.17091
0.872755
1.12689
0.844822
1.49526
0.52452
1.75527
1.59365
0.494922
0.694068
1.61562
0.177499
0.162963
1.84891
1.75844
0.16753
0.21103
0.791319
0.145607
0.148902
0.0191029
1.88049
0.750987
1.71583
0.254626
0.771212
0.523027
1.75262
1.72402
0.329789
0.0824748
0.82816
0.2083
0.679627
0.362633
0.864047
0.362872
1.90335
1.74739
1.96231
0.819257
1.92379
1.78594
1.16433
0.246221
0.719378
1.4926
1.12474
1.3072
0.0162635
0.560211
1.97903
0.920902
1.58709
0.460932
0.65959
1.23705
1.32799
0.868596
0.644166
0.762264
1.991
1.62371
1.06526
1.91609
1.59966
0.896695
0.874763
1.79512
0.247278
0.302954
1.94405
1.716
1.02117
0.526127
1.55121
1.89163
1.60514
0.604563
0.603067
0.0733802
0.0317339
1.05889
1.41748
1.37716
0.363891
1.0604
0.0217451
0.353906
1.26187
1.71313
1.96672
1.75501
1.36268
0.943579
0.581396
0.496591
1.78642
1.55692
1.55242
1.23637
1.86588
0.507349
0.42861
0.297289
1.60734
1.68573
1.4332
0.928916
1.44055
0.0884079
1.05539
1.73393
0.143732
0.013642
0.379578
1.63103
1.95111
0.932041
0.898762
0.493052
0.194493
0.689339
0.500638
1.37478
0.622736
0.721143
0.981863
1.34092
1.96981
0.295023
1.31144
0.0434079
0.0279502
0.826052
1.57687
1.64786
1.69425
0.0863456
0.189223
0.389603
1.05703
1.82855
1.81864
0.374405
1.45306
1.40085
0.0529499
0.674344
1.72902
0.79917
1.7919
0.497226
0.0237956
1.65991
0.778724
0.169327
0.557145
0.874642
1.80575
1.5009
0.368644
1.36292
1.01654
1.99095
1.15852
0.747871
0.108204
1.19335
0.158655
1.271
1.98394
0.57479
1.39643
1.47597
0.960667
1.61946
1.74805
1.9029
0.926502
1.41766
1.10322
1.64676
0.00732756
0.343563
0.282647
0.497734
1.79866
1.29706
1.26887
1.43331
0.555807
0.396479
1.42357
1.06536
1.51869
1.2419
0.158877
1.02814
0.0700154
1.02542
1.70959
0.84762
0.817341
1.98055
1.20103
0.60191
1.2218
1.80395
0.517548
1.01137
0.62787
1.66071
0.266702
0.684436
0.294929
0.579502
0.896592
1.21629
0.278841
0.159405
1.48387
1.50799
1.89422
1.74312
0.632695
1.97517
0.230313
1.59568
1.97664
0.715095
0.772437
0.774084
1.24805
1.15395
1.23719
1.92729
1.84229
1.54511
1.47593
1.39873
1.03036
1.19534
1.99611
0.824968
0.555402
1.25665
0.289514
0.0422621
1.11259
1.88254
1.14819
1.93108
0.259929
1.6714
1.85688
1.50191
0.194245
1.54847
1.53017
1.64469
1.2267
1.9477
0.20542
1.33472
1.36034
0.594374
1.32828
0.198188
1.58835
1.5104
1.28814
0.261133
0.0662432
1.81926
1.31331
1.96564
1.58267
1.22299
1.12024
1.42461
0.501557
1.85869
1.15498
0.084074
1.31168
1.71067
0.780995
0.138761
0.511002
1.00578
1.95075
0.531636
0.66374
0.518042
0.113033
0.259
1.97894
0.29116
0.173316
0.451888
0.890007
1.693
1.91466
1.51919
0.61252
0.103623
0.205129
1.90025
0.144824
0.989805
1.59816
0.121894
0.863691
0.567092
0.347772
0.898987
0.406913
1.4748
1.40194
1.222
0.179266
0.149595
0.951059
0.364352
0.275447
0.206975
1.87284
1.07333
1.13453
0.217675
0.783621
1.51803
1.59755
1.56741
1.54902
0.254529
1.87542
1.78089
1.68676
0.89073
1.6472
0.605612
0.12218
1.64368
1.19634
0.97173
1.67883
1.04994
1.93487
1.97587
0.283147
0.352497
0.515261
1.85481
0.215762
0.477542
0.299037
1.55131
1.92131
0.38513
1.56632
0.454491
1.55336
1.8184
1.8877
0.896529
1.75461
0.698929
0.336809
1.24366
0.952177
0.269086
1.91092
1.7906
1.68924
0.0304022
0.506891
1.62796
0.34986
1.92228
0.745528
0.95556
1.38716
0.805346
1.98008
1.35008
1.36014
0.884946
1.55942
0.955545
0.490094
1.43478
0.451319
0.446715
1.17626
0.261768
0.81877
1.17493
0.840379
1.0637
1.74081
0.599812
1.01601
0.0769392
0.602262
1.97621
1.73887
1.75912
1.25766
0.112966
1.84256
1.91186
1.81389
0.737715
0.538359
1.8139
1.51939
0.87884
0.330315
0.382776
1.99488
0.0573505
1.13397
0.134326
0.100702
1.75204
0.0707283
0.425512
1.72795
0.313881
0.447369
0.0593499
1.2506
1.71627
0.461777
0.441331
0.989493
0.0226514
0.497952
1.08355
0.744422
1.41066
0.175529
1.69308
0.795043
1.88048
1.62379
0.976793
1.80469
0.557826
1.42796
0.267303
1.65597
0.0822208
1.12676
1.58523
1.61876
0.709531
0.394129
0.910289
1.65166
0.454108
1.643
1.08941
1.58525
1.40873
1.64086
1.84529
0.488335
1.05151
1.20281
0.937485
1.39361
0.277741
1.25609
0.250128
0.826598
0.0579087
1.36889
0.756073
0.272531
1.84086
0.759818
0.989344
1.35112
1.98278
1.26239
1.96575
1.4211
0.14753
1.23457
0.131632
0.0251368
1.44214
0.879287
1.65497
1.97938
1.67994
1.63793
1.38276
1.96892
0.326136
0.916576
1.33449
1.76031
0.0316069
0.891089
0.505368
0.638157
0.655053
1.48441
1.86576
1.036
0.283564
1.82582
0.397711
1.13677
0.264202
0.170532
1.37147
1.74168
0.779017
1.10349
1.93559
1.96037
1.11266
0.131178
1.91265
1.34433
1.91575
1.84964
1.55599
0.397398
1.32154
1.0137
1.41857
1.83956
0.930471
1.76273
0.228693
1.64249
1.78996
0.573821
0.963029
0.120662
0.498582
0.548325
0.407576
0.897116
0.509513
0.524148
0.787549
1.88852
0.270429
1.56203
1.45517
1.78934
0.861885
1.02315
1.0066
0.620158
0.823697
0.0349464
1.3607
1.37998
1.6793
0.564283
0.818372
1.82454
0.329282
0.552765
1.18129
0.0673466
0.964271
0.876124
1.56043
0.453861
0.380383
0.6564
0.280559
0.676656
1.41611
1.5416
1.55716
0.227351
1.51268
0.828717
0.414567
0.0130481
1.93737
0.0574632
0.4502
1.60849
1.54239
1.10032
0.734155
1.62702
0.0661221
1.46435
0.951482
0.123714
0.757596
0.456175
0.713669
0.278409
1.2589
0.0262928
1.86913
1.03722
1.95801
1.00787
1.80879
1.34735
1.67873
0.600581
0.0461468
1.45929
1.03012
1.3046
0.59213
1.97597
1.41634
1.49399
0.243752
0.309534
0.290317
1.76875
0.787675
0.306579
1.34213
1.17768
1.79615
0.89524
0.0593624
0.137235
0.352463
0.984668
0.527713
1.25525
0.202711
1.73642
0.376406
0.50259
1.08713
1.8902
0.398109
1.88748
1.57793
0.109865
0.934703
1.14974
1.67393
0.785222
1.99935
1.21835
0.536737
1.16495
1.3096
1.54176
0.426957
1.70305
0.392433
1.11517
0.724364
0.738876
1.73108
1.35424
0.56534
0.893115
1.08987
1.76544
0.990339
0.142912
1.13175
0.0114338
1.09858
1.92599
0.0974727
0.0321206
1.1814
0.168391
1.99338
1.39213
1.23688
0.0626446
0.114701
0.356583
0.463534
0.367218
0.760954
0.462456
0.549918
0.889811
1.7466
1.50424
0.52484
1.9571
1.52551
0.741155
1.91196
0.616089
0.122745
1.91884
0.145518
1.05885
0.0388024
1.69381
1.93284
1.82361
1.13565
0.188832
1.16775
0.485769
0.733444
0.052399
1.1835
1.84394
0.312854
0.15218
0.7158
1.88051
0.392168
1.61665
1.38566
0.665809
0.400319
0.68225
0.318676
0.652827
1.75882
1.39825
0.292133
1.95044
0.281561
1.15703
1.2845
0.518046
0.64304
0.865985
0.151837
1.04052
0.29884
1.61671
0.72684
0.885117
1.23893
1.20149
1.72454
0.432415
0.36296
1.80908
1.18773
1.44421
0.355645
0.0349855
1.61703
1.43246
0.0803492
1.3358
1.88385
1.21938
0.90958
0.154349
1.95383
0.535189
0.170109
0.0061183
0.282799
1.66571
0.435671
1.89113
1.39963
1.10397
0.023052
1.44595
1.89145
1.50454
1.77718
1.88793
1.79686
1.7849
1.91346
0.82995
0.236055
1.76204
0.0313681
1.85623
1.95589
1.87548
0.971515
0.459709
1.38543
1.11508
1.19842
1.56855
1.08947
1.43659
0.0252646
1.6728
1.74332
1.53245
1.48081
1.00346
0.229928
1.18531
1.87823
1.56976
1.46561
0.444721
0.00627136
0.338771
0.7855
1.92895
0.939968
1.67236
0.0590235
0.876167
1.81383
1.61446
0.568735
0.762496
1.09654
0.994274
1.33206
0.124404
0.116857
0.401293
1.99352
0.16791
0.842612
1.93373
0.587202
1.78275
0.863327
1.68843
1.6064
0.17893
0.359326
0.838472
0.978923
0.65132
1.10128
1.96045
0.363367
1.59033
1.87669
0.161728
1.43211
1.66949
0.0516044
1.78993
1.60279
1.91063
0.930851
1.38168
1.92881
1.94027
1.27849
1.62845
1.02514
0.327368
1.96114
1.12321
1.68088
0.208096
1.82164
0.00266647
1.59705
0.030051
0.538385
0.436058
0.452127
1.11598
0.864032
0.784279
0.920487
0.112474
0.279459
1.97547
1.49728
0.0227749
0.0181521
1.9485
1.6807
0.59027
1.21394
1.43795
1.48599
1.44798
0.7534
1.33939
1.59812
1.9164
1.5552
1.92726
1.62404
1.46439
0.505289
0.281276
0.865807
1.56416
1.87303
1.50648
0.0716395
1.84057
1.04836
0.975066
1.36896
1.96041
0.642436
0.316064
1.94504
0.655268
0.433111
1.10576
1.80501
1.39368
1.50753
1.1044
0.718237
1.66129
0.60901
1.4193
1.94018
1.20722
1.97304
1.23908
0.0626359
0.81347
1.79994
1.58846
1.82036
0.18365
0.00301647
1.38063
0.788149
0.507542
1.02656
1.93186
1.31437
0.231772
1.0311
0.201843
0.345945
1.55886
1.79692
1.28957
0.00195706
1.97225
0.540798
0.771353
0.594271
1.36968
1.70506
0.364046
1.16934
0.267403
0.615168
0.220773
1.38167
0.131617
0.0459224
1.52576
0.963647
0.0264742
1.80295
1.69016
1.24243
0.494903
1.99572
0.44795
1.14823
0.84842
1.50282
0.481228
0.780622
0.5657
0.166024
1.32305
1.22031
0.0297474
0.400761
1.00154
1.01425
1.64704
0.297695
0.269888
0.289855
1.27326
1.9601
0.51806
1.38101
0.635535
1.90286
1.57061
0.691623
1.47281
0.100227
0.448602
1.19889
0.0361569
1.67097
1.2589
0.600966
1.45223
1.31314
1.55466
0.00387716
1.1246
0.892134
1.70158
0.0492167
0.192718
0.279355
1.40477
0.0286236
0.0118489
0.955506
1.77801
0.0875252
1.75409
1.6623
1.90712
0.972375
1.82138
0.658249
1.86626
0.840559
1.87269
1.88088
0.262316
0.302333
0.00384295
0.143646
0.0953605
0.23091
0.9689
1.05078
0.968977
0.598689
0.344403
0.676498
0.204909
1.76146
1.65493
1.8648
1.92811
0.193411
0.500257
1.88746
0.141247
1.35695
0.0535752
1.02655
1.73789
1.96797
0.926349
1.95563
1.71604
0.785701
1.85439
1.68755
0.791852
1.96339
1.4798
0.0269291
1.65363
0.587275
1.77852
1.28937
0.864682
1.80163
0.0958549
0.184407
1.93226
1.88032
1.52827
0.0225967
0.130829
1.96488
1.59732
1.82383
1.54563
0.350011
0.964845
1.57945
1.27735
0.817518
1.29314
0.0591493
0.948601
0.568929
0.764399
1.0593
1.05872
1.88214
1.35517
1.83067
0.458633
0.638506
0.762586
1.11275
1.19283
1.72815
0.632546
1.89813
0.25589
0.592607
0.655049
1.699
0.736876
1.76774
1.12134
1.88005
1.52605
1.59081
1.89259
1.7009
1.06255
0.142332
0.0107613
1.88258
0.343042
0.654025
0.690738
0.488508
0.336848
0.0672944
1.88759
0.434454
1.97933
1.60062
1.93065
0.312462
0.268635
0.0403867
1.42472
0.835116
0.693101
1.90379
1.71937
0.259183
1.92736
1.03624
1.5539
1.10253
0.136907
1.04976
0.365706
1.48719
0.992013
1.91557
0.610155
1.96184
1.45626
1.70653
1.90618
0.124186
1.85665
1.59849
0.00523782
0.120392
0.198741
0.284961
0.188371
0.0094974
0.0685141
1.1178
0.424941
1.74074
0.0782691
1.88361
0.236031
0.901125
0.119772
1.36651
0.821552
1.8704
0.30611
1.09619
0.554724
0.193163
1.03048
1.20918
0.995143
1.22016
0.255819
1.0251
1.86283
1.55501
0.0523665
0.60672
0.899456
1.53807
1.04072
0.446776
1.83251
0.249465
1.77579
0.523688
1.22423
1.06092
1.02719
0.302464
1.61568
0.759832
1.00484
1.96235
1.78801
0.833437
1.58343
0.220525
1.74646
0.143842
0.600545
1.89364
0.0123932
0.023735
1.73859
0.973277
1.66432
1.18085
0.752454
0.618238
1.53173
0.640512
1.03451
1.73441
0.228688
1.55251
0.139541
0.914883
0.314105
1.38064
0.377071
0.437488
1.87759
1.97768
1.9334
1.81618
1.41248
0.0239898
0.802413
0.459506
0.760782
0.30367
1.80261
0.0697117
1.29141
0.460632
1.76121
0.44369
1.3286
1.56716
0.293331
1.30478
1.9401
0.345913
1.88341
0.120127
1.88984
1.69261
1.56439
1.54808
1.59965
0.28937
0.00853169
0.0837821
1.28746
0.164619
0.297954
0.049225
1.20835
1.18411
0.832015
0.203999
0.855183
1.31465
1.15356
0.10634
1.84898
1.8276
0.25377
1.41573
0.027308
0.221248
0.29702
1.26471
0.453406
0.808906
1.89056
0.205541
1.79521
0.519277
1.9155
0.460476
0.510752
0.609771
0.735699
1.36734
0.199968
0.288668
1.03753
1.85415
1.76273
0.7523
1.81647
0.280063
0.016719
1.28885
0.974618
1.16533
0.218679
1.84522
1.04952
1.26805
1.38636
1.17872
1.22505
0.274939
1.86976
0.138335
1.96325
1.71915
0.196821
0.125803
1.59403
1.32038
1.80676
0.156819
0.693472
1.801
0.0347161
0.34529
1.49626
1.0563
1.34108
1.02472
1.96904
0.656028
0.787946
0.707416
1.13769
1.2587
1.21624
1.52888
1.13727
0.434801
1.98755
0.339056
0.0225432
1.10775
1.88227
1.77916
0.005494
0.586748
1.14965
1.48426
1.96721
0.141164
0.698184
0.99968
0.268094
0.42964
0.200775
0.264076
0.124774
0.00284159
1.48642
0.286911
0.673777
1.29637
0.957704
0.515713
0.781557
0.445593
1.15298
0.188114
0.824322
0.0779493
0.429756
1.60016
0.129953
0.567265
0.243078
0.252225
0.294616
0.232078
0.872267
1.4982
1.02199
0.37166
1.73005
0.58023
0.045202
0.657614
0.435793
0.0394871
0.964527
1.10102
0.754695
1.14533
1.39367
1.35911
0.879842
1.87616
0.530244
0.455211
0.240648
1.48867
1.55314
0.0188322
0.427265
1.67444
0.610589
0.807781
0.528583
1.94928
0.55272
0.211674
0.313625
1.44594
0.307827
0.161094
0.322136
1.76397
1.71645
1.96845
0.646863
1.08212
1.88729
0.208555
0.175003
0.878437
1.79303
0.196398
0.805325
1.30975
0.571703
1.99183
0.925989
0.983344
1.33252
1.46626
1.55581
1.6763
0.859296
0.78363
0.810543
0.406828
0.718676
1.01139
1.31994
0.0594811
0.150986
1.16065
1.22075
1.26294
0.96361
1.84174
0.820916
0.375071
0.815436
1.20927
0.709389
1.81122
0.276905
0.482094
0.349587
0.811491
0.27889
1.28914
0.84091
0.992197
1.7877
1.39189
1.95145
1.25606
1.34537
0.598563
0.830775
0.330443
1.74922
1.67864
1.15377
0.980818
0.879902
1.29335
1.53346
1.82666
0.416637
0.564256
0.160522
1.91497
0.698371
1.68885
1.97869
1.80182
0.00649953
0.0699906
0.363251
1.67636
0.398911
0.652111
1.36927
1.5083
1.42862
1.80824
0.834378
1.7133
0.877597
1.70647
0.147382
0.874866
0.0844727
0.327297
1.63322
1.89241
0.444364
0.0658139
0.049009
1.36307
1.1402
1.30195
0.195693
0.884781
1.6962
0.7537
0.584309
1.19752
0.51616
1.89319
0.285796
1.80906
0.42695
0.110964
1.87731
1.67321
0.461591
0.191909
0.822748
1.1803
1.28918
1.15443
0.0677977
1.76401
1.73614
1.18932
0.369817
0.17685
1.43592
1.83395
0.416526
0.232092
1.53412
1.4482
0.0541402
0.0689752
1.84397
0.0815463
0.758191
0.254416
0.635967
1.85376
0.616411
0.569499
0.868896
0.529705
0.0344235
1.94146
0.807631
1.82927
0.137919
0.432923
1.62612
1.88042
0.305068
0.113546
0.55275
1.78385
1.76339
0.501663
1.14786
0.725069
0.179188
0.925482
1.39849
1.62537
1.60273
1.00374
0.00630009
1.53187
0.513395
0.0430115
0.221585
1.82737
0.569525
1.84117
0.149176
1.71829
1.03261
1.54416
0.877597
1.68596
1.22487
0.537264
0.457114
1.15643
1.45704
1.99375
0.0371792
0.0194247
0.464577
0.335688
0.194957
1.14494
1.88884
1.96816
1.64452
0.554583
1.53168
1.06451
0.970998
1.70556
1.55188
1.75014
0.257632
1.74888
0.450345
0.164787
1.91612
1.78648
1.01597
1.32577
1.91344
1.10236
1.60708
1.07428
0.603697
1.03062
1.21189
0.206428
1.48852
0.442902
1.62677
1.93562
0.0446506
1.63328
1.76549
0.884627
1.93258
0.361947
0.996447
1.38093
1.71883
1.03075
0.825518
1.42592
0.0340413
1.62271
1.1097
0.205842
1.08249
1.99387
0.046183
1.01409
1.76259
0.951483
1.98512
1.91344
1.95083
1.28625
1.96622
1.92317
1.60636
0.261367
1.71956
0.255063
1.75328
1.79448
0.0636163
1.57219
1.6955
0.116043
1.98157
0.960466
0.864812
0.0759242
1.35034
0.244943
1.56558
1.20162
0.814463
0.629837
1.84666
0.0359775
1.6945
1.89902
1.86145
1.93994
1.929
0.519024
1.15667
0.0615931
0.0667305
1.41356
0.654611
1.76858
0.190567
1.28139
1.13727
0.0446033
0.330575
1.9745
0.400297
1.83183
0.286393
0.323117
0.263693
0.747443
1.96216
0.691167
1.5282
1.91321
0.249506
0.345482
0.72262
1.51412
0.0334977
0.206746
1.71704
1.17175
0.235362
0.509525
1.81943
1.18078
0.700315
1.35333
1.41544
0.119464
1.35929
1.12921
1.04161
1.83177
0.11513
1.34647
1.32499
1.54039
0.549249
1.70716
0.282765
1.28387
1.96206
0.686018
1.36059
1.38376
1.8486
1.94981
1.79322
1.29097
0.138508
1.10909
0.68087
1.72799
1.88503
0.489661
0.990314
1.78771
1.90943
0.840097
1.55063
1.22804
1.25127
0.178588
0.70143
1.05263
0.324107
0.644754
0.186947
0.51711
0.755169
0.980469
1.16452
1.90868
0.0260077
0.444499
0.982192
1.77307
1.91984
1.36916
1.8203
1.39463
0.253191
0.918712
0.769641
0.873707
0.694437
0.310749
1.20931
0.17246
0.660124
0.270979
0.447255
1.04181
1.80166
0.609857
0.886549
1.99412
1.36178
1.56654
1.12123
0.996926
0.298938
0.881441
0.0548935
1.97243
0.385902
0.171035
1.26322
0.910688
0.928675
0.873286
1.22482
1.46059
1.53747
1.66435
0.419578
0.102925
0.866714
1.21294
1.83747
1.17221
1.38708
0.491455
1.21158
0.0596758
0.238656
0.423439
0.187886
0.287092
0.457545
0.303964
1.93772
0.770795
1.60701
1.65553
0.636744
0.685964
1.67505
0.890764
0.522722
1.84982
0.760508
0.230628
1.47975
0.12666
1.13864
1.68383
1.70275
1.8452
1.4789
0.806023
1.60678
1.8626
1.95186
1.87929
1.34186
1.91595
1.71138
0.0639793
1.98647
0.0210143
1.95944
1.67783
1.71703
1.91391
1.7531
1.05392
1.87963
1.78699
0.0469254
1.2702
1.4268
0.958187
0.488207
0.857389
1.79337
0.0201706
0.461824
1.73943
0.365239
1.09219
0.596423
1.90137
1.65372
0.117073
0.864647
1.63046
0.711171
1.58556
0.569507
0.739051
1.41556
1.1969
0.783858
0.222308
0.364017
1.58235
1.66013
1.29211
0.135764
0.774371
1.46611
1.41649
0.313117
1.77839
0.265162
0.567532
1.12863
0.499429
1.65335
1.01482
1.91352
1.99347
1.30239
1.18225
0.910947
1.01415
1.63069
1.1073
1.67528
0.572085
1.00667
1.00992
0.467635
1.84151
1.32433
0.179603
0.095147
1.5938
1.49028
1.29247
0.0354559
1.13391
0.332864
0.878853
0.683653
1.97067
0.782093
0.0542084
0.630561
0.0702087
1.23315
0.227434
1.0818
1.60443
1.88756
0.328324
1.56097
1.43239
1.9286
0.348898
0.270959
1.85575
1.85889
0.263451
1.7693
0.343198
1.92444
0.281137
1.60967
1.93256
0.606321
1.52767
0.170299
1.58954
0.780675
1.89182
0.41784
1.88189
0.121462
0.807855
0.469387
1.9433
0.191939
0.011703
0.0578794
1.86205
1.81874
1.89015
1.15437
1.58754
1.61274
0.336046
0.658093
1.28188
0.809269
0.557105
0.2568
0.76972
0.333058
0.963042
0.667671
1.86832
0.344028
1.46813
0.445068
0.6356
0.473936
0.844104
0.0468614
0.472551
0.907795
0.235925
1.99672
1.80091
1.8605
1.1821
0.194617
0.639611
1.75311
0.0439552
0.650473
1.78743
0.925249
0.750844
1.25074
1.67765
1.23916
0.978429
1.89963
1.31015
0.395581
0.0948545
1.47839
0.399807
1.14087
0.544893
0.699026
1.04002
0.0557561
0.42487
0.244733
1.36778
0.499533
0.468586
0.0106256
1.24482
0.848328
1.6842
0.276174
1.5294
0.305132
0.843961
1.19678
0.914826
1.58214
1.16155
1.54938
1.83403
1.45971
1.89953
0.976717
1.54816
1.37427
0.355823
0.0626688
1.47505
0.539061
0.787356
1.46869
1.83539
1.85125
0.418834
1.40711
1.84866
1.26295
1.64314
1.56112
1.72791
1.96567
0.219072
0.238963
0.975129
0.812349
0.812106
0.557605
0.554701
1.17183
1.74509
0.465269
0.271642
1.69806
1.62647
0.182914
1.37806
1.99858
1.76609
0.263369
0.426131
1.85566
1.91362
0.0529119
0.944038
0.435281
0.389932
1.72242
1.41324
0.0766565
0.954047
1.05404
1.21263
1.48851
1.74227
0.201981
1.65797
1.50152
1.7475
0.88781
0.615807
1.40442
0.510249
1.85848
0.0511578
0.33627
0.918571
0.773541
1.91608
0.128965
1.75727
0.149149
1.9795
0.0458688
0.1416
0.686959
0.344427
1.38138
0.430928
0.147304
1.92627
0.112031
0.374366
0.607743
0.458884
0.30963
1.195
0.0258424
1.98683
1.25886
1.77183
1.22344
0.0658164
0.125924
1.29762
0.240516
0.67772
1.12083
0.766932
1.00108
1.16134
0.84896
0.735556
1.65717
0.219694
1.16622
0.0450659
1.94635
1.08132
1.5252
1.91117
1.30079
0.66469
1.6205
1.36694
0.398229
0.186608
1.15618
1.27117
0.265963
1.84081
0.48261
1.76786
0.827784
0.73592
1.97084
1.86321
0.767058
1.11745
1.66323
0.928979
1.42823
1.06748
1.76059
0.995012
1.58806
1.85933
1.05882
1.49904
0.624447
0.825193
0.521207
1.15008
0.968556
0.390427
1.00107
1.9776
0.278865
0.0522161
1.89126
0.973965
1.43032
1.10679
1.40558
0.784487
0.226881
1.49482
1.76665
0.25813
1.64782
0.503024
1.42488
1.67895
1.29125
1.82552
0.597549
0.9636
1.52509
0.0778308
1.76631
1.11581
0.522964
0.0772413
0.981295
0.90657
1.98601
0.190828
0.75208
1.92709
0.893358
0.695075
1.19196
0.346621
1.78828
0.891665
1.03475
0.234115
1.9405
1.18579
1.58383
1.98771
0.253551
0.255998
0.318392
0.025225
1.82874
1.08962
1.53063
0.144551
1.79839
0.370883
0.95258
1.49935
1.97047
1.96429
0.259457
0.783217
1.45063
1.51591
0.765535
0.402878
0.959547
1.79686
0.0172058
1.52966
1.17582
0.240745
0.827882
1.09466
0.26711
1.18395
1.75599
1.74112
1.23985
0.242505
0.99722
0.0943559
0.128232
0.377299
0.477594
0.475494
0.163317
1.77859
0.000206232
1.55298
0.867986
1.26683
0.434539
1.7565
1.86866
0.0168905
1.46502
1.56729
0.194583
0.573087
0.272858
1.85409
0.283477
0.0379286
0.113938
0.985265
0.0768027
0.538441
1.51857
0.368154
1.23801
1.06116
1.74336
0.286423
1.16991
1.66684
1.5384
0.332208
0.999811
0.84159
0.725554
0.219868
1.93747
0.739984
0.289461
1.82431
1.74949
1.30625
0.0131187
1.58828
0.453118
1.35552
0.500657
1.71946
0.701802
1.10473
0.670674
1.20255
0.429405
1.78453
1.87031
0.374302
0.191487
0.0536673
0.656838
0.0841491
0.341469
1.26035
1.47889
0.513265
0.146849
1.16804
1.95768
0.405435
1.40872
0.749861
0.227167
1.84225
0.805637
0.536561
0.304334
0.617519
1.75513
0.782762
1.6052
1.69903
1.31196
1.57225
0.825481
0.221053
1.20376
0.849898
0.187439
1.27765
0.300634
1.66158
0.842469
0.900803
0.94441
0.245617
0.39848
1.21576
1.99832
1.95304
1.52903
0.336677
1.19381
1.11743
0.451516
1.66226
0.245576
1.6606
1.53493
0.974929
0.324218
0.593478
0.453704
1.88997
0.274104
0.786355
1.54206
1.33922
1.05247
1.73385
0.196173
0.590685
0.0727714
1.98605
1.57894
0.314327
0.241382
0.608314
0.891016
1.35041
1.43376
1.91802
1.36019
0.311333
0.250452
1.4997
1.86956
0.902085
1.91225
0.194142
0.247569
0.930125
0.784359
0.132459
1.48702
1.25771
0.00728023
1.69971
1.77375
0.0613039
1.34784
1.17724
0.20772
1.622
0.0306106
1.73879
0.201092
0.448164
0.307578
0.857124
0.958902
1.94664
1.60291
1.24832
0.305542
1.07207
1.88849
1.66919
1.6432
0.284605
1.98792
0.820889
1.19239
0.0671632
1.15969
1.71351
1.47173
0.249445
1.42468
1.46392
1.99033
0.546224
1.29208
1.64699
0.0738471
1.95385
0.0441029
1.83958
0.149544
0.200507
0.0281072
1.33776
1.97309
1.38242
0.0319933
1.83022
0.71962
1.19851
1.13473
1.6394
1.4999
0.412701
1.60219
1.90788
0.0343494
1.40276
1.79853
0.817946
1.85554
0.884251
1.37983
0.290089
1.8618
1.75691
0.61013
1.36575
1.70736
0.575973
0.832995
0.0662043
0.894689
1.02803
0.315798
1.23626
0.643989
1.65701
0.591727
0.32524
1.89361
0.466919
1.40041
1.32844
0.773862
1.03722
0.255226
1.5458
0.3551
0.34902
0.158939
0.920471
0.746199
0.118288
0.070399
1.53701
1.92588
0.207219
1.03136
1.31808
1.7637
0.70191
1.54852
1.9551
1.84079
0.581463
1.63298
0.838405
1.68785
0.612007
0.184172
1.17681
0.0321023
1.30289
1.79976
1.79442
0.654123
0.830264
0.317858
1.64503
1.43181
0.00750947
0.0814513
1.04428
1.11807
1.78777
0.045918
0.0862057
1.50326
0.703717
1.49719
0.524122
1.63806
1.71706
0.330913
0.915506
0.392586
1.54224
1.06317
1.56039
0.673457
1.01953
1.89516
1.39463
1.06388
0.64278
0.207262
0.85681
0.361578
1.93138
1.60768
0.964766
1.12269
1.35581
1.21249
1.33488
1.28491
1.61706
1.85104
0.413375
0.277087
1.35039
0.265337
0.997804
1.15495
1.61426
1.43108
1.96583
1.81301
1.29895
1.71696
0.0147569
0.484414
0.13502
1.91545
0.648525
0.940117
1.96495
0.952781
0.908565
0.414023
0.0345318
0.119262
0.689534
1.99171
0.0294988
0.324227
0.562398
0.69894
0.201374
0.684225
0.930315
0.751571
1.93627
1.56457
0.0458577
0.660918
0.497822
1.85335
0.269549
0.899206
1.78435
1.13655
0.516215
0.484256
1.47769
0.536211
0.285359
0.393067
0.974929
0.0319824
0.408623
0.644704
1.05694
1.98255
1.72327
0.449954
0.211917
0.76079
1.17955
0.432683
0.381431
0.518208
0.570647
0.998691
0.0409319
1.07087
1.18294
0.842425
0.291562
0.09647
0.425979
1.65945
0.977838
0.186427
1.55612
1.35816
1.68633
0.396327
1.256
0.564989
1.21116
0.729398
0.824115
1.38584
0.147578
0.45954
1.95791
0.756324
1.179
0.905902
1.01391
0.566885
0.0492395
1.96112
0.965688
0.38446
1.54113
0.852422
1.37339
1.35713
1.0643
0.186503
0.304865
1.27329
0.226147
1.15557
1.26843
0.18526
1.37034
1.88266
1.8663
0.739833
1.467
0.735061
0.390693
0.0852637
0.861369
1.81286
0.0108325
0.323201
1.86493
1.07963
0.599422
0.0702084
1.00051
0.179867
0.770124
1.7156
0.030605
1.95917
1.90832
0.695007
0.264478
1.33942
0.556117
1.44806
1.90491
1.77146
1.96958
0.917818
1.81016
1.61872
1.52552
1.17437
0.291295
0.00928938
0.842789
1.66883
0.127252
0.105332
0.930192
0.10884
1.40068
1.40853
1.80913
0.0186399
0.56554
0.883233
0.607762
1.34022
1.92263
1.98839
1.66534
0.723665
1.6656
0.601441
0.648143
1.9333
0.287403
0.8185
1.87511
1.9852
1.59454
1.29863
0.546093
0.0177783
0.225236
0.121798
0.31579
0.0629513
0.23288
0.81868
1.94109
0.533151
0.922092
0.422146
0.0679222
0.834769
1.21457
1.75947
0.0964973
1.63674
0.240106
1.16169
0.875137
1.83952
1.85014
0.255025
0.0550283
0.616031
0.610052
1.1231
0.314759
0.479205
0.31502
1.78413
1.66476
1.67686
0.913822
0.618708
0.837432
1.06448
0.0576802
0.656448
1.97975
0.42416
1.12144
0.491727
0.121994
1.21466
1.74985
0.00974572
0.22426
0.327558
1.90973
1.29522
0.0944104
1.63592
0.581274
0.960267
1.03869
1.38996
0.379869
0.163102
1.49808
1.80225
0.666705
0.491014
0.420877
0.583397
1.4614
1.73365
0.570426
1.05763
0.580912
0.406725
1.75199
0.435602
0.851639
1.90986
1.63345
1.28592
0.101508
1.43601
1.64336
0.82166
0.903171
1.03452
0.0261656
1.22972
0.412918
1.7662
0.589228
0.373124
1.11428
0.477661
1.81878
0.214463
1.22115
0.0424778
1.99485
0.877745
1.23424
0.446221
0.14189
1.78309
0.109588
1.02929
1.91768
1.91033
0.104972
1.88013
1.92315
0.0822601
0.122649
1.97313
1.23838
0.868967
0.302591
0.821599
0.139767
1.5481
0.719166
0.753178
0.0566196
0.157577
0.0882188
0.210548
1.17548
0.931828
0.392234
1.46984
0.797309
1.18966
1.93185
1.11966
0.964104
0.0410414
0.209258
1.00717
0.016855
1.13342
1.9428
0.813202
0.993907
0.0222939
1.25593
1.59703
0.958377
1.16309
0.0243529
1.40715
1.54628
1.67868
1.07306
0.119288
1.5076
0.0737803
1.93696
1.55879
1.09563
0.170487
0.094698
0.215778
1.70322
0.331482
0.0267947
0.766286
1.12736
1.68226
0.53162
1.73796
1.45975
1.93555
0.0555891
1.07509
1.44493
1.82846
0.944163
0.474494
0.209989
1.33473
1.72191
1.22158
0.74662
0.533093
0.167626
0.0817543
0.164956
0.526933
0.144303
0.564997
1.90234
0.120217
1.74385
0.924065
1.89407
0.846451
0.445381
0.10615
1.73129
1.81676
0.615889
0.188731
0.167466
0.992964
0.448062
0.420677
0.780932
1.71355
1.65881
1.7523
0.695148
0.737715
0.314509
1.57665
0.285672
0.258999
0.16814
1.67946
1.56611
1.32966
1.6547
0.727826
0.45424
0.598073
0.0745084
0.970883
0.938797
1.22886
0.227194
0.713614
1.55653
0.705558
0.801205
1.85555
0.552892
1.87018
1.12651
1.65376
0.821374
0.125296
1.3316
0.807332
1.49138
1.95313
0.36092
0.695782
1.85015
1.67477
1.51343
1.19735
1.21296
0.706407
1.87628
0.192467
1.50895
0.00576591
0.119101
0.811322
1.93725
0.920041
0.695914
1.27095
1.21355
1.03882
1.39738
0.439856
1.12641
1.33258
1.58566
0.685822
0.73083
1.97202
1.52962
0.751482
1.62767
1.77323
1.93135
0.334554
1.9054
0.618978
0.933232
1.01642
0.601354
1.39314
0.573969
1.64977
1.34108
0.60033
0.0399026
0.632279
1.22358
0.639682
0.345723
0.771725
0.732833
1.32114
0.0680887
0.489851
1.08425
0.00989234
0.484447
0.293569
0.524048
0.501693
0.233671
0.923566
1.76047
0.54218
1.90152
0.670119
1.1911
1.20102
1.48879
1.22204
1.3001
1.53718
1.70851
1.4195
0.0352308
1.98963
1.09779
0.990332
0.159507
0.890152
0.970886
1.63211
1.04247
1.39416
1.88337
0.650894
1.26368
1.01351
1.24833
1.36392
0.184301
1.28416
0.59112
1.25283
1.11869
1.17631
1.12098
0.0357069
0.757682
1.29336
0.855898
0.700147
1.68655
1.24251
1.13815
1.94434
1.97201
1.3593
0.344525
0.0141084
1.25803
0.775824
1.99335
1.43451
0.165353
1.08409
0.126055
0.736993
1.31515
0.231193
0.820518
1.04354
1.09957
1.11525
0.34157
0.546924
0.300698
1.43519
0.0684813
0.5754
1.25227
1.93997
1.55694
1.18933
0.0699244
0.497556
0.960527
1.45573
0.237987
0.498161
0.953817
1.37784
1.97639
1.11867
1.4323
1.18343
1.50005
0.357128
1.68868
1.38876
0.209307
0.730501
0.701551
1.58533
1.58123
0.162249
0.398615
1.02789
1.1555
0.650909
0.607146
0.503717
0.440784
1.97122
0.31226
1.88565
1.27135
0.987805
1.78194
0.17176
1.59209
0.197773
1.99586
0.234293
1.13088
1.53077
1.47484
1.43504
1.73977
1.73008
1.16569
0.00530493
1.62835
0.00858474
0.203621
1.37868
0.157109
1.62253
0.717596
0.557638
1.19059
0.188133
1.72776
0.730341
0.788223
0.792637
0.968329
1.12366
0.757036
0.933741
1.96282
1.31555
0.542042
1.97122
1.72772
0.299408
1.04507
0.920497
0.0985918
0.183976
0.182341
0.996907
1.9225
0.641367
1.90834
0.0281235
0.699808
0.908885
1.07975
0.475902
1.75599
0.736693
1.15256
0.100845
1.28646
1.04066
1.33273
0.0830382
1.73006
1.10996
1.85354
0.239094
0.677047
1.65606
0.110482
1.07407
0.531396
0.466199
0.0979791
0.242826
1.91861
0.808228
1.98302
0.309902
1.13896
1.83298
0.0403725
0.128679
0.743017
0.726198
1.99404
0.426424
1.91144
0.0627096
1.72134
1.64838
0.365885
0.179688
1.67599
1.16048
0.836005
0.159726
1.59325
1.56456
0.233908
1.02435
1.62828
0.476738
1.61433
0.854403
0.336173
1.71276
1.60512
0.0062722
1.4158
0.329072
0.244097
0.614025
1.16368
0.132798
1.84625
1.46897
1.8896
1.04195
0.923967
0.379289
1.62276
0.0735852
0.591551
0.765727
0.100874
0.831737
1.47068
0.259185
0.488124
0.493673
0.707013
0.962023
0.652198
0.502071
1.80867
0.0205272
0.453814
0.396078
0.39788
0.708524
1.6388
0.0432544
1.9933
0.561491
1.89624
0.147415
1.80202
0.88239
0.342985
0.359734
0.110031
1.49669
0.131091
1.83769
0.454497
1.55629
1.73146
1.17171
0.0392916
0.943811
0.860881
1.23645
0.77085
1.86181
0.772667
1.72566
0.0383394
1.11243
1.5244
1.998
1.4611
0.536583
0.0764477
0.115006
1.99319
0.20951
1.60951
1.03481
0.904559
0.986547
1.03259
1.98766
1.73048
1.75781
0.894796
0.362717
1.23503
0.0527643
0.386036
1.08831
0.51906
1.42862
0.0234698
0.904989
0.121436
0.191604
1.95032
1.57587
0.536477
0.369443
1.62855
1.30475
1.01828
1.18272
1.37182
1.67876
0.891948
0.393111
0.755921
1.94722
1.72254
0.243984
0.299456
0.0372894
0.603449
0.616768
0.320756
0.14919
0.711503
1.3413
1.70778
0.586326
1.59848
1.92911
1.9193
1.14668
0.727524
0.0399504
0.0231218
1.36338
1.65899
1.43362
0.00273943
0.927914
1.44454
1.99877
0.212499
0.0793393
1.89456
0.310963
0.222405
0.0312116
0.00679731
1.21727
1.55977
1.95152
0.933923
1.80645
1.0384
1.69313
1.62363
0.359584
0.0493046
1.87851
1.95438
1.30892
1.83508
1.60467
1.073
1.79452
0.468905
0.401779
1.30931
1.0505
1.5416
1.73513
1.98053
1.39097
0.744236
1.726
0.790699
1.67936
0.698614
0.713024
0.977757
1.85991
0.107433
1.55169
0.572041
1.52895
1.48152
1.99654
1.74645
0.318451
1.32814
1.81001
0.541068
1.5355
0.674301
1.37602
1.84354
1.57671
0.26478
1.67621
1.67774
0.804924
1.10512
0.434366
1.44372
0.862538
0.546478
0.352885
0.0251778
1.78844
0.485882
1.11199
0.0634277
1.39639
0.0128731
1.85815
1.53355
0.403965
1.08211
0.31853
0.61935
1.34616
1.93184
1.94999
0.501966
0.939947
1.36512
0.000103831
0.374707
1.20097
0.0324754
0.805471
0.208561
0.712742
1.91776
0.849841
0.851224
0.33167
1.69941
0.831861
1.73807
0.460401
0.508826
1.04551
0.0504588
1.36106
1.29621
1.13271
0.930051
0.17737
0.153248
1.64746
1.20904
0.18218
1.21154
0.0351331
1.8866
1.58978
1.39246
1.02079
0.524841
1.27588
1.92976
0.171628
0.295286
1.75483
0.00275755
0.853769
1.25478
1.85372
0.555916
1.37586
1.95113
0.525173
1.50525
1.3029
0.0387741
0.0247374
0.0214413
0.924952
1.82789
1.37105
0.622969
1.69187
0.401496
1.45178
1.42882
1.88777
0.302663
1.6212
1.12639
1.2105
1.17893
0.991836
1.48714
1.88117
1.41547
1.46269
0.193552
1.67484
0.207719
0.645099
0.658053
1.24862
1.76963
1.99992
1.31007
1.55461
0.350633
0.799278
1.95439
1.27995
1.29814
0.381096
1.78362
0.17194
0.29898
1.05547
1.48083
1.56702
0.673435
0.612499
1.11349
0.58228
1.43394
1.88843
0.133963
0.0777421
1.22477
1.89081
1.53647
0.493974
1.38552
0.949959
0.0187556
1.3462
1.61949
0.513395
1.63119
0.90455
1.8849
1.16181
0.152658
0.100461
1.59274
0.757549
0.163322
0.525955
0.113058
0.412143
0.054269
1.00052
0.503335
0.430529
0.893429
1.72452
1.33812
1.41773
1.0657
0.269325
0.437931
1.28723
1.80048
1.46992
1.61056
1.82145
0.110767
0.300692
0.0386808
0.0314136
0.153829
0.0805109
1.90231
0.478012
0.117325
1.54394
0.937657
0.0453756
0.162872
0.293944
1.25127
0.31418
1.8954
1.51774
1.43836
0.0652777
1.85444
1.72359
1.26515
0.494663
1.67363
1.80956
1.91736
1.23328
0.00851023
0.907035
0.118509
1.25015
0.674469
0.339394
0.144574
0.201149
0.661892
0.713637
1.42882
0.948884
0.372
0.494761
0.34037
1.77956
1.96145
0.35892
0.763208
1.04455
0.634435
1.90839
1.27786
1.77218
1.94937
0.493847
0.226856
1.07384
0.459347
1.58302
0.0542461
0.130634
0.993008
1.62045
0.909792
1.56847
0.00234938
0.4032
0.873249
0.279492
0.115278
0.397219
0.043848
1.72396
0.832523
0.653187
1.79452
1.85798
1.83597
1.80069
0.290971
1.88056
0.0148689
1.17153
0.254545
1.68019
0.538182
1.33208
1.48525
0.833957
1.99901
1.49966
1.56067
0.00785923
1.41539
1.81206
0.98485
0.211469
0.0816207
1.06623
1.04063
0.364195
1.2616
0.455904
1.85397
1.43192
0.315535
1.48523
1.0282
1.61138
0.0564078
1.76034
0.45998
1.87921
1.37051
1.77346
0.0755812
0.00960958
1.71053
0.699702
1.33715
1.03061
1.25773
1.71767
1.20529
1.29219
0.328684
1.97184
0.761617
0.206246
0.53247
0.95184
0.593823
1.72849
0.561939
1.7355
1.71915
1.91018
0.0171324
0.414275
0.624361
0.792374
1.40426
0.398446
0.149449
0.936488
1.21094
1.65013
0.819741
1.89174
1.64796
1.58466
1.03474
1.50552
1.26294
0.60912
0.855519
1.53483
0.452972
0.428003
1.04081
0.00227356
0.207111
0.947195
1.93973
1.65619
0.366211
0.232202
1.49416
0.900978
1.63561
1.05976
1.33003
1.68213
0.786885
1.69933
0.291763
0.837094
0.0304065
0.222657
1.08184
0.715428
0.514372
0.635918
0.256796
0.439012
0.0667973
0.825969
0.000294685
0.00728762
1.66673
0.0564734
0.846774
1.76995
1.56221
1.93682
1.2567
0.907988
0.962647
1.18186
1.94048
1.87633
1.86358
0.364678
0.900969
0.870922
1.79926
0.000900507
0.946487
0.00814188
1.93367
1.8731
1.44775
0.0862842
0.678971
1.57724
0.122653
0.154778
0.483094
0.947713
0.57326
1.81184
1.47379
0.84587
1.42049
0.325332
1.25191
1.25137
1.84641
0.461981
0.804379
0.773009
1.57134
1.62173
0.00151622
1.18716
0.629305
0.241532
0.0303477
1.41588
1.74841
0.0103914
1.78795
0.917965
1.45934
1.93047
1.49679
1.1169
1.09901
1.45066
1.66236
0.59391
1.61147
1.91578
1.33297
1.95361
1.84721
0.0518557
0.0337653
1.39397
0.979291
0.860664
0.821913
1.2065
1.86285
0.122606
0.0482439
1.26916
0.820684
1.32339
1.48867
0.109994
1.50346
0.83273
0.440494
0.920481
1.39143
0.182182
0.0706865
1.26438
0.691523
0.535783
1.42992
1.61965
0.382403
0.942819
1.49106
0.725106
0.280637
0.0173924
1.53935
0.827678
1.91289
0.812387
0.705338
1.9489
1.0807
0.101846
0.524373
0.89317
0.418479
0.424119
1.32614
1.9525
1.69968
1.68746
0.00737703
0.939602
0.752801
1.4547
1.71436
1.76781
0.685445
0.266611
0.609488
0.202237
1.58646
0.266773
1.94126
0.0812267
1.30412
1.76785
1.97288
1.25188
0.844195
1.83895
1.21035
0.379293
1.83756
0.534621
1.58635
1.25456
1.98448
1.92301
0.0350878
1.98408
0.660507
0.387964
0.319351
0.307774
1.11478
0.16323
1.63378
1.11431
1.98181
0.173768
0.21242
0.959672
0.803738
1.42079
0.00507104
1.07266
0.187184
1.19742
0.49818
0.993199
1.40224
0.0959595
1.22342
1.5661
0.438955
1.9198
1.85131
0.311672
1.6732
1.39462
1.33815
0.790513
0.483205
0.444142
0.532884
1.95528
1.60127
1.64397
1.07393
0.932173
0.136323
1.3879
0.385337
1.69949
0.0114014
1.62338
1.57269
1.91723
0.237435
1.17334
1.19716
1.01584
1.34712
1.73942
0.200855
0.0244235
0.0968709
0.417728
1.09501
1.68769
1.47998
0.0102707
0.292923
0.382781
1.2029
1.76255
0.87031
0.501746
1.84957
1.68557
0.500624
1.99254
1.424
0.266702
0.90957
1.5269
0.190355
1.22745
1.38991
1.4403
0.909369
1.18174
0.162588
0.371558
0.044427
1.93148
0.712849
1.6389
1.09651
1.42532
0.742256
0.125337
0.138828
0.607986
1.13406
0.881199
0.878142
0.35279
1.9348
1.77579
1.86275
0.946068
0.444327
0.342687
1.11514
1.96879
0.323888
1.58935
1.26461
0.0725535
1.35034
1.69461
0.00516331
0.571396
0.498832
0.272634
0.65848
0.73633
1.17808
1.54916
1.94225
1.70081
1.99189
0.392393
1.41388
0.488283
0.814095
1.7942
1.51859
0.221957
1.97488
0.246996
1.24355
1.13306
1.51708
0.140782
0.795098
1.82779
1.23854
0.678551
0.889628
0.0832868
1.075
1.33384
0.399547
0.90771
0.66968
1.57851
0.90858
1.0082
0.764195
1.77222
0.324867
1.41766
0.904908
0.89433
1.61563
1.84937
1.19418
0.133722
1.73525
0.0515769
1.8651
0.77246
1.37621
0.0296777
0.535261
1.59429
1.6308
0.922985
0.667268
1.93475
1.82301
0.469495
0.243647
1.13062
1.09588
1.89989
1.35131
0.303696
1.24556
1.81802
1.97036
0.641736
1.1722
1.46488
0.746407
1.68729
1.24836
1.90491
0.167615
0.988574
1.4574
1.98251
1.90386
0.0650448
0.464339
1.97143
0.804469
0.283937
0.0868305
0.783332
0.428591
0.175847
1.46122
0.481975
0.546502
0.554978
1.2984
1.65758
1.89835
0.236678
1.6538
0.9817
0.752208
1.62898
0.603972
1.26407
1.50735
0.141959
1.58683
0.7485
0.0310452
1.38943
0.31695
0.560449
1.7152
0.852636
0.0185781
0.784178
1.71369
0.209238
0.495597
0.458049
1.46804
0.37074
0.270891
1.16756
1.5081
1.40863
1.603
1.05006
1.50965
1.95244
0.226384
0.686432
1.27874
0.763163
1.65727
0.277669
1.69042
0.637638
0.182694
0.43534
0.282346
1.9433
1.43469
0.294319
1.34834
1.98962
0.851521
1.70268
0.909881
0.0977846
0.551871
0.147574
0.19778
0.480854
1.04799
1.47613
1.84281
0.919704
0.157156
1.57307
0.463341
1.43728
0.105912
1.83899
1.38262
1.87819
1.72269
1.34914
1.00979
1.66209
0.783309
1.87449
1.29241
0.0442591
1.74104
1.66632
1.83594
1.84269
1.95983
0.379313
0.0971152
1.62362
0.607635
1.49589
1.70953
0.0320001
0.269308
1.29542
1.12323
1.98075
1.5248
0.582974
1.80596
0.257835
1.95508
1.10762
0.233702
0.220387
1.01868
0.830241
1.72586
0.0433413
1.98071
1.32377
0.504663
1.11958
0.264681
1.76817
0.118477
1.14289
0.346495
1.57579
1.29284
0.15016
0.556782
1.23558
0.703499
0.931441
1.73448
0.662766
1.89872
1.99936
0.368194
1.32339
0.753442
0.541823
0.882175
0.712213
1.43084
0.9153
0.680413
0.257356
0.0751433
0.00138676
0.625821
0.373868
1.60425
0.958095
0.418229
1.41478
0.770656
0.493759
0.538367
0.954521
1.06508
1.69696
0.641726
1.57363
0.843559
0.594682
0.425501
1.14273
1.60614
0.939804
1.41832
0.0704972
0.52004
1.83714
0.119854
0.383066
0.120284
1.51879
1.99304
1.98185
1.17852
1.98039
1.68412
0.198459
0.532641
0.26191
0.264619
1.68626
1.44293
0.184934
0.94155
0.0133213
0.700344
1.17302
0.137551
0.494458
1.14482
1.16093
1.8555
1.7474
1.6364
1.32407
0.526589
0.014312
1.88279
1.15283
0.451811
1.18262
0.0700054
0.443149
0.874023
1.06977
0.210148
0.166717
1.76063
0.145665
1.98106
1.05668
0.0447077
1.02967
0.8246
0.924721
1.92622
0.687071
1.9119
0.525852
1.56235
1.2109
0.0112635
1.52365
1.42436
0.807187
0.196414
1.9307
1.95468
1.2126
0.837101
0.880605
0.326323
0.886735
0.00566626
0.732485
1.98581
1.78106
1.20231
0.0558786
0.804488
0.0825589
0.240549
1.77735
0.993202
1.79755
0.982768
1.91719
1.75
0.952216
1.62428
0.255989
0.852551
0.881348
1.27738
0.11739
1.87786
0.291797
1.6479
0.13227
1.89855
0.529857
0.148481
1.1466
0.934386
0.486585
0.871289
0.811975
0.678877
1.0195
1.8776
0.0175189
1.94855
0.0048753
1.84593
0.0804626
0.549137
1.02664
1.61636
0.181512
1.58525
1.68351
1.99641
1.96897
0.791739
0.723578
0.658389
0.488536
0.952127
0.599403
1.1937
1.73852
1.06596
0.798015
0.188369
1.92465
1.30061
1.39525
0.863503
0.866592
0.589729
1.68737
0.0402586
1.74668
1.7482
1.67595
1.32897
0.998749
1.71048
1.97243
0.826997
1.9795
1.86516
1.69884
1.90482
0.0378238
1.26426
1.24924
1.51405
1.30956
0.209955
0.48838
0.618928
1.95449
1.89537
0.420131
0.889727
1.92979
1.93
0.0871506
1.79577
0.898073
0.600642
1.42427
1.77372
1.55004
1.03099
1.44415
1.06297
0.612312
1.94783
0.57225
1.93151
0.726637
1.80548
1.93597
1.62069
1.4273
0.110563
0.0611347
1.47641
0.0158404
1.04979
0.850122
1.19376
1.80014
0.951571
1.8079
0.477226
0.165916
1.92622
1.6506
1.01201
1.23944
0.103209
0.0681357
1.61993
0.250518
1.40744
0.278326
0.349616
1.01577
0.136
1.53449
0.338117
1.10682
1.69785
0.0587046
0.645518
1.43278
1.0083
1.00684
0.198128
0.803342
0.979591
0.948731
1.75663
0.293308
0.657268
1.64749
1.19952
1.14598
1.31568
0.109519
0.0566519
1.41573
0.119458
1.1355
0.859866
1.11918
1.46104
1.73364
1.80477
1.62151
0.203327
0.528201
0.321286
1.55845
0.816207
0.796283
1.73699
0.641675
1.54659
0.552172
1.78023
0.5816
0.022042
0.778497
0.199
1.05478
0.00495899
1.42701
0.0178429
0.0567387
1.43524
1.98501
1.79171
1.79124
0.170747
1.00648
0.923844
0.780148
1.46258
1.92749
0.440943
0.0850356
0.421789
0.330966
1.89919
1.85389
1.34054
1.45231
0.851937
0.385643
1.10023
1.86365
1.05564
0.147964
1.15974
0.0743405
0.551785
1.06127
0.0320611
1.62387
0.103858
0.789146
1.02699
1.87133
1.88637
0.397167
1.98048
1.47741
0.0808296
1.71719
0.402892
1.59588
0.169252
0.0277106
1.88387
0.540369
1.27243
1.99597
1.75705
0.517173
1.03748
0.896762
0.982137
0.891035
1.86986
0.617695
1.67761
1.13475
0.448532
0.260347
1.77198
0.936854
1.17916
1.47928
0.215552
0.577677
0.222409
1.79754
0.177682
1.96835
0.62975
1.2935
0.266443
0.191742
1.78394
1.66735
0.598983
0.965353
1.95393
0.015599
0.208681
1.92627
1.08133
1.73765
0.371041
0.462266
1.619
1.51514
1.40608
0.888711
1.35546
0.842515
1.76328
0.640313
1.96518
0.421139
1.1128
0.588816
0.0603628
0.225809
1.71792
0.610208
1.18161
0.210728
1.1206
0.515296
0.677314
0.226812
1.57377
1.49781
0.469247
1.40244
1.71405
1.01133
0.0049938
0.926163
1.13239
1.53808
0.450835
1.16736
0.591354
0.285638
1.22587
0.29437
0.0485569
1.2385
0.87176
1.61245
0.782834
1.44121
1.25085
0.239744
0.256451
1.89719
1.92638
1.42267
0.0625689
0.658834
0.768701
0.640227
0.365321
0.10647
0.31805
1.34644
1.57503
0.923477
0.105818
1.82765
0.505876
0.64222
0.413261
0.0751605
0.756028
1.44827
1.06832
1.66975
0.53639
0.141061
1.04971
1.26608
0.0389129
1.98358
0.476248
0.972446
0.915011
0.304527
1.78242
0.366069
0.0528463
1.98744
0.221778
0.870025
1.92255
0.326903
1.47198
1.93742
0.11925
1.63372
0.598642
1.84866
0.993123
0.310067
1.88625
1.59295
1.89472
1.31173
1.41179
0.372636
1.31543
1.52121
0.0421218
1.09914
1.129
1.73306
0.0193481
1.98244
0.195242
1.23694
1.78378
1.74188
0.575587
1.6926
0.0746692
1.07953
0.135375
1.42868
1.18553
1.6766
1.06135
1.17977
1.95457
0.0861536
0.198327
1.90646
1.84388
1.18989
1.03651
0.173673
0.243021
1.81053
0.736907
1.96036
1.51538
0.203719
1.86648
0.146344
1.98881
1.2629
1.86337
1.52919
1.37638
0.349164
1.43311
1.31618
1.18546
1.52215
0.306566
0.510763
0.389034
1.50788
1.8289
1.13664
1.17074
0.430339
1.46913
0.106225
1.36048
0.555183
1.7525
1.90948
0.368168
1.37938
1.69033
0.429746
1.80423
0.683856
1.67442
1.94547
0.1244
0.0846082
1.89022
1.44067
0.398208
0.77162
1.20765
1.21139
0.454332
0.179128
1.3764
1.95222
0.594081
0.109153
1.8118
1.57845
1.17076
0.0742739
1.19707
1.24594
1.43201
0.658686
1.91636
1.88474
0.899212
0.297708
0.0585355
0.913035
0.788249
1.81938
0.145244
1.29195
1.64322
0.593583
1.1133
1.94221
0.382754
0.725024
0.123639
1.0297
0.139071
1.73962
0.208022
1.07672
1.81394
0.384947
1.21871
0.00304854
0.682337
1.70309
0.844558
1.24872
1.33406
0.895062
0.0794513
0.325543
1.45107
0.685024
0.161399
0.604913
0.446754
1.36088
1.63345
0.5073
1.35961
1.05431
1.60272
1.99593
1.84375
1.09945
1.40071
1.01914
0.0125744
1.50641
1.43507
0.864927
1.91972
1.1434
1.33083
0.329349
1.97333
1.24082
1.04292
0.383838
0.578216
1.84254
1.77484
0.966588
0.476299
0.217332
0.51249
1.77137
1.52894
0.973844
0.643323
1.71624
1.00816
1.45071
0.0327517
1.79554
1.17307
1.46717
1.00801
1.78275
1.83872
0.717687
0.0566062
0.172801
0.687295
0.286076
0.98079
0.393229
0.355128
1.33102
1.97835
0.587453
0.131459
0.994563
1.78622
1.93876
1.90606
0.515357
1.55385
0.454878
1.14468
1.70802
0.369714
0.577089
0.410795
0.0675366
1.99126
0.974485
0.0177567
1.21654
0.946899
1.3646
0.574564
0.448802
1.07616
1.41833
1.0427
1.41844
0.951266
0.834364
1.04595
0.717407
1.99514
1.21285
1.27184
1.69117
1.43906
1.04899
0.953292
1.22066
0.722831
1.21242
0.48057
0.0267196
1.39031
1.81196
1.6041
0.508435
0.085407
1.7136
0.217761
0.866503
1.95188
0.0575131
1.67441
0.429067
1.47035
0.262626
0.580294
0.946621
1.2622
1.494
1.97092
0.0287725
1.06327
1.75095
1.85239
0.221688
0.864429
0.869151
1.43777
0.219319
1.60841
0.265238
0.958547
1.41338
1.34187
0.0506693
1.97121
0.947115
1.8247
0.682307
0.051192
0.626843
0.0107487
1.46054
0.522035
0.115339
1.96339
0.735383
1.92976
0.598194
1.99299
0.267403
0.324554
0.925377
0.113597
0.712405
0.891897
1.67279
0.320564
1.26348
1.9763
0.999456
1.49699
0.701395
1.9768
0.811236
1.91652
1.92375
0.645082
1.39404
1.86757
1.61356
1.32785
1.1759
0.365659
1.87854
1.08744
0.192496
0.23017
0.141606
0.121745
1.62786
0.817131
1.88435
0.272179
0.744195
1.9751
0.0368448
0.823059
0.646547
1.90276
1.05445
0.567149
1.76689
1.743
1.0063
0.148749
0.12321
1.9311
0.947154
0.869938
0.238592
0.950572
1.32486
1.80458
0.911847
0.409535
0.0020355
1.96827
1.4801
0.831032
0.585278
0.432203
0.152461
0.21785
0.180874
0.442974
1.90252
1.92646
0.438812
0.991792
1.93146
1.38366
0.505285
0.770962
1.3846
1.90391
0.0673828
0.895271
1.87495
1.5809
1.78762
0.173945
1.36992
1.14426
1.10571
1.83372
1.18178
1.69794
1.8026
1.12381
0.39088
1.40807
1.6628
1.07265
0.516972
0.00730979
1.17996
1.47586
0.626578
0.298168
0.871076
0.933158
1.77435
1.49576
0.105572
1.86801
0.500163
0.67645
0.225675
0.845239
1.54879
0.726018
1.26802
0.300767
0.615494
1.43004
0.274314
0.239758
0.785605
1.96204
0.631599
1.1184
1.85942
0.443332
1.10633
1.84134
1.06141
1.2311
0.110506
0.805075
0.265619
1.19803
0.0159236
0.231552
1.65484
0.357032
1.80939
1.84578
0.767508
1.25533
1.92164
0.946741
1.99411
1.58855
0.0548903
1.48256
0.424675
0.560248
0.0675204
1.2178
0.3642
0.55918
0.0867059
0.178482
0.143745
1.6782
1.89956
1.88033
1.38395
0.158577
0.0497351
1.32224
1.52451
0.687597
0.589847
1.50833
0.78058
1.88602
1.75869
1.6252
0.877496
1.48985
1.73069
1.71356
1.21403
0.271215
0.575533
1.72308
0.802061
0.738993
0.0591214
1.86156
1.24142
1.96901
0.804975
0.334813
0.330467
0.624718
0.339142
1.99564
0.895814
1.57146
1.57359
1.33805
1.28965
0.0354943
1.32172
0.85385
0.525013
1.81495
0.164077
1.71875
0.376816
1.55491
0.000428438
0.511755
0.748695
0.454181
1.77616
1.84685
1.51998
0.449503
1.32786
1.77211
0.529371
1.06298
1.24924
1.2468
1.62149
1.26273
0.750051
0.881661
0.948792
0.560208
0.189998
0.518782
0.115442
1.10399
0.19864
0.248146
1.67927
1.85904
0.621564
0.988219
1.57507
1.74081
0.491442
0.539342
1.54789
0.201071
0.555023
1.48611
1.36326
0.0273404
1.8441
0.56915
1.3001
0.926173
0.314801
1.47718
0.684493
1.46143
1.66494
1.74599
1.38092
0.704886
0.0187414
1.98864
0.874817
1.86591
1.12821
0.966809
1.10598
1.99607
1.77912
0.0915278
0.145726
1.84326
1.86682
1.86631
1.38002
1.50413
0.784951
0.413615
0.463085
0.159609
0.0863526
0.984015
1.96546
1.41988
0.870271
1.85851
1.79744
0.897327
0.046026
0.209091
1.53434
1.95263
1.53707
0.328001
1.74752
1.17665
0.542895
1.7448
0.117726
1.25676
1.22141
1.85065
1.75124
1.45048
0.227778
0.0448585
1.42313
1.58383
0.17003
0.664876
0.732332
1.96915
0.187636
0.239873
0.0261379
1.48764
1.37066
1.79793
1.76154
1.00143
1.88646
0.649652
0.38132
1.91709
0.0662385
0.142063
0.0837725
0.394543
1.84937
0.123578
1.57721
0.339313
0.105296
1.6572
1.88298
0.658262
0.0991794
0.940873
0.306512
1.89635
1.86733
0.982146
1.51268
0.207793
0.532135
0.186685
1.60502
1.34813
1.71524
0.526039
1.33862
0.882708
0.132562
1.12468
0.00658441
1.50431
1.1084
0.0682034
1.46004
1.47028
0.381147
1.21339
1.32326
0.458208
0.771369
1.81942
0.0181669
0.0377394
0.661113
1.4535
0.93735
1.12536
1.55739
1.97023
1.691
1.76487
1.45289
1.24407
1.50608
0.956183
1.58121
0.0500633
0.335114
0.892468
6.84261e-05
0.23751
0.779188
0.142697
1.41624
1.79373
0.643753
1.83264
1.0697
1.22761
0.910813
0.0206872
0.89982
1.01457
0.0586487
1.78836
0.0244617
1.95435
1.0053
1.42606
0.145961
0.266116
0.20285
1.90638
1.56916
1.06211
1.95247
0.748773
0.432151
0.141259
1.43839
1.87263
1.32902
0.0968505
0.706403
0.706899
1.85772
1.92831
0.721214
1.08692
1.92614
0.351561
1.77684
0.963492
0.904029
1.83582
1.09809
0.0622853
1.4568
0.355189
0.490573
1.68358
0.608672
1.82241
0.340359
1.93311
1.69216
0.180178
1.83193
1.89926
1.13231
1.48438
1.42337
0.201742
1.98635
0.77237
1.18272
1.08004
0.343907
1.43439
1.80197
0.133629
0.631101
0.86224
1.71211
0.794844
0.38093
1.39094
1.23116
1.79839
1.18543
1.19234
0.536551
1.1907
0.0769417
1.68908
1.16699
1.43932
1.37238
0.0361985
1.64518
1.95315
0.350354
1.98835
0.610121
0.127
1.54649
0.0320129
0.0430293
0.0385824
0.126311
1.70004
1.42799
0.179121
0.196977
0.809225
1.36044
1.65321
0.953613
1.84769
1.83157
1.1966
1.36146
0.249488
1.22191
1.91832
1.82948
1.4645
0.363068
1.68365
1.8571
0.395853
0.568835
0.365226
1.55394
1.93477
0.0287032
0.480539
1.64403
0.615249
1.58053
0.695298
0.494078
0.605362
1.36026
0.986197
0.539497
1.37217
0.740629
0.353008
0.586601
0.532238
0.242286
0.110776
1.31916
0.438954
1.4222
0.112375
0.148009
0.00279009
1.39134
0.0366863
0.146945
1.6004
1.91079
1.70642
0.54586
0.0298185
1.03904
1.55385
0.12358
0.589768
0.0946795
1.27084
1.79242
1.82351
0.0556458
0.734589
0.124014
0.719931
0.682299
1.13915
1.18796
0.0799248
0.0509483
1.29653
0.588903
0.147323
1.78953
1.63873
1.14941
1.26072
1.31549
1.65928
1.0365
1.89237
0.884783
1.79555
1.30136
1.8435
1.73144
1.64792
1.87967
0.733225
1.21005
1.21907
1.69861
0.00342643
0.155712
0.000986099
0.134329
1.98567
1.33293
0.499857
0.786436
0.374176
1.90529
1.08472
1.62283
0.800326
0.765699
1.38831
0.502244
0.14818
1.68284
0.221816
1.48419
1.78757
1.98991
0.0280137
0.634376
1.36759
0.463198
1.88968
1.01381
0.323153
1.70379
0.364774
0.308747
0.998769
1.01446
1.14886
1.79002
1.7121
1.97355
1.89965
1.62199
0.886882
0.693816
1.6547
0.0738269
1.29693
0.0880573
0.917673
0.0140471
0.389876
1.53038
1.61602
1.00919
1.22426
1.35512
0.0187843
1.65302
0.00479758
0.247544
1.6988
1.64986
1.19333
1.52543
0.218621
1.95587
1.78625
1.97913
1.30765
0.4212
1.3181
0.751576
0.903324
1.22737
1.67309
0.643279
0.275798
0.992704
0.380361
1.99949
0.928203
1.75369
0.188301
0.765568
0.742884
1.05668
0.246543
0.463955
0.536636
0.895278
1.43358
1.1762
0.535386
0.60244
0.139123
1.30592
0.0789403
0.997913
0.0503983
0.231878
1.7799
0.0919774
1.8367
0.943929
0.0543171
1.91362
1.84546
0.795014
0.573179
1.13887
0.808536
0.301491
0.94314
0.834498
0.390708
1.79919
0.866849
1.30943
0.182174
1.2111
0.617223
1.42467
0.347356
1.60633
1.59982
0.932314
1.49758
1.38296
1.69093
1.26766
1.1339
0.247441
0.32401
1.85155
1.02854
1.9308
1.05827
0.21248
1.49681
0.235318
1.61346
1.75378
1.22679
1.26457
1.59795
1.37898
0.720257
1.92957
0.412976
1.42263
0.0538485
1.38005
1.28836
1.67229
0.102312
0.891737
1.3028
0.618534
0.846436
1.13958
0.70471
0.972467
0.64149
1.40821
0.908089
0.477325
1.7575
0.576025
0.0553812
1.98461
0.221879
0.48479
1.95791
1.58216
1.88372
0.671962
0.806106
0.601848
0.0246503
1.11164
0.565142
1.35863
0.397551
0.127975
1.16269
0.446779
1.49277
0.179594
0.679772
0.793923
0.743501
0.854723
0.0433532
1.65389
0.0718596
0.176318
1.63365
1.9029
1.19379
0.637849
0.988869
1.03452
1.64786
0.0176208
0.807431
0.193254
0.60548
0.45305
0.370117
1.7607
1.26258
0.23145
0.543695
0.512129
0.949827
0.723222
1.62571
0.226423
1.60226
0.447788
1.02887
0.475012
1.05277
1.50288
1.43935
0.876526
0.211717
1.25153
1.10851
1.45485
1.66838
0.975734
0.0306834
0.0730217
1.03058
1.11045
0.106047
0.149709
0.00833654
0.221799
1.50511
1.67689
1.92524
1.92368
1.72486
1.20693
1.02706
1.84047
0.604181
0.247976
0.114976
0.189284
1.54225
1.8454
0.821086
0.757652
1.95507
0.569143
0.799661
1.03281
1.8717
1.71523
1.00874
1.14986
1.30192
1.52708
0.561893
0.139834
1.47402
1.49002
0.367904
0.0628607
0.883745
1.76286
0.023834
1.52526
0.283702
1.91793
1.17939
0.00219047
1.68235
1.96884
0.977808
1.90787
0.199475
0.77079
1.0191
0.507484
0.633528
0.566067
1.52241
0.0646976
1.98166
0.747524
1.73545
0.407559
1.55607
0.157154
0.641613
1.78752
0.0290214
0.982799
1.88932
0.829502
0.112796
0.927162
0.995344
0.454451
1.87553
0.192857
0.718965
1.69394
1.2716
1.72051
1.50229
0.868222
1.86403
1.41412
1.0328
1.11084
0.710389
0.0448699
0.483545
0.347239
0.971481
1.39242
1.37095
1.55677
1.27605
0.946591
0.423048
0.114344
1.89401
1.0132
1.95301
1.98088
1.88633
1.67492
0.784629
0.244406
0.970088
1.419
0.573558
1.80608
1.00173
0.290564
0.194205
0.553744
1.93769
0.959464
0.0726482
0.617963
1.05197
1.96347
1.96399
0.11472
1.61214
0.838477
0.341468
1.44193
0.773959
0.332171
1.91839
0.0153065
0.00564444
0.138984
0.327876
0.85569
0.951729
1.09763
1.32836
0.0905073
1.75606
1.7078
1.81746
1.7903
0.934286
0.599047
0.24638
1.12007
0.286038
0.640663
0.0704125
1.21676
0.838274
1.93742
0.840124
0.624333
1.1001
0.292232
0.890162
0.499623
1.82508
0.630565
1.42113
0.800574
0.211414
0.260913
1.93259
0.013741
0.374431
1.94406
1.28282
1.77726
0.595279
1.78985
1.8405
1.93495
0.0370125
0.589793
0.26132
0.565378
1.98745
1.54832
0.216376
1.80167
0.873262
1.61774
1.62459
1.19619
1.86425
1.14747
0.710502
1.35741
0.0384368
1.55628
0.575888
1.94527
0.0647594
0.427114
0.881513
0.0491207
0.198945
0.87077
0.440104
1.22818
1.26143
1.86984
0.833169
1.72935
1.23527
0.826367
1.98074
0.812602
1.83241
0.0665575
1.23827
0.0887356
1.64679
0.504999
1.41374
0.524599
0.995253
1.14609
1.20791
1.96925
0.336695
0.271397
1.71476
0.910336
1.59243
0.393953
0.259448
1.89203
1.7733
1.86875
0.992525
0.0542154
0.191146
0.630957
0.0346861
0.897593
1.10891
1.2724
0.40934
0.876822
1.9888
0.592275
0.154349
1.88191
0.958847
1.30466
0.328101
1.36728
1.9369
1.14596
1.86134
1.12408
1.21362
0.232581
1.83181
0.274119
1.92997
0.79983
1.90107
1.01355
0.154392
1.44146
0.457124
1.02762
1.95443
0.150867
1.14869
1.87079
0.680215
0.295869
1.2316
0.736874
0.487683
0.0527118
1.35082
0.351827
0.574642
1.81441
0.312735
1.25591
0.79796
1.86373
1.67318
1.98582
0.912763
0.620511
1.42285
1.70111
0.051677
1.0219
0.0740503
1.84924
0.299399
0.0475842
0.795804
0.0250608
1.62124
1.48321
0.780401
0.588624
1.83584
0.348387
0.583106
0.517573
0.47814
0.251152
1.65084
0.435879
1.0236
0.437096
0.401682
1.0914
1.80114
0.954751
1.08542
1.53224
1.80688
0.100868
0.465649
1.77376
1.5202
0.674478
1.72607
1.46434
0.0542498
1.49314
0.742521
0.996848
0.653522
1.30064
1.26853
0.516981
0.215365
1.57379
0.319808
1.15746
0.967643
0.805543
0.808656
1.96056
1.33546
1.67994
0.206683
1.13176
0.644021
0.686205
1.99523
1.14548
1.32372
0.366442
0.221517
0.024413
1.01475
0.301854
1.92482
1.23831
0.3804
0.579676
1.46022
0.0137403
0.774794
1.60968
0.39667
1.36965
0.962546
1.3237
0.422344
1.89987
1.50086
0.458394
0.804124
0.0624629
1.1744
1.73604
1.89009
0.296752
0.377277
1.9315
0.760266
1.33182
1.5076
1.44172
0.0135921
0.516562
0.659193
1.4739
0.291192
0.0183641
1.44642
0.549709
0.324217
1.80032
0.290811
0.0358397
1.49192
0.225404
1.02175
1.90261
0.0393927
0.821698
1.93012
1.01997
1.49769
1.37683
1.54817
1.87385
1.73659
1.36292
1.93051
1.20463
0.04539
1.38465
1.11983
0.577465
0.731915
1.34191
1.40584
1.32878
1.70589
1.15257
1.75456
0.838888
0.694615
0.553174
1.94069
1.33066
0.811939
1.1624
0.500642
1.73125
1.44666
1.50203
1.76522
1.26966
0.568975
1.58935
1.79097
1.53534
1.83657
1.13825
0.679673
0.996407
1.64816
0.399383
1.86622
0.726238
0.778656
0.85888
1.4201
1.90993
0.948881
0.63978
0.984847
0.115894
0.343726
1.75387
1.45681
1.54266
0.716454
1.81746
1.82681
0.506582
1.85758
0.398766
0.945348
0.478023
0.0361642
1.15646
1.04992
1.94813
1.08441
1.25229
1.04821
0.237109
1.27368
0.632625
1.60089
0.606725
1.92026
0.870994
0.163173
0.132833
0.0456923
1.76674
0.202351
0.436259
0.815673
1.95122
0.145455
0.772216
1.60787
0.797184
0.192476
0.0475693
1.40312
1.51434
1.19501
0.958218
1.61914
0.853587
0.994214
0.790961
1.85775
1.7679
1.05336
1.64376
1.39604
1.60378
1.7091
1.27456
1.98465
1.77476
1.79989
1.99565
0.344467
0.138113
0.781697
1.97003
1.34963
0.0626425
0.0562633
1.88442
1.16303
1.93539
0.575385
1.20528
1.74795
1.56254
0.561189
0.541611
1.65766
0.143307
0.366553
0.223839
0.567572
0.814336
0.0640332
0.24658
1.04018
0.600246
1.27885
1.71636
0.149804
0.46335
0.168648
0.400774
1.83829
1.59033
1.77581
1.27912
1.73879
1.49775
0.651772
1.96683
1.31469
1.81543
1.94069
1.18336
1.9627
1.88627
1.25976
1.05992
1.40238
1.15503
1.26796
0.101982
1.51612
1.06549
0.146582
1.39762
1.73007
0.337975
1.96403
0.990666
1.59408
1.3733
0.093557
0.011771
0.0268644
0.0591043
0.199379
1.933
0.489229
1.62634
0.218543
1.81753
1.95501
1.80873
1.00312
0.584781
1.35809
1.84188
1.90911
0.140879
0.0100042
0.67474
1.74365
1.38577
0.130334
1.39681
0.265236
0.415077
0.0134432
0.813938
0.881557
0.269347
1.08336
1.91307
1.04258
0.378466
0.860937
1.13365
1.87591
1.90572
1.76939
1.83204
0.120719
0.672882
0.194874
0.154482
1.24713
0.246163
0.0837032
1.95322
0.230248
1.30998
0.755353
1.442
0.0300241
0.379979
1.16082
0.516032
0.105311
1.42482
1.65563
0.998213
1.54432
1.21343
0.269093
1.9927
1.8854
1.89866
1.9953
1.16238
1.1054
1.00274
0.97112
1.6111
0.317417
1.9112
1.73232
0.0986534
1.95349
0.575769
1.78966
1.88981
0.95239
0.363642
0.235844
1.5
0.988167
0.0908214
0.11483
1.98994
1.94038
1.49565
0.918204
1.54439
0.176965
1.94165
1.44343
1.54331
1.79112
0.496734
0.0370897
0.585351
1.72053
1.78761
0.011234
0.510856
1.92862
0.986199
0.826702
1.96892
0.113718
0.545322
0.509667
0.288363
1.26897
0.714081
1.08795
1.87983
0.46771
1.09025
1.65451
0.995856
1.53716
1.97059
1.29782
1.19259
1.16651
1.10905
0.496169
0.90823
0.181185
0.367961
1.83424
0.923856
1.35255
0.369845
1.03979
1.60074
1.33423
0.456311
0.261129
0.90534
0.554735
1.82295
1.68419
1.25959
1.45276
0.122121
1.87901
0.015851
0.090598
0.675753
0.61136
1.89251
0.440175
0.28319
0.639773
0.128016
0.174024
1.87444
1.60429
1.40006
1.40198
1.4713
0.65181
1.48679
1.57041
0.405297
1.98236
0.72864
1.24186
0.752936
0.786785
1.69416
0.581342
0.172768
0.171633
0.0464143
0.472136
1.70085
1.71312
0.0304209
0.207422
0.458467
1.06512
1.45323
0.650936
1.79238
0.670857
1.22276
0.0541573
1.02694
0.594357
1.174
0.454046
1.49525
1.34207
1.65574
0.110062
0.0398173
0.0710732
1.92049
1.39695
0.0691284
0.649971
0.388819
0.568637
1.95348
0.508795
1.90862
1.22973
1.96492
1.71312
0.789473
1.37732
1.72276
1.56713
0.886722
1.71754
0.138663
0.166875
0.716783
0.628382
0.129827
0.895215
1.12186
0.520295
1.71049
0.0330483
0.880659
0.0140941
0.349255
1.28055
0.507125
0.601972
0.18642
1.73078
1.93117
1.30695
0.900966
1.91684
0.200598
0.0067873
1.69952
0.0240744
1.03407
1.85012
1.99055
0.370185
0.801846
0.560089
1.83768
0.0450078
0.870029
0.00397146
1.71665
0.968553
0.0689796
1.54673
0.315073
1.64641
1.87522
1.68903
0.781625
1.10597
1.85152
0.542662
0.474294
1.35474
0.219265
0.870051
0.161393
1.45266
1.28312
1.1307
0.198902
1.78558
0.892833
1.56605
0.261314
1.21942
1.19245
1.42682
1.64054
0.473561
0.718418
1.81961
1.12439
1.80347
0.886085
1.62411
1.37558
0.918549
1.44365
0.344836
0.235931
0.519947
1.30256
0.0433844
0.0612705
1.74803
1.12605
0.997475
1.81188
0.020274
1.72543
0.0103023
1.9821
0.327802
1.48183
0.211307
0.0513586
1.89821
0.396365
1.73007
0.832238
1.36242
1.98605
0.44431
0.072601
1.60621
0.617124
1.71437
0.0608238
1.65997
1.33959
0.724234
1.9123
1.94283
0.164592
1.95329
1.11183
0.865384
0.289512
1.04906
0.391522
1.28378
0.184074
1.28386
1.77031
0.293586
1.81456
1.62906
1.13445
0.512343
1.7496
0.685544
0.361927
1.64526
1.57942
0.847087
1.01051
0.95138
1.47628
0.438556
1.55256
0.36447
0.503025
0.360486
1.75887
1.88348
1.02214
0.0817769
1.44841
0.367158
1.11936
0.931738
1.08212
1.30769
0.769234
0.115598
1.74336
1.80121
0.297891
0.184281
0.0445255
0.53196
1.24189
0.956204
0.36182
0.984433
1.82088
0.891406
1.32534
1.22492
0.178554
0.699355
1.0445
0.425957
0.752672
0.0268184
1.50641
0.554453
1.13143
1.04087
1.96448
1.94563
0.72301
1.4812
0.132261
1.9698
0.488786
0.597358
0.389629
0.223509
1.33811
1.39566
0.864114
1.36557
0.252647
1.00395
1.32458
1.53351
0.255746
1.98025
1.04827
0.722255
1.98458
1.20715
0.370418
1.31354
0.338399
0.104463
0.747687
1.17488
1.2211
0.720622
0.4671
0.37845
0.316323
0.0729586
0.380691
1.28582
1.93699
0.274554
0.133237
1.71676
1.30058
1.67734
1.93597
1.30358
0.0486965
0.283562
0.710887
1.8851
0.930151
0.0376228
1.52309
0.13657
0.729973
1.58378
1.96495
1.43243
1.18713
1.89568
0.894495
1.95544
1.24158
0.0160824
1.9934
0.0307896
1.81873
1.36765
0.899756
0.657914
0.962033
0.171629
0.225478
0.118288
0.095431
1.41464
1.91598
1.599
0.176927
0.121344
0.506737
1.3463
0.154625
0.470015
1.88728
1.66892
1.93261
0.144601
0.119742
0.868869
0.161714
0.740989
1.1883
1.43884
0.138063
0.783074
0.281396
0.69511
0.658396
1.93164
1.51582
0.545558
1.71276
0.104345
1.63716
1.53498
1.25515
1.54348
0.74702
0.921746
0.995817
0.591394
0.139479
1.4587
1.76246
0.830698
0.229117
0.853717
0.250989
0.857552
0.433837
1.91024
0.317017
0.939147
0.0343002
1.34387
0.509518
0.133036
1.95876
1.39939
1.49544
1.53564
0.654631
1.03536
1.7629
0.332036
0.369161
0.989025
1.65262
1.15566
1.22359
1.71207
1.91707
1.79359
1.14762
0.119035
1.22556
0.174408
0.554602
1.67684
1.54695
0.0522176
1.89112
1.48564
0.368644
0.161029
0.713532
1.52104
1.54567
1.49479
0.905411
1.68694
0.0595294
0.0658485
1.46711
1.51599
0.144678
0.606327
1.0662
1.65594
1.68106
1.13886
1.42265
1.69455
0.899753
1.16067
1.58531
1.90245
0.109912
1.04142
0.0138665
0.957293
0.0623443
1.61635
0.14914
1.46949
1.70172
1.71025
0.0295253
1.43571
0.93064
0.367237
0.0302272
1.91476
0.0766932
0.481554
0.116138
0.71262
1.38028
0.10588
0.586215
0.275038
1.39225
0.481084
0.800708
1.77244
0.758116
0.0326279
1.72663
0.515658
0.396865
0.785799
1.60148
0.211955
0.885765
0.543118
1.7766
0.116471
0.821487
1.51032
1.15992
0.721418
1.98712
1.67728
1.05493
1.74337
0.351634
0.904155
1.92255
1.34663
0.696011
0.863452
0.977054
0.269352
1.47457
1.86802
0.357978
0.622164
1.92846
0.925695
0.271907
1.62833
0.0117379
0.795304
1.74319
1.34554
0.416055
1.95031
1.34489
1.84839
0.649093
1.52696
1.98765
1.98592
1.46033
0.301201
0.328035
1.48344
0.718635
1.9612
0.379939
0.178536
1.48027
0.11891
0.0400673
0.976985
0.138269
0.115072
1.0341
1.32621
0.484281
0.352131
0.745924
1.32233
1.54338
1.30395
0.144093
1.00056
1.94265
0.865105
0.435261
1.26838
0.644213
0.566889
1.42247
0.952746
1.8538
0.176902
1.72429
0.135041
1.71446
1.21043
0.0294464
1.22675
0.165104
0.323411
1.87142
0.728844
0.0940711
0.131246
1.56369
0.477069
1.3774
1.35505
1.57435
1.52059
1.23695
1.68657
1.6836
0.12083
0.437876
1.9728
0.93423
1.84357
0.0473951
1.96429
0.300081
0.460312
1.73485
0.734701
0.493617
0.70954
0.414072
1.90767
1.68279
0.689754
1.99858
1.50224
0.139277
1.53957
1.8942
0.0443165
0.93917
1.62369
0.0103701
1.65852
0.0330887
1.43141
0.497368
1.92906
0.91208
0.52659
0.468171
0.198924
1.18146
0.948048
1.33
1.27877
0.870754
1.94153
1.77437
0.48268
0.163697
0.497502
1.1814
1.04382
1.35258
1.47153
1.91268
1.58751
1.64956
1.93038
0.191415
1.87272
0.289506
1.30707
1.99488
0.759356
0.588858
0.44856
1.56795
1.24167
0.795866
0.0293258
1.29954
1.1341
1.44154
1.65602
1.67116
0.780554
1.51485
0.0208114
1.09734
0.628527
0.0289613
1.21816
1.79565
1.36345
0.923284
1.87727
1.03521
1.83882
1.49559
1.24644
1.71229
0.861364
0.116682
0.400212
0.0693343
0.197897
0.939444
1.32741
0.963776
0.771473
1.98595
0.080037
1.28065
0.374929
1.70447
0.634919
0.267784
1.95705
1.49338
0.593859
0.108761
1.86141
1.26101
1.89117
1.50682
1.8723
0.187737
0.999053
0.103299
1.57708
1.56426
1.4411
1.81501
0.610434
1.2646
1.68126
1.70292
1.98542
0.0286082
0.882593
1.65397
0.00194466
0.956387
0.0304401
1.62538
1.71929
0.974638
0.140523
0.663193
0.943299
0.356679
0.345457
0.131149
0.00146568
0.417641
1.18906
1.56459
0.676239
1.61187
1.69804
1.82943
1.86785
0.0840451
0.928934
0.513435
0.238135
0.0963411
0.17041
1.76017
1.25346
1.83741
0.476251
0.629903
0.449448
1.96948
0.0578504
0.98599
1.74456
0.059353
1.72084
0.0634872
0.0480436
1.57035
1.01836
0.458324
1.62593
1.53237
1.44607
0.44099
1.7484
0.955138
0.520955
1.70576
1.35422
1.79844
0.236931
0.230763
0.219045
1.80817
0.911713
1.91658
1.42983
0.793366
0.909837
1.68259
1.04443
0.034851
1.82431
1.99737
0.504799
1.48155
0.21033
1.6042
0.678763
0.137727
1.30426
0.375156
0.0801076
1.78449
0.0869224
0.41259
1.62273
0.714513
0.00602376
0.400515
1.21068
1.84246
0.551551
0.619838
0.278957
0.936875
1.80832
1.82424
1.97554
0.345515
1.92033
0.0946022
1.69933
0.451283
0.611282
1.69852
1.43356
0.00653744
1.44626
0.606752
1.45069
0.329162
1.71253
0.221085
0.752741
0.536424
0.401444
0.190698
1.35764
1.98197
0.648804
1.83794
1.85888
0.540514
1.53905
1.53297
0.11935
0.172964
1.91898
0.15633
1.65094
1.43448
0.497427
1.89439
0.387033
1.81846
1.10436
1.9443
1.92138
0.727888
1.26184
1.03215
0.179146
0.496911
0.0920879
0.245396
1.00566
0.766822
1.96669
1.62776
0.0653657
0.198455
1.5478
0.29246
1.71087
1.09938
1.13791
1.78038
0.254859
1.88826
1.25578
0.0875684
0.591269
0.890643
1.30803
1.34901
1.71123
0.994936
0.406586
0.0601238
0.108385
1.7508
1.04036
1.01487
0.513449
0.383202
1.77413
0.0559725
0.0675306
1.87383
0.900431
1.3805
0.109986
1.92845
0.616323
1.10517
0.578144
0.325792
1.24537
1.97398
0.95266
1.71191
1.93193
0.0884845
0.521737
0.0195069
0.804197
1.63066
1.67998
1.52994
0.688484
1.77251
0.0382227
1.72037
1.97004
0.519377
1.35081
1.16784
0.0303136
1.41636
1.69548
0.313236
0.567626
1.97043
0.346815
0.324624
1.7089
0.170977
0.216607
0.908417
1.77295
0.386633
0.458071
0.824551
1.54458
0.879952
0.613566
1.38149
1.80418
1.66361
0.365435
1.19616
1.31814
0.121327
0.617772
1.75226
1.48447
1.87533
0.437244
0.266717
1.37229
1.45302
0.00551248
1.96481
1.7279
1.96555
0.0185601
0.311565
0.326844
1.5179
1.8875
0.835699
1.22042
0.145867
1.06294
0.542259
0.678183
0.709132
0.600701
1.57686
1.19441
1.46839
1.21863
1.86657
1.45551
0.655957
0.866599
0.0388393
1.68867
0.212658
0.935687
1.53483
0.581506
0.342222
1.84562
0.407774
0.341498
0.172826
0.0365951
0.935197
0.47028
0.0810015
1.95658
0.441925
1.39612
1.02895
0.675196
0.712344
1.53673
0.807699
1.46546
1.80748
1.80546
1.21947
0.299133
1.60656
0.799649
0.368233
1.65084
1.44559
0.108024
0.318614
0.814648
0.485071
1.99078
0.720917
1.60133
1.20501
1.98293
1.96138
1.04883
1.78423
0.67897
0.668882
1.48986
1.18692
1.98969
0.187402
1.2655
1.88482
0.735691
0.045549
1.25026
0.217782
0.104156
0.738465
0.675744
0.176197
0.140928
0.0226756
0.0617505
0.201688
0.68931
0.024297
0.659873
1.86376
0.699953
0.24182
1.17471
0.160548
0.659646
0.836919
1.12193
0.531533
1.16973
0.0071336
0.78155
0.231233
0.36854
1.94506
0.580962
0.134394
1.46189
1.3782
1.9709
0.920495
0.11124
0.79684
1.35535
1.5584
1.05256
0.401978
0.991178
1.96653
0.257905
0.805751
0.611935
0.571541
1.87355
1.69975
0.669067
1.46486
1.43856
1.13881
1.26334
0.167218
1.71988
1.86249
1.44825
1.38061
1.80851
0.166135
1.10497
0.921484
0.443864
0.0294265
1.08927
1.73791
1.26271
0.895302
1.36907
1.76674
0.277692
1.03845
0.770861
0.452299
0.507432
0.183729
0.402653
1.0944
1.34615
1.7573
0.46163
0.221513
0.887303
1.93603
1.861
1.18995
1.49293
1.82125
0.192632
1.07261
1.61897
0.27094
0.266154
1.06862
1.99425
1.69094
0.632043
0.0197456
1.35568
1.81367
0.377625
1.09714
0.117392
0.431817
1.01517
1.20127
0.0957818
0.262587
0.159486
1.19154
0.0981566
1.40068
1.1857
0.195167
1.88744
0.00189018
1.73638
1.16135
1.78394
0.981416
1.62006
0.521546
1.91142
0.669488
1.01143
0.957229
0.995985
1.00992
1.96172
0.655622
1.36388
1.28551
0.503812
0.0937163
0.229615
0.706157
1.65818
1.83231
1.76539
1.50503
0.4164
0.676615
1.49349
1.86425
0.0413443
0.371893
0.243565
1.63122
0.052852
0.624254
0.723674
0.0783273
1.37021
1.95895
1.53711
1.94652
0.933532
1.99871
1.73645
0.337531
1.9117
1.87612
1.21548
0.269768
0.355173
1.66585
0.67316
1.01791
0.298192
1.62184
0.307957
1.23702
1.78896
1.90885
1.832
1.4906
1.71999
1.9503
1.9442
0.336077
1.95242
0.083234
0.649013
1.19754
0.335295
0.689087
0.354755
0.209377
1.45948
0.975892
1.43809
0.263088
1.8057
0.0516933
0.460049
1.84388
0.291031
1.26338
0.561643
0.106718
0.116178
1.83642
1.74349
0.798597
1.33802
0.975702
0.546385
0.142503
0.185423
0.965212
1.12925
1.32938
0.21001
1.97124
1.32866
0.132328
1.72844
0.0482799
1.65723
1.68914
0.346373
0.573234
0.996868
0.0225763
0.112085
0.0562851
1.14736
1.42135
0.441464
1.08444
0.627272
1.42127
1.66701
0.328839
0.600924
0.412235
1.60297
1.61125
1.46869
1.46381
0.731476
0.211978
0.754233
0.453119
0.0186241
0.818177
0.846141
0.887212
1.79555
0.388671
1.63394
0.504192
1.44675
0.612358
0.930126
1.80127
0.854006
1.82616
1.6364
0.548836
1.64761
1.40303
1.98837
0.998068
0.481527
0.788361
1.90925
0.75742
1.79248
0.621754
0.0537618
0.277342
1.50054
1.09391
0.0350246
0.286579
0.917239
1.82975
1.90639
1.68893
0.559583
1.60759
0.27768
0.218569
1.20705
1.76347
0.690954
0.115408
0.24669
0.725539
1.98258
0.758093
0.223274
0.0738432
0.349619
1.27345
1.48834
0.583271
0.436754
1.68719
1.35132
1.17466
1.7263
0.69105
1.93624
1.89097
0.968546
1.68261
1.588
1.25057
0.478719
1.51181
1.41084
1.03974
1.53958
0.0602592
1.9953
1.53416
1.13907
0.431042
0.554697
1.98553
0.0587773
0.626587
1.45553
0.14169
1.79664
1.20836
1.93286
1.19947
1.1298
1.93889
1.98961
0.0405334
1.57239
0.374781
0.0855583
0.0146891
1.94927
0.994954
1.20152
0.385654
1.23257
0.250607
1.00029
0.162134
1.04293
1.85082
0.180646
1.75457
0.9136
0.172815
1.97477
1.67005
1.09828
0.262714
0.0791149
0.115818
0.816811
1.01714
0.929136
1.27895
0.232821
1.79801
1.91362
0.0444887
0.835425
0.293985
1.75333
0.667709
0.198731
1.11648
1.1944
0.336212
1.73653
0.127267
0.225
0.417498
0.0215795
0.14883
0.580691
1.60539
0.176234
1.81827
0.46537
0.889974
0.749729
0.276523
1.93567
1.87424
1.70207
0.0199864
0.344767
0.340757
1.03621
1.31177
0.967766
1.94428
0.812384
0.449029
0.433464
0.192991
0.419369
1.09773
1.94385
0.0954281
0.85575
1.88243
1.30304
1.27702
0.7729
0.798663
1.1399
1.17531
0.499055
0.375084
1.68475
0.136311
0.586693
1.24479
0.769933
0.644125
1.32129
1.1476
1.88923
1.95472
0.437333
1.63557
0.0178795
0.526285
0.409156
1.49189
1.82996
1.8691
1.67546
1.8168
1.85263
0.280109
0.6658
0.190686
0.372825
1.54157
0.656762
0.478317
1.38193
0.670135
1.92704
0.993436
1.02663
1.9266
1.0485
0.726551
0.87247
1.94426
0.3704
1.7438
0.0451565
1.9773
0.456046
1.14747
1.46254
1.82825
0.0124443
0.96211
1.74339
1.87093
0.751669
1.77667
0.854933
1.87976
0.362411
0.404511
1.53131
1.8104
1.97173
0.949335
1.99458
1.85566
0.00422227
1.35677
1.40233
1.01026
0.341122
0.779105
0.786674
1.29207
1.74356
0.556894
0.393484
0.863685
0.574836
1.98658
1.93959
0.0989702
1.4162
1.62165
0.656367
1.80851
0.334776
0.758851
0.0226237
1.90661
0.0327067
1.75511
0.894063
0.191377
1.06219
1.54661
0.50535
0.161429
1.52738
1.86501
0.414276
0.97699
1.80961
0.538336
0.12814
0.761792
0.143048
0.550643
0.736121
1.86208
0.298852
1.88217
1.39612
1.79382
1.16236
1.60825
0.804656
0.843554
0.603138
0.227092
0.0356219
1.85449
1.40857
0.919668
1.7301
1.72339
0.0686346
1.95047
0.783288
0.846778
1.81837
1.37303
1.92377
0.923231
0.285923
1.21276
0.204988
1.03026
0.505706
1.36415
0.103301
1.13549
0.730579
1.07077
1.83206
1.89234
1.05631
0.778982
0.695489
0.957093
1.06568
1.65686
0.465907
1.60723
0.495708
0.408927
0.0607401
1.0118
0.232529
0.421624
0.50169
1.82656
0.873327
1.66994
1.50461
1.22048
0.0719662
1.66468
0.543113
1.86421
1.50869
0.0384961
0.910753
0.681377
0.256859
0.839582
1.93989
0.967839
1.00965
1.91104
1.15448
0.907861
1.46217
0.0850759
1.14999
1.15414
1.98652
1.87829
0.453045
1.83879
0.553178
1.61826
1.19606
0.578867
0.0442573
0.828302
1.4208
0.632787
0.0476071
1.84571
0.906197
0.010805
1.31706
0.69294
1.96426
0.76045
1.76885
0.626356
1.71444
0.395192
1.58369
0.400293
1.82305
1.6537
1.56836
1.80474
0.752276
1.56125
0.253069
0.51475
0.813939
0.843383
1.16475
1.37528
1.49715
0.0143784
1.5978
1.29672
0.033211
1.331
0.951931
0.326609
1.35259
1.45582
0.828722
1.1055
1.32707
0.482972
0.986956
1.11541
0.841949
1.15327
1.64649
0.619865
1.50084
0.470961
0.151798
1.7126
1.37928
0.844781
1.98902
1.88493
0.00513744
0.465059
0.357445
0.363787
0.944216
1.54967
1.34653
1.23906
1.18775
1.92854
1.79743
0.00523663
0.102383
0.031684
0.666668
1.95745
0.663534
1.71509
0.866262
0.0291975
0.33195
1.89509
0.206566
1.33705
1.51293
0.173483
1.56549
0.525966
1.3783
1.88457
1.18774
1.72767
1.09513
1.88316
1.83784
1.98591
0.584928
0.549305
0.100419
1.37803
1.24942
0.329136
0.928793
0.120106
1.11479
1.95459
0.909498
1.47527
0.959486
1.85171
1.46862
1.3009
0.0807409
1.50325
0.0983434
0.500833
1.30158
1.18658
0.638619
0.141398
0.151488
0.394845
1.9606
0.0486276
0.127098
1.70527
1.11586
1.96162
0.72783
0.52854
1.27397
0.252236
1.82155
0.682
0.561559
0.316434
0.0159156
1.78339
0.135962
1.9942
1.10434
0.729568
1.12135
1.85799
1.87651
0.666731
0.0615814
1.65739
1.87232
0.217081
1.9592
0.00847805
0.752938
1.88778
0.41344
1.29181
0.22763
0.965243
0.391231
1.79685
1.96307
0.406884
1.52385
1.70924
0.53284
1.82861
1.69371
0.654974
0.129274
0.635211
1.05791
0.429392
1.73707
1.52006
1.32272
1.26209
0.73852
1.13427
0.129022
0.637749
1.00826
1.91786
0.0913391
0.914257
1.79557
0.255327
0.740773
0.959375
1.96205
0.0723431
1.90813
0.172804
1.33398
0.367655
1.8656
0.0438647
1.97829
0.973668
1.36882
1.51566
1.39463
0.32213
0.11518
1.04585
1.64488
1.15527
1.43542
1.97177
1.21507
0.34167
0.536152
1.1201
0.047887
1.48947
0.853375
1.92974
1.69648
0.677392
1.904
0.958635
0.331323
0.351535
1.09817
1.92981
1.43819
0.259413
0.668883
0.273246
1.44015
1.86361
0.0700083
1.1098
0.269156
0.652301
1.58835
0.66004
0.002352
1.68886
0.509088
0.0180118
1.14762
0.25832
1.47417
0.080719
0.151974
1.43155
0.684033
0.883801
0.910748
1.09594
1.9288
1.4287
0.219785
0.815033
1.76088
0.201829
0.165738
0.156087
0.0218554
1.18139
1.70091
0.266555
0.221717
1.39188
0.780824
1.51474
0.905855
1.86852
1.29039
1.99985
1.43177
0.0872645
1.87295
1.06995
1.67654
1.56279
0.634257
1.65152
0.244407
0.359593
1.81735
1.02006
0.185552
0.0681158
0.601991
0.4147
1.92349
0.228441
1.76461
0.0746856
0.478408
0.236832
0.977907
1.63863
1.98185
0.574527
1.30409
0.346315
1.85257
0.0855107
0.123277
0.21351
0.276649
0.255433
0.400846
0.20157
0.538141
0.0955681
1.48793
1.96067
0.086923
1.97519
0.700984
0.0168138
0.680272
0.130762
1.84797
1.8472
1.04306
0.337598
0.733996
0.00951898
1.96721
1.28942
1.54975
1.45027
1.82713
1.60768
1.7728
0.188389
1.08832
1.19504
0.128537
1.10856
1.22712
0.0314835
0.872116
0.0493859
0.854409
0.180129
1.63986
0.579566
0.56477
1.84217
1.27708
0.954463
1.17325
0.456882
1.58066
1.34721
0.430185
0.864868
1.93291
1.84219
1.9852
0.585065
0.599949
1.7288
0.345547
0.699511
0.120812
1.12869
0.217811
1.29043
0.452446
1.42969
0.100903
0.231707
1.89823
1.9476
1.91119
1.87665
1.15454
0.130488
1.88524
0.435529
0.133084
0.593394
0.544721
0.211671
1.43133
1.15593
1.33583
1.86727
0.30839
0.697453
0.219101
0.882402
0.917553
0.221897
0.137291
1.10196
1.87268
0.84792
0.274806
0.151879
1.62826
1.01286
1.68761
1.27735
0.119904
0.143816
1.73134
0.703733
0.836857
0.694612
0.148136
1.86618
0.834646
0.747777
1.4955
0.82809
0.0626593
0.741683
0.656924
1.75523
0.115795
1.97083
1.53291
0.392201
0.527145
1.71535
0.826062
0.893343
0.136921
0.584697
0.0755904
1.18113
0.920694
1.05262
0.746372
1.96787
1.59519
1.57711
0.850675
0.810438
1.15719
1.59792
1.91328
1.29132
1.58112
0.335553
1.67622
0.83444
0.920704
0.319914
0.0478247
0.0089494
1.71476
0.887911
1.99738
0.896019
1.38227
0.0243424
1.9705
1.37129
0.942584
1.20229
0.625952
0.203256
1.87374
0.197036
0.663451
0.587047
0.921276
1.90277
1.50364
0.0156231
1.90754
0.573534
1.65484
0.578463
1.71959
1.44002
0.160643
1.54075
0.360512
0.37058
1.71488
0.129291
1.26236
1.97494
0.259741
1.56672
0.145543
1.42896
0.0298364
0.461056
1.96949
0.180136
1.06727
1.4948
1.3497
1.45965
1.57001
1.44292
0.722708
1.74085
1.21588
1.4287
1.17181
0.702526
1.70723
1.52306
1.46556
1.12623
0.86699
1.96908
0.805727
1.31632
0.474384
1.7591
0.872256
0.852896
1.87815
1.00124
0.888752
1.5318
0.619642
1.58449
0.0144905
0.70547
0.184784
0.528058
0.259755
0.767196
0.35016
0.0357332
1.78376
1.56391
1.40033
0.627255
1.43798
1.37684
0.0823919
1.92767
0.427878
1.7702
1.78533
1.78291
0.800694
0.537373
1.06242
1.38354
0.958348
1.73053
1.82604
1.50682
0.911241
1.64173
1.03487
0.635444
0.195471
1.60807
0.419695
1.47093
0.164154
0.409318
0.377407
1.29598
1.99536
0.813691
1.12082
0.538108
1.62041
1.25457
0.119177
1.82549
0.480028
0.736578
0.466248
0.185707
1.96721
0.767713
1.50762
1.03178
1.49576
1.44559
1.5462
1.24678
1.90057
1.39184
1.93736
1.98765
0.16285
1.41304
1.73387
1.8632
0.900415
1.77743
0.722432
1.74212
0.314205
0.116132
0.477019
1.98465
1.72656
0.111006
0.58162
1.27246
1.78979
0.0293485
0.895585
0.875993
1.97957
0.368808
1.10515
0.254195
0.313135
1.00394
1.15112
1.69323
1.06216
1.39229
1.61623
1.78102
1.84333
1.98522
1.30645
0.488752
0.0255355
0.999288
0.675026
1.47641
1.0185
1.5775
1.61268
1.49903
0.800693
0.0355148
0.283685
1.03335
0.922462
1.66577
0.125163
0.394623
0.22127
0.142293
0.0439574
0.641198
1.64378
0.867443
0.38929
1.08917
1.28952
1.98335
0.982019
0.747238
1.53531
1.3378
0.991005
1.45921
0.809564
0.782195
1.93011
0.36679
0.119079
1.3623
1.31931
1.03808
1.66713
1.38434
0.0600992
1.30654
0.949669
0.252831
0.134861
0.250809
0.891465
0.571803
1.88138
0.835017
0.358594
0.893391
1.49987
1.28534
0.0115921
0.649799
0.488407
0.769145
0.446328
1.14546
1.44245
0.887702
0.399526
1.21177
1.50529
0.192442
1.97013
0.764144
1.58021
1.59481
0.126449
0.411993
0.64467
1.8596
0.688825
1.22504
1.44489
1.36783
0.801203
0.683241
0.0296702
0.735242
1.68668
1.95268
0.36027
0.0296658
0.414047
1.70087
0.81692
0.913741
1.34396
1.88452
1.58225
0.336393
0.871009
0.520234
1.9387
0.0365243
0.28765
0.747007
1.21591
0.374447
0.0671067
1.51908
1.23709
0.0247155
0.801896
0.213832
0.465555
0.905852
0.6097
0.871273
0.350937
0.531109
1.90498
0.0560323
1.66239
1.68453
1.71179
1.88246
1.81193
1.31397
0.0924016
1.84893
1.43718
1.98548
0.0270661
0.588038
1.68798
1.20117
0.668909
0.777445
0.991518
1.10713
0.242881
0.607183
1.871
1.40281
0.814872
0.598283
1.07855
0.252363
0.082844
1.95714
0.224246
0.513886
0.0860733
1.23182
1.09948
0.129804
0.880664
1.10721
1.01289
1.21736
1.18472
0.954286
0.767248
1.58467
0.759266
1.91447
0.691887
0.400906
1.70413
0.505471
1.13033
0.650421
0.187509
0.0537521
1.01003
1.49768
0.76481
0.100957
1.41372
1.25661
1.79559
0.821774
0.402781
1.18549
1.80118
1.51112
0.98375
0.184834
1.11423
0.575494
0.4921
0.518538
1.14437
0.0674763
0.530232
0.66864
1.8661
1.79456
0.928412
0.630967
1.33202
0.453594
1.86655
1.9218
0.142497
1.72201
1.12855
1.96282
1.97571
1.62339
0.468169
0.707582
0.0545298
1.331
0.00257552
1.86821
1.61861
0.00826883
0.910293
0.16985
0.937184
1.01741
0.0310993
1.40315
1.63888
1.75792
0.0229363
1.89704
1.8557
0.757849
0.0324943
0.392585
0.0785996
0.199573
0.439816
1.7784
1.67024
1.10308
1.51352
0.759864
1.7928
1.8115
1.59487
0.025822
0.0752975
1.99135
0.713309
0.772304
0.503364
0.463759
1.72264
1.44811
0.71941
1.22486
1.97888
0.643351
0.215165
1.59996
1.84697
1.08756
1.10686
1.08009
0.440942
1.48367
0.36166
1.19533
0.817457
1.15232
0.579548
0.0515321
0.734365
0.566837
1.62761
0.531062
0.36594
0.48407
0.544302
0.196558
0.766032
0.254513
0.404657
0.263267
0.433546
1.37276
1.28859
1.94557
0.335181
1.75803
1.7267
0.227359
0.778816
0.0769684
0.0601296
0.304017
0.11384
1.83366
0.385935
1.19191
1.7505
1.9028
1.50593
0.134864
1.78911
0.804212
0.983849
0.288105
0.922964
0.495805
1.70754
0.242929
1.75351
1.35634
0.723752
0.37066
0.816081
0.132489
1.44323
0.404605
1.82988
1.9955
0.000723958
0.7813
1.55205
1.61641
0.086684
1.67509
1.71749
1.59608
0.762833
1.53568
0.0232884
1.9306
0.993436
1.43776
0.0440611
0.386772
1.83823
0.270025
1.21353
0.680034
0.140006
0.289241
1.13736
0.908567
1.7867
0.12443
0.0767708
0.555398
1.4282
0.801361
0.0612736
1.52934
0.246906
1.39036
0.0732404
0.6511
0.201897
0.425405
1.7989
1.93593
1.92874
0.999318
0.446823
0.848639
0.135445
1.61095
1.81691
0.43841
0.730152
0.41458
1.33111
1.92749
0.294154
0.933967
1.70908
0.332563
0.398593
0.76839
1.91229
1.85735
1.22085
1.14507
0.228087
0.223655
1.94043
1.72816
1.48869
0.949628
1.63855
1.59911
1.47201
0.257349
1.00821
1.68274
1.22846
0.123204
0.874798
0.670975
0.140676
1.25279
0.417668
1.50657
0.0861714
0.361475
1.77749
0.0256186
0.267235
1.18864
1.4472
1.84413
1.83487
0.268971
0.237183
0.346804
1.55854
0.9212
0.0656177
1.21847
1.58869
0.651639
1.0262
1.76491
1.08357
1.67922
0.566601
0.0527655
0.092929
1.08528
1.69328
0.207976
1.23006
1.70646
0.769576
1.77443
1.2778
1.27235
1.85911
0.523117
1.49628
1.31906
1.70856
0.0265381
0.771089
0.327082
0.375844
1.65292
0.116463
0.0706198
1.24031
1.11783
1.15902
0.899305
0.982849
0.654965
1.03298
1.74938
0.512361
0.122106
0.36233
0.953714
0.293758
1.07846
1.81792
1.9555
1.44354
1.72248
0.185839
0.675606
1.4863
1.0203
0.322167
1.06965
0.0708429
0.159321
0.789668
0.248088
1.32722
0.373164
1.77504
1.7096
1.92761
0.815699
1.65619
1.33517
0.63272
0.563839
0.732396
1.99373
0.0226843
1.81035
0.704859
1.83532
1.2739
0.102566
1.24734
0.395222
0.316146
0.177199
1.68297
0.15577
0.332428
0.788431
1.29813
0.62772
1.10756
0.283003
0.191178
1.00397
0.0269085
1.61514
0.114292
1.64212
0.080669
0.326128
0.215539
0.685308
1.46676
0.0917758
0.576472
1.76555
1.96464
1.07358
1.03537
0.312627
0.0274366
1.15368
1.24193
1.58021
1.57982
1.91814
1.5615
1.73711
0.715586
0.148332
0.354144
1.6016
0.436537
0.708934
1.3495
0.908837
0.983781
1.26279
0.0373429
0.905195
0.02389
0.578465
1.40735
0.442907
0.679433
0.796755
1.29123
1.48541
1.80542
1.75634
0.169126
0.910318
0.0962836
0.677623
0.639736
1.27187
1.15552
1.32569
0.416337
0.882632
1.97926
1.70431
0.847938
1.11569
1.09959
0.184001
1.18823
0.66401
0.0502954
1.8492
1.00587
0.843953
1.76382
1.33048
0.48272
0.487241
1.63003
0.033317
1.58153
0.899205
1.02648
0.192908
1.10198
1.95964
1.45844
0.637036
1.35453
1.29085
1.5973
1.72297
0.331386
1.95167
1.14805
0.429049
0.579682
0.422969
1.44455
1.71434
0.0947231
1.88272
0.0600123
0.982003
0.0839535
1.31558
0.246835
0.238961
1.29947
0.714787
1.6678
1.26187
1.25962
1.77968
1.28
0.267381
1.6591
0.653289
0.0415418
0.0495661
0.503436
1.72668
1.95742
1.24815
1.23284
1.4038
0.613743
1.03592
0.214787
1.64867
0.764499
0.158247
1.96134
0.694419
1.02735
0.489222
1.80028
0.452182
0.858975
0.655431
0.981315
1.66823
1.93256
1.07137
0.417779
0.365537
1.55752
1.87063
0.920514
1.9052
0.831406
1.32625
0.581679
0.0840241
1.95632
0.368731
1.11759
1.20368
1.92669
1.0694
1.80553
0.882346
0.591027
0.619984
1.4093
1.68
0.648902
0.52505
0.0200455
0.7385
0.0158777
0.512503
0.326814
0.825905
0.653189
1.59721
0.0629609
1.14411
0.511866
1.21444
1.11069
1.37223
1.71472
0.413039
1.04144
1.65938
0.0402033
0.715084
1.63296
1.31417
0.0100348
0.328005
1.8298
1.06963
1.01053
1.88947
1.48219
1.31039
0.988127
1.66575
1.61772
1.74119
0.0292839
0.00669777
1.12418
1.07573
0.0988653
1.8599
0.645443
0.220304
1.30501
0.0875788
1.2279
0.518446
1.3382
0.686874
1.47252
0.402684
0.796136
1.05379
1.37527
1.53218
0.391825
1.31386
0.461139
1.49039
1.25188
1.80254
0.824193
1.7519
0.932248
1.07813
0.810805
0.248421
0.681476
1.52649
0.248061
1.69635
0.0252354
1.78784
1.61765
1.02197
1.7038
0.0627356
1.92105
1.16976
0.0652087
0.364822
1.66576
1.66174
1.34628
0.189572
1.64005
1.40086
1.96583
0.368291
0.38634
1.62538
1.48266
0.0375099
0.576374
0.454064
0.0880597
1.7227
1.7764
0.177718
1.30673
0.890469
1.62184
0.648551
1.2185
1.79725
0.808059
1.69854
1.27725
0.518004
1.13293
0.534522
1.57545
0.73443
1.43035
0.947001
1.7672
1.35571
0.0105231
0.902602
0.0218142
0.248032
1.30388
0.129976
1.16115
0.209673
0.107341
1.4005
0.992388
1.77201
0.3421
0.174318
0.148062
0.289013
0.137071
0.359399
1.85987
0.909729
0.740864
0.467618
1.33991
0.171256
1.86296
1.99296
0.608617
1.35953
0.387359
1.68335
1.56741
1.54648
1.52106
1.96931
0.419844
0.00402987
1.87409
0.132233
1.4272
0.998152
0.950592
0.509358
0.320556
0.724843
1.47223
1.02535
1.6388
1.29051
1.00056
1.53075
0.121191
1.21588
1.96851
1.08635
1.95421
1.86548
0.433981
1.54391
1.26243
1.33531
0.429478
0.392378
0.0569335
1.37575
1.56131
1.85697
0.114122
1.16409
1.47306
1.08358
0.351219
1.4087
1.49103
0.689758
1.49772
0.0874038
1.97907
1.00492
0.374099
0.47341
1.84122
0.863522
1.67427
0.32686
0.154926
0.521433
1.93576
1.00675
1.47274
1.82494
1.43169
1.56449
1.51347
1.95004
1.18641
1.48032
0.443024
0.932774
0.897976
1.81874
0.176594
1.52807
0.377941
0.565466
1.42097
1.99856
1.93424
0.0807636
1.31223
1.80893
0.379261
0.741911
1.92309
1.95228
1.82614
0.185572
1.30974
1.80532
1.12529
1.68673
0.347473
0.586755
0.368899
1.24
0.0418359
1.63712
0.621904
1.27503
0.73392
1.0765
0.283862
0.950626
1.98178
0.810842
1.19483
0.925994
0.286089
1.86493
0.424091
1.70389
1.60903
0.989518
0.43346
1.79118
1.68767
1.97627
0.0117781
1.30004
1.99958
1.63838
0.978153
1.34032
1.0943
1.72969
0.00134718
1.04444
1.12994
0.877084
0.0196569
0.794518
1.89821
1.03359
0.827453
0.723036
0.679588
1.44055
0.374617
1.94063
0.647961
0.85786
0.709171
0.535411
0.398396
0.972158
1.32741
1.42494
0.134366
1.65029
1.53649
1.64896
0.162881
1.9789
1.12173
1.21643
1.48212
1.89456
0.129938
1.93586
1.6572
1.32618
0.272343
0.0863863
0.348037
1.06385
1.74456
0.346292
1.03193
1.80986
0.495216
1.70156
0.222927
0.855843
1.60608
0.415689
1.47536
0.522414
1.15431
1.51307
0.469037
1.5318
1.82484
1.81938
1.99508
1.79114
0.672051
0.0869488
0.532187
1.97112
1.85101
1.11169
0.888729
0.67938
1.55522
1.44968
1.90678
1.82477
1.68243
1.48565
0.179633
1.37128
0.489563
1.0955
0.0511131
1.97203
1.67235
0.185393
1.08386
0.0470887
1.39299
1.00057
0.778108
0.32889
1.2249
1.40222
1.1127
1.99354
1.89858
0.288501
1.10435
1.80509
0.268398
1.97146
0.107204
0.105541
1.71584
1.56304
0.954797
1.17367
1.90652
1.76683
0.547453
0.0994624
1.75325
1.93631
0.918164
0.0396298
1.71179
1.95087
0.314124
1.17024
1.94669
0.546675
0.413525
1.86504
0.0205654
0.206936
0.232365
1.31552
1.67301
1.14499
0.333515
1.68431
0.636023
1.17222
0.54842
0.241979
0.754814
0.99871
1.00904
0.533396
0.0173445
1.87707
1.7285
1.9576
1.7926
0.0724335
1.91733
1.33806
1.39801
1.05969
0.305804
1.76471
0.644482
1.08753
1.20686
0.0787781
0.329676
0.0157374
1.99961
0.463005
1.39379
1.49112
0.0136743
0.934947
0.190265
0.88986
1.0649
1.97178
0.431181
1.99935
1.68618
1.59685
0.869162
1.26861
0.599119
0.677776
0.419879
1.93507
1.81887
1.79109
0.0429065
1.81016
1.78326
0.406535
1.29257
1.23208
0.0575284
1.29925
0.665657
1.78347
0.72425
1.93145
0.107602
1.65603
0.973698
0.492535
1.10701
1.0502
1.13968
1.699
1.05265
0.834596
1.59311
1.43364
0.194213
1.95683
1.58143
0.956534
0.256745
1.05646
1.3082
1.8512
1.10599
0.983253
0.709112
1.02815
0.446169
0.135022
0.793608
1.82312
1.92681
1.5285
0.269853
0.404749
1.10482
0.978745
1.56944
0.71607
1.3033
0.516361
1.08567
0.151855
1.95478
0.47622
1.91362
0.700776
1.42919
0.983068
1.18872
0.127869
1.63775
1.01101
0.374674
0.841984
0.818618
0.115468
1.93521
0.730538
0.292229
0.117999
0.982253
0.12094
1.90798
1.02306
1.74476
1.9197
1.7661
1.90645
0.666189
0.277166
1.84333
0.040759
0.691391
1.99274
0.151823
0.190725
1.38175
0.965599
0.590895
0.0698192
1.14793
0.43761
0.933912
1.49381
1.2131
1.96905
1.35875
1.93158
1.98628
0.355457
0.0126513
0.073717
0.278521
0.424757
1.78918
0.883405
0.549792
0.249999
0.744671
0.81075
0.38311
1.14875
0.276036
0.884742
1.07897
0.153815
1.46207
1.89936
1.51679
0.529124
1.63921
1.74978
0.11812
0.576842
1.95307
0.583099
1.08659
0.447194
0.666198
0.581157
0.113156
0.823387
0.152749
0.0336996
1.77899
0.632918
1.7506
0.558328
1.89899
0.0922021
0.64968
0.296624
1.5716
1.82638
1.98219
0.608575
1.37544
1.35107
1.94322
1.73247
0.973243
1.61772
0.220449
1.7934
1.79179
0.00765717
1.7137
1.279
1.38263
0.166664
0.74363
1.8499
1.70404
0.165518
1.33309
1.86714
1.93397
1.67077
1.89628
0.0247498
0.326899
0.892199
1.71419
1.83451
0.907083
0.423883
0.354035
1.83805
0.10278
0.749403
0.0497003
0.906769
1.70618
1.37866
1.43486
1.01063
1.57832
1.37166
1.82538
0.893367
0.356872
0.103471
1.8031
1.93755
0.105273
1.74628
1.85717
1.33473
0.462489
0.348143
1.88618
1.95275
0.345584
0.097204
1.38931
1.89376
0.848626
1.70826
0.717352
0.229064
1.90401
0.637787
0.988147
1.52856
0.384859
1.45725
1.64225
1.33225
1.74017
1.52675
1.42184
1.48104
1.95596
1.97009
0.0276783
1.06011
0.59039
1.76717
1.98699
0.659376
1.62989
0.626839
0.360567
1.40033
0.486897
1.22389
0.414215
0.974987
1.75799
0.530459
1.05098
0.823584
1.55674
1.30581
1.09985
1.67067
0.0424761
1.79488
0.887115
0.480286
1.95563
1.46782
1.01152
1.3273
1.74777
1.90596
0.215396
0.658248
1.06418
1.01599
1.38319
1.51683
0.436472
0.499454
0.685935
1.38668
0.607731
0.107391
0.813024
1.55514
1.90839
0.862053
1.6264
1.33539
0.238825
1.34852
0.113913
1.65398
1.04195
1.85367
1.32725
0.945543
0.606898
1.67762
0.27585
0.14564
0.312309
1.61059
0.214422
1.65401
1.58622
1.94591
1.71483
0.968022
0.389359
0.619221
0.732592
0.210732
1.19838
1.01221
0.142861
0.361596
1.96111
1.9219
0.257695
0.593084
0.101304
1.33964
1.38947
1.90277
1.77492
1.96309
0.38365
1.86275
0.518181
0.264127
0.551055
0.306929
1.90297
0.48151
1.69796
1.97206
1.26468
0.0337008
0.330928
0.883282
1.5702
0.359756
1.18561
1.79226
0.917229
0.794399
0.697306
0.493633
1.15979
1.6307
0.689164
0.130522
0.202773
0.472326
0.507769
0.876068
0.278018
0.335918
1.68296
1.66806
1.5646
0.395424
1.49845
0.972426
0.797671
0.345784
1.32986
1.57996
0.0173059
1.59233
0.878838
1.09916
1.99759
0.659549
0.190305
0.0167218
0.149469
0.217101
1.76094
1.75134
1.94965
1.69029
1.63631
0.605777
1.12223
0.272643
0.91367
0.140607
1.79364
0.203733
1.86995
1.76666
0.925444
1.59164
0.0263743
0.0168077
1.57837
1.25165
0.590579
0.145872
0.497289
0.863151
1.61709
0.660918
0.742172
0.417914
0.757284
0.303476
1.19607
1.52246
0.699724
0.35418
1.63771
1.08683
0.189118
0.058658
1.41323
1.23036
1.46615
1.8717
1.75807
1.34779
0.674482
1.93183
1.02926
0.383257
1.74334
1.57006
1.66075
0.219763
1.58293
1.742
0.00280738
1.6123
0.946304
0.0210103
0.0236607
0.168054
1.60513
0.152607
1.77789
1.81355
1.05132
0.264588
0.425418
1.32319
1.71771
0.374997
0.251599
1.79308
0.0879536
1.81136
0.302654
0.0335177
1.78799
1.47026
1.7078
1.65419
0.371999
1.93941
0.00788307
1.113
0.0433177
0.0414351
1.95098
0.00105834
1.4676
0.737799
1.07459
0.682888
0.896821
0.448285
0.0850648
1.60129
1.56384
0.648368
1.99003
0.26758
0.246002
0.373967
1.37901
0.0894507
0.917601
1.17261
0.76167
0.499894
1.33163
1.79056
0.600982
0.267185
0.216501
0.517288
0.287031
0.673607
0.520324
1.39717
0.283009
0.250583
0.251801
1.88985
1.77779
0.0212082
1.02312
1.31236
0.907897
1.03327
1.74839
0.897159
0.186998
0.396157
1.90358
1.53945
0.891715
0.924007
1.12711
0.15695
1.47104
0.865774
1.38114
1.32902
1.71546
0.295489
0.520386
0.656643
0.611144
1.95922
1.09853
1.79496
0.71543
1.06558
1.21417
1.93562
0.345277
1.76623
0.935012
1.7713
0.275446
0.311917
0.139255
1.06427
1.88364
0.595385
0.316062
0.345886
0.2372
1.08688
0.386681
0.313888
1.18155
0.252854
1.41169
1.841
0.208746
0.278722
0.0997002
1.41736
1.15775
0.102704
1.47923
1.39512
1.6066
1.99549
1.84251
0.247047
1.70397
0.164007
1.37475
1.96296
0.205047
0.56135
0.867944
0.055057
1.87035
0.646062
1.73035
1.62414
0.871599
0.150021
1.74346
1.93097
1.32152
0.48633
0.784393
1.81281
1.35996
0.155802
0.710001
0.98238
1.35471
0.513421
1.998
0.0882051
1.99855
1.22845
0.242411
1.51547
0.0159739
1.94052
1.46642
1.84486
1.92462
1.87754
0.0818789
0.377266
1.70709
0.979412
1.20608
0.230357
1.3163
1.4834
1.135
1.98429
1.18288
1.45539
0.980052
0.202252
0.131562
0.646893
0.134064
1.61679
0.911754
1.98425
0.444044
0.725241
0.196109
1.71817
1.26687
1.10234
1.55466
1.19386
1.67525
1.99768
0.434738
0.603685
1.73636
0.0617437
0.981714
0.20994
0.243596
0.76473
0.236886
0.831776
0.687364
0.804815
0.143031
1.41268
0.845603
1.50433
0.0800363
0.169866
0.856292
0.813053
1.13665
1.95512
0.13582
1.93747
0.517176
0.410481
0.702861
1.40125
0.725177
1.02323
1.66308
0.0250937
1.18437
1.31173
1.36529
1.0115
1.94378
0.186136
1.74705
0.128687
0.0564386
0.350064
0.308384
0.359111
0.822534
0.63976
1.49014
1.6507
0.487137
0.71733
1.52531
1.47331
1.09107
0.794622
0.784515
1.98696
1.77802
1.42633
0.771906
1.89878
0.229647
0.132506
1.43328
1.34185
1.87125
0.029696
1.64938
0.774025
1.9111
1.46343
0.663279
0.530239
1.33641
1.62457
0.0767503
1.23606
0.793223
0.218705
0.228696
1.23182
0.0273427
0.533427
0.383994
0.248271
0.126005
1.0783
0.623293
1.61727
0.256327
1.98131
1.59827
0.104871
0.158441
0.809671
0.398996
0.763506
1.27414
1.61971
0.76672
1.73927
0.831281
0.821587
1.34682
0.730078
0.574383
0.444989
0.077179
0.0176445
0.570145
1.89043
1.84333
1.7058
0.548551
0.0878822
0.795747
0.802207
1.40349
0.261797
1.76196
0.817817
1.08777
1.94312
0.733086
0.881691
1.86866
0.872684
1.88517
1.15079
1.29462
0.475964
1.50634
1.22922
1.78297
1.89396
1.90338
1.0545
0.100732
1.62439
1.46599
1.43811
0.812576
1.14819
1.08925
1.92097
0.434636
1.16074
1.52036
1.61525
0.799294
1.67588
1.45263
1.74677
1.32069
1.87253
0.899182
1.19227
1.94188
0.293752
1.59761
0.431435
0.843173
1.96735
1.74348
1.11151
0.39147
1.85592
1.64351
1.7335
0.0638151
1.33084
0.542748
0.323956
0.20382
1.03853
1.24938
1.66099
1.52045
1.42698
1.71052
1.283
0.552621
0.77888
1.78951
1.16884
0.626256
1.11647
1.42773
1.38355
1.26642
1.78631
0.418566
0.00340855
0.0350487
0.0121909
1.20905
0.724136
1.6129
0.524785
0.34783
0.104527
0.21914
0.477312
1.28503
1.1095
1.93501
0.470487
0.16415
0.256594
0.619212
1.81237
1.27652
1.31491
1.35298
0.996689
0.118879
1.15178
0.26752
0.539838
1.09325
0.195877
0.0761281
1.56002
0.0131314
0.400957
1.94801
1.9008
1.6219
0.084645
1.86756
1.90608
1.54953
0.273097
1.7434
1.43778
1.23149
1.30319
0.334533
1.41733
1.02223
0.945927
0.875139
1.91943
0.793702
1.69524
1.35546
1.10147
0.0343233
1.2893
1.41852
1.94569
0.141541
0.520565
0.68958
0.0326949
0.0679201
1.68628
0.482596
1.8258
0.0511843
1.73011
1.87845
1.8252
0.0447364
0.00793374
0.723561
0.166909
1.14155
1.80976
0.13957
1.36376
0.932163
0.0913509
1.79832
0.890366
1.9188
0.344247
1.35279
1.37225
0.887575
1.55847
1.99593
0.493101
0.778238
0.0759401
0.014199
1.44143
0.531461
1.84594
0.0665432
1.47627
0.778615
0.679643
0.64235
1.2211
0.88114
0.870923
1.5269
0.189647
1.71578
0.470457
0.242016
0.117721
1.586
0.667498
0.196253
1.53379
1.86275
0.944808
0.0577687
0.72196
1.83769
1.5036
1.72754
1.91285
1.33166
0.153585
0.022154
1.80628
0.0646517
0.396806
1.31539
1.60745
1.58537
1.04391
0.509492
1.9876
1.64087
0.312297
1.18965
0.129818
0.304659
0.890495
1.26832
1.07818
0.81106
1.79061
0.0260792
0.483578
0.348982
0.844618
1.92662
1.11201
0.267026
0.85765
1.94741
1.89467
0.160301
1.03153
1.86852
0.860544
0.0476147
1.76762
1.35317
0.0430387
1.74918
0.60202
0.404221
1.02997
0.133464
1.83731
1.74363
0.817631
1.10241
1.31237
1.45345
0.412284
0.122877
1.86706
1.35921
0.794233
1.13826
0.237117
1.43824
0.52713
0.481971
0.908059
0.592455
0.350286
1.63356
0.513722
1.00553
0.18393
1.29722
0.0970738
0.427147
0.284148
0.336484
0.128897
1.54258
0.607387
0.370061
1.17574
0.145792
1.64699
0.461049
1.31138
0.142293
1.7645
0.276535
1.16307
1.69645
1.31615
0.579277
0.0572153
0.0428696
1.73153
0.12959
1.23438
0.419988
1.89186
1.71951
0.324757
0.259298
0.572351
0.994307
1.77967
1.85496
0.962039
0.17549
1.16723
1.45118
1.20916
0.483245
0.672619
1.2032
1.87344
1.86564
1.23215
0.452117
0.0571657
0.0880483
0.374751
0.0992388
0.104592
1.56273
0.0732592
1.81248
1.99156
1.42266
0.105299
0.843608
1.79369
0.742787
0.832188
0.882777
1.05896
0.538918
1.40886
1.29413
0.103484
0.915903
1.43245
1.08707
1.38494
1.59759
1.36398
1.16889
0.670768
0.858271
0.513193
1.9161
0.741513
1.8569
1.10241
0.508399
0.110641
0.8561
0.538182
0.456813
1.97884
0.0688505
1.84005
1.22393
0.0645353
0.668123
0.455795
1.49137
1.73779
0.12641
0.490506
1.80673
1.24765
0.243436
0.981491
1.22759
0.957392
1.41624
0.765242
0.366577
1.68953
1.37295
0.819947
1.49729
1.80658
0.20259
1.89748
1.72404
1.99306
0.202907
1.01134
1.13538
0.413102
0.539661
1.74381
0.680219
0.457203
0.304582
0.987626
0.171084
0.45881
1.23746
1.72599
0.662757
1.33773
0.322415
0.64081
0.172958
1.01114
1.62543
0.28479
0.408744
0.330826
1.13901
0.0321207
1.92694
1.66037
0.0678068
0.974834
0.917278
1.00354
1.12808
0.250431
1.98551
0.987391
1.75044
0.072921
1.07554
1.33525
1.70826
0.166395
1.77325
1.41535
1.74247
0.184965
0.303121
0.166892
1.44144
1.92631
1.23275
1.72323
0.789336
0.454414
1.86658
1.46839
1.97802
0.0964727
0.226849
0.0693647
1.05392
0.339391
1.85266
1.68254
1.05351
1.75893
0.543009
0.145182
0.521562
0.63065
0.427101
1.95745
0.2123
1.39828
1.50179
0.530976
1.46331
0.72144
0.770151
0.789785
1.03014
0.502266
0.0858661
0.121032
1.63153
0.0966604
1.49108
0.0234445
1.54292
1.98032
0.461387
0.421245
1.55288
1.36666
0.831996
1.27497
0.90556
0.907104
0.147368
1.35202
1.00088
0.950381
1.65964
0.0687411
1.64832
1.2872
1.68615
0.774801
1.16616
0.464066
1.86995
0.84597
1.22078
0.0495973
0.0497324
0.481084
0.850996
0.832475
0.646677
0.812522
0.294853
0.686939
1.78954
0.902946
1.73283
0.699483
0.877551
1.47031
0.82671
0.533956
0.957744
1.82799
1.96182
0.701746
0.141554
0.265957
0.0104574
0.62474
0.298321
0.0852654
1.92002
1.73138
0.578236
1.81482
0.0122561
0.927763
1.93421
0.513374
0.584685
0.953827
1.60967
1.27375
0.233005
0.697809
0.25037
0.974685
1.26566
0.00676191
1.36708
1.65369
0.116985
0.738919
1.19819
0.226634
1.76383
0.837261
0.28965
0.188537
1.03991
1.16018
1.8804
1.72211
0.643204
0.0614434
0.113173
1.46509
1.54492
0.479786
1.96338
1.3547
1.24182
1.98164
1.96617
1.34831
1.82815
0.039049
1.14103
0.388443
1.062
0.284382
1.274
0.223107
1.24981
1.62883
1.97078
0.73611
1.45178
0.0126103
1.03939
1.60228
0.609219
1.39698
0.520458
1.14483
1.13511
0.412108
1.48982
1.64303
1.41838
0.0194088
0.12399
0.403916
1.58348
0.305172
0.511635
1.41083
0.242003
1.04709
0.977364
0.832737
1.98689
0.793555
1.69532
1.84915
1.97097
1.36372
1.66624
0.143303
1.46584
1.73367
1.96478
1.93498
1.88411
0.99994
0.681873
1.50802
0.185958
0.213427
0.947382
0.121986
1.94566
0.306025
0.508506
1.25217
1.95898
1.59489
0.859507
1.5944
0.294113
1.69373
0.175809
0.346394
1.08748
1.86013
1.99372
1.40232
1.94243
0.0830877
0.218069
1.51373
1.21352
0.106707
1.98082
1.37113
1.11068
0.88594
0.235512
0.268698
0.362824
1.27128
0.22639
0.729571
1.07109
0.838131
0.208005
0.522755
1.21727
1.38325
0.673699
0.606761
0.197304
1.55246
0.0690982
1.98973
1.31332
1.44741
1.92137
0.188139
1.72344
1.41592
1.20719
1.89137
1.81162
1.61707
0.0330478
1.93727
0.0638903
1.95316
1.41055
1.40679
0.86409
1.41936
1.05213
1.37089
0.376094
1.54863
0.125521
1.88383
0.0313439
1.59345
0.563964
1.0869
1.00513
0.851816
1.97216
0.367292
0.200052
0.107003
1.15082
0.238669
0.975853
1.93884
0.968989
0.464447
0.197833
1.91619
1.84418
1.77283
0.977404
0.683084
0.241246
0.792601
0.675478
0.800231
0.208719
1.33455
1.07302
0.679404
1.36091
0.627457
0.524743
1.77188
0.368376
1.55898
1.53227
0.353677
1.88522
1.80322
0.379531
1.14999
1.80131
0.827319
0.882432
0.0976043
0.0639561
1.6727
1.09495
0.860595
0.184724
0.24899
0.973871
1.99281
1.28017
1.12489
1.44551
0.264205
1.74989
0.0973399
0.514098
0.567309
0.164884
1.85337
1.74516
0.460196
1.16861
0.756522
1.4569
1.54549
1.96277
1.5874
0.0374475
1.51583
1.93409
1.50566
1.54093
1.41605
0.900653
1.92634
0.0370424
1.1019
1.54771
0.174867
0.65753
0.908563
1.9821
0.168015
0.0985416
1.1184
0.54768
1.89422
1.29776
1.95654
1.98138
0.432294
0.0119088
1.96232
0.189016
0.163167
0.245404
0.327693
1.83024
0.725848
0.456036
0.817709
0.678359
1.51766
0.896933
0.601062
0.7216
0.05532
1.9194
0.718022
1.8898
1.73339
1.30465
0.443946
1.95545
0.308415
1.6061
0.204432
1.42279
1.88446
0.673729
1.78686
1.4323
1.79351
0.994871
1.83497
0.587822
0.50835
1.81637
1.07943
1.09785
0.813594
0.304545
0.314825
1.9144
0.906191
1.9042
1.95848
0.155061
0.398447
0.728853
1.22457
0.758074
1.91889
0.678193
1.95758
0.91572
1.94983
0.210035
0.552985
1.59516
1.06966
0.157138
1.8837
0.359537
0.168474
1.89926
0.177194
1.32701
1.98381
0.840278
0.36721
0.552282
0.0988784
1.28701
0.109535
0.689228
0.12454
0.060727
0.799193
1.44726
0.149543
0.532385
1.96621
1.82782
1.92518
0.401751
0.825204
0.6704
1.26081
1.86718
0.361933
1.53838
1.93112
1.9465
0.259893
1.75757
1.57624
1.47226
1.90114
0.710737
0.589474
0.837037
1.00491
0.903826
0.220178
1.09146
0.444271
0.179437
0.211037
1.49818
0.26196
0.800561
0.351717
1.86789
0.0303847
1.7181
1.94058
1.66674
0.913285
0.265215
0.590151
0.426238
1.26319
1.99715
1.69145
1.88373
0.811244
1.19666
0.0273889
1.0503
0.516496
1.22226
0.058085
1.38707
1.82249
0.455703
0.332299
1.54057
0.383584
1.6209
0.0238031
0.178197
1.82843
0.283439
1.92408
1.267
0.250437
0.233019
1.22908
0.14494
1.30894
1.01758
0.845649
1.19698
0.811599
1.76925
0.333824
0.778858
1.77573
1.38537
1.16147
1.41064
1.02092
0.360264
0.482141
1.56411
0.680558
1.97316
0.376509
1.08921
0.119314
0.113821
1.56024
1.76337
1.53781
1.9048
0.614924
0.033271
0.630365
1.56478
1.91896
1.23391
0.608155
0.0279723
0.44605
0.8885
0.164768
0.840243
1.4446
1.4719
0.925833
1.11982
1.79329
1.98867
0.362793
0.0108809
1.86422
1.51553
1.18952
1.71765
1.75094
1.08849
1.69987
0.459956
0.812077
0.31548
0.472945
0.256608
0.403931
1.36951
0.114398
0.413802
0.283352
1.78509
1.68427
1.32763
0.576768
1.08703
1.48643
1.99879
1.85326
1.36552
1.58012
0.785858
0.30746
0.452936
1.42483
0.207914
0.38459
0.591722
1.61826
1.48342
0.24384
0.708605
0.914653
1.9676
0.979233
1.60661
1.89798
1.77677
1.67104
0.228818
1.87928
0.914914
1.18225
0.452373
0.252911
0.992724
0.248928
0.388715
0.72611
1.92141
0.130727
0.421186
0.0896648
1.15879
0.166531
0.073056
0.355253
0.393543
0.472225
0.674695
1.11159
0.68936
0.746781
1.72994
1.47659
0.186662
1.68782
0.0659229
1.74891
0.437293
0.367271
1.51011
1.41456
1.65093
1.66349
1.84502
0.894555
0.27232
0.0351632
1.7075
1.87783
1.91317
0.234895
0.507774
0.483273
1.98109
1.84423
0.611603
0.736281
1.85278
1.59337
1.5705
1.96727
1.8006
0.102848
1.99827
1.54073
0.95647
1.03629
1.48971
1.00171
1.87087
0.231887
1.88607
1.9361
0.906448
0.0209819
1.93244
1.5837
1.32065
1.75978
1.73402
1.86953
0.217205
0.226419
0.863229
0.152741
0.708166
1.87829
0.0701268
1.45711
1.8845
1.39296
1.2171
0.606385
1.8586
1.20797
0.984434
0.198575
0.652067
0.0830334
0.038147
0.41639
0.623771
0.239625
1.58823
0.308665
1.69172
1.74557
0.0917487
0.310017
0.980353
0.140956
0.512529
0.603229
0.508922
0.760851
1.89927
1.86295
1.39366
0.955324
1.81946
1.90029
1.16741
0.591425
0.396294
0.182206
0.227643
1.10346
0.913427
1.67486
1.97742
1.70343
1.01215
0.928893
1.75121
1.76875
0.223224
1.75721
1.70916
0.196044
1.32122
0.430812
0.498297
0.599736
1.22287
1.9898
1.70659
1.45908
0.935089
1.75735
1.31455
1.76973
0.798152
1.40387
0.0875148
1.25568
0.550086
0.827175
0.182903
1.93951
0.774685
1.82052
1.84214
1.41819
0.83913
0.750069
0.125094
1.42134
0.365407
1.30383
1.15631
1.89115
1.63665
0.568169
1.67727
0.0842938
1.66169
1.16117
0.12651
0.731793
1.33412
1.1725
0.605196
1.58674
1.87147
1.45028
1.1272
1.47482
0.745276
0.0480645
1.16833
0.210897
1.46995
1.97875
0.342536
1.72188
1.84987
1.11744
1.65934
1.47747
0.157443
1.27595
0.151052
1.79565
0.859497
1.85649
0.00693285
1.90286
0.0980155
1.62715
1.07415
0.610282
1.37668
0.20287
1.55048
1.9775
1.87553
1.29466
1.51064
1.54414
0.645752
1.0102
0.264025
0.13689
0.348404
0.349057
1.87194
0.025388
0.35497
1.22245
0.605484
1.89187
0.161951
0.392427
0.518544
1.34287
0.00647342
0.0979722
0.725629
0.655451
1.98052
1.32646
0.156805
1.53527
0.634987
1.60367
0.292346
1.23885
0.207804
1.85772
1.00392
0.28153
1.94229
1.30751
0.187482
0.431743
0.404101
1.67678
1.67177
1.76512
0.293768
1.38208
0.471398
1.76222
0.330863
0.605277
0.892897
1.43569
0.191353
1.09973
0.397098
1.83926
1.02658
1.09186
0.206751
0.966047
1.47062
1.90448
0.739695
0.481153
0.637473
0.798357
0.141406
1.47356
1.46566
0.205412
0.499121
1.98564
0.0695022
1.56692
1.16874
1.93156
0.0734042
1.81023
1.66681
1.74492
0.122101
0.821355
0.357136
1.4403
1.36792
1.03045
1.87444
1.51839
1.96158
1.84523
1.82447
1.48162
1.49369
1.44416
0.354269
0.638949
1.89525
0.145285
0.748172
0.673126
1.17378
1.92785
1.6033
0.361182
0.314544
1.33729
1.20493
0.0292594
0.0522118
0.634391
1.44143
1.31392
1.11174
0.213992
0.160555
1.36413
0.0246385
1.0498
1.0694
0.699953
1.26334
0.168055
1.31278
0.755119
0.346416
1.99704
0.455855
0.317547
1.72866
0.413579
0.78578
0.602821
0.724414
0.326677
1.82143
1.54152
0.396489
0.855966
0.485037
0.362262
1.7492
0.68249
1.44626
0.572167
1.49742
0.448738
0.00853574
1.6375
1.16198
1.30473
1.22483
0.61864
1.50321
0.125197
0.937996
0.588266
1.90488
1.58322
0.861076
1.68256
1.49342
0.586112
0.944631
0.721402
0.251278
1.95301
0.960472
1.69799
1.31723
0.139096
0.945873
0.609841
1.79888
0.651175
1.49871
1.49988
1.34781
0.657453
1.34536
1.47546
0.654553
1.23678
1.46033
1.27692
1.90489
1.69627
0.566281
1.54937
0.937307
1.20383
0.867599
0.137341
1.23325
1.08444
1.58042
0.441501
0.54231
0.330985
0.221563
0.665732
1.31054
1.26627
1.4635
1.2583
1.7015
0.851338
1.76355
0.111567
0.0811925
0.850048
1.41594
1.14245
1.79756
1.99652
1.45887
0.52186
0.954743
1.91913
0.781521
0.632183
0.584642
1.48829
1.1556
0.778719
0.680887
0.813293
0.168355
1.82684
1.61319
1.72236
0.700463
0.045074
1.52006
0.399413
1.6704
1.73168
1.65268
0.21016
0.165981
0.435597
1.01102
0.903457
0.656718
0.0306985
1.22712
1.521
1.92294
0.623344
0.125867
0.746164
0.0382978
0.406839
1.80346
1.48135
1.69347
1.24403
1.82046
0.9762
1.60836
1.96875
1.44665
1.76244
1.6529
0.11213
1.96443
1.5654
1.15504
0.283208
0.0624318
0.941865
1.85488
1.00932
0.489734
0.147172
0.445313
0.542125
0.130814
1.31742
1.36307
0.535778
0.538675
0.291182
0.10085
0.256886
0.315266
1.22283
0.210854
1.9185
1.80055
1.29235
1.35256
0.699082
0.0981462
0.326669
1.43655
1.59724
0.473831
1.62765
1.81726
0.435232
0.703067
1.75545
1.27233
1.69751
0.109843
0.0515431
1.82194
1.18992
1.40787
1.68483
1.88134
0.017519
1.36238
1.36042
1.41775
0.630301
0.286991
0.295092
0.363096
0.137581
0.0329914
0.904617
1.24281
1.44727
1.47106
0.327801
0.259264
1.65323
1.09306
1.48069
1.88275
0.610714
0.240367
0.180593
0.992504
1.23466
1.79105
0.878967
0.701123
0.118089
1.93386
0.984415
1.75425
0.88367
0.330782
0.809916
1.69173
1.35215
0.102365
0.16517
1.32583
1.91507
1.99004
0.451306
1.07916
1.46647
0.989243
0.150448
0.496689
1.21352
0.748213
0.621695
1.86603
1.80165
0.537181
1.43513
0.439007
1.89007
0.620403
1.17067
1.12715
0.788335
0.640226
0.87637
0.0891813
1.46224
0.899522
0.00750983
0.120361
1.55951
0.568866
0.344217
1.67681
1.17513
0.0289679
1.92564
1.95502
1.88495
0.623841
0.846413
0.0885702
0.321361
0.644547
0.951991
1.80164
0.980712
1.82778
1.48766
0.973398
0.864296
0.982452
1.53049
0.286479
0.12067
0.819716
1.60915
0.773047
1.44796
1.99744
1.89283
1.83852
0.670775
0.810506
0.573061
0.108113
0.242786
1.51831
0.225573
0.687805
0.36341
0.96112
0.348129
0.0826755
1.23209
0.0799875
1.60783
0.00738549
0.22071
1.99179
1.21421
0.0311475
0.0980449
0.669335
0.782727
0.82138
0.67696
1.021
1.08968
0.665951
0.00393963
1.26603
0.332402
1.89241
0.196107
0.107433
0.10892
0.80357
1.05803
1.01311
0.210619
0.869993
1.98972
1.04875
0.0827035
0.0730125
1.45706
0.0466579
0.0169683
0.220213
1.52073
1.73058
0.671353
1.78925
0.776121
0.404619
0.390392
1.90129
1.52209
0.391236
1.76007
0.207956
0.217191
1.92601
1.17523
1.67546
1.0244
0.840197
0.518436
1.14647
1.54186
0.716316
0.433227
1.90392
0.776933
0.190584
0.179496
1.91226
0.141868
0.145315
0.0748237
0.983976
0.84208
0.545406
1.42956
1.66171
1.78674
1.2001
1.96383
1.97325
0.60738
1.77125
1.93025
0.0705613
0.237777
0.244374
0.900415
0.118287
0.451551
0.029765
0.909022
1.04182
1.95347
0.106672
1.45639
1.70505
1.28581
0.652588
1.48286
0.305533
0.483075
0.0601184
1.0275
1.30337
1.69013
1.58953
0.260861
0.667164
1.80947
0.893229
0.763487
0.0795497
1.50989
0.158407
1.97932
0.410209
1.68007
0.561404
0.145528
0.587253
0.679751
1.22824
0.936337
1.9018
0.294071
1.69657
0.0253389
1.94744
0.137006
1.82882
0.276788
1.34308
0.104425
1.83409
1.60457
0.569325
0.341638
0.950567
0.60172
1.09337
1.7789
0.968161
1.39329
1.97607
0.0595148
1.46416
1.36119
0.996308
1.55572
0.438324
0.459928
1.96576
1.27033
0.835041
1.99481
1.20128
1.53186
1.43062
0.433398
1.3454
1.74672
0.304919
0.922616
0.159716
1.83256
1.28657
1.66273
1.5648
1.8149
1.19094
0.467441
1.13383
1.90599
1.11309
1.20234
1.86062
1.61395
1.23565
0.677844
0.973799
0.283882
1.03303
1.02574
0.962291
0.969183
1.86118
0.769086
0.668925
1.14746
1.42612
1.85739
0.75021
1.03546
1.86371
1.73764
0.331008
1.34037
0.93858
0.149297
1.84659
0.796887
1.14724
1.48348
1.04182
1.92023
0.0520974
1.77303
1.99567
1.5867
1.69473
1.83435
1.48143
1.83156
0.790225
1.91405
1.40761
0.722644
0.663039
0.25182
0.113409
1.61937
0.439853
1.81191
1.24207
1.30372
0.687281
1.84549
1.16193
0.796046
1.27261
0.210214
1.73705
1.47713
1.72211
1.96548
1.54242
0.159168
0.341742
0.341418
1.0665
0.747397
1.94217
1.95973
1.90304
1.48698
1.90735
1.24392
1.50397
0.000735641
1.54005
1.21618
0.972988
0.796576
1.17808
0.349817
0.595427
1.99952
1.8428
1.34817
1.41923
0.740412
1.74016
0.284613
1.4095
0.193
0.457592
0.167498
1.89838
1.97757
0.351023
1.86367
1.84622
1.92627
0.489901
0.611996
0.961604
0.72172
0.606019
0.36393
0.437719
1.94802
1.96717
0.795524
0.347231
0.472919
1.30786
0.997667
0.969665
0.290161
1.55436
0.575699
0.958885
1.79813
0.72421
1.78918
0.225272
1.66177
0.259389
0.855472
1.10407
0.848461
0.607028
1.91578
0.441089
1.84848
1.10974
0.0574349
0.998835
0.711173
0.581891
0.0230465
1.27524
0.948654
1.87873
0.357978
1.00353
1.77106
1.74417
1.40524
1.75296
1.02451
1.36507
1.24005
0.535717
1.12191
1.75171
0.636722
0.790748
0.724833
1.73493
1.68191
0.950084
0.0206729
1.8009
0.985771
0.773875
0.356055
0.573789
0.568687
1.44147
0.972725
1.59265
1.26906
1.64541
1.81751
1.93994
0.828409
1.54295
0.189543
0.471278
0.165663
1.47269
1.69598
0.460659
1.99453
1.96088
1.61975
0.247071
1.61779
0.616506
0.911058
0.504817
0.345981
0.145643
0.386565
1.19606
0.0662338
0.112301
1.50845
0.689128
1.87753
1.85597
1.96605
0.808869
0.0761832
0.971117
0.0193948
1.45666
0.990206
1.54129
1.75826
0.120627
0.606562
1.64053
1.32121
0.898691
1.41545
0.948931
0.969363
1.65865
0.656231
0.436149
1.81737
0.352022
1.03132
0.735767
0.502251
0.467057
1.38102
1.71632
0.817854
0.855786
0.113185
1.20227
0.523632
0.18964
0.103099
1.87399
0.883728
0.745529
1.66328
0.632677
1.55713
1.72898
0.252561
1.68368
1.86916
1.7488
1.39266
0.419869
0.351888
1.87102
0.0180353
1.85322
1.95455
0.344823
0.195019
1.32602
1.2051
1.58297
0.318437
1.03634
0.00582814
0.077096
0.0699687
0.146884
1.78915
1.53635
0.320048
0.930415
0.544662
0.988962
1.31549
1.31101
1.25251
0.586321
1.20104
1.80403
1.62518
1.23231
1.4128
0.0041225
0.465062
0.53571
1.54607
1.76095
0.675008
0.445746
0.446774
0.292969
1.40916
1.84543
1.42938
0.629698
0.90058
0.661613
0.589776
1.35925
1.6446
0.837316
1.01197
0.860592
1.79745
1.50043
1.26463
1.10616
1.90252
0.189893
1.3208
0.893338
1.95608
0.410335
0.936499
0.788984
0.45391
1.89762
0.481382
1.66855
1.99092
0.920746
1.03698
0.488744
0.0571797
1.53038
1.98776
1.47973
1.97745
0.964391
1.9506
0.840498
1.4109
0.319711
1.05954
0.152638
0.0442078
1.92976
0.338403
1.67221
1.49998
0.734501
0.839805
0.0793363
1.75246
0.0206623
1.58725
1.28431
0.228487
1.96346
1.39826
1.99025
1.98576
1.21027
0.380824
1.46625
0.0275285
1.32765
1.09821
0.557711
0.939106
0.774722
1.30802
1.02032
0.379502
1.72474
1.00142
0.785087
0.676293
0.527356
0.82728
1.89485
1.99483
1.69391
0.643432
0.0800461
0.175908
0.288532
1.94414
1.60205
0.0755782
1.03039
1.59992
1.71353
1.59015
0.779377
0.257288
1.66666
1.01381
0.215819
0.0851239
1.64053
0.871632
0.109838
1.46138
0.0734503
0.381776
1.00711
1.50493
0.363153
1.1273
1.89755
0.780366
0.224306
0.564701
1.79438
0.737051
0.381898
0.635015
0.273638
1.56502
1.03322
0.578017
0.360021
0.1815
1.05279
1.48505
0.386622
0.0627904
0.889981
0.559324
0.203763
0.381227
0.0285008
0.364117
1.32628
1.5535
0.0803254
1.5161
1.33346
1.92184
1.34551
1.15172
0.427602
0.695123
0.159706
1.79505
1.40696
1.82364
0.750109
1.86546
1.73336
1.57575
1.9106
0.115709
1.60619
0.658763
0.863991
0.593023
0.738825
1.34957
1.46817
0.106074
0.0893075
1.18367
0.908115
0.76688
0.449057
1.0974
1.24254
0.683478
1.93875
1.96836
0.532674
1.58136
0.0900482
1.71327
1.23787
0.676954
1.6385
0.291261
0.862352
1.91586
1.87
0.171383
0.155338
0.897028
0.128905
1.85517
0.0432006
1.19
1.57094
1.81311
1.92647
0.245803
0.0787152
1.65103
1.75183
1.19095
0.112211
0.963595
1.89428
0.364324
0.221983
0.632059
1.54675
0.133943
1.7941
1.58268
1.32942
1.86249
0.174994
1.9594
0.500111
0.139797
0.0874857
0.042793
1.99002
1.42793
0.920174
1.15311
1.15538
0.239789
1.28575
1.46139
0.327939
0.565594
0.100741
1.28951
0.360364
1.43557
0.532879
0.575909
0.935986
1.88093
0.0347605
1.97999
0.94268
1.33661
1.78219
0.811345
1.18839
1.15475
0.752357
0.824333
1.91551
1.59709
1.90972
0.0436416
0.404045
1.14209
0.69111
0.166688
1.02636
1.94843
0.579198
0.0947708
0.0251967
0.026377
1.86229
0.931348
1.99919
0.909321
1.46109
0.628082
1.70183
1.64949
0.144354
0.381622
1.21316
0.416586
0.276624
1.29907
0.277268
0.142109
1.39391
1.57182
1.44003
0.370507
0.564742
0.604849
1.17991
0.754515
0.639312
1.82123
0.89476
0.159212
1.51507
0.536604
0.0130435
0.635339
1.94268
0.955632
1.0108
1.27749
1.72086
0.739186
0.996707
0.326756
0.418635
0.0254208
1.87848
0.0283964
1.37862
0.30148
0.549114
0.372122
0.538348
1.39361
0.862407
0.605209
0.677943
0.00334799
1.2108
0.761886
1.86261
1.48944
1.97415
0.0600435
0.0420122
1.45434
1.38761
1.18061
1.99957
0.993335
0.856751
0.792599
0.861983
0.150987
1.70405
0.911004
1.80227
0.0140921
0.065836
0.283463
0.0799812
1.49317
1.05663
0.256587
1.39699
0.340919
0.637034
0.259684
1.75582
0.623275
0.45564
1.11051
0.0525975
0.658884
1.82631
1.81579
1.7936
1.87384
1.16058
0.706246
1.19212
1.31719
0.173586
1.27818
1.4006
0.0805914
0.658008
1.4442
1.98947
0.102337
1.88127
0.942917
0.233615
0.105564
1.71085
0.578905
0.865297
0.822367
1.99028
0.249235
1.41151
0.606685
1.10574
1.69894
1.9839
1.09471
1.97937
0.695013
0.774049
1.12642
1.34759
0.0364056
1.7836
1.39837
1.10563
0.0406895
0.520532
1.8764
0.200106
0.440421
0.0471156
1.90045
1.09532
0.151307
1.90995
0.0269443
0.101082
0.00430822
1.65064
1.19998
0.238826
0.232542
0.452147
0.965633
1.00391
1.0277
1.84773
0.929293
0.461057
0.856651
1.53472
1.92359
0.800135
1.61462
0.74911
0.0376586
1.71654
0.228024
0.177002
0.451647
0.318196
1.76586
0.212039
0.58872
0.96224
0.722163
1.77661
0.992841
1.04122
1.36462
1.92546
1.23049
0.888819
0.536165
0.00218964
1.81407
0.773606
0.656611
0.787968
0.785044
0.113276
0.95623
0.0298858
0.995765
1.67416
0.408706
1.88047
0.00976467
1.83819
1.26358
1.09795
1.6394
0.0491291
1.09809
1.06816
1.96519
0.480861
1.96465
0.949732
0.513072
1.88134
1.31706
0.385049
0.179213
1.94638
1.82074
0.0175791
1.23569
1.94308
0.0321931
1.30073
1.9449
0.603483
1.07036
1.54602
0.366332
0.206813
1.7249
0.850094
1.98834
1.14263
0.543618
1.83397
1.76684
1.10122
0.477536
1.47875
0.655776
0.140548
0.787856
0.16703
0.193747
1.83153
0.427974
1.22302
0.552363
0.00856698
0.253189
1.80788
0.651563
0.0401474
0.2762
0.521264
0.93685
1.55254
1.94084
1.56496
1.18779
0.920557
0.739239
0.58451
1.92282
0.278628
0.612979
0.574694
0.834038
0.311518
0.196932
0.0859286
0.620829
1.14039
0.403719
1.72808
1.92412
0.933608
0.325696
0.878108
0.0359324
0.0206869
0.342936
1.9741
0.0832713
1.38869
1.64698
0.559013
0.682309
0.343255
1.01127
0.243059
1.49129
0.148825
1.30036
1.05799
1.8883
0.0114788
1.7842
1.88092
0.137586
1.11883
1.95144
1.00359
0.82819
1.67829
1.98604
1.78616
1.54498
1.90236
1.00921
1.59731
1.68069
1.39582
0.301347
0.347735
1.63033
1.46849
0.000650764
1.97689
1.92124
0.476974
1.68941
1.47483
0.450502
1.65235
1.27378
1.85979
0.855688
0.313345
0.0892264
0.532979
1.00131
1.65935
0.188516
0.389056
1.45651
1.30475
0.75075
1.9687
1.78687
0.0873892
0.93241
0.697975
0.151889
1.77099
0.0704823
1.63401
0.924791
1.72206
0.013651
1.99801
1.23676
0.428178
0.576821
1.38212
1.91992
1.40001
1.35765
0.256173
1.35622
0.123031
0.239148
1.60504
0.2891
0.504585
0.636887
1.00803
1.41438
1.17576
1.02144
1.5409
0.135238
0.437737
1.24191
1.92872
1.86439
1.3665
1.89439
0.0271962
0.0921899
1.91788
1.06401
0.00992477
0.70502
1.76993
0.949497
1.67941
0.451458
0.443877
1.74799
0.362666
1.30953
0.30236
0.174672
0.861367
0.181612
0.101382
1.80448
1.65639
1.69543
0.0031327
1.69346
1.3913
0.139685
0.015874
0.44073
0.0546643
1.7519
1.98046
0.541896
0.28757
1.45478
1.95148
0.22964
1.51044
0.0414135
0.20505
0.0498513
0.43856
0.661047
1.87729
0.850719
0.350832
1.24318
0.278071
1.78565
0.388273
0.32542
0.974129
0.912433
0.769728
1.25165
1.92845
1.59363
0.682634
1.37954
0.0533971
0.145351
0.799329
0.496952
0.268478
0.106289
0.794775
1.41929
0.45833
0.683409
0.00452852
1.17672
1.56683
1.4125
0.695532
0.0202881
0.0498451
1.49489
0.0601016
0.0920447
1.87521
1.91234
0.388164
0.0393628
0.776278
0.827695
1.3813
1.54467
0.728405
1.53959
0.073845
0.383675
1.56468
1.06591
1.66032
1.30474
1.99282
1.78017
0.0636004
1.67031
1.36693
0.0906935
0.998497
0.42827
0.326661
1.75992
0.600357
1.82523
1.36073
0.355325
0.121968
1.70174
0.251132
0.441459
0.201113
1.9214
1.49159
1.03539
1.70788
0.826302
0.0963626
1.21069
0.777595
1.78476
1.82456
0.539443
0.139963
0.790524
0.343668
1.99543
1.68128
0.0252149
1.09245
0.820038
1.27223
1.03786
0.879176
1.82559
1.75196
0.522495
0.381778
1.28393
0.984396
1.94888
1.44481
0.88324
1.61326
0.118527
0.00497591
0.590457
1.35304
1.50838
1.29302
1.2125
1.5218
1.20195
0.502461
1.49487
0.976619
1.40837
1.28019
0.215613
1.04885
1.53649
0.49913
0.920039
0.897734
1.43484
0.17942
1.99566
0.204736
1.48704
0.069319
1.89802
1.76864
0.864306
0.865024
0.255556
0.310644
1.53647
0.871331
1.06759
1.86307
1.62155
1.28392
0.914092
1.77974
0.804682
1.12878
0.731134
0.35592
1.29476
1.54688
0.124234
0.655393
0.496646
0.0705129
0.667451
0.4285
1.74661
0.96943
1.72831
0.477109
1.95745
0.443994
1.8635
0.258053
0.860118
0.853975
1.49397
0.76593
0.861641
0.12204
0.920423
0.684575
0.363005
0.128492
1.01645
1.60648
0.252359
1.40342
0.732998
0.102979
0.351584
0.519386
1.11466
1.72612
0.219341
1.65761
1.90139
0.661606
1.97624
1.98813
0.0932378
1.86987
1.98423
0.597756
1.41774
0.943536
0.949331
0.441543
1.89828
1.85322
0.545112
1.40477
1.86911
0.957057
1.78262
0.422484
0.1359
1.73031
0.614718
1.47103
1.57693
1.9103
1.31428
0.579801
0.391193
0.957742
0.36602
1.36948
1.63323
1.43292
0.165709
0.117168
0.660716
0.955318
1.50097
0.895803
1.90741
1.13835
0.151933
0.951981
0.675186
1.72777
1.75096
0.186844
1.89787
1.23904
0.0101907
0.0804005
0.124977
0.266547
1.60105
1.80347
0.609313
1.64888
1.13478
0.058023
1.4628
1.19493
1.11237
1.71827
1.99652
0.617977
1.47768
1.9974
1.35456
1.32176
1.88582
1.79265
1.46455
1.10096
0.550494
0.186362
0.714742
1.80777
1.82823
1.02755
0.867546
1.20146
0.596341
1.21712
0.252361
1.77584
1.6295
0.13193
1.58578
1.36799
0.66735
0.84502
1.99901
1.83674
1.91087
1.20607
0.197158
1.50327
0.0977967
0.836051
0.0874897
1.95144
1.02331
0.338594
1.50437
0.397932
1.26575
1.82891
1.99768
1.45899
0.068251
1.93805
0.145934
1.61295
1.70387
0.555518
1.74328
1.03393
1.76832
1.48848
1.96389
0.198917
1.52778
1.02661
1.90042
1.99629
0.868603
0.187651
1.4047
0.0795082
0.491343
1.37428
0.168082
0.773926
1.22758
1.43326
1.63621
0.10186
1.70876
0.726213
1.66124
0.801537
0.616227
1.72317
1.03111
1.37079
0.970941
0.427304
0.171645
0.21466
1.86635
0.771136
1.83196
1.95361
1.05991
0.390142
0.45467
1.20772
1.31183
1.92838
1.48668
0.109239
0.499121
1.22887
1.87511
0.0609649
0.10708
0.00987113
1.99078
0.93884
0.300545
1.65435
1.59969
0.239963
1.98579
1.68258
0.815877
1.1617
1.39005
0.701354
0.191277
0.252277
0.292376
0.54682
1.52524
1.13414
0.865577
0.554497
0.632526
0.454669
0.18034
0.888944
0.920312
0.100407
1.77318
1.4422
1.33199
0.932608
1.98249
1.79886
1.56681
0.975253
1.96291
0.547857
1.75642
0.130742
0.216501
0.0231529
0.0408455
0.997676
1.80303
1.64844
0.818511
1.61977
1.03797
0.451493
0.782515
0.351629
1.54203
1.27993
1.89272
1.48715
1.83608
1.15729
1.12681
1.2506
0.291165
0.143523
1.93188
1.28969
0.691914
0.00360465
1.87016
1.33091
0.832853
1.00183
0.43471
0.639968
0.379966
0.581639
0.396713
0.801678
0.617341
1.77552
1.06802
1.93491
1.12035
1.79706
1.11905
1.90632
0.914938
0.168357
0.852946
1.84461
1.10056
1.48955
1.30716
1.11262
0.399732
0.0316836
0.869242
1.11301
0.591561
1.60155
0.38289
0.196951
1.29143
0.5725
0.160557
0.652596
1.23865
0.305152
0.463478
1.3958
1.9332
1.43483
1.24948
0.620371
0.418676
0.243415
0.30521
0.723172
1.9562
1.02625
1.14606
0.741442
0.0812975
1.9722
0.179238
1.88124
0.863175
1.83647
0.928544
1.89985
0.496527
0.863984
1.22067
0.897559
1.83192
1.49598
0.251132
1.48039
1.11278
1.44033
0.517236
1.96738
0.501941
1.97513
1.80121
0.21997
0.229412
0.856524
1.49801
1.84974
0.145823
0.833529
1.71873
0.248783
0.192791
1.01699
0.851841
1.99829
0.939984
0.477942
1.53736
1.62486
0.214654
1.92463
0.977962
1.14178
0.139116
0.780949
0.970718
0.02156
0.821185
1.97578
0.68609
1.5775
1.48931
1.56063
1.72934
1.19446
0.939804
1.00861
1.58785
1.34976
1.94459
1.91997
0.0344698
0.534941
0.850031
0.0267333
0.17291
1.19049
0.0272274
1.97059
1.20438
0.887545
1.52473
1.77363
0.413622
0.814998
1.49548
0.963403
0.135164
1.52944
1.48702
0.16907
1.87356
0.4767
0.289889
0.545591
0.393684
0.469229
1.67423
0.0291674
0.368943
0.160273
0.534638
0.921964
1.62428
0.348452
1.77246
1.59082
0.0343672
0.218961
0.499875
0.544919
1.97996
0.222529
1.50933
1.74244
0.796565
1.88986
0.595932
0.726439
0.267164
1.48363
1.5706
1.34925
1.28894
0.586484
1.84629
0.193617
0.546107
0.0739051
1.89103
0.99021
1.99807
0.910629
1.6833
1.48371
1.43032
0.364859
1.49015
0.894302
1.97771
1.49097
1.50101
0.204456
0.536392
1.91545
1.03325
1.9852
0.567113
1.45963
1.44501
0.851882
1.75173
0.518417
0.82399
0.268532
0.978945
1.2017
1.22388
0.914819
0.20761
1.86489
1.58609
0.0102205
0.227351
0.560274
1.89022
1.00728
0.513647
0.281492
0.874731
0.0535524
1.24056
1.18878
1.82159
1.49482
1.00589
1.82102
1.93056
1.98099
1.99612
1.05995
1.6848
0.325162
1.86536
0.0787998
0.214931
1.86644
0.693592
0.574365
0.531867
1.90756
0.484745
0.0232804
1.62878
0.868015
1.99049
0.913434
1.33494
1.96878
1.93811
1.26928
1.33058
0.210922
0.731673
0.252915
0.106627
1.34033
1.41695
1.03106
0.58886
0.0257115
1.67088
0.806968
0.702687
0.0233507
0.369871
1.78953
0.152262
1.62305
1.06308
1.73156
1.62862
1.80015
0.478973
0.292474
0.886971
1.16826
0.416402
0.210649
0.557802
0.143567
1.3169
1.96057
1.4001
0.0229231
1.74076
1.81579
1.12935
0.414425
0.433535
0.371843
0.948295
1.98853
1.93319
0.625178
1.25045
0.581546
1.40161
0.073415
1.91471
1.62272
0.234346
0.434373
0.618721
1.99796
0.403696
1.87364
1.29543
0.167878
0.396192
1.42366
1.01951
0.0897602
0.975146
1.68213
1.6308
1.64079
1.65667
0.443774
1.45594
0.0534639
0.560891
1.23191
1.15151
1.46584
1.77728
0.972351
1.55614
0.645422
0.317161
0.0527428
0.90249
0.741548
1.64286
0.339807
1.61848
0.960978
1.61214
1.86602
0.966449
1.93964
1.97336
1.52042
1.12985
1.99696
0.559219
1.83118
1.89259
1.13529
1.554
1.06556
1.12384
1.75773
0.758517
1.25833
0.339884
0.646462
1.20493
0.691275
0.0698773
1.04425
0.350339
0.0681702
1.95221
1.25759
0.0634679
0.91812
1.4046
0.00423789
1.84707
0.868336
0.549548
0.0536844
0.757054
1.20721
1.39129
0.331079
0.955076
0.234106
0.45206
1.21732
1.42728
1.79287
0.866289
0.245456
0.908425
1.60892
1.70003
0.0436193
1.31893
1.92107
1.95972
0.457456
0.500129
0.849991
1.99434
1.72389
0.0947614
1.09323
0.0946119
0.253985
0.859822
1.90797
0.0447434
0.269706
1.18135
1.46809
1.04901
1.00449
0.628529
0.969601
0.310481
1.39241
0.126264
0.682657
0.453295
0.0025171
1.83051
0.73785
0.743708
0.22574
0.461898
0.0183358
0.210521
0.863258
1.98931
0.874781
1.69143
1.44919
0.0312256
1.92352
0.704843
0.274428
1.27712
0.555633
1.98936
1.80455
0.544089
1.56445
1.508
1.08732
0.809822
1.05751
0.539227
0.84506
0.58058
0.92124
0.161054
0.0775238
1.37257
1.90831
1.73624
1.16288
1.9855
0.784438
0.625871
1.67689
1.8867
0.187818
0.154694
1.64828
0.28003
0.046937
0.233534
1.4991
0.833444
0.073137
1.67579
1.68551
0.900556
0.855896
1.74384
1.50309
0.772447
1.70776
0.909243
0.2011
1.47862
1.22989
1.64249
1.67746
0.376463
0.59016
0.521129
1.82001
1.84956
0.409814
0.99321
0.137775
0.531902
0.0194658
1.13995
0.398976
0.519011
1.55155
1.37541
1.40145
0.895426
0.78318
1.99127
1.93443
1.97558
1.48981
1.01341
0.697613
1.32882
1.91957
0.157182
0.450838
0.415982
0.329288
1.04124
0.617898
1.83847
0.576314
1.92997
0.314948
0.757695
1.08724
1.74262
0.388437
0.163619
1.28789
0.5527
1.74034
0.925341
0.595514
1.47023
0.257144
1.08893
1.79939
1.14289
1.67123
0.523867
1.35338
1.13577
1.4707
1.69595
0.55188
1.1684
1.74949
1.12477
1.3254
1.95337
0.176928
1.06593
1.76686
0.0170885
1.20276
0.457244
1.76873
1.82797
1.23832
0.0451573
1.93957
1.99382
0.63783
0.587067
1.68345
1.33331
0.00930619
1.36384
1.85888
1.76702
0.384226
1.15955
1.46977
1.68156
1.05195
0.876204
1.84608
1.94637
0.668486
0.934189
0.361494
0.0380132
0.372659
1.04738
1.49167
0.203075
1.42236
0.249442
0.0619253
1.22785
0.433016
0.411749
0.308187
0.225584
0.934506
1.58127
1.32193
0.428419
1.10732
1.05281
1.11071
1.56681
0.437574
0.966359
0.236429
0.986398
0.783172
0.28705
1.71823
0.0773679
1.6607
1.90786
1.96536
1.08662
0.0695266
1.47209
1.90952
0.247634
0.0306001
0.217178
1.92197
0.0868392
0.75914
0.221441
0.0709877
0.449043
1.21543
1.55869
1.88649
0.33277
1.73598
1.908
0.192459
0.111951
0.0254285
0.545201
0.226355
0.258973
0.835713
0.188293
0.319958
0.0689634
0.717929
0.35319
0.671051
1.00724
1.00247
1.15107
0.609812
0.850211
0.702739
0.349814
1.81133
1.93871
1.308
0.733127
0.683887
1.99507
1.23528
1.00103
0.96441
1.8474
1.1826
1.46163
0.692766
1.45413
1.97594
0.416315
0.656578
1.53615
1.11727
1.11273
1.69004
1.2196
1.99811
1.86288
0.839748
0.108202
0.478182
1.80032
0.990787
1.99577
0.556288
0.903638
0.883566
0.253084
0.699508
0.175209
0.255594
0.618116
1.95405
0.0242035
1.47003
1.83836
0.78892
1.7157
1.47858
1.85131
1.45753
0.0629995
0.669902
1.40859
0.2291
0.924896
0.0703961
1.34533
1.14544
0.429677
1.45418
1.51405
0.252236
1.72989
1.20258
0.00411832
0.14357
1.38306
1.84226
0.455763
1.32378
1.62049
1.21786
0.694232
1.60303
1.41418
1.93802
0.0440322
1.14364
0.894242
1.16623
0.032392
1.74722
0.197319
0.0608463
1.08255
1.38187
0.650813
1.5957
0.905079
0.488704
0.343947
1.83965
0.0627307
0.650727
0.378001
1.46289
0.328046
1.40581
0.195534
1.86171
0.345428
1.43885
1.92123
1.89361
1.61301
1.89939
1.45426
0.139306
1.81734
0.608964
0.702519
0.0544164
0.974213
1.17001
1.14084
1.65997
0.156961
0.936891
1.93966
1.8045
0.787244
1.14315
1.14702
1.85491
0.233764
0.469578
1.84287
1.89626
1.85688
0.646052
0.744401
0.51972
1.96052
0.0199836
0.049994
1.59948
1.41544
1.89288
1.92027
1.14011
0.00974655
0.390642
1.09418
0.0825883
1.99587
1.48492
1.96446
1.1964
1.91832
1.56299
0.684234
1.87587
1.3895
1.34271
1.52468
1.548
1.98771
1.74792
1.84778
0.79936
1.93989
0.197515
0.652026
0.467044
0.197252
1.09528
1.17375
0.596288
0.58361
1.29043
0.591723
1.68283
1.80905
0.181988
0.951333
1.84969
0.131785
0.976107
0.00878692
0.27517
0.695005
1.73126
0.340531
0.129715
1.55276
0.735515
1.93579
1.95206
0.724347
1.6801
1.19511
0.750421
1.74804
0.85244
0.761012
0.0144238
0.499608
1.97209
1.06605
0.529006
0.265366
0.754791
1.87197
0.0875731
1.68681
0.869075
1.95775
0.205719
1.9275
1.48206
1.3918
0.275102
1.48889
1.73269
0.00948131
1.95686
0.950647
0.802132
0.968258
0.585964
1.50397
1.38795
1.10709
0.689966
0.307642
0.0825212
1.3197
0.588429
1.72391
1.66733
0.0550655
0.755832
0.301515
1.65714
1.51775
1.01167
1.80119
0.316024
0.239218
0.0398356
0.278656
1.99033
0.514702
1.18458
1.04086
1.68261
0.108478
0.989191
1.84125
0.0547116
1.98949
1.80797
0.772081
1.06033
0.212795
1.70988
0.363551
0.217258
1.88192
0.657897
1.21641
0.593462
1.92356
0.641
0.104744
0.843951
0.126762
0.370031
1.65251
0.111018
1.64607
0.034458
1.15437
1.80521
1.87483
0.00152111
0.0179377
0.117905
0.605032
1.71023
0.142622
0.429221
0.579718
1.94613
1.59106
1.87901
0.319585
1.99143
0.495561
1.99673
1.33101
1.85074
0.365089
1.66378
0.240821
0.14492
1.91358
0.915193
0.515523
0.0666422
1.07014
1.60573
1.49605
0.00291109
1.68975
0.449475
1.81787
0.548242
0.729499
1.38248
1.36934
1.04785
0.029951
0.0211436
1.58677
1.99994
0.419262
1.59371
0.868614
0.0787154
0.0563829
0.855404
0.0461668
1.52937
1.93831
1.97142
0.762801
0.879478
0.379914
1.03915
1.00375
0.190235
0.324034
1.82426
0.286984
1.18224
0.044497
1.20894
0.0138534
1.78966
0.0256817
0.543046
0.495108
1.6092
0.417459
1.79548
0.0534775
1.99147
1.68061
1.73387
1.91213
1.42628
1.72931
0.888454
0.594188
1.46412
0.153198
1.75494
0.365793
0.258199
0.765043
1.74373
1.94476
0.733802
0.154628
1.89181
1.90438
0.388858
1.41004
1.72813
0.733992
0.234206
1.475
0.719192
0.942594
0.157923
1.93188
1.53857
1.72268
1.53409
1.77312
1.32575
0.0548136
1.69509
0.896204
1.33792
0.0989287
0.596345
1.52792
0.680952
0.273813
0.00578487
1.10279
0.616912
0.518898
1.19885
1.48987
1.05665
1.19188
1.8779
1.6454
0.735703
1.13488
0.257147
0.27187
1.95019
0.0735157
1.94406
0.503641
1.00627
1.94618
0.275067
1.82074
1.55202
1.29515
0.217805
0.197993
0.387684
1.50713
0.573163
1.81614
1.90168
1.93319
1.91732
1.83811
1.7577
1.82825
1.58377
0.72027
1.28321
1.59765
1.88857
0.918427
1.98107
1.58927
0.537496
0.374577
1.15105
1.8331
1.32995
1.47759
1.10862
1.15437
1.87929
0.532011
0.480576
1.83004
1.31596
1.37973
1.53316
1.25181
0.962393
1.44823
0.273595
0.638117
1.86786
1.43631
0.0622685
1.22281
1.79438
0.342766
1.19833
0.194802
1.58008
0.541281
0.552569
1.92494
1.20201
0.786676
1.37668
0.859425
1.71569
0.571159
1.17743
1.91999
1.88609
1.02265
0.546937
0.485522
1.2331
0.118875
1.07077
0.554277
1.65854
0.854154
0.970294
1.30772
0.335867
0.358049
0.49293
0.769627
0.933238
1.47963
1.96339
0.821516
1.60781
1.7442
1.45676
1.98907
0.244443
0.557004
1.66077
0.167892
0.324578
1.59394
1.9907
0.435991
1.11892
1.64581
0.0408095
0.721751
1.68011
0.287204
0.119021
0.542058
1.35117
1.80667
0.210697
1.87077
1.93338
0.786466
0.764352
1.82617
1.95908
0.0153322
0.3732
0.0798585
0.513704
0.0396923
0.441187
0.647373
1.17806
0.608134
0.956826
0.782934
0.14103
1.49069
1.76315
1.98274
0.0148709
0.542205
0.93242
0.262106
1.65545
1.05458
1.95051
1.4659
0.696349
0.397332
0.772216
0.466616
0.131684
0.17113
1.09037
0.484838
0.0779257
0.749629
1.57567
1.46959
1.22552
1.71195
0.900249
1.08887
1.84109
0.172893
0.0650939
1.03921
0.231972
0.990505
1.04039
1.27652
1.28942
0.533085
1.93985
1.22495
0.764129
0.686821
0.12266
1.00978
0.726618
0.0638133
0.649717
0.606499
0.522209
1.40629
1.88449
1.60005
1.24878
1.4478
0.885506
1.40761
1.29037
0.783577
0.614009
0.0300608
1.42193
0.489876
1.472
0.0124272
1.56757
0.404805
1.62649
0.771516
0.452817
0.0136287
0.722742
0.352393
0.556219
1.61322
0.715337
1.0397
0.571765
1.70311
0.837245
1.77186
1.78006
1.51432
0.114938
1.86474
1.20558
1.22455
1.26233
0.216842
1.7915
1.92518
0.304263
0.225281
1.55051
0.658651
0.709273
0.0570151
1.9013
0.827344
1.08065
0.180615
1.23448
1.22251
0.809447
1.10265
0.21141
1.39059
0.0302951
0.266982
1.95392
1.99904
1.79492
1.84098
0.112251
0.975968
1.01055
0.354615
1.82002
1.44016
1.62607
0.304679
1.4748
1.84047
0.184284
1.06536
1.88278
1.4085
0.798747
1.93129
0.147181
0.0606544
0.182365
0.0787129
1.76539
0.446919
0.930198
0.103567
0.292093
0.21969
0.945492
1.45507
1.21352
1.12851
1.7227
1.55397
0.526819
0.35652
1.87953
0.732252
1.34458
1.06331
0.02747
0.896229
1.91159
0.198392
0.286412
0.35112
0.124329
0.30101
1.55146
1.01366
1.50677
0.919808
1.07474
0.429609
0.546492
1.44121
1.69567
1.03437
0.361872
0.709481
0.677378
1.50954
1.19888
1.8771
0.462234
1.06668
1.19031
0.998137
1.48493
1.79169
1.08381
1.09141
1.52359
0.528699
1.92786
0.427363
0.733315
1.4767
0.037534
1.97193
0.208159
1.67318
0.081875
0.32702
1.9756
1.79287
1.74307
0.312342
1.8114
1.50003
0.609859
0.532553
1.97035
1.19531
0.521
0.575819
0.912208
0.574036
0.101897
0.980137
0.795163
0.191754
1.10814
1.40227
0.0260721
1.93819
1.45255
1.62154
1.53836
0.189373
1.31247
1.65955
1.3441
0.406672
0.319132
0.258004
0.22515
0.557703
0.298996
0.449617
0.514459
1.29077
1.99527
1.81122
0.310527
1.48923
1.28102
1.94899
1.41908
1.97097
0.515786
1.97772
1.89927
0.69729
1.71883
0.200953
0.710873
1.2762
1.86543
1.38474
1.7091
0.302723
1.38712
0.469514
1.02802
1.1704
1.72572
0.489043
1.78944
0.0290701
1.70849
1.06047
0.423684
0.347728
0.265278
1.68921
1.23452
1.98068
0.414683
1.34147
0.751532
0.924072
0.828923
0.856298
1.91723
1.79427
0.93111
1.84683
0.53521
1.24727
0.413038
1.27558
1.14727
1.02796
0.308236
0.298905
1.75053
1.79853
0.248005
0.824551
1.97516
1.03239
1.82876
0.800353
0.360452
1.27462
0.44531
1.20782
1.83239
0.208846
1.85872
0.281144
0.0768526
1.48621
1.97116
1.10174
1.47339
0.93675
0.2721
1.98168
0.778289
0.29022
0.899589
1.99219
1.36299
0.982979
0.533353
1.85164
1.45048
1.86974
0.445044
1.76596
1.18094
0.871565
1.85817
0.742017
0.791265
1.60169
0.301641
1.84984
1.9949
0.593982
0.294196
0.329973
1.86941
1.60656
0.745064
0.373417
1.55481
0.744289
0.0486805
1.53678
0.0364146
0.935898
0.382201
1.39978
0.522132
1.82044
0.0437974
0.613443
0.121089
1.4792
1.79618
1.68926
1.3467
0.453408
0.723328
1.16124
1.44518
0.125587
1.58894
0.644511
0.137125
0.103928
1.38607
0.443432
0.936414
1.31201
0.160261
0.899607
1.85302
1.99879
1.93475
1.7043
0.764037
0.968629
1.64605
1.03226
1.81442
1.18743
0.371227
1.77612
0.904523
1.96962
0.283143
0.68195
0.332739
1.39072
0.762552
1.92395
1.87403
0.559252
1.71501
1.93379
1.52863
1.65945
0.0625272
0.856477
1.218
0.939421
1.70585
0.141573
0.518895
0.998613
1.86647
1.30078
0.983404
0.999633
1.74054
0.0623683
1.38699
1.95427
1.42883
0.130701
0.489639
0.7824
0.752073
1.72814
0.840877
1.66496
0.603385
1.45174
1.71796
1.11271
0.321985
1.90895
1.35187
1.24926
1.6363
0.703866
1.92221
1.45376
1.7705
0.406329
1.75676
1.66332
0.384732
1.58851
0.379459
1.98879
0.409041
1.51219
1.88488
0.440696
0.631624
0.553326
0.271901
1.41208
0.440872
1.71821
1.93445
1.76956
1.33788
1.37882
1.64056
0.0510147
0.16819
1.37631
1.62457
1.2902
1.17954
0.595943
0.543347
1.92191
0.588575
1.53559
0.817065
0.385746
0.0832734
1.89832
0.14807
1.84988
0.268146
0.287563
0.0739961
0.119998
0.16407
1.20983
0.786663
1.56475
1.8537
1.1043
0.104761
1.97034
0.503878
0.231408
0.853036
0.776505
1.03166
0.148382
1.67697
0.231592
1.19288
0.10051
0.502503
0.524606
0.365581
0.0956212
0.854533
1.20629
1.57379
0.0532534
1.90371
0.894263
0.0983281
1.40916
1.77356
1.15238
1.40301
1.15277
0.442606
1.48865
1.23751
1.52717
1.67967
0.863464
0.0689298
0.276317
1.38792
0.775545
1.89049
1.0692
0.547843
0.339662
1.2207
0.23154
1.61788
0.0917633
1.22309
0.877761
1.21473
0.47833
1.53083
1.56335
1.32925
1.59243
1.60178
1.99734
0.600052
0.539148
0.198025
0.494034
0.593131
1.91048
1.18073
0.748495
0.784254
1.19859
0.433037
1.14893
0.103316
0.399953
0.804995
0.435961
1.67263
1.87562
0.0596796
0.290883
1.89397
0.091423
1.98046
1.00423
0.726618
0.0700774
1.99047
0.299046
1.46252
0.35409
0.179959
0.334147
0.310269
1.80664
1.89931
1.97209
0.776196
1.85029
0.872182
1.00631
1.80953
0.266888
0.925449
1.76909
0.971603
0.734156
0.793392
1.40158
0.939739
1.87521
0.869796
1.70142
0.264057
0.225704
0.622076
0.175611
0.161562
1.32883
0.457592
1.28273
1.5447
1.78016
0.145466
1.36575
1.63248
0.846937
0.8301
0.333363
0.0416994
0.375094
1.40013
0.647458
1.19414
1.42332
1.67926
1.89868
0.0776769
1.17744
1.15855
0.426979
0.0419236
1.25157
0.293812
1.78632
0.615107
1.86211
0.0890911
1.6785
1.49185
1.31411
1.94485
1.98757
0.0557234
1.43953
0.194862
0.301065
0.5144
1.81039
0.395539
1.79618
0.628713
1.14072
1.18355
1.19483
1.91924
0.847044
0.817716
0.901012
1.77873
1.39936
1.37783
1.47563
0.80839
1.85761
1.81962
0.724169
1.10752
1.36354
1.27157
0.275199
0.178122
1.46051
1.67837
0.946828
0.507384
0.160897
1.91182
1.25607
1.75943
0.0984701
1.66969
1.56191
1.37133
1.82567
1.03338
1.8179
1.48406
1.93449
0.387161
0.840459
0.801689
0.341791
1.05968
1.2278
0.0175414
1.58717
0.420629
0.343267
0.682634
1.04983
0.562679
0.201495
1.58817
0.291731
1.61105
0.375385
0.321149
1.93444
1.90676
0.654536
1.93774
0.251489
0.667936
1.36314
1.72233
1.90063
1.71623
1.32318
0.83349
1.3432
1.97931
0.75096
0.165025
0.612018
0.0521281
1.43715
1.16069
0.0473088
0.55306
0.032755
1.898
0.671081
1.34973
0.0411086
1.89594
1.0152
0.114407
1.24595
1.66701
1.62183
0.666457
0.107406
0.848023
0.0510657
0.0438399
1.53776
0.0709521
0.871599
1.31935
0.0281575
1.74801
0.72752
0.687254
0.0890985
0.205569
1.95586
1.67205
0.168885
0.425642
1.14104
1.29179
1.70405
0.652303
1.68432
0.637235
0.295834
1.74734
1.93476
1.04002
0.258015
1.93666
0.10094
0.833783
1.40326
0.135583
0.152956
0.983155
0.809325
0.934699
1.91228
1.18835
0.109824
0.864642
0.0521915
1.78316
0.0833361
1.92874
1.41022
1.64457
0.0892112
1.41697
0.231289
0.20196
1.43892
1.81493
0.273688
0.943873
0.540803
0.845571
1.43619
1.77485
1.79945
0.681991
1.35523
0.647098
0.442208
1.25219
0.207137
0.222236
1.05799
0.745457
0.000356317
1.97437
1.88933
1.87783
0.797791
0.153521
0.55095
1.2457
1.92589
1.52992
0.19762
1.0697
0.837604
0.329226
1.42535
1.32849
0.912954
0.236109
1.14431
0.821757
0.531205
0.492878
0.442953
0.566034
1.2929
0.0706557
1.74145
0.577298
0.570852
1.52647
1.12815
0.937143
0.601618
0.494033
1.66504
0.80796
1.65633
1.58273
0.725321
1.9502
0.229921
0.689632
0.0668366
0.312618
0.499645
1.66527
0.221935
1.49004
1.2865
0.0531174
0.958728
1.70357
1.22811
0.554089
0.574724
0.47181
1.78922
1.07486
1.05783
1.17081
0.636756
1.6983
1.56743
0.589688
1.65146
1.21569
1.82909
0.253716
0.0449141
1.77928
1.02761
1.31962
0.632773
1.60791
1.13004
1.8715
0.918717
1.02779
0.306274
0.166658
1.05967
1.99886
1.36352
0.0449487
0.88839
0.178932
1.59938
1.67422
0.897602
0.651346
0.0294564
1.37229
0.98788
1.85864
1.9598
1.15462
1.50744
0.522342
0.210607
0.600864
0.139768
1.07332
0.164396
1.2635
0.0142722
1.37292
0.230374
1.27823
1.69174
0.230575
1.27963
1.29856
0.0366547
0.0273827
0.918858
0.941421
0.0827783
1.13533
1.34265
1.88637
1.61715
1.98295
0.425343
1.98207
0.000863791
1.50679
1.39375
1.53424
0.311696
0.20507
0.295933
0.177158
1.33944
0.44234
1.101
0.982294
1.14431
0.176269
0.0552094
1.7329
1.26196
0.223426
1.65551
1.31096
0.281778
0.265411
1.15262
1.43677
0.40103
1.34873
0.632916
0.267641
1.90862
0.232388
0.237654
0.299402
1.78499
1.45512
0.0286084
1.76731
0.798083
1.08968
0.000990391
1.26571
0.499524
1.12634
1.72324
1.46951
0.282218
0.392907
1.82957
1.91484
1.88282
0.134916
0.11956
1.10408
1.7694
1.82284
0.464332
1.72157
1.61219
0.19958
1.43177
1.64425
1.75299
0.0786288
1.82692
1.85033
1.50438
0.0424056
0.60916
0.0200652
1.7781
0.227666
0.184827
0.767837
0.502799
0.358589
1.44409
0.287233
1.60269
1.27919
0.0852987
1.26919
0.0951734
1.55486
1.81582
1.66707
1.89497
1.71562
0.121859
1.47727
1.99805
1.89775
1.55434
1.44536
1.8674
1.98408
0.537613
0.242368
1.7361
1.7559
0.551499
0.194866
0.976099
1.80442
1.66036
1.84185
1.79509
1.86703
0.553428
0.800106
1.40737
1.65074
0.424844
0.711136
1.55127
1.18239
0.306198
1.09163
0.16559
0.306679
1.68041
1.27885
1.21622
0.480376
1.95652
1.73741
1.15334
0.335915
0.920076
0.441316
1.51449
0.297307
0.423016
1.12723
1.71717
1.59895
1.83984
0.310878
1.57491
0.645596
0.877588
0.0146065
0.0247065
1.34956
1.0477
1.39948
0.946377
1.84683
0.514812
1.15778
0.933462
1.78968
1.40847
0.826051
1.97579
1.54127
0.102296
0.168867
0.307509
1.29845
0.0852448
0.567488
1.11482
1.04019
0.0290654
1.85971
0.920006
1.74989
0.500139
1.57566
1.16054
0.212275
0.0599172
1.79864
0.338118
0.687415
1.3814
1.3307
1.97784
0.458685
1.0357
1.85937
0.15038
1.36604
1.03272
1.83064
0.59512
0.663614
1.4313
0.630129
0.118556
0.970074
0.70168
1.78275
1.4288
0.982606
1.75297
0.0522217
1.19592
0.893881
0.434711
1.19875
0.349775
1.60535
1.88803
1.73275
0.161618
1.9573
0.22166
1.03566
1.41734
0.295242
1.18774
1.94892
0.186744
0.713752
0.800444
0.657073
1.18343
1.85045
0.787317
0.567574
1.3804
1.59089
1.57979
0.812409
1.39483
0.281241
0.888472
0.0286916
1.80021
1.04968
1.98641
0.209156
0.3027
0.215547
1.52372
0.342952
0.384504
0.184118
0.509472
0.164866
1.8451
1.72348
0.156533
1.99305
0.41432
1.01202
1.67216
1.72685
1.64683
0.624879
1.80864
1.83164
1.00821
0.2405
0.503589
0.79244
0.0549134
1.88905
1.90293
0.0064646
0.339612
0.889243
0.293519
0.610712
1.7622
1.32212
1.6975
1.99302
0.992985
0.669271
1.52623
1.55233
0.184497
1.42538
0.945716
1.94333
1.32055
1.20397
1.03471
0.652378
1.41753
0.174213
1.66575
1.63142
0.119575
0.135242
1.41507
0.419275
1.12218
1.61045
0.606372
1.14629
0.378411
1.4465
1.76285
0.616574
0.134382
0.48333
1.7056
1.83424
1.83987
1.98333
1.49766
1.17477
0.739485
1.19873
0.371777
1.68945
0.572945
1.67341
1.90138
1.17418
0.40938
1.62325
0.263299
0.510291
1.24272
0.164402
0.346061
0.119447
1.23835
0.795421
0.155064
1.22795
0.118092
0.107452
0.786012
0.775915
1.33296
0.275484
1.93545
1.0034
1.96978
1.52729
0.165237
0.70438
1.23755
0.975387
1.88705
1.91272
0.0106419
0.925546
0.708172
0.364194
0.70348
1.54691
0.507091
1.05992
0.548786
1.83277
1.90957
0.661473
0.507907
0.883798
1.28952
1.98789
0.238159
1.54994
1.5739
0.827004
0.267946
0.169493
0.38148
0.846302
1.89808
0.807755
1.83232
1.87646
0.758533
0.396653
0.614324
0.0115416
1.50908
0.637372
0.147554
0.11208
0.0266397
0.0573857
1.17498
1.25337
0.493884
0.401849
0.496627
1.96444
1.251
1.60645
1.32567
0.453707
0.621546
1.823
1.68859
1.01463
1.34038
0.253304
1.82205
0.241314
1.42158
1.93167
0.181827
0.915006
0.606043
0.59034
1.6196
1.0937
0.0755712
1.59691
1.17215
0.228117
0.102988
0.0371209
1.15151
1.31545
1.27324
0.0656003
1.63465
1.82471
1.45619
1.45753
0.933063
0.425312
1.38007
0.561143
0.0172914
0.985634
0.651754
0.381704
0.372655
1.95128
1.82256
1.5443
1.414
1.9462
0.0697483
1.64105
0.271135
0.293644
1.63342
0.243703
1.49893
1.33227
1.64362
0.122789
1.40647
1.43227
0.443959
0.21395
0.766311
1.22594
1.85328
0.177561
1.60832
1.9783
0.578869
0.134838
0.108667
0.292162
0.741985
0.173051
0.16219
1.90539
1.81811
1.70913
0.0320442
1.69173
1.78638
1.84654
1.94424
1.97493
0.293542
1.93266
0.0238094
1.15479
0.725921
1.23737
1.11985
0.0819255
0.0890188
1.2339
1.27138
0.266457
1.55794
1.11475
1.24533
1.88424
0.0645947
1.50077
0.0521983
1.05173
0.206675
0.474438
1.03432
0.505764
1.38116
1.45167
0.671898
0.573582
0.6058
0.768483
0.864991
0.740432
0.835369
1.23423
0.990657
1.88656
0.643079
0.229165
0.223034
0.255239
1.2638
0.0284227
0.517482
0.586587
0.977666
1.42632
0.666489
0.811814
1.98913
0.00311637
0.141339
0.844511
0.12141
1.82505
1.51256
0.0952343
1.32944
1.91263
0.446951
0.144117
0.976318
0.478983
0.954748
1.74458
0.420328
1.19663
0.176311
1.86657
1.97489
1.97594
0.393796
1.29383
0.759188
0.1019
0.328629
0.311149
1.75195
1.00945
0.0140989
0.714857
1.95925
1.48784
0.0119017
1.96989
1.0782
0.0610317
1.16316
1.74062
0.320799
1.39441
1.74942
0.641208
1.27062
1.85516
1.92802
1.23911
0.0126404
0.973926
0.793131
0.254275
0.670598
0.575909
1.04427
0.0173087
0.146627
1.90397
1.42693
0.242385
1.88259
1.34178
0.566981
0.191348
1.70433
0.548335
0.00893486
1.28782
1.34106
1.23623
1.90637
0.48231
1.66679
1.13256
1.15403
1.76581
0.105346
1.889
0.243732
1.44739
1.91623
0.739645
0.0450966
0.365961
0.433711
0.578413
1.80063
1.9053
1.49347
0.37342
1.25226
1.75344
0.569933
0.425245
1.49091
1.25121
1.15945
1.21832
0.871256
1.6815
1.50687
0.859929
1.3284
0.799022
1.69729
0.0499409
0.131264
0.244185
1.94263
1.92979
1.07619
0.423559
0.326791
0.412672
1.7679
1.66538
0.214455
0.387169
1.911
0.812571
1.68547
0.158011
1.13347
0.362936
1.61287
0.0938654
1.66912
1.32363
1.72057
1.35038
0.871862
0.87485
0.494918
0.927584
0.834682
0.0197111
0.0137894
1.92173
1.28854
1.19019
1.03142
1.48356
1.413
1.88818
1.44386
1.6545
1.63582
0.395184
1.57362
0.542595
0.139123
0.403737
1.64539
0.139386
0.901003
1.20652
0.25164
0.659362
1.68677
0.0698639
0.96853
1.53953
1.13476
0.0842261
0.931577
0.781403
1.12122
1.74113
0.82316
1.96186
0.307012
1.6566
1.45095
1.46484
1.70459
0.531546
0.470243
0.258972
1.86745
0.210193
1.74324
1.28644
0.292017
0.815558
1.37947
0.737179
0.0488561
1.91397
0.685431
0.0873148
0.756273
0.0864128
0.299237
0.308485
1.17812
1.60109
0.190975
0.988111
0.225915
1.12449
0.948789
0.406944
0.604413
1.72396
0.85301
0.08991
0.633959
0.455477
1.91402
1.72486
0.219133
0.302575
0.581275
1.28753
1.82332
0.269625
0.742257
1.62678
1.96636
0.0207626
0.763783
0.625617
0.525155
0.634235
0.108378
1.58506
1.83493
0.613724
0.17197
0.641663
0.882166
1.79802
0.314989
1.64773
0.368304
0.849127
0.371787
0.129274
0.818997
1.64748
1.60893
1.41357
1.28186
1.1357
1.30514
0.280111
0.264356
0.779062
1.94469
0.518539
0.361881
1.3254
1.91029
0.931554
1.07212
1.3796
1.67881
1.77943
0.276767
0.0080229
0.0834023
0.493619
1.38384
0.991492
0.270723
0.503678
0.0154865
0.265723
0.820601
1.67016
1.67919
0.734432
0.180046
1.89265
1.95941
0.81455
1.91386
1.25369
0.0579709
0.670133
1.3604
0.851612
0.642292
1.89086
0.0744308
1.4847
0.376829
0.835944
0.235631
0.542216
0.216424
1.76861
1.894
1.79918
1.20029
0.731639
0.274241
0.039819
0.396785
0.883099
0.835167
0.424738
0.809132
1.5077
1.96507
0.0744803
0.0200905
0.341618
1.72194
1.13575
0.313134
0.402123
0.557993
0.489178
0.632896
1.29327
1.89917
0.219666
0.629453
0.281913
1.18877
1.87501
0.820445
1.757
1.71285
0.569632
1.64656
0.140184
0.910303
0.397004
1.08725
1.50073
1.17427
1.90472
0.800146
1.18074
1.9226
0.899941
1.10141
1.90215
0.18673
1.29914
0.515217
0.253479
1.32913
0.942289
1.3768
1.44323
0.578963
0.239538
1.56823
1.80461
0.506412
1.13676
1.29406
1.02001
0.0544132
0.970061
1.98168
0.295853
1.69725
1.71741
0.0476307
1.13862
0.530974
0.570762
0.252713
1.16327
1.59935
0.411741
0.0760403
0.0811652
0.604071
1.94492
1.69635
1.3071
1.96884
1.31749
0.0100623
1.40215
1.628
1.92361
1.39791
1.93114
1.39994
1.2384
1.83393
0.578197
0.77171
0.590205
1.88226
1.98278
1.09556
0.182401
0.372834
1.22126
0.470245
1.95696
0.14928
0.399265
1.04865
0.440856
0.758319
0.171746
0.543667
1.63727
0.0526921
1.8003
0.561399
0.371499
1.98799
0.0446328
1.57513
0.100311
1.36822
0.192797
1.48975
1.26906
1.9565
1.76148
1.51895
0.0185094
1.41468
0.0695876
1.9549
0.00900769
0.235698
1.93849
1.03314
1.50778
1.48291
1.35878
1.37124
1.91837
0.795335
0.50739
1.20487
0.223633
1.98201
1.91682
0.159655
1.74428
0.965952
1.6303
0.856234
1.12332
1.92879
0.733732
0.433926
1.77891
0.753721
0.225008
0.206749
0.564983
1.38212
1.31005
1.21201
1.42252
1.11782
0.723378
0.596443
1.57339
1.67931
1.22612
0.191949
1.90363
0.115186
0.51142
0.761272
1.86998
0.0736976
0.350354
0.699218
1.76416
0.074527
0.676991
1.92817
1.0837
0.201017
1.09654
0.155369
0.345156
1.58686
1.68552
0.73279
1.07432
0.0405524
1.83527
1.68799
1.80962
1.57501
1.18474
1.83317
0.552451
0.165606
0.466218
0.155499
0.943968
1.58038
1.7431
0.158343
0.547705
1.05225
0.175937
1.83394
0.0752258
1.17305
1.99909
0.141505
1.94247
1.44962
1.63716
1.27614
0.70645
0.254546
1.61609
0.0450218
0.994976
0.907193
1.56741
1.16742
1.00971
1.80288
0.226051
0.616579
0.566811
1.70601
0.429684
0.35097
0.851546
0.351498
1.86818
1.68847
0.525561
1.21849
1.70404
1.8006
1.77382
0.768815
1.88017
0.131101
0.121272
1.93315
1.8957
1.31626
0.290577
0.805392
0.874531
0.204685
0.699553
1.31262
1.2919
1.49452
0.215473
1.26996
0.532407
1.79219
0.321895
0.314564
1.93685
1.49669
1.9982
0.96818
1.41639
0.492514
0.373155
1.90731
0.914963
1.62548
1.02713
0.593781
1.35749
0.312672
1.96829
0.050575
0.153255
1.90067
0.284111
0.796843
0.0805519
0.657505
1.24222
1.48519
0.876565
1.8416
1.32427
0.0426613
1.80619
1.13799
1.69774
0.0240353
0.841145
1.80898
0.854154
0.1962
0.558285
1.42391
1.41279
0.495976
0.435916
1.25303
1.45296
1.10954
0.776952
0.00329792
1.55991
0.687845
0.113734
1.23553
0.548148
1.64387
0.0101098
1.30709
0.0286957
0.546196
0.18996
1.74729
1.14867
1.95191
1.67554
0.468824
0.260652
0.989214
1.83686
0.317989
0.357568
0.316173
1.70369
0.883805
1.48506
0.0799273
0.0443702
1.51336
0.48725
0.472808
1.678
1.16546
0.220727
1.3193
0.183867
1.96874
0.857598
0.307922
0.000213981
1.29816
0.754632
1.41769
1.5799
0.0352911
0.579398
1.14461
0.197735
0.236387
1.27714
1.70324
1.16362
0.0942905
0.595822
0.119321
0.795041
1.67304
0.00504804
1.97142
0.43274
1.20978
0.536789
0.788824
0.333851
1.5645
1.90946
1.00621
1.3588
1.42368
1.50764
1.03341
1.3145
0.154931
0.840887
0.0840447
1.46756
0.241007
1.04851
0.227634
1.7956
0.0306015
0.147487
0.244461
1.89614
0.4781
1.6468
0.958915
0.938577
0.232656
0.100266
1.06507
1.01064
1.87798
1.63548
0.355355
0.561658
0.32758
0.0932806
1.47877
1.97076
1.70593
1.4179
0.996595
1.61042
1.50976
1.7496
0.00557983
0.184511
0.794432
0.989548
1.1328
1.64533
1.05569
0.579257
0.0547411
1.01157
0.538995
0.0354762
0.102941
0.215448
0.214222
1.07924
0.714319
0.737718
0.724864
0.671437
0.985727
1.35092
0.406982
1.33934
1.70963
0.00378752
1.21233
1.00017
0.143581
0.853339
0.203572
0.067717
1.10549
1.70868
0.190367
1.09464
1.99168
1.43206
1.00719
0.747813
1.73503
0.576875
1.00294
0.263093
1.51823
0.39501
1.95204
1.90641
0.0767119
0.24638
1.16408
1.14351
1.80377
0.025982
1.24633
1.85234
0.195793
1.93296
0.174882
1.93378
0.761598
1.67641
1.29089
0.254721
0.610624
0.18692
1.35075
1.98059
1.28473
0.412358
1.54501
0.661455
1.05388
0.938488
1.85837
0.0399833
0.66612
0.437032
1.13608
1.12194
0.378297
1.92191
0.0983902
0.381502
1.93518
0.58253
1.75647
0.00892222
0.971878
1.02397
0.715121
1.11306
1.08507
1.93037
0.270443
0.335977
0.280456
1.61762
1.1881
1.99183
0.691537
0.858675
1.75723
0.980516
1.44622
0.183849
1.72346
0.310367
1.93922
0.651509
0.129267
0.39394
0.656433
1.50804
0.0767721
1.0777
0.152066
0.697096
1.05604
1.66815
1.59955
0.403749
0.864161
0.858981
0.773485
1.01531
1.6363
0.324767
1.65244
0.59751
0.273785
0.147912
1.91419
0.33393
0.669068
0.84846
0.423193
1.01793
0.588992
0.820446
0.530326
1.47305
0.806358
1.926
1.95346
1.7323
1.0488
1.11799
1.45758
0.382752
1.7027
0.663538
0.746081
0.107133
0.38749
0.794558
1.59653
1.83937
0.174729
1.92092
0.740088
1.16798
0.165994
0.209963
0.159548
0.440814
0.66797
0.204898
1.25468
1.66353
1.63905
1.28208
1.47976
1.96838
0.178541
1.08063
0.015651
1.7881
1.64425
1.10347
0.194671
1.67543
1.09674
1.64282
1.52512
1.29823
0.131458
1.78895
1.78199
1.21912
0.297099
0.861298
1.22265
0.93031
0.0171155
1.99843
0.457421
0.381445
1.45467
0.794165
0.705302
1.79286
1.98931
1.80951
0.834292
0.110954
0.616265
0.582187
1.66884
1.11777
0.0810958
1.23265
1.59587
0.332698
1.23124
0.549695
1.91006
0.0998818
1.76863
0.779338
1.98716
1.38259
1.86253
0.45134
1.35388
1.10889
1.89504
1.8306
0.178934
1.21543
0.826867
1.26252
0.833968
1.09879
0.663078
1.83418
0.546937
0.515108
0.435421
1.63824
0.881717
0.97615
1.55497
1.84572
1.99416
0.521473
1.84023
0.567003
1.06535
1.61482
0.432163
1.437
1.5873
0.758587
0.78715
0.0699626
0.105558
0.516557
0.584368
0.266016
1.45945
0.787128
0.116679
0.832217
1.02005
1.16352
0.533386
1.28955
1.54098
1.70883
1.58565
0.303778
1.3971
1.48209
0.372744
0.868908
0.1926
0.782114
0.947046
1.61122
1.89551
0.140445
0.261982
0.1367
0.909061
1.98775
0.126026
1.91218
0.0971072
0.395961
0.502512
1.47974
0.944336
0.531783
1.33981
0.957707
1.55502
1.44914
1.00143
1.70474
1.66157
1.95055
0.539128
1.85054
1.2645
0.0141051
0.0144751
0.892614
0.368875
1.59198
0.517072
0.672219
0.915999
1.83296
0.10996
0.0723201
1.13201
1.58057
1.87235
0.319758
0.833116
1.16538
0.530665
1.1154
0.81109
0.647571
0.26031
0.28256
0.13111
0.375064
1.88233
0.668205
0.913766
1.21614
0.954542
0.643788
0.127907
0.691326
0.118646
1.19826
1.99601
0.645073
1.58198
1.16325
1.2596
1.62373
1.66417
1.23536
1.32567
0.18109
1.4588
1.45474
0.177359
1.22914
1.58479
1.5019
1.32148
0.440507
0.0510608
0.166285
0.126903
1.05937
1.04852
1.99134
0.735491
0.126137
0.933926
0.0114586
0.79189
1.4525
0.354521
0.146334
0.0355909
0.0337322
1.82739
0.386193
0.398432
0.512601
1.79482
1.99735
1.06631
0.991008
0.139237
1.37994
1.81463
0.383067
1.22918
0.702562
1.65768
1.99442
0.535763
1.35186
0.779902
1.21321
1.63847
1.31131
0.813909
0.913235
1.88692
1.74209
1.04819
1.12821
1.77428
0.658121
1.09555
1.63585
1.36602
1.40566
0.553859
0.69405
1.14943
0.178434
0.847582
1.65534
1.86804
1.33907
1.33056
1.80881
1.84247
0.261745
0.682248
1.42023
1.30454
0.438549
1.6464
0.734542
1.32887
1.89894
0.942805
0.747702
1.84977
1.11426
0.732591
1.92131
0.0447513
0.214228
0.182066
1.11266
0.464568
0.0770458
0.651946
0.06422
0.885501
1.47093
0.849245
1.48146
1.58076
0.688699
0.610858
0.273075
0.15212
0.0520222
1.19237
1.75184
0.635657
1.13615
0.774039
1.48951
1.55266
0.200249
1.48184
1.11378
0.930343
0.27356
0.5335
1.92472
0.2319
1.77812
0.882111
0.758296
0.683108
1.60423
1.64054
1.52937
1.16744
1.74415
1.98305
0.307692
1.70906
1.92252
0.877203
1.39026
1.01998
0.126555
1.31951
0.807928
0.394374
1.05135
0.805084
0.823502
0.900059
1.86759
0.364484
1.77243
0.0983207
0.819664
0.458393
0.17229
1.75406
1.83579
1.95338
0.929541
1.67185
1.7563
0.572664
0.801014
1.94549
1.61826
0.631655
1.46977
1.94324
0.289511
1.10176
0.374313
0.412751
0.700687
1.04218
0.0579849
1.26318
1.83083
1.32433
0.61715
0.671974
0.347793
0.621013
0.620408
1.70194
1.83254
1.3185
0.202005
1.85749
0.789726
1.67444
0.126417
0.804373
1.93384
1.62769
0.00244284
0.305842
1.60737
0.127105
0.319973
1.26619
0.179144
1.95189
1.19647
0.496467
1.35204
0.299785
1.84045
1.99987
0.151031
1.83321
0.457524
1.72752
0.161953
1.59858
1.38311
0.258031
0.154332
1.75098
1.64204
1.64458
0.401085
0.973342
1.8675
1.90736
0.416829
1.73712
0.0910077
0.380328
1.27947
0.69039
0.848704
0.608488
0.230606
1.83875
1.86134
1.97951
0.338127
0.825018
1.42787
1.11623
0.43158
1.76085
0.989202
0.041642
1.28165
