2.44274
7.15417
1.47971
1.07644
2.0028
0.858694
0.285708
4.54343
3.28655
1.4052
1.50604
3.16735
2.41368
4.02306
1.70429
9.11823
6.68531
2.1005
7.16357
2.35522
9.87145
4.20593
6.18453
1.73919
4.4444
1.22835
3.70348
2.43379
3.96736
0.530684
21.347
4.59592
4.04401
2.12761
3.72695
4.47335
2.11194
2.53097
5.72485
3.88772
0.901845
1.27418
8.27866
2.96007
1.88044
2.76224
5.05697
0.303668
7.95844
2.18398
2.20566
1.93172
14.0042
5.50826
1.52217
4.29525
0.655865
3.27524
3.54143
0.400697
5.9923
2.94731
6.12305
3.92479
7.22747
1.31995
2.22114
2.1273
1.31292
0.700904
3.06394
3.58613
3.22625
3.43507
7.96937
2.45356
2.91812
8.51791
2.36309
1.65105
1.22721
2.65155
3.73495
0.885596
2.17146
2.91852
4.74535
1.56874
3.66376
2.26289
6.49553
2.92956
4.36193
2.42191
2.14033
0.808748
9.58702
3.9434
4.88119
4.20636
1.26336
4.78192
2.29574
1.68771
1.46355
1.49926
2.59839
1.96186
2.25965
3.56538
1.83086
8.38133
1.54779
0.938395
2.97675
5.9234
2.95049
5.14952
2.2154
2.32205
3.38097
7.17157
0.391008
0.451499
3.52554
0.90928
7.68352
3.25063
2.06587
11.1252
6.35682
1.00857
6.92018
5.62391
5.4288
6.48071
6.89262
2.27717
2.50116
5.49854
1.6019
3.10842
2.39507
1.94973
1.47967
1.55972
1.40953
1.71045
3.03354
5.68968
2.5829
6.34684
9.47925
1.74503
0.158898
0.961214
2.13909
12.1792
1.22035
1.88323
2.16123
3.98132
6.07374
3.78621
4.12132
1.09372
1.82665
1.50116
10.5705
7.46358
7.20825
2.10646
7.68687
2.30946
4.04199
3.74469
3.72613
4.4159
5.13035
4.91346
1.69279
2.54478
4.51514
2.80375
5.00605
2.08164
2.64083
3.97551
4.22803
6.6203
4.39498
9.49138
4.26732
3.02824
2.02677
3.88437
3.10867
3.69844
2.39651
5.18619
7.43436
8.8922
5.69338
4.49024
2.6555
3.43342
2.92689
2.18616
10.6667
1.40722
3.78875
6.44842
4.88967
4.35948
4.53023
1.4734
5.96254
5.07064
4.03126
3.5331
4.3642
3.98376
2.26331
2.5757
5.61517
3.87874
4.1247
5.158
0.44177
4.48865
1.15992
3.29364
2.9135
0.473474
2.13596
1.09994
13.7023
1.09454
2.82531
3.74855
1.99273
2.12779
2.35142
5.69877
4.11276
4.11918
5.98494
0.678289
3.82105
13.8466
0.543487
7.89415
16.1143
1.26103
0.191397
2.43477
4.56058
9.27422
9.10363
6.13689
3.92319
5.52915
2.74624
6.04775
1.54841
1.7829
8.51689
3.55946
4.27596
6.10337
1.39549
4.88771
3.70976
6.25478
1.51182
7.23785
3.83745
3.75727
2.99282
1.58995
7.8256
4.9695
2.12298
0.703683
3.52703
2.10723
3.94637
7.18536
4.67182
0.502871
6.31791
11.2487
0.392823
2.9715
1.2543
3.53754
9.48293
5.66613
5.37854
0.635147
6.15969
3.28543
6.35231
1.29634
5.46991
3.21273
5.3602
0.346535
1.40175
4.27042
3.98295
3.40255
4.06655
4.7254
4.34021
8.26763
2.91718
1.39273
5.3117
6.50532
3.79223
8.27836
1.34663
3.64074
2.26481
2.69863
0.51629
2.64077
1.20457
0.395167
1.04201
3.59496
5.92296
5.07292
1.33014
5.78789
5.76706
3.53012
9.83794
2.74026
1.70475
3.85004
4.53301
8.03793
3.357
8.0114
2.52117
5.09628
1.4871
1.46592
2.29949
1.96329
1.35395
0.685652
7.77312
9.61772
0.857254
2.8324
10.3148
4.36387
3.69266
2.10894
8.91487
4.35375
1.59403
1.81583
4.6239
2.19427
2.02833
4.0043
3.0251
2.12242
2.23061
6.30869
4.20769
3.42783
3.06987
3.48642
6.05969
4.88962
5.38674
0.963008
4.93576
7.50023
5.55961
6.00594
2.52455
0.2105
1.29356
4.12545
1.23689
2.70232
2.3514
1.3473
5.61294
3.67558
0.85058
3.67902
1.83798
3.27087
1.33792
8.47094
7.55421
4.97225
6.58894
3.69434
1.1109
6.4296
1.87213
4.98809
8.04312
5.84971
0.620638
4.04906
7.69709
4.76257
6.03282
5.88964
13.6497
3.72083
1.28456
1.97893
3.48835
3.7139
0.826293
2.6935
0.650985
6.49182
3.9702
1.32425
15.9721
4.45869
6.15159
3.23664
1.9213
6.01143
1.77028
3.04699
1.62422
3.77958
2.46067
1.01478
1.9955
2.42819
7.00361
4.81452
2.48801
11.6933
0.882797
3.02589
12.2063
2.12313
3.23908
12.6015
5.86618
3.98512
1.18327
4.05221
0.808702
1.01869
0.832004
4.15064
2.84034
6.43323
4.05023
4.12446
3.37994
3.42937
0.80177
3.24791
0.700627
2.17965
2.96664
3.59515
7.95071
0.887499
5.41318
2.44461
1.74474
1.13175
3.41548
9.64385
6.99703
5.58625
1.14751
3.95173
3.13794
2.41841
3.30768
3.69034
8.65142
4.93459
2.18942
3.38763
8.71249
0.148612
0.791865
1.88107
1.56623
7.13222
0.728595
3.58276
2.73752
2.21424
7.70659
4.59529
12.746
6.29895
4.14411
4.98483
0.808173
2.35197
1.79887
7.76154
1.93754
6.19134
3.54211
0.807667
1.26327
4.46929
4.25701
2.66261
1.17559
4.4396
0.877388
5.62827
1.82224
4.93413
1.28114
3.22455
0.369908
6.3938
0.92719
0.291207
2.82095
0.51475
3.31834
1.96528
2.3874
1.98749
8.04597
3.43186
3.49893
1.10017
3.50001
1.07678
11.4013
2.75639
2.58549
3.78905
8.30972
1.92615
5.05771
2.01203
3.07846
1.86278
10.0548
3.40105
6.78011
10.2705
2.03218
5.35999
1.52932
3.1638
2.70804
3.69733
6.25331
3.51185
1.7323
1.10363
2.80596
4.2621
1.51777
3.28539
4.95205
6.73457
2.68083
2.25479
4.15357
3.37014
4.49196
3.8552
4.2966
1.92475
0.847277
4.57616
2.89027
1.65522
8.83632
1.42157
1.9125
2.78206
5.75421
1.53583
0.963692
2.95079
5.94872
3.45595
4.3016
6.50629
4.96927
3.19219
0.0233183
1.02396
2.8788
3.76926
1.09313
3.38095
4.03671
1.37255
1.55367
13.1565
0.524022
6.66126
0.465706
2.54874
8.0727
3.8334
1.69112
0.032883
1.57351
3.33948
2.39915
3.62413
2.30259
4.25226
13.0289
4.24074
5.3995
5.87311
7.32705
9.03815
1.34397
1.79514
1.24069
6.83781
4.79839
6.53831
3.23051
6.60916
3.19295
6.49594
14.9215
3.22197
1.25959
1.46501
1.73586
0.229992
4.30681
2.57817
1.88768
0.503976
0.863601
3.66499
6.68498
2.9818
5.80339
2.21882
10.4142
5.9099
7.92266
7.59703
2.23585
1.72495
3.50557
3.14259
5.25221
1.68805
1.45113
3.75164
1.495
5.72691
3.00087
5.01384
6.06842
2.62979
8.04984
1.82689
4.89265
3.74344
2.89377
4.47844
1.36429
5.421
6.53196
6.33044
3.88102
3.4733
12.2143
2.39871
2.23568
3.34354
2.91739
5.36463
2.95169
4.814
11.6436
3.3971
3.87818
5.90219
2.08547
3.12775
6.06236
0.915395
6.44555
6.67443
4.76724
2.09787
3.01165
3.68969
1.74871
5.94019
5.59805
1.45477
3.40525
5.04596
1.30749
2.87615
2.5196
0.797021
3.42259
0.929816
2.54137
4.91931
4.90075
3.94577
1.84238
0.40361
2.78549
2.06374
1.40537
12.1928
4.11381
4.03434
1.70648
1.69052
3.91955
2.72955
3.90836
4.28197
4.03662
6.0266
3.45191
2.63274
7.16491
2.10502
2.87338
0.603469
3.19682
4.62032
4.5622
0.867778
5.67796
3.13619
1.92203
3.0541
1.29927
3.47367
2.19811
4.96745
1.26097
0.518542
1.5056
1.31915
3.60921
2.27208
7.45691
2.80373
0.786445
0.541097
9.44177
1.23415
3.50924
1.40739
0.973528
3.71906
7.45798
11.3871
7.40468
2.05246
2.5439
2.35122
2.4601
2.12687
4.75525
5.59017
6.07557
0.843527
4.31433
3.34682
0.421784
3.03571
3.25896
1.86589
3.29324
1.55095
1.22605
2.99792
11.0591
7.36923
4.40214
3.42778
5.81622
2.63843
4.44618
4.18985
0.170465
0.512305
0.633176
5.95676
2.40182
2.58283
0.0726049
5.22226
4.31975
0.727643
7.21074
2.83971
2.54151
0.609684
1.95013
2.3332
3.1744
6.58614
1.38507
0.465123
4.42565
4.1627
9.37526
2.77097
1.52867
5.90544
8.53187
1.32904
1.48159
5.51263
5.95075
1.89308
0.271531
2.97141
5.38266
4.67935
3.36206
6.70885
10.1955
2.22424
4.03899
2.68713
3.41561
2.13368
1.98152
4.25277
2.54416
12.8636
3.92864
10.936
5.76858
0.815139
7.42247
2.00306
1.66528
12.1359
7.25535
5.33685
0.585175
2.37973
1.24132
3.73807
7.78539
3.85
3.37711
2.12521
8.79741
4.55113
2.31993
9.2276
1.76735
1.55229
14.6289
3.96156
1.042
6.10552
1.55418
6.81944
7.07543
8.34299
4.9479
8.86023
5.37577
3.38216
2.46957
13.3452
5.11085
0.534089
7.60908
2.4789
8.87812
3.87785
4.36453
1.96922
3.29487
8.21173
1.02495
4.18477
1.78347
5.40712
2.46386
6.02274
2.97273
1.90854
4.89776
7.31152
7.48837
1.73129
3.917
15.8548
12.9602
2.06587
2.61679
0.916548
1.69508
2.40859
7.62638
5.65237
4.58413
2.17915
4.61708
0.622844
1.65402
5.37999
4.08245
6.42049
7.51872
3.55008
8.84565
6.3781
9.41616
2.13489
2.79085
3.49101
7.14833
1.87317
3.78468
5.23083
2.46091
4.13091
2.7225
2.20859
1.28264
1.91534
7.42035
3.93788
2.88197
3.07482
4.30641
13.0393
4.43314
18.8793
1.895
3.55368
1.93685
1.54659
11.4733
1.90087
1.12774
1.62131
4.47546
8.92209
3.68546
1.74682
7.83644
7.6435
0.721815
2.68452
1.67486
5.18649
1.65952
2.30428
1.40669
1.90198
10.5811
3.75275
0.755505
4.18143
2.546
4.78483
1.82895
1.09415
4.55554
1.70253
4.34892
3.95351
2.05167
1.60153
7.87563
7.07646
6.02474
3.43488
5.74074
1.67669
3.84356
3.58758
0.232608
0.74315
3.42621
1.50859
0.507156
3.78731
4.462
1.38214
1.74727
5.59001
3.71951
3.37625
12.3739
1.20634
2.2926
5.1293
8.63285
2.5571
1.65808
11.9894
2.43184
2.11407
0.8367
11.0132
5.91864
1.43692
2.84202
2.9306
5.34244
5.39873
0.63919
2.95913
1.98955
3.43974
12.2177
5.83505
1.27259
4.96588
3.32671
11.4642
1.02563
1.5059
3.1864
1.24451
2.26857
8.14311
2.71481
1.64452
1.13595
3.2015
1.83811
0.202577
2.29433
2.74708
2.25837
4.9799
4.45636
2.17256
6.00764
3.21538
0.404415
7.00432
1.88965
5.90595
1.66408
2.9462
4.75023
5.18999
2.32363
4.31932
3.0174
6.50608
2.69428
3.3696
2.26295
2.20874
4.09147
4.4597
7.15201
7.41738
1.02026
1.4307
5.32907
2.59376
3.05951
2.43461
6.25886
3.4694
7.09198
4.20158
4.57405
1.28757
0.876264
10.6777
2.6843
4.61599
1.45586
1.3007
3.23382
2.81615
3.0828
13.1024
6.21916
4.81747
3.89806
7.21785
8.67545
14.537
0.694068
6.52652
2.57378
9.68756
2.77621
5.90874
7.71954
3.12438
5.24507
1.94931
3.50282
2.70731
1.46516
7.68004
6.8848
1.57254
2.6838
9.7205
8.51882
2.57752
1.89338
10.9807
1.79248
1.87651
2.45028
3.28782
1.9631
1.69759
2.38942
0.658955
9.6703
4.51039
3.4704
4.17522
4.45405
1.64227
4.00862
0.464854
5.08935
1.51567
3.61721
6.08456
0.960675
1.44689
3.97994
2.29198
1.56847
6.67438
4.50592
2.68564
1.45164
4.26506
5.10513
4.24269
1.27391
1.02484
0.938871
1.5658
7.31397
7.45014
7.3518
4.07853
4.6099
6.2396
6.46734
1.26407
3.35084
3.83836
2.46068
2.42082
1.89788
1.6212
9.36134
2.30479
5.17885
6.18776
4.63685
7.00236
2.13639
7.16146
1.65184
4.37852
0.744994
3.30604
2.72373
0.779752
2.39204
1.17868
4.2878
2.0773
6.21367
8.09084
2.41767
6.88553
1.42467
3.48267
2.62744
4.26721
1.15807
2.39232
1.88734
1.54593
3.79205
3.34189
1.33805
1.67106
7.90264
2.91185
1.30686
8.70169
6.0886
2.30516
0.378928
7.00387
2.52152
3.70738
2.84772
1.67619
2.28027
2.145
4.79071
5.09675
1.83328
4.53178
7.67666
6.12241
5.84213
2.34165
1.84161
3.39412
5.32811
9.04373
8.50604
3.88971
4.04989
0.517955
2.84047
0.629045
2.72744
2.8399
2.50681
4.8095
1.14356
1.31146
1.53714
0.779096
0.691382
7.93029
1.60638
4.21788
3.31266
11.7439
1.56825
1.19027
8.24305
2.05391
8.27646
11.2642
4.02441
8.63941
5.47388
2.45626
4.66059
1.22321
4.35298
3.46094
1.55371
8.30122
0.213883
3.79611
2.88647
6.15753
10.1452
3.99405
7.49888
1.80597
0.767285
1.12974
1.11888
5.67426
4.09665
1.03854
5.88838
1.85521
4.7625
5.20547
4.34293
4.83501
1.89767
16.162
3.14915
8.15918
1.8575
0.764164
5.11103
4.74739
1.64039
5.79127
7.25353
7.95778
1.40164
2.00331
2.0802
3.09611
6.41195
2.1505
7.02977
4.93288
3.02691
3.20685
5.63076
5.3673
2.05982
0.710763
1.87345
7.00553
1.8703
6.18964
1.47502
1.52732
3.59481
9.01831
10.5755
4.41534
2.27367
2.17273
6.66064
1.27693
2.37405
0.187596
1.67455
0.876617
14.2723
3.08203
2.65196
4.33899
1.1658
1.81355
10.0196
2.77581
2.7325
2.1615
6.06391
3.78451
3.26322
6.17191
6.34078
2.3421
2.72098
1.11224
2.51235
8.08387
1.82901
4.00666
8.66503
3.77487
3.77796
4.1391
2.68408
6.2093
5.73558
1.01844
2.39313
3.7583
0.577846
12.2522
2.32368
11.1295
1.38463
0.46679
8.05168
2.76793
5.7113
0.860432
12.4354
5.66338
5.33008
3.14952
4.00549
9.27289
0.811662
0.676452
7.13164
2.03989
0.664146
1.28768
1.87231
4.48839
1.28338
2.99587
4.91359
2.57755
3.1522
0.265474
0.276309
1.11794
2.28794
3.19508
5.2014
0.841078
2.32956
5.23669
3.74539
0.819927
12.1114
4.55385
1.8361
4.20084
2.19555
5.08874
2.36606
3.99331
2.48129
1.41109
0.900342
2.06695
2.8974
3.77464
2.71213
2.60772
3.16918
6.16351
2.22322
8.19203
0.852467
7.34653
3.72051
3.18081
6.20621
2.62791
5.41148
2.68687
4.55284
5.10328
3.10588
3.11153
1.53484
3.10867
2.51784
1.4473
3.69192
1.56378
7.97336
2.93299
15.3559
5.90117
12.4345
3.20736
5.09053
1.49007
4.1144
5.22467
1.38425
3.18366
3.05137
3.13352
2.78361
8.5096
2.12523
10.6212
3.7813
2.91914
8.53818
0.818451
2.066
0.684339
4.78965
0.422182
8.72221
4.73272
5.36536
2.56282
9.4575
2.01352
2.99395
5.565
6.53565
5.68776
0.988541
2.20202
2.88809
3.73129
1.15365
6.07592
6.68773
3.95701
3.165
2.97415
4.29188
2.47535
1.46298
2.8493
3.11041
4.10957
1.99312
8.63006
2.051
3.82002
5.67073
5.07349
6.94419
3.75509
1.82359
8.143
2.67296
0.334753
1.43818
1.71465
0.704828
1.20339
2.62269
6.09393
5.16403
3.36362
2.64415
2.48441
4.07362
1.61109
9.43419
1.5775
1.13369
2.15357
1.86718
2.02428
11.2372
3.77273
4.73342
5.58316
3.51762
3.27433
2.67477
1.04256
11.554
4.3443
4.33732
0.698944
5.8445
3.60362
3.84625
5.55654
0.743454
3.80328
2.11906
1.16661
3.86469
2.99311
4.39765
3.65914
2.52225
6.16284
4.40405
1.51999
4.36158
1.63553
2.69906
1.85235
5.82897
1.27518
1.12461
5.82808
7.20474
0.579992
2.92474
3.94115
1.42468
8.48339
1.40774
0.22219
1.0968
1.96259
12.8658
2.81452
2.25728
5.27623
6.44197
2.16554
6.46487
9.37468
8.74252
3.41113
7.66248
3.03804
4.69371
8.56946
2.49898
1.97551
8.13687
10.9384
0.643053
6.28153
0.844297
4.0751
2.02127
4.12913
3.17352
2.67897
5.89255
6.15956
3.73098
3.35877
0.771833
0.726289
3.18082
1.57094
3.85146
5.36404
2.91849
3.75106
1.28949
4.90511
2.0856
11.3304
0.408698
3.0928
1.89791
6.06755
3.5061
2.74205
1.75671
1.24059
2.9921
7.29367
1.22534
4.90728
6.39202
1.36288
4.39688
3.96105
3.73377
4.45253
5.00483
4.15028
5.5196
2.53586
8.98283
8.9455
7.56233
3.86508
4.14025
4.00219
2.81465
4.70851
5.36482
2.02813
2.99822
10.0219
3.57056
5.02034
3.32155
2.78227
2.58367
5.40224
1.89982
1.73268
10.6223
1.90621
11.6365
4.03784
4.97041
1.58295
7.17868
6.0183
2.6502
4.44714
3.91959
5.87433
13.2397
1.58662
3.25095
1.96617
2.49027
0.891936
1.18688
1.05516
2.27708
1.18137
3.62499
5.83285
1.35246
6.52416
8.23295
7.40823
0.54072
2.09061
9.48789
15.584
1.06118
0.560054
1.21851
3.06003
4.05732
2.53151
2.12234
2.87563
0.811857
1.4884
1.97212
5.62303
9.71098
6.16885
3.76523
3.69429
10.6019
4.95568
0.900827
1.56233
6.96456
2.68582
2.95462
5.99087
1.08831
3.52553
5.95286
0.738212
3.40542
8.43527
16.1947
0.795476
2.06632
2.00099
1.50844
2.35682
2.75476
15.9061
2.93999
6.10932
4.70572
3.83602
5.10848
0.691467
5.07923
4.71932
1.38553
5.3295
5.03774
4.921
0.532337
6.41075
1.67791
2.97107
0.0588211
4.0274
1.24048
10.8829
3.54809
7.61743
11.7711
9.81581
6.35457
10.243
5.59501
2.88528
4.12526
2.03308
0.456474
4.38227
4.37222
5.23044
3.64957
1.58342
3.77604
4.95907
0.510663
2.826
2.41942
0.995161
3.6599
0.819049
4.35953
2.82288
3.00791
3.94417
1.64667
6.7017
5.35054
2.06333
2.74831
2.40379
4.01258
8.40741
15.1133
4.26801
3.62474
1.88529
0.678195
3.38986
8.82751
7.35852
6.34203
1.34479
2.28878
2.01786
2.24255
4.63872
2.7159
0.168787
4.0134
3.12051
6.36407
2.23
2.4892
2.77778
1.17812
6.34364
0.87837
1.72011
4.53667
5.58926
11.9254
2.97854
7.26909
7.21564
2.14341
1.56109
1.75646
8.10163
0.347726
3.44985
5.10893
2.47641
3.66818
5.14639
2.45337
6.252
4.8066
5.40137
8.37915
1.11925
6.17055
4.81239
2.65017
0.558245
8.87152
6.94465
2.4782
10.9893
2.43697
2.14591
3.38956
0.985608
4.61098
1.38149
0.196147
3.42903
4.49221
4.19889
3.20361
1.79126
3.72258
1.17586
4.53379
6.45051
1.10074
1.63748
7.00838
1.75337
3.46384
6.37857
1.79819
0.905995
1.63555
2.91099
5.58511
3.5284
3.60534
3.58398
6.096
9.12221
4.18254
4.93405
2.93331
6.02491
0.947607
14.8469
4.14524
2.73305
9.8674
6.44033
3.6812
3.0296
6.87497
0.931596
10.3345
3.04802
5.41509
3.48576
14.1472
3.65911
4.70378
7.97745
6.66556
1.59619
1.93154
5.87853
2.9023
7.76093
4.55397
1.08025
3.01657
3.27831
5.78231
2.43274
2.41478
10.4377
7.70698
8.81113
1.68571
16.4954
3.78819
5.91467
2.35528
1.04686
5.38156
1.91984
2.88221
0.505393
3.19987
7.87879
2.40832
3.2652
1.23096
4.79488
2.35959
5.74226
5.20024
2.56567
2.36625
4.09489
5.00132
19.5176
1.56809
2.1278
6.36294
5.45999
2.9807
1.7816
4.54022
0.630541
0.657177
1.3762
0.681966
5.63424
6.45195
1.27943
2.64711
2.10816
4.89427
2.19469
1.97486
6.35157
2.05479
2.30634
5.5977
1.04899
4.05949
2.92884
1.93181
8.46731
5.65146
2.72294
2.10749
3.44124
6.53113
2.49525
5.57099
2.1876
2.28688
12.1141
3.39032
1.08744
3.08273
3.69372
5.22481
1.40924
2.03002
5.47309
3.31861
3.77734
4.21677
4.87556
7.82273
4.30109
1.79362
2.62241
3.19083
5.10732
3.26338
4.27742
1.53082
2.12338
0.273332
0.458534
0.662116
1.85632
1.09805
1.14663
1.6092
2.31915
4.33118
2.00365
3.75748
2.42852
11.2575
1.14168
6.4051
0.247236
2.36884
2.18413
2.86542
2.29084
6.98342
5.54829
2.48068
8.90947
8.07838
1.7379
6.43716
10.4916
2.29084
4.26468
5.69986
1.95222
1.64009
0.36002
4.97825
3.57445
3.79965
2.00518
5.23078
1.41724
5.50831
3.8286
4.59513
3.03545
0.643101
5.52036
3.67254
2.73565
2.7061
2.25792
5.24281
1.16764
1.9981
1.58096
2.53269
1.83413
5.83624
1.63409
0.223702
6.42869
0.826178
0.309062
5.94995
1.38993
0.980494
3.99328
2.41671
2.56986
0.85257
3.66461
3.4048
2.93001
6.27527
1.21703
1.81663
1.71026
3.29256
4.6445
4.18467
6.61186
9.09147
2.44903
4.4342
4.67885
5.48212
5.94886
3.56539
1.00187
2.85249
1.742
3.94344
10.3753
5.56097
0.456812
1.69387
4.92786
4.34256
2.0447
10.0244
1.51152
1.05165
4.32683
24.8396
1.20304
1.60817
7.37642
1.77254
3.89951
4.29472
2.98256
2.31428
7.91671
5.18156
1.54578
3.37726
3.16236
1.9962
4.368
1.6466
2.79835
3.08774
0.707198
1.2966
6.5273
2.95194
0.789156
3.01357
0.951483
4.51992
4.78586
1.6629
2.4119
5.12161
2.58831
1.79825
0.50308
7.53881
6.01958
6.12952
3.71773
1.7598
3.55659
1.24458
0.533507
4.79066
4.02627
8.05927
3.02537
9.81684
10.1714
5.38194
5.44278
9.86026
1.29362
0.331558
3.13768
4.14283
4.73895
3.55058
2.23292
1.49037
3.00507
5.0993
1.45939
3.34133
1.11915
1.35163
11.7954
2.1705
2.1841
2.74407
1.9783
9.33965
3.50379
7.53847
8.49762
6.02232
9.24441
2.12473
1.77943
13.6332
0.853489
3.99451
1.2146
5.92266
9.31107
3.54309
3.18582
3.703
2.2271
2.08891
1.86022
8.69263
2.4402
1.38824
1.32445
1.16575
6.49546
3.20791
5.03671
4.07149
0.336406
0.731518
2.42569
8.84455
1.25491
1.45194
4.11095
3.71141
5.34
4.28802
4.17203
4.84703
8.99864
2.37107
8.3962
1.64693
2.74802
3.11572
1.15197
2.38004
7.45937
2.47932
1.90586
0.638243
4.68433
6.66366
8.24099
3.16657
2.16897
1.50983
6.17623
0.820283
2.164
3.26529
3.65213
3.34927
4.39738
3.76858
1.89871
4.18359
4.82412
3.60016
5.05477
2.20506
5.82303
2.19914
3.30116
2.45421
3.70573
1.39254
7.94577
1.88593
0.996617
0.699479
2.77888
1.75287
5.53591
5.53057
4.16478
1.42178
0.738481
2.57852
3.26989
3.78156
4.6047
1.58852
1.19905
0.930151
5.79915
0.577838
2.03184
9.3894
4.14261
5.19317
0.123579
4.37939
1.89572
7.74421
3.10755
2.9007
2.06403
2.01799
2.0918
4.83354
8.96273
3.19891
7.92891
6.86546
4.01224
5.81837
2.79331
2.37142
0.877313
5.00991
5.05121
2.05286
1.13064
7.8035
0.243687
0.468483
5.34961
1.34262
1.51502
5.43241
6.23637
1.19027
3.2882
1.49627
4.04964
5.37732
6.1473
5.57975
6.81567
7.30502
5.72767
8.00182
2.39886
0.759082
0.665643
6.73359
4.3188
0.308429
4.9259
1.5901
3.62519
2.88469
3.94416
9.50341
0.968187
1.89696
3.78954
1.64032
3.13921
4.90479
2.23006
2.16446
6.63192
3.69009
3.67952
5.05686
1.1792
0.315181
2.21788
8.59812
5.79467
1.15648
3.49758
4.12226
2.42364
2.32655
1.02861
1.87564
4.9599
5.06559
6.31653
4.56969
5.15377
2.33425
1.48079
3.00929
1.00713
0.923189
0.932425
2.5201
1.20538
7.97804
4.60356
1.12499
4.05356
4.19869
8.40322
1.96276
2.2647
2.22652
1.74322
5.49136
1.96123
2.8148
1.50302
3.37386
2.15626
5.13071
2.24599
4.74466
0.351745
0.101741
7.71149
3.05081
1.92812
1.04642
5.24457
4.35833
1.33878
6.44408
6.53282
2.6866
8.98162
4.19587
6.08995
2.79528
6.40617
4.45979
3.07994
5.04829
2.05174
3.15675
2.88445
8.71991
8.17622
1.29226
5.75503
14.4783
4.62959
4.38021
1.27336
5.51492
1.39478
11.0623
10.8974
2.20142
4.25198
1.17884
3.68767
2.53551
7.07047
3.61214
5.90913
1.46584
2.34809
3.51674
1.27621
1.00941
3.83093
4.94395
2.52091
2.16413
6.33635
2.66446
5.02197
5.36545
13.2372
0.686207
3.66367
16.298
2.95754
4.21349
6.39123
3.22286
3.49769
4.98296
2.37959
8.86604
1.35376
5.17141
4.72571
5.21224
2.88255
14.3256
3.38322
2.55495
4.29185
5.74706
4.76984
6.1606
0.988707
5.13064
3.67396
3.46243
2.24186
8.61309
3.29203
7.35453
3.07488
6.86018
2.19178
3.3982
1.93458
3.87709
3.22692
8.1538
2.63418
11.9676
2.33705
1.90607
5.46154
0.945193
1.41055
2.71784
5.00026
1.46683
4.45542
9.39034
6.91273
2.4899
3.9869
4.14944
2.56339
10.28
3.805
5.02426
8.50418
7.25152
4.23956
3.21
6.10847
2.8131
2.0877
4.47475
1.29744
3.60439
5.86708
11.4095
1.3187
1.3328
3.28499
3.30735
3.94603
4.62415
1.25426
9.5829
4.86957
7.25348
1.99401
6.19703
5.75934
3.77829
4.81494
6.71544
0.639706
2.46211
6.11811
2.36937
3.97858
4.5917
2.82265
3.5509
1.57122
3.20693
3.04639
5.36092
0.520097
2.19984
3.34844
6.22455
6.49905
4.33386
2.56781
0.464587
9.26976
1.76459
1.70326
3.5019
0.215937
1.19307
2.01841
2.82379
2.93726
1.78917
3.77124
6.14555
4.89546
8.5078
4.43059
5.5376
11.0258
3.77725
0.502621
5.84027
3.80981
5.06301
4.54556
1.89847
1.29419
3.53704
5.24337
3.66915
3.22855
2.07647
1.04664
3.38842
7.461
6.08246
2.89957
3.73324
3.46003
5.36612
11.0527
1.26444
1.54153
1.53885
1.55109
2.07784
7.94844
4.08482
4.3411
1.17991
2.36435
4.79391
3.39674
4.67556
8.01232
8.90815
0.356732
6.78486
1.64179
3.25957
0.216651
2.95181
4.44076
2.47344
3.99379
1.49003
3.55103
10.4491
2.46723
1.57307
0.876558
0.573254
2.21176
2.25309
1.46428
8.57275
3.34649
3.74571
1.96155
2.16019
0.836494
1.35369
7.05031
5.52968
2.47161
2.08851
0.29898
5.13994
1.54398
10.5684
4.29963
2.34769
2.16795
10.2285
0.698549
1.46977
3.11054
9.46822
3.12488
7.98133
9.49108
3.68483
1.85643
6.21619
3.66267
6.59264
4.97484
5.20006
1.79096
11.4618
3.08571
3.60148
3.84529
3.55179
2.2921
5.65564
1.36393
1.58536
3.24838
2.9846
1.33102
1.99916
3.19149
7.56683
0.677366
5.48596
0.365805
4.3048
4.35792
8.36001
1.60675
4.20343
6.9429
5.26068
2.13527
0.511705
4.03418
3.36899
4.09016
2.39183
2.12601
2.76876
2.73511
4.55074
4.94948
6.21562
1.41415
1.36333
5.02893
9.22085
4.41024
3.50749
7.89319
0.957322
4.51681
2.82308
2.46421
1.66932
3.70431
5.16477
1.54153
2.64516
4.24334
4.52744
2.54104
2.05535
3.56844
6.53313
3.52795
2.86552
7.64819
3.04354
4.03067
6.28109
1.98702
3.60698
2.85222
2.41491
4.3997
4.71861
5.10912
3.98004
5.84267
3.56226
12.0334
1.29794
1.50153
7.102
2.01716
1.94932
3.78117
8.98113
9.17821
2.86989
4.52954
2.44471
5.51988
3.53521
3.95192
2.54118
2.97951
1.01538
6.25057
4.39792
6.81098
5.18826
3.70363
3.07482
2.64604
0.615739
8.47739
17.8122
1.71033
3.85268
4.42352
4.56748
3.05374
3.95654
4.89116
2.71201
1.97152
2.42884
2.14972
1.77462
4.11771
1.17385
3.14222
2.37103
6.93642
5.94734
0.692636
4.2277
4.05064
0.56389
7.85226
1.91048
2.09112
4.61765
2.94756
8.98101
0.866564
3.66153
7.3251
2.84502
5.8037
2.71366
1.40664
1.50763
5.99463
5.85097
1.75785
3.64209
5.88764
1.92218
4.78904
8.09964
1.38321
1.1705
5.20001
5.95914
5.68924
1.61524
5.42452
6.6931
11.7892
4.13245
6.79032
4.34608
3.30281
4.9489
2.8483
4.82032
4.99164
8.11827
2.22954
1.81927
4.70692
1.33828
4.35819
2.94856
6.00543
3.3406
3.72912
1.26229
5.81699
0.475883
1.62194
2.44574
2.67934
1.98732
2.49509
5.75134
8.99721
2.41082
1.40011
0.689256
5.61151
4.10746
0.905061
4.1827
0.634164
2.94029
0.700541
3.57579
3.5065
0.612213
5.35727
1.37954
6.99027
2.33418
12.7434
3.44833
1.73581
7.83071
1.41406
1.8613
3.57134
8.14523
3.65437
1.9405
9.18789
0.825966
1.9295
6.02864
3.32005
1.25707
2.13304
6.33104
1.18746
4.85286
4.60346
3.21767
2.07536
3.33797
4.04747
1.42832
5.53444
1.77689
8.46984
10.8655
3.42127
7.6284
1.12481
1.99678
3.75137
0.660505
1.30763
9.83153
8.68497
2.614
4.48578
9.84326
3.4122
2.67478
2.48624
3.00031
6.29003
5.34309
2.63263
1.60521
5.05379
6.01701
2.6104
1.42473
0.739753
1.66466
3.51211
1.28951
2.64739
2.25827
0.880503
2.17052
4.74823
5.63568
4.46444
3.1515
2.59225
4.53627
4.12479
0.843873
3.42935
0.45047
0.236841
2.38695
0.459398
4.41521
2.41648
5.44422
8.61186
2.25202
9.84014
6.53168
2.90561
1.87342
3.89448
3.73772
5.91894
9.33227
11.5324
0.470356
3.65031
9.42551
2.89328
0.632822
2.46416
6.82368
6.07403
4.82616
2.81106
0.814544
2.74403
2.85258
3.9968
3.19861
0.536056
0.530377
2.99639
4.71989
2.35386
1.37891
1.56351
6.25173
8.12462
5.47599
1.55222
5.9633
4.29574
6.2271
2.05604
3.74042
1.0485
1.4837
1.85429
3.21201
1.64591
3.05381
7.48648
3.32772
4.30211
1.70593
6.94743
5.07339
4.95615
4.53336
1.70404
6.93341
6.64856
2.92423
4.16948
4.16599
4.53025
0.45689
3.68093
3.68392
0.513556
9.85411
1.8366
2.82888
3.15064
4.48567
6.30142
5.78944
5.56761
1.64195
8.37356
11.9813
3.97682
1.648
4.41675
1.34106
0.544183
1.71764
2.81351
2.10782
1.02051
6.83568
9.02035
1.73966
2.61946
3.05074
2.54616
1.40885
5.4279
18.968
3.06981
4.40494
2.82334
1.4841
7.46971
2.62743
5.9609
6.01835
1.64633
0.597549
4.3355
0.846719
2.06805
1.99598
2.16898
4.63323
2.30846
7.35089
2.20409
2.04439
5.29847
3.05529
0.931645
1.3461
5.21573
0.927541
1.64876
9.70075
1.5065
4.94083
0.242279
1.58581
2.46801
1.0445
3.03818
1.33518
1.85079
3.30423
0.833362
8.63684
3.86872
3.80098
2.22458
4.25777
0.436588
6.12259
7.78714
0.374406
6.14433
7.9985
6.08237
4.28621
9.05651
3.5025
0.827143
1.07971
4.43577
2.34185
3.57808
9.80257
4.042
4.90421
0.708256
9.72288
5.49064
2.12735
3.54633
6.36725
3.34707
7.25935
4.22812
4.94809
5.30498
4.57953
3.78402
3.61401
0.742262
2.83703
0.694905
5.40583
2.91493
4.98623
1.49063
6.25529
1.5878
3.56842
2.66476
3.61626
3.77852
4.11467
3.85115
3.73383
8.26885
3.31324
1.06716
2.67997
2.43131
7.29372
0.968174
7.6374
3.4745
1.12282
1.69434
4.07179
6.36064
3.11182
2.99787
3.20362
7.77908
2.56646
0.46698
3.68212
6.55949
4.69489
4.94408
1.76407
4.54978
6.56016
0.789291
3.38483
6.4124
7.08268
5.02036
4.72443
7.80362
6.86136
1.36909
2.76054
9.34799
2.78751
5.10958
4.86937
2.60301
5.76777
3.015
1.34829
5.25815
0.421756
2.73436
5.32824
10.3199
2.03388
9.11479
6.26147
1.17515
3.50541
1.01352
0.551306
2.42425
2.78801
2.96883
3.25418
1.89694
5.33088
1.96536
5.84314
1.06023
3.99744
1.57254
1.99399
6.70136
2.92148
7.0138
7.64707
5.02042
1.1039
3.30433
11.4904
4.72786
1.34576
4.37289
2.8558
5.53928
4.37026
4.75374
1.72816
0.453692
0.338477
7.22809
4.90153
1.67276
5.33114
2.33712
6.04895
0.709898
3.92325
2.52191
2.85316
1.20297
2.60572
1.03012
4.31272
4.94602
5.59587
1.27083
4.14375
9.38933
6.92081
0.993316
5.23238
0.942418
11.5008
2.75797
2.50379
2.03713
1.3478
4.79074
6.67677
2.75837
3.60807
0.568973
2.3569
7.40602
9.09368
0.460753
1.42362
3.05432
4.99026
2.01667
5.05475
3.90328
0.424982
0.973244
8.10929
1.89968
5.23852
5.20008
7.74087
1.92258
4.59073
5.69453
2.06617
1.53439
2.01089
5.28815
2.7979
9.72263
3.4541
5.86774
3.21438
1.56691
0.757284
3.48093
6.34504
5.45617
1.75157
3.47417
2.31404
2.95688
0.523942
8.38522
5.02863
2.3988
7.13147
1.64007
10.9225
2.75574
3.02102
0.541131
1.52602
8.45517
1.23771
3.09802
1.98228
1.40248
2.12876
0.838664
0.508244
3.3949
7.36814
2.00969
0.13659
7.13911
1.02355
3.78439
0.85967
10.1715
2.2001
2.73872
0.290856
0.420341
13.1211
12.1628
1.24908
4.77447
5.38421
4.16897
6.45719
7.69563
3.6221
0.519329
1.20326
2.40831
4.02095
1.74428
1.81953
6.97139
2.65739
2.97676
4.8898
6.58737
3.12133
8.5403
9.85833
4.90198
1.80562
1.53729
2.06149
0.772809
2.20885
7.73614
3.89662
6.87493
4.11371
0.654022
8.67286
1.44298
1.0664
3.946
1.12827
9.87734
1.20265
2.46833
3.03113
1.58575
7.10179
2.16479
4.89131
3.29293
1.65409
2.63615
2.22893
5.55666
8.07314
0.557863
3.78513
3.37255
3.92937
2.06612
4.00481
5.16157
3.01389
2.70981
2.23821
3.67469
7.35633
7.91671
3.84428
4.38665
5.85049
2.43619
1.19828
3.56979
1.85807
4.40242
4.07628
3.44846
6.74701
0.702964
2.40348
1.33465
0.184705
3.43331
2.92167
1.72486
7.21524
3.77648
3.00822
4.34105
6.6165
0.575103
7.41141
1.49951
5.29284
1.8852
2.0213
3.78415
6.20132
3.09994
2.42257
4.3262
1.26688
0.443715
9.82524
6.65278
6.50307
5.41512
2.3761
4.65205
0.86817
6.29511
8.04324
3.63214
4.47462
7.24493
9.84202
2.31419
1.61953
4.85076
1.50544
8.37392
1.94626
3.78055
0.234238
3.34798
3.31871
3.62189
3.80039
3.36394
6.67821
2.29946
6.21049
4.54363
2.90582
1.21346
1.59052
7.53223
4.63951
11.2587
13.2975
1.30821
2.59755
0.955613
2.5001
1.64187
3.25791
1.09829
1.55014
4.55176
1.47708
5.04526
2.2022
4.10476
2.73642
2.66885
3.87138
13.7506
1.31782
1.1065
1.88112
3.35174
2.25221
6.29567
4.11452
0.753959
5.25458
8.95471
6.14421
8.50029
0.599226
1.81222
1.98725
1.05258
3.4993
1.55915
4.31256
7.67904
8.03916
3.97791
1.89125
4.19573
1.43059
4.42123
0.2853
9.58015
1.23816
5.55641
5.01942
1.14463
5.23392
2.56405
2.44656
2.41119
2.42057
4.53285
3.4121
2.78595
0.694075
8.41446
10.2006
4.11699
1.89785
3.20103
9.12619
1.85271
6.33937
3.07273
4.82117
0.85422
1.56648
0.586613
8.22065
0.965169
3.6934
4.61111
4.10999
1.54526
3.3282
3.55357
0.460699
13.7389
6.58263
4.05952
3.78399
6.92284
7.03961
6.93217
2.96954
1.9869
4.34993
6.16042
5.01575
3.66831
1.09418
9.67514
2.11813
0.341203
9.83197
2.06516
5.22546
1.8629
5.64533
7.30897
4.96653
1.58051
4.2742
1.83544
2.86115
1.85435
3.38274
2.44348
4.5369
1.23304
2.75164
4.5049
4.88642
4.99869
2.798
14.3258
4.05557
4.33972
3.85589
4.01373
2.5277
1.87918
2.89526
2.74942
0.271196
1.51505
5.2646
1.91451
2.14525
2.41837
2.5508
3.54792
1.87469
3.01621
5.31971
6.16202
1.07793
1.5642
3.10392
8.67623
0.988565
6.02235
2.71742
2.48691
2.10962
2.62897
3.52025
4.77826
1.97757
1.55895
5.63966
3.31419
6.84558
4.27834
12.9407
1.49098
4.97793
12.9444
6.96455
1.82159
1.69033
0.681366
4.87562
3.72351
2.62324
3.97293
8.58657
4.9248
1.4111
3.81217
3.94036
8.52653
3.95803
1.25794
3.43312
3.60641
5.40187
2.80257
1.70043
3.98104
3.79646
9.67507
3.68696
2.224
8.06109
2.95428
12.9694
3.32242
2.92521
5.32654
6.65146
14.7258
3.17848
4.09353
4.56928
2.03548
3.72559
11.9573
5.93317
3.56092
7.91249
2.86251
7.90322
1.29723
13.1455
1.51063
2.0232
4.26687
17.5617
5.22267
7.50107
4.45332
7.82061
2.65743
2.85807
2.54935
4.19486
4.74529
8.64918
3.79203
8.59507
3.32533
2.06887
1.35243
1.80442
9.38135
6.87525
6.02511
6.91334
1.97751
1.26063
0.764088
1.02605
3.54634
3.23626
2.28946
5.54327
6.77065
6.28722
5.38082
0.57073
0.0404864
4.39778
0.565407
1.71385
4.02644
0.8292
1.30414
3.3682
0.304968
4.10756
1.08111
4.62348
3.63671
7.35643
4.76987
4.23587
2.3085
8.09247
2.00451
4.26737
3.61746
9.59498
1.47378
2.34712
4.54661
4.50356
6.72359
2.85864
5.63856
7.78283
3.45171
7.8546
2.22983
10.3395
1.88181
3.33023
5.88888
3.45216
2.5497
4.17221
5.05607
1.91408
0.875872
5.43191
2.25684
7.93481
8.01538
0.669933
2.30807
13.4653
6.17982
2.30176
5.81494
6.81863
3.10127
7.24066
1.59985
5.06098
5.72105
2.70053
2.0234
4.68114
6.35054
2.58645
10.1155
2.82809
5.63565
8.61461
4.35141
8.06892
0.818864
7.70121
2.76182
4.77063
5.08887
4.296
2.32632
9.06262
9.36665
3.78828
5.96794
1.95031
2.69453
5.56989
11.6948
0.652533
3.53267
4.0266
1.90062
3.28007
1.28002
0.474052
3.8375
1.58909
1.57523
2.72245
7.57271
5.75782
4.87284
8.07353
4.00768
1.69248
1.02079
1.78717
3.54787
2.55823
7.87962
3.63745
1.72908
4.69697
1.43309
2.1626
1.23165
0.444904
1.22926
3.12826
3.06494
10.5161
2.82404
1.25836
8.12886
1.51239
4.0976
1.50019
3.79944
2.79015
5.88784
2.54319
1.98746
2.89817
2.9587
4.10645
8.15734
5.39904
1.11972
1.13647
7.4474
5.82183
3.85019
3.60262
2.71308
1.30453
7.7673
4.02116
3.54932
10.9409
4.76603
2.08853
11.7021
4.8524
5.42267
1.57617
4.26752
4.60132
6.12257
2.08889
3.1157
2.80122
0.48326
7.19966
2.82778
8.09661
6.21171
0.470738
3.01993
1.73552
1.41988
4.19291
3.34345
8.14782
6.04592
1.07539
3.34285
3.78858
6.13082
6.09199
11.0397
1.54753
2.3258
11.0747
9.42443
8.39742
7.8008
2.0702
4.83493
2.75775
2.17508
1.28005
2.13707
4.61549
7.99271
3.12687
5.30501
4.05467
3.1506
2.21653
7.77608
2.27908
0.518792
1.62619
0.540731
2.32832
2.08051
1.96825
5.11304
3.29464
1.9289
1.11407
3.08098
1.06095
8.92938
0.983958
3.7259
1.90211
4.31482
1.13547
5.28784
1.70855
2.18563
2.77466
5.85729
7.65669
2.49714
11.0975
0.992778
7.93328
4.77223
12.2998
1.85141
4.50471
3.11127
10.7257
3.79969
6.92563
10.2291
7.45661
6.16658
4.09373
1.86193
4.7844
3.62355
4.67934
2.21319
3.86699
7.47572
4.40785
4.9342
1.76321
0.959991
3.35758
3.07082
0.485733
2.55289
1.2587
6.67337
1.25566
3.98907
2.36367
3.74428
4.31405
2.77967
4.19844
3.17278
1.898
3.21188
4.25669
3.07111
5.14877
2.31859
4.63483
1.3336
1.83966
4.16956
12.4755
0.386099
4.78806
3.82648
3.84515
5.38853
4.17854
2.94915
3.54449
0.852845
7.42637
6.41404
6.27948
2.14061
2.93778
1.30361
4.34796
2.84588
0.771614
4.06264
1.88292
6.54748
1.94472
3.52959
2.82665
2.90191
4.73975
5.5003
2.90135
3.59415
2.92911
1.7047
1.86588
5.18673
1.44367
3.91111
2.18656
1.6252
0.584339
1.48172
2.57695
3.53692
4.33237
2.6238
3.5159
2.13036
4.86913
2.66184
2.92368
0.803582
1.8289
1.74951
6.28947
3.94812
3.46005
3.65523
4.3058
1.98563
1.21956
9.13495
6.66888
0.60701
0.948112
2.58397
2.07839
4.99281
5.32677
2.31169
1.57485
6.50998
1.07748
2.38017
4.43555
1.18719
3.64119
3.71437
6.79859
4.6078
5.1044
5.9964
2.94704
5.70727
1.06793
4.83395
4.37136
2.14911
4.822
4.88984
3.24295
7.63887
3.69962
7.76136
5.9977
6.61324
2.54205
3.11994
1.40291
2.7282
1.15356
4.97904
2.64203
2.06521
1.9748
0.976694
5.14164
8.55577
2.47426
3.57808
2.54746
2.2456
3.79246
1.84248
5.73296
1.68361
5.29938
1.00323
3.89898
4.689
5.44652
2.3707
2.93455
3.56931
4.93729
7.81935
5.51895
1.27047
1.84191
7.79962
2.9102
3.60524
0.445243
0.255975
6.26755
1.71936
6.21101
3.04281
1.87093
5.56248
3.12465
1.73498
11.5352
2.84184
10.0452
1.51053
5.48844
3.79925
5.30486
3.37795
1.52269
3.67554
6.55938
1.04098
3.7621
6.98263
2.40421
2.59492
3.00776
7.53455
0.55422
13.0142
3.36034
2.02551
0.67667
0.734534
3.14125
3.95639
3.18976
2.81735
5.5373
5.78559
3.6376
4.05958
13.6459
2.20255
2.17841
3.50229
5.48602
3.53104
1.93949
1.27575
5.25904
6.95006
2.6142
0.816204
3.51292
2.35392
0.238334
3.08249
10.4416
2.3255
4.18195
2.62648
5.04045
8.7494
5.01395
0.748464
1.81319
1.19682
2.14402
8.09258
5.53491
3.25705
0.465077
1.73995
3.21317
7.78048
3.18921
6.59137
3.31158
2.66446
11.5155
3.41497
5.00768
5.77175
1.08766
5.8004
5.96352
4.64822
2.88999
7.7451
3.37245
3.65336
2.69945
5.23081
3.95693
0.338416
3.94375
4.28628
2.14179
0.823843
5.58814
7.93897
1.46713
3.93609
4.04876
2.28341
0.665743
0.649387
2.57849
1.34497
2.47597
2.50066
1.27598
3.88851
2.41292
4.02195
4.72088
2.90545
1.04493
7.92053
4.76565
2.23453
0.846385
1.5949
6.99132
0.834895
9.78112
0.884034
2.68341
4.3799
1.38241
5.39784
1.15906
1.56217
5.50314
5.64778
2.91968
4.42937
1.76706
15.6828
9.16667
3.31688
5.30382
8.83126
4.90063
1.57691
1.9618
2.54059
0.359419
0.728228
4.51551
1.74555
2.06009
7.83509
1.55856
2.29524
0.995019
12.7924
5.8923
2.54831
2.10334
0.60621
0.879296
2.43023
6.48919
10.8741
1.77142
4.26556
6.39519
1.4993
1.19
3.69853
11.3669
1.83605
11.6366
2.37525
5.92205
4.1937
0.68674
1.90082
0.257869
7.10792
3.57072
6.00065
11.3679
4.82268
3.20414
5.20485
6.02069
8.78158
3.78555
2.39779
1.73175
6.94373
3.22668
7.18988
4.7478
1.4016
7.06095
1.61378
3.91981
5.51881
3.06649
1.01214
4.77248
3.74303
2.25789
7.37681
11.5524
9.91136
2.42353
1.29239
1.4504
5.49756
2.42583
3.25171
17.0727
8.02876
1.11536
0.675132
6.97841
9.82117
1.56193
2.92371
2.41819
2.66612
7.647
0.643788
6.73998
1.24895
5.08924
5.8668
0.359224
0.195771
0.996487
2.12661
8.48072
4.33702
2.50222
3.20908
10.8
2.25368
2.83356
10.0518
12.5789
9.8581
4.22283
1.88135
9.24763
6.3951
4.94007
3.07689
8.26543
4.32709
2.9846
13.8179
1.8473
1.59384
1.13142
2.54715
2.12705
2.29042
1.31211
3.80833
3.10915
0.969241
6.94808
2.70126
7.51832
1.90552
1.7396
1.52118
5.7212
6.52857
6.69069
1.44153
0.43924
1.1061
10.8122
3.02111
4.01281
5.18004
0.768785
4.21943
7.15699
1.80436
0.726805
0.905047
6.63089
4.01416
3.02864
1.79332
1.23506
5.94408
4.33261
2.28192
2.49282
2.66433
5.24407
14.7492
0.241885
6.30025
4.39385
1.9346
3.51948
1.29908
3.33152
2.77984
2.83067
2.93224
3.64348
0.814068
4.29533
3.21191
1.30071
3.9225
1.08263
12.5403
8.72991
1.96731
2.23859
3.41895
7.12196
5.55289
1.27466
3.7743
8.04979
8.19183
2.54969
6.66232
13.7151
2.31896
0.318991
2.87698
6.79466
1.83247
2.84081
8.66035
5.24554
5.90839
2.4764
2.71319
2.31274
4.67135
5.00006
1.192
2.24394
3.9839
7.38684
4.36639
1.36044
2.92621
0.351267
5.15992
7.70859
2.44754
1.33364
3.02767
3.87909
0.572018
11.5825
4.4733
2.29013
6.80675
1.43002
1.61398
0.704501
4.59574
4.92558
6.7483
1.72887
2.62396
3.37148
4.4747
7.07878
3.58111
12.9196
5.27948
3.28254
4.8408
2.20029
2.39338
7.21111
2.99583
2.9375
4.72385
0.858796
8.20533
2.173
0.893437
6.85642
4.31767
2.58449
8.12549
9.15795
3.23964
1.3889
2.40896
3.81809
1.91272
2.53752
0.277699
1.73202
4.4443
5.38816
2.83736
2.82247
6.17548
4.45053
2.36318
2.31287
6.22604
2.03486
3.0014
1.73583
5.16979
2.28917
7.91371
3.77863
2.72692
8.32684
8.33557
0.344755
4.72335
7.84106
2.37172
8.63156
2.55286
1.11121
3.53778
8.82471
1.89482
5.88702
4.32433
3.93496
0.745008
5.71489
2.62247
5.61008
0.189509
4.46118
3.10087
1.25589
8.23543
4.08704
3.03963
11.7216
8.47436
6.96845
5.76647
1.65742
5.2213
11.0778
2.64179
4.48352
2.93106
4.22106
1.82777
2.78106
0.975055
2.29068
5.11862
1.99658
0.795972
3.71661
1.60585
2.40745
2.23878
0.385573
8.7045
5.62894
7.9911
5.84278
3.04001
2.38994
2.21623
6.22018
6.76222
2.54424
5.66764
0.996991
5.54789
1.55855
3.15103
0.615186
2.96668
0.909273
1.7563
3.45765
6.80665
4.19483
3.16766
2.73452
1.78861
2.4504
5.03655
9.99645
2.15681
5.42198
6.98075
5.32351
2.58662
2.22219
7.79715
0.831677
0.767075
0.432233
3.92396
5.7758
1.55452
3.56596
5.08595
0.95067
3.31334
7.37086
6.85018
3.64957
3.74334
5.05286
6.42897
0.985595
1.32237
2.23452
2.01754
0.884994
4.30665
9.65711
1.45568
1.21585
1.60388
2.08827
3.33623
4.17612
7.28528
1.66627
2.4508
9.58985
2.45272
5.52431
3.07719
2.01788
1.03856
1.11188
1.33499
5.65808
5.76768
1.04074
1.14375
2.30833
4.45908
5.06703
1.02269
3.86312
3.00746
3.36916
4.5784
3.47522
3.20994
4.77576
7.04658
2.98048
2.05071
2.8979
4.85666
1.27781
6.67577
1.63647
3.85575
2.4201
1.85849
3.07214
2.57558
5.6389
5.07568
4.75796
3.30424
7.08656
6.18099
1.52246
3.17132
0.935038
6.87939
3.24742
0.723111
2.53925
7.65507
2.19735
3.67881
4.0256
1.97705
2.79015
1.92649
7.06129
0.789902
4.98735
2.69389
3.02203
6.27874
3.44053
2.12763
5.69926
2.68173
4.60578
0.537149
4.07249
1.27508
1.25534
7.84155
1.68016
2.05304
2.54369
3.66553
3.13463
2.31858
4.55631
5.2023
1.83144
0.989689
5.5345
5.9839
2.96049
3.63639
2.01766
9.64777
4.16145
5.39627
5.30549
2.78724
5.85113
0.998739
1.75744
6.21709
9.11756
4.04943
5.75552
3.96022
4.14846
1.24861
2.27314
3.40909
5.89117
4.12997
4.57712
1.33352
4.34888
3.9662
6.32962
6.32101
9.83604
1.57503
1.32376
0.285603
9.82955
3.19354
4.60621
7.87733
4.10571
4.42878
2.22419
3.56239
0.938712
1.51191
7.97896
1.03871
2.58293
1.77567
0.244333
8.2522
4.61101
4.04709
3.9698
0.939888
3.22668
3.61612
8.29254
5.43212
3.79689
2.77524
3.35152
1.16584
6.99308
9.45921
2.17044
3.34519
1.49863
1.98024
1.36018
6.79291
2.64287
0.66389
5.8067
4.72287
3.14455
2.36159
3.73669
3.4754
4.25859
3.97289
3.2318
2.07202
0.756569
3.52073
4.85317
0.564279
2.53536
6.6974
9.99766
6.57859
6.09432
1.38371
1.98838
1.36833
10.6507
4.23488
11.4601
5.12926
6.81132
3.90263
5.13009
1.63624
3.28074
2.2576
7.23944
2.13617
6.11254
4.11796
5.35604
1.64178
4.29765
2.01685
4.70895
7.21908
4.06238
4.14214
5.53423
3.00951
10.1783
5.61472
5.28602
5.75093
4.36843
2.38149
2.81512
8.23823
5.84903
1.4968
4.98107
3.7176
4.85055
2.50341
4.39068
3.70514
2.599
2.93532
1.27141
0.822708
1.6216
4.9128
1.68815
0.912023
1.36143
1.14754
4.8773
3.18123
1.96471
5.38976
0.678092
2.83386
2.62967
4.52975
10.9709
2.50559
2.6514
3.50159
3.80701
3.25156
4.28448
5.76033
1.13003
3.22716
4.66669
10.3562
7.47176
5.17056
0.345998
4.11246
3.17698
4.59294
3.54266
5.56069
7.5678
1.49273
3.53205
0.99945
1.49538
9.25339
6.31138
6.45563
2.95601
4.63373
0.44828
1.6697
4.8216
3.711
2.66548
11.0991
1.97635
8.42944
7.21161
2.2658
0.699566
1.50249
2.31682
7.86184
1.65118
8.75579
6.93551
3.15316
3.27951
9.16901
2.54403
3.45066
1.32279
1.95288
1.80275
7.43339
4.15685
3.73677
3.72038
5.87747
1.15835
0.492299
2.88081
2.07223
1.25757
11.3707
2.65142
1.38681
3.11977
0.565785
0.140198
4.57767
3.54401
0.598641
0.459309
1.2277
3.94203
2.93453
6.76107
1.80012
1.622
1.76789
1.45607
1.34727
5.63439
4.2845
4.25909
7.30489
6.21807
8.8132
11.3635
3.67013
3.25818
6.40247
1.55843
2.08716
4.78728
0.298397
2.13487
5.3265
0.0930817
6.30454
1.42857
2.76289
1.63425
1.95304
2.7662
3.4914
8.04347
1.97164
4.74385
2.74815
2.9642
2.1766
5.77151
3.27228
3.91218
10.5797
0.819732
0.898535
12.937
2.7204
1.6246
8.72969
4.4955
2.33385
2.73588
2.72435
1.81867
0.476842
1.7646
1.8914
1.81262
6.24928
9.00157
1.13364
1.05288
0.326915
6.45935
11.6057
4.24672
1.51806
0.619285
1.48787
2.74606
6.11865
2.90521
6.9332
0.746681
3.93345
1.73928
1.30376
0.170081
6.42472
2.81821
0.558808
7.31863
1.63533
4.8915
2.727
4.81947
0.437958
1.07531
8.18345
3.07788
2.1927
1.06798
4.17064
3.34472
2.3391
2.46334
3.11489
2.38362
4.94677
5.12416
9.60615
9.61242
1.85775
3.47059
0.587515
0.920156
2.34496
4.0228
5.50219
6.77257
2.34659
7.05966
8.06461
5.06549
14.7034
1.16279
7.12749
4.16476
0.328496
0.354338
1.66674
5.46492
3.28801
2.8973
3.68618
5.58891
1.58567
2.07575
10.4698
7.50334
9.29786
2.99846
3.39746
3.11253
2.71348
3.95091
2.50478
0.448938
10.2303
0.805998
1.93221
6.86049
3.18639
11.5264
3.6075
1.61341
3.42679
2.10502
0.964219
11.4855
2.37104
7.0677
2.81034
0.727831
0.62376
1.2441
2.89592
4.66184
5.05745
1.11673
0.802431
3.43766
1.28377
4.01136
1.00978
2.04392
4.97452
6.50802
6.95086
2.78159
4.99416
1.22291
7.48846
9.88768
11.8602
1.69887
4.8055
0.39596
3.59938
3.95503
1.12984
1.88063
1.42104
0.7528
6.56425
1.47567
1.12969
11.0304
6.4962
3.47469
2.89445
1.58662
3.9154
2.34261
2.45963
5.78481
9.16831
4.61534
1.26971
7.62776
4.76275
1.68994
3.96346
1.07164
6.16068
3.50232
2.09448
3.75156
0.801445
4.50236
1.75432
5.46997
2.4059
7.04378
5.02996
2.35089
1.30005
2.42728
10.2725
6.11956
6.83867
1.12653
3.31156
9.57507
1.99851
6.64196
1.14907
6.68959
1.59486
7.58904
0.414775
1.44208
7.07806
1.40446
8.45942
1.08804
4.13955
4.26045
2.55571
3.4048
5.57836
6.31284
1.47568
4.20135
17.488
1.03633
2.84326
9.73792
2.63114
0.822436
2.60763
4.81658
0.988271
13.1051
0.844014
5.89347
2.16703
9.69266
4.70297
1.75306
2.31744
8.11383
0.336519
9.70218
1.52302
1.06254
2.85277
1.74911
2.47684
1.14006
5.55862
0.824539
0.574303
3.32539
0.234771
2.80443
6.57642
3.81965
8.683
9.53049
7.14062
4.70105
6.44251
0.246348
2.38119
3.74121
5.49967
7.13844
4.00475
9.12278
1.11941
6.49566
5.87895
4.46652
1.64929
11.6239
10.189
5.03723
11.4474
1.8271
3.34614
15.5172
2.41522
7.87803
5.03807
2.33951
2.80919
1.44598
2.23483
2.39179
8.71775
6.33754
3.21147
4.9146
3.27323
0.874033
6.92707
2.36201
2.6294
4.65779
4.24469
1.96742
2.7462
6.876
2.25691
20.1391
6.17939
10.9483
5.51223
1.25331
8.37335
3.31642
2.15877
3.42567
0.5742
3.66913
1.43685
9.64549
4.24964
2.39418
3.4366
5.88901
3.8543
17.4929
6.09364
2.305
6.4387
4.33231
2.55097
2.47261
8.05872
3.44665
7.85056
7.06486
1.23716
3.06304
2.85126
6.42698
2.67269
2.9985
4.03724
2.6439
3.67404
3.29593
1.5936
9.14534
0.708136
3.16881
4.20685
4.0905
1.36248
4.20781
5.95179
2.14994
3.32147
6.89348
3.52006
1.37647
6.57148
3.82162
5.71563
5.90462
2.4095
3.58355
1.86713
1.7959
2.54084
3.55661
0.893219
1.39507
1.24641
2.03678
7.31209
9.18396
10.6806
13.3076
6.76475
1.8501
3.89181
1.66171
3.81652
5.31371
1.33245
3.62677
7.01886
0.785154
4.35335
6.73108
5.29828
5.80936
5.75734
1.28262
3.11523
3.78988
4.11926
6.78072
1.36196
4.49254
1.35239
2.56984
4.9854
8.39402
0.460924
0.43737
3.60723
1.10202
4.98054
2.80995
1.27218
11.915
7.1694
3.49688
4.70174
2.60724
9.21566
3.18846
16.6491
1.63632
7.58905
1.24458
0.772998
7.82008
6.64563
6.66063
5.71542
2.40946
3.52378
0.76723
6.48918
4.82828
4.91923
5.09347
1.40978
7.26687
2.83043
3.29468
3.93122
1.17704
2.74551
0.532073
0.830122
0.814657
7.96436
3.13807
1.16632
1.74639
8.87834
10.4539
8.78541
3.31715
2.10378
3.22311
10.5915
8.09658
1.70716
8.51678
4.77511
4.23298
7.89385
2.9069
7.83112
2.21835
1.83296
3.30418
3.33861
1.12343
7.88709
1.82315
3.20631
1.7187
3.46676
3.15734
1.22764
2.76882
1.20773
7.37512
1.76612
5.59393
1.1124
5.67374
3.99319
1.58306
0.327832
3.68657
3.4676
1.62208
6.97221
8.1815
1.24478
2.21255
5.35215
4.68807
5.91739
1.54655
4.98609
4.10347
5.45153
2.57932
2.45121
5.102
2.5619
4.522
4.46021
7.77666
2.48115
0.81957
6.76674
5.68303
4.8701
3.28109
5.27355
1.56352
10.9195
2.91653
0.414166
5.95837
3.93482
2.5256
8.31036
3.61412
3.47955
4.56635
1.53051
9.02043
0.572049
3.12642
5.2465
5.88117
5.51759
7.29544
1.61913
1.26672
1.00644
1.88321
7.42134
0.625319
8.48685
2.00126
8.00345
5.56822
3.18261
2.47502
4.74442
4.24503
4.19719
3.17723
5.3326
9.88851
8.45105
5.68515
0.999324
14.8248
1.64817
11.0947
10.1609
2.28196
6.94372
1.56311
6.6259
1.44908
1.43242
2.21008
1.72835
8.22639
4.17606
1.8432
1.54454
10.9427
7.82109
4.13316
0.800018
5.01889
3.09808
9.62024
8.90574
6.62295
6.09578
0.492438
2.75922
4.5054
0.992183
2.02472
3.77934
3.93659
6.18218
0.481241
4.09351
2.0588
4.53369
3.42683
3.1703
1.9361
6.02553
3.7455
2.86043
9.50474
3.96171
6.15604
3.97689
2.36741
5.07097
4.25366
5.75229
8.09778
1.00432
3.67359
1.1078
4.8868
3.09928
4.95051
0.510149
7.51437
0.472359
3.71611
8.32294
5.15504
5.53695
3.86905
3.96957
8.46407
2.05617
5.92836
2.34271
1.59523
8.30143
4.27266
0.641766
1.61015
3.30235
4.64028
0.870163
10.8811
0.44185
10.8805
2.90293
9.72723
5.86006
5.09604
1.24255
0.289852
1.84515
0.879789
0.867577
8.61772
1.61107
0.970941
6.2184
0.949725
4.34098
4.25859
1.08994
2.76318
2.28139
0.44357
4.36473
2.19219
5.11517
4.42404
2.67226
16.9693
3.9468
6.6928
9.91553
3.62379
4.15671
3.56123
4.89495
2.93661
7.79841
1.84798
8.47151
3.5878
2.30562
3.70777
2.86623
5.20469
2.95723
4.53791
4.6567
5.07941
6.63947
5.26643
7.56327
3.45457
2.81141
5.43556
2.36961
1.44437
8.27187
7.67722
4.96898
0.488621
3.00866
9.15307
4.55962
14.8575
2.00341
3.03527
3.49384
6.18951
17.2707
1.06415
7.97384
2.89586
9.84938
7.27722
1.86933
4.88886
8.53195
3.37583
3.27503
2.23516
2.64074
5.08674
5.48397
3.15528
7.6018
3.40287
3.8511
9.13177
2.82791
3.2191
10.5398
1.68613
2.54687
1.05608
4.59909
9.6509
1.39131
7.66576
5.73338
1.15935
10.6554
4.06646
5.45191
9.71235
5.16741
6.42227
0.646698
2.33871
0.876487
4.97784
2.57471
5.97512
1.86
3.51844
3.05243
4.98195
1.25112
3.07462
2.00459
2.92008
3.50837
5.77372
2.39319
0.276467
0.948228
3.35609
3.62077
1.00509
7.18337
3.38313
1.09696
1.22317
6.12305
3.14335
0.911945
3.6452
4.49611
1.95511
3.29975
1.35335
4.68823
2.15915
0.933425
5.62928
6.23239
3.44513
9.97336
5.93122
1.8414
2.71779
7.05434
2.91706
6.08759
3.88756
2.56733
5.58251
3.79452
1.48037
7.59869
0.24214
2.58717
2.26636
1.78951
6.40793
2.74475
7.9004
1.85778
2.41584
3.13687
4.1952
0.651613
5.48824
8.4245
3.73822
6.06768
1.17939
1.26788
1.68794
2.22574
2.86744
3.9766
4.63074
4.05076
1.13374
0.877187
5.7697
13.1967
0.681938
3.69245
2.36396
2.83988
6.17299
4.3301
8.13101
4.797
4.70686
4.53951
0.186795
4.24515
2.00658
1.17207
7.85297
3.33277
2.90096
3.78056
5.1671
4.57466
4.29978
7.71292
5.05648
18.2867
0.329656
2.40006
5.49287
7.72353
3.97434
5.81129
0.419535
2.97632
1.67169
7.258
4.46729
4.59626
6.63793
4.62769
1.6967
0.355101
7.32937
2.99353
6.58008
0.333231
4.64161
2.07364
1.91082
1.1634
2.47928
2.48266
8.98501
7.85974
2.67583
2.12629
1.99852
3.65102
1.95503
3.47818
0.418186
2.96092
2.25235
2.72306
2.834
2.16218
4.32026
6.94033
1.79625
0.863331
5.60774
5.29479
1.48771
4.61374
1.89009
2.36207
7.92528
2.2648
6.27392
2.89655
2.73281
6.70184
8.70024
5.9498
6.15445
3.44294
1.1958
5.17006
9.52434
12.7762
4.70181
1.74425
7.89415
1.10978
1.14867
2.70869
4.93488
7.69556
2.45259
4.485
4.6711
1.08627
3.52316
2.71094
9.55194
2.20405
7.9292
3.77623
1.62245
5.29899
3.23195
2.31472
1.78088
1.641
3.37955
3.76552
2.53025
5.02023
8.8782
2.19304
0.523775
5.03532
2.83816
6.13487
2.96257
6.09294
8.43471
2.17322
7.19671
2.10653
3.08502
6.11243
7.35727
2.76219
12.5233
3.62468
1.72005
2.49028
3.91726
4.53345
3.25032
2.72381
9.9265
3.09267
7.02501
3.42931
2.1977
2.55665
3.36563
2.04411
2.35437
1.66189
16.7236
0.293135
1.09447
11.9175
3.10515
5.6868
3.56858
3.77186
3.81936
4.38223
6.57739
2.21992
4.06085
1.32055
7.52888
4.72391
1.61971
4.77798
3.3396
0.49841
2.90404
1.27021
5.49214
2.37266
3.33566
3.07383
1.11112
4.3539
2.99935
3.08601
1.19615
4.74466
3.31618
5.4155
0.681531
2.90148
1.2607
1.60863
6.87292
3.19353
4.89071
6.18322
0.682643
1.00234
2.90516
0.392318
4.793
0.973866
1.39624
6.70966
12.6984
13.609
0.932958
5.37351
1.53656
6.7623
1.66062
3.55583
4.82579
3.43849
3.87188
2.57614
5.58773
7.85791
10.6948
4.82237
3.36985
14.5695
1.67189
4.28517
2.44825
5.16186
6.43099
6.66037
9.01682
4.57193
0.267405
4.30998
5.18078
3.50292
1.60062
5.73064
4.75921
4.24527
3.00317
1.6959
6.28825
5.05332
1.75546
0.72866
2.36779
3.59592
0.736321
1.06329
1.55361
4.7692
6.51188
1.75581
1.86486
7.76286
2.86095
5.24281
8.50095
2.29279
26.3988
0.494622
6.85131
3.64315
5.42511
2.80362
4.0316
11.2059
3.23332
1.3433
6.18443
4.99385
1.2023
4.6585
1.97505
11.5789
4.11544
3.37912
0.583555
0.433412
3.31227
2.25639
2.95459
3.12758
6.15628
9.57913
0.731679
5.33753
2.61496
1.95738
1.39624
0.536861
1.74215
2.99043
5.8139
1.65457
7.80796
3.3714
1.07538
2.72228
1.21345
5.42368
2.52387
6.69964
2.76197
3.69304
9.08166
10.4731
4.89211
3.22636
4.49225
1.02315
1.70581
5.23846
10.9609
6.42493
2.49486
1.63246
1.26074
17.1709
2.86284
0.958908
0.38525
9.09322
3.66738
9.63467
3.44414
1.08195
0.416825
6.112
3.71088
2.08873
1.79077
1.20887
8.44338
3.73765
1.35676
1.48892
4.21152
5.7791
2.72921
1.93434
1.63577
2.08276
1.35916
1.41742
6.48038
0.718701
0.972354
1.95861
2.05795
2.70742
1.08594
4.9502
6.37411
2.98466
5.01092
3.36708
6.11668
2.54646
3.0463
2.30595
3.58952
7.63039
2.71282
4.0975
4.8601
6.6842
2.39887
4.55681
5.55594
4.06033
2.70928
1.80592
1.14118
1.63403
3.17012
3.44187
5.13626
1.41159
1.45824
2.73912
1.1095
4.20145
5.4766
3.41957
2.31054
0.166492
1.59747
5.88673
5.20918
9.99274
6.50996
1.52806
7.8471
3.63338
4.1001
1.12569
1.13898
1.12618
2.04201
0.899092
4.38175
6.69845
1.03574
8.44009
1.24669
0.417348
1.9872
2.25937
2.39545
3.53944
7.65052
2.56425
5.41993
1.08512
3.15858
3.69252
0.470186
6.23726
1.3371
4.27661
5.11293
1.80905
1.95343
2.48561
4.31546
4.17941
3.96861
5.06647
7.1683
5.6138
7.40363
4.45858
6.02023
6.63413
4.83881
2.11265
4.24672
3.68609
3.31553
4.10595
2.12851
1.03479
2.99554
3.6242
3.10277
9.29612
11.2074
2.30918
4.23331
2.2775
0.540793
8.81201
2.29544
2.18809
2.88168
1.58776
3.24311
4.25289
7.61626
2.58887
4.17495
8.26029
2.77173
2.55806
4.66776
4.28109
3.19852
2.92441
4.78139
1.85538
2.52433
8.38979
2.45142
3.69968
5.79003
2.92323
2.69903
2.96898
5.18318
2.12566
0.777269
3.44928
5.7931
2.24841
17.4639
4.49595
4.61484
4.42474
0.318658
3.40179
13.6167
0.348838
3.10622
1.09052
3.71635
3.05384
2.12846
0.877838
6.53762
2.22172
2.66975
1.85639
3.86749
3.13183
5.34152
0.876951
0.739641
9.49305
1.83695
4.38162
4.29097
5.526
9.35624
2.2799
7.17198
0.864454
3.15992
2.44238
3.56091
4.76616
2.77479
6.19385
2.7419
1.65081
5.99467
1.14897
0.311149
4.63881
2.52547
3.97813
2.42192
8.62544
2.9389
4.10019
3.92941
2.8948
0.675933
6.14964
8.55851
5.47557
1.67654
2.40526
2.63375
1.55608
8.73512
10.6053
1.63757
1.33331
3.43771
12.5315
0.980305
5.52701
5.86359
1.6646
9.71305
4.62052
7.69273
2.74432
2.90305
1.68698
3.97278
4.49727
3.03519
2.6789
1.96009
3.36898
4.17619
5.76932
4.03614
3.65032
1.11858
8.98484
4.27503
7.51381
3.99351
1.23971
2.38785
2.2701
2.86871
10.5665
0.612732
3.55896
0.671852
6.81488
1.79965
4.69997
5.51152
1.38417
3.64374
5.20983
3.21392
2.45704
1.06419
0.29222
0.835953
0.558576
2.32773
8.58399
4.1635
5.04584
1.23019
3.25139
4.57594
0.122465
5.78433
3.42678
5.3301
4.43375
1.94128
1.1422
4.22426
3.36123
8.04487
4.53565
0.889014
1.21843
4.77728
1.27795
11.3251
3.2473
6.76418
5.5779
8.18849
1.49891
2.33245
2.61909
1.55683
2.14226
1.77746
2.75349
3.04494
1.01964
1.8392
2.31286
5.00235
2.70438
3.31838
6.2897
5.8575
3.0582
1.10241
3.57991
2.40263
7.96329
4.59121
2.32415
6.18052
3.91519
3.84502
5.26785
5.06941
2.53252
4.54728
2.9068
4.97198
3.82138
1.97962
14.0709
13.1437
6.71763
2.03424
1.77071
1.32876
4.08329
3.71438
1.96008
4.00582
3.88963
4.51743
2.51374
0.144114
2.12277
2.21126
8.79166
3.67857
1.28311
4.28228
1.75068
3.13575
1.59653
2.50434
3.93881
9.57959
2.43184
5.40375
2.01163
1.40725
0.833985
2.51786
2.19725
0.940672
3.44222
3.97641
3.46887
9.22579
4.42842
0.722372
2.33501
0.681905
1.45997
0.221615
1.38105
6.45547
5.89903
9.18555
2.132
1.98152
5.45163
1.58278
2.71063
4.23868
3.39147
2.13185
1.17657
13.0149
6.38415
0.738837
7.14774
1.4533
6.1426
7.96168
3.66805
9.64915
2.55265
7.8679
7.96619
3.35401
2.98444
7.90981
1.34797
0.889563
17.7478
2.95828
2.04352
7.03085
4.36594
3.08291
8.42388
5.56769
1.38928
1.48887
1.59201
1.69065
2.91162
3.08564
11.7767
3.56418
2.835
3.8483
1.38555
0.877003
2.75574
5.18812
6.06947
5.9915
0.900359
4.3316
4.4604
2.41024
7.16056
3.99206
4.29465
3.73984
10.3791
2.80953
0.661021
3.08353
1.36408
2.72759
2.40238
3.88962
1.99947
4.20087
2.12347
6.36809
5.20266
3.2986
0.778732
2.83513
1.02604
2.67525
7.17143
8.88235
3.14558
1.05069
2.95013
1.83728
4.00014
1.75186
1.49604
0.987624
6.34205
1.32265
4.93663
8.07381
2.25248
5.61377
0.263793
4.86179
11.4968
2.6315
2.49342
5.3319
0.575491
1.04329
1.14016
4.35997
1.14444
0.380555
2.45875
13.9025
4.35441
4.45413
10.8846
3.90496
5.5688
1.57109
1.91195
7.41395
7.48701
1.7261
7.93909
3.40376
2.18264
1.89899
5.3563
4.39632
6.05267
6.49014
0.240842
3.92378
3.99937
1.61378
7.11838
7.94351
1.62321
4.42556
7.474
5.05118
1.32428
5.9445
8.07167
0.222161
6.32946
2.8418
1.29619
0.911592
3.27722
3.80837
2.67078
7.36069
8.24744
7.84514
0.839077
0.462407
1.38798
6.92313
4.38104
5.77212
3.30205
7.51572
5.08423
3.58202
4.90732
2.83006
5.94683
5.23876
8.53685
3.18499
2.56847
5.84056
5.57623
9.42531
3.70098
6.49633
2.94014
4.21528
7.37288
1.42982
3.49569
1.34539
4.82481
5.51402
2.39792
3.49762
3.74494
5.40144
3.46004
7.99896
3.17388
3.75198
2.53983
7.89019
1.97212
6.36167
6.38406
3.45486
2.1152
4.78945
0.759133
6.38573
0.746626
3.47467
5.16998
7.15908
3.94825
2.70481
0.410001
9.16516
0.236014
5.52981
9.61725
4.18453
5.5706
4.92177
5.08452
2.56288
1.09148
11.9188
7.0078
1.49579
1.4735
2.68833
1.83986
0.579479
7.86465
1.76946
1.36708
5.78077
5.13139
5.66695
1.23281
2.95442
2.26602
3.81961
3.26828
2.69677
2.92174
3.1053
3.29235
1.37265
12.744
6.61235
1.9681
1.41917
4.80813
2.64752
3.28252
6.73218
2.56388
0.8317
2.71308
3.74151
5.61672
3.56253
4.37631
3.59973
2.04124
1.6736
6.36651
1.92445
3.37999
4.79295
5.15049
0.493592
11.1224
5.57258
0.963223
2.42342
5.15742
0.960084
2.46417
7.6112
1.71424
9.35785
9.56327
4.66102
1.55297
1.56235
10.0448
9.83908
3.0574
4.54971
3.74846
5.88803
3.02122
7.91374
5.14897
1.63226
4.06289
3.4433
5.12349
5.84892
6.56746
8.92301
5.64006
2.99735
4.38236
1.64665
3.7529
4.75795
4.53673
1.12593
3.04099
1.59574
2.54195
0.633301
3.74093
2.24691
2.38305
7.68711
4.34097
1.0424
2.1787
2.7009
3.01972
2.72369
4.99516
2.63734
0.969942
0.555785
6.22385
1.35026
5.92284
4.83271
4.66491
1.54933
0.989988
4.96735
1.57272
5.62941
3.01744
1.47317
3.3529
5.11237
5.15059
1.33827
1.96313
9.61212
1.06074
4.38816
0.85662
1.81181
1.74721
3.10005
4.69987
0.792271
3.75335
4.00559
2.68332
1.67484
0.693666
0.13243
4.337
5.01328
4.1676
5.51567
8.92813
3.20136
5.55284
1.29461
1.37946
5.32155
10.1419
3.78993
3.00262
1.19621
3.45446
5.54055
5.94739
6.05641
10.2652
4.10098
2.2315
2.08932
5.92091
2.85576
1.18326
4.8279
4.48704
6.78592
3.88819
6.01777
1.60027
5.89879
3.72378
5.22123
4.43058
5.1902
0.28117
2.94314
6.52322
4.27365
8.11033
3.7299
2.37701
15.4824
2.03734
1.36076
3.34689
1.01874
3.28054
1.06749
1.64517
0.847497
0.884091
0.719851
7.26874
1.25683
0.983525
4.29082
6.00957
5.52325
2.88894
4.52354
1.21474
1.95864
1.05805
7.2898
6.12856
9.40724
4.9076
0.762757
3.37995
4.28732
3.28695
5.95967
1.72513
0.431979
0.250539
4.29049
2.50094
6.71556
3.46579
0.713753
1.2102
4.03556
2.93071
3.90489
9.01679
3.09281
2.50641
3.44862
3.4136
10.6971
2.94097
1.19413
8.10063
0.240259
3.46604
4.54468
9.08409
0.782819
0.881226
2.08928
4.16753
3.6396
1.9328
3.23644
9.13711
12.7151
4.84489
8.45272
3.85291
1.34728
2.71997
4.01036
1.459
5.3068
3.48586
0.299183
1.22086
2.38781
1.74408
11.5944
0.913333
5.10821
1.85513
0.825835
0.591049
0.279855
3.6598
0.574714
2.92599
0.762261
1.66616
3.54832
2.65538
5.80014
6.73366
8.56286
15.7034
1.18512
6.42421
12.291
4.41787
0.301284
4.30807
13.0741
6.26518
2.68311
2.54067
5.53593
1.70861
3.14814
2.88455
1.03471
2.82571
1.02521
3.98205
5.94611
3.0559
3.33197
2.81365
1.36544
1.76605
6.67237
1.56758
0.947052
5.05341
8.82076
8.49845
7.2893
2.66954
2.79786
3.16585
2.90251
2.52239
3.29446
5.64058
2.53822
0.791797
0.263515
2.16418
0.184803
0.651968
3.22145
9.71488
1.47126
5.8152
1.59964
3.23536
1.52605
3.97156
9.26658
9.56155
1.41672
12.5797
1.69964
5.31901
1.76098
0.68199
1.50185
4.65874
2.77691
2.46377
4.67013
5.31989
7.7375
4.51649
6.87102
0.169588
5.29786
3.58431
2.4883
5.58074
3.43243
3.82157
7.54234
7.09385
2.92457
2.10754
3.34149
4.2897
0.577104
6.97674
4.18091
3.44258
5.64285
4.24213
4.29652
3.26776
7.76145
1.77922
11.7364
5.05005
10.6
7.9465
4.39431
4.02899
1.40484
10.0797
3.79496
1.53214
4.19232
10.2475
3.11158
1.32269
0.828558
12.4612
8.92471
0.802676
1.76431
2.82791
8.6171
3.35115
1.45042
0.299783
1.77641
2.33578
1.43672
7.97096
4.64424
2.07109
2.98769
1.94928
1.48755
3.1152
0.630843
1.08368
2.5614
2.52398
0.462574
2.17211
2.73506
2.88945
8.6762
6.95447
3.61176
2.08444
1.59965
0.587532
1.87162
3.40457
0.325246
2.84874
4.74683
3.40165
5.75183
2.41537
3.10548
2.55588
1.0765
4.49705
4.96214
2.95925
3.67666
1.97854
1.71265
1.46352
1.07409
5.37016
2.97973
5.02079
0.974566
4.2677
1.09834
3.26999
3.59432
9.81003
7.09999
2.91066
5.8616
3.21125
3.67555
1.59301
6.18441
1.48501
1.78913
7.76304
0.905106
9.10488
2.56797
2.89636
3.17906
0.332847
2.136
5.30022
9.52487
6.9008
0.15387
2.61351
0.727455
5.94643
17.2747
1.1144
5.04236
3.49733
0.534329
1.03924
4.64427
7.03098
6.60988
4.79091
0.676308
2.89459
3.10847
2.60013
3.85768
8.32489
1.17146
6.2686
8.16474
2.07566
4.91495
7.03778
6.94024
1.92999
5.27608
1.30233
2.27447
1.50894
4.86299
4.80882
3.74606
6.82176
4.17275
1.28981
6.27112
1.40782
3.65693
12.5874
1.84092
3.19047
7.97153
5.2703
2.61879
8.38844
6.66185
0.479321
3.52952
1.59439
2.54313
10.0651
7.04424
1.78426
3.47703
4.61678
3.47627
5.302
5.5668
1.94504
4.47632
4.21873
5.41437
1.87327
5.04989
1.69548
7.18199
4.42833
5.23592
3.29526
0.963668
2.16777
3.91233
1.48298
9.0165
2.72852
3.05645
6.08444
8.52427
1.83687
5.46533
2.63071
4.78461
3.17179
3.8966
4.28109
7.6857
6.62422
13.5898
0.455085
0.560259
6.7301
2.23851
2.60327
2.02354
0.141515
1.88666
4.66094
4.72882
1.33997
2.9332
3.32577
5.08183
1.4317
1.1163
2.78537
3.70616
1.20397
0.314924
2.77814
4.8687
1.85011
4.45664
3.18436
9.58277
0.0993043
4.27758
6.38367
3.82893
1.29942
2.19489
2.43305
1.50851
5.59914
1.50933
1.7158
8.31696
4.52485
2.94684
3.3668
0.270672
3.3871
6.32186
2.40525
6.4401
1.76316
2.35354
1.6356
4.5061
9.61172
6.17911
9.32801
5.24702
1.07363
2.8331
3.49748
0.921794
3.7041
1.03965
0.529532
1.69584
7.29737
4.48844
6.95795
1.69922
2.26735
4.93821
6.59245
1.96242
4.54047
1.69268
3.0101
7.15305
2.30123
3.12241
4.05173
0.172052
2.53451
3.45056
3.7266
2.64628
4.76992
7.11905
1.25696
5.18791
7.86203
2.85865
12.8842
6.56617
2.69794
6.25537
5.20549
5.24354
1.29693
2.92502
8.13301
1.65411
2.64762
3.77728
10.2362
2.85402
3.4934
2.01177
1.94167
1.37172
1.4939
4.71388
4.49341
3.88242
2.76647
3.26226
4.74648
2.43039
4.21604
0.949455
8.85579
2.40167
5.3674
0.714484
2.59406
4.91742
1.26261
1.37772
4.05073
1.72169
4.37806
1.53667
6.25812
4.86616
0.800188
5.81226
3.00362
4.88382
0.952894
8.65809
5.37621
2.61974
3.65722
1.35704
0.737476
4.50615
0.940263
2.55263
11.8676
2.29901
3.55657
0.918527
4.67759
0.965165
6.73191
0.427698
2.41416
4.29612
2.70822
6.22297
1.28601
6.42636
3.10733
3.31571
3.6593
0.102807
8.46027
1.19196
1.77145
0.687
0.88413
1.73411
3.77915
4.41679
2.43713
9.86604
2.38544
9.52956
3.07549
3.71318
13.0657
0.591429
2.39622
7.41005
2.30881
2.55283
0.850471
3.79039
1.96117
4.7678
4.48213
3.56776
4.8345
5.46034
2.82336
2.41586
1.10609
1.78357
9.22668
5.38523
2.47123
2.40296
2.63207
1.86136
4.07035
2.32585
4.8482
2.87306
3.03905
4.07581
10.7874
5.82402
3.93188
5.0735
7.06256
0.276971
5.13972
3.05691
0.952821
5.41415
5.5219
3.48279
10.1548
2.10029
1.41174
1.48608
0.881795
5.058
4.87807
7.67523
4.74836
2.60878
3.38594
1.0967
2.46733
6.46092
4.8411
10.7025
4.12876
2.8283
1.87538
4.70162
3.83177
1.09371
1.62119
4.89001
2.83447
3.60081
3.16455
9.03679
3.66338
6.22153
1.295
0.744267
0.898558
1.07318
2.49006
1.46084
0.831753
4.06454
8.26165
0.960213
5.09696
5.61231
5.82459
9.78129
5.40104
2.2126
2.74108
5.20967
4.50058
7.51676
3.23604
1.05143
7.5898
3.78758
1.89825
5.33508
2.37412
1.27405
3.33194
3.22462
4.98254
11.9993
2.76063
1.43131
3.19951
3.13309
0.603913
2.6833
2.72251
4.18499
3.28749
4.99525
2.37042
8.31475
7.5979
6.68566
6.00497
1.23955
1.2094
3.72373
4.68068
1.93583
3.34692
9.45276
4.84511
7.54802
5.08577
10.2229
2.26394
3.47876
1.52196
5.17347
7.07859
5.54665
0.825659
4.62182
9.3668
2.93085
3.25217
0.921201
11.8179
2.50172
3.81595
7.71344
1.35123
1.85196
8.43076
0.657147
1.08537
1.88096
1.68896
8.38749
15.5554
3.81153
5.55245
5.48127
4.00233
0.606202
4.18497
0.875062
3.74326
4.98206
2.70081
4.57406
2.15256
2.82883
2.51109
1.80135
1.5957
4.72758
8.35793
0.803103
0.924211
3.57801
1.4575
2.79871
7.21279
7.11702
6.84178
1.6909
1.18087
2.41746
8.31593
1.79913
6.2671
4.17315
4.98783
1.05301
1.10228
2.23592
2.25842
4.08735
0.542242
1.19389
4.32126
2.48567
2.78975
4.41152
2.58528
2.22664
5.55882
1.6321
0.695253
3.32242
3.58122
2.55221
4.36069
4.07343
8.91651
4.91015
4.7114
1.76423
1.65922
5.51039
7.58989
0.882113
8.94648
0.931504
2.40941
2.23217
2.28181
2.72339
7.34032
7.0433
4.59061
6.0203
9.2793
5.91728
2.20565
1.66912
2.27311
0.849323
1.97958
5.91176
3.47671
6.33167
2.99409
3.30125
2.50126
4.85968
1.97701
2.56185
4.62404
10.5093
0.433602
7.36017
2.75826
4.11144
1.31075
3.91979
3.5398
4.20731
3.64851
4.71047
7.6652
12.9446
2.57495
0.648477
0.833253
0.826301
1.3179
1.35152
4.77094
3.04672
9.60335
5.36527
9.87592
4.81869
1.05822
1.50414
1.40435
4.42149
0.487712
11.9528
4.75085
0.61689
3.22652
2.12121
4.83312
2.97128
2.18517
0.849073
3.58466
1.76851
3.29321
3.63264
15.0806
1.33003
5.46664
1.64408
9.19142
2.29403
3.20431
1.3406
2.67727
3.01848
7.85262
8.7461
1.47573
3.91832
5.49344
2.23675
11.901
5.6882
2.44106
0.59203
0.942416
4.92054
13.3041
3.7483
1.14259
9.75457
5.38435
0.811541
0.777389
5.64686
3.93911
5.24391
3.63025
4.14662
0.21668
5.94728
6.71647
4.48213
1.95351
2.63017
8.09734
5.46487
2.91686
3.99248
3.72195
8.09145
4.39284
2.01367
3.83913
4.94933
4.66675
3.77602
5.30579
2.68864
0.038575
2.70477
4.12409
3.18042
1.96585
1.37802
8.64403
4.05481
2.82103
5.40383
1.37032
2.26209
2.96512
2.67093
8.34096
3.99364
1.05217
2.65703
17.4829
0.848168
2.69727
3.30462
2.5939
2.69698
4.43384
3.95704
2.49152
4.49744
1.34205
0.932795
0.519713
5.95809
3.11884
3.44533
8.14212
7.12243
0.775461
2.32649
2.33954
2.76247
6.16329
2.64301
1.37196
3.10225
1.21331
0.882786
4.91816
1.82828
4.67119
2.46644
2.80878
4.50601
10.2033
4.79809
5.0757
2.41493
1.43559
7.28824
5.50641
9.94944
1.13431
13.7888
4.77962
0.953465
2.31104
1.66639
7.01867
3.17142
4.57276
1.23223
7.19853
9.37156
3.48297
1.98776
5.00759
0.582081
6.51175
5.8802
1.02306
2.15221
1.28126
5.71445
5.01275
1.74097
1.60196
2.109
6.16572
5.23568
6.7686
3.588
5.13106
2.49711
2.92196
5.6761
0.643781
5.45948
6.60396
3.36622
3.80813
3.73764
9.19917
0.989949
5.1987
3.04566
2.39916
5.8424
6.14945
2.19904
5.82497
0.784244
13.9968
4.46053
4.85943
1.50779
2.3149
2.6184
0.969821
5.88128
2.53271
3.77421
4.54704
4.60773
3.4687
6.77436
1.27254
4.59803
0.0701777
6.46673
5.22413
3.32967
3.69325
6.08503
2.09781
0.735182
11.0856
3.95578
2.18338
2.05826
4.26428
1.04397
4.9445
2.8132
5.48378
5.27728
0.504617
1.68927
0.67146
5.75109
5.4976
5.98128
4.24194
3.34001
4.98994
8.2619
7.20804
1.15876
8.84973
10.2031
4.68908
3.91151
3.51955
5.59494
4.56809
12.3243
5.04068
7.75557
2.86017
1.72833
2.92937
2.46505
6.08538
5.75635
4.26028
3.84029
8.03124
3.57408
6.07394
2.24908
12.8676
2.81601
4.08288
4.03026
0.733774
5.14991
6.06426
1.60574
3.95669
1.5785
1.88122
3.28206
3.64277
10.7789
2.01087
0.962317
1.24006
3.21955
1.85178
1.97095
2.15306
3.47176
5.79108
1.91279
2.88123
3.69318
1.19067
4.88587
1.9796
3.29027
10.0813
6.50734
2.71726
6.85468
3.19242
3.1999
1.65579
4.49372
2.88506
3.06278
10.1197
2.52834
3.79881
1.86437
12.5585
2.92873
1.40443
10.1796
2.03368
0.800432
2.56279
10.9023
5.91442
1.86391
3.28558
1.25832
6.84836
0.580408
8.43999
2.35654
8.86948
1.8974
2.11317
8.2868
0.948538
3.23165
4.28641
0.783675
2.80685
2.53001
4.13237
7.61622
1.7907
4.13954
0.96986
6.81075
1.17854
4.3645
7.63148
6.54393
3.86276
0.596229
8.01641
3.81339
6.56237
12.6371
2.77257
6.29425
1.89878
7.46284
3.05642
7.28404
9.04194
7.03679
1.30407
0.941681
2.09638
1.70743
1.54017
8.50252
2.99081
0.962591
1.03177
12.7233
6.59822
4.53952
8.77487
9.94933
10.7129
9.03625
5.33221
1.28768
1.73971
0.891527
5.63396
5.01537
2.426
3.30868
12.2068
8.24666
4.092
3.66416
9.56124
2.38474
3.89886
2.40685
2.04332
2.61319
2.12275
3.20718
1.09487
4.93889
4.12605
4.14111
4.85845
3.40692
0.895795
5.75341
1.21865
1.89812
7.42991
1.774
12.1124
0.409707
4.4897
4.43471
2.14842
0.32941
3.90338
6.46111
4.54933
4.36207
3.51576
4.64911
6.13716
2.64478
2.14308
4.16567
4.33362
5.2044
2.48879
4.56463
2.54415
2.79793
0.570891
5.103
3.98117
3.77142
1.66725
5.00925
3.90673
1.92695
1.50552
1.43865
0.87054
3.75682
2.14094
3.43905
3.84494
5.83422
0.794374
4.39663
3.43863
3.96548
5.55191
11.184
3.8591
2.36229
5.33965
3.16131
1.16977
4.64109
2.32869
2.69938
1.6226
3.88192
1.41731
1.99433
4.34709
5.58563
4.8252
3.57962
1.44658
0.500343
5.34725
4.22988
4.03773
1.04358
7.33337
3.91209
1.57423
8.19132
3.41348
1.54111
6.09513
10.1207
4.89315
6.03965
1.94702
1.59326
10.6215
7.3801
6.00923
1.58943
5.07302
8.68334
3.6008
0.833097
2.75471
3.82559
0.602979
1.3041
3.4688
1.41263
1.31871
4.10727
6.42988
1.83627
1.87651
2.59797
6.74805
2.4109
3.64946
1.4791
3.36243
1.61782
2.56358
4.59018
3.17786
8.84989
8.34327
5.76784
5.12303
3.7437
7.06692
2.44933
3.04147
4.10452
0.86773
9.01292
5.86011
1.61153
2.94695
6.4483
9.27263
3.3504
3.43537
6.54703
5.82534
2.39786
2.66818
4.34435
1.51102
4.17138
6.35107
0.794883
2.32763
1.4464
0.898036
0.619552
2.42234
7.99301
0.735971
2.13607
7.31829
4.8659
2.62741
2.22247
6.49343
3.15155
1.2294
2.21839
3.43181
1.60365
1.59402
1.93989
3.41374
1.16726
0.916321
5.39522
0.545751
1.33395
2.49088
1.12807
9.17932
0.338154
2.78876
5.6902
4.84266
1.81335
6.1674
3.56894
2.87451
1.8844
2.77542
4.57787
6.44016
3.96633
6.26314
1.12253
4.74582
10.2371
3.48578
3.00382
1.43994
4.0283
1.86293
1.39034
2.11452
11.1292
2.87516
2.27668
2.61865
0.824754
4.08168
1.91779
1.9307
6.21963
2.22683
10.2412
6.68252
2.84854
1.88531
4.05643
4.47501
1.88352
3.23182
0.782321
5.57158
6.39752
11.7693
2.66355
1.71477
9.38565
3.89857
2.49151
11.3764
0.85043
0.980024
2.5372
1.11584
7.09928
2.53632
2.18224
2.36169
4.48798
7.21034
2.62539
3.45947
4.11001
3.87495
0.699277
12.0639
2.24954
4.48168
9.22098
1.79745
7.41698
2.06556
5.14065
3.42597
2.65877
1.0036
2.29266
4.96034
3.51085
6.41692
3.03115
3.68846
2.71903
1.65217
2.673
3.2037
5.38461
11.5095
1.12868
1.6657
2.374
1.44723
0.90679
0.259016
2.50403
4.91548
1.85423
5.85193
6.51229
6.43066
11.2048
6.62965
4.07036
2.05945
3.41934
5.33792
5.38282
2.2778
7.09123
6.16975
1.4084
9.49451
10.7262
3.19957
6.44626
2.0226
2.17248
6.19511
1.3995
6.10689
3.14332
2.51262
9.43471
9.2697
4.36025
4.31034
4.75201
3.12048
1.19868
6.18802
5.68119
4.48387
11.3308
5.58771
3.25642
4.80377
5.77627
3.11768
4.08644
7.985
3.14698
2.34956
1.72911
0.931679
2.59842
10.3729
2.54557
8.4235
5.51476
7.80854
5.16478
6.30749
4.8128
2.63614
0.668821
10.4651
1.92647
0.308785
4.47268
6.22585
6.64392
1.89662
3.98652
8.48856
7.30151
2.91816
2.80313
7.92922
3.97726
1.77421
4.7191
5.64256
0.512618
3.38451
6.51586
3.30016
1.81549
8.27369
9.48332
10.9193
16.0914
1.47912
9.37245
4.86495
1.34194
7.1451
0.937071
4.37091
3.09512
6.94511
5.94736
0.452662
0.895369
5.28569
12.1218
1.11187
5.91473
8.12242
6.07558
2.27179
5.58575
1.96519
3.6089
6.56921
3.09985
5.99746
8.81138
1.17027
6.84659
1.36936
3.52605
7.13264
10.804
1.06217
0.53381
2.34626
11.2009
2.63091
1.59974
6.43428
1.33079
2.49619
3.57143
1.05763
1.22147
2.88732
3.81044
2.20757
1.75046
5.68945
2.62207
1.40596
3.07228
6.94299
3.58809
1.97605
6.34071
2.34294
3.16446
5.16596
5.19066
2.95286
3.12078
7.77023
6.9168
3.97533
2.34127
1.91967
7.12192
4.47347
4.82348
7.25171
3.94961
5.28486
0.957501
5.3775
6.61723
4.64719
4.8033
2.8472
1.80267
2.73961
6.90742
2.81779
5.30817
2.28199
1.01361
3.95636
4.56202
4.05588
3.91544
1.03136
3.11694
1.17728
1.49598
1.95719
2.83132
1.71694
7.44492
1.09476
2.53903
1.6393
4.95276
8.59662
2.1251
2.37605
5.33432
2.90851
2.12373
3.91635
6.11424
3.03852
4.39411
4.33995
5.06626
12.9128
0.65745
6.99855
5.03652
3.08814
3.86101
6.26043
5.02891
1.54193
2.73222
1.23411
2.63964
3.59798
0.999288
9.37283
1.49259
4.8445
6.44256
2.48626
7.17244
11.3189
11.88
1.52158
3.02498
0.965876
1.73164
1.99242
6.89233
3.34739
4.27607
2.44432
4.34373
1.43886
6.0512
5.92833
1.10447
1.97195
2.29305
2.30614
1.86675
2.81941
2.85157
1.00438
1.18008
3.05221
3.24753
0.779839
7.48498
3.76313
3.31871
5.65246
0.293449
4.22462
2.70514
0.781315
0.911236
2.11045
0.311052
1.41714
2.64902
5.08702
2.61802
3.05328
4.16814
1.49093
1.59241
2.14696
4.66139
1.64629
8.31219
2.85074
0.997611
2.15469
1.03894
8.42376
13.4654
2.17617
6.52454
3.69099
2.77171
5.68393
5.10557
8.01299
10.263
0.873685
1.10386
4.76482
1.34376
1.50149
2.65734
1.4115
3.81321
5.08473
5.34309
4.5004
1.93633
2.57264
2.57512
4.73877
5.54424
7.24061
3.35817
2.97623
6.56494
0.363458
1.62957
2.01679
5.45674
2.17679
5.55832
2.15373
4.1881
6.85331
1.94574
0.78591
0.318851
1.17987
2.24484
1.86951
3.34467
2.99746
3.21235
0.806666
13.0248
3.00291
3.64298
1.5912
4.48119
3.15619
9.54273
2.24597
1.16836
3.5686
0.703392
5.34948
1.12409
0.294306
1.63013
0.226295
4.29321
1.32099
1.9479
3.67079
1.21177
2.47244
2.19102
9.06096
5.14147
4.14407
2.56915
6.39292
1.24244
6.47732
1.09846
6.94972
0.463727
9.08896
0.331465
1.88913
0.929352
2.05445
1.9978
10.1068
0.994695
9.9407
2.86325
8.91279
5.26723
3.6113
2.07891
2.7537
1.73521
3.41316
8.03784
4.7766
1.40088
7.69735
5.23054
1.78981
1.98403
6.26324
3.55524
0.655937
11.6868
9.88935
2.14289
8.48284
3.85962
5.5675
1.2752
6.74319
4.39445
5.84051
1.13676
1.15266
1.50287
3.05545
4.35091
5.73049
3.83827
8.21607
2.6859
2.09245
1.61272
2.49404
2.8372
0.821921
1.52193
5.40182
4.39144
2.30949
1.09493
5.17945
10.4159
4.53178
1.20398
1.41263
2.05362
4.23113
2.14105
3.96807
2.00429
2.31927
2.37956
3.32169
2.1221
9.01314
5.87407
3.16283
3.5718
10.8954
6.77504
0.577267
3.17583
2.95336
3.39424
6.1569
1.45684
2.18461
2.80765
3.75564
5.11493
2.05326
2.18161
2.73017
3.71382
0.953371
4.31796
0.165501
0.578329
6.79198
2.29029
2.96858
1.05984
4.90797
3.92428
8.80646
4.32146
2.99731
6.88909
1.90839
6.61043
4.01196
2.9673
0.942549
3.14952
0.621264
8.70988
5.96415
5.58248
0.714997
6.14442
1.17162
1.30044
5.68442
1.50455
1.84601
1.40273
2.11303
2.23485
1.84991
2.12529
7.42334
2.90535
9.81328
6.97915
4.09687
1.20121
6.3951
7.06144
3.41461
0.384235
2.59237
5.49115
3.58026
6.42858
4.28094
5.23064
2.90983
3.7466
7.26003
4.91444
3.87375
4.69858
5.59562
2.26482
8.69257
3.28156
6.52192
6.62865
2.16729
0.40054
3.31689
3.27201
4.3159
4.90146
3.20605
3.18668
3.96738
1.14073
6.55976
3.27142
1.55994
5.67774
2.58421
4.55476
0.64017
0.383381
4.39048
9.27803
3.89119
2.78462
1.49414
5.64394
0.860777
3.78673
5.38177
8.02778
1.46684
4.36697
0.978157
9.01734
5.34227
3.65308
1.90688
2.12537
2.12744
1.22315
4.62194
2.1612
4.58308
2.2085
6.27761
4.21972
3.0386
3.55817
3.72584
2.69594
1.28197
7.52731
5.0309
3.08487
0.576793
7.27614
1.35354
3.62794
0.88149
2.20379
2.85306
4.8577
1.61276
1.19789
1.23171
7.54394
2.74766
1.34174
4.12496
0.854136
5.12676
3.35302
0.971333
2.63771
3.42001
3.65407
2.78179
2.43485
6.82039
0.696054
1.92962
0.711354
2.63961
3.29536
4.71442
3.58776
0.705821
1.09203
4.84483
3.96718
3.30115
11.7036
1.60542
1.98184
0.457522
7.49728
0.643753
2.3442
1.23441
2.76297
4.36943
3.37599
2.10908
7.31234
3.66613
1.11561
6.60788
2.65307
1.1062
6.02314
4.92841
1.31654
5.18483
5.96779
1.83406
5.13941
5.06313
2.47053
3.53846
1.00512
4.47791
2.7925
9.09988
2.20681
2.00232
0.578941
0.678015
1.02196
5.33856
4.81532
0.463265
2.02797
3.78699
0.48807
3.68889
3.06153
3.40857
6.52846
2.41366
6.86284
2.96875
3.72647
7.49124
0.662788
8.794
4.51335
2.61081
4.80412
5.2737
0.867207
1.45201
3.49146
1.75105
2.31085
0.52875
5.15166
2.56552
1.5083
2.01771
8.37184
2.6788
2.08689
1.49181
2.72387
2.81413
10.0264
5.66639
8.5538
2.01541
0.261988
8.98408
4.23612
1.10269
3.62724
0.658397
1.73411
4.26846
3.79499
4.32229
3.69664
6.18709
8.79642
2.20794
3.34421
1.12925
3.64639
4.44911
3.48412
8.99102
1.6462
3.04695
3.48658
1.10381
1.35036
1.57248
2.86897
13.2541
1.42422
1.90646
1.59018
1.36195
6.44159
2.47984
1.84015
2.69802
0.806527
0.726669
2.96543
1.51495
2.47297
4.36186
0.980113
2.01107
2.35851
5.30187
0.602
5.64398
3.57683
1.97388
1.09527
3.88387
1.6161
1.62699
2.48979
3.06676
0.58905
3.03162
1.77301
2.00009
4.71863
2.10394
2.33847
9.18341
3.58788
5.3521
6.40039
7.06972
1.8773
2.61883
13.1434
5.91228
2.93245
1.40332
3.46231
5.95835
1.91987
6.11086
14.129
2.98528
1.25416
5.51811
3.41691
2.09938
5.48779
1.76312
5.3902
5.23826
4.8493
3.23412
0.639616
7.93433
8.24821
0.840576
8.83724
3.2502
2.74395
6.29757
1.96582
6.17233
2.86822
4.69154
1.97676
0.536408
8.41453
7.06795
4.70824
2.17257
1.12522
0.87345
3.02423
1.8981
4.02102
2.43515
4.5449
5.72506
6.69824
2.61488
0.393188
2.2063
1.7967
1.27721
0.782391
1.27664
6.33493
6.60459
1.93167
1.69072
6.18016
4.25004
5.42962
1.1706
2.01693
11.5211
3.90893
3.90879
2.21529
1.28836
5.28031
4.19674
3.83889
4.08367
4.31645
2.87036
8.73115
5.70594
3.14422
7.9599
3.69655
1.32601
0.786825
2.52658
4.94055
5.75112
0.870016
6.06459
5.23563
3.77493
2.78724
6.38834
1.04258
5.32945
4.16948
2.49732
4.90234
1.5007
1.50495
1.3076
4.8103
1.49718
1.23012
4.28527
2.11341
5.52962
5.08999
6.85185
3.37781
4.71261
0.781475
4.55637
0.711298
4.92396
1.51213
6.49702
1.02193
4.24099
3.74525
1.30284
4.87911
5.90212
1.83487
3.88638
4.12061
2.50872
2.73734
3.29159
2.17215
7.52813
5.7068
3.72778
5.01725
4.29913
2.38208
5.73759
3.02472
1.25472
10.2561
10.1459
6.44037
0.615073
2.66891
9.54125
12.1935
6.92549
3.14038
8.2265
5.52612
2.59633
4.94799
2.26869
2.32541
4.07705
5.09101
11.9106
2.98054
3.68618
3.79635
2.28873
22.3535
1.13902
3.48063
5.3192
0.318182
2.63193
10.9724
8.41835
3.88822
3.39884
3.07685
7.69049
3.63813
2.21804
4.99302
8.39188
1.50656
2.0638
1.69951
5.193
0.246997
2.00154
4.30189
3.32185
3.34197
3.72599
2.98196
5.41736
5.43426
3.6626
5.05537
2.37619
7.22963
1.66934
0.666127
4.94926
4.67925
0.469324
2.44959
1.58461
2.89076
3.44877
6.9256
7.67273
3.14548
0.89403
4.66966
5.14084
0.560565
1.21762
2.3435
8.24734
1.29721
4.75665
1.44317
8.1455
4.71552
1.91482
3.63893
0.666754
5.58809
3.84514
4.52445
2.94779
1.29483
2.38605
0.66247
5.95656
1.36027
1.89258
2.68841
1.18748
1.36252
1.18991
1.39976
2.49274
3.30641
2.77903
1.17465
2.58861
1.25033
0.449853
1.13845
2.54028
0.952425
7.27892
3.04347
3.49492
6.6811
2.76309
3.04979
0.96546
6.22783
3.60628
5.91523
1.47857
2.96314
1.7798
4.21251
6.17596
6.48533
2.9812
2.98335
5.73428
3.50172
0.794232
6.42823
3.50852
7.07563
1.11315
3.02494
1.10549
2.79694
2.88403
2.83777
1.98215
0.67856
5.09298
2.1664
2.52468
0.272804
7.72428
8.13021
4.70457
0.625593
6.37768
4.69812
0.338936
7.11975
4.8147
2.72557
7.94228
10.3193
6.87879
12.4595
8.53332
5.68342
4.19769
0.68885
2.02769
7.20503
2.92094
3.66316
4.18979
3.41673
2.87485
6.66652
1.35916
3.06648
4.63236
7.63902
7.91667
5.95684
2.23878
8.13016
6.37861
1.85846
4.02613
7.77331
1.91523
4.44667
3.22194
0.501565
1.98644
0.455881
3.22235
1.73041
3.12228
2.01512
1.31087
9.49742
5.08839
5.29898
2.30794
1.92263
1.28479
3.92379
4.8337
2.13205
4.58427
6.2672
2.6456
3.66388
6.48851
4.66939
2.64636
4.19011
4.13006
1.10641
3.61176
1.48522
7.91192
0.127644
0.653563
3.33549
2.53424
7.89503
6.12932
1.73762
4.57241
7.84691
5.23821
3.29269
5.13914
5.70716
1.37654
0.960608
4.46822
5.06119
4.54527
5.25351
2.86547
4.23591
1.35814
1.08507
8.4483
1.61312
2.92635
1.45532
9.81474
3.31286
2.96169
1.72612
3.87624
4.73834
5.73591
0.464979
10.0341
2.3043
5.94247
2.33683
4.29145
3.80124
1.24648
4.72048
10.3981
3.30577
5.38629
12.9845
6.95874
0.514967
0.921846
4.60603
6.44631
4.97328
10.2306
7.66701
2.6667
2.31358
7.06982
7.28451
3.99834
0.72765
3.24015
3.20973
3.7441
3.51989
1.11628
8.21755
1.40583
7.06647
2.18773
3.64687
2.97019
6.12908
8.87284
6.59625
5.36855
5.9488
6.04861
1.77073
2.12157
0.269143
0.392591
3.33176
7.32678
8.60016
2.09803
2.02035
1.81
2.06167
1.60916
2.2961
2.61223
4.89483
8.74027
6.62789
3.74483
1.16129
1.59258
1.62031
4.73712
3.64766
4.57602
1.43016
5.61646
0.115911
3.87567
1.88544
5.2869
2.07855
4.04649
9.8161
2.81116
11.6737
4.79154
1.6819
17.8989
3.98262
2.8447
0.247454
3.44321
0.323055
5.42537
0.644792
1.4805
2.56028
5.85602
1.9792
2.71187
6.42799
1.98017
0.662156
3.36323
3.77628
2.21369
1.97413
2.22173
6.53778
4.92345
0.222722
9.12922
5.07988
6.73221
1.78887
1.97148
2.50332
3.1596
3.12846
3.16584
5.32167
3.74534
4.94023
2.61511
9.52028
2.52217
4.06103
3.54096
5.92625
4.87292
7.9716
3.65286
4.98233
5.0489
3.7034
6.55472
4.35044
3.10264
3.57424
5.50033
5.57694
4.85527
4.54901
0.230115
3.98832
3.42104
1.689
3.48872
8.75498
2.03574
0.771545
5.8243
1.48795
1.78245
2.44426
6.02722
3.41696
1.57622
0.999041
2.92587
4.03812
5.65809
4.30428
9.76727
11.0364
1.89534
3.61486
5.50458
3.38115
7.2762
2.34481
4.163
3.24401
6.30877
1.39066
2.46458
2.05856
1.59887
1.60368
11.7718
4.3691
4.41757
2.59454
2.48929
2.25982
1.57128
2.20889
7.82458
6.33608
6.87782
2.29095
0.908294
5.53373
5.11533
4.82011
3.93818
5.54137
9.24812
5.20764
5.7455
4.76855
11.4181
3.15592
3.90718
0.968715
2.57053
6.95391
4.77263
5.30894
7.43619
1.55826
2.05068
5.62023
6.39064
0.96168
7.25764
5.01807
1.66469
5.21382
0.948205
2.28263
0.781876
0.663088
2.7938
6.39115
4.83771
1.81113
5.41528
2.90675
6.65672
0.457314
2.00557
8.31804
2.18681
3.41088
10.519
5.38271
3.79468
4.15185
3.29103
0.318967
4.43572
1.30108
1.74001
2.58685
11.4564
0.98027
2.1635
2.93943
1.34842
2.63505
0.787697
9.54128
5.01605
4.34584
1.21562
2.91188
2.39022
6.25671
2.71107
8.26875
5.98456
2.04807
4.36578
0.423519
0.79185
5.0887
13.8962
1.69931
1.18652
3.89176
0.89766
3.15223
3.5388
7.88514
8.74376
5.63279
6.35574
15.9012
2.36373
9.98298
3.46764
6.07616
2.50581
3.66182
1.85001
1.47805
10.1382
0.956755
3.55725
10.4208
1.00819
4.04361
7.54067
2.74644
1.51098
3.33015
2.43227
6.09038
1.57496
6.15883
1.22444
2.72358
0.825221
4.42223
1.39368
8.79596
3.40321
15.3555
2.99367
3.13026
4.56327
6.6664
2.20979
11.2983
2.12994
1.52379
2.25095
2.07788
7.03997
8.52074
3.97319
3.55626
2.00974
4.33386
1.11921
0.849878
4.6911
1.85093
0.394175
0.571658
0.942659
1.12416
4.19143
2.80375
6.56573
1.91021
3.13779
0.912014
5.00358
3.01787
5.35932
8.14691
3.88651
1.267
1.13108
4.57995
9.03118
1.05766
4.4618
4.01327
0.721947
4.46787
3.44444
1.55751
1.21584
2.16946
6.58436
2.39676
1.42092
3.63735
5.83369
5.47082
5.52214
1.7096
2.91741
1.56159
4.29235
3.20079
3.47299
1.19731
10.4148
9.49177
1.44679
2.26946
4.32696
4.03235
8.20487
6.03648
0.242701
3.14177
1.90775
0.809869
3.16077
6.48546
4.24312
14.2886
2.57483
11.4606
4.54135
6.48126
5.54487
3.48178
2.82231
0.333044
4.0555
0.143151
5.95959
4.61047
1.29665
3.52616
5.30599
2.16045
7.66157
10.4852
1.59446
0.546863
2.23096
0.327327
5.6375
6.30483
5.15635
15.0358
8.42285
1.92951
0.967417
6.12316
7.0418
4.25509
0.39851
7.34105
15.6587
5.17574
14.6795
4.57727
0.654791
16.2034
3.48649
7.512
2.07711
5.21888
4.17046
4.20453
0.534641
13.6598
0.81114
3.72797
5.60758
2.99207
0.786658
1.75555
3.09638
5.71439
8.5579
3.8573
3.26529
1.12554
7.70912
6.36178
0.461997
10.3828
4.78729
1.62654
3.17736
5.22703
0.404691
1.41578
3.02521
7.36514
3.55958
1.57827
1.65438
1.74668
2.16191
2.23789
3.26843
2.07956
1.52735
1.33273
5.81666
1.42598
3.43024
5.97507
3.63856
6.86385
11.1281
3.26002
8.35442
4.7139
1.06464
1.88425
8.49773
1.75523
2.66018
2.16499
7.60404
9.57282
4.9313
5.64901
4.49786
3.00953
6.18487
2.42632
2.64225
2.12941
1.3712
8.13737
7.0371
6.60871
1.07593
5.53956
9.41728
7.61465
6.29346
11.4366
3.89896
9.36818
3.86032
4.33185
1.85623
9.26114
3.23891
4.41398
0.638456
8.06766
9.00814
2.34007
11.9735
2.60897
0.542389
4.3668
4.4833
0.966748
4.07364
3.4056
3.86774
4.60458
3.00968
12.2315
4.84182
0.22396
7.04611
6.01052
7.74283
3.21026
1.07995
5.34716
2.61096
3.8037
2.59202
2.06739
3.75985
6.21454
3.21911
5.05527
3.76956
0.764805
8.68758
2.87491
0.709208
1.06759
2.86275
1.21128
3.1068
2.92434
6.29628
2.43889
10.5037
6.92302
7.24302
3.94121
2.17221
5.63136
1.56213
4.853
3.52271
4.94449
1.93881
2.68428
3.64861
2.22283
3.70218
7.49544
0.991379
2.53203
1.31672
0.281312
1.07762
1.80673
1.89208
0.363432
4.49807
2.17277
2.4428
5.42176
1.16554
1.97307
2.18022
4.25835
10.3155
11.9242
8.77263
1.02305
1.44927
0.707962
1.38005
1.87955
7.33722
1.31945
2.04897
6.6346
1.88428
0.338685
6.96183
0.564753
6.1556
2.74238
1.88608
1.57912
2.9565
2.89443
3.41231
2.12632
1.17427
1.00982
2.37296
2.94675
2.44195
2.42503
1.09663
5.06851
3.16332
4.39163
6.3874
6.27764
2.60655
1.1815
2.75538
5.33299
2.36251
3.83657
2.37868
0.986699
3.65316
1.08998
7.53496
6.83952
3.44844
5.26757
1.28392
1.64956
2.01366
4.86567
2.43666
2.60265
3.08262
0.489362
1.34789
2.15081
4.44671
7.63706
1.97622
0.153429
5.30025
6.34439
2.17058
9.89623
9.03098
3.19575
3.45075
4.64089
4.34636
5.77529
2.55204
5.31797
5.53798
4.07346
7.28695
8.76827
1.59835
1.89335
2.2555
2.0749
3.59159
2.59085
0.663953
2.61569
5.34897
3.47561
2.43857
4.1531
5.41933
5.18105
2.02902
0.69698
6.33023
5.20039
10.4646
2.74533
1.42077
2.68441
2.05306
4.42489
3.98488
0.886599
1.17656
4.56424
5.29508
2.74901
0.265335
5.81665
5.97046
2.89783
3.97037
12.0385
5.035
5.45471
1.83759
3.15627
5.01162
2.67015
2.31375
3.37758
4.70191
2.67932
1.18311
0.313888
4.06893
6.59974
5.34161
1.81452
2.54571
3.23581
4.88021
6.47641
2.34149
4.52134
7.23026
7.54837
2.41442
1.98224
2.07402
2.25605
3.8466
4.51459
5.39099
8.47995
5.07583
0.236092
5.88201
1.7646
3.76776
0.611902
2.45195
1.45076
7.38733
6.24275
1.98309
2.79192
2.35051
0.438323
2.34183
3.94734
5.49172
4.12179
2.87165
5.68646
7.98756
1.87191
2.65119
3.22499
3.68548
3.2092
6.18079
1.37866
3.8845
3.51854
5.15121
7.06432
4.40097
3.60853
5.00549
1.14767
0.53235
3.24633
6.52049
4.14671
3.42993
2.61278
3.05001
3.24157
1.79637
0.427677
2.68728
1.92593
10.561
11.2127
0.408902
2.69145
1.09572
5.52085
1.92203
7.98977
4.53461
3.86162
6.61044
2.4688
3.03084
2.12842
2.85213
7.03005
0.616712
4.4564
4.25883
3.84005
11.7719
1.94155
5.3888
7.97585
7.27119
1.86382
0.894671
5.70274
3.20614
4.29659
3.30926
1.1016
4.73599
0.645663
2.53291
3.07295
4.47209
4.78025
12.6944
4.5704
7.95799
9.38456
3.14019
0.81804
5.89666
7.52104
7.66111
13.8368
8.61361
2.80757
0.866482
2.2891
3.13264
4.89325
7.29464
1.12604
4.0136
2.95893
1.03531
3.14831
1.87401
4.50419
1.151
1.92437
1.74167
0.35646
4.9023
3.58844
8.18084
6.3437
2.94277
6.27968
0.957035
3.52772
3.12557
3.30505
1.87517
5.78096
6.34307
1.6555
5.22709
4.01201
5.07256
2.46746
6.71133
5.91808
2.55985
1.70784
4.00487
4.84679
2.89148
1.53325
1.62253
3.79173
5.15956
1.32358
1.93625
2.74304
7.00892
1.99847
3.4109
0.12836
5.70742
2.57224
1.54909
2.76937
1.95006
4.0689
4.66373
1.98383
3.30465
3.30737
2.16141
2.00672
0.576348
4.39932
2.87718
3.33025
3.6756
1.50084
6.83754
6.16731
4.66971
2.37265
1.91977
0.183665
3.92187
2.5231
4.17734
1.9102
0.655708
3.51904
2.59299
10.3902
1.2779
7.91165
3.85214
1.78523
5.48409
2.54986
6.7753
6.09262
5.79909
4.54632
4.62842
2.49106
20.1139
5.52507
0.31032
5.39622
3.95389
13.5385
7.51684
4.197
4.84331
0.954524
1.17897
1.03561
0.803601
2.6389
0.398759
3.23949
2.16898
7.86721
5.88296
3.73728
1.92964
2.69615
13.124
2.20161
5.48759
2.80744
3.31532
2.04979
2.64026
1.32323
4.55996
2.07636
3.26889
2.24451
9.16014
13.7243
5.85267
4.9452
6.06967
1.33376
4.95661
1.51522
2.12618
3.35791
0.829169
0.755466
2.3954
0.834632
1.39438
4.29208
2.26913
1.94255
2.45211
7.8638
5.52822
5.24668
2.05011
4.5591
4.56028
2.62617
2.50581
2.13409
4.71237
8.60809
1.33665
1.22191
1.7784
3.29061
7.25988
3.00676
13.1064
1.69516
3.77876
4.18712
1.12884
2.70561
5.49816
4.5103
7.0762
4.33126
0.38844
4.22124
3.26948
1.96997
8.37097
1.86267
4.17287
2.58876
3.22798
2.33245
0.903998
6.45112
8.7013
3.64895
1.67154
2.10749
1.7397
9.2444
1.68874
1.23947
2.71739
1.96338
0.137636
9.36328
4.67401
1.80937
1.06339
2.38553
2.46704
4.6671
2.54465
0.530335
1.60863
5.07468
3.65097
5.16048
7.52297
0.967087
1.94312
1.49829
10.3156
3.39538
5.47345
1.76517
7.60182
2.73548
1.89897
0.975153
13.6881
0.256991
3.55286
2.31009
14.4497
1.74783
1.24828
1.49957
6.91264
7.10907
4.99771
4.97409
9.9169
2.2738
3.57931
3.19314
5.28444
10.5251
6.20171
5.15224
2.2005
5.67131
4.62562
1.91077
2.47769
2.26807
1.52041
5.66102
4.96134
5.24309
0.754482
2.17326
3.71949
1.14894
9.6776
2.86026
1.54014
4.69654
2.05013
4.96153
0.436513
6.00306
11.8377
9.23833
4.29197
8.81218
1.08756
2.78243
8.96095
4.17904
7.32809
1.42793
5.10672
1.22593
12.5333
7.80624
2.09035
3.59408
0.327754
2.01042
0.372981
3.58097
2.14932
10.9851
3.98614
2.17191
3.9421
5.3023
2.6543
8.0354
8.91428
5.75683
4.84119
0.654928
2.74349
3.403
4.32017
1.14603
7.44548
4.21598
2.04021
3.14807
1.80399
2.94077
4.43755
3.44048
1.74894
6.3435
8.06495
2.33952
3.9432
4.65926
4.53102
5.57035
3.36467
3.99489
1.84927
2.8458
3.91596
1.97386
2.25276
7.89672
1.61288
5.0243
7.30845
2.30043
4.92174
5.24214
1.19483
7.25637
5.44772
4.16885
5.25802
4.48016
7.75105
3.61868
6.19016
1.56192
0.191838
6.17495
5.47329
4.12985
3.8279
1.93809
8.92174
4.03449
3.21385
8.26867
1.82059
4.43794
0.136147
6.45756
8.07655
0.460143
4.22414
7.55804
1.38214
2.82713
2.82439
1.14474
1.06443
8.45628
3.77783
7.82209
6.04298
3.06881
2.33884
4.22728
0.362305
6.17588
3.31061
4.02395
1.41877
3.40772
1.18113
1.46294
6.15792
5.69378
3.96575
12.8927
3.17692
1.72563
2.64668
0.829388
1.73729
2.51302
10.2033
1.82632
2.3408
5.37219
3.08894
2.51434
1.83861
3.72292
2.04675
2.67581
0.630123
11.6696
7.33626
5.22529
2.47296
3.66392
1.07779
8.92293
2.67384
4.16439
3.45688
2.66657
3.42894
1.62202
5.21518
7.82463
7.55365
1.95717
3.56444
7.18291
0.165227
4.5669
4.77835
2.06058
3.63815
3.60957
8.51487
4.63571
3.96076
2.87529
5.54211
4.50425
3.35328
16.9228
0.498245
2.43864
6.39414
1.82307
6.2113
2.43533
2.00411
7.89518
0.791951
0.876001
1.06544
6.74291
3.94198
7.74423
2.07624
3.79197
1.19857
3.30777
5.48898
3.81497
3.07958
5.46641
1.09517
2.17545
9.45621
4.8729
1.86452
1.51215
5.89638
3.58388
2.54726
11.9721
1.04573
3.73917
1.08201
5.77587
5.71297
0.88575
1.89138
6.58177
1.20127
6.11664
4.51599
10.4101
2.59149
4.5581
3.02968
4.31413
4.36479
1.76216
5.90012
5.92998
2.8177
2.85599
3.28774
4.22989
1.72248
2.45149
1.955
11.7501
3.4761
5.68696
6.08483
3.50315
3.24404
5.7696
0.466064
1.65708
5.29535
1.25097
2.89658
6.62359
0.928497
7.49294
2.52959
4.92427
6.5405
1.56324
3.7009
2.25803
3.15774
6.28311
8.57736
3.60654
3.5978
3.93823
7.3317
3.74963
1.2357
10.6999
2.1229
0.336178
3.59016
6.77568
9.35422
7.81015
4.68235
1.85945
4.92449
1.1385
5.41849
5.99635
3.03707
5.46125
2.29567
1.29759
1.87867
1.67869
4.24594
0.840665
2.04562
7.976
7.58433
2.39383
0.674528
1.38206
6.61818
0.898537
5.6667
8.04989
5.40099
2.09239
5.51094
6.48866
5.90017
1.30929
0.58187
7.45193
2.29189
7.2805
4.62977
6.18517
9.78446
2.25483
1.44969
1.87392
8.05267
0.832116
0.727345
4.78982
2.94175
0.674755
8.00347
2.65576
5.50817
3.06476
1.95715
1.72885
2.76983
4.42044
0.215288
3.95323
5.48409
6.80805
2.26259
10.1926
1.96793
5.71968
3.23637
1.79984
6.43908
2.22536
4.39859
1.98908
3.27983
3.67338
2.06108
2.25899
1.08172
2.76525
5.17392
5.21359
4.08949
4.7673
8.76977
3.31692
3.93451
6.75935
1.51332
6.84243
4.86274
0.441675
4.91219
7.91853
5.32687
2.90619
13.5626
6.83358
12.2522
5.61753
5.95703
0.764379
1.27192
6.06026
6.77388
3.83021
11.1827
8.69838
1.91969
2.33376
7.64304
4.89395
3.33136
4.56739
7.33103
1.01185
2.88143
3.70364
5.71863
3.65385
2.55385
6.18757
0.765235
0.189437
4.44968
3.14825
5.92406
2.02948
5.85564
0.46023
2.05506
6.32102
9.10569
1.31951
4.93001
9.49905
8.91532
3.72405
1.66024
1.66042
6.21545
3.77495
1.71768
6.3117
4.92338
3.11678
2.55615
1.07413
2.1703
4.15224
3.03971
8.311
6.51532
7.59495
6.25087
1.15046
8.63362
4.37109
2.04652
2.27588
0.245347
3.16427
1.90979
5.45012
5.26211
5.13173
1.71317
2.47792
3.68207
5.86804
0.547224
1.06002
3.10518
1.3806
8.95537
4.35844
0.336979
6.15255
5.34052
2.17222
5.1195
4.26662
9.89771
7.92534
5.50144
6.06501
6.23772
5.30194
1.02019
4.1435
7.15147
5.90562
1.65273
3.48178
2.77505
2.58447
8.98143
3.4511
3.02583
1.46111
2.1709
5.05892
4.62588
1.00839
1.13298
1.80987
2.62674
5.34466
4.26116
8.57298
2.06831
6.30856
2.61865
6.65125
4.1304
6.98936
5.88659
5.03134
5.8061
3.59649
3.15472
6.56882
2.19325
1.93778
1.2659
3.03999
3.50905
2.51448
2.60116
8.37888
5.59631
4.73586
12.7725
6.10792
1.67548
17.0809
5.87816
1.05379
4.68884
5.55705
4.96771
7.42697
6.4934
8.49206
2.80783
0.3782
0.911523
5.46425
5.88252
3.05766
1.33915
2.97379
0.687505
3.22588
2.28139
11.992
8.30535
10.5629
3.27668
1.93788
3.55086
9.61105
2.92936
5.83231
3.83648
2.79614
0.554017
7.1948
2.48907
3.66451
3.03147
4.50381
2.14993
3.83899
3.96677
10.1069
5.39595
1.11436
7.85963
7.7518
0.517164
1.08299
2.76213
1.736
2.51042
9.55729
4.58489
3.62996
1.08011
3.81499
1.46095
0.788561
4.58919
3.887
2.40484
3.03751
11.0796
6.06904
0.701562
2.85058
5.35879
5.52207
2.68931
1.55417
5.55288
6.60306
3.52811
2.02671
4.51854
6.26755
3.82209
2.00915
2.01202
7.92971
1.51171
7.50834
2.12934
1.19268
2.92452
7.64642
2.74032
2.50947
1.05019
5.65991
4.85727
0.154222
8.91829
3.17032
5.93918
1.27397
3.82066
0.149627
1.02301
6.31711
8.6491
4.46519
2.76264
5.73673
4.38858
7.82089
0.919439
2.58805
11.4074
2.90679
1.02251
0.655129
2.56609
5.29663
2.77562
11.878
0.884989
0.401335
5.10991
2.26758
1.32221
2.22851
3.12166
6.89057
16.7462
3.45472
1.64089
1.50551
6.8743
8.01906
11.7927
2.71483
1.36723
2.04452
5.09311
10.7718
4.38461
3.94407
7.37211
9.3647
2.44816
2.75094
14.7866
5.52281
5.04805
1.88192
0.683244
0.934671
0.182898
1.84642
4.73289
0.0513312
2.16248
6.13494
7.61246
3.96579
9.63638
1.94197
2.76933
1.60007
3.20711
4.62352
8.01137
3.46118
5.34692
1.008
3.80602
6.39901
5.63666
3.73633
3.43849
1.52119
7.56702
5.43534
2.66519
4.39406
6.966
3.96278
3.61483
2.50697
3.84923
9.38698
2.49554
5.07838
2.98755
5.38085
7.42351
1.62149
0.699812
7.69093
0.850102
1.99456
2.9836
4.64466
3.25024
0.743932
6.14082
3.8025
5.49273
1.87143
12.7533
9.54497
3.10906
2.38739
8.07577
3.7502
2.81179
1.48006
3.73684
5.00376
3.81157
6.51317
6.81359
3.90535
1.04944
2.12147
1.99088
13.0099
0.996664
2.48974
6.14084
6.32998
0.885533
1.4836
3.64584
2.41927
4.5664
3.69103
4.39109
2.40225
2.01895
2.18564
2.27
2.98529
0.326645
3.23325
1.39955
5.01064
3.30343
9.05082
0.891581
0.40702
0.651571
1.815
5.53555
0.564269
5.36423
2.70942
3.38699
5.34717
17.1043
1.39286
1.10741
3.42725
1.9741
1.94627
2.08838
2.79802
5.52583
0.831796
3.3134
3.67427
3.99313
4.06001
4.10335
7.844
0.846824
3.80776
10.1857
3.5626
3.12448
1.78757
3.19723
5.10971
5.71943
7.77693
9.31744
9.55565
1.54747
8.07431
8.86184
6.59804
10.9915
2.74282
6.80812
7.17763
3.23582
2.78318
5.12655
3.45504
4.18296
3.68368
3.35214
2.78311
1.61125
3.6941
3.93321
1.55632
5.34331
1.00797
4.15873
7.45076
1.15998
0.428786
2.53335
3.18673
3.41375
0.693507
6.18153
0.832301
8.25037
3.957
0.812638
2.47524
2.27363
5.40972
4.57442
6.69014
3.91701
4.72411
4.22807
0.659099
1.12885
1.12972
3.1534
3.18987
3.54696
3.54369
4.53275
1.84905
1.43511
0.955519
11.7263
1.17713
1.72137
1.60051
4.04207
1.29545
12.4712
3.40424
1.4546
1.76686
3.70129
3.34522
2.18644
1.62224
4.24013
0.862608
6.49787
1.33261
5.00469
3.34463
3.55639
2.64964
4.62179
0.863279
2.57879
6.19795
2.44895
0.683822
3.99958
7.43285
4.52624
3.58289
5.18318
4.25417
2.3256
2.87408
5.01953
2.74499
1.27178
11.8051
6.06378
5.92223
1.92239
3.26519
4.95771
0.446864
5.34954
4.03161
6.29889
3.25105
7.42967
4.29139
0.669729
5.16467
2.44724
3.06133
4.29821
8.48051
0.851953
6.37723
2.55198
1.85699
8.08915
7.65079
1.86072
4.93763
0.25071
3.28847
2.42657
1.32608
3.29952
1.65175
5.10928
4.00559
3.18177
5.04192
3.73218
3.26882
7.26492
3.44601
0.853045
2.44207
3.10819
13.3099
2.39091
4.47909
2.65966
4.95312
3.606
0.406999
1.7185
0.54147
2.50416
10.6839
2.81405
0.204681
6.83339
1.77315
0.436007
4.54595
10.8652
3.40259
1.05323
10.2926
2.56182
4.11397
3.48966
9.10211
7.73508
2.20082
2.53662
3.63971
2.71133
2.67432
9.69353
2.58178
5.59086
0.723336
4.75524
7.62436
8.43805
0.904354
0.962619
3.58815
1.76711
5.91057
3.21646
2.51905
0.381974
11.3502
4.88911
4.10039
1.86689
3.4893
1.62374
2.58846
9.60245
1.7927
10.0331
4.17363
6.79927
1.08522
6.55194
3.26058
2.42795
11.3438
3.04112
3.81747
4.8157
1.28444
3.34755
1.46282
1.7786
1.70035
9.43017
4.30773
3.0001
3.83429
3.68744
5.16444
2.29898
1.75905
4.30224
5.00319
3.95418
5.27988
5.41402
4.72742
1.12337
4.43795
5.32702
2.87328
0.891605
3.29649
5.52867
3.94242
3.50468
2.73846
5.11276
2.05008
2.80472
7.05068
2.00151
6.02731
4.53884
0.579204
2.33185
10.6452
1.0925
3.12482
8.85293
5.75791
0.452575
1.9767
0.756045
3.78466
1.33803
1.27227
9.98824
11.5254
2.6627
1.63678
4.21501
1.21885
8.39303
2.36951
0.912994
0.762912
6.54514
1.35284
2.29922
1.12137
6.95533
8.52254
1.52247
3.40254
1.32345
4.60143
1.77943
7.69799
9.2509
2.61111
4.26181
4.32229
5.91249
3.28594
0.928565
1.14811
2.57568
3.36952
2.75817
1.93838
4.77238
3.8967
2.82345
1.60931
4.87057
4.15183
1.21686
1.68648
1.9685
4.56469
11.4926
1.22603
1.69971
3.46529
2.20895
1.48753
5.97275
1.02456
0.426959
5.88909
2.07028
3.4577
1.96523
1.74907
2.36048
3.7625
5.8039
9.31156
3.16731
1.52133
3.62904
3.16877
8.09972
4.30375
4.46404
2.64722
2.92607
1.73354
2.75984
1.28585
2.89568
4.25749
5.24799
3.23657
3.85426
5.26482
2.95969
3.20918
2.59324
4.93213
2.14549
4.78243
2.22589
1.13574
0.702713
0.418435
4.79686
7.24348
2.34596
5.13704
4.3481
3.505
2.68133
5.32195
3.049
2.82345
2.78259
0.771434
6.3323
6.82651
1.13579
2.45247
5.95528
1.63751
5.05688
5.81561
0.794566
3.24882
2.11638
4.64482
3.10093
3.20547
3.33436
0.159395
1.7832
5.28211
1.18861
4.32329
9.86159
6.78094
3.22723
6.29459
1.82188
0.290558
3.56727
0.748591
9.08955
2.16353
1.88725
3.97256
7.04195
4.23142
4.58295
2.92355
2.47328
1.59635
3.41778
4.82126
3.5861
1.23875
8.20038
1.71992
5.57352
1.07227
3.11744
2.03428
1.56841
3.18785
0.698321
2.7363
1.64996
5.16575
2.56983
9.05663
3.01978
3.33809
7.0303
1.49133
2.19117
6.42115
4.69778
7.85179
10.1472
6.42232
6.30791
8.17356
5.24653
2.85797
2.59489
5.86908
4.62352
3.95736
2.56819
2.71925
1.55975
5.25021
8.31789
0.494347
1.03409
5.66648
2.971
5.42508
11.3275
0.417523
4.04119
4.30455
1.60703
3.0027
10.0215
5.28669
4.95883
5.99356
3.6291
2.54085
1.02855
9.46665
2.51648
3.56362
15.7996
0.425515
3.12235
2.1359
1.94489
1.08102
1.24167
2.16956
2.77885
3.22555
7.58783
6.83688
4.4954
5.69004
5.27384
2.19504
4.35387
3.68886
2.76255
2.79206
10.6913
1.04045
3.88198
4.30119
1.34253
1.70726
1.34609
0.669526
2.6292
1.60605
4.2388
1.25894
0.558048
1.78375
3.37127
3.95415
1.23352
5.27956
5.31386
5.8545
2.37014
3.96794
0.427045
7.12798
3.24127
0.731098
1.81189
3.61346
2.82307
4.31104
3.2137
4.11287
9.92218
1.39625
1.98987
14.8085
2.63671
2.63749
3.60371
4.12423
5.63879
0.897363
11.3515
2.56505
3.86852
1.08555
1.48322
3.52832
1.37761
1.45351
7.73679
2.32624
5.11575
1.47691
1.04144
1.16831
3.10723
2.30782
2.76467
0.765822
1.35028
2.00877
1.91175
6.92959
2.88248
2.92181
0.527667
9.91308
1.03389
7.08468
0.708683
5.5037
4.61684
2.49296
2.91419
8.09685
8.15829
2.7109
4.12131
3.49123
8.00581
4.16528
6.73227
2.4982
4.4168
11.5414
4.9748
4.1386
1.02161
1.25426
2.78109
2.17833
3.66785
11.629
2.88418
4.57161
1.06776
4.18753
2.26476
2.54221
3.43634
6.91558
3.86815
2.57248
7.04178
2.55676
1.64785
0.93957
1.46121
0.909675
1.44447
10.5092
2.45901
4.79943
11.254
9.6018
1.52011
4.556
4.39581
4.85146
1.14104
3.39134
10.1095
8.84894
4.46859
10.2706
7.2615
11.6961
0.926109
3.20529
5.32019
1.7549
2.22304
5.69216
2.91805
2.19662
0.990148
1.97397
3.89115
1.37699
4.7308
4.64176
2.53072
13.2027
2.80394
7.12105
1.23776
6.01085
0.753769
2.37281
0.225646
4.87091
5.28406
5.57846
1.30231
2.85678
1.21569
0.211361
2.40378
3.06903
4.04856
3.7072
4.97326
6.27749
9.4982
0.936795
5.64816
2.55188
7.67094
1.06589
2.48095
7.71674
9.22621
0.840331
0.558125
4.46324
12.3911
3.66786
5.59188
5.76499
2.59791
5.83525
2.17532
1.18045
0.886755
4.69251
5.08558
5.62512
2.20985
2.34077
1.37863
2.63405
1.9961
4.64687
1.57873
6.98358
1.08012
3.80999
2.23338
0.430497
2.28074
4.83917
0.763844
1.99634
2.85117
1.66167
6.93503
7.56565
7.55186
8.41787
5.36823
3.614
0.849195
0.2413
6.18646
0.628635
5.94097
7.63733
1.39817
2.76442
2.66144
5.35966
3.04715
4.3566
4.31241
4.96568
0.730988
1.47748
9.12045
0.317426
4.39803
0.563688
0.44625
3.51836
4.41064
3.80444
0.319543
1.46044
6.63826
2.61887
5.07736
0.404526
3.306
8.75708
5.51422
5.92943
6.61483
2.67959
3.53264
1.89178
2.50953
3.83509
6.7802
6.31669
0.857108
2.44549
2.67676
6.03466
5.05273
4.07742
4.13676
5.54094
3.79583
9.75495
3.50549
5.93092
1.87007
2.40868
2.29402
0.407122
2.02832
7.46504
7.04428
1.28947
2.66992
2.06015
9.5133
6.43508
4.00092
9.9334
1.15458
6.83367
4.79001
1.71042
3.65132
5.65865
1.5868
2.25986
2.10696
5.21521
1.8293
3.00266
1.59804
2.62068
0.776829
3.68389
7.14655
1.41059
6.4572
9.29993
4.2328
1.21629
1.84473
6.11284
0.956654
3.49009
1.96556
3.86474
0.551866
3.83176
1.24444
1.24673
1.10499
0.418143
8.22977
4.26923
3.15139
2.78374
4.47402
7.78968
1.96761
10.3251
2.90067
3.67149
3.62512
0.788466
2.76399
1.43274
0.864924
2.29138
2.15791
1.45603
1.09558
1.26095
1.23403
1.53941
2.40172
4.3128
17.6958
0.190253
1.19767
3.59619
0.660759
1.95445
4.32471
3.6859
2.91716
4.0006
5.64051
4.98148
3.23937
6.69771
3.2004
1.54379
3.53562
1.38099
1.80112
1.74679
2.34122
3.00942
2.47414
1.29942
1.90091
1.37708
10.018
5.60043
4.40511
9.43373
3.49442
9.06574
4.86432
8.91834
2.50173
4.15087
4.25343
9.27995
1.80895
0.598163
10.1658
0.569427
6.48298
5.81144
3.60701
0.875532
4.0681
6.29066
1.16841
3.03213
1.33351
3.32836
1.80145
4.4531
5.7781
3.45696
1.77139
1.71485
2.00464
1.11446
0.92349
12.5278
3.12926
4.83929
5.87348
1.45161
2.61827
3.33629
7.8322
4.68814
5.53191
4.62923
4.81427
7.91513
4.68563
9.50269
0.866601
2.96703
8.46961
1.36276
6.27885
6.77352
2.14089
6.98128
6.26405
2.50657
6.41358
1.57318
10.5448
2.54786
5.53288
2.97475
8.54985
1.72751
0.919697
1.06689
3.41628
3.00694
1.5659
2.00769
3.07401
7.57363
1.10709
0.380891
3.33302
8.1623
5.65041
1.37267
3.99951
13.8899
2.55114
4.50979
1.38631
5.13847
1.29007
2.49187
2.02127
6.49252
2.05826
4.85866
3.2114
5.3062
2.99596
4.04767
3.75078
3.89222
0.5475
4.52731
5.71782
2.03431
9.26323
1.92551
2.14351
4.44
5.54293
1.18056
0.959305
2.63967
4.39794
1.06393
3.43607
2.69059
2.46205
0.430411
1.19714
6.6618
6.11724
4.01578
9.40808
1.69781
5.53499
10.1879
3.63239
2.41788
4.12634
3.5913
5.41544
2.39108
1.8795
4.97938
0.752071
5.96352
1.0835
1.50349
6.37697
8.10326
0.857985
4.05212
6.29366
5.76879
9.99077
7.58257
2.07558
0.835173
0.962785
0.264564
0.784297
2.31708
2.11283
1.43361
2.31131
4.05143
3.11904
2.08472
2.08582
1.85833
4.37133
4.21474
1.35866
5.05442
2.00555
0.610915
1.31557
0.496872
4.47856
4.50739
0.1654
0.646102
3.50813
1.2396
1.20904
1.55516
3.20426
9.32462
10.8463
1.64609
2.83337
1.85582
5.85132
1.37895
1.6821
6.35072
3.81613
0.765108
1.75044
1.82016
6.10475
2.25743
4.48356
4.78727
0.404525
11.6136
2.39978
3.95356
1.3296
2.50408
4.26664
2.46915
2.39189
2.57785
5.76825
2.24032
10.5922
3.75545
10.7879
4.03776
1.28405
3.66441
11.2433
2.45722
4.23078
3.14604
1.35107
3.57662
6.78344
6.10309
0.925897
13.7402
1.36744
4.88334
2.50189
4.35545
2.00239
5.71058
3.20156
4.69664
1.65712
8.86077
0.342167
3.72123
0.305902
7.64533
1.80309
0.98235
4.04175
6.13158
5.90372
1.13375
3.39228
7.80441
9.18432
0.646541
1.31329
6.00502
1.05641
7.99154
6.71136
1.99165
11.6215
1.67161
4.26996
1.30754
1.75828
10.0968
2.22325
2.81247
8.93149
4.11399
5.04721
3.13434
4.88385
0.74005
1.93822
7.52538
6.97643
5.55331
5.69082
3.0355
2.95316
2.39684
2.73511
6.04433
4.27957
12.0897
6.60719
3.54544
2.2822
3.1993
4.20153
1.27634
6.87706
5.73216
5.79575
1.02256
5.54567
1.67396
3.36081
7.38736
1.53138
1.47419
4.32684
4.46034
6.49514
7.30879
3.05138
9.92253
2.3516
5.93615
5.33246
5.62062
3.81731
4.16659
2.33569
3.58396
0.144218
2.24849
8.07802
2.84077
1.57809
3.92332
1.59161
0.372657
2.5993
2.0996
2.90938
0.984838
3.03715
2.15921
2.04625
5.11587
4.77419
5.46062
5.05663
1.53569
11.2145
5.19518
2.00939
1.71601
10.0219
0.689884
0.733075
1.34748
0.73395
0.613334
1.72363
3.82443
7.65568
12.5974
0.975123
0.565199
4.04835
7.12724
0.913607
5.67866
3.8577
3.58421
1.93474
4.73022
2.59909
2.74565
3.37346
1.71689
1.62943
5.77853
5.06836
0.305453
0.84804
7.62997
6.61924
0.742437
0.673321
5.25521
5.10653
1.15609
3.13629
0.732759
2.22343
6.12037
3.98896
7.1758
2.67507
0.195688
5.14095
4.35056
8.30405
6.74594
7.13995
7.16934
0.666307
3.68341
6.99414
2.17748
3.09098
2.10844
2.96935
1.529
1.26714
4.86078
4.0111
3.65439
5.31087
3.79299
4.18296
4.84739
2.76891
3.61121
1.33788
3.66664
5.53865
2.13685
2.82831
0.712457
2.74402
0.406357
2.08936
4.61013
2.99226
3.3034
5.6977
2.20935
1.33821
0.557918
5.03296
5.83032
0.77686
4.88704
3.00074
2.15963
2.92913
7.08929
2.09572
4.32517
3.28165
8.04129
0.375057
2.19565
4.21813
4.15166
1.26868
1.45463
3.05457
1.52823
3.02143
12.4368
1.46712
12.169
0.740773
4.23914
0.972494
1.49765
1.08668
5.3097
4.76718
4.13197
1.51277
1.14732
1.03172
0.936584
11.1049
1.14171
2.54246
1.76617
5.94181
2.51747
0.914287
4.44569
2.71499
0.216462
5.66078
2.34165
4.15201
2.23699
1.15901
8.94926
8.19134
3.97138
11.7832
4.16011
1.81438
5.30034
5.02297
1.91187
3.36058
7.23594
3.54545
3.40807
6.11594
1.56702
7.47529
1.89798
4.97606
2.09201
0.557382
1.31837
4.76254
2.14851
2.67686
4.30297
11.7912
3.43692
3.49635
3.13634
5.91429
8.27349
3.16117
2.58311
4.63476
7.94222
4.90917
7.52875
3.46063
2.33259
4.88384
6.48092
9.85631
6.70994
3.72238
0.172841
0.826031
1.27534
8.50605
1.03842
7.53772
2.31994
1.37561
2.41503
2.57573
2.5664
3.76094
2.38682
0.716039
2.59786
0.783313
3.92181
2.09851
2.8178
7.73126
0.792637
4.58261
1.63249
4.70107
5.80246
5.92087
10.4409
4.18367
1.39647
4.6706
1.59391
2.75035
0.667968
1.9348
2.66979
2.50307
4.55344
6.34285
3.33058
4.0514
5.88705
5.38864
3.16508
1.49629
2.30724
0.179546
6.59305
9.49931
4.62971
3.97014
2.55426
3.41214
2.54082
2.81896
2.91522
7.24388
6.5721
2.86446
0.77313
3.73229
3.02428
0.765904
0.527897
2.75427
4.2791
1.13826
2.61742
2.06867
1.895
2.71174
0.385466
2.41835
5.01622
1.93563
9.35275
5.32948
1.72125
12.187
1.05958
4.42447
2.26815
4.20788
2.37415
1.27248
4.55438
2.33181
3.77147
2.27134
2.13408
7.46301
2.38262
1.83436
2.34835
0.692122
2.5671
10.7312
5.08753
8.45919
1.2879
4.01206
4.96191
2.59332
6.48584
2.93908
6.10753
2.12567
0.828901
0.669391
3.86403
2.20083
4.11708
2.34192
4.7588
3.03294
3.92656
3.99808
2.20251
2.24652
11.0097
9.96487
3.43145
1.20834
5.60507
0.470666
3.04797
4.89622
2.18832
9.15288
0.878667
6.39458
5.86979
2.39993
3.33933
8.64212
1.80162
4.60737
0.429004
2.58078
5.10536
1.60575
3.15863
6.99392
4.75343
11.399
7.22909
1.34935
1.98023
1.79338
1.67977
0.351909
1.91313
2.93837
3.47875
4.94712
5.01617
1.85604
2.63841
0.616861
3.55528
5.22245
5.08336
0.253995
9.23347
3.17238
3.34953
6.67317
1.4876
4.23259
2.97693
6.73071
3.77418
5.12417
0.260478
5.41194
5.84486
2.13608
7.95083
8.15181
5.76888
2.6159
5.60383
1.06514
7.75859
4.26446
5.51065
1.61503
4.06129
3.12933
3.83739
5.83034
4.84828
3.52977
6.19731
1.42692
6.08419
20.7417
4.44157
4.22832
5.53127
3.8509
2.94189
1.66827
3.51377
0.397597
6.77747
3.74806
7.12099
8.55062
7.40169
2.00539
1.19582
4.28609
7.40615
2.15868
1.33157
0.839006
2.85018
2.14113
3.675
5.53982
3.92882
2.44148
8.70486
6.15568
1.76141
0.55766
0.444502
5.31601
8.98105
1.39134
4.58913
5.80222
4.10767
3.23026
11.7194
5.30095
4.00177
3.01007
0.628822
3.43668
3.41759
4.09206
3.34463
0.532749
3.73269
10.2003
2.15274
4.57368
3.06386
3.92896
6.81694
1.91536
0.55635
5.01136
9.58004
0.904424
8.41908
4.07354
2.57001
3.11683
1.55302
4.34415
2.36459
1.40541
1.80703
3.43798
2.20712
6.14854
7.33427
6.23513
1.30446
4.33345
2.90401
5.9282
1.65933
1.91098
1.62177
2.95179
0.430789
2.159
6.43906
7.61651
1.65564
11.7712
1.25311
1.51215
1.84634
14.6834
6.33339
5.5484
3.19609
0.779743
3.85257
7.16814
3.54539
2.29618
3.75834
0.690961
1.21861
0.991857
3.77731
3.70808
3.45293
1.5397
6.20503
1.91199
7.95934
6.17217
2.53867
11.8139
3.63458
7.37159
3.81087
2.13549
0.824741
3.88755
2.88365
6.76906
2.7006
1.5679
4.69404
3.53559
4.1923
1.38813
6.51911
0.926933
1.3754
1.45387
9.19277
5.24959
2.05533
0.0332005
1.43913
4.44469
5.52881
3.8802
4.03677
1.77076
3.39021
2.54974
1.83071
6.29905
2.1795
4.94423
6.97533
7.98155
4.44971
3.06571
4.16123
1.54027
0.429206
0.677352
4.40636
5.1763
8.19315
9.15549
0.982674
7.22532
4.49151
5.60383
0.917606
5.04147
2.15715
1.28731
1.46074
13.6639
1.85671
5.94185
2.80346
2.3796
12.497
6.77787
2.79745
1.23438
2.44058
4.33952
13.568
2.74334
0.962629
1.90275
3.77039
2.42045
7.54287
1.5067
5.34042
1.46481
8.0569
1.25276
4.75268
2.53313
1.44303
1.80729
5.49969
4.38122
1.93198
1.31061
2.17893
1.51291
2.42272
1.9025
0.307752
3.05894
0.935246
3.00419
2.78183
7.38985
10.1726
0.612314
1.64076
4.61629
2.45347
0.601039
2.638
4.95708
3.18114
7.94121
3.06924
2.9386
1.05772
4.33544
3.40673
4.35595
1.49827
1.90786
2.49828
4.50923
3.88944
6.03371
4.22433
11.5645
5.97679
1.92831
0.789455
5.43082
11.6717
3.29969
6.47585
1.30295
1.07384
3.45815
4.66712
7.09159
3.23155
6.56624
6.83982
2.52158
1.96434
2.15868
0.527281
3.19487
3.58382
1.53864
1.32426
4.45471
3.40249
4.10117
1.08981
4.752
1.37158
3.69255
4.79004
3.84763
1.87676
2.70867
11.4969
4.7893
4.87223
2.69624
9.12016
5.15171
3.76305
8.4924
1.48304
1.47711
7.63552
6.61697
0.43095
3.29276
3.1372
5.51202
3.26557
7.17317
3.166
11.1838
0.274656
2.02423
9.50394
6.27146
1.36786
4.834
5.92528
2.04176
0.866892
1.38122
6.97749
3.78484
3.53477
2.58447
0.352606
9.43771
1.94185
1.08362
5.28328
1.17818
2.92186
7.29201
1.89545
10.4898
5.67441
1.24477
16.0103
5.19825
4.68241
1.31727
1.71761
0.614505
8.00542
2.34028
11.7615
4.28201
1.50355
4.87401
2.68964
4.11485
4.47052
1.96801
4.94252
0.874087
3.47243
1.72796
1.2544
2.33563
4.76639
4.56791
0.572084
1.2738
0.293034
1.01979
2.84785
3.39173
4.89104
5.18763
1.83777
4.01245
4.92922
8.15828
1.34429
8.42299
5.80999
3.72008
5.69708
2.5469
10.3663
2.41273
3.00909
5.54693
6.43677
1.50953
1.62487
2.95641
6.27928
4.25313
3.00473
3.13589
3.80898
8.55074
2.48251
6.11304
0.457444
3.95223
6.77412
14.4094
7.96032
2.32104
11.1578
4.04443
8.98821
1.42103
3.59649
7.8764
5.23042
5.38982
3.95486
1.42406
5.4442
0.783415
0.943963
1.35281
0.540693
3.31892
5.20211
2.27422
0.796559
9.27204
5.74683
1.56359
4.0592
4.77009
6.78802
6.62783
4.0093
7.63637
1.7822
1.36994
4.5381
1.96501
7.54423
5.28189
2.46967
1.20994
0.200251
1.64587
9.93447
4.52365
7.82198
13.1158
4.7179
4.18828
1.6683
2.64441
3.07621
5.01329
2.04641
0.106306
9.59545
10.9319
4.33616
5.61902
7.32136
1.20619
1.92765
4.55054
1.13922
4.85123
2.80139
4.53391
3.76313
2.77879
2.19841
4.29195
1.79055
4.10272
1.6547
6.21136
4.43197
2.11005
13.8042
1.82474
7.26495
0.639911
3.16885
1.69614
4.76053
11.5939
2.72732
4.19498
0.794173
4.80827
3.14576
3.8637
0.873485
6.92369
2.13833
7.29447
7.06843
5.22523
1.13687
0.606329
4.22223
1.99976
4.18918
3.20826
2.35557
4.55421
1.54524
2.1674
0.564668
1.66635
4.47591
1.82763
2.15858
1.63152
2.89992
11.0727
2.77555
2.14391
6.07787
1.4873
4.27114
3.90643
4.73662
2.15784
5.443
4.8782
5.90938
2.45089
2.98871
1.76005
3.28756
4.16218
4.13319
6.85138
2.75852
4.00185
2.18152
4.28381
0.891378
2.73278
3.71601
5.00889
5.72331
3.917
3.47174
11.7061
10.1828
2.83532
3.00086
2.31059
6.53605
4.10773
0.898683
7.61639
1.23804
2.37165
0.311948
2.44405
0.643848
0.574332
0.890891
3.1983
5.18793
0.875619
8.39672
3.24839
4.07385
1.39534
6.0531
4.93946
2.26646
1.45642
0.319698
4.21849
2.05688
4.88622
6.62099
6.70366
3.03813
6.35315
2.73854
0.932147
2.30409
4.28269
0.200667
2.33765
1.8772
5.26294
0.741488
6.65836
6.50759
2.99421
2.10657
2.12697
0.722014
4.81219
1.87323
4.57375
5.09141
4.92275
3.81971
1.56532
8.58895
2.25685
8.58227
0.739964
0.772561
6.77026
0.25649
1.04447
11.0922
8.2563
0.631109
0.564003
1.07426
5.89643
8.16352
1.99147
4.48879
1.67779
3.54382
7.89712
4.97216
3.9693
1.97438
1.69694
2.99827
1.53516
8.51811
6.21241
1.21598
3.58123
7.56721
2.87399
2.22282
1.56611
5.85606
2.53001
1.99537
1.95249
4.84783
2.13669
1.46261
1.40138
1.86654
8.96087
0.459196
1.48115
2.69017
8.30266
7.1474
1.47842
3.33911
0.414706
3.66059
5.47366
1.30003
1.78042
6.73524
3.95231
2.9299
4.27559
2.5701
1.41455
11.1599
2.44681
2.67606
3.92333
5.29482
2.1554
2.29921
2.86539
2.99039
0.751768
0.893185
6.31402
3.78386
0.87731
1.53615
2.85399
3.38779
8.47857
10.4327
1.15194
6.02521
2.95759
1.99485
4.8676
4.10914
8.86454
2.72536
1.08452
4.54777
4.07234
6.7689
1.80973
7.2336
8.0651
4.9054
4.2893
4.99318
7.21742
2.08633
1.48899
0.812317
2.3067
1.38024
5.42941
5.5333
2.91366
8.33668
0.969798
1.65443
2.48768
12.3178
5.05149
4.04222
0.466715
2.4784
1.03047
2.07791
15.0488
3.09788
1.161
1.51276
1.62783
5.3106
2.96941
6.07688
3.77231
1.30471
9.4167
8.46216
5.35254
2.32983
5.71113
3.83423
2.7846
4.828
5.106
3.3165
5.16563
8.85765
3.08153
1.24707
2.52468
4.5045
1.88425
2.62305
5.54918
5.57262
4.38556
0.931087
3.31782
1.72111
1.80268
5.43942
1.04922
3.61239
1.95457
4.8975
11.4017
5.7752
2.20034
0.619692
1.8072
4.58956
1.48361
0.165387
1.11162
5.85404
2.95747
2.59363
2.36241
1.57412
7.27078
2.77517
2.55848
5.07809
3.90114
2.47808
2.08007
10.121
9.56922
3.0868
0.924943
0.593924
4.04406
2.01346
2.82254
9.38263
1.97588
0.819251
2.82327
4.22601
3.20428
1.37817
2.09002
2.74645
3.03593
4.33516
3.88505
1.91529
3.87616
8.99677
3.22468
0.80396
8.9826
5.33268
5.26389
2.23996
3.12213
1.15529
0.962229
2.3171
1.93006
3.04755
3.66345
3.90612
7.7704
3.13393
2.61121
5.88195
2.54684
2.66733
3.10795
2.0344
5.87229
7.36922
3.39633
5.30367
4.81047
16.2258
1.8383
0.456584
0.615753
0.571564
5.5045
0.875588
5.26936
3.29802
4.69333
1.82396
3.56667
4.79783
6.39676
2.56652
8.11346
0.894
2.13163
8.64142
5.1666
4.45054
3.59557
1.08139
1.98127
2.69442
3.02035
3.29394
6.17572
4.88942
2.41825
5.40911
3.5867
2.17472
4.10704
4.7746
2.25889
2.83922
1.69843
1.20299
4.58044
2.21122
1.13024
2.32025
9.6039
0.551239
2.30621
4.51711
5.87745
1.90268
3.80806
1.13318
4.56748
5.68517
2.74311
5.01481
5.21154
3.82864
5.30214
1.06895
2.53472
2.42146
6.50776
0.5651
3.91309
4.30734
5.53158
6.86011
1.31161
3.18956
3.26424
1.11282
7.54575
5.28907
12.1298
6.70826
3.57497
0.526308
3.34412
1.2432
2.62081
6.56851
3.89795
3.91889
2.92708
9.1614
2.85527
4.72388
2.98134
1.1346
3.55109
10.5284
5.62326
0.729008
1.86529
1.65489
1.68976
3.18153
1.74509
2.69791
7.18042
3.4393
1.45446
4.44247
5.04462
2.20712
2.75895
1.47248
7.04475
3.12951
1.20313
3.66198
6.96375
0.574651
12.6358
0.572112
4.86514
1.0932
6.01651
4.06465
3.60823
5.78304
3.03438
2.94284
1.87361
1.95835
1.67248
1.73147
3.89167
2.08155
1.01049
1.65055
1.27575
4.55092
3.65314
0.756056
1.38077
5.74462
1.69448
5.23129
0.198869
3.09065
3.05702
1.86383
4.88122
5.88561
0.380263
13.585
2.33426
2.90175
10.3182
2.99594
2.3308
1.59788
3.4801
10.1347
3.10664
4.94351
4.62193
2.21146
3.00322
3.53785
2.0301
6.55599
4.63104
7.41034
1.1291
2.3014
1.30104
1.64594
0.584284
4.71501
0.432678
2.90869
2.16642
6.06388
8.97262
5.61683
7.38097
1.93011
1.17084
0.447552
1.91689
0.931103
5.28214
6.91323
2.43266
7.60772
7.78701
1.94762
3.70412
4.24809
1.06236
3.69597
4.23207
9.0645
1.93796
5.93956
3.65309
7.07038
1.35654
2.73746
3.86842
6.39311
0.790582
3.24535
12.0959
3.64428
6.95479
7.0719
7.50733
6.35587
2.0157
4.18099
2.52348
0.760378
9.67548
0.888617
1.51114
1.40253
15.2369
5.63568
7.03733
5.02744
4.92605
3.37119
1.73491
1.52414
1.50981
4.96977
5.22749
8.95898
2.69052
11.3098
3.96799
3.79165
0.367063
2.881
1.96765
0.99569
2.94083
3.5839
3.20029
12.3699
1.89979
5.69149
3.22565
1.94581
1.66233
1.07507
3.70331
3.57598
3.22745
3.07207
1.85974
5.30627
3.34466
2.42922
1.81589
1.01479
2.52822
2.67223
4.73968
14.9339
1.19597
3.95585
5.63083
6.08985
3.84238
1.95607
3.27121
4.82657
1.7976
2.23819
7.4536
3.03291
1.45503
0.627231
4.18906
5.14943
3.42512
3.18749
5.2099
3.49948
1.93433
5.51015
1.13772
1.66918
2.1545
2.89274
4.36528
15.1981
2.01914
6.50103
7.53102
4.92313
7.63644
2.39197
7.54
3.91691
5.00403
1.33819
5.63519
4.40766
1.54335
1.14002
3.85498
6.96445
6.09217
4.26856
3.02799
3.05454
0.361894
1.94442
6.66348
5.21525
3.79536
10.2706
9.13989
3.27609
2.09317
4.60905
4.32788
0.921119
0.977349
0.414892
1.06593
1.03
8.33956
1.87754
6.09595
14.3935
5.60608
4.52062
3.11411
3.43905
8.2619
1.78124
11.6823
6.49592
6.05307
10.8073
9.0286
5.31801
1.80538
4.17081
4.40598
13.8152
5.18718
11.7599
2.36502
6.15834
0.770069
3.71609
1.72781
1.93985
1.15953
2.83683
2.66328
1.80813
1.83475
1.70174
2.73114
4.07459
0.249174
2.65665
1.94763
5.77672
1.00847
3.62388
9.21924
5.40952
4.59946
1.91453
4.11353
5.18532
0.352728
3.19773
2.74613
3.44248
7.39482
3.84298
8.00316
2.09934
4.29744
14.7986
3.07897
2.39068
1.84602
6.80525
1.70922
5.84295
1.61371
3.36284
6.40125
2.69517
2.30087
2.72432
4.55495
3.06638
0.960076
0.172388
2.44832
8.67873
3.90709
6.13419
1.01329
1.04827
4.46022
1.851
2.6581
5.6312
1.49683
3.1287
3.53792
2.20406
3.48416
0.321761
3.46587
2.10711
3.1539
5.35117
4.91843
3.34408
8.43633
7.32915
2.56969
1.25512
8.3007
4.66458
1.18594
7.60579
1.71395
4.20054
3.05515
1.13794
11.1915
3.06864
1.10127
5.57728
2.73437
2.09314
0.670551
1.13346
0.933822
4.04577
7.27004
2.41205
1.74979
1.25759
3.1269
5.96646
7.2458
3.78405
3.27639
2.09929
5.8942
15.382
1.10244
3.30463
2.78468
3.04947
5.3969
5.6275
9.59692
3.09298
5.0749
1.8608
4.31452
4.32256
2.91773
5.21746
2.13616
1.78219
7.4837
5.25207
1.37468
4.72749
5.20984
2.09821
2.3802
5.60367
5.80966
9.64021
8.09254
1.71656
7.66041
5.31636
1.58547
1.53022
7.52499
7.99606
2.37607
2.48374
12.2236
6.86624
6.54839
1.6993
2.95035
23.2563
4.47973
1.75704
2.8692
2.39415
3.83257
0.803091
5.70041
8.77729
1.35064
10.2287
3.37794
0.515477
4.26879
9.87943
7.19412
2.84688
2.44562
3.52395
4.48058
2.29737
2.82698
7.4392
1.44123
4.45981
5.86846
0.797922
2.42592
2.66876
8.47298
7.48
2.38056
4.805
8.67799
1.97417
4.57065
4.63559
5.06322
10.7448
3.16828
1.6023
0.881348
3.51567
0.961775
1.27501
7.23436
2.99257
1.22424
3.27325
5.57927
3.89882
3.42706
5.51744
1.28653
1.94677
8.0537
5.36918
12.955
1.72017
4.30699
7.93028
15.5064
4.47761
4.1394
1.16406
12.2802
1.61768
4.50255
0.676946
7.65571
5.16811
0.576145
5.45253
5.62416
1.95435
3.70045
2.3711
3.26176
3.56845
1.55408
1.22852
2.66846
7.49487
0.940361
2.82734
2.50015
6.16511
2.82261
0.742821
0.963598
2.7471
3.44588
5.41789
10.8543
1.29267
7.21691
6.1515
3.80491
1.40227
2.60124
4.3427
4.57036
1.94654
2.43688
7.58583
2.9106
2.74324
5.36074
3.86262
1.90397
5.23027
3.87949
5.33889
3.79118
4.75283
2.83359
1.58302
3.79914
3.6075
1.89327
4.29221
0.941045
1.50709
1.0296
1.69037
5.87272
3.88267
0.747724
4.52923
3.04333
13.343
2.42857
1.0459
3.80166
0.601844
7.65298
4.21866
3.22127
3.64524
3.39196
4.28748
3.32606
13.4339
9.06084
1.15553
5.25122
2.95874
4.97828
10.8961
1.48023
4.18952
1.41835
6.89743
10.0217
4.95273
1.54301
1.51104
1.04545
1.17735
5.41315
4.00312
2.28058
2.15623
7.50516
9.01483
3.35149
5.23008
1.25687
7.57429
1.32471
8.31475
3.13001
13.4783
13.1636
2.53534
2.87066
4.92561
6.63494
0.702253
8.85056
11.3239
4.77948
3.96272
1.9032
8.53881
2.25194
2.33968
1.8213
2.67621
2.39328
3.32568
2.96417
2.14146
6.34482
5.11804
1.74549
7.35755
3.13335
0.735927
1.06797
1.06485
3.15142
4.75487
5.1503
7.67027
1.21613
5.5478
2.94128
3.20026
6.23873
1.00801
4.8647
2.45197
9.28929
4.06529
0.672768
5.1031
7.76787
0.658158
3.21745
12.1415
3.03054
4.22645
3.49275
1.71151
4.00227
3.68382
4.96224
3.28796
6.28548
1.063
2.78931
2.02943
1.53432
3.36013
4.32896
3.81596
6.60997
3.44705
9.99469
3.68446
4.74577
6.66349
6.225
9.91996
3.59371
3.57848
9.56078
1.67741
8.91595
6.07096
6.82785
7.1265
1.48779
4.28816
3.59348
1.38185
1.31384
3.0143
7.35973
1.8629
2.36998
5.09788
1.67766
9.2218
0.482702
4.15327
4.45038
1.37919
3.74888
6.55814
0.370937
4.45754
3.66595
1.62124
3.72273
2.17561
7.32323
7.9643
4.80071
11.9707
2.15042
9.86586
1.80765
1.82459
8.13347
1.40986
4.43739
2.19277
2.8832
10.1416
3.21584
0.78061
4.53807
0.893314
1.73493
7.98683
6.23004
1.05598
4.92045
1.01161
10.0593
2.42748
2.60461
0.651311
6.9096
1.73766
0.499505
4.98589
4.60777
5.60652
2.92507
1.12989
5.35133
7.90842
4.60697
3.26661
6.44322
2.3561
2.6654
1.18413
4.27511
2.84231
0.597588
4.54638
7.9769
9.87043
5.10071
2.11386
4.20206
11.6765
3.52367
4.66861
4.06202
3.54347
2.43079
0.80836
1.96612
1.98333
2.70092
8.32539
2.994
3.78178
2.16917
4.87568
6.72144
3.30513
4.54574
5.81013
1.08969
1.75209
1.18863
1.30004
5.04695
1.97193
3.12246
5.89962
3.64516
2.14434
3.07849
3.08672
3.864
1.99455
2.80664
0.235915
2.0072
3.65166
3.35483
3.97474
1.63468
8.95768
2.43185
5.59869
2.0933
3.76128
2.00657
0.994528
6.2418
7.61381
5.46753
1.38314
2.26548
0.548399
0.982548
3.72447
1.0685
2.67374
2.27023
5.01915
2.82803
6.84782
6.87319
2.52426
1.11123
5.91104
1.96899
3.25561
1.54169
12.4369
2.20269
9.33756
0.593142
5.87493
3.19098
2.76426
3.98918
3.28359
2.10866
2.74416
1.94023
5.66053
3.46295
0.734038
2.78785
5.07711
4.32919
3.92915
3.90998
7.53908
4.1847
5.59298
7.92689
0.303601
3.05128
2.38416
0.979158
5.47925
1.56358
4.71586
3.13808
2.5306
2.54081
5.29943
1.68741
2.05967
1.8341
3.24248
3.48
4.18571
0.620028
1.32855
1.43905
4.85523
2.47333
1.87348
1.21997
0.737236
1.9966
0.463381
0.120339
1.05248
8.35054
0.611812
3.68468
0.851425
3.90001
0.535256
1.49556
4.39831
8.18071
4.23784
7.60833
2.8151
2.78141
5.52372
2.88306
15.8888
2.37128
2.68218
3.86112
2.81761
2.60305
1.82208
3.87397
3.70716
11.1879
4.60433
1.46241
1.19541
7.82743
4.06183
12.9774
1.07808
8.36107
4.03742
6.71183
1.41024
3.53552
2.17288
2.47769
1.69614
1.48252
2.21373
2.16021
2.44477
4.39942
3.02275
6.47054
1.8751
4.13881
6.79685
1.22552
1.18009
1.20486
1.57437
2.0142
4.37568
7.10656
11.4107
6.91363
1.83923
5.30527
1.63211
2.6813
3.67575
4.76283
2.73503
2.48788
7.29112
1.97669
5.87076
5.52548
4.76953
1.14968
3.47772
6.70491
2.38372
0.974892
1.81916
3.71606
4.27219
25.7437
3.63717
3.60068
3.81154
2.1845
1.94442
2.94187
2.97748
5.72666
0.601782
7.75822
0.737498
2.094
5.97417
1.87164
2.86905
2.58938
1.79813
4.328
2.48229
5.5633
2.13679
4.64954
0.349792
1.94045
2.75866
3.39506
2.97018
1.29306
1.07369
4.95767
8.705
0.495886
2.19488
2.34181
3.22468
1.20755
7.23919
1.57155
4.50835
1.0047
1.42837
6.81586
1.99484
2.32956
4.61414
3.05241
3.86175
5.86247
4.97968
5.41898
6.91384
2.02171
7.62876
2.00496
3.45992
7.71991
1.46395
1.14227
4.58875
8.07352
7.04053
6.53185
6.16938
1.23291
3.65779
9.77235
1.72995
5.21123
4.2988
6.0029
0.829653
1.9832
0.746869
1.61258
2.60708
1.82591
1.09335
5.1912
11.5896
5.30675
2.76152
1.62973
10.024
5.03719
4.75281
3.03432
2.13053
2.37607
4.54811
3.80149
1.28724
6.23054
1.11688
6.6366
7.86533
0.695479
3.2272
2.06702
2.02746
1.71633
2.85429
2.08808
3.689
3.09546
8.40362
1.7118
5.06679
5.42273
0.241678
1.0161
7.62473
6.10312
5.72603
2.84303
4.71283
2.86716
2.51481
2.8551
1.22304
2.89024
0.781588
2.38148
1.17037
2.77372
2.23914
3.05011
5.17351
7.82684
2.18005
1.58211
1.85244
0.228708
3.31142
7.65737
2.19845
8.04641
7.09813
4.83861
1.47911
4.24632
1.01155
1.69858
3.37605
3.87796
1.50907
5.71172
2.25584
4.52943
1.43001
1.66951
10.7168
10.1173
2.06427
1.0164
2.50299
1.84403
4.87016
8.58726
2.88086
3.31327
3.91218
1.7193
4.20324
13.029
4.44095
5.53242
3.05629
3.71625
1.26275
4.43246
2.14353
1.13796
1.87444
10.1592
5.73644
2.12639
0.651417
3.87941
1.15114
3.23162
0.598898
6.25536
4.36246
6.10085
4.46795
5.09837
4.88448
0.979487
3.45214
8.2399
3.46291
2.18293
1.79356
2.28057
4.2352
2.62229
5.83053
1.26096
3.15301
2.08435
0.590967
5.15062
2.87331
1.54006
0.637659
3.78852
0.889124
1.66454
0.890345
1.8971
6.15662
4.97427
6.87979
2.02743
2.70828
5.75754
0.980206
1.93297
5.96869
2.36924
0.845871
4.461
7.42303
3.0515
7.43236
5.16268
2.82311
5.95361
1.68954
1.83637
2.8511
5.51332
5.56289
4.1939
1.24777
4.44284
4.15018
1.35614
4.24652
2.73737
6.1282
7.14374
4.30515
7.99595
1.02172
1.55971
3.01067
8.52812
1.71077
3.75245
4.58975
6.92916
1.26684
5.64255
5.19546
3.25955
2.5335
8.04283
9.66307
1.9606
1.6822
6.29736
4.47108
3.36392
2.13282
1.47145
8.24549
0.618285
3.59903
1.6834
9.80318
7.97349
8.56499
2.6945
2.58489
0.927055
3.9896
2.10713
3.71084
1.21795
4.92988
1.94797
3.32369
4.23103
4.6685
3.18727
0.392059
8.10662
1.92651
12.0667
2.897
1.21526
3.40874
5.13821
4.0726
3.86985
4.96629
4.40512
6.42087
6.02061
5.82255
4.14923
1.20149
6.66351
2.26353
1.67492
11.2457
5.01027
1.67646
0.826628
1.59518
1.60008
4.41564
6.01976
0.807158
4.22994
2.62294
0.376151
4.25158
1.58188
8.64646
1.94563
1.91481
16.1453
3.12797
5.75052
1.10611
11.3694
2.91875
0.536715
5.33675
1.29988
1.09709
0.800064
7.20105
8.09701
4.23833
6.0568
2.56223
1.75434
0.383259
1.01263
3.4452
3.54306
0.663624
3.05652
2.38445
1.83531
4.8653
5.99573
5.14052
8.92268
6.80122
3.7828
2.36126
3.79292
8.11405
2.29372
3.94456
7.85254
3.68667
0.652943
0.886106
1.76902
3.64412
2.09492
1.95529
5.17009
2.14858
4.59229
1.93526
1.19935
11.1508
2.52324
0.504164
15.2169
3.43411
4.34694
3.04392
1.85969
2.16543
0.607325
2.43274
2.71888
0.336198
4.28966
3.36276
5.20627
7.00851
11.7548
2.2815
6.11775
9.82935
1.32487
3.16439
2.9529
3.19616
4.70902
2.77589
1.03286
6.44672
3.92659
0.488535
0.986215
7.07429
0.719743
0.56725
1.66048
5.87581
2.18884
9.28707
6.90834
1.07046
1.19976
1.6718
2.79104
3.40977
2.87756
4.38987
1.82934
2.99444
0.75803
2.87877
3.18453
12.847
6.86819
0.542058
3.8941
1.4701
2.93809
10.8989
12.6411
3.13636
8.35779
3.25631
10.3256
3.64612
6.10975
6.34756
2.31531
5.81597
6.23672
2.66333
1.86315
6.64212
9.78683
4.82827
1.7075
10.203
4.54626
3.21557
2.2016
5.83539
5.54537
3.03873
10.8106
0.864091
4.55415
0.840217
4.62352
3.54748
2.08666
0.781453
3.39815
2.26876
3.0295
1.27553
6.2154
10.2029
3.06386
3.51253
7.87609
0.140409
2.20723
2.50147
5.08916
2.55728
3.46546
3.78476
1.5393
2.79901
2.60298
3.29357
1.22528
4.56307
1.47294
2.9442
0.930737
3.83018
2.83109
3.17385
2.2522
4.9763
4.08018
1.2751
3.50743
1.94722
0.525355
2.48168
3.67267
5.29781
3.49322
2.9288
11.6365
7.80747
4.72586
9.85099
1.10263
2.33731
1.73927
2.04889
3.94006
3.05116
7.82746
1.97365
5.24388
1.74714
1.05078
6.54421
2.6252
0.974081
1.13283
2.25686
8.00143
0.731001
4.18312
0.511009
3.73284
3.62904
5.51604
3.33494
1.73316
4.31152
2.42479
3.93855
7.01054
1.80093
3.90309
3.50886
1.38341
7.35073
4.80008
6.2112
2.29841
3.16749
20.863
3.82156
7.62596
1.75819
10.1684
2.14608
4.83127
0.889501
6.84439
4.33428
2.31467
0.262239
2.4401
0.875226
6.9284
12.9338
5.98402
2.15755
3.11593
3.72363
2.34618
1.81299
1.73982
6.59346
1.57936
1.64892
1.93528
1.29282
5.63518
5.12874
1.65154
4.86866
7.64723
1.24623
1.78593
8.03881
2.44929
1.22006
10.198
3.27766
2.26805
3.93907
5.1491
1.67427
5.94121
4.17922
0.788367
2.26321
1.46906
0.0499642
2.8769
2.62047
4.96336
2.01596
3.49776
3.89642
2.90436
3.12163
2.50049
1.45504
1.06926
1.60268
1.24828
3.49997
3.23488
1.16435
4.33373
4.89229
0.607996
13.7039
1.58119
1.21637
7.8666
1.39217
4.24644
0.934598
5.64714
2.10498
1.29085
2.91853
0.822001
4.54412
3.38651
3.83955
3.4693
0.287918
6.62753
1.44512
4.113
1.93349
2.13395
6.61288
2.60826
5.24672
0.495254
3.0435
7.68689
5.37021
11.9089
6.00221
7.38825
2.14705
4.05535
8.71083
5.18683
5.28074
1.56693
0.645171
2.0032
7.69663
5.02145
0.986954
8.36833
4.37349
4.54837
5.83881
10.1642
3.36696
3.62184
0.980458
6.90597
5.12452
5.8015
4.08223
1.0086
2.72451
5.16026
2.27577
3.73788
0.818992
2.057
5.00354
4.37255
3.31292
1.32428
5.14865
5.71337
5.62552
5.57932
2.44608
1.48589
2.19284
14.7953
3.53636
1.05034
5.13177
4.53536
5.8035
2.73571
6.11599
5.18164
5.13747
4.54174
7.16448
2.17819
2.28986
1.70312
7.07565
0.365289
13.9818
4.87454
0.630566
1.54998
6.76008
3.34784
1.13744
5.81262
7.90586
2.96615
2.17211
1.813
1.70598
2.38943
7.22074
2.00843
5.86049
2.81216
2.67471
2.62787
0.779834
11.3302
16.0594
10.0037
4.15859
8.09645
12.5535
2.21462
9.74211
6.10865
2.40252
1.09693
1.92123
6.47606
1.93643
1.41916
7.24685
5.97462
1.73699
0.0734391
2.55503
8.30935
10.1942
1.27069
7.68556
5.39128
7.49036
3.30996
1.5666
2.43029
2.8493
1.47617
3.62904
0.800274
3.05056
3.77844
9.60754
4.4092
2.762
4.34768
4.77014
2.4793
5.03811
3.76572
2.39064
11.9157
0.382376
4.65416
3.80765
2.30971
0.116685
0.086157
3.15046
5.64538
2.19155
2.24275
1.87434
5.90664
1.5065
3.67928
7.47689
3.6334
0.29756
2.59729
4.49316
3.28867
3.5569
8.28516
6.1198
6.35238
0.587329
2.0284
1.41826
3.18402
1.60391
5.91199
2.68967
0.882653
3.90891
0.345568
6.94663
0.353895
2.85029
3.40251
10.6473
2.83987
11.2266
2.18831
1.93087
2.99325
4.99688
2.87146
4.24851
5.84724
1.04415
1.40546
3.22917
3.20782
3.23801
1.79577
3.31719
4.71575
3.90375
2.89818
4.68176
3.21185
2.59009
3.92365
1.92532
2.76676
6.79278
3.95811
3.41877
3.01131
0.852301
3.34276
1.56918
2.3113
7.87439
0.212152
2.31767
3.14511
5.40747
1.94573
4.13113
4.87612
0.51827
10.2134
2.98681
5.42933
2.27352
1.88046
3.73323
2.45105
4.9055
1.87622
6.12411
6.06422
3.84056
4.37004
1.30244
5.40359
2.74241
2.83381
4.79281
1.09657
5.41821
2.9559
4.68555
1.21276
3.12716
3.41042
2.25452
7.05949
5.74211
2.65513
3.52512
3.03051
3.70658
6.86541
1.14444
4.01606
9.39109
1.09645
1.63
1.96352
5.73231
1.32524
0.774799
9.68712
8.22722
1.39783
5.32705
10.7323
2.11815
1.35261
3.2823
4.32311
5.24614
0.699593
6.73161
8.29474
4.83802
0.191964
6.0601
10.9019
12.0889
5.30743
3.0121
4.64797
7.2986
1.91637
2.92375
1.91375
6.45926
1.19185
2.44034
0.881058
4.67915
2.77259
1.53767
4.60107
2.40621
3.6235
4.26476
11.8512
2.27565
0.263199
3.73168
1.27316
9.3552
3.23922
1.77983
2.19816
6.00921
6.14702
3.65788
2.00745
3.37344
1.98237
7.36915
3.06583
4.13955
3.47326
3.51301
5.69677
3.69282
7.97987
3.73148
1.55516
1.40176
4.53622
6.13923
3.888
5.79071
0.732791
0.918409
12.9699
11.6763
3.18361
0.330831
6.30947
5.31254
3.63717
7.9363
4.76086
1.8951
1.217
3.3107
2.92475
3.14155
7.41659
2.99029
4.76805
3.22206
10.6031
0.958286
7.86931
4.00882
3.4376
8.24024
4.95271
1.67548
7.51113
0.904487
1.48948
3.28926
4.88408
3.12823
2.86874
4.90567
5.63939
1.91452
3.47986
2.28503
3.22087
2.12125
4.41679
4.46528
4.86712
2.86152
3.74971
3.35384
2.72806
3.47623
0.205676
8.49011
1.29682
4.63371
2.29114
1.57727
7.83771
6.23917
7.58137
5.67041
1.10799
2.79216
1.64501
5.35179
1.5475
0.888374
5.11509
1.71485
7.40879
1.16947
7.86954
1.35766
4.65483
4.50044
1.72488
2.65361
0.30142
12.4012
2.49297
2.56355
4.98381
3.60929
0.880434
2.28778
1.11186
4.28552
1.52602
1.14914
1.89901
5.85173
1.04519
4.78808
0.601544
3.76356
1.45373
3.7174
6.50158
1.82494
3.25659
5.71921
7.04416
0.827196
0.596672
1.69025
6.21923
2.45038
4.37637
4.82721
2.96465
0.445054
4.03639
2.30926
2.18508
10.9438
4.2269
2.03393
1.41688
7.2422
7.8714
4.07682
4.11734
7.33425
9.30653
6.28799
1.55173
3.34903
0.89228
4.88694
3.36845
2.08049
3.28126
4.8751
11.1298
1.14471
3.26519
7.34997
3.95472
3.84148
9.19403
2.88571
2.54745
10.4422
1.36819
6.3928
3.81375
6.7077
5.0414
3.90973
0.983846
1.50524
4.28341
9.96152
1.70121
5.1464
2.32787
6.48047
1.9027
1.67611
0.609219
6.56088
1.70813
4.34202
8.39167
5.08427
4.86617
13.058
7.01724
3.9801
0.899391
1.74563
9.9732
6.28941
1.68384
5.42459
0.555106
5.55211
1.12322
6.63145
1.71564
2.29966
11.4938
1.13079
0.570887
2.33893
11.3355
9.93566
3.28979
2.1431
1.88788
8.40111
12.0458
9.86666
0.732127
2.54056
3.36281
1.33064
1.1432
1.91946
1.80229
2.35322
4.90765
2.39816
2.83758
6.8289
2.06462
9.22408
3.53799
1.50582
6.7077
5.80167
5.58038
6.67695
2.55625
3.3322
4.3038
4.80697
3.0451
3.45478
4.11211
4.35811
1.07409
5.34612
7.54386
4.89448
7.22633
0.932722
3.25625
5.64246
2.2449
1.32068
4.17565
3.65879
12.8251
1.74277
2.73284
6.31086
7.43891
2.03877
3.39797
2.91072
4.89335
1.89726
1.58121
2.38728
8.97201
2.81721
3.06002
7.64911
4.00835
4.7077
2.58405
1.12731
2.11347
3.21271
0.837366
6.86133
3.69525
3.27692
2.45031
1.37362
8.73722
0.510111
8.0891
4.32851
5.54091
2.31388
3.95698
1.69536
4.0819
2.11487
1.32169
0.205009
0.720222
7.42553
1.63283
3.21446
1.76073
4.21413
6.09001
3.19406
0.171889
2.02319
5.0089
1.51314
8.11624
4.95741
4.07317
2.10818
3.48371
10.39
3.95867
4.39907
0.749023
2.74615
0.860888
2.26924
5.19079
2.61373
2.96024
6.95187
5.4145
6.65835
2.08521
5.53212
3.05006
4.69461
6.93432
3.45532
3.43265
6.3005
1.27047
5.69203
9.55593
7.6367
3.20793
4.40523
6.0105
2.24698
3.14536
2.80852
4.68778
2.18884
3.29854
1.50936
3.02475
5.17093
8.20768
1.09449
3.68623
0.547998
0.847357
8.15061
1.59196
5.64731
8.91917
1.99659
5.51914
3.5521
6.94169
5.3928
3.21162
8.06665
1.88927
5.22349
0.537448
1.83157
0.913554
4.30443
5.0309
0.816758
6.68201
3.3732
4.04964
9.39791
0.160558
2.00937
5.55808
2.01983
3.50638
5.62517
0.59347
3.9697
2.13919
8.46378
3.1078
4.34748
1.52521
0.971178
7.39774
1.92311
2.31663
0.500978
3.42952
1.78782
6.67525
1.9955
4.93524
9.1167
2.43277
4.02843
1.77512
1.70887
2.09573
1.18148
1.80228
2.79785
4.60074
1.29062
3.40652
3.54981
3.03068
3.49423
7.93827
1.29289
2.55814
1.28999
1.49054
1.7096
2.77499
3.55441
4.3433
0.804022
5.06464
5.37593
1.7122
7.60552
2.96001
1.32331
6.01234
1.0844
3.64817
1.54351
5.45262
1.92301
1.50979
4.47079
2.75896
5.74868
0.680237
3.53281
1.67262
8.5846
3.54002
2.2112
2.29752
0.455036
1.64473
2.86464
5.26052
8.94271
2.06846
4.02825
6.7608
1.68417
2.10311
2.91117
3.47117
5.5076
1.56204
0.212062
0.655349
3.08218
2.38788
1.0875
1.00123
9.93884
5.502
4.16157
5.28868
2.17118
1.11417
4.51243
3.66407
8.83619
0.705145
1.28688
6.96017
5.41291
2.41708
3.49856
1.21935
4.64608
3.72163
6.60119
3.0921
1.14377
2.65107
1.47523
0.602137
10.8079
2.26802
2.4842
0.64468
6.55199
1.38996
3.53207
7.1572
3.63331
2.71906
6.34105
7.50645
3.77909
7.72592
4.87358
5.18794
5.58164
6.94047
3.45508
1.83732
3.16655
2.07872
2.53744
3.5551
3.38151
5.13556
1.80046
2.06566
2.08539
1.20314
2.81339
3.31865
9.25443
5.18738
2.62029
5.19442
1.16531
6.8408
10.1185
4.3939
1.36525
7.60788
4.28937
1.45639
5.88398
2.36446
0.165999
2.53421
5.44389
4.44615
12.8798
3.71731
3.27961
0.697707
11.448
5.07018
6.55758
3.19171
8.60761
5.9786
1.86829
4.30914
6.07079
8.60106
8.57202
0.413126
4.67681
0.39131
4.60165
1.89408
0.419663
5.0764
0.117269
3.63069
3.81745
7.95506
2.72878
4.31725
6.01238
1.45953
1.74053
3.28234
0.929868
4.48272
7.10784
7.13382
5.19109
2.14213
1.70494
9.61196
8.091
0.155473
0.640842
2.69267
7.16407
7.36276
4.25756
4.04276
5.41176
1.58899
3.82355
1.06458
5.2243
1.59656
6.12122
7.20932
9.09005
2.21808
2.31147
0.452296
4.98824
6.23487
4.50063
0.817599
0.326333
3.43901
1.18212
1.22806
1.55378
2.40538
5.07548
3.98891
0.676506
0.515567
1.81194
3.44889
2.50611
2.27863
2.44889
2.11207
4.31687
4.20969
7.08946
19.5629
7.01457
0.452885
6.35838
1.08235
2.48733
4.9913
6.27244
2.00519
8.62433
0.898567
0.713806
6.30552
2.4615
2.03958
3.10365
0.753208
1.10867
0.722275
6.12138
10.7392
0.395901
1.50457
1.61671
1.71888
1.52563
8.22558
0.980068
4.90942
4.60752
1.17513
1.15575
1.94159
2.83588
1.07068
2.64512
1.27415
10.7329
4.47624
3.81047
4.97625
0.388125
9.23723
3.68236
1.28447
4.69788
2.28705
1.84216
2.8794
0.348927
1.7587
7.28588
9.3289
2.13511
4.81233
4.55779
1.84291
1.04458
4.28917
5.01457
2.92335
6.04496
2.13082
3.69512
3.68347
2.4775
8.24799
3.49291
0.863705
3.8035
5.20835
3.21233
8.0011
2.71658
8.52618
1.72113
2.56526
1.50996
3.82075
2.377
4.96471
3.89985
4.60018
9.06905
0.981465
3.41941
2.90592
6.84162
2.66629
5.61514
3.36569
2.3291
5.06561
2.24306
4.42143
0.821737
4.61779
1.84318
4.9609
1.62011
3.36584
4.21792
1.85952
1.92629
1.82821
6.0516
5.43879
1.40225
2.05801
2.02053
1.1206
3.11067
1.66523
0.880956
5.40377
0.326691
2.67361
5.02023
7.14503
2.64807
3.52143
4.58087
0.996992
1.27244
4.62415
0.500768
2.55926
2.7113
1.99266
2.72544
1.25131
5.06575
5.29661
3.30998
3.14215
6.95484
4.99891
4.16302
2.32317
2.83431
2.36227
7.66075
6.21584
1.64748
2.21443
1.31004
5.31384
0.265388
3.52315
9.72511
1.28829
8.39905
0.497267
2.25379
0.911308
7.65872
3.85692
4.60333
4.25421
0.939829
1.14233
1.36305
5.68566
5.65955
5.26412
2.98112
1.07641
2.99692
7.90993
10.4563
2.26063
8.49092
3.62786
9.39835
3.50968
6.33707
8.39883
1.82663
1.924
8.68506
0.713053
1.11843
4.21419
9.10461
1.99644
0.581524
1.79096
2.44053
6.30711
0.547371
6.73451
0.156031
3.77255
3.95922
2.45728
5.44853
8.44983
3.48045
4.53666
5.22587
0.621869
3.98874
5.63475
5.13686
11.6031
5.56661
10.2601
0.745482
1.21775
1.81141
2.95338
6.82552
2.46882
9.70037
3.30602
2.161
0.824017
12.0059
1.8389
2.15041
3.13963
2.60809
2.51861
2.89165
3.22705
1.41807
1.12195
6.05037
3.32221
0.441176
1.75012
0.105405
4.6173
4.0515
4.46977
8.77678
1.15396
10.2992
1.4036
2.4423
6.63098
1.08797
4.12836
3.74003
0.81009
3.31243
2.96694
3.10046
4.37707
2.4319
5.04628
3.57124
2.44648
1.29385
9.8028
2.18695
1.47235
5.48976
5.8076
2.04679
15.2358
3.07286
7.44329
4.38453
2.97329
2.02913
3.27905
6.17117
4.15662
3.13342
0.308827
2.0417
5.53838
7.2222
3.05115
2.23256
3.36754
2.09806
3.79441
7.58966
2.40339
3.8259
4.17994
3.60291
1.29895
3.25672
5.6449
3.63551
12.3757
2.01022
3.21926
3.20927
3.70171
5.83637
3.76296
2.25746
4.12537
4.49962
2.78553
7.86046
1.69254
3.95782
4.55723
1.02719
1.92493
7.24825
1.72057
3.96458
1.95812
4.22599
15.8353
3.71551
2.84128
1.32107
3.36996
7.23746
0.819293
3.73962
7.57425
4.96445
1.22972
0.822587
9.30863
2.16705
0.904839
1.14961
0.529078
1.29657
2.09749
1.29614
2.2282
3.00093
2.4187
3.77366
1.01507
14.2369
6.72972
3.29451
4.3151
5.24706
2.16297
3.93117
1.2881
11.4153
4.83032
1.09979
5.06431
5.22593
3.11708
2.04566
1.09904
1.67157
14.8216
7.25772
11.1182
1.74193
2.32219
13.3429
1.38955
3.10504
1.1795
1.88339
7.18921
4.87426
6.27155
18.4573
9.90999
2.03035
1.46103
4.38028
4.87343
2.96811
3.10018
3.24698
6.66378
4.85834
1.02962
2.42127
0.593858
11.535
2.80262
4.4162
11.0674
8.44894
8.18299
1.24826
4.76161
4.12713
2.61591
5.71185
3.00588
3.68536
6.98607
1.08838
7.1646
6.46336
9.76632
3.3244
2.91241
5.92708
1.07693
3.14401
1.037
0.87698
2.29882
9.31428
2.63519
2.91439
6.6474
2.1249
8.20655
2.46474
5.00734
6.03656
4.37202
9.94174
6.92214
6.14962
6.58928
3.99822
5.65074
0.829486
4.41209
0.834675
0.734872
1.22451
0.955456
2.67509
5.15905
1.50705
11.669
2.30426
9.46534
13.8578
0.35067
2.26269
2.01653
2.52341
4.30439
7.66064
2.97752
5.63315
1.6114
2.29945
10.8156
4.79535
0.878197
4.54194
1.81326
2.30417
2.95466
2.06748
2.57821
3.40186
4.71085
1.86376
0.688062
2.62687
1.41266
3.33183
3.82723
1.83998
1.77405
0.670876
2.36166
2.12622
5.01552
1.57511
2.50333
9.42395
4.3705
1.62498
3.05365
2.32265
0.190631
2.55055
11.4097
7.562
5.76931
3.28958
8.12877
9.41248
9.61909
3.336
3.70618
1.93729
4.74113
2.01142
0.804339
3.03723
2.24917
3.07679
2.46163
5.32846
5.93008
3.45566
2.04091
2.91508
11.6346
0.657827
1.52377
3.7327
2.39519
6.21574
2.27918
4.92768
1.06676
4.99186
8.82138
0.593745
2.22743
2.37706
6.95145
3.31579
3.16681
5.38496
2.54725
2.33563
2.6817
8.76566
0.361466
4.01308
2.48681
3.06704
3.26271
0.436701
7.39948
1.01663
4.27859
4.01679
1.91547
1.63097
1.63581
3.15465
4.826
4.6586
5.37476
2.50363
5.89634
6.77098
6.568
3.3653
7.35642
3.09714
6.44687
1.09877
5.29827
3.5974
3.73458
3.31113
5.88543
2.65908
4.06364
2.83994
0.381333
1.77877
2.79835
4.70582
1.44323
4.37018
1.24712
7.8561
4.19201
1.02126
3.03264
2.58188
5.11325
1.08616
3.26151
2.40539
2.93981
0.895236
7.34867
0.876449
1.58419
3.72831
4.03214
0.702879
3.70634
2.89439
0.497145
0.889211
3.08836
2.15158
1.69345
1.88998
3.04864
8.74245
1.49094
1.56384
3.54879
7.81407
7.40599
1.43164
0.759758
1.27691
8.15254
10.3876
1.3379
1.5391
0.266934
6.47942
3.33803
3.09194
2.55181
1.68381
1.7547
0.88283
5.17977
5.7858
4.46002
2.5671
9.09611
2.24391
1.35725
3.71565
1.72757
1.59534
4.07039
6.37665
2.57732
7.43436
2.53588
0.630806
0.89236
1.04408
8.95951
0.934078
2.26544
2.4085
3.27383
3.86843
3.15563
3.32627
5.18214
1.50873
7.954
3.4279
3.82672
2.23819
2.95781
3.72885
2.5832
8.83622
2.30328
1.82676
8.03391
3.84784
4.28364
4.78885
3.6072
5.69785
2.37285
3.20442
5.01571
1.3693
4.47757
5.57327
4.25693
3.95635
2.82133
9.19855
3.39044
2.64552
1.14034
1.11016
0.650821
0.383204
2.12479
5.98454
3.90739
6.28382
3.93115
5.71888
7.05511
1.7516
6.665
6.25879
2.39918
2.16823
2.60359
3.85193
4.21966
2.54939
5.74263
0.403804
1.27637
2.99385
0.64305
10.2727
10.8974
10.2419
4.90251
2.73373
6.28311
10.5127
1.30175
3.32032
1.60045
5.63062
3.31784
1.36036
0.985603
3.24286
5.01877
3.92039
1.38964
2.67889
3.60354
6.13584
3.1787
1.52063
0.502449
5.09405
3.8562
4.60018
3.53159
2.40075
2.49476
8.30105
3.87428
3.08215
2.58179
2.78672
1.26776
5.07848
8.09602
2.76538
4.43476
2.9201
3.98591
2.05488
3.2169
1.29044
1.7125
1.60365
3.21419
6.03861
14.227
0.901611
1.72079
3.83367
1.90622
3.19969
1.28056
10.3124
1.8371
2.36284
3.99211
7.2087
2.1179
5.5841
7.1681
0.780674
1.49461
10.5992
3.6507
3.40248
2.79404
7.76864
1.33997
4.36171
7.52677
1.07527
4.51932
5.51116
5.2965
4.59243
3.41665
1.74456
3.2907
1.11435
0.420033
6.79784
0.308003
2.16016
2.96013
3.69775
1.99625
1.60331
13.1671
7.51849
2.75695
1.6776
8.09798
8.14201
4.4588
12.63
9.19818
2.2259
4.42934
2.09022
4.94763
1.92383
3.04162
1.50749
1.63778
3.0339
1.42173
0.604003
4.8444
7.26148
6.47518
4.72839
4.23075
0.683093
5.22797
3.96678
1.33503
5.02893
7.65401
4.98232
3.13823
3.12701
1.82848
2.7494
4.6257
4.01042
4.46391
2.19121
0.256318
4.43081
1.97688
1.71961
4.62051
3.06673
5.79461
6.45698
2.68167
2.47798
5.90663
1.49962
2.2103
3.2253
0.83636
4.74844
3.59104
1.79412
3.94388
5.51977
5.28296
6.48926
4.6104
1.48881
1.76666
6.44385
1.44843
2.79881
2.91854
2.26869
4.99421
2.69236
2.66202
9.17394
1.09967
3.44213
2.50723
4.1548
9.39638
0.305173
2.89244
0.752518
3.65706
5.65756
2.74209
1.13265
3.70431
4.00046
1.57841
3.98889
5.46349
2.92591
2.32531
0.884603
1.24457
2.61403
3.91416
2.78065
5.82139
2.23719
6.6833
1.22698
5.02744
4.83629
4.35442
3.76959
4.34999
1.19386
7.41097
3.16963
2.09503
4.47693
1.14175
3.7452
3.60613
4.50163
2.90477
2.43082
1.83892
2.26853
2.75836
7.30943
2.16055
1.38757
1.72555
1.68974
1.89563
1.37956
0.537085
1.50098
5.49175
11.2311
7.26659
3.70046
5.36101
2.84547
1.49436
6.08931
4.08572
2.06583
5.21618
4.1596
10.0868
13.4425
4.77393
5.43288
13.1093
2.51882
13.9308
1.80752
0.760632
1.96853
6.77543
4.58364
9.96629
2.79137
5.44013
1.54477
1.87781
3.63729
7.33438
0.964245
1.65699
2.69265
2.75259
2.94318
6.91626
2.84846
5.0241
11.3179
8.10036
2.2935
2.03824
2.29631
5.58398
4.34718
6.72937
4.97242
9.58286
1.76537
4.12113
2.0853
3.38773
4.68753
4.17385
2.60475
8.31329
2.41212
1.44764
3.76236
10.8347
1.15415
2.3577
3.24429
2.10509
9.26947
0.504016
1.0069
1.41512
5.00387
1.7849
4.08746
1.07652
4.06942
2.68099
7.04486
2.363
1.98841
1.43636
7.05455
0.590106
3.32489
2.17594
0.33136
1.06214
2.08034
1.08074
1.5937
4.25323
2.40338
2.36386
1.91046
2.0225
4.25111
2.15079
1.07431
0.598329
1.79024
0.760148
1.7067
3.09605
4.71428
2.42636
8.93067
0.834
2.2971
6.18008
4.79108
2.73463
4.9006
5.91601
5.48106
3.78737
1.07724
4.06499
7.80811
0.623469
6.23534
3.86111
1.27067
3.9972
5.05304
5.73268
0.871679
3.17528
1.72648
7.90856
5.08275
3.5092
6.38288
1.41704
5.57742
13.0872
3.45029
2.49671
4.45934
3.44
7.90931
3.24242
4.78684
4.0063
4.2903
2.04583
6.1153
3.08482
4.44829
1.18166
2.3895
7.55704
0.862399
2.06731
4.95935
1.88764
5.06034
4.14514
2.15801
1.8352
5.41627
8.98982
1.24249
2.04444
1.20772
3.21641
3.07589
3.14607
4.70566
5.36065
4.46945
1.94623
4.85071
2.11937
2.883
11.7036
3.30336
7.15408
2.90964
2.47812
6.22693
2.20735
5.28344
2.21853
4.82192
4.67674
5.95513
4.60546
2.72559
3.55685
2.79779
3.07725
9.03129
2.86904
3.40351
5.64032
3.92584
2.74768
7.15051
7.18858
4.96265
1.70278
2.5141
3.29714
7.69931
10.5432
4.43193
5.29567
12.7825
1.8786
1.58817
1.20093
1.67774
0.53084
6.82278
3.56446
1.20331
1.97895
9.66541
2.53549
4.9336
6.0541
7.742
4.93065
3.23755
3.96063
2.36728
4.68706
2.87029
5.28957
1.56046
5.36869
7.68453
2.89445
9.41744
4.47459
3.32157
6.27026
4.1974
1.60106
1.85203
7.53023
6.47541
2.85455
2.83269
1.5251
3.49163
2.20954
2.93057
4.15018
10.1603
4.75613
3.4876
3.54986
2.85285
5.72288
1.12764
6.7274
1.64473
5.20298
8.7955
4.71545
2.30639
4.65561
6.60371
6.26657
5.3589
10.3331
2.18313
11.7881
12.3809
2.91142
14.0615
2.46076
3.34829
1.43108
3.72127
2.02633
3.03198
2.75559
3.87335
0.986634
4.7784
1.19849
8.7679
6.43015
1.12265
3.96487
4.86493
1.55141
3.08937
5.48299
6.8245
5.27361
2.60404
0.97962
7.05371
4.41911
1.00895
5.13277
8.52422
1.83935
6.25193
0.382165
0.427161
0.332455
1.76737
5.23854
2.40738
3.42863
4.00227
4.52722
0.383837
2.44228
4.1743
2.63813
5.77762
5.00865
4.21621
6.1321
6.44211
3.07668
1.37171
5.4374
2.11551
5.85956
0.643712
0.569826
3.5193
2.91669
7.59643
5.38297
10.5575
1.45766
10.4424
7.20057
6.94834
16.1515
8.00009
1.77421
1.79715
1.56057
2.84851
5.02361
2.54593
8.04855
0.565703
1.84288
6.62378
13.8979
3.75552
1.03562
2.79093
1.36604
4.94571
5.44508
5.71855
1.62217
5.23725
7.82782
0.593359
5.28406
7.97933
4.32628
0.925778
1.13133
4.57849
3.96934
0.583082
0.284319
2.68767
4.70752
0.740231
1.30462
1.53126
5.7535
1.1389
0.966275
3.99974
2.81359
0.533372
6.12504
1.20248
8.24216
2.07935
8.33165
3.64485
0.571669
5.71204
9.24344
3.3988
4.28343
3.13752
5.43067
5.71044
3.44624
1.03144
6.05716
7.15161
8.21246
2.61587
10.9039
5.67216
4.03373
0.587896
6.22637
2.72682
9.32073
3.1935
5.37239
4.55908
1.92461
0.588428
1.80904
6.93126
9.1911
3.23451
4.8452
3.85159
2.66181
2.54252
5.21197
1.01582
4.33154
2.16025
1.53669
3.3658
1.30477
4.39753
3.67442
1.59455
5.01895
2.44778
0.488442
4.90097
0.508049
4.67261
5.90901
3.81685
2.36749
0.708718
3.65704
7.22571
2.78684
7.11478
2.15187
4.61969
6.76975
0.551498
2.70042
6.14362
6.64926
4.52216
6.57841
7.33827
8.16573
7.09198
17.9848
2.48585
4.73946
4.35811
0.908862
1.72322
12.3998
2.51413
1.88268
2.32411
10.9396
5.35892
12.1663
4.06485
2.84477
2.92814
11.836
1.15029
2.07202
6.22079
5.11141
1.12415
5.73053
4.71042
6.52653
3.79632
1.28353
1.85149
4.04401
3.06858
2.20292
7.10703
8.22753
5.91817
2.51426
9.22396
5.45903
3.45354
0.959781
2.01538
7.19426
2.37057
2.12863
2.47146
1.98495
5.50583
6.67133
2.22353
1.19655
0.482923
2.30708
0.943865
1.1185
5.0522
4.30488
1.04639
6.91696
12.3952
4.83858
5.28939
0.923906
8.40816
3.23935
3.19909
1.78386
4.39447
2.02011
1.06606
6.82602
1.22793
5.78544
0.794621
2.92098
3.75774
0.929857
26.2851
4.02073
4.23342
0.720946
1.16999
22.2382
3.20487
3.5541
1.4428
5.75689
4.88363
3.36232
4.16236
2.35617
0.853108
5.35935
0.966318
6.19078
6.28447
5.73332
3.54563
1.11008
1.47354
0.945523
3.77342
6.51614
1.42306
1.45641
10.9777
4.8101
4.54949
7.37908
0.624595
1.95942
5.11321
8.09436
3.90453
3.05267
5.93717
3.27922
1.47565
8.40488
6.98733
6.33427
0.971374
0.74157
3.35926
3.47484
4.72935
2.48554
6.50833
11.0737
5.08086
7.43434
1.86557
4.57841
0.993641
7.16421
4.56701
4.54332
3.19422
4.6771
5.93758
4.79252
3.27924
2.8964
1.48959
8.47807
6.09282
1.3898
3.8872
1.0995
0.268123
4.8796
3.4382
8.00832
6.29166
11.8455
6.15327
2.31169
10.4908
1.93847
8.42829
4.56551
0.886675
3.73979
5.71817
0.885344
1.70458
1.59169
2.40057
1.23168
5.03867
4.04757
5.53627
5.98686
5.76039
1.51726
9.75495
1.63179
3.66406
8.76201
0.729551
2.69846
2.95017
2.46145
2.49195
5.9974
5.68181
7.15011
2.73609
3.45258
2.8375
4.66545
5.48048
3.92656
3.21117
4.92254
6.82745
1.42321
6.51674
0.78503
1.89185
4.78112
0.93117
0.570742
6.23079
2.29188
7.68069
1.26612
5.94176
3.27771
4.84746
4.2953
5.7678
8.94814
4.27393
2.35637
5.43443
2.16872
1.90215
2.92317
7.56593
0.559907
3.16629
4.31437
7.87616
2.357
0.79072
2.80045
8.50994
1.5771
7.34874
11.7832
5.11099
3.39786
10.3723
9.08118
2.03752
5.23006
0.717939
8.66072
0.830647
6.60631
2.40084
1.73317
1.27755
4.734
3.72801
0.934779
2.16614
2.1001
6.62715
4.38951
4.51276
3.55427
1.50348
6.06204
6.24359
7.00908
5.15938
9.31551
6.98415
3.41768
12.9973
2.68041
6.11947
8.201
3.04077
4.43347
0.834553
1.17267
2.09108
2.99381
3.59212
5.7012
2.62965
13.1724
3.60998
5.78103
1.4056
1.44441
7.51081
2.8907
3.77238
3.10536
2.59668
1.64083
0.955825
3.31738
3.00875
3.43463
3.23477
3.86735
2.03947
0.531096
10.1146
2.34435
5.15226
7.10453
2.45778
3.61789
4.7682
1.33019
4.91152
0.779634
5.708
1.62392
3.77783
6.57735
2.64863
3.62316
3.43626
4.36849
3.97044
0.884742
3.18903
4.46765
7.90107
3.59934
2.57126
4.67629
4.6275
0.886251
0.314288
4.28657
3.01193
1.42706
1.65034
0.719021
3.91122
2.03327
2.49595
1.75334
6.66857
0.716512
3.5529
4.46974
3.13616
3.32129
8.08839
0.569774
8.59336
3.66829
2.08869
1.48537
1.90297
3.57907
1.95286
1.3031
6.15389
4.90183
3.16155
1.45799
2.85423
1.17906
2.84492
1.07291
1.1192
5.09905
9.5772
1.53868
11.6466
9.42549
2.22042
5.3499
1.73529
5.68175
10.5355
7.29323
2.42826
0.699372
2.35644
2.07154
1.74441
2.78687
4.43802
3.41958
2.78682
1.48648
1.75397
1.57183
1.63303
1.73302
3.0684
0.837756
1.41352
5.63971
0.807159
1.0825
2.9329
2.90333
5.67934
2.73868
11.5143
3.08863
0.686259
4.50096
3.83799
1.15004
3.5224
10.0238
2.64351
1.15105
4.23774
6.85806
8.1
0.793018
8.74618
3.84013
5.84063
3.80401
0.796563
5.80142
6.87131
1.59938
3.19017
1.66439
6.67423
7.86135
1.8634
6.83232
1.98708
0.494797
5.26154
2.50561
1.21183
1.07311
3.90707
1.00285
3.15858
1.10109
5.66422
13.9839
1.81142
10.977
4.19053
0.414124
3.01948
4.29302
2.4503
1.19591
0.407242
3.70966
3.70939
4.75911
1.85031
2.42824
0.988137
0.751771
11.163
1.40973
3.8819
4.75791
4.63155
2.1973
4.5432
1.90907
3.09348
0.748365
4.34413
7.10185
2.32233
1.20367
2.61299
6.76844
1.54009
5.26581
5.5464
2.83335
5.15061
3.28099
0.86504
3.41403
0.36156
4.02898
3.61398
3.23921
1.12939
4.19062
1.56236
3.09551
0.928925
2.31137
4.01609
2.25366
6.01022
10.7204
2.82628
3.35299
2.24352
4.58284
0.606932
3.54534
2.18863
4.18025
1.8053
7.95148
5.65611
2.71423
7.2089
5.55145
4.88887
1.58251
1.17802
1.96144
7.93344
2.15822
5.67694
1.22963
2.63386
2.54329
3.48574
0.885672
4.44559
2.10559
2.72514
6.2126
3.85187
1.65771
2.50485
7.26884
1.02165
1.65133
5.10157
3.8189
5.68504
1.97801
1.59255
3.54174
0.885441
2.8791
5.14185
1.64505
4.62586
3.9223
0.952508
1.04648
1.58615
5.38882
3.88314
4.68274
7.55226
1.83123
0.590473
4.30784
6.60349
3.30347
4.52153
4.58398
0.451187
2.39391
2.31008
3.03566
2.56576
3.08526
1.52475
2.25944
4.94096
0.484752
7.98496
6.43248
3.0012
1.01806
1.47156
2.69707
4.96269
7.18915
2.91482
0.68017
2.03941
2.90282
2.01214
2.9316
5.91697
2.2019
1.95506
1.76733
1.81344
12.7585
6.73781
1.67236
9.34741
5.72649
0.505417
1.67861
6.11095
1.17505
2.82472
2.33453
4.33282
5.63845
2.41828
4.4843
1.71187
2.2902
3.89137
2.3914
10.4938
4.69638
1.21789
5.18182
9.2107
3.23384
3.7072
5.56886
3.39035
4.63779
0.40903
7.5706
4.26661
4.84681
3.933
6.29392
1.23519
3.69237
5.27025
1.59726
3.58778
2.55874
1.18472
2.28878
0.948582
1.91667
1.18968
1.16054
3.65843
7.15071
6.97828
0.112613
1.53928
1.54213
1.72117
6.29863
0.261011
2.49155
2.62235
1.99815
2.00097
2.30483
6.80874
3.57984
7.02642
0.449847
6.04684
5.21597
2.01702
1.18844
1.70428
1.19355
0.855765
8.85493
2.2207
1.22738
0.959625
8.74485
2.03454
6.2688
4.49648
2.99279
2.48588
4.29192
6.29581
4.85582
1.75428
6.80209
0.280084
1.36272
9.85771
5.86129
5.3408
1.64021
0.977719
2.1609
5.68985
2.28362
3.31231
2.07934
3.44448
5.52201
2.22311
0.226472
5.21697
5.0016
6.04906
3.56835
2.20296
1.772
1.00929
2.05736
0.598275
2.49487
7.9569
4.79596
10.9646
2.80076
2.25939
2.27824
9.20118
14.3572
2.17611
0.901889
5.15431
0.558461
0.84116
5.52632
5.41525
1.33259
1.55262
9.79688
8.76654
2.79777
1.73756
2.49096
8.41393
12.7091
2.28263
2.31985
0.761242
3.09991
0.777086
0.593405
0.0980953
1.82695
0.537206
0.714401
1.48254
6.00739
6.09914
2.85038
5.2859
6.4046
2.68022
5.75274
8.61608
4.71331
1.86009
4.64298
2.60775
3.85308
15.1899
3.66476
4.96111
3.48436
2.50581
2.31971
3.92299
2.68315
5.80751
3.10464
3.09543
7.87845
2.73198
4.29543
1.96965
1.20569
0.67734
2.91874
2.6358
6.05803
6.59586
2.49933
11.9494
2.75622
5.2035
1.9658
1.60151
6.06705
2.11705
3.79366
10.4026
2.99992
2.08109
5.92595
10.689
0.288653
3.02039
1.0538
5.22876
3.67891
2.41075
1.16701
9.86562
2.1159
11.67
3.08775
0.78279
0.814681
8.65953
5.5685
3.42197
0.833902
4.62866
4.13676
1.7189
4.93713
2.21999
5.54265
1.61661
5.59939
2.69612
1.66873
3.1783
2.54355
1.58691
3.29747
3.59681
2.87943
2.33301
1.54841
0.904148
1.89704
4.94554
4.35453
4.6094
1.23501
3.22991
3.02563
3.58058
11.5477
1.69892
3.14475
4.8428
7.06623
2.84364
1.3583
1.42196
4.04963
3.84547
3.62084
3.20856
2.99402
1.51161
1.20827
5.35987
4.40794
3.0562
2.16275
2.60452
4.32775
4.249
21.7689
3.32723
7.23152
2.94267
5.83131
1.09608
2.62878
2.324
2.08182
4.30417
1.05355
2.4127
2.6217
6.51624
4.94389
12.7501
1.35873
4.62915
1.85911
1.176
3.63767
9.12172
3.67428
10.0299
6.5742
1.55541
4.0885
1.83541
5.10991
3.43973
4.74733
1.45887
4.44231
3.34478
1.54597
5.3835
7.91523
4.51555
0.235544
10.326
3.50965
0.590606
3.72931
2.69074
5.96478
0.807704
7.47852
0.844645
5.85592
7.464
2.90016
0.681679
4.45606
6.43258
2.62487
3.49336
1.8693
7.5446
2.26638
5.14444
0.466271
10.0702
3.79094
3.42345
1.73658
5.16425
4.22483
1.53064
3.15291
2.82111
3.27819
1.73464
0.506475
2.47989
2.04297
1.65498
2.53841
4.02046
8.83178
6.64392
2.4918
0.655814
3.28623
1.23928
6.32667
2.72868
1.52427
7.65674
3.41633
2.69251
3.9425
3.9069
2.47826
2.13123
1.55285
8.01598
4.31612
3.59105
2.92324
4.65504
9.98387
1.40317
4.75618
5.52457
5.63347
9.10283
3.48729
3.145
2.85439
5.10283
1.58775
5.20988
4.94329
4.62421
4.61447
0.600462
2.95094
4.17986
3.57113
1.63001
2.15425
3.0028
2.13143
8.21262
5.75833
2.15062
0.56339
2.19873
1.7007
2.65694
1.96762
8.8952
2.53337
3.06649
2.30234
5.35693
2.59258
4.96562
0.431793
5.80881
2.17374
1.69506
5.19692
6.04654
4.416
5.96603
0.98519
1.47046
0.290093
6.81982
1.58466
8.1602
2.35742
1.75662
3.21822
8.73643
8.85085
0.290669
3.23197
4.46295
3.1893
4.91284
1.73677
11.9124
2.99496
5.30634
6.58357
0.701538
4.43104
1.56541
4.79998
6.99049
7.1415
2.22439
7.3393
3.49134
1.22017
1.54811
2.33033
3.80584
0.371495
0.748562
8.56259
7.75125
3.97698
1.88822
5.89526
2.67694
3.18821
0.638376
2.59394
4.56796
3.88682
6.43519
1.57995
7.90487
2.00713
1.43418
1.78358
5.8548
1.62108
2.23152
3.42832
1.29393
3.55233
9.41646
1.40957
0.744508
0.686357
0.808421
5.02702
8.15397
1.15562
3.48878
1.0349
1.52023
7.63983
4.12837
2.90915
7.22148
3.86012
1.0776
5.92372
7.59635
3.23279
2.70972
2.10895
3.18491
2.6723
5.46773
2.50439
0.710149
7.71844
0.4643
1.54737
1.01675
3.26733
1.24134
2.60468
1.4941
3.0657
2.9671
0.0997784
4.23318
4.24981
0.755782
4.36785
4.13315
1.29616
4.0486
1.71627
4.27366
1.89443
3.35582
2.95724
5.83646
1.18242
3.80663
3.24148
1.09456
0.694356
7.00806
4.33656
2.314
10.6048
11.0247
2.72264
1.91091
0.397843
9.58288
0.71706
1.11012
0.877579
8.33553
2.69193
1.22548
2.23105
6.29608
4.04092
5.8269
1.88001
4.60088
4.95382
1.95972
5.24451
1.18707
4.00427
5.11269
0.823426
0.705778
4.29777
4.67106
3.145
2.48889
3.79689
3.36756
4.02383
3.50308
5.03131
2.71623
11.0079
5.27631
3.44006
0.561631
12.3427
0.445476
6.27113
2.32336
3.26305
1.89751
4.59482
0.955048
9.84482
1.37664
2.29164
5.86004
4.59224
4.42592
1.85733
2.941
1.77848
2.76087
1.70713
4.40245
1.50207
5.84487
3.49111
2.32011
2.48128
0.941615
1.66358
3.22364
2.01412
1.36339
4.20622
2.88688
3.27303
2.05248
3.82009
3.23431
2.40273
0.827019
5.23152
6.55943
1.9091
9.57344
1.03153
14.1159
0.760494
3.46344
4.22467
2.25247
4.73345
4.36495
7.81098
3.3317
7.2548
1.92807
4.21351
5.56685
3.8611
5.11627
0.86638
2.23479
4.41383
2.3247
2.39414
1.31684
3.55191
5.92007
3.82951
2.28834
4.14153
9.25789
1.42427
1.9208
0.485691
1.96178
7.92727
1.62676
3.5653
0.861477
0.30809
0.0940168
1.8972
4.99919
2.47682
0.548491
0.527888
11.3761
10.8807
2.2733
1.14203
10.0004
6.09147
8.46112
2.71319
1.38693
1.75834
3.67986
3.68125
2.26292
1.67419
4.32447
1.74642
3.84114
3.75546
4.89939
3.85055
0.610581
7.22616
1.09969
7.28679
1.55459
0.97959
0.765201
4.45756
1.63711
7.79209
1.96344
3.18529
5.23783
1.5581
8.19945
1.41697
4.08396
3.36114
3.68441
2.13323
2.06098
1.24266
3.34296
5.42875
3.62528
4.13114
1.01119
4.9434
1.06305
1.44451
6.47664
5.4508
11.0833
4.87049
1.90134
7.08293
3.23278
2.83748
1.37085
4.50353
6.67803
4.13584
7.59788
1.85519
3.15644
2.93142
0.719535
3.3214
5.74194
1.59984
5.97389
1.12233
0.333845
0.56284
1.8724
0.630926
2.25761
7.80739
3.48755
1.53829
5.81409
9.21582
9.47191
3.42871
2.29937
2.10016
1.37372
5.0478
2.4947
8.74893
2.61643
5.04399
3.29681
1.3716
2.10593
1.60383
9.34841
0.854307
1.93261
3.38041
7.66918
2.42961
3.98126
6.60108
3.36709
3.65488
0.908575
1.26064
3.87685
2.21064
0.726748
2.30833
1.7101
7.26106
2.71013
1.54108
5.08093
2.01995
2.25557
5.68622
6.95949
0.621982
6.72647
0.700017
3.61184
6.53426
1.48286
1.40295
3.06862
3.25267
4.62165
1.88121
3.28338
8.32355
2.538
3.28732
1.72413
2.24281
6.23806
3.64663
3.19996
1.08061
1.24672
1.05605
3.37782
7.34638
0.103869
1.38272
6.04032
6.65057
2.26442
5.45353
0.348164
6.53223
1.3205
5.09176
5.55774
13.8578
9.92557
1.0448
3.26483
6.21938
9.55128
2.07274
4.5431
4.43146
4.18722
0.688457
2.23055
5.63313
2.07565
8.1816
3.08475
1.1086
4.18437
4.28925
14.9904
4.34794
0.484633
6.18482
2.70142
1.52007
4.02084
3.75915
11.7436
2.00985
0.780545
1.88414
8.03346
6.20887
1.62179
1.52274
9.41454
1.6835
1.97675
0.347291
4.29529
12.9075
3.0258
3.45899
6.33005
4.28063
2.32842
1.47822
3.31542
7.03856
1.86533
8.56607
3.65435
4.21132
4.19823
6.81696
0.567505
1.53529
4.13459
6.06519
5.89221
4.70541
4.71474
5.87133
7.03859
2.45717
3.78406
0.636601
0.728416
4.77954
1.57107
2.98741
2.07809
0.543356
6.82306
3.17223
4.91264
4.3061
4.50962
3.9789
2.39566
5.28671
3.2003
3.87759
4.55419
5.24247
1.1143
1.54112
3.14882
4.51519
2.94367
1.75713
5.55902
6.97489
2.49446
2.66266
2.02325
4.68264
8.14028
1.4247
2.25619
1.36833
4.2314
1.18324
2.11017
2.76592
0.763719
4.699
4.63091
6.88314
10.0929
8.5769
3.58386
0.653898
1.60511
2.84822
7.21053
3.3137
1.74418
4.23455
0.582628
7.02716
3.46726
1.67919
1.98454
7.15504
3.29532
3.36926
2.15096
4.90883
3.85277
0.570275
3.97717
8.80435
0.0665649
1.35466
6.57166
7.04732
3.0391
1.27669
6.04129
1.62708
1.14411
5.07338
1.06662
8.8982
6.09551
4.41728
1.73407
2.68191
0.638499
2.06089
0.462261
0.563778
1.92039
1.57621
7.65612
1.68077
4.25705
2.13577
6.50821
6.20046
1.93449
4.08491
3.7378
2.20092
6.01754
4.98285
5.11687
10.3631
0.616075
3.51046
5.561
7.04303
5.86423
5.40696
8.97813
2.28528
11.8891
20.5262
0.948318
0.31321
2.73286
4.06704
7.7243
6.81979
3.62074
0.679419
1.3319
5.2423
5.31966
1.74348
3.0289
11.4034
1.52321
6.09027
0.419288
3.51725
2.60551
3.82047
5.00124
7.13825
3.33626
1.79943
7.8783
0.415437
1.92395
2.69673
5.6917
7.00505
13.9369
1.0317
1.40976
6.98324
1.693
9.38399
0.966913
8.12998
4.51582
4.45842
3.79527
3.01454
1.19763
2.07592
5.04212
1.13903
3.32729
5.18379
9.45888
4.31558
6.2724
1.06844
1.87378
2.20486
0.977304
1.37443
1.59814
2.29089
0.571045
3.40462
1.5297
2.27901
2.36054
6.13558
4.43866
1.92464
0.646703
8.844
3.87129
3.56359
6.04129
5.49644
5.2308
10.5752
5.73588
10.1425
1.99593
5.64886
1.72013
0.750983
2.08769
0.536438
1.36444
4.26007
2.12028
0.817922
12.3205
6.84541
4.89925
4.96068
10.1384
2.35934
4.63017
4.83716
5.2588
9.67973
1.25225
4.20822
2.57274
6.21539
2.82248
5.4671
2.11341
1.42431
4.82202
5.21327
2.84488
4.93457
2.28101
3.1268
5.982
2.82297
9.29826
2.24375
5.48569
1.32351
1.60086
0.827481
5.93882
2.98576
9.26778
2.78001
1.67367
1.04125
0.159402
5.92719
2.16332
2.45461
3.31068
4.12016
6.30485
12.0271
8.21681
4.42358
10.2338
3.24142
1.69268
1.78224
4.17051
3.95072
1.60927
9.94387
0.93252
2.02661
1.74013
2.58574
4.34421
0.949227
3.46631
2.88626
3.84073
11.448
2.26442
3.22991
5.84325
4.34579
1.36007
2.96684
4.67834
2.89136
3.39386
8.24963
3.4946
4.38405
5.45786
2.4906
3.46688
12.048
5.70519
3.32092
0.920449
6.98093
5.75265
1.40637
1.67708
2.84532
1.96602
8.06121
1.113
6.17039
5.60133
11.2809
2.44787
12.7152
2.60024
3.39449
6.41312
6.2915
5.39102
1.97839
1.41899
2.0398
1.6543
0.799773
2.7169
3.98325
3.02655
4.41117
6.78584
2.77343
4.81338
1.8967
1.67631
5.76327
1.12969
1.18728
0.508289
6.25719
1.46397
2.72931
2.81791
2.14179
2.29122
6.68237
4.06642
5.0789
6.97422
1.21743
0.469862
1.60535
0.610768
3.01121
12.7184
3.102
7.08262
1.66571
1.93434
1.34208
6.58752
0.863204
6.11285
4.37626
1.99859
0.672114
3.51352
0.688972
7.94408
3.89078
2.1669
5.57953
6.42164
4.4392
3.15784
4.20011
2.51965
15.515
1.83222
3.54994
1.91726
1.87051
3.31512
1.90523
6.66449
0.611726
0.557593
0.971414
3.31407
9.63188
2.69593
7.87413
0.968484
3.76888
6.42373
1.41413
8.37217
6.45463
1.62908
6.09072
3.51306
1.62153
3.38888
4.43053
1.08755
2.46976
4.74247
1.11035
2.7509
4.54782
2.57901
1.37431
3.30307
1.66986
1.45608
4.07469
1.29578
9.44921
4.30945
8.76181
1.57598
2.36875
1.24989
2.54848
1.20189
4.11307
1.74452
4.79324
4.58246
4.29432
4.45175
1.96607
0.367292
5.52337
4.51265
5.88701
6.24021
6.83965
3.98165
4.03947
3.19999
0.80762
1.06649
11.5137
3.6338
6.13779
3.15573
2.46857
2.0469
0.906229
3.53082
5.62557
2.55297
0.807197
4.08563
3.91784
6.48702
5.35777
1.76039
11.1221
1.35555
3.95122
1.14201
8.32782
6.23987
5.20651
5.26255
4.6955
5.85303
5.7906
1.66
4.60526
0.264301
2.47446
3.07624
2.39234
5.38685
5.10396
2.12354
3.24546
1.90178
0.218698
3.11539
1.29939
8.36598
5.23434
4.52392
4.82217
2.81664
2.52042
1.63939
5.5819
2.60169
2.40946
3.54067
3.62897
1.88004
13.2408
9.08959
0.626911
2.61825
3.64057
2.23387
2.24534
14.3884
11.1151
1.28896
3.07648
4.53821
3.80033
4.87214
0.959588
13.5481
1.68491
1.95691
2.07479
0.855149
9.50843
2.51874
2.31901
3.48031
1.16697
2.04837
3.88467
8.36152
1.90994
6.77723
0.910422
3.21399
4.74198
4.23284
3.66719
2.29881
2.15158
6.55645
3.43855
5.40158
3.48518
5.25467
3.06238
3.61688
3.29451
2.71003
6.34358
1.54637
5.12707
3.18745
1.82617
6.24532
2.9362
1.38873
3.39044
6.79772
3.79004
2.51369
4.78683
7.92891
3.68762
4.72447
2.9704
0.575383
7.75619
0.803653
0.629085
4.1826
1.89108
2.21422
7.20964
1.89489
1.1639
6.2323
1.62683
2.3867
0.25963
0.95403
9.51327
1.79849
1.07677
1.96709
1.62612
4.20172
6.25193
7.34564
3.32516
4.87157
6.74255
4.80608
10.5227
1.72697
2.23825
4.85406
3.64792
3.8258
1.45532
3.8631
3.32154
1.24282
4.54417
5.86033
7.81315
1.27237
2.77135
4.01146
1.98361
6.87118
1.26179
1.0101
6.90077
8.32646
4.85164
6.46813
5.14925
2.47747
3.74658
2.11947
3.53181
8.97256
1.03434
1.32718
6.99811
4.23881
10.2536
4.1429
0.560662
1.7879
1.78276
6.12317
3.99136
1.30138
0.27469
3.39474
0.429985
5.63921
7.31778
6.38989
4.01321
4.41273
7.45787
0.553351
10.5877
3.62353
2.16042
0.78109
2.86092
6.60614
11.0277
4.86919
1.12837
0.929644
2.48956
4.30988
3.83651
2.44219
4.41175
6.58757
0.429212
2.23979
7.04057
9.8235
0.945233
1.62111
5.24466
4.27142
3.95671
4.84132
2.83668
2.32495
3.53696
2.80351
1.9568
4.16942
0.957328
2.20208
5.54944
5.85808
1.73658
3.51332
3.08508
5.46779
4.08466
8.81415
1.87549
2.02133
3.61903
3.68362
4.83351
0.235843
0.270148
4.63
2.39703
3.9809
4.86423
4.52688
1.59834
11.6519
3.1777
1.53904
0.733493
5.93042
9.07602
4.56379
2.02892
1.77689
0.727548
2.91823
1.8427
0.855339
8.12948
4.92295
0.851615
6.74403
3.67082
4.16872
1.68146
11.1625
3.39037
1.24704
4.72873
1.9337
9.31725
1.05882
4.11945
4.122
2.91828
1.71718
5.56057
2.492
3.28411
3.00849
2.13782
4.25115
7.09536
2.10083
1.0429
2.68557
3.65867
1.53919
2.99545
4.51351
2.12683
3.87668
4.05985
10.4611
1.78261
2.40059
1.75793
2.95544
9.65177
2.04431
0.823031
4.26082
3.98653
3.63795
3.5623
1.14674
3.57697
5.98095
6.60466
8.10376
5.29297
1.25602
5.21222
2.99474
5.5395
4.87584
1.82095
6.27609
6.86375
1.86647
5.86003
1.14335
7.29787
1.30808
6.0122
1.88637
1.7727
2.75928
8.80744
7.67096
11.2334
8.38585
2.39008
6.2106
9.8887
0.588665
2.36656
2.41126
2.4774
1.75289
1.16614
2.24625
2.47906
3.83636
1.08252
3.18896
2.40593
2.69974
3.08953
1.27406
0.799415
9.38941
4.26784
6.68746
1.06917
3.24459
4.89749
4.69407
2.55209
3.93106
6.46058
1.14142
1.54018
6.97779
3.22724
1.97887
2.40155
2.00901
2.9836
0.563242
1.61064
1.50111
4.02387
4.95823
1.12663
5.84026
13.666
3.94312
4.52144
10.6719
3.75953
5.25444
7.04886
0.400649
4.00491
2.44311
0.405052
4.37585
2.0951
2.60718
2.96273
2.32383
2.62871
5.01298
1.50383
3.7887
2.2281
6.12769
1.40868
2.88761
6.46407
4.86109
5.61244
3.29475
0.476919
5.51094
7.14331
2.82101
1.15856
4.31684
2.00224
4.99578
8.05866
0.559914
0.507968
2.05467
4.14249
4.04834
9.77551
1.31267
4.17761
1.22393
1.81552
4.44994
3.84571
5.26259
4.90104
6.12038
1.78049
5.0803
1.1476
3.38275
0.539274
2.52885
5.1978
0.602214
5.90411
0.162761
2.36232
6.62541
6.94279
1.14494
3.84076
1.26227
2.37975
7.32196
0.945381
0.921657
1.86404
6.34574
3.39145
9.44926
2.57175
7.75951
4.25969
2.97012
6.74534
1.39422
3.28909
4.07221
2.59548
9.79256
4.68455
2.49259
8.14825
10.7874
7.86081
0.932872
3.69048
4.14722
4.11803
6.30749
4.80469
8.21621
3.15521
1.61789
3.85593
4.73522
6.64852
0.313311
5.50007
0.885125
6.86538
1.66564
0.84271
2.35086
20.8858
1.33441
1.85955
8.71113
2.86611
0.275918
4.59513
5.21302
3.04883
5.82273
0.689416
1.36784
8.5057
2.3661
6.93071
4.93581
3.80633
2.53923
2.99638
9.96607
3.5296
1.89225
3.79861
3.82499
1.27979
2.37253
7.48297
4.37251
6.20484
2.85696
6.25504
4.08517
18.4298
4.57859
4.66766
7.35957
3.00241
6.22702
7.94978
6.80621
2.80448
6.66425
4.31868
3.4561
11.2405
6.17185
2.23225
2.93893
3.04983
3.33843
8.09643
2.65594
0.84983
6.29995
3.27914
4.59908
2.27031
3.85775
8.21447
3.23789
5.17844
2.05344
3.27562
0.747239
5.05651
6.46334
7.3482
7.1394
2.59436
2.02192
2.27406
4.06506
3.43022
3.5854
1.99026
1.54971
3.03849
2.17642
3.41158
2.5734
0.591242
4.19729
1.62051
1.07292
8.63928
2.25093
5.62593
0.855238
0.396151
0.97179
10.0903
5.30561
1.55933
2.46385
2.79453
6.68981
1.50167
1.1179
2.72327
3.70664
1.60023
4.59615
1.05546
2.14112
10.871
4.06396
7.69352
1.83563
4.56405
0.408938
3.34262
13.6316
1.06144
0.815024
5.8293
5.81227
4.04578
5.45251
13.2472
1.0562
3.07613
1.76123
2.34845
4.0147
7.93031
1.91511
2.4434
4.8752
8.4275
3.3382
3.04521
0.440396
5.60475
5.58844
3.80413
2.04683
3.57196
1.0305
2.64674
0.978774
2.51481
5.00591
4.904
3.02782
1.29051
4.47588
5.14345
1.01068
3.30364
10.5369
1.34471
9.34883
7.07578
0.495541
5.20485
1.75632
3.28216
6.01659
4.62925
1.59314
3.64033
0.523889
8.43297
3.6955
4.03581
7.90139
3.71499
7.33497
1.64392
0.845777
3.59762
1.7303
0.869533
2.6092
1.5464
7.20081
2.15503
2.35353
6.46179
2.528
2.7736
3.89087
8.67966
4.0727
3.01176
1.3702
2.25873
5.80908
0.182917
6.38557
5.54836
1.81148
4.46516
4.06435
4.80702
4.36413
3.01789
1.64965
3.19699
4.3637
3.83925
0.147294
1.2974
8.44087
0.372923
3.76282
5.84902
1.45315
4.46418
5.59761
4.52233
9.66267
4.29514
0.606425
1.96064
9.48375
11.0897
4.15421
7.198
4.0621
2.32758
5.10181
6.10733
8.04609
7.48415
4.18826
6.94781
2.19019
3.0644
4.70716
4.48171
3.85978
3.61644
1.16149
2.49091
3.44354
1.27962
1.95144
7.93214
6.95389
7.28951
3.03454
3.68957
3.72817
6.8654
3.69148
8.67157
1.65583
6.10497
1.02255
5.6183
3.91541
5.6528
3.16034
2.07752
4.46575
2.0856
9.32867
8.06658
2.98533
2.00276
2.13009
7.71349
3.94394
5.11873
3.4062
1.87682
2.82506
4.02431
5.81174
6.76798
4.40673
3.95516
3.17309
8.75729
7.31149
4.36915
2.05459
2.88039
1.38784
3.06305
3.8386
3.06601
1.19815
4.61803
4.87266
3.58687
5.5667
5.03628
7.01258
1.13797
2.682
10.2955
7.5037
0.947632
2.58568
7.40758
4.27466
6.04259
5.01495
6.13333
9.45642
1.59505
4.44262
2.64603
6.57131
1.47247
4.23281
4.03374
5.74876
6.09816
6.20097
5.95694
6.70685
8.53835
5.09534
2.14995
7.44843
3.72554
2.79136
2.99959
0.717722
6.59725
4.57507
9.79129
4.1044
2.07476
3.43131
3.39894
2.26791
0.392068
2.20591
7.07236
0.84083
3.80254
4.70907
1.01643
2.11543
7.98658
3.7721
1.37922
5.03238
2.02273
5.28913
6.95692
4.93809
10.9278
3.18641
7.7196
1.56599
5.08665
2.16855
4.78057
3.46337
0.660988
0.829746
1.11219
8.15769
5.66682
2.13966
4.33712
3.65734
2.85675
6.10062
5.98131
5.68953
2.16641
2.15091
2.0444
6.53791
6.31261
1.12385
5.00094
2.17884
3.61216
8.15066
2.42883
7.83608
6.39914
11.1492
7.12094
7.09322
0.896332
6.74946
2.68263
5.51248
4.57922
4.02858
1.96517
4.7826
6.02372
2.92661
9.62235
1.11476
3.50238
5.37528
9.31521
4.83641
4.00254
3.44147
4.9924
0.156258
2.59485
3.04831
8.31815
0.373085
0.675341
1.86467
3.62763
2.11185
0.458855
8.81194
3.21891
0.584542
2.03389
4.31019
0.915087
4.24885
0.689474
6.5666
2.13164
6.17288
3.07974
4.97614
3.10063
7.53662
0.529905
4.58845
7.9168
2.2615
2.98642
0.778103
1.46449
3.1951
4.199
1.52935
4.94369
3.32233
5.57136
3.57556
3.69238
1.57943
1.55972
9.18909
2.32635
6.56106
5.19018
5.52408
3.71197
4.85401
4.28882
4.66628
5.33938
2.45278
2.59303
5.90023
2.02517
7.49267
4.53525
4.10721
0.935594
5.73531
18.2591
3.06128
9.99578
1.35787
7.5256
1.78433
0.624351
4.15928
1.36068
3.97323
5.05461
3.18457
5.12192
7.82129
12.075
2.6655
8.32764
2.32658
2.61451
2.49992
8.56378
0.956249
3.55723
0.788589
1.21722
2.23432
4.14602
5.04296
0.710768
2.7221
0.746829
3.43718
6.06364
4.82527
7.28903
3.64287
1.50272
1.05857
1.26851
1.3721
7.9569
0.105281
3.99463
3.33318
0.22351
1.60709
11.0091
1.57439
2.27612
3.94038
1.08735
3.07922
2.43443
0.993604
0.160494
1.2572
4.55082
2.09863
1.90587
1.8973
4.72423
3.7444
4.41621
3.33112
4.33723
2.54665
3.96124
5.9606
2.05765
0.291128
3.13094
3.30418
2.03315
0.877349
4.11822
2.67348
6.47878
1.43506
7.81653
3.47204
3.70466
4.11254
2.24248
0.861415
10.5412
3.2471
12.0588
1.40958
0.831202
1.00604
1.5149
3.80581
3.28514
3.34928
2.0324
2.92959
5.00872
2.22501
7.74705
2.46055
6.77476
2.95912
4.98695
1.48383
4.90449
3.31989
5.65927
11.0596
8.86182
5.37589
2.52519
5.89505
2.67817
3.32449
1.45096
10.5187
0.815789
3.40562
4.67957
4.18309
1.17985
2.32407
8.83708
4.58244
3.91911
6.29495
7.5696
5.55118
1.79893
5.53753
7.14261
3.7524
0.10729
2.06795
6.7158
1.73113
1.86875
13.5032
4.08321
6.47532
0.92747
4.93716
1.49698
6.14703
1.0489
2.3111
0.686027
15.8256
12.7333
2.9053
2.86596
11.7646
3.48484
2.12738
4.98846
2.26797
2.91679
7.13377
0.884814
2.63227
2.68291
3.9191
2.31546
3.95526
4.98046
5.46486
1.79679
4.91613
3.66713
5.35631
3.27658
0.733256
0.483615
1.18874
3.49946
1.24619
6.54996
3.09901
4.77675
12.9974
6.45672
3.80987
6.69283
2.23801
8.36157
1.45608
3.09095
4.42227
3.24701
3.94116
1.55934
8.72555
0.841089
0.404667
5.50796
3.92376
4.81533
4.73195
5.12794
4.57389
2.36246
5.86455
1.80375
4.51725
6.612
1.35538
2.49611
9.35901
2.5836
5.09999
2.70387
3.0841
4.58438
6.88042
11.5577
4.82633
3.31658
0.918066
1.67098
2.27844
2.73769
1.52202
8.60613
2.80248
6.66041
2.46695
4.36309
2.34169
2.76902
3.88066
2.69915
4.61085
1.03256
4.47017
2.61008
0.467431
1.75555
2.1901
9.30105
6.07112
2.32716
3.16266
0.798395
0.218631
4.71091
4.19735
1.22773
3.72857
4.19804
2.13259
7.44124
2.19976
0.49423
2.43081
3.34359
7.13238
4.5776
8.41012
7.33794
3.02019
0.987562
3.36803
8.37667
5.10799
2.81633
4.91047
4.10242
7.11013
11.2782
2.93015
4.25722
2.53774
3.49212
1.83538
1.88349
4.81997
3.35843
2.3073
1.22133
1.78276
1.6906
6.0356
0.954636
3.25498
12.4107
5.97736
2.5471
6.67302
8.20376
1.09028
1.05308
5.19572
1.54521
16.7759
3.90272
2.74846
2.42281
5.48196
4.95739
0.849116
2.91751
0.552219
2.27053
2.56062
8.16416
3.20066
1.58539
0.419185
3.81436
1.72904
1.44711
3.2333
2.17998
3.57272
6.04844
2.96124
4.07106
8.40815
7.5922
2.24897
0.564347
10.6889
2.28306
2.51604
0.32351
1.90403
3.23583
4.21348
6.36287
2.99224
6.71208
1.79683
2.5106
0.284214
3.87014
1.15034
3.44497
1.24287
7.63715
2.75286
3.62021
9.0641
5.3367
1.21161
7.61112
0.340988
5.71959
5.03264
1.16359
2.74931
2.02978
7.48113
2.14004
3.11325
1.8551
7.75946
3.36149
1.93795
3.95818
0.438079
2.68067
2.88745
8.88444
4.8391
2.36586
3.87934
3.79961
3.26323
4.8542
5.79614
8.07342
0.497299
1.95353
10.355
2.51485
7.28252
3.28975
1.79587
0.549027
3.36581
1.46455
2.60782
2.05536
2.6414
2.12672
3.15743
0.466486
10.0097
3.47903
2.34074
9.88743
4.5269
2.8197
5.79658
8.18892
4.06301
3.39533
8.24106
4.82735
1.5972
2.18815
6.35358
7.53292
0.73989
1.77818
2.9651
3.14967
8.64083
6.23467
8.29883
2.89487
5.30591
4.5948
2.8934
6.37538
3.1386
2.07593
6.11581
3.28343
1.34524
0.832502
7.09107
10.6728
9.25381
6.08969
9.79659
7.62652
3.12182
6.55922
8.00367
0.408403
4.03605
1.46142
1.78927
2.41086
2.76953
1.85631
5.51317
5.15519
1.98418
6.53713
4.42054
1.93931
2.605
1.75291
2.39001
6.52305
17.4366
2.42747
1.47717
2.02491
4.66951
7.98837
1.51072
9.22711
4.61161
3.7893
1.05789
0.733832
6.04869
9.92591
2.33708
4.89856
2.5749
4.30623
4.91208
0.432565
1.69688
4.30841
4.95592
11.3188
0.412544
2.12372
4.97052
7.00929
6.92163
3.46913
1.90564
5.44892
1.36218
4.5964
2.40051
9.18056
3.25579
1.91128
1.30118
0.998558
2.03279
2.53236
1.31005
5.21084
3.53222
4.18883
3.42346
2.10864
6.88001
4.43166
9.78006
1.6441
4.99811
2.2868
1.14735
6.12004
1.74998
3.2581
5.4796
1.08474
2.77333
5.15163
8.50854
2.29671
1.42652
0.810405
5.84961
8.22834
1.66014
5.37819
4.43397
12.2297
9.56639
3.41096
4.79271
6.43247
4.70607
6.67008
4.17507
1.01432
5.37944
6.32634
3.11744
5.00867
2.57053
0.447912
6.6992
1.91009
1.71401
3.96413
2.70761
3.79135
0.657666
7.86277
7.32713
4.76418
6.42952
7.1098
0.626485
4.99624
1.32656
8.65029
3.03078
2.04167
2.03959
1.60288
9.83551
6.77203
5.71165
2.37041
5.78323
1.36016
8.5606
6.64751
5.84434
3.40683
3.77351
6.98507
2.90512
2.64407
2.15916
4.19787
8.0554
1.95764
7.28819
1.34411
6.46552
1.81738
3.25644
5.24945
2.82964
5.75832
3.0964
7.89435
2.66973
4.04703
2.24569
1.0857
3.60089
1.07985
3.68861
1.86166
6.13522
7.05849
12.3919
2.88023
2.07629
3.33611
1.04661
2.65616
1.409
6.49749
1.71397
4.27189
4.40093
5.939
1.91889
5.79755
4.20494
4.56876
2.7079
5.26374
7.37062
2.91285
5.71614
1.56588
1.04336
5.51478
7.6549
4.32996
0.960382
13.447
2.77882
5.97191
2.04819
0.469946
1.86354
0.656921
8.63351
0.478192
1.29364
2.9148
1.63635
4.7176
2.10533
6.87036
1.44004
0.744307
4.34975
8.58768
2.98937
11.4131
3.60224
6.2196
4.92299
3.39831
13.2351
6.20686
1.95674
1.64627
6.22134
0.3387
4.01673
0.76766
1.49021
4.58802
4.29826
6.15079
7.06992
6.31967
4.08272
2.25858
5.16848
2.99844
2.20821
9.75362
5.64008
8.28999
5.02641
3.08677
3.19541
8.22142
0.607109
3.93248
1.93081
0.351698
8.93459
2.40319
5.44023
10.5643
1.25526
6.43353
0.483914
2.16754
6.32355
6.72283
1.40672
2.82872
1.52361
5.15997
2.32416
3.2069
3.37531
5.7276
3.70165
3.99573
6.78479
4.57788
5.41534
3.44823
6.7176
7.53705
4.36849
2.37342
1.78659
5.0276
4.74046
2.07611
4.55707
2.56653
4.74309
4.22182
7.52203
8.31974
3.03622
8.28158
10.3457
3.77581
4.35591
6.88678
2.16163
3.67808
2.1783
2.63647
4.89261
4.72555
2.22281
3.62844
0.933429
6.30527
6.19228
9.24359
2.91643
7.03401
1.64498
4.20151
4.83218
3.06945
6.45118
4.95792
8.29475
12.432
7.55891
0.656923
2.95926
3.91793
4.18534
2.05048
0.757056
0.26119
6.48641
10.4549
5.02353
1.92028
2.65673
5.3192
7.0665
3.08302
4.25943
4.75009
2.26663
2.36264
9.88283
5.78669
4.2138
9.99233
3.45634
4.90348
2.52837
1.97657
3.51617
8.79841
1.88556
2.71562
4.43258
0.825068
2.19247
0.310261
2.27677
1.21479
3.89928
8.89596
2.97312
5.23707
5.70923
2.30364
1.7462
5.54651
6.58639
10.3774
3.70246
5.36052
3.85123
3.19126
3.42032
0.511466
4.58072
3.39669
3.87712
0.956119
7.06601
1.58911
0.875624
2.80184
1.04906
9.63542
4.00049
3.66068
1.54093
3.90966
10.5573
0.939605
4.3015
2.57061
1.65091
4.9163
1.91025
3.74633
1.24084
1.66941
4.61752
4.15804
1.31333
1.54957
3.34387
3.70747
6.8849
3.10814
1.0319
3.75876
9.08314
0.744745
5.88433
1.77361
4.9844
1.31435
6.50399
2.71086
1.64047
0.958358
0.304917
5.92757
3.25166
13.0037
4.90367
5.45621
4.09888
8.78964
1.08583
2.54307
7.83053
1.7501
2.10879
1.59179
4.94961
3.22346
4.06659
0.576475
4.66065
6.81539
6.42874
3.11432
0.94044
1.94362
6.56637
0.794743
0.356727
3.79377
3.215
3.27542
2.43219
2.27477
0.800287
3.86408
2.70957
2.98467
2.90749
12.5501
2.66342
2.8941
3.88644
4.45986
2.0848
6.69339
3.15622
3.58589
3.62048
3.51028
3.40345
6.01535
7.90657
1.24792
0.931693
5.05166
5.79528
3.90882
4.49204
3.28544
0.71154
0.908677
7.90952
3.82696
2.74092
5.06334
4.1726
0.253359
4.8623
3.11576
9.40916
1.62278
5.22187
0.440034
6.74404
7.56994
13.9291
6.39101
1.98394
3.99998
1.4421
4.53629
2.65584
2.22558
2.39386
4.93859
5.23319
6.9796
4.30791
2.4932
3.57048
2.89718
2.01294
5.31026
3.12252
5.51484
3.50109
0.527198
2.36836
7.96298
2.86344
5.94717
1.10759
3.06443
7.19558
9.90101
1.12275
8.42465
7.41461
4.66097
4.04683
1.99963
3.01112
1.43091
3.09776
5.4833
8.38335
6.8508
12.8089
9.80054
1.87045
1.22266
0.282542
5.87198
3.23343
3.08652
3.42872
0.893787
0.243365
8.37576
1.93223
3.28214
5.41632
1.64773
0.21634
1.01046
1.93535
6.65139
2.60447
1.22539
1.70625
4.97282
9.73195
5.40268
1.46717
1.00337
4.8828
0.709119
3.35373
1.50656
4.65131
3.05857
8.90404
1.86317
1.81093
2.11522
2.95694
7.61163
0.69452
3.882
4.46957
6.00359
9.15647
4.01117
3.40639
9.02747
1.15221
7.08792
1.386
5.72338
2.2283
3.86516
2.77055
2.27756
2.61218
1.57187
1.18759
1.12367
0.627124
1.89334
7.73
3.81533
7.10399
9.88817
12.3664
5.45907
4.12876
3.0863
0.819562
1.87143
4.25938
4.59224
10.3852
3.20225
7.83116
3.80339
6.12297
4.3014
5.02128
9.50841
4.03414
1.90252
3.50968
3.79939
2.97776
2.27586
2.93969
4.17182
15.0988
3.8028
1.70749
5.22116
3.798
1.71276
2.17101
4.04094
1.86065
7.27643
2.3047
0.543208
1.85927
6.47033
4.50703
2.67823
4.3864
1.23844
4.38798
1.61641
1.9634
5.60814
3.19908
1.77549
2.80351
5.04835
3.06786
11.2635
1.79798
9.5477
5.60133
5.08127
10.3229
4.74872
3.62023
3.14585
4.40193
11.1785
0.469874
0.370554
2.27609
3.36737
0.550612
3.11039
0.746225
3.03639
1.51127
1.13456
1.89476
3.21799
6.71237
9.3887
0.859379
6.85663
15.9133
3.64554
1.9644
0.268287
4.03169
5.34478
3.43974
3.42517
5.1803
2.90165
3.421
1.27696
1.15463
5.19447
2.9591
0.952
0.843874
0.770837
2.22965
4.93391
0.953561
1.69548
5.56602
5.9493
12.1737
2.23174
2.24268
4.44231
2.51257
0.618131
2.97607
0.257545
1.99535
2.27311
8.59424
0.450759
11.7392
3.06058
2.98097
2.1748
1.26096
5.07409
1.56927
1.24353
1.19142
3.31384
4.43435
0.832447
0.678041
1.58287
12.1358
3.22723
7.03062
8.64239
4.59696
12.9185
0.102716
3.86595
7.29614
0.19438
5.02076
0.628535
2.83055
3.27848
6.50538
4.82135
9.4193
3.98359
2.89212
13.2762
1.88617
1.44926
5.6276
6.08097
12.5507
3.05861
5.40448
4.88171
1.82331
3.37319
3.89268
2.46931
1.85569
6.96805
5.32058
1.27891
4.52768
3.71271
3.72676
0.960677
1.37476
0.331731
4.21091
4.70237
1.7159
5.70142
2.65878
1.06832
3.34873
3.54553
3.70938
1.1494
1.42495
2.31174
1.7303
6.12285
7.90985
4.32273
2.78862
1.30932
6.13697
2.36062
1.51849
1.74934
1.00979
5.65697
3.17887
10.4104
5.20324
6.48755
7.52533
2.07574
3.79808
7.66611
2.16459
5.31931
10.5221
1.56477
3.09782
0.789731
3.25677
6.30797
0.149275
0.365627
6.20438
0.749527
2.84367
1.69676
3.16395
5.04933
0.768961
3.78002
0.445954
2.80488
3.47613
5.41761
15.7278
4.49836
1.73164
4.40823
1.38423
5.38399
4.45478
3.29789
2.4682
9.30456
3.23783
5.53407
11.1137
2.80417
8.16301
1.76036
1.01128
4.24851
1.23333
3.89157
6.51004
2.79915
0.859454
3.60979
9.18487
5.61045
3.25525
3.55302
4.37011
25.0874
8.6341
2.17639
1.97081
7.35135
1.9268
4.82727
0.785753
2.7054
2.10601
8.37966
1.5387
0.773712
2.99884
5.75998
5.54027
3.16458
4.46644
5.10526
9.93362
3.82748
3.87651
6.51161
3.82447
6.36103
2.04819
1.17798
3.63998
1.10407
3.15621
2.2676
1.08388
5.05762
2.85599
4.12563
2.5003
3.681
4.4429
2.64298
4.04039
7.97564
6.56721
8.04355
3.70056
7.0782
4.18287
2.53477
7.25158
4.68132
11.6608
1.97609
0.702358
3.10993
1.62296
4.42134
1.99153
3.04313
4.21488
0.884565
3.48748
5.66961
4.7632
5.63554
7.97163
16.2454
5.81039
4.8315
0.559122
2.06854
1.84394
2.81101
3.50733
3.42247
2.65399
6.79001
6.9447
1.80419
5.40371
2.88624
5.84833
2.4552
1.82803
0.496556
2.52683
2.18094
1.60422
1.66624
2.26368
0.257563
8.88192
2.0102
3.36114
4.22449
12.1092
3.58746
5.17468
4.09741
0.240318
3.11603
4.21498
3.73133
2.92404
1.17915
4.69418
5.33629
1.81229
6.13084
4.39648
1.45656
1.34572
1.57391
9.27102
3.56926
1.79703
2.45329
1.21228
2.99189
4.79886
3.70339
1.48625
2.81615
1.28658
14.4675
1.47434
1.92755
8.14721
5.14324
4.05372
3.09064
7.73823
4.54735
5.14626
0.607682
1.24406
3.49693
3.49547
8.24505
1.94332
1.6038
9.44989
3.12371
7.49975
2.20241
0.460618
0.785104
12.4953
8.02342
2.35581
2.59776
3.2992
3.24811
1.42744
5.20987
6.97104
5.88086
6.1139
3.86286
1.69483
8.74373
0.492066
2.89355
2.88663
3.8648
3.98319
5.45672
0.3986
0.667633
4.03338
2.5666
1.32531
0.753468
2.53421
8.35041
1.05413
3.68744
5.95492
4.59528
2.7069
3.38125
7.11533
7.01504
2.36083
6.052
0.606473
16.6747
0.822803
2.93853
3.97856
5.47592
2.30136
8.6418
1.61925
0.533068
3.57286
8.25534
1.70625
5.6436
4.57323
5.94656
8.32859
11.4356
4.68113
1.59726
10.3187
2.985
0.211007
8.1246
9.78449
7.43746
5.34418
3.38553
3.20271
6.23294
2.6034
1.28469
2.04874
10.9766
1.65301
0.408422
4.56253
5.84744
4.53856
2.3135
4.12828
12.2896
5.00764
1.03605
3.66548
1.47903
5.65536
5.45967
2.33702
1.98535
4.03024
9.30218
4.24047
11.7404
1.86725
1.32802
4.40264
1.31642
2.48401
3.58461
4.19919
1.36662
1.34585
5.82941
4.87741
2.62502
3.23826
5.68703
2.36201
1.92564
2.08598
4.83711
9.82989
2.97931
2.38664
13.2071
2.85367
2.70288
2.78324
5.85883
4.326
0.607564
1.1198
3.16154
4.26958
4.58441
3.34566
5.31617
3.6578
2.79282
3.20994
5.99072
5.23373
0.482387
6.39108
0.0888315
2.74319
1.11713
3.23689
4.11016
2.81918
11.5809
1.7533
3.26964
12.5849
3.17925
3.03646
2.70008
1.2693
4.11923
3.42565
1.33933
6.1737
1.61008
2.94618
4.43392
1.55517
2.29757
2.49147
1.74223
2.28528
7.91711
4.18627
5.45981
12.9248
0.850389
2.33077
1.01709
4.22213
5.23142
6.85727
8.46326
3.52041
0.13363
0.395009
6.70944
0.872857
0.492078
2.20794
1.31065
5.09596
6.25927
3.04417
1.39621
7.45724
1.00866
3.95388
2.7293
3.14723
2.15767
3.61516
3.74437
0.460863
4.71281
1.84884
1.10079
0.846832
4.98886
4.49708
2.19064
5.95873
1.52017
4.46083
3.30781
2.95878
0.807338
7.71971
1.17682
2.6283
7.62059
3.57815
6.05814
0.663736
1.96132
5.61992
7.80673
5.41416
3.10634
2.12383
1.79573
3.42808
2.39666
7.51893
0.586463
6.1599
2.43076
1.10619
0.86985
1.93059
1.56048
3.51029
3.33285
4.25518
3.22015
4.55071
3.79168
2.42963
2.07341
0.0747958
9.17773
5.50147
5.52188
5.01269
3.90194
3.50069
2.65802
5.22795
5.34168
5.1082
2.32732
3.66562
3.45723
1.02444
3.32804
5.1664
5.80329
5.91976
10.3279
1.45928
2.4272
5.54006
2.92739
5.6275
4.92357
3.35195
7.35648
0.705705
2.40709
8.51647
1.40019
4.16183
2.27882
2.13987
12.7154
1.20915
5.99127
0.271803
1.59488
1.39141
6.1927
1.7384
5.31514
4.48371
4.08575
10.4546
1.72871
7.56624
5.7879
0.951348
5.8065
5.91012
4.07093
2.46866
0.721993
8.97036
2.14239
2.15647
3.02057
4.33921
6.11266
9.73003
7.30481
2.0324
1.34723
2.41611
3.32445
5.46305
2.68767
6.54434
2.54566
4.4094
6.31081
7.39273
2.44861
6.48732
4.17215
6.40468
2.53863
5.93245
2.88286
3.29648
5.55611
1.52817
2.18649
1.83223
11.1418
1.26953
5.15106
8.52996
8.39763
2.48098
3.12789
2.86852
0.389109
0.524341
3.55448
1.60617
3.14543
3.28613
4.30993
0.125211
10.587
3.00944
5.01369
0.71878
4.0007
5.98253
2.26062
2.86789
2.92052
2.48648
4.64827
4.41767
2.17886
1.55216
2.61034
7.2504
5.37153
8.64398
3.65911
2.23563
1.17831
0.822262
6.32832
4.10855
10.5428
2.85095
3.15069
5.60557
5.08847
2.46787
1.6126
0.831011
1.8198
2.62969
11.7791
4.39017
2.54413
3.62871
6.47042
2.81118
3.94549
6.06957
3.96479
5.61183
7.71515
4.53093
0.565721
1.3121
1.91635
3.92941
4.24388
1.90474
4.98062
3.52982
8.47709
1.83295
7.68855
6.04856
3.23179
0.71049
10.758
11.1409
0.647624
8.2908
7.01535
1.7875
3.5441
11.9655
2.63179
6.97196
7.70098
3.69075
5.23872
1.12985
7.47747
3.56479
0.713095
1.47261
4.52823
7.11928
3.25992
6.92909
4.25847
8.36209
0.695695
3.96347
7.00634
1.17029
1.80442
13.8057
0.95444
7.56022
1.46688
3.29011
8.00739
2.74891
1.32509
1.87239
6.91798
3.61757
3.7247
3.50521
2.31234
6.51715
4.50659
7.52809
0.261668
2.71189
3.74725
0.849666
4.71831
2.67911
1.85428
4.66216
1.28072
2.77301
2.6302
4.00974
6.60652
0.562914
4.99837
7.33582
11.4217
7.04652
5.50161
7.03351
1.17396
3.75527
13.3046
2.60181
2.71352
3.76707
3.17311
2.67563
6.29502
2.31609
2.32073
5.86618
2.64814
6.81634
4.8313
3.62839
7.8361
10.5985
2.18712
1.63002
2.13321
4.37381
5.61823
3.95073
12.2614
6.02001
2.38406
0.634645
3.79254
1.72956
8.38481
3.95985
3.6175
4.96052
5.90352
7.0076
2.88737
2.85
3.09328
2.67077
0.916065
2.32494
3.38308
1.54303
12.7251
7.06581
7.20119
4.40906
4.65968
8.31885
3.29565
1.6938
1.83606
5.3354
0.375239
0.742
9.15319
1.36231
2.71287
1.10168
9.08903
1.37719
10.2309
5.93551
1.47219
1.79563
3.67313
6.26982
3.73159
1.09593
3.14663
2.19893
1.13945
1.08337
3.01957
3.39054
8.70938
1.76904
1.0639
6.49537
7.14307
0.838942
0.485481
3.59531
1.56912
0.590021
5.0769
7.45311
3.62035
6.17301
2.09415
2.48389
6.10204
1.95438
2.05796
5.44435
4.23332
4.02623
3.32479
4.9915
5.69883
3.63201
0.987279
1.48595
1.42351
0.913335
2.89143
1.8347
2.59064
3.63402
0.692432
1.8966
9.68265
0.828321
10.0284
6.23475
1.22397
2.55223
1.87556
8.35455
2.49681
0.870311
2.54105
3.38619
4.91476
2.8317
8.92577
4.93711
2.74601
2.08377
5.62982
2.7376
5.37049
10.6045
1.4755
2.7434
5.48186
1.95609
1.36799
2.65156
5.02337
6.40841
1.54755
13.301
1.86556
4.18435
9.12125
2.73127
12.673
1.42508
5.62639
5.00961
5.21061
3.58216
5.71629
5.82835
1.48024
1.81538
2.58832
7.72117
1.89487
5.12778
7.95093
4.56122
6.12703
2.6081
3.64222
4.47463
5.32167
2.9717
0.306571
4.45321
3.97001
3.86638
0.777197
14.6148
15.3341
3.51805
0.921846
3.06209
2.18956
2.43478
3.02511
5.94516
1.43105
1.13982
3.62873
1.52646
1.34055
5.81978
4.95989
2.11083
1.80293
1.92147
1.60292
10.9368
2.92747
1.0681
2.32702
3.73856
6.16405
6.04655
1.83122
1.24644
1.31049
2.54572
4.77818
0.403345
1.38716
2.81077
9.762
2.39971
2.11556
2.43524
2.92737
0.655545
5.33342
3.87251
4.89123
2.86578
1.23327
8.87886
0.880257
8.02086
1.0458
5.75707
1.52572
3.67247
3.75309
2.84119
2.1158
5.51526
1.27657
4.54631
2.84337
2.12087
2.69016
7.06011
8.92526
11.3948
10.6059
6.20272
3.18649
2.27206
2.55731
5.95257
7.85125
0.7376
3.4493
1.34151
8.13608
5.14246
3.86477
3.00124
3.94851
2.10987
1.58478
3.11251
3.3855
4.74668
1.89616
4.5055
2.8409
3.00355
1.05787
0.190711
2.22082
8.95149
2.91659
2.34386
2.31298
4.36541
7.02546
1.38466
5.12735
0.792237
7.45866
4.99863
4.64858
5.54145
10.9994
2.87746
4.33471
2.63745
1.77417
3.15551
12.274
4.6462
2.44474
6.44026
2.8045
1.14109
12.1976
1.88064
5.06474
1.96936
2.10667
2.48571
5.55306
1.70917
0.975397
12.8317
7.83453
4.73141
2.91787
1.47677
5.76776
2.5113
2.89384
3.29847
7.69548
2.08097
4.81716
11.1647
2.15008
1.70178
3.90443
3.7944
6.02008
1.90488
6.31151
2.34507
3.85846
1.64894
3.06398
1.87063
2.22504
6.67686
0.483497
1.88337
12.0583
3.53895
2.57375
2.53778
6.65256
0.737108
6.89339
5.23993
1.593
1.30264
1.08468
6.10637
10.5341
4.04241
3.65765
1.82066
6.75735
1.96573
2.67775
4.56843
4.37287
4.77501
4.27808
0.962516
4.07556
1.15919
3.30522
1.22169
2.87156
5.25822
0.451787
5.88919
2.07303
0.885714
0.402895
9.67959
3.88089
0.684329
2.46188
8.36673
1.17583
2.21921
0.832311
0.365893
4.75409
2.91294
4.28978
3.8603
3.06271
10.8276
5.11825
2.63201
2.98672
4.30205
4.66407
2.75575
1.69748
2.56852
2.71267
4.50391
7.2895
3.98411
4.06275
0.811672
12.5969
0.547669
1.63507
2.82273
4.87093
4.36401
1.91141
8.14917
1.15794
2.99436
6.68191
2.13274
11.4323
5.51876
2.36005
2.72981
2.3328
4.96405
5.57383
7.26051
0.25333
0.920002
1.01402
4.22699
1.2079
3.8371
9.28433
1.21043
2.82328
0.932117
4.23493
1.99283
3.25793
2.85172
1.06263
4.17573
4.6112
4.51303
6.35681
1.76984
2.58161
2.88075
2.04423
2.00492
0.99437
7.49111
2.88007
4.114
5.04146
2.27911
0.862749
5.29026
1.58324
0.601518
3.39529
1.8047
4.9059
3.69391
5.10929
1.41854
7.7573
2.92399
4.18278
0.60738
2.07402
2.55781
3.04117
1.09184
3.30797
11.2157
5.69482
9.27713
2.90935
0.894891
5.66082
1.78187
2.92654
0.291372
1.18183
2.17834
1.53565
3.18718
1.15713
6.47839
2.82183
0.797424
0.556164
2.0405
8.62945
10.7173
0.647633
0.363365
6.08949
0.403852
8.14478
0.994366
2.3513
5.12971
0.99981
7.53545
4.49562
9.93335
6.32062
4.3146
7.84034
1.95464
4.14029
2.18269
8.72354
3.91454
2.54841
7.21331
5.42251
7.86932
1.27148
1.49491
5.62013
0.819038
7.05129
5.04998
2.22935
2.97683
7.04929
5.03551
4.78304
1.85314
0.885523
4.03158
7.14065
1.74784
4.95127
1.57499
2.97387
1.422
2.04196
1.89652
3.069
4.42903
5.47338
2.35068
1.21219
3.80542
5.76113
0.892794
4.16622
3.62907
6.75431
3.15017
10.852
3.15247
5.83358
5.76074
3.28795
2.17482
4.11589
2.43171
3.26859
6.98156
9.74505
2.82402
6.96968
6.38666
12.5767
4.3723
4.24525
4.70095
3.3202
2.86186
2.46765
5.68922
2.62865
12.4039
6.65568
1.99492
0.388239
4.93529
2.59469
5.13997
0.314357
10.013
3.47155
3.7197
5.90961
10.7809
1.41769
3.30347
2.92164
8.89882
2.41821
4.91195
1.05726
8.76665
3.70247
6.7387
9.03742
6.45039
3.39377
2.90408
0.511592
5.77268
0.685634
3.21167
2.28948
10.0418
1.32577
4.88655
2.72355
8.0122
1.62338
1.97006
2.51721
7.49011
0.872882
7.29315
3.13146
4.73232
1.67988
7.29595
5.84195
7.54586
1.66073
2.65844
0.447241
5.17345
2.58171
5.06523
3.17519
4.75838
4.55388
6.4402
2.75449
3.17105
7.40346
4.33068
3.24485
4.38558
3.38293
3.77838
4.07528
1.06669
0.935667
11.0421
3.92692
2.64438
8.08597
3.09044
0.767286
5.54836
2.61068
2.6054
9.12372
4.40852
9.96696
1.25801
1.49649
13.1277
15.9716
2.7814
6.15249
5.90443
6.78619
1.2394
5.08233
3.56011
2.41236
4.9573
3.406
1.25694
6.00126
3.25704
6.71459
2.5966
1.86876
1.77708
5.70488
1.29354
5.97799
3.01208
1.70087
7.52271
7.95812
11.606
1.26029
5.31086
1.81479
1.58398
1.99903
4.52576
3.84424
11.2865
1.32958
2.53225
4.06029
6.98537
3.84474
3.78445
4.33967
4.48987
7.28926
4.59654
1.567
2.31936
2.81244
0.651615
2.74601
0.846599
7.09595
3.10476
3.44203
3.50716
2.08397
1.74875
2.09587
1.29675
7.1095
1.89025
2.45356
4.04983
2.76086
7.10003
1.83027
5.37887
1.49772
7.76781
8.49848
2.67552
3.03814
0.677324
3.60446
4.29452
1.96956
2.3215
1.25495
1.22021
0.380555
3.82242
3.59596
12.3625
3.64082
6.76171
8.2755
4.70264
4.84446
1.00308
2.54985
2.06457
1.732
2.61944
3.12681
2.36773
3.28115
0.172968
3.19918
1.93831
5.87614
4.35349
6.5954
4.36106
1.95633
0.964883
9.90247
4.32625
9.38871
2.70171
3.58986
3.73108
1.86877
2.29961
6.60072
6.55184
3.98417
7.70031
1.04015
5.18345
3.27091
2.74115
2.45507
1.77501
1.97933
3.56642
0.320388
1.48975
2.05801
10.2601
4.39062
4.42422
1.48723
2.59954
1.88408
1.95716
0.670883
7.18186
0.718075
8.67099
6.31873
3.55761
1.56355
1.75877
10.6456
5.92273
5.229
4.90992
6.16966
2.92362
3.59797
3.86885
5.6007
8.00775
0.738934
3.07612
3.02418
2.34509
0.23292
3.06156
4.40873
1.32781
2.22459
1.69394
7.86456
0.683654
0.462785
3.27404
9.3656
1.10794
2.3651
1.35898
2.67651
9.18502
2.13762
2.79716
1.75384
9.55782
2.03734
4.37927
2.8966
3.23785
7.32284
3.2474
2.88814
2.67112
1.49793
3.73868
6.30547
5.28272
2.20299
3.07495
6.14022
4.73046
3.85967
4.92757
4.41785
2.32075
2.42941
3.23806
6.97671
3.82785
0.796599
1.84919
2.77401
1.83554
4.01859
6.59698
3.49369
1.30077
0.810305
5.05608
3.66056
7.51118
2.75031
6.73921
4.86998
0.870127
1.05588
2.68752
4.35291
1.80959
1.33752
0.945365
3.45009
2.43832
2.2099
3.63701
8.34382
3.06566
0.741044
4.63979
1.71727
4.24778
5.93635
8.81608
2.05996
5.44709
2.46151
6.69816
2.45741
4.38077
0.400083
3.96525
4.02679
2.34721
3.84713
5.4041
11.8264
1.84916
5.67997
10.254
3.88663
3.41271
1.95669
3.3922
0.442515
0.404463
1.11868
0.286858
1.63668
4.03862
5.66797
5.2545
8.74566
3.85587
10.2628
2.04057
8.9942
1.03448
1.58476
4.08219
4.44676
1.62066
1.92373
5.08759
7.67719
1.67434
8.05019
6.45599
5.56673
6.86185
4.65117
1.92279
1.85463
1.39283
7.22275
1.05069
4.90868
3.63426
2.18252
3.0996
6.89007
6.29684
1.93395
5.14781
4.56756
2.88461
0.993157
0.625401
9.59458
5.19129
2.3969
9.02687
3.41037
1.21236
5.95646
4.25805
1.82713
2.43545
1.20417
6.37909
4.40478
1.9223
10.7874
3.86359
8.70163
5.09067
7.1555
2.47473
12.3107
1.58161
3.00746
5.616
3.6544
7.20015
5.34914
5.52482
10.0493
7.39714
2.8065
3.38701
3.39114
1.67032
1.42518
1.79777
5.54062
3.96043
5.40373
2.56215
4.1149
1.68563
1.78724
1.33508
2.40773
2.29977
8.03992
2.48429
0.791718
2.92251
6.05825
4.57169
1.39683
2.60714
3.39905
8.48255
4.25972
2.31005
1.55932
3.56809
6.37975
4.30483
4.49433
2.91084
8.06764
3.44527
5.03619
4.81723
3.19994
6.37454
6.48622
3.29475
10.3273
5.4217
6.35435
6.45533
11.7399
2.97067
1.48883
2.33405
3.39421
1.66621
7.75401
2.58202
4.12163
5.37393
1.90852
5.50858
7.9194
13.2002
2.30813
8.0721
2.30926
3.35455
1.00138
2.73279
0.776853
0.239009
2.81002
4.63757
1.54919
0.441618
2.57842
3.31939
15.2022
1.70411
8.31097
3.65694
1.65199
3.69665
1.70455
7.77708
3.05956
7.75024
6.09834
1.11901
3.20773
6.32905
5.10399
3.41583
4.46607
11.6713
3.32929
1.58451
7.38479
4.68548
2.79415
5.54519
2.52802
7.18458
2.38643
5.33881
3.14547
5.80017
2.78895
10.1114
1.03813
1.84975
7.09348
8.95105
3.17065
6.69305
3.2322
2.70895
7.5648
3.09811
11.7704
3.05006
3.32119
6.43637
0.556952
2.16149
2.29395
4.88711
2.53727
5.58059
5.15458
4.39084
2.77596
1.12356
1.39861
5.9683
3.91919
3.57292
9.44645
3.057
2.66469
2.67133
4.02054
6.39145
3.36293
1.52365
3.62538
3.89075
3.52579
7.08071
0.915006
7.3957
6.90986
5.46431
9.95261
1.71067
1.48349
4.91904
1.52196
0.556623
0.432704
7.37919
2.26136
13.0515
3.25626
3.06959
0.635411
4.9301
2.78785
3.55552
6.18427
3.74039
5.36724
2.31758
0.161026
7.59174
2.25334
6.61648
2.55154
5.8876
0.4001
3.5657
3.22534
2.24977
7.95344
3.24664
0.798176
7.10117
9.3646
1.00087
5.40437
0.898495
3.19435
3.67127
7.19123
8.40617
8.81495
5.35573
2.67773
11.674
8.86446
7.54397
2.1578
0.806533
11.1057
4.56917
1.84476
1.88977
4.23159
13.0547
4.9786
4.18975
3.55098
6.29464
3.39167
3.70634
1.48196
3.35097
8.79583
2.28273
1.36719
0.446496
3.46505
2.60177
3.09845
2.40716
1.25708
8.3416
3.82001
5.61749
4.61407
5.14482
0.17057
1.70705
1.6358
4.70952
3.81476
2.36656
0.580776
4.15537
3.75978
0.781836
3.37781
3.67295
2.83236
2.37089
4.98164
6.71339
3.29631
0.182777
3.91983
3.32114
1.30754
0.979175
1.69037
1.14087
2.08866
5.85927
6.27358
5.97269
5.32631
3.37584
0.405091
6.48694
3.57625
0.486483
1.01198
1.54804
2.50372
3.43808
2.64034
14.0043
0.212145
1.98783
6.1401
3.24794
1.0201
2.60814
2.16505
2.51893
2.51994
5.76712
4.33034
1.2524
1.25158
7.75292
6.20979
4.64986
2.87232
2.29898
0.789475
7.82107
0.219467
4.57795
5.10323
1.14118
7.55499
2.30177
3.22268
0.0687748
1.28525
1.59675
2.36288
11.2722
0.79352
3.8065
8.87015
3.36624
1.63422
3.58407
8.99848
4.83891
3.84452
2.69116
3.62919
1.07497
2.80268
8.25832
13.71
1.527
0.415493
6.41599
3.36604
4.37986
5.51003
6.07
5.18108
10.5506
2.96384
6.84031
4.83678
1.4418
2.17021
8.74012
10.1378
1.22325
1.98789
7.7302
6.93468
1.04709
2.33742
1.15049
4.46224
4.38873
2.17919
5.85867
3.6433
3.35274
0.413102
2.64177
1.23551
6.14748
5.77323
9.36048
3.86908
11.1972
6.72056
1.81053
5.63056
3.98731
1.73288
1.5502
2.06695
1.18124
2.84817
5.00927
2.44142
1.66961
0.928398
5.26228
7.52745
1.02768
3.70403
1.28986
0.812248
4.95093
2.39467
8.91213
6.80664
3.76877
2.3802
3.3183
7.86505
1.83323
2.1264
8.2668
0.452488
4.2364
2.54065
5.28592
3.15241
0.494669
6.2589
7.1543
2.62471
1.89005
1.04144
1.30554
0.353262
7.49846
4.36668
6.94302
1.16853
3.86394
3.65546
3.69619
3.37251
7.91272
7.47298
5.18365
2.87082
6.1563
1.01701
2.02337
5.46999
2.98184
6.07607
0.207332
1.9565
5.71488
4.46422
1.76708
1.59691
1.9262
2.18628
8.25218
0.501077
0.798951
7.18528
2.53739
4.31127
7.72809
7.51387
1.57648
3.97787
7.59477
2.72813
11.9773
1.84858
4.37563
3.47976
6.12972
0.624253
6.21208
0.922208
1.46244
6.26366
1.1975
5.90173
3.93703
1.42954
7.42495
0.878496
2.09576
1.66862
6.18623
4.30161
4.48654
8.29918
10.2638
4.67431
0.689638
2.70196
1.80115
1.92751
0.873726
2.81181
4.18137
0.378679
3.97374
3.92574
2.42257
3.88277
5.10988
1.13476
0.336381
11.9918
3.80317
1.22518
2.78879
1.17478
2.95895
6.73232
5.55776
0.347464
12.1979
3.8748
2.48677
2.36435
4.05067
14.565
1.88934
2.66275
6.70902
4.88002
2.35049
1.93916
5.93661
1.6627
4.15019
1.91299
7.4876
15.7948
0.862045
3.93718
1.89368
3.91192
3.97933
4.93916
5.26437
4.3871
2.65507
2.98279
1.13825
1.40429
4.29436
2.88198
1.29814
0.32222
4.85328
5.72893
1.94833
8.33988
2.29949
2.33618
3.42324
0.835267
1.70798
2.48778
4.06953
1.37533
12.823
2.56527
2.66703
3.30955
4.59308
4.62701
5.3493
1.34112
2.49089
4.89935
2.94728
6.51362
1.40476
9.38094
2.73581
2.44179
6.6069
8.64795
4.06417
3.83513
3.97075
4.44814
5.70512
6.03969
4.81645
2.45593
1.46788
3.42343
4.06299
3.07774
2.25312
8.94833
2.21063
1.90391
4.89752
3.18727
3.20215
16.7829
2.50854
3.66727
5.20544
2.36509
0.847095
8.69245
5.48962
3.96444
6.56789
4.62883
2.90249
8.00298
3.22083
2.06593
1.91515
6.18093
5.19485
1.06789
1.09715
3.39383
7.75645
2.79058
5.75532
8.04757
0.381019
2.46141
2.83991
1.04726
3.09828
6.51074
3.84791
5.354
3.49481
1.93281
2.97965
1.78145
1.83764
4.97563
1.94222
0.738001
2.01374
14.5412
2.35529
4.27543
3.72933
1.5464
4.50645
7.93601
1.33242
2.64078
3.19277
3.43399
1.92754
6.4935
3.39209
5.87788
0.690025
4.53748
0.426115
4.29713
2.04537
8.13
6.65463
5.0834
3.97835
5.74361
2.54964
0.972569
9.46745
0.691983
7.47057
7.92936
7.94709
7.44652
2.91629
6.54003
0.846593
7.84295
1.77709
4.47633
9.03757
0.622344
4.88298
0.386371
6.32723
3.18148
3.1935
2.97263
1.0313
5.40649
6.19951
2.87607
3.68172
2.38832
4.80993
5.48441
0.69411
1.42608
0.322513
4.43116
5.69849
8.9612
12.2407
2.79499
4.98619
6.56673
8.74559
7.58392
1.79901
2.68349
1.8489
4.89829
3.71198
0.629525
3.70369
5.28242
0.915977
5.6165
1.76776
2.34537
0.429971
1.95555
2.8218
2.24213
0.296118
12.863
4.81797
7.21614
2.73483
4.39551
1.5868
2.28915
1.78891
4.15982
5.91922
6.55956
8.01952
1.05571
3.11658
6.05778
10.0853
5.6924
4.33123
1.35396
6.00707
0.660778
7.31819
2.55016
2.5087
1.25446
3.82864
2.53594
3.93902
10.3324
1.51691
1.67328
1.33786
1.76115
6.19791
8.41941
0.997726
7.52667
4.76958
2.57981
3.6898
3.12237
2.17622
3.68689
4.34256
1.98599
3.12519
1.78593
2.35312
0.665809
3.26561
1.44814
1.68029
1.32278
2.95761
3.04788
4.17659
1.33711
7.02593
2.48245
1.36602
2.99653
3.022
1.43091
4.62307
2.98267
1.44977
7.36398
6.41689
3.89873
6.37915
17.1356
1.3006
0.946307
8.29444
8.28077
3.84342
3.72362
1.86722
8.71549
3.39823
2.7531
1.84512
1.55348
21.0581
3.4832
1.81026
7.40209
1.7927
0.966312
1.88641
5.94359
1.04837
7.10582
2.63527
3.24987
1.68581
11.4755
2.20131
1.09865
1.44895
10.35
1.74132
6.60792
3.41301
2.63493
6.22317
2.40739
2.78478
2.63032
4.93826
3.31256
6.61539
1.76697
3.00479
11.155
4.09723
9.35203
4.44508
1.8611
2.83458
6.26716
13.527
3.96622
3.92297
4.8355
3.23676
10.3397
2.39025
17.2128
1.17964
1.68473
8.43961
6.09004
2.27368
0.598655
3.3878
2.96614
2.16219
0.334081
3.17585
5.36916
4.00258
0.888061
6.15806
0.785969
1.84658
2.2687
2.72982
1.40175
0.247314
3.77859
2.03505
4.14163
4.60028
3.53878
1.91755
4.99632
0.51662
2.65838
6.91858
2.56458
3.8889
2.20023
3.13791
4.7794
6.1555
12.5308
3.65027
3.6649
1.05187
2.27512
0.423244
3.54823
1.0011
5.07568
0.910514
2.67666
0.739125
4.93704
3.01516
1.20663
2.38112
2.54302
2.19721
3.9728
1.72434
3.52377
2.84289
2.18145
5.47812
0.587942
2.70352
5.5635
2.49779
1.45078
2.21032
2.66523
0.99193
1.56114
7.37827
1.7016
2.55094
0.977469
1.02516
9.25389
2.73098
3.11766
2.28374
0.596511
4.03117
4.51106
0.414055
2.72651
0.869447
2.03935
1.73864
0.601885
0.751384
4.13238
3.95945
6.56131
1.2144
3.34966
3.36694
2.39023
9.28456
2.64858
2.49912
1.51894
6.81016
2.23349
2.22905
6.40473
1.06005
6.61191
4.63574
10.1405
3.37126
0.371602
1.23409
2.06289
2.61852
11.4057
0.824194
3.8134
2.61966
2.53442
1.99226
3.75331
3.64402
8.56386
3.02521
0.442855
12.262
2.41162
7.44463
6.47109
4.05625
5.25142
2.54889
1.62668
11.488
7.95322
6.6664
5.61216
2.75679
1.56175
2.7517
5.7366
2.39993
0.328438
6.63774
2.56736
5.39365
1.80679
4.2498
2.57055
4.11402
2.10308
2.35572
5.36969
4.60472
3.15344
7.76483
2.2877
3.93894
1.03435
0.960212
3.21093
1.89058
0.185365
0.137201
3.58179
2.74137
1.13927
2.48978
1.70358
2.38507
2.66754
1.56567
8.23376
1.49037
2.07714
3.8234
4.3007
4.30615
7.3692
2.0236
2.20941
5.18371
3.95234
1.04375
14.83
2.73619
2.30561
1.63657
4.35548
3.10161
3.99371
8.18011
4.07824
0.930958
5.55962
3.35076
4.2379
5.38548
7.93477
2.0344
3.09335
1.86309
3.3135
4.39197
2.13455
4.91427
0.34448
0.793943
0.62321
0.184738
2.76278
9.08858
12.483
3.8328
2.06485
2.07569
4.48987
0.515269
4.99912
3.91797
0.939604
7.87868
2.79835
4.67549
6.26031
2.34374
3.38284
0.761082
1.72143
11.337
4.66087
3.49398
2.46054
2.98211
1.41109
1.99044
10.8155
1.46133
6.19515
3.10578
2.38534
7.28929
10.2773
2.94801
3.11444
3.3382
3.48239
2.61094
8.37854
2.66688
7.9527
3.72738
1.3359
2.80707
1.47794
2.32341
1.3655
3.2807
0.654541
2.52423
2.61574
2.74175
2.16318
1.89998
1.64151
4.41044
4.73369
2.57849
3.14424
1.54419
0.297478
3.51429
1.25856
1.75406
4.82129
3.74289
9.80374
5.43974
0.654325
8.31626
4.16471
2.30576
2.93516
0.830742
2.43038
6.64277
1.90229
6.10018
0.407783
4.71345
4.70581
3.95031
1.28243
4.67116
0.240087
1.19523
2.17448
4.95873
10.9473
0.993175
4.39345
7.48565
3.30907
0.913155
5.93926
4.56038
4.58074
4.1644
2.10946
8.08398
1.19948
2.32536
1.62493
1.7341
2.72507
1.53508
9.26202
0.982106
9.66203
10.0158
4.01041
2.73631
6.53009
2.38761
5.0433
2.07838
2.49809
1.66241
1.76983
1.19983
1.37782
2.48575
0.360683
1.56547
0.758254
5.51423
10.012
2.95395
0.594007
2.10647
0.31275
0.309827
4.63946
2.42099
4.50839
0.531323
1.31136
6.69926
3.10587
2.44087
3.65069
8.79674
3.52733
4.05638
5.70092
1.98848
0.504708
3.10342
2.59282
4.38913
2.89626
3.33273
5.77569
1.39132
2.98346
3.81031
0.161397
6.09066
2.89581
2.17719
9.89113
2.62091
4.26076
3.01509
3.06357
5.193
5.14007
1.27605
0.691892
10.0576
1.45954
0.316852
5.99249
2.60552
3.35138
2.15516
2.03455
1.42313
1.39228
8.19492
2.38614
4.26997
3.97838
2.12724
5.75621
1.67676
4.55129
1.88356
1.23515
7.66753
4.31564
4.49701
2.92074
7.61005
2.63822
1.79763
1.10841
8.21895
1.16995
7.61325
0.858654
3.08169
0.99191
3.65746
2.85273
0.699018
3.36503
1.92252
6.7707
5.99743
8.59387
3.09863
2.62378
4.30213
0.0926741
2.37452
1.70885
0.222353
11.2554
2.03201
2.29143
7.13505
7.11876
2.68119
5.22095
2.83136
1.37088
3.38873
6.71406
4.10431
1.34283
3.6984
3.31904
0.605936
1.71125
3.50677
0.588348
3.97726
4.78115
2.53311
3.19607
3.09345
4.34148
5.27528
2.81674
0.782282
4.98415
13.6037
3.33249
3.76534
4.89969
2.0399
1.47652
9.59204
6.21597
2.68021
2.7709
11.5466
2.01395
1.97689
1.83356
1.94807
6.22867
5.91166
10.1027
3.45477
2.19442
1.34798
2.76714
7.90976
7.70281
8.37809
0.888219
2.22082
7.86165
1.20792
4.14941
6.72544
7.01906
2.85311
3.81934
8.06057
1.76825
0.344833
5.3614
5.84756
9.31275
12.5309
6.9413
4.07977
4.77677
1.35189
4.60037
2.79973
9.40375
4.45535
2.90299
3.77616
6.94808
5.89972
1.89664
3.30015
3.14076
1.63238
3.14415
1.78826
6.63266
5.9334
3.36063
1.55756
6.26306
2.91224
3.86822
0.944953
1.15201
1.97319
1.92319
2.38375
5.08255
3.27668
0.839466
2.71867
8.01402
7.36629
0.785561
2.14303
2.5922
6.66159
9.16225
3.49904
1.6298
5.34281
1.49387
0.337283
1.06815
4.51244
1.31712
5.49771
1.8645
7.15136
2.79838
6.86868
4.70852
3.274
4.85829
4.13598
0.201599
6.07952
2.80402
0.83951
12.4241
0.402167
3.34122
2.0383
8.88017
8.1247
2.99807
7.76926
3.43643
1.81699
0.891338
7.39621
5.71719
12.3881
8.30578
6.35041
3.09097
5.4552
8.46301
3.42997
2.3302
2.4907
5.76402
5.83613
7.05171
4.06181
0.641403
7.5128
1.37966
2.21029
1.06763
1.62728
5.57936
6.17469
3.77313
4.18293
4.09911
1.85494
3.08183
5.68844
2.69828
4.47137
3.76638
1.62143
4.13078
1.05362
9.84343
1.5813
4.85659
3.78956
6.40413
1.77048
1.30502
3.93788
0.601954
2.81552
2.09101
8.11757
5.83749
7.58948
2.52573
1.31503
5.80156
3.45424
6.97433
7.89495
3.78428
4.4448
2.61738
2.13329
2.07604
2.39967
6.17409
3.53031
5.92568
4.11692
4.98911
14.0282
11.1196
6.56955
6.16618
6.10482
1.70343
3.29556
3.16685
5.95103
7.26164
3.75252
4.78575
1.65666
7.86367
1.43277
0.848372
4.1453
9.06241
12.2946
2.25236
1.35545
7.70523
1.9093
6.67441
1.03714
10.6148
7.1457
3.07152
1.21184
4.72098
7.38701
3.11827
5.56473
8.74805
5.30465
3.19567
3.80613
5.3852
2.43874
9.74969
2.07288
5.80098
4.95857
0.587568
5.84569
6.90399
2.73003
9.72106
1.6101
1.82589
2.72225
2.50007
8.84099
4.8354
2.5164
13.0943
1.07442
4.04437
7.17058
6.16672
1.04076
6.99273
4.88449
7.94015
5.94739
2.44915
1.40678
1.55297
2.72641
6.25536
3.71502
3.63164
3.27389
3.34051
1.78593
1.89995
2.50075
1.48547
6.00759
4.38098
2.87063
5.69238
3.66948
3.94493
2.07495
4.45532
4.52891
4.92034
7.45895
1.17108
6.64837
1.5973
9.06779
4.31141
4.64879
6.22276
6.46746
2.09976
9.54802
8.82143
1.66381
4.42405
4.21876
5.38674
6.21201
5.23549
5.32753
4.722
8.39666
1.83537
7.35908
3.85022
11.3336
5.78404
4.38413
10.7733
0.45207
3.72874
1.12356
0.898773
10.2632
3.55619
3.96917
9.67745
0.746682
3.28498
4.20008
3.50336
1.65912
0.399759
4.53225
5.60292
7.05774
1.15568
1.46969
5.85396
3.22428
4.53834
2.38862
4.79908
3.3965
4.89068
2.36884
4.57152
3.49788
10.0832
5.20753
3.40159
4.65168
4.88972
5.77187
4.65199
8.15384
1.77661
6.49481
2.38098
5.76573
4.92546
4.60778
6.98029
0.564664
2.80028
1.17641
1.34045
2.36553
7.02478
2.03075
3.49577
5.79113
3.75199
2.99491
5.36117
0.403773
1.92281
9.83255
4.4996
0.804142
3.87514
0.697841
5.71964
3.18991
10.6672
4.11711
10.4455
3.97067
1.12818
5.15975
5.47838
7.37045
1.13923
1.26197
1.07319
5.4124
3.10863
0.806916
0.510327
4.50498
4.99312
4.75706
7.50181
2.11239
4.56984
0.953734
4.66537
3.52211
2.79854
2.06848
6.27758
1.26423
2.4631
2.35573
4.18032
4.58729
9.75921
3.02877
4.45091
2.35185
0.783375
6.78708
0.915095
5.96104
11.1152
1.11051
5.34337
0.323353
3.07501
4.89543
5.11839
10.4616
1.86923
3.43127
3.95887
5.63969
3.70368
5.66982
3.46743
0.44706
2.90984
2.16185
3.75209
3.18
2.86066
2.53498
2.42359
4.80799
0.622277
1.40105
5.59921
1.6571
4.85668
2.43256
3.44723
1.70576
10.2851
2.08339
4.10468
3.43679
1.85937
2.73901
2.09832
8.98478
6.0746
1.75854
4.43792
5.72369
7.31036
1.24152
3.21576
5.97475
0.937945
4.78591
5.25987
2.14721
3.08606
2.82792
4.88932
1.75919
2.64283
5.05789
1.26684
2.0221
1.66016
2.33405
6.33826
6.77312
3.4097
0.503954
2.77256
3.3454
1.16099
10.3034
1.39952
2.455
0.360347
8.57194
4.95743
4.91541
1.07198
3.09072
4.53839
3.61786
1.85017
6.70661
1.61752
9.52513
3.23394
4.55322
5.82246
3.34363
1.49571
2.28642
2.68738
8.0615
0.706464
4.82684
7.76384
0.595908
10.9239
2.56229
8.24933
0.646159
3.76154
3.03285
1.17128
8.17088
2.50478
5.12762
0.371537
5.11798
2.13467
17.2194
1.36683
2.00272
3.17649
6.31256
1.35378
6.26793
4.97722
6.25581
3.23536
1.01908
1.68919
3.43556
2.67531
2.3434
2.71352
6.30573
1.63214
4.81103
1.41315
2.95714
1.05432
1.7088
19.6397
5.4396
1.16535
7.8484
4.09192
4.11685
3.77051
4.24711
2.9599
0.88745
1.85058
1.974
1.04863
5.6177
3.27443
2.3239
7.63602
6.05298
0.822543
0.571039
10.608
7.81546
2.50581
2.498
5.38442
14.3386
0.775058
2.69577
9.99343
5.60609
2.69311
1.18942
2.39174
0.878647
2.83975
1.7098
1.55094
2.24214
2.43658
1.24037
10.2947
9.05654
5.8916
3.59898
0.292674
1.90938
2.87505
8.95809
2.52056
6.94512
0.874642
3.3745
4.38699
11.1485
0.902485
2.14593
3.81601
9.68396
1.38543
3.85318
5.13818
4.22532
2.59639
7.27204
1.55159
1.82003
5.24736
1.63792
6.23564
2.077
8.82797
4.33744
0.14501
0.818185
4.02984
1.55352
1.3671
2.74921
2.49222
1.56974
2.51585
3.75616
4.67736
0.423844
6.25216
5.25681
5.2553
10.264
1.66685
0.999023
6.72809
9.83959
4.81249
3.69665
4.44764
0.79245
0.720752
3.27607
7.57097
1.71299
14.6446
2.39982
2.30595
8.91291
2.51989
5.94397
6.12242
6.82326
3.13572
6.37279
2.75537
1.82391
2.63517
3.89469
8.93693
5.51989
4.63388
0.453649
1.59683
1.1584
2.04716
9.52132
4.02406
4.21342
2.64249
6.40869
1.0675
7.0493
4.12265
2.78031
3.74968
8.63716
0.942384
5.14748
4.62022
0.392842
3.22297
4.91614
3.27802
2.7687
5.33503
1.1173
8.21225
1.22903
1.31604
7.84565
3.13939
9.1751
4.08289
5.25035
4.17287
1.91782
1.83119
5.13116
15.0512
3.44315
0.884341
4.70431
1.33367
3.44761
4.25818
5.39686
3.17743
1.09461
4.07381
3.76925
8.35469
3.08984
3.46554
2.74056
5.22432
1.57897
6.58731
1.08464
7.98741
1.94913
1.56944
3.18928
0.528732
3.45739
0.647023
2.02408
2.09257
3.41638
5.41396
2.70585
3.79995
7.47073
0.934605
1.6088
2.55689
3.2945
0.547106
1.37118
5.97265
5.15625
9.69623
1.5433
4.89184
4.05019
0.644868
7.43202
3.46883
5.1116
6.18563
7.13464
5.40015
6.22232
1.78881
1.63495
2.85165
12.9267
6.18288
3.03966
2.76007
3.31301
1.22751
2.56747
6.06482
4.84581
4.83552
5.29919
1.83753
0.743805
1.61821
3.55822
9.0713
5.90273
4.15451
10.6305
2.955
5.19947
2.4484
9.19767
3.25426
3.00823
10.9948
2.04219
8.49882
2.51801
3.68919
2.11926
3.66215
0.202831
3.60847
2.25674
10.0845
1.67673
11.2673
3.09399
1.25004
3.84756
3.4418
8.48868
9.27209
6.04722
7.55947
9.45724
2.10212
0.906711
1.32613
1.3007
6.00525
2.35711
2.90039
12.6431
8.248
3.40045
1.81307
5.73694
8.75834
1.93353
1.58026
4.9562
3.66692
3.59773
7.00355
1.69562
4.82996
3.17866
7.10824
1.6133
1.33419
4.82822
6.23544
3.75286
5.04017
2.87111
1.47973
2.27528
3.20577
9.51443
1.36605
3.72084
3.94555
4.29554
6.14177
3.91507
1.17171
17.2607
9.87751
6.9552
4.18132
1.66538
2.93845
1.47188
2.35014
7.02517
6.45587
3.61619
6.81898
4.60975
8.47437
10.1586
2.08121
0.479834
0.440081
3.72295
6.01919
4.74084
0.539453
9.49164
5.08568
1.99172
5.58829
0.956976
6.61217
2.60538
8.68506
1.68366
9.93887
2.35281
3.27104
6.30034
4.68202
4.3646
1.89336
3.24069
5.9062
3.29971
4.07721
6.87964
4.25959
4.24429
1.82475
2.60415
1.32616
4.87727
1.67053
0.762378
3.76335
3.16261
2.24302
6.84542
13.2594
4.40258
7.8002
4.77302
6.11046
7.63638
10.457
0.841923
5.11243
1.87014
4.05183
1.6669
5.75685
1.97384
3.37186
1.19247
11.3867
0.574353
2.41297
4.7906
0.588749
4.92374
9.60459
0.750315
0.822851
0.821426
0.579202
0.377674
3.69874
2.41037
2.28795
3.24002
2.31906
5.19042
7.34501
3.42466
1.70422
1.897
1.75235
5.44108
3.25949
1.9046
2.3544
0.690285
0.0728444
5.22445
2.67146
6.42464
3.85093
0.77855
1.98043
4.06203
3.65802
2.32872
7.1751
1.99742
11.54
9.21086
4.26728
0.955007
3.78423
4.53638
9.75129
1.26442
6.82664
9.93761
3.95599
2.59508
2.44606
5.83403
0.898681
1.596
1.58594
2.21022
2.54816
5.7003
3.2107
5.23145
1.1771
10.7604
3.90953
4.02476
0.750707
3.65275
3.31367
2.99226
4.03198
4.90988
2.24035
3.62816
3.80842
3.63565
11.2
2.44195
10.5422
3.41182
3.92046
5.58438
5.56315
0.668324
3.21795
3.25206
1.96599
10.132
5.04686
2.30185
1.66095
2.29182
3.01131
2.763
3.64847
0.715649
5.40721
4.64414
2.60699
2.37118
5.35874
4.02168
6.59065
1.70911
8.21161
5.24323
8.95964
7.4106
2.66553
1.04556
4.51601
11.4756
3.71909
2.96996
0.421889
5.9596
2.97698
1.04611
3.1991
4.85284
7.79846
2.87499
0.945615
4.28149
2.35685
3.27966
3.44695
1.77753
4.33979
7.71197
3.09979
3.92937
4.21718
1.18407
1.95235
1.45598
3.21878
1.6415
4.76731
3.06459
1.7324
8.58113
3.75755
7.30879
5.73389
4.1088
2.41412
4.28117
1.9424
0.869663
2.55292
3.8686
2.36153
1.89889
2.98527
1.53322
0.739465
3.63925
2.82372
6.53676
4.76613
2.24979
2.90083
2.72771
1.58791
4.79798
3.39872
3.24782
2.14116
0.90724
3.52731
2.54787
4.32061
0.389114
4.00787
3.22959
2.73287
6.0249
2.64674
2.48138
4.77323
4.92667
2.50646
1.81002
1.86079
2.46207
3.28159
1.04755
3.96986
7.54932
4.10842
6.9019
0.628743
6.78214
8.55072
5.21679
2.15075
0.804471
4.31749
4.17723
3.83759
4.29697
5.2327
1.31298
6.80591
2.16691
1.21833
1.69418
1.02842
6.57486
2.26183
3.5352
3.06724
1.15257
2.93253
2.11954
7.10048
2.47765
1.36845
4.60061
2.7215
1.23364
3.66566
1.68346
3.51449
4.69087
2.69567
2.03496
1.02154
2.44698
11.2316
2.67141
4.75396
1.248
4.07721
7.84883
5.91057
4.03748
3.08556
3.62648
2.25564
6.06099
3.67206
5.33673
2.58086
2.01493
5.99841
8.01709
6.656
1.55521
1.17521
1.96645
0.953371
1.5981
1.53256
7.99336
1.05669
3.18118
3.47563
11.9892
2.02752
5.74541
9.53581
5.20956
0.986969
2.31574
10.3495
4.27165
3.03037
4.97357
2.29316
1.83935
2.82736
7.00407
3.92358
3.62454
3.3212
4.26804
3.04952
16.107
4.02318
1.20993
0.912528
2.51616
1.90487
5.37044
3.76517
0.825798
11.3459
3.22533
1.82467
2.58371
7.40041
1.47963
2.66975
8.92487
2.98881
7.16845
3.22093
0.827379
3.79843
4.88046
1.74563
3.00982
3.38804
3.01926
0.945386
4.01244
5.08014
0.615497
6.15581
3.38722
1.60636
4.0919
2.76517
5.16236
3.17719
10.7167
1.8037
4.69602
6.19711
1.01859
6.8065
5.32243
4.61203
2.68659
3.2665
8.64075
0.975138
4.85614
8.47739
3.22242
2.65632
1.60048
6.93572
7.31305
1.56915
6.67033
8.47157
0.928374
0.344738
7.58575
4.34446
8.4384
2.37471
3.40454
2.5795
2.99176
1.67136
3.83672
3.97071
3.44896
4.80271
1.0505
7.9399
7.73408
4.64061
4.14457
2.52088
6.85544
3.26665
1.2421
3.02239
3.27287
8.04746
8.3902
5.84338
2.90786
0.98781
10.1021
4.12742
5.24432
2.96951
3.88872
2.75862
10.1509
1.23543
2.90795
1.29231
1.34016
0.267526
1.33731
0.791222
10.7819
6.17957
0.856222
4.45454
2.76762
1.53983
3.73332
3.1369
2.69592
1.13611
4.88853
5.55172
3.41892
3.99741
4.97389
14.2049
4.25918
6.75375
4.31794
3.896
1.75104
2.24781
5.14882
3.04256
3.75118
2.80659
1.84593
1.27007
8.14531
0.977198
1.52679
9.07938
0.180334
3.54936
2.85204
2.05738
8.83621
4.14875
7.97939
1.33687
1.81121
3.10574
3.85638
0.6525
10.696
2.31747
1.10466
2.58621
6.30708
2.61635
1.24423
9.85365
6.90629
5.44646
2.83261
4.46088
2.18323
0.851674
5.76076
1.00456
1.52835
4.30533
4.57901
3.24949
2.80242
3.48693
7.48265
5.9576
5.73751
4.01825
0.965292
5.72704
11.6356
0.0301548
1.00617
2.18551
3.60719
2.54002
4.31779
7.89812
3.72524
6.85613
5.25717
2.66005
8.72903
3.71674
3.12627
4.37678
7.99127
3.17704
7.94292
2.8535
1.51215
3.29632
1.30218
3.91748
3.89919
0.586287
5.17701
2.35491
7.76301
2.18324
6.42353
7.13411
5.36599
2.5104
3.61982
1.68846
4.00695
5.22918
2.9026
6.14369
3.60995
2.4899
6.64616
4.35475
6.26526
4.13335
5.45757
1.27085
2.5169
2.81228
3.27452
0.484931
1.73759
11.6538
3.5248
4.18241
1.61999
4.26426
2.43951
1.33137
4.9819
5.55867
5.09192
4.78519
0.946866
7.53898
3.50833
2.84766
4.01229
1.02704
8.22286
9.6798
3.50356
6.65399
9.11054
1.42205
5.35438
8.73655
1.87242
3.44691
5.0763
2.66632
8.97769
1.52427
2.62228
5.28064
4.74839
4.96995
4.70082
3.73981
1.37415
2.33814
7.42173
2.59217
5.26223
2.22274
9.58961
5.26619
0.937491
8.73976
3.14396
6.86706
2.76107
5.22831
4.47944
5.31308
4.19788
2.84992
2.39243
3.1658
0.174868
1.95747
2.38074
11.0268
1.70486
3.89653
6.12825
3.21285
4.27535
2.07327
1.51709
0.798791
1.21658
2.53436
7.51504
1.38478
10.4614
1.18058
4.36277
4.8545
6.16753
2.19166
5.2393
7.23558
1.89533
0.653605
1.64795
0.581273
5.60456
0.465724
2.54986
1.73218
6.94194
2.50382
0.968966
4.10401
6.59595
5.27561
1.81044
7.375
2.80972
3.29295
5.88454
2.79647
4.06177
2.09517
4.03559
8.39333
8.39156
2.76832
7.60776
3.98787
5.86016
0.635793
2.35768
2.14502
1.25106
9.02634
0.929708
3.70776
9.35751
1.68043
2.05193
2.70726
6.18092
3.45234
4.05577
1.74598
8.57992
2.07162
3.95094
2.32854
4.33755
4.39814
2.5097
5.0463
3.7807
2.26074
9.43843
6.20754
1.46053
2.07904
6.76211
6.75382
0.817665
6.50013
4.17197
0.217987
3.98885
6.61335
1.38118
6.21704
3.59431
2.61337
1.22426
1.09545
6.78083
6.81857
6.94951
0.220927
0.78421
0.950938
1.027
4.95259
5.50057
4.80858
3.2117
1.26447
4.37354
0.735236
1.44817
0.296216
7.94248
6.99381
0.9214
10.2841
7.95037
4.46934
3.95366
2.32278
1.48502
1.04694
2.77092
2.92226
5.47057
5.10239
8.2513
8.11877
5.52633
3.02259
6.35769
2.2171
2.94524
6.39977
3.9917
4.953
2.79209
3.30386
5.95356
11.1677
10.0989
3.60288
1.15676
4.32084
1.14866
3.08311
4.2571
3.06133
2.86184
0.817416
6.21845
3.39588
2.11811
3.46329
4.3015
7.07921
7.8938
4.50144
4.78343
2.65506
2.27756
4.83612
11.3996
3.4541
7.24554
8.46
4.86927
3.70209
5.11234
2.29839
4.09933
2.84373
2.65589
1.00732
1.58703
5.95889
6.4593
9.09603
2.30037
4.50687
1.55795
2.56642
4.28179
5.00953
0.616175
2.22628
0.377262
2.46242
5.00013
1.46963
1.17057
8.89488
1.10292
3.95513
4.01162
3.81377
1.40204
2.56725
1.1617
3.4758
5.18656
1.61747
3.23892
3.2529
13.0354
0.221032
2.24688
3.01201
7.28268
4.44608
0.131466
6.05272
5.19605
2.03705
2.46219
3.56083
0.173868
3.1489
2.60729
4.3819
3.47819
2.22522
8.84118
1.01942
0.364636
4.58571
0.709645
1.2413
11.3715
8.47472
2.26588
4.64427
5.73586
4.87748
5.32149
1.04593
4.28758
4.71394
5.63807
6.5831
4.18399
1.54713
3.48636
3.78359
0.0666435
6.44974
3.66692
6.57756
2.55799
0.369094
3.64381
1.02823
4.1632
3.7758
4.69836
5.75118
0.925783
1.16625
1.71762
4.24289
3.56204
3.82752
6.45904
3.13909
3.56897
0.379012
3.69679
3.97566
2.14287
1.46879
3.55811
4.57041
11.2393
2.9902
5.40185
2.1716
4.94894
5.9945
2.96539
0.985421
4.42942
2.99724
0.365941
5.12042
2.37784
5.31173
6.83901
15.7996
0.659735
2.48329
0.284844
0.540655
5.43447
2.08727
1.51789
3.65452
2.69178
7.72308
7.02603
2.9341
8.13415
0.486756
3.13511
7.4793
3.5124
3.0784
2.55978
2.85255
4.36093
4.65538
7.27348
6.80739
1.42123
0.466241
3.27154
1.35726
6.50604
7.07426
5.47602
12.0756
2.90111
3.2801
3.40116
0.75892
5.66691
0.968963
2.44742
2.08851
4.41381
4.12786
4.19451
6.16722
2.50575
0.331844
4.18282
7.52953
3.0867
11.3801
0.730984
3.5064
2.68068
7.47244
2.18913
4.7599
0.793926
4.43265
9.40132
5.9169
6.1079
1.71676
0.93647
6.9065
5.30312
2.84971
4.27024
3.17158
3.36339
4.28
2.50048
2.16892
2.19112
2.90277
4.12985
5.45463
3.1007
1.20178
2.25135
2.09606
3.375
5.24689
3.95036
3.77503
8.39479
9.35386
1.5156
4.42839
3.55798
0.651778
1.84067
1.04681
5.26744
4.4305
2.42656
8.38242
1.60328
0.319064
6.64007
1.70046
4.78977
8.35971
7.50125
2.78178
2.94343
3.35058
0.612425
8.52105
1.21213
2.41817
5.60795
3.16441
2.67841
0.412476
1.20041
3.24465
2.35792
9.40977
3.74329
5.10568
0.885183
6.98661
7.87576
0.762513
3.03457
4.78605
4.06723
0.166473
2.96137
5.64833
2.94356
1.21332
0.284214
3.8214
5.62612
3.04428
1.03891
1.88395
2.26436
3.01445
2.28766
0.789514
3.06982
0.644048
4.84842
3.6218
2.25143
2.44262
6.51621
6.72448
6.03451
0.81868
4.30041
3.7276
0.208085
4.38633
0.62135
1.62444
1.92308
3.869
1.32815
12.5846
3.75078
1.05944
3.56345
4.80841
8.88171
3.49564
2.03098
1.93766
3.96413
1.39271
1.09611
1.94374
2.45601
4.66197
5.02436
4.01634
1.08801
7.8895
2.26291
6.70155
4.65919
9.42896
4.08147
4.99572
4.90462
1.06059
3.48977
2.46304
1.70997
1.1396
1.4092
1.60917
8.86996
4.54395
4.71096
4.51847
2.02133
2.99175
1.99975
14.2658
6.23601
0.972022
6.3174
3.12672
1.82933
0.527392
6.30634
2.89309
2.6251
2.75795
1.9163
3.16588
4.92486
1.36231
0.776356
1.17676
7.54384
2.8836
1.14382
0.732854
3.13733
2.82604
2.36422
1.74853
2.13181
4.88721
1.54803
3.05032
2.37384
1.57167
4.88471
2.57018
6.00817
3.99661
2.63237
6.04369
2.04888
3.54674
1.46206
5.94046
4.97716
4.57688
2.2012
9.04401
1.88846
5.52084
7.523
8.7668
3.5337
1.27476
7.6817
1.36098
2.53831
1.73471
1.79502
3.98794
4.57217
2.21148
3.01891
1.38097
1.66499
6.82873
11.2797
13.7439
1.77
1.67684
4.24118
2.8193
7.43269
2.39326
1.13001
2.64284
4.75327
4.57428
0.372961
7.18617
0.880505
3.55455
13.5749
1.92093
3.81834
7.02145
3.44903
3.40464
4.20534
0.626692
3.93806
0.474017
13.827
5.26263
3.80879
8.69003
3.89622
6.16192
8.9674
1.35828
3.64295
13.3967
16.9764
1.44141
2.79352
2.16223
9.08476
3.54774
2.99286
4.22925
6.60472
2.87595
3.21843
1.04986
1.43294
6.95418
0.814065
4.12628
13.2545
5.35077
2.05182
7.43674
3.6162
8.88157
2.57025
2.30046
3.24435
3.75089
1.40424
6.51142
2.35576
5.79883
7.50933
2.28355
2.58417
2.53675
4.23564
4.31499
1.42175
5.59197
2.64624
5.72411
2.54378
7.70197
15.482
5.97507
1.56504
5.7775
10.0637
3.09701
2.12734
3.5617
8.45081
9.79457
1.66367
0.955847
2.10877
1.70531
4.31622
1.55642
1.65383
5.55799
3.50796
2.36168
5.06237
0.165772
5.39617
0.141736
1.89162
3.10344
14.8591
9.07335
2.46671
8.62755
10.7866
0.574485
2.58813
1.34338
1.235
13.7047
0.809549
2.71679
3.37898
9.8762
7.57111
5.08724
5.55037
10.1507
2.96729
2.47173
4.89962
2.2806
6.57693
2.6284
2.10443
1.76079
1.83632
4.52571
3.45798
4.92701
7.05465
0.915522
10.4092
4.10455
2.72896
1.34361
4.71472
2.43737
1.47721
0.705527
2.11134
8.65548
1.41845
2.34715
1.96969
1.62579
4.85133
6.93668
1.64932
4.67758
2.0967
3.27478
4.69719
3.30394
5.61635
3.27146
4.93002
5.60908
0.587165
4.55482
2.15329
1.48813
9.81383
5.2038
10.1919
5.67193
1.99778
4.40022
4.18829
5.03838
6.43598
12.9789
3.28509
0.601808
3.85361
6.46321
1.24931
5.18128
3.64476
2.21805
4.27088
4.31995
2.62247
7.5686
4.57011
2.20539
2.95865
3.69155
4.34922
2.8907
1.50672
4.7844
6.47395
3.1736
5.74053
6.93541
0.56503
1.12516
5.13889
1.23251
2.67884
1.84389
5.24971
3.75621
3.88143
3.89718
4.17323
6.23052
11.0369
2.42279
3.43228
3.10788
0.535931
5.27448
3.63911
2.56116
2.86654
0.205915
2.38969
5.29071
11.5853
4.31092
1.56135
5.65211
1.94047
4.63489
0.879234
0.450663
1.85367
7.44763
2.34317
1.93453
4.36195
1.78437
4.2327
2.61667
7.18366
2.34988
2.06082
4.96376
3.88749
1.89894
3.24371
4.96602
3.28556
3.70578
3.93659
0.892837
4.53109
7.96108
0.386829
3.31054
0.376588
1.5172
10.3706
4.90671
3.88695
3.10292
4.93086
4.19243
0.172095
7.39352
4.39248
4.73606
6.32062
2.86511
10.2739
3.9988
3.53149
0.980695
9.40014
8.84007
8.00412
2.99834
6.40181
5.8805
4.41213
6.92498
1.49602
2.1415
4.50581
3.99525
4.78335
0.528735
0.415171
1.89065
8.18006
4.1965
1.08657
2.11574
4.05469
1.98679
5.2642
2.39915
1.38958
5.27061
4.49325
1.49539
3.49351
7.00652
5.90355
12.1397
2.97485
8.05343
2.89984
3.29487
5.88282
11.8417
5.29207
4.65939
3.31426
1.6839
3.34047
3.91781
2.64453
2.52984
0.704538
5.96463
5.39057
0.874836
3.25233
2.06199
4.77605
2.1175
1.9645
13.6723
0.816231
0.115954
6.31527
2.30645
3.06297
4.76901
3.41493
1.4792
5.26418
6.28968
14.1362
7.19345
0.999358
12.39
2.47742
4.49502
2.67747
7.96323
1.10743
5.53157
1.05455
0.242636
9.32866
5.03578
1.2828
2.97737
5.67053
3.65106
0.684379
4.49538
10.0256
1.93588
0.746915
4.35979
2.593
11.1872
5.64377
3.39059
4.64936
1.11924
6.76981
0.781172
1.35733
5.00813
4.77206
4.81043
5.35885
2.43641
0.804749
7.73425
1.9524
0.555319
7.05494
3.62454
3.5204
0.444196
4.09137
4.34392
1.13359
2.60504
3.13108
4.75877
2.94447
11.2957
3.12181
7.71509
6.09274
11.1648
10.3161
0.591636
6.43413
0.86215
4.41483
1.59105
1.74687
1.65333
3.67272
6.25765
0.248363
1.83819
8.41699
1.5268
4.7248
5.93719
3.29469
0.655727
4.46138
6.04715
4.3197
1.67448
2.37677
2.87983
1.70018
6.67022
5.74769
2.89428
3.3467
1.4781
4.74187
7.34796
0.698461
0.72693
3.2352
1.7913
2.5933
1.31128
2.89333
5.86916
1.93251
0.614185
4.35014
10.12
1.19935
1.61892
5.43891
5.26213
3.8036
1.92509
10.9575
10.4489
1.89431
6.3349
4.7709
1.66849
14.6451
3.59486
5.70188
4.53164
1.85648
5.36954
2.65149
5.2207
0.800345
3.85506
5.37037
5.92486
5.34978
6.14868
4.81993
3.66681
1.65974
2.9222
0.630875
2.50751
1.37662
1.73028
1.87552
2.14493
3.58293
1.40748
7.81991
12.5645
6.99535
2.6184
6.85515
4.58833
1.18283
2.32505
1.89477
3.06765
0.555765
0.810549
2.69255
6.46916
0.47042
1.44363
2.14089
8.51392
4.17286
6.42389
2.06811
3.76284
0.773369
6.12912
1.85978
4.96342
4.40089
1.20816
4.41552
2.16292
3.48427
1.9503
6.50346
10.5481
4.27408
1.28859
8.2456
3.26087
1.99503
4.88152
2.31553
6.99439
19.0456
5.2289
2.21955
2.02622
0.948732
6.13511
2.6736
7.43623
5.02464
4.45434
5.20411
4.76151
9.72672
6.40894
3.42945
1.47782
7.01403
4.18079
1.57779
1.74725
2.04056
3.55319
5.56162
1.73466
6.02662
1.85856
6.14804
5.48007
4.77378
4.37519
4.16705
7.36103
0.332725
0.989307
1.8222
7.82851
5.10886
3.0168
10.7779
5.26135
2.23766
2.93235
1.25833
2.58569
4.1669
3.69696
1.48936
0.551784
3.67729
1.47461
3.08903
2.69893
5.32575
3.20723
1.31104
0.626158
2.93374
4.35328
2.03428
3.44457
5.4792
1.1556
3.12279
4.93017
4.67507
2.53618
0.678959
1.96551
1.70976
3.21129
0.277641
1.49459
3.95137
0.926351
9.34839
8.26807
7.2869
1.18568
1.62399
5.4272
1.77725
5.33438
3.32095
1.06293
0.349938
3.00998
2.62572
4.70141
2.97322
1.03474
1.0263
5.15785
1.53821
1.17919
3.51853
0.326583
11.0713
2.13977
3.52698
7.61429
0.81855
6.09776
2.51871
6.75769
1.00563
1.77371
4.19247
1.52931
1.70054
7.62834
0.971393
4.2954
0.795754
1.17633
3.91557
1.86144
3.24193
4.78031
3.58443
3.20442
3.25297
4.66013
2.67433
2.07927
9.15094
3.00227
7.12556
7.12185
7.24986
1.58973
12.562
0.581883
0.20304
3.41336
2.00636
3.00459
3.20836
2.89253
1.85552
3.70208
9.54257
10.9769
7.40538
2.90179
5.38867
1.46157
7.68324
1.15063
3.53355
4.47628
10.2824
3.46945
4.34655
1.81065
3.11696
2.9964
1.71478
8.94916
6.8319
4.25014
3.51948
9.52106
5.17726
3.06376
0.87592
3.62675
14.7203
1.93933
7.68529
3.75166
5.30879
2.05006
3.45301
14.0073
3.9236
4.04174
1.74729
3.19779
1.44914
0.847138
3.60534
2.57667
6.55001
1.4972
5.04697
4.39623
5.67335
6.17381
4.4965
5.80694
4.22218
4.22966
0.36814
4.09789
1.4197
4.53924
6.36787
0.707356
1.27033
3.10792
2.67945
1.89367
5.9291
4.074
3.57628
0.484718
1.39331
1.03545
14.6998
6.26286
1.37683
6.00606
1.30686
4.74095
1.72416
1.44082
1.52979
4.89299
4.84578
0.693398
6.74923
7.65334
3.57244
5.53516
2.36037
9.02659
1.52798
2.92836
6.63311
5.96574
2.91624
1.03387
2.8376
2.01592
2.40888
6.40013
1.94505
3.36889
7.78869
5.80088
1.01129
11.4248
1.66096
3.69178
3.3616
1.41698
3.65255
10.6017
1.55682
2.22406
2.66137
15.044
5.31965
4.97512
11.1177
5.53307
1.47043
0.817245
5.53679
1.28244
0.652543
10.7641
6.68087
6.0066
3.82819
3.72676
3.7366
1.61157
3.65001
2.20086
5.40006
5.26707
3.13825
2.46222
3.95845
9.37502
1.81951
7.48111
1.59765
0.733777
3.64811
9.63076
2.77325
6.40305
3.14269
5.29623
4.58629
4.17163
3.37858
1.66348
5.8958
1.74541
4.61025
3.59942
5.33624
5.95275
4.71841
3.2486
2.44245
12.064
1.02982
2.82992
0.845069
6.17187
1.55585
7.54657
1.86223
4.49449
11.7219
7.41424
5.39836
11.221
1.70043
2.9276
6.5179
0.412899
2.03044
5.22662
0.913061
5.57415
1.92651
7.74483
7.28349
4.18812
2.44741
3.8694
0.89031
2.98367
3.37466
1.61745
1.68536
4.422
5.07359
6.5586
5.71276
0.700777
3.28683
0.597477
0.327867
2.33196
4.84968
8.0843
1.93356
3.92863
3.56781
1.57454
1.21935
8.18914
4.37075
3.16322
1.1627
5.93621
2.34319
3.42838
9.0868
0.791537
2.79525
1.37444
7.52374
1.46489
2.76644
3.55138
1.44547
5.04981
1.69626
2.27561
2.53782
3.57822
9.93968
3.61988
1.37687
1.79002
8.79745
7.83271
2.79304
4.21276
2.14963
3.28642
7.04424
1.18086
4.7506
3.15277
4.2863
0.678249
2.88805
3.30765
4.05803
1.37466
6.03069
4.25408
2.79996
3.37977
2.348
5.27239
2.09731
1.87824
1.56611
0.580569
0.36987
7.87203
3.19399
6.10854
4.82553
0.969865
2.18463
0.715558
5.0466
5.21669
4.93484
8.79771
0.636302
9.6867
12.5306
5.13503
2.49669
3.74874
2.22522
3.81007
3.36128
2.24494
0.661661
1.20919
5.55862
4.50644
4.99559
1.78617
1.10716
3.9989
0.903644
0.147165
2.98077
1.35494
7.80233
3.58208
6.35319
5.3648
4.64077
3.63697
8.05395
5.26402
4.0973
1.93198
5.59149
4.22438
10.1785
2.44218
3.90267
5.69213
2.3062
2.1139
2.22886
1.96385
3.22665
1.73144
7.24358
2.79335
5.78374
1.45033
2.86415
5.47071
10.4638
0.421726
3.72045
2.03163
3.7972
5.79794
5.65475
0.864623
6.96844
2.20259
12.146
1.07546
1.74714
0.431331
0.342054
4.3312
5.45646
4.54971
2.81428
2.84721
4.49879
6.12147
4.54349
2.097
2.06359
2.31632
6.95945
0.583633
2.24602
1.03279
0.966565
2.29411
4.73397
6.11848
4.9368
0.333827
2.63698
4.39988
4.06133
2.58446
8.90543
7.84507
6.36295
3.47577
3.72416
2.38555
2.77506
6.10943
17.1094
4.92355
4.40777
0.103204
4.47619
3.61971
2.31558
1.19238
2.72768
4.14314
2.15374
1.95082
1.73932
1.96953
2.34637
0.873198
3.56085
0.899514
0.958307
1.91926
3.73292
6.27639
3.40736
2.48736
1.63451
6.60567
3.12412
4.87199
1.00852
1.55225
6.23769
0.179728
1.27171
2.13718
4.52503
5.49516
2.45125
4.5412
1.24038
0.773013
2.02454
3.18276
3.30769
3.58352
2.12558
5.99056
4.00469
4.13894
1.8417
3.31952
1.1687
8.4194
5.29324
9.09351
1.4928
3.50615
8.04987
8.15989
9.74794
4.17531
5.15488
5.91255
3.67519
5.72971
6.26759
3.93719
7.90294
8.30986
2.44282
2.05044
7.60855
6.83843
6.19668
3.26957
5.34435
0.508978
2.971
4.48743
2.77756
3.82461
0.970088
5.52187
2.84228
4.07029
13.6606
3.48877
3.73041
0.614352
0.534184
3.60833
0.450015
6.29177
3.17969
3.0149
4.19035
6.88546
0.281062
4.75279
3.05259
2.7809
2.92312
4.31984
4.369
1.5951
2.43136
3.21627
6.37236
1.691
2.04409
1.78403
3.29876
0.922364
5.03674
2.95366
7.94008
0.206437
5.16398
2.57377
8.3873
8.04613
1.68489
4.91732
7.70305
4.52956
0.748235
7.18303
1.64533
1.87213
4.1135
3.67391
1.52285
4.16775
3.81034
1.39965
5.9222
2.10179
2.72704
12.6109
3.11989
0.594385
7.15718
2.24513
1.54137
2.29013
6.76108
3.78404
3.5279
10.526
16.7573
1.93799
3.65309
3.76518
5.10957
0.503803
5.14105
3.10291
0.714631
2.84282
1.9415
6.42284
6.94012
4.66225
4.86081
7.51781
4.68288
3.29102
3.126
1.01938
1.06953
2.06509
6.97164
1.49573
2.25198
3.54865
1.17611
0.481657
5.9604
2.3599
8.39146
3.92292
3.95697
5.26685
7.37706
0.724084
1.22184
2.4451
6.07971
2.69913
0.5512
3.67213
0.921299
6.49845
5.42614
1.52878
3.47633
9.8703
6.9747
2.21262
4.24893
1.81137
12.1678
0.376291
3.44516
1.17536
13.719
2.84026
7.89242
3.27135
1.61104
3.07691
1.62882
3.23881
3.18919
4.88111
1.75928
3.09075
0.573423
4.6085
0.786991
4.98438
7.79098
3.97138
3.61574
1.57946
4.02638
2.01443
2.96268
1.18478
6.12821
2.2833
2.12758
5.28353
4.46799
4.73065
10.0349
2.32904
6.72539
2.31437
0.918994
4.73245
0.873813
3.23833
3.58347
1.06714
9.01301
1.07732
3.29402
7.90882
3.74896
2.84362
1.0262
4.38757
7.98145
2.56681
3.87946
4.39757
1.09474
5.266
8.12653
0.430227
3.12403
2.96139
1.44578
5.2198
4.67451
7.5396
3.40114
4.35281
6.17695
2.6623
4.76428
4.31136
0.398061
4.69709
5.16559
6.7556
0.553207
5.63997
6.99297
3.28646
0.732673
5.30784
6.17723
5.91841
1.48828
2.36061
0.607126
2.09485
1.46762
3.93585
2.00317
2.18491
1.31691
3.64075
1.7506
2.73107
2.38871
8.86578
0.521993
3.93011
0.947337
3.66247
3.36456
4.63855
9.25815
7.07487
3.7352
2.56223
2.28497
0.98134
2.64868
5.1005
7.82082
4.73577
6.42126
3.20966
0.869144
0.653438
4.09193
10.0998
4.66872
3.80586
6.22639
0.930122
4.66715
3.81775
6.62418
0.679374
1.0044
6.36602
3.45586
9.8689
1.45071
4.5232
9.66921
5.87701
3.26887
6.6382
4.60007
2.86996
2.02799
1.01691
4.36095
5.79373
3.68991
1.37133
4.47278
2.98511
3.59001
5.21769
2.39946
0.893058
3.74193
2.74156
6.677
3.95289
4.0409
3.01942
9.18865
3.4619
4.00273
3.52082
3.07284
8.34317
3.21098
2.77229
5.63109
10.3308
7.25805
4.28734
5.14622
2.88348
3.08158
7.53103
6.52286
2.33758
2.1149
2.87732
2.00515
4.62166
2.18887
11.1807
10.8066
8.98671
5.81953
1.15809
1.50696
11.7804
3.40267
4.82981
0.834633
0.52716
4.3892
3.91159
5.74531
3.7699
3.41142
5.12885
5.81514
8.71683
3.15303
2.06488
9.79032
13.5393
4.18721
7.24295
3.00291
1.13378
9.58983
10.3425
4.01522
1.72372
6.17109
1.16673
4.01035
4.10063
2.01185
2.19828
2.51946
5.3842
9.26643
1.26039
0.947558
0.469768
3.64695
3.24381
6.85613
4.76161
1.28358
5.2841
1.75404
2.60208
6.34689
5.39345
3.78623
4.81041
4.7452
3.19697
4.17558
3.38311
3.58826
3.40733
5.63782
0.750495
4.39548
1.1602
5.4087
2.92387
1.72031
1.42324
3.55447
2.52622
3.96963
13.426
4.61268
1.5174
3.44895
4.3119
1.13405
5.5644
3.77757
2.37472
0.395867
6.6854
1.68142
6.32536
0.608105
2.29466
1.84355
5.19312
1.62554
1.01108
5.52671
6.50512
8.10268
2.16096
12.557
5.32061
3.13572
2.4878
2.60172
8.49473
2.12585
0.695475
1.25692
1.74518
7.5717
13.1709
4.04824
1.5323
4.34709
4.5505
8.57824
0.89749
2.71238
2.55801
4.44466
0.859229
0.066164
4.98852
3.41969
5.1301
2.00685
1.39633
7.17313
0.889928
5.96759
2.79779
1.16335
2.39964
1.63618
4.59187
2.66161
14.9449
3.10381
8.67783
4.98679
0.442708
2.57428
1.58619
0.970002
6.98507
1.19539
4.52739
5.76598
2.07371
3.9229
0.889293
3.42633
3.20648
0.546746
2.7562
0.87782
5.49969
3.10815
4.7143
5.0944
1.86099
8.39478
0.710984
3.10665
2.1767
1.60233
3.5636
8.9615
3.91922
9.64059
7.582
3.16375
2.49893
7.48818
4.77905
1.56323
3.57344
3.90863
3.92436
3.11394
1.76746
2.38014
2.07898
5.22433
2.15278
4.40132
2.884
6.4408
2.77243
2.88877
3.85085
5.68757
0.97203
7.25716
4.58009
1.6839
8.51844
2.67959
8.67651
1.31245
16.2036
4.76145
0.399704
4.71427
3.8491
4.51354
1.18917
6.89979
4.90193
7.00199
1.48204
2.32017
1.89971
4.01531
1.73588
4.17761
2.61303
3.10764
1.63401
5.15412
7.32075
2.62162
5.48513
5.12007
1.8614
1.01637
1.51768
3.17465
2.43073
6.95495
3.45954
5.58494
4.02136
2.74475
4.21517
9.53969
1.65405
14.4643
4.18177
4.73584
6.41593
5.06943
4.26466
1.43813
10.1873
4.01216
3.56657
6.49177
3.8619
3.55669
3.76056
2.12955
5.47777
6.00907
5.15105
1.09363
13.4752
7.2181
1.32254
0.339863
0.154454
1.87336
2.01798
4.22467
4.05366
6.48511
1.62838
10.263
6.42657
2.04432
2.40669
6.72454
0.83856
8.61385
2.13756
4.51623
2.49694
1.89347
1.08221
5.15809
3.14646
3.59426
6.05775
6.20486
3.73724
1.94198
2.12615
0.790419
3.65564
2.40603
6.59459
5.92422
5.14944
2.30379
8.2956
3.53423
3.21999
0.987288
3.80278
8.45954
8.8137
4.95595
4.12169
4.92054
6.85257
9.23026
1.66739
2.36874
7.129
2.23638
4.00001
6.70572
2.67491
8.69199
3.16255
4.03251
1.77651
5.79622
1.53165
1.80188
0.926686
0.687749
4.34402
7.54441
4.92654
4.0487
2.52833
3.44742
1.90697
2.77199
6.07858
3.89605
1.99044
2.53434
0.709878
4.41284
0.649047
5.40889
12.1032
5.88809
7.19232
3.42721
5.13546
3.37381
6.14926
0.626704
3.17206
6.68892
3.89232
4.49349
1.11429
1.03258
0.357475
6.7668
2.6672
5.37551
4.74397
5.87915
1.31328
3.94658
2.03883
6.01573
3.57535
0.807362
2.24962
2.1628
4.73353
1.81602
0.218152
2.87044
2.55801
5.69837
3.42357
1.18685
13.2675
6.49016
3.91071
4.97376
1.52292
6.30542
1.99442
3.15919
0.244016
4.21537
3.53994
0.589065
3.93262
5.67755
1.00963
5.68404
5.31134
3.33535
4.28505
3.10183
4.85735
2.02202
4.78175
4.2681
3.65971
0.532376
4.44416
7.81412
6.0117
5.40281
5.4014
1.74298
4.90761
0.651559
9.00998
2.08242
3.8455
4.95228
1.46525
12.0153
2.51569
4.85686
3.17457
3.29037
3.1575
2.01097
2.92338
3.21975
3.2867
1.97336
2.15902
1.42123
2.89143
2.83952
4.13181
9.35882
2.33359
9.85253
0.380105
10.6793
3.57407
8.77946
1.67566
4.85008
7.45701
7.28117
4.19876
0.225474
3.24239
4.47465
1.10313
3.72324
4.4519
2.53056
2.46202
5.37758
2.54854
2.41738
9.0177
0.788163
9.4118
2.21974
4.55503
1.23796
6.65873
3.78061
2.19785
10.644
2.22932
4.92036
6.72858
5.50018
9.33822
7.14423
2.08983
3.76412
1.69956
4.466
1.84643
2.0246
1.30472
4.64747
4.22422
1.78017
2.52555
6.59483
7.91448
4.44918
3.28531
7.9408
2.20882
4.67062
4.81673
6.23488
6.7876
2.46275
7.04495
1.50787
6.07676
2.25072
1.91969
0.857172
7.54881
4.45509
3.49136
3.30512
2.21688
6.39616
6.2222
2.80969
8.76476
2.74399
3.95617
2.02146
2.27179
0.732102
3.25289
3.32502
1.859
2.39937
1.39169
15.6137
6.34979
9.26882
11.7547
1.83155
0.278981
4.53055
2.09438
2.77436
7.69124
0.66737
1.71692
6.91618
0.87626
3.73711
1.77331
2.80483
3.51568
3.84258
7.24325
2.98958
6.21601
1.60456
1.9571
0.352812
3.46133
3.93222
9.98677
1.23791
3.5698
15.986
1.00264
1.30544
1.94301
2.62013
7.86877
4.53302
7.16202
1.16257
0.816492
8.51437
5.38923
5.42942
1.7383
1.20251
3.43039
1.13023
1.80519
9.2679
6.9175
1.78033
4.46463
5.16412
5.06228
3.12842
1.08209
3.7726
5.27056
4.99852
1.55596
3.91309
10.4432
1.87487
2.02616
0.987199
7.20539
4.91849
6.14559
0.88421
8.15697
3.25311
4.30947
3.0964
6.70787
12.8179
4.39468
2.38346
1.56248
5.33697
1.13994
2.85292
7.25452
3.09757
1.97529
8.22994
5.64068
0.838118
1.65484
2.25343
7.19738
8.29556
3.17479
0.485759
1.60853
5.9496
7.44623
4.30622
12.482
6.34307
5.62862
5.50235
2.33883
7.66907
1.76461
4.04382
4.78186
7.41984
2.09634
1.28921
0.658431
0.595294
1.87931
0.644205
5.72657
2.17816
8.04589
0.362249
1.65901
4.91718
6.23161
0.280719
1.59452
1.3459
1.77823
7.7565
2.34944
4.38226
13.6543
1.19365
0.999684
1.99515
2.81955
7.80635
2.33423
7.83954
1.45667
3.93727
0.890559
2.11146
1.15282
3.53808
2.28779
5.96801
1.96784
4.34223
4.34596
6.37716
5.99599
3.25794
0.846661
0.952177
5.18887
11.3985
9.01074
3.74718
2.00292
3.762
6.76838
9.36444
2.90161
6.99116
6.54793
1.17158
1.90457
0.915403
10.6379
4.01844
4.37248
14.7076
1.72325
1.44536
5.9382
1.59054
1.41294
2.46726
2.35869
3.92224
3.79169
11.2603
1.01136
3.59833
2.47401
4.31063
1.33584
2.90408
1.76891
1.38437
12.4532
7.50719
7.02825
7.03484
8.52166
1.30983
4.46923
11.1697
1.20095
0.543479
6.4441
2.48765
3.76746
10.6732
1.32459
3.16933
2.00287
1.87638
2.87928
8.1927
5.29137
7.78731
1.99934
6.33826
5.99867
5.9162
1.43556
1.60804
1.64085
3.25434
3.77033
2.54225
1.87208
4.07587
11.128
3.34475
1.87163
7.49767
4.82107
2.52605
4.19233
1.7978
1.24506
8.50514
1.68939
2.11976
0.411178
4.31442
8.19412
3.88672
3.41789
11.9096
0.547676
6.44105
7.17335
1.2255
4.13308
3.4821
2.17179
4.96464
4.73518
3.15718
4.54479
9.92719
4.26609
0.803586
1.70372
6.60191
2.25442
1.84781
4.8347
5.68869
0.364524
6.0725
2.39556
2.47329
1.86059
2.82088
4.60086
4.03574
4.72414
2.85053
1.89849
5.71849
1.91866
7.187
4.69145
1.09752
4.96309
6.51723
2.26935
14.6364
1.56348
4.34458
4.45763
4.06508
7.73967
2.72743
3.45589
5.7942
2.74023
3.28164
1.88419
3.24771
2.83756
6.471
0.690838
2.82577
2.25293
3.33463
11.067
6.53894
5.79165
7.44785
6.31912
6.32361
6.20519
1.51134
5.46746
3.29254
6.70737
0.584637
0.761873
1.04528
1.00998
1.95359
3.36104
7.73987
8.87401
4.81628
1.50445
0.225163
8.01862
3.76799
5.32765
9.98088
3.74246
2.58883
1.66615
5.41788
3.91898
2.37331
1.14486
6.38658
1.83635
5.04714
9.97462
3.0327
4.73301
4.39443
6.16239
2.04661
8.98354
5.77346
8.19778
6.25279
4.65156
1.56134
2.19749
3.08057
1.47942
1.2074
1.55888
6.25919
6.18936
5.338
0.238388
3.98085
1.02848
5.75113
0.845627
8.44723
1.32874
6.34656
1.85586
2.4524
1.99811
4.28246
4.36928
8.77731
2.50254
0.94463
2.16027
1.20189
1.82793
4.82877
2.46396
6.742
1.50136
3.92598
2.52687
0.834375
0.571871
2.95865
1.78366
4.96796
6.25111
5.06832
1.90377
18.8358
7.19802
4.03422
7.42916
3.59247
10.2637
4.30472
3.51108
0.697962
4.50041
6.17903
1.58879
11.3596
2.22196
1.87014
1.89921
2.06401
1.66355
1.32295
1.37573
1.28285
3.64391
9.86373
2.21433
5.37779
1.9923
0.84912
0.231694
5.01063
6.41218
2.49326
2.29068
2.86276
2.91553
2.59754
0.880801
6.07449
0.530198
4.34838
3.84121
2.09482
3.38063
4.77219
6.00463
7.61437
3.91921
5.19086
1.20642
1.66798
6.40438
7.90102
4.28858
0.0807843
2.67548
0.846274
2.19712
20.1783
3.47588
1.90698
6.54151
0.195424
1.50957
2.12042
2.24074
2.88416
0.615762
10.4898
2.29147
1.65999
5.20686
2.244
5.11887
4.2929
1.9011
0.352527
4.82022
5.40723
2.56635
8.74273
10.5221
1.79528
4.19725
4.24455
6.21022
1.08363
1.13123
2.92129
2.1606
3.06269
2.02686
4.16002
0.498517
3.59046
8.24831
0.620358
2.65548
2.55852
3.24552
3.29708
8.70408
6.86764
1.46258
3.26113
2.96062
8.37614
3.18547
1.16036
2.18893
4.60987
3.57393
2.36303
7.08619
5.11897
3.22646
6.94273
4.32134
3.87287
1.38838
2.21735
1.82633
2.72553
5.22081
2.12113
5.91108
5.03084
1.60845
9.10603
1.34217
6.92733
2.23419
4.20103
3.07314
1.3319
1.11702
10.0619
3.80699
7.12328
2.68469
19.2521
10.8674
1.05794
4.41107
4.75961
0.76907
4.93316
6.26745
3.792
4.90145
3.13215
6.12022
7.0755
0.327681
8.89087
15.4334
1.89863
5.37695
17.3747
1.6349
2.02681
5.83837
2.5788
0.696087
12.3774
3.18365
2.19746
5.19496
1.92718
2.64924
2.75124
9.6129
1.90253
2.36129
0.925428
0.103883
6.10211
6.41664
1.29527
4.60495
6.74124
4.15408
1.01486
2.07754
2.06194
3.05097
4.32763
1.52251
1.46573
3.19854
2.30061
1.90366
4.25435
5.35174
4.05125
2.5014
5.91307
4.23628
14.6709
3.26379
4.50305
3.22894
2.67274
2.42255
1.43782
3.55253
4.02962
1.34893
2.53566
2.24381
2.71005
1.63845
2.99757
6.82506
5.38302
0.543173
3.13983
8.21466
5.05925
7.62778
5.49206
3.24953
1.61912
8.92535
4.35777
4.54932
7.85261
2.66389
0.96755
7.11907
2.39441
6.08816
2.64122
2.40013
1.63569
5.26705
1.62423
1.22414
4.54589
1.64948
4.39812
6.81625
1.65438
5.45855
5.86128
3.18501
2.23066
0.928687
1.16496
1.56918
2.48124
1.5286
5.01728
0.893771
7.43564
2.27203
0.64085
4.49012
4.81201
7.57181
6.27037
3.01511
0.8528
3.7345
8.82298
3.22356
4.06854
2.10903
4.92671
2.48489
9.41011
5.5461
11.5703
2.66975
2.84001
1.67484
5.78133
3.92187
0.928654
4.70631
3.7999
1.50346
7.5336
1.53063
4.8662
1.54079
0.536303
5.71379
5.73046
0.524976
4.02776
1.30146
4.88594
4.60317
7.24472
2.78878
4.94039
2.45846
1.34273
5.9165
4.10921
3.98362
3.65722
1.84958
3.2745
7.02755
4.04302
4.8458
1.36502
4.7099
6.34374
6.24133
2.81356
2.47206
1.77615
2.30801
1.98247
2.54318
7.81688
12.3088
2.56122
3.97064
7.85817
0.517314
5.57114
8.12236
9.48987
10.453
0.619385
3.51513
2.22841
4.4237
2.70677
5.31308
7.77719
3.6658
5.93602
0.748212
2.55181
2.98832
3.35267
6.53781
1.27165
0.593819
8.14281
0.733242
1.70313
0.489971
7.00901
5.56556
2.10097
4.21347
2.11855
4.63189
7.62881
1.87335
4.87638
2.23061
2.83872
8.83617
3.78311
4.78765
15.8586
1.687
5.77781
1.75188
1.83354
9.31159
5.87763
3.48368
4.32218
10.5885
0.74344
3.42417
7.19957
0.296263
4.49272
4.10771
10.0766
2.07653
7.0616
1.23477
2.57197
2.31147
3.04898
6.10336
4.64449
4.80421
2.17929
4.18448
6.00162
2.54509
0.891872
9.68605
4.11171
6.15721
1.98026
0.481385
1.2403
6.60018
1.62978
3.78806
3.25623
2.64639
4.74045
5.51144
4.48344
5.5575
3.70995
1.75073
2.37683
1.83833
5.06776
5.63251
1.48954
1.58671
3.83599
6.40005
4.43575
1.99945
5.34604
2.94215
0.630526
2.44337
0.34415
2.28356
6.09498
2.90732
3.23836
4.83012
1.19614
7.20576
2.56394
5.73065
5.20228
7.4644
5.68715
4.30245
0.883367
1.93899
9.23434
11.8454
2.30222
2.07676
7.32336
2.60489
1.63669
2.29805
5.12169
0.668389
2.69146
4.90063
4.56444
6.68973
4.83068
1.57722
3.2345
1.15519
7.58568
3.38019
1.76452
3.52881
0.875576
1.22164
10.0043
9.42894
1.71909
2.60914
2.68879
0.967868
2.18028
3.11595
1.55685
6.72769
3.32369
4.42407
1.3933
2.14948
15.455
7.0931
0.301253
6.47463
1.86864
5.53506
2.72742
2.47362
1.44285
9.68442
7.21776
2.15523
9.13559
2.90957
3.62073
3.99732
6.71001
5.44195
1.74351
4.90628
1.39013
3.38984
2.46292
2.2399
1.65914
1.27295
3.92685
8.25511
9.70608
6.29909
2.74279
9.61489
2.07074
1.54763
3.68916
4.99876
8.19925
1.519
0.855861
8.44729
1.85113
4.50748
3.17586
5.61826
1.79983
0.732003
3.53898
11.3997
4.29813
4.96028
6.5741
4.04059
0.960296
1.95796
5.32999
7.29976
3.10055
3.06679
0.691676
2.25392
0.373521
5.68058
6.07778
3.54069
16.6994
5.95861
1.61045
2.83187
3.82895
5.79385
2.20244
5.61088
0.868107
5.00575
11.7006
2.24207
3.45183
5.28882
2.70546
4.06663
7.24371
3.08911
6.62622
2.40406
1.37752
1.40758
0.522389
4.89537
7.34702
1.94904
3.87883
1.71138
7.0722
3.23062
14.8991
2.06481
2.06351
4.62796
3.50647
0.813992
1.70296
11.1915
16.5059
8.73486
16.6617
4.17212
1.68086
4.64103
6.80309
3.64667
4.29992
0.251261
1.62284
4.081
6.31375
8.11792
1.18696
0.428563
7.45838
1.90477
3.87585
2.70811
5.76062
1.25069
3.67156
3.99974
0.832865
4.03759
3.89404
0.765736
2.33552
2.07153
9.1435
5.39993
3.39895
4.06551
9.85872
0.414562
3.77449
2.08553
2.51749
1.78494
2.73382
0.590555
2.12181
2.21707
0.854745
7.38561
7.48146
0.631194
2.35541
1.58729
2.37413
0.714406
1.47051
2.96803
1.52362
9.80746
5.32174
2.42565
1.53185
1.32755
2.5462
3.27937
3.65029
2.32408
2.8387
2.16232
6.76714
2.41563
2.61958
1.07446
3.04841
2.25179
4.23002
2.45973
3.53271
9.07021
2.83084
7.47384
6.405
1.48092
2.95862
8.94284
3.06137
5.66826
5.37581
0.462049
2.22887
1.53349
12.5763
2.00321
2.23572
8.01212
7.24464
1.40089
6.04273
6.03499
0.338137
5.62305
3.69312
4.22555
9.08488
2.33066
2.35759
14.3046
6.88131
2.51587
2.80559
3.46947
4.79142
5.23468
7.65983
4.57935
5.46571
1.55175
2.41501
1.16468
3.64166
4.81926
5.37992
1.81101
5.08178
9.78574
4.87357
1.00068
5.85684
4.76273
3.05015
3.06792
4.17662
2.07674
1.26029
1.50989
3.47583
10.4406
6.45158
2.52502
5.10067
1.88677
1.69545
0.913826
5.46095
4.97863
1.99841
0.688325
2.98787
5.6481
6.29565
10.5098
2.38799
1.60563
1.79409
5.82622
1.465
0.643959
1.5157
6.19108
2.66803
3.8568
2.46317
2.25107
5.40529
4.31927
1.70682
1.19664
3.22918
5.20154
1.97642
2.51218
1.13089
2.26565
0.327363
6.14204
4.61502
5.16877
2.48674
8.53691
1.46507
4.90026
1.11112
1.30987
1.64313
9.52179
1.27992
1.82969
3.75055
2.67003
2.92627
4.44932
3.80265
9.40635
7.08921
1.50619
4.20951
0.440733
6.16007
2.30925
9.11599
1.37327
5.21179
3.67385
7.75014
5.1653
1.67354
0.558459
1.17888
1.10464
2.75284
7.1707
1.38115
3.7426
4.49206
3.89661
3.37488
4.31442
7.79745
6.41977
7.45557
1.69612
2.23951
0.568261
6.24328
1.89058
3.17809
8.04899
4.36887
2.02705
3.22712
1.82462
1.8924
2.95439
2.08476
1.73294
5.61866
4.23947
2.59589
1.88167
3.9615
1.29325
0.584227
12.1289
3.08163
1.00765
1.77945
1.68756
1.87365
7.81684
5.22052
8.76853
3.85084
5.59067
5.71205
1.49418
9.15061
1.03296
2.16064
2.98938
2.18114
3.87788
2.56913
10.5877
8.91996
6.19263
2.56702
0.837453
2.89597
8.46644
4.32858
5.93338
1.46126
3.47399
3.08109
4.7692
1.08041
6.0792
2.51685
7.88154
3.62398
4.8388
8.98624
3.81667
4.44329
4.56087
4.18987
14.4825
0.703023
7.38058
0.801395
7.93792
2.85128
3.03479
0.900715
1.5928
0.924353
3.93424
1.62208
3.32852
3.37792
3.23011
3.64095
1.91893
4.06501
2.63294
3.05506
6.48951
9.45998
0.574672
11.2084
2.57115
20.1665
1.9326
3.67769
4.80317
4.02921
2.80223
1.96828
1.28137
2.68327
3.98782
5.42632
2.22798
3.99826
1.99324
5.80882
7.43272
3.91476
7.29933
3.75543
4.20135
4.96702
0.792788
7.79707
4.75288
5.06108
3.39521
3.62329
9.51053
0.726223
2.26231
6.12323
3.73367
8.70934
2.15886
12.2674
6.4798
5.25449
2.54453
2.05559
0.87187
1.90228
2.2931
7.14954
4.97232
12.5058
2.00474
3.30394
1.80475
5.54146
5.09682
3.79155
2.848
0.977249
6.4523
1.85768
1.69808
5.72513
3.36511
2.57183
2.68437
2.78202
1.75931
0.744612
8.71519
6.94259
1.15371
2.78696
8.26124
0.89505
8.56911
5.01535
6.07968
2.80191
6.43202
11.9449
4.63137
2.82855
3.28516
2.01359
1.78088
7.37913
2.76799
5.25796
3.77875
10.4325
1.26972
11.6542
4.256
5.05446
1.32931
0.666819
1.29368
6.58232
8.62898
3.00466
0.117796
7.94998
1.52724
1.21244
5.95435
11.36
4.99426
4.65113
3.8561
1.95245
1.76514
1.33429
8.6865
6.51786
4.54218
11.5891
0.870906
2.17039
3.02684
3.14184
6.12181
1.14524
4.72067
2.38091
2.84374
1.75067
2.85495
5.92173
3.73643
2.46473
2.46368
5.54099
2.82778
4.103
4.82176
12.144
4.45709
1.86541
4.6593
1.20935
3.56866
7.69639
1.8188
2.67795
3.49176
5.73607
7.95949
3.97271
6.55538
3.35377
2.94653
7.92244
7.29319
5.97134
10.357
3.3128
4.50714
5.65723
3.58068
5.68987
1.69712
3.32026
3.08591
4.80174
5.18431
4.75291
4.0949
4.83616
2.29522
9.60266
2.56642
5.534
3.16002
1.00684
4.26473
4.03145
1.91783
2.3255
4.58014
3.13302
4.20835
2.04661
2.3954
5.11401
9.08857
0.420462
3.76483
3.18579
14.81
6.03622
5.80322
1.45
0.592272
0.970882
16.8317
3.32876
10.3522
1.84477
1.39039
1.38115
2.8431
3.55
6.93451
5.98008
7.79782
3.68416
0.316498
1.05984
9.49842
4.60036
7.63205
1.00978
0.842287
2.20342
1.85206
5.07126
5.60239
1.87414
2.27459
2.91005
6.38552
5.39361
7.61374
3.11191
4.16141
1.14717
1.91004
3.49496
2.85421
2.94434
3.55613
4.8659
13.2342
6.0919
6.01295
2.57936
6.32214
1.54173
2.4172
0.0627127
3.87547
0.724645
0.514251
1.40935
2.2548
4.7177
1.9767
7.57987
5.72135
1.91643
2.38083
0.421067
2.71886
1.26061
0.835912
5.21569
4.82522
4.90116
2.48669
7.57626
3.34462
4.92649
3.52029
7.56725
2.6773
0.865151
4.04478
7.54864
7.69982
1.0973
7.09682
4.9221
6.58076
1.51191
0.806231
4.67414
5.40913
1.37074
4.54547
6.42764
2.73816
2.52954
6.3509
0.632136
0.674305
4.29829
3.90625
8.90822
2.94389
4.46387
0.553503
11.4334
2.67858
6.34051
10.1259
0.309782
7.69635
3.08495
7.0975
4.42682
9.73435
1.50511
9.02664
1.08224
7.20076
3.21805
5.58742
13.4371
1.04668
0.267354
1.07903
2.20093
4.02195
3.43175
1.04461
2.64252
3.12394
1.86497
10.4224
6.51485
2.66622
4.09261
3.22439
9.57937
0.595051
1.8363
1.43097
1.9572
2.33007
4.73123
5.44535
3.18352
3.32829
2.5767
3.23661
0.456107
2.23313
3.4909
1.63157
2.51311
3.70349
4.96235
0.217314
1.75368
3.94901
1.07471
1.2297
2.76145
0.827762
1.7107
15.1827
3.48107
1.20965
3.93523
1.46389
3.789
5.57941
0.680768
2.83747
1.91009
1.02934
3.73936
2.55615
1.97268
3.39692
4.2376
5.64937
0.711794
3.42176
6.25039
0.27982
3.52129
3.64039
0.813072
2.55441
7.35016
4.20908
3.98115
7.3196
3.04884
1.93916
2.73321
2.98727
1.93437
2.29758
2.48639
3.95684
6.80105
5.70327
1.28537
6.97359
7.52306
5.6487
8.62148
3.87881
12.7259
1.27028
3.44362
10.722
5.7273
2.97247
3.74831
6.3392
1.82207
4.42442
2.50615
5.85372
2.84861
0.889889
2.54762
4.60864
0.711184
5.09884
1.94399
9.46327
4.0382
9.11224
3.30548
2.92576
5.14384
6.29737
0.330172
6.99392
1.48036
10.3654
0.1623
4.28757
0.951225
5.66392
5.97159
1.57581
3.27029
2.62814
5.08796
1.45233
6.27343
7.22304
1.52267
7.79977
1.53104
7.61961
8.45357
3.39983
2.34064
4.43464
3.65116
4.45269
1.67706
0.789903
0.822429
8.4913
2.71419
3.69621
4.09431
7.20009
13.5503
4.15204
4.74276
10.2748
5.82421
6.82548
7.61709
6.06389
9.12419
2.97172
11.7871
7.95372
5.73495
2.49613
6.2828
2.98635
2.8017
4.13574
3.67363
7.74571
0.230889
8.95614
2.24608
7.51905
3.92725
1.40614
4.74663
1.11907
15.2025
2.37483
1.73887
3.23753
1.75269
6.53286
6.86121
3.69863
3.76126
3.47037
9.39547
4.78578
6.3997
5.24452
5.74499
2.9595
4.69
2.44696
2.63257
3.79846
3.70146
1.32512
3.80761
3.72751
1.4495
3.45937
2.6769
3.9151
3.02579
1.31202
6.92888
7.63954
8.29876
9.62416
1.83665
1.9739
5.33702
1.2287
0.976892
1.27675
3.40855
0.518576
6.66574
1.89171
0.336171
0.460218
1.70814
0.6659
1.18977
1.42015
4.93142
8.31105
6.32015
6.77836
4.96219
6.75664
3.83934
5.20717
4.75414
4.51424
4.80345
9.68238
1.42249
6.789
5.07803
3.02473
8.44434
5.73559
5.00994
4.90508
8.45848
3.63812
3.80965
2.63859
2.6931
7.5284
6.41764
1.93365
0.338455
2.452
7.27548
8.57374
1.07231
3.83968
2.28429
1.7867
5.29988
5.16765
2.66443
2.33504
3.95372
2.52737
1.4942
6.50124
1.0251
6.77748
1.46013
3.21815
1.53637
1.70204
1.90046
2.77095
7.39644
3.2169
1.75017
1.72443
6.08563
3.37981
1.82887
11.9468
3.28517
2.32964
2.92907
3.30906
10.2997
1.41872
9.16978
2.91263
1.80404
6.90865
5.05576
4.73108
1.92072
6.1934
0.848105
3.71067
1.39015
3.09678
2.8629
0.271408
4.05758
2.14082
3.70864
7.70933
2.64509
2.54587
2.5848
1.06731
2.61915
0.700229
11.1763
7.04426
7.17109
10.0411
2.01129
3.57361
6.99676
3.27243
3.30061
4.4981
4.65293
9.72816
2.10725
13.0829
9.74972
0.734808
1.64517
11.3265
3.5557
3.31388
2.16915
2.07663
4.40108
2.31438
16.8046
0.0591105
1.70935
2.00508
6.23462
4.87435
3.08156
5.17046
3.42429
0.798708
1.00636
2.42254
7.6012
6.29143
0.991561
4.94663
2.54494
1.64779
1.80269
3.79676
2.12516
0.871827
1.52255
4.96357
1.43589
2.81985
10.2156
1.0494
4.37722
2.32216
10.8365
4.07771
7.17142
1.74479
4.1355
2.97571
9.33783
14.5663
2.79844
7.51005
0.926942
4.31933
2.34555
2.49319
3.74213
1.76389
1.76839
5.27005
3.25372
7.09831
3.3184
5.39298
3.16424
4.00868
16.3605
4.92795
5.15462
2.81373
8.14041
1.26082
1.80127
1.4649
2.16401
1.96329
9.55842
9.02054
4.21334
4.94501
4.0359
9.49879
1.37209
1.54458
4.0946
7.11638
7.59879
4.03178
1.13774
2.96221
1.79784
2.09144
1.17044
1.29719
1.79532
0.774769
4.02837
1.09496
3.0754
3.99237
2.53841
6.21583
0.840479
0.558897
1.75945
2.98343
9.14762
3.89938
2.60778
1.58813
0.900498
6.30947
2.02107
3.22697
8.40127
4.36253
11.3981
9.7588
2.93926
1.73553
6.77579
1.79703
5.91448
7.91642
8.07699
11.5566
6.37029
2.71216
4.00619
1.45545
4.73114
3.20947
0.460704
3.72096
2.43408
2.78051
0.874738
3.20843
0.985034
2.49268
4.39221
1.31351
1.48808
3.21791
3.64803
2.18622
3.38553
3.92741
2.78299
7.73246
2.25891
2.12504
0.988376
1.95944
7.02214
0.600911
1.14203
1.45887
4.3299
4.53158
2.39963
1.23721
4.62989
9.37981
3.26855
4.95878
1.41797
6.44763
5.40463
1.31464
3.70227
4.99475
0.796314
4.37562
3.90127
1.52597
3.52734
7.58776
9.21871
1.70502
1.24047
1.13699
4.89599
0.58906
2.524
1.96492
4.99581
6.98089
1.63107
2.67868
2.37904
3.43341
4.43426
8.31269
3.39562
0.682687
4.3664
8.4209
0.629064
3.1194
5.45398
1.85588
3.53963
3.08988
1.46089
1.26932
5.23765
2.61741
1.18515
1.9499
3.93521
5.78183
2.93507
1.58839
2.37045
8.09616
4.9881
1.9675
4.71846
2.97421
1.11886
4.94516
7.5455
2.01966
4.05122
3.62965
5.77216
1.55176
3.8978
1.37678
7.50369
7.84822
5.02643
1.60245
3.8788
3.99482
2.43454
4.13117
4.8455
4.04994
9.22903
2.0741
8.48947
2.57181
0.888712
1.31623
4.25114
6.94533
1.98407
0.83762
1.62656
0.485999
1.75243
4.06921
4.50206
3.81369
5.99746
2.32896
2.5649
3.72946
1.591
2.28244
1.10492
2.92544
1.4552
2.24262
4.4379
4.00946
1.53774
3.4146
2.35367
5.20519
2.88809
3.28661
0.541076
0.966411
3.82566
5.77661
2.56734
18.0788
2.73592
3.58495
2.08832
1.25212
8.56724
5.1187
2.55036
3.53042
1.05433
12.0505
1.82356
5.47813
3.40529
7.38338
7.66955
1.90142
4.3577
3.47867
3.00773
3.88235
4.30634
2.93568
5.35697
5.07847
0.485905
1.99168
0.681265
4.82284
4.28117
4.47867
3.48912
2.72644
3.34473
4.74767
14.0212
7.22472
2.66914
8.52901
4.9465
4.4534
4.63087
2.40494
7.04244
5.07307
10.2084
1.66343
4.83357
2.15227
5.32642
3.48135
2.92377
1.9331
4.94849
3.99557
0.87553
2.73192
2.79374
7.48769
3.66392
2.82435
3.98669
1.17751
1.24161
2.73679
0.696422
3.17641
3.9268
8.81271
4.0408
2.03287
3.0934
3.48086
5.51178
3.9518
7.33974
1.68591
4.22283
1.75279
10.4508
6.68575
4.19673
2.53913
2.38736
0.805243
5.4898
1.05539
2.8052
4.47921
1.77422
3.78989
0.414538
0.999528
5.42373
4.79706
3.49828
4.30237
4.25235
1.43585
3.0611
2.92858
4.91859
7.12743
5.5225
3.44422
6.30199
0.549379
5.0414
8.03982
0.964294
0.293037
3.80162
5.87855
3.71205
3.71416
6.73623
2.10321
9.06023
0.418987
1.6876
2.31091
3.21763
3.65894
3.58922
6.60844
3.71788
1.10845
3.11743
5.07708
9.67745
1.60643
0.448775
2.25337
2.09194
15.4823
4.30987
3.08457
13.528
5.19979
5.33075
1.97506
2.85967
6.10796
1.49115
4.40495
8.02338
12.9638
3.87633
2.54327
4.79867
5.26523
2.67987
1.93377
0.912329
3.31204
1.46228
1.75143
3.59889
2.10905
0.956109
12.7684
2.54338
2.20851
3.02029
0.902212
3.81473
6.49407
0.836966
7.8328
3.46223
3.28943
5.49009
4.1289
4.14896
4.13437
1.76568
2.59271
3.86331
6.65829
1.90201
4.80431
7.90112
1.06214
2.43941
1.19212
5.57049
1.53935
1.37789
2.46156
2.51003
2.4148
8.85042
1.04438
9.33154
9.92097
2.11691
1.82289
3.55287
3.58711
2.67147
1.93187
1.77634
0.928405
2.74717
4.84966
0.747782
8.41114
6.64077
3.46704
3.41767
1.74208
3.10008
5.0279
3.53045
1.23883
4.97542
5.92544
0.705217
1.27192
3.01933
3.47946
0.838231
5.69398
3.09697
4.88636
9.7685
2.70736
5.98562
1.02293
3.49119
4.70297
2.7086
3.68251
3.12213
8.87713
5.2463
2.64294
4.22608
1.71576
3.72711
4.894
8.63367
6.34191
4.80536
1.39606
1.55087
4.3033
1.41963
4.65863
0.201094
1.19434
2.53936
4.86271
7.21481
0.669807
2.08531
7.1848
4.55569
1.49152
12.1759
5.03289
4.25826
7.09368
5.0571
4.10445
5.25254
0.109371
0.843721
0.812643
2.79211
6.83555
5.04767
6.53223
2.14873
2.05395
9.91606
3.95262
5.1397
15.2839
1.74525
5.77068
7.10444
12.1158
1.60621
6.95428
2.48025
1.61184
13.3222
1.38486
9.36803
2.90391
10.8238
1.59549
6.98076
0.957155
2.61041
3.56061
6.42725
2.73606
3.87022
4.95288
1.06342
4.94422
5.57544
2.32266
3.44897
2.16264
2.4378
1.4197
2.43634
1.92442
0.76182
4.27008
3.08245
5.69946
1.57136
5.97037
1.93824
4.58241
2.16426
3.96943
9.7375
1.99075
1.36843
2.38416
2.64155
3.70046
3.13492
0.733419
3.03797
2.15999
6.13014
5.38846
1.06245
4.71228
1.64595
0.970214
1.02294
5.58853
8.43823
0.497494
1.42792
5.68004
2.53811
2.25129
3.06172
5.15167
1.82791
2.53562
0.784854
3.91918
2.6176
8.28194
3.89173
1.42337
3.90264
3.93465
8.43633
1.8602
5.9636
10.1313
1.31083
2.3347
6.6191
9.27884
5.2151
3.196
8.2402
1.59665
10.6592
5.10376
3.65491
8.42986
1.89512
0.808911
5.34761
1.68347
1.71168
0.886401
5.24271
9.41638
3.06956
6.58208
1.40297
5.57712
2.63862
5.39117
1.53752
4.95426
1.05195
1.16381
2.80049
3.5663
6.43411
5.29625
6.95336
4.49425
1.80021
4.15
1.62872
6.18823
4.18146
1.12202
4.22897
1.0165
3.01141
3.65609
2.91889
5.68384
12.4007
5.3958
4.37976
4.31597
6.61794
9.93866
2.47418
4.06787
0.623332
2.67657
3.77415
2.42042
4.00079
2.20617
3.61215
7.02869
7.01219
3.23319
3.44633
7.19497
2.81195
4.49765
3.20185
2.78522
6.21166
0.123453
4.80081
1.66537
0.811067
0.836449
1.25483
0.827958
5.19403
6.23543
2.24478
14.4278
2.29676
3.59773
0.820686
5.09791
7.32273
7.0362
3.25248
1.13905
3.42883
3.08759
3.98381
1.9679
3.46529
2.06313
2.52349
1.62065
1.98947
4.36422
2.10775
6.26204
5.40852
5.66887
2.08001
2.4937
5.24105
4.80086
4.7688
1.1517
1.01287
4.81433
1.55399
4.16574
1.72743
0.327883
8.51518
4.40757
4.67738
8.20755
2.69194
7.03119
4.65097
5.92135
1.1753
3.10335
4.00793
1.80364
4.31798
1.7656
1.40142
1.93845
10.4365
6.61621
7.54852
1.37553
10.0603
2.59333
8.37426
3.74197
2.6828
2.42026
2.3276
5.31581
1.747
2.35878
3.45113
0.632353
3.03691
3.88289
1.48936
0.405855
4.5307
2.40759
5.19492
0.585527
1.46217
4.31724
2.69486
0.668236
5.09862
3.7295
2.58119
1.46479
1.16003
1.59398
2.40354
2.24809
1.53377
5.02918
1.62659
2.61752
3.71689
6.15176
1.48369
2.00122
0.720926
1.02716
5.70947
0.874229
3.32271
1.4752
5.12474
4.88486
5.2459
0.934994
1.51635
4.3167
7.61581
8.13082
8.68293
3.76365
1.08753
4.34983
2.60533
10.5754
2.71727
4.58613
6.11808
1.24365
5.26075
2.331
2.31092
1.04048
1.12023
5.52712
15.8754
1.07241
1.99906
4.2662
1.75726
4.78417
1.07594
6.97576
3.22984
2.6773
5.59073
4.10805
4.29413
0.951891
4.76387
3.29545
3.15285
2.49368
4.85718
1.51673
1.18378
3.1832
0.196681
1.48604
5.05758
1.44174
3.04834
4.93296
2.2172
4.27769
1.52775
1.28563
1.22599
2.94287
1.90432
0.599259
5.22732
6.02806
3.05967
3.36916
6.18427
16.6367
2.55996
11.35
0.618998
2.7283
2.76654
5.29481
12.2973
4.73426
1.63305
6.19728
4.1935
0.798918
2.68687
4.15075
1.36688
2.77915
2.95814
4.48181
5.22686
7.28906
5.17115
3.6363
2.95109
4.40066
3.54219
2.94446
0.36605
1.96602
2.26999
2.16774
4.73074
1.52848
2.38219
4.77333
3.45705
3.381
4.24684
2.88858
2.64005
1.89968
10.5481
9.10633
3.75118
7.04203
1.7799
2.39728
5.30432
2.82949
1.93904
1.74096
7.27994
3.6362
7.45366
1.58366
2.78208
2.58319
2.24546
0.265163
1.35187
2.47481
5.36849
5.00943
3.21575
6.64409
3.02398
1.21026
1.38311
3.98614
7.48996
1.74623
4.92958
8.48392
2.59901
4.64493
2.68571
2.1653
1.6205
1.54654
9.89181
3.0442
2.21092
1.15493
6.28449
0.601858
0.533914
5.1728
1.39114
1.5123
2.96583
2.11879
5.24705
2.03006
4.14409
10.2
1.78322
2.92959
5.42446
3.84833
2.14747
9.3318
4.59993
0.175274
3.5428
0.690937
4.89373
5.22979
6.18374
0.611779
4.35693
2.6051
0.86904
1.52489
1.49252
1.32761
3.72276
5.81982
0.76128
6.02673
4.39175
8.15407
2.821
4.92451
2.51834
1.07897
5.77596
0.84862
0.166866
4.21818
2.22568
3.55789
4.58864
3.63251
0.523416
2.80912
1.55862
4.91349
2.4357
1.99244
1.01842
3.14346
4.49127
12.4389
5.08217
2.64109
6.69585
1.59233
3.80243
2.33532
5.87465
2.80024
7.84469
9.17932
5.95668
4.55565
11.4922
1.2404
9.17509
3.63849
4.02297
2.59497
1.26653
1.67979
1.32421
1.0052
5.48192
2.42612
2.49106
6.48617
3.28203
5.40799
3.32587
4.70369
1.68172
5.09722
1.22637
3.5284
5.61602
1.87391
1.04018
1.93451
2.45954
6.90203
2.80151
2.26752
3.54915
2.6445
3.56723
1.99146
1.92058
10.3496
8.44453
1.5957
4.09125
2.78922
7.2184
1.30456
1.26071
7.01188
4.75118
2.33595
3.43688
3.2525
1.99035
1.11388
0.634277
1.37866
3.63275
2.36006
2.68179
1.4102
2.34949
12.206
0.82191
3.5928
6.68041
2.91709
3.48131
0.214624
3.15618
1.15783
2.92066
2.51206
1.37768
3.53705
3.15411
3.97582
8.93897
8.63964
4.83658
1.44421
8.93962
7.13294
7.11355
10.2379
8.5761
1.45509
3.78498
2.91112
3.32511
3.32823
6.89
0.403534
5.45437
1.24085
2.8583
9.23669
1.98037
2.74196
7.87904
2.734
8.4992
1.22871
4.57679
1.28942
7.09695
4.3485
0.636967
1.70784
4.99351
2.90125
3.08548
1.61898
5.39084
1.35765
1.05115
2.89202
11.5125
3.04193
0.285295
4.81548
5.52379
0.614193
4.94006
2.04977
1.99769
1.38977
1.05276
9.11216
4.20033
3.55207
2.28901
2.63955
2.43404
4.34089
6.18447
2.75561
1.73983
1.02209
3.30505
1.90106
8.38338
4.8744
5.71411
4.45499
7.06763
2.7852
2.97231
3.52048
3.09115
11.683
2.96871
6.22924
1.57666
3.01624
1.83885
6.80788
3.36214
5.4537
7.15607
3.12069
3.89867
1.22946
0.672259
11.3369
1.37808
4.94982
1.60106
1.72602
4.89346
0.154303
1.01168
2.02195
5.80826
0.816416
2.73039
4.97798
4.63991
5.73931
2.42769
0.829333
13.6501
4.7584
1.19338
2.00375
0.765892
9.87292
0.888826
7.34809
7.31988
2.43484
4.01863
6.58568
9.21949
7.1883
2.06011
5.14164
4.80169
0.602935
1.06099
0.867452
7.11382
1.80493
0.748884
1.42798
9.39354
5.99997
10.198
3.2615
3.54491
1.66578
5.08496
3.21866
2.18189
9.86791
1.49776
5.00043
10.5851
0.61
1.22026
3.98003
3.42478
4.02013
6.89137
2.77616
2.31785
4.31264
1.31904
10.6517
1.39331
0.687929
1.50915
2.38607
1.11643
1.78664
1.65568
1.05642
6.93636
3.95825
5.6632
2.32165
5.11812
7.57729
1.6973
4.74681
2.3876
3.56281
5.9314
11.82
3.54453
3.21515
6.11344
4.39092
7.3407
1.1574
5.04295
3.15227
5.08051
1.22821
0.531777
2.29445
16.0367
3.93058
5.55844
5.83125
6.15932
7.22717
2.41813
6.00814
1.47815
7.73712
5.59509
0.586155
4.0424
3.44928
3.1747
5.3525
6.58941
4.19628
5.33661
4.66475
7.5269
1.46233
9.25068
1.92032
1.01104
2.83285
1.02597
5.33084
2.35221
6.23693
0.384514
4.36774
1.29269
2.27282
3.11589
7.05273
5.33065
0.736678
5.7722
4.16756
1.11512
0.831656
2.64625
2.79895
1.41635
2.07102
3.65367
2.26669
1.59465
2.1558
3.35689
3.78586
2.09827
3.05809
0.541825
1.24708
3.43109
4.01573
5.73528
9.17653
3.49744
2.07312
1.69218
3.96708
1.70831
3.86396
10.6296
0.363895
3.22513
7.41365
0.603792
4.54451
2.84186
3.73922
1.23015
3.14446
2.54193
4.67259
6.86666
2.50194
3.27042
9.64602
4.98961
3.08588
4.4024
2.32415
1.81958
2.62212
3.53025
1.63431
1.11242
2.27841
4.50371
4.33375
2.66712
5.40202
13.6663
3.05518
1.98528
1.66863
1.33054
8.05918
2.05991
1.00645
3.61202
5.18036
2.45631
2.87286
8.96672
3.91615
5.40053
3.07911
3.21924
4.89859
3.03907
2.11638
6.49839
2.52638
3.11845
4.03514
6.40085
1.2671
4.64504
1.96749
5.94989
3.56821
0.749619
1.4541
4.74182
2.5491
1.82351
3.58376
1.75546
1.96899
0.91833
4.71854
1.99626
3.53123
0.320739
2.14358
3.97415
13.5568
4.71238
6.48177
2.58444
6.3505
4.79269
0.533181
2.42716
1.29514
2.40081
5.67976
13.6029
8.98012
6.90459
0.977158
2.42446
1.6103
0.780102
2.00368
0.888715
4.03953
2.38494
3.09272
2.23462
5.86781
6.79832
7.2673
2.96836
4.86222
2.61953
3.60682
1.4046
3.63079
5.90845
0.391228
0.890539
2.97952
3.2631
5.95092
3.43209
2.91134
4.75638
0.791848
0.901525
4.05126
2.6947
2.48704
2.30907
4.34175
3.20842
7.47778
2.10097
2.70991
4.24571
6.37444
5.13436
4.98065
3.19668
1.25666
6.12488
4.87562
1.54647
5.25254
6.00076
2.59925
2.32162
3.8711
7.60199
3.85666
10.3719
0.922549
12.0398
3.07282
6.17652
0.595117
0.904665
5.45198
2.68593
2.05188
2.68125
9.00983
1.14929
2.28817
1.68851
3.56586
0.208275
6.69907
1.61281
1.44703
4.24705
2.70062
0.58811
6.9568
0.828479
2.34494
11.3992
4.35456
4.72156
10.2754
3.87771
3.13592
6.58018
2.10836
5.29537
1.12253
2.08261
3.39542
1.66085
1.11325
2.09342
5.63845
4.76695
3.78755
0.677501
0.571289
7.72502
0.199624
5.50774
4.03481
3.11343
6.67751
2.40343
2.45324
6.58787
6.12245
3.81365
0.41059
4.79722
1.83245
2.06787
2.95867
0.333708
1.59584
2.94124
6.57366
3.4958
4.50461
0.975976
2.73672
4.31075
3.54501
2.83385
4.91383
2.01386
4.8247
1.5025
1.78374
1.87285
1.1073
3.78655
2.04081
2.20066
0.886353
3.39578
0.944124
2.92045
2.94535
2.11789
1.46553
0.444333
2.05424
3.10351
4.10409
4.27525
2.88573
3.1174
1.51425
3.92133
7.82038
5.60047
4.12392
2.60515
4.49905
1.8907
3.22867
1.09632
4.55497
1.94536
4.75043
3.04474
5.32902
4.98422
3.19719
1.16717
3.49004
4.23423
0.940378
1.21865
1.33161
2.39911
3.45399
3.33198
1.8922
4.68065
2.08153
5.67484
6.95547
4.92226
4.67758
2.61345
3.42414
3.18501
4.47473
3.62022
0.639063
0.322921
9.95368
10.9923
4.41693
2.42222
2.64832
4.9531
2.47695
3.74799
8.08845
3.37425
3.72569
1.70279
0.977587
4.98666
1.45164
3.76832
3.20329
2.88961
5.00107
3.20702
3.85387
1.98449
5.75851
4.12767
7.23419
3.9985
6.26851
2.87277
3.2537
6.62695
2.92369
5.27752
3.50209
4.04909
13.6721
8.16207
16.484
6.77597
2.23693
0.508831
1.7662
3.80915
5.40457
3.44125
6.85286
4.05383
2.28422
5.78718
4.87539
1.00207
0.744641
7.89052
4.22779
10.4889
2.30674
4.19361
0.398491
0.631673
2.58635
3.64654
0.630209
6.64416
4.11474
5.5592
5.15073
1.01973
5.55807
3.72144
1.35723
1.70072
2.24357
1.4269
8.06301
4.17704
6.36379
1.71139
1.74382
0.550198
6.66666
1.53286
7.5079
1.53382
9.19109
1.8635
8.94275
8.09518
6.42738
3.05875
2.98797
2.51599
5.44367
0.394149
1.45022
6.56962
4.45695
3.01686
7.15988
4.04418
8.92091
5.65062
1.14599
2.87297
2.99579
1.37342
5.24736
1.91714
6.18273
3.48116
3.604
2.01343
2.36288
1.85185
3.38814
1.81138
2.42049
2.7373
2.72518
4.31197
1.1837
2.66796
3.01153
3.69587
6.50179
2.19682
0.335512
2.54313
1.01371
3.74089
3.98452
9.5081
2.48196
1.52744
3.43049
1.7331
2.21823
5.18251
4.51849
2.2421
3.63441
3.54904
4.83858
4.99011
6.74948
8.50233
3.64564
0.497515
2.29695
5.7798
16.5273
0.564128
3.35417
15.0461
2.29216
2.90211
2.56951
2.91863
2.77729
4.09643
2.22424
1.70041
9.67348
2.70461
2.32601
3.53942
3.94762
5.42579
1.42591
3.89895
1.35683
2.95885
2.69364
3.96963
0.994103
1.52349
3.50688
5.01936
2.22481
1.68201
3.35985
3.10271
4.98112
4.32075
0.611429
5.48756
1.32596
2.3886
2.79032
6.57274
1.09515
5.47601
2.47863
2.7565
7.80859
8.30005
2.16559
4.09783
3.57253
0.194872
10.3914
0.653089
3.91049
2.3965
1.39534
0.567094
1.18529
7.11478
2.37152
4.33379
6.50798
4.5355
3.47404
1.57489
9.283
1.74266
3.97073
3.53771
1.15118
8.41955
2.16963
0.851436
3.13859
4.99853
4.71718
0.457686
0.473784
0.137985
1.51979
1.89932
1.56275
4.80279
10.8411
2.80598
8.25049
5.38915
1.95603
1.92394
1.6351
2.51537
3.27037
2.66032
2.32204
1.7764
8.69808
1.89847
2.41589
6.7585
1.56649
4.25411
1.82091
1.37852
5.17299
7.19371
2.80453
3.02454
5.26558
1.79781
1.83437
1.25674
1.43474
1.53046
3.00745
0.585431
1.26995
2.61609
4.33484
2.25878
4.86053
2.97056
2.80547
2.35407
1.57379
8.4213
4.10714
1.14891
5.09984
2.065
7.78192
2.11367
7.93851
7.84503
14.6555
2.63839
6.15376
4.26576
5.61197
9.84902
6.16336
2.90889
6.91756
4.00107
3.05127
4.02021
0.781418
3.37191
4.91522
3.82325
2.45545
3.5909
1.12125
4.52046
0.978102
4.49299
5.07085
4.73933
2.80788
2.6469
2.81394
3.95559
0.450366
5.75621
1.55299
1.17178
3.16613
2.33177
6.84449
1.52218
4.84578
1.42223
5.83402
1.12646
7.94319
1.92549
8.46529
5.26936
2.05391
3.42633
2.62196
4.44991
2.36793
2.03531
13.2044
7.17009
3.62868
14.5753
1.20693
15.9075
3.41502
2.19707
4.61646
3.6424
4.85462
3.62936
0.790436
2.20116
3.0023
2.09829
3.62236
5.88333
9.49672
6.85056
1.96626
6.24575
0.71905
5.60591
1.51937
8.80605
2.15004
3.48622
5.71139
7.96066
2.68032
3.36531
0.975697
6.4428
6.53238
4.77521
1.75898
0.532105
4.75258
5.91103
5.32228
9.90731
4.61927
7.8896
5.6842
4.84364
3.0649
3.22977
1.74109
3.38104
9.55888
6.77276
1.26993
11.5624
0.227141
8.60227
3.18128
2.4875
2.69238
3.31622
1.20826
1.06126
2.21135
5.05245
2.32171
3.74367
2.03599
2.58287
3.09074
2.72652
0.579989
1.16201
1.40951
5.13763
10.134
2.33681
3.9353
1.62771
2.33708
2.90198
4.74414
0.864188
5.20277
3.83162
0.271779
1.24723
3.81903
4.67494
1.83965
6.00192
5.57452
3.84952
1.25139
7.71923
2.19669
5.90872
2.97296
1.62576
4.51452
4.70707
2.08813
6.2046
0.296005
2.13253
0.590349
3.84496
6.64293
3.85137
3.21938
1.53447
3.52701
8.849
2.48269
7.55097
4.15441
3.73501
9.15371
1.25474
3.91695
2.15106
6.96229
2.00245
3.31946
2.49581
4.35914
1.75732
4.30548
5.32559
4.77792
4.0517
3.32829
2.47283
5.43882
3.77067
2.59915
5.30062
0.81623
5.12935
1.4853
2.72398
3.51639
2.87031
3.78159
4.28892
2.7382
5.60744
3.77929
3.08183
2.85682
7.3724
7.57408
0.942167
3.13371
9.07802
3.98559
4.86241
2.68444
3.094
6.19479
6.4802
6.56518
3.52943
4.41751
4.79901
0.534487
2.16488
0.369024
4.21308
3.07806
2.60104
5.54157
5.71553
3.71008
4.26246
0.123229
3.03315
1.70504
4.08963
2.16779
3.72077
9.4248
6.8119
6.62008
4.85023
7.6991
3.72321
3.12077
17.2753
2.81605
2.28795
7.717
2.69977
0.762796
3.17156
0.629104
1.64576
2.69503
3.20279
3.61862
1.04887
5.48028
3.76009
3.25093
4.99834
1.49557
2.00392
1.34646
0.459763
1.65914
2.17074
3.54568
3.7859
0.936488
0.711611
0.877709
4.35355
2.67056
3.63408
10.2952
2.55424
5.61225
3.80286
1.92764
7.87959
4.93865
3.69191
3.09165
0.556726
1.40585
3.30696
3.06358
4.62237
4.97382
5.62099
4.74737
7.14898
3.57214
1.40451
2.8989
0.343191
6.4013
3.4409
1.84248
9.71957
5.68764
3.09027
6.69534
3.36129
1.5483
1.34129
5.19168
10.1748
4.90303
3.43599
3.14033
2.71578
0.938512
6.58036
1.55101
2.0044
5.14131
1.17919
0.904093
11.6369
5.07524
2.61959
8.05702
1.8079
5.34971
5.7909
6.26686
1.85233
3.91067
0.386925
2.41499
2.02382
2.78226
4.02146
2.87336
1.41906
2.0178
3.59782
2.91982
2.0436
6.98953
2.86749
5.24577
0.586417
0.484175
1.37336
1.21569
1.77773
3.82563
7.33826
4.78359
1.96453
9.52115
0.41552
2.25795
6.22525
3.89187
5.73631
1.17504
2.58611
1.1265
1.95206
3.0026
8.96735
1.17404
1.33543
12.8485
10.2683
8.49606
2.61296
2.24987
0.281056
1.93911
4.71944
2.60525
4.75299
8.43394
10.2585
1.3633
4.47406
4.09814
3.35828
3.17838
0.84823
7.60498
5.30432
2.82655
3.65237
8.39337
1.26977
11.678
2.77969
2.38911
5.20311
2.04647
1.97409
4.26757
2.7181
1.34152
6.81559
3.36768
5.21714
1.91566
8.89807
5.83115
2.29813
1.49779
1.15038
6.41859
3.74204
3.0651
5.57675
3.22299
1.33579
3.29658
4.97008
8.43535
0.840003
5.23733
8.59771
2.50312
3.17497
14.1184
2.61638
2.68334
8.46519
6.73478
1.9928
2.89821
2.92727
1.79352
6.12343
8.32682
0.886484
3.01777
8.30174
1.98993
4.59
2.19817
2.9557
5.76336
2.00153
12.5294
12.1337
1.47518
1.2855
3.08886
5.89325
6.66108
3.57484
6.47916
5.02646
5.71645
3.78011
3.34431
7.12704
10.0654
2.43835
5.77776
2.72828
2.58083
2.00609
2.04741
4.42851
2.92134
3.68271
2.61396
5.30436
4.19873
1.70428
2.97888
3.28043
2.37373
1.08804
5.84288
1.60901
3.46011
4.65703
1.41592
1.56666
7.07191
1.88441
3.34861
1.62311
7.72635
6.60918
4.47141
7.16288
5.45882
3.41418
1.82803
2.54376
1.41469
5.91945
1.38728
0.637963
4.46678
0.0829029
0.834652
0.469957
3.76544
4.40938
7.51002
10.4028
1.4517
12.3391
3.3081
2.62402
0.981909
1.2733
2.11775
1.84211
4.90772
2.42448
5.09689
3.42431
3.03571
10.7722
2.92558
1.79376
4.45209
3.72191
2.36136
2.41539
4.51928
2.35935
12.9364
3.89266
1.76502
5.17636
3.01389
1.15743
5.82496
4.0329
0.124045
0.793959
6.81047
3.76096
2.76076
1.10482
1.8478
4.23113
0.927922
10.9706
5.1924
1.16573
4.1844
3.0826
7.50828
3.91412
1.09533
3.62277
4.76427
2.06627
0.789419
1.50802
11.0839
4.05971
2.94245
7.85395
1.81777
3.61398
1.28749
4.80861
6.03487
2.86044
1.57116
1.88145
1.58202
0.717334
0.879379
0.1684
1.89711
1.74427
2.54694
1.92989
7.90119
1.76115
3.11784
2.13074
5.1995
0.593104
0.693757
1.35699
5.07757
3.72074
1.50329
15.8172
2.70728
2.54427
0.488862
3.35573
4.46415
14.4258
3.08183
0.607298
3.49789
0.749247
0.990026
3.03177
8.20437
4.41414
0.659393
2.92243
5.00903
2.94863
2.30223
0.95081
1.59173
3.39952
1.10901
0.916075
10.485
5.93052
0.659072
2.46457
1.97924
3.0471
2.1215
2.47334
5.43139
0.728301
2.72491
0.566785
0.893998
4.6514
2.27288
4.7658
9.91864
2.42745
12.0561
1.89021
1.70689
2.72869
1.7901
1.83074
1.68347
4.57672
3.01407
2.57044
0.352078
2.23486
4.46168
4.84749
13.3561
1.78785
5.70132
2.52225
2.58005
6.34093
5.78655
2.81644
3.83604
5.31565
1.22994
1.5031
3.3169
1.42067
5.16408
7.65845
7.93118
1.39824
1.36472
0.895102
6.45614
0.837153
4.75742
2.13493
6.27974
1.23464
11.9172
1.51169
4.30123
1.1313
3.75598
2.79799
4.83324
8.83667
8.8297
6.01705
2.20654
3.4595
2.60949
1.49369
1.76768
4.30419
5.21303
9.90708
3.68345
2.76414
2.0675
5.38576
7.70788
0.62953
3.29445
1.96806
4.61523
5.4194
1.39136
1.59387
2.79902
1.19373
2.86624
3.70345
0.677591
2.10219
0.605229
2.32714
3.38202
4.13183
2.69369
4.00441
4.91781
6.55446
2.32484
6.36196
4.88852
1.70484
9.22761
6.38851
3.17187
2.08202
2.27383
0.614118
3.46444
5.83492
0.90001
0.927103
5.18462
2.82575
1.52225
3.90868
2.5863
5.1169
3.48774
3.3812
9.5059
2.8419
5.2881
1.55388
10.0539
3.19196
9.16368
11.4233
6.61925
1.96471
3.8768
2.41497
3.85956
2.30687
4.16953
4.50869
3.15534
2.41559
3.82
4.79367
1.3887
0.622077
1.70116
8.9218
3.55134
7.37714
4.32643
2.33393
9.47548
13.6178
4.20473
13.456
0.754998
5.65713
4.62476
1.89771
0.887675
2.74906
2.14499
1.87819
12.1039
1.11967
3.15592
0.889627
3.25996
4.12862
2.31026
1.68817
2.78443
9.14538
6.9109
3.90364
3.6001
5.02604
8.99379
3.44004
4.2275
2.70421
2.73733
0.112028
5.27869
2.71918
1.28057
1.64966
3.8479
0.78678
0.988657
2.63519
3.03516
5.31192
2.57488
1.99177
4.28973
3.31243
1.84279
5.46321
0.734854
1.66194
3.58338
0.101684
7.90738
3.64701
8.4004
1.20963
0.737638
3.33461
5.92343
0.616349
8.72611
0.611048
3.44529
0.759127
4.96418
4.27694
4.11625
0.070796
1.01668
2.87244
8.41487
2.29595
2.63858
0.685718
2.31974
0.14297
7.50021
5.6009
5.4059
2.77761
2.48391
1.34314
4.49343
3.70167
4.11188
6.77822
5.29445
6.10367
2.20453
6.03152
3.11994
0.978131
3.46251
2.67542
3.75847
4.18534
0.574332
0.475161
3.84901
2.43575
2.30148
2.0927
2.52263
1.64155
2.07329
2.68927
16.8269
0.578027
1.56591
1.09773
1.15984
1.59591
1.94251
2.84396
2.22033
3.27236
1.81177
2.64181
5.37902
9.66841
4.78326
1.16647
2.79826
3.39902
2.18807
1.03933
10.4224
1.19207
0.58725
2.12933
0.804757
10.0046
3.24573
3.31711
9.41444
2.89753
8.97239
3.60863
2.61313
2.56717
4.92492
3.9802
5.01442
2.29342
5.88266
1.41236
1.08704
3.7519
2.65678
5.89024
3.40675
0.851268
7.29932
4.48289
1.35222
1.9896
3.21672
14.4103
7.02879
0.490191
2.89128
0.880985
1.11302
2.9928
7.09636
0.23376
3.68027
7.95343
8.80274
10.5136
2.08306
4.95192
1.89089
10.9957
6.85653
2.22499
2.79197
1.36985
4.1867
0.802775
10.6933
3.79098
8.6913
1.29747
3.45066
8.70918
2.61659
0.601104
3.31859
2.28296
1.17659
4.96044
1.05898
2.90153
6.69697
2.47565
3.36907
3.46217
1.23246
0.806651
0.960216
3.34771
3.71384
0.920249
5.05158
2.44334
4.10699
14.7173
6.36894
7.43258
1.7194
2.46414
2.50691
8.28868
1.36088
4.67749
1.95873
1.65028
5.45955
7.4735
3.21789
3.14751
4.8742
5.21283
1.6311
0.955387
5.30231
4.82732
2.15904
2.44335
0.911569
4.92527
7.48897
2.81051
8.0172
7.72144
3.27296
0.567825
1.6494
3.44973
0.417453
5.75987
4.48483
4.39873
0.261785
3.45422
3.17332
4.08825
4.56774
3.38706
7.77859
0.913213
0.678516
3.42272
2.86093
2.31165
0.839633
2.3498
0.375401
4.5429
1.49903
4.12219
6.00895
0.779442
7.52789
1.48653
1.09815
1.75735
3.52026
3.26397
3.66973
1.94671
1.81293
1.93211
2.21187
0.751394
3.5921
4.25357
6.59382
3.26963
2.63909
1.41335
6.21769
2.07978
6.32709
4.41358
1.10316
3.57621
1.51144
6.39037
9.34235
1.33552
4.20485
6.40101
2.15519
2.73339
8.92148
7.45085
1.54848
6.22456
5.16032
0.738556
3.25279
9.2698
3.47285
1.02609
4.19991
3.45091
2.90174
1.19685
1.92373
3.59166
8.20141
0.963011
8.72832
5.64385
3.03411
0.653466
2.40742
12.6794
0.913447
1.68166
1.47437
4.6453
1.15324
5.06712
0.161381
3.07212
11.0341
3.34194
3.25451
3.74633
2.98221
2.5263
5.29675
1.87319
1.48293
4.8659
0.676572
1.12682
12.3924
4.08943
4.48491
5.8861
3.83726
5.24127
0.768224
9.1433
5.98444
3.48473
8.36651
16.9738
2.02352
3.51286
4.03861
1.53973
4.28055
7.39456
7.60172
3.81121
1.48982
0.979546
7.24177
1.51701
3.61232
5.29389
3.58883
0.971414
3.34301
3.96649
2.33899
7.22128
8.30331
2.42011
2.33777
4.80129
4.05807
6.24484
3.52243
6.14146
1.09782
5.79082
2.1597
3.03
6.66385
3.56393
0.865003
1.90005
0.936846
1.48335
4.08112
3.10622
4.15804
0.348327
6.55016
4.63939
7.31864
1.76739
4.03665
2.26696
13.9877
7.30421
2.625
0.0986441
0.842659
0.431846
3.36653
5.75381
5.48518
3.69133
0.388002
6.71491
6.76647
2.32748
4.08306
2.35068
5.89732
4.28332
2.77578
9.64197
3.51771
7.71295
15.241
1.49383
1.81455
2.57498
7.28752
2.44435
9.30109
2.26748
2.52169
3.11893
3.45792
7.34497
2.9847
0.405918
10.4875
4.54758
1.87312
12.5531
2.54981
3.09767
3.88895
11.1687
5.69594
2.50705
1.17254
1.42494
6.82816
2.07527
3.67292
0.693002
13.3083
1.81345
3.41814
6.35432
2.96359
1.80622
3.84484
0.832318
7.2447
0.66075
3.29057
1.06743
6.22027
0.640108
5.36122
2.39411
1.69943
3.67212
3.06089
3.99994
6.77439
2.35233
3.99178
2.18118
2.39048
3.04886
1.87139
0.582159
10.9796
2.67946
2.58566
3.6888
10.5794
1.29367
5.69466
2.86891
5.90822
3.02416
9.48611
2.62842
7.93253
8.06001
4.29846
5.44933
4.77799
0.435999
2.82487
6.48375
2.52037
4.33325
6.1543
3.51197
2.54212
1.33023
1.40366
3.95301
4.46015
6.76401
1.45884
3.143
2.46863
6.01094
2.26725
9.45393
5.58766
6.42527
4.43491
2.1843
7.06495
3.68936
2.49643
1.357
0.392321
0.795755
2.44793
6.36758
2.5425
2.40836
6.64678
2.40709
2.67301
1.97912
3.10072
4.85077
7.1062
2.47794
2.75782
1.53857
4.37395
2.25044
2.31396
8.59843
6.05992
0.540852
2.78971
3.32179
2.37471
3.58015
0.544019
0.956203
3.42553
1.71461
4.92535
2.16087
12.4975
5.9973
5.36919
12.788
5.17733
3.97996
5.38657
1.3093
8.48459
1.63657
1.89605
7.0522
2.17428
1.09602
3.55279
2.83574
0.835102
8.32406
6.60046
2.93847
3.00027
5.3403
5.57532
0.570889
2.86758
3.97297
2.36417
1.5787
5.65292
0.12757
2.65668
1.96911
4.4898
3.8326
7.41114
3.61467
6.33047
2.4092
1.17689
8.30162
4.01431
1.39667
2.41957
1.33271
8.21223
4.20021
3.74829
8.31641
1.79264
1.24756
1.60501
3.11468
1.90666
2.3526
3.31107
7.67556
1.84191
3.90841
1.53462
1.68909
4.65213
3.48588
6.50866
7.36021
4.92202
5.60983
1.76302
3.02146
1.30834
0.718125
7.45001
1.26687
1.7451
2.66619
1.96279
4.96462
1.4116
5.10955
7.21283
0.650318
4.41426
3.95426
10.4803
2.44598
10.7918
1.57686
6.43471
13.5873
2.9543
3.50094
3.78402
2.96527
1.1446
7.48421
2.35942
3.29208
7.73666
2.71081
4.87261
4.32412
2.77037
0.827106
1.33588
3.88524
3.45728
5.88158
7.8465
6.52809
2.9046
4.28629
2.85858
16.715
6.3593
3.01451
1.52027
0.280176
5.84598
3.02604
5.20028
9.16527
0.973814
1.43426
2.35272
1.11783
3.83528
8.68143
4.09963
5.41872
8.56215
5.67263
3.00899
2.8617
3.7379
3.48084
12.4027
4.00094
3.80502
1.35177
1.34806
11.1369
9.3128
4.12879
6.33195
6.04286
1.94861
3.3496
5.45241
0.968298
5.06314
0.220595
2.98884
7.00435
4.291
6.38051
9.30057
1.76727
1.50075
9.86278
6.2637
8.93121
3.60102
1.39187
2.84025
0.616697
5.6025
3.11523
4.01332
4.18692
4.19052
4.10739
7.99908
3.20214
4.61108
0.482572
7.82588
8.59613
2.53799
2.03314
2.25535
3.51911
9.36522
5.009
1.5247
4.25157
1.3311
6.90784
10.3942
4.3903
3.88592
1.87374
1.4767
2.2667
2.18047
5.67151
2.88342
3.2101
0.858496
4.97744
2.33098
1.30829
5.01008
4.82792
4.28028
1.53902
3.13489
3.58861
4.90143
2.47034
4.47055
5.04718
2.49018
8.3577
0.493359
2.74235
1.1409
2.40306
10.1247
1.61403
9.28757
1.33041
1.45513
8.39284
3.21944
1.70831
3.12828
3.87082
5.86342
1.95578
0.996282
1.70293
0.372933
2.10504
2.42093
3.97364
5.96412
1.72181
7.26785
2.89248
5.04097
6.81442
3.49455
0.651631
4.59102
0.871842
1.55681
3.52915
4.4103
2.94117
0.852666
3.48265
5.23599
6.40457
4.01655
0.991814
3.35365
11.4469
0.262894
1.94684
1.81992
5.80777
1.57322
2.94278
2.18503
10.707
1.63291
7.736
2.17483
1.98046
6.99082
1.61893
4.39245
2.64248
1.04647
3.2873
7.27323
3.27522
6.62843
4.7625
2.1823
1.92281
4.53566
1.88218
1.99539
3.29043
1.98576
6.30245
7.38643
12.0379
5.66012
7.29719
0.709939
2.22724
2.47334
8.09262
7.22872
2.36228
3.9364
0.858986
0.279403
6.10208
5.86999
6.0641
2.26847
5.44096
4.45912
0.657959
13.1544
5.99769
0.929465
7.18818
1.85328
2.89366
4.13765
3.09663
3.06799
7.11372
3.19008
11.2467
3.63815
0.578871
4.22662
1.47299
1.46051
1.32056
2.51817
9.56396
1.38094
0.924735
5.66546
3.91707
2.07349
3.57182
1.38879
5.16781
2.99873
3.26601
2.08133
3.73343
0.938025
5.36678
4.4598
0.171904
1.55058
3.13177
7.31166
1.91406
4.44143
2.12894
1.30986
4.1609
1.63681
1.48281
8.93172
3.9935
2.70021
2.33264
2.91496
2.19229
4.43555
6.98634
1.58284
2.6519
3.23863
4.96148
0.66136
0.0770548
0.204435
5.84059
1.47049
9.39032
2.41991
4.16829
3.39994
2.55196
7.0011
3.09039
2.55698
5.74295
3.39341
4.98086
1.19155
1.79895
6.57786
8.42143
1.46421
3.39199
0.694561
10.6828
9.15768
8.47942
5.18553
1.47139
2.0587
6.83346
2.60103
1.4604
3.34935
1.71167
1.21607
4.97869
3.39097
5.38684
5.0974
5.62538
6.1301
2.66123
2.51878
3.5236
6.2664
4.11824
2.68596
4.14201
0.776131
1.86849
9.07463
6.69664
10.5317
10.6117
3.62353
1.7435
4.61435
6.23705
4.16766
0.486798
4.08845
0.916733
1.42658
1.84451
0.198731
11.273
3.85444
1.44087
3.63725
4.56946
3.36096
7.14973
3.08336
0.159281
2.39028
6.54653
1.68149
3.02724
1.25627
5.84167
1.13032
10.7273
6.07397
0.899207
2.86492
3.39202
3.69999
4.86587
3.89704
2.20295
4.47005
11.1588
2.44658
1.25338
10.5793
5.85659
3.73158
4.28139
6.46472
6.16661
1.0499
7.80363
5.61403
2.65726
1.05122
6.77726
3.07972
3.62834
2.96863
7.50066
4.63358
1.97184
8.86362
6.93319
5.29527
1.70377
1.48955
2.42428
3.99893
4.37421
3.86812
9.33701
11.6679
1.43581
5.27666
4.31078
7.21269
10.9704
3.39823
8.06633
2.61902
4.44217
3.59018
1.58041
16.2015
4.71196
1.57657
6.43011
0.724948
5.26532
6.67438
2.84393
4.20253
2.45254
4.10308
1.90563
7.04047
5.84707
2.35982
1.08813
1.49505
7.29574
5.05711
4.30664
1.91497
18.4935
2.51022
2.96536
1.81506
3.01145
5.74724
5.11616
1.47249
3.31255
3.45604
10.6679
6.3242
8.31414
2.06819
1.30366
9.60936
5.44044
3.07036
16.8392
3.23918
3.69036
5.17795
3.56564
3.32056
7.91367
0.984698
4.86967
3.4076
3.19708
8.70093
3.04792
3.00848
3.80636
1.08606
1.16489
1.78284
0.567347
2.95082
5.45283
6.6866
3.9063
1.19732
5.35409
2.28158
2.33524
6.14629
8.53541
2.32121
7.89341
2.96075
2.8189
1.7799
5.08639
1.03459
2.59026
3.65925
3.3297
7.37023
2.71701
2.22849
5.28442
3.93172
2.59737
0.385381
3.38306
5.24317
1.10977
0.400166
1.16208
1.70109
14.0524
11.6803
5.66236
2.46075
11.859
3.19083
3.51173
16.1092
13.9849
9.63418
4.17254
4.17669
2.2486
2.08097
5.52039
1.70457
3.28444
5.48426
3.36034
1.25741
2.57043
0.907436
7.58755
6.36531
7.47603
3.66285
1.10733
7.51432
6.05543
2.63833
2.44194
8.15957
9.99985
7.14302
4.11501
3.66119
0.605099
2.9216
4.96258
15.7438
3.94834
0.748612
2.13648
5.36976
1.38698
1.01782
5.0724
1.74165
0.702751
2.48761
2.89433
2.00164
2.13359
2.21573
1.96282
2.54455
4.28827
2.8663
3.10302
1.87018
1.79703
3.70576
2.00092
1.57744
1.57423
3.43426
3.31841
11.5251
13.2842
4.30398
5.81858
10.4603
4.53035
3.18863
6.86612
5.63784
7.64967
2.89363
1.82318
3.17949
3.49458
3.72238
1.46027
7.15063
1.35672
2.46837
3.98754
2.52874
5.33586
0.928679
2.64273
0.783128
3.12966
6.46092
2.54183
4.17665
3.66632
12.3542
12.0209
1.55685
2.32458
4.9242
4.35618
0.164696
4.39501
0.649184
4.59653
3.32261
6.93383
2.75034
2.08752
2.06339
1.95041
0.207617
1.22642
2.39745
6.59548
2.6291
10.6714
3.35292
3.74058
1.79995
0.512147
0.805435
1.33473
0.215828
0.262601
0.594653
4.02064
1.1487
1.10798
5.03971
2.30507
2.6654
5.91014
4.43057
1.11082
2.15998
7.35569
4.23131
7.38473
2.14601
3.20587
6.9509
3.85538
2.89338
3.07574
5.75155
2.26849
11.9213
1.85923
6.19149
2.11744
2.62468
2.20729
4.39905
4.39507
1.33293
4.77953
6.51893
2.38252
6.46329
0.180257
4.75577
0.95244
2.69621
0.841408
6.56351
2.10407
3.06719
1.34975
3.77356
2.24709
6.00904
5.137
4.82842
4.5113
1.08729
1.26048
4.08
3.77128
5.94129
1.93283
5.35931
8.8035
2.47007
1.30009
4.22232
2.50631
3.44759
5.94415
2.86019
3.59919
3.64641
5.64914
4.9624
2.18291
5.02246
3.22246
0.442995
2.58822
1.07028
1.0742
1.96099
0.587965
3.00727
0.336706
7.41365
7.17179
1.01152
7.56252
1.58452
2.20852
13.7136
6.34647
0.686607
3.44204
2.29926
1.04152
6.98548
2.15427
1.10828
8.66198
1.91115
5.48115
5.30577
0.781661
1.05614
0.680838
10.5092
6.62738
2.66624
3.42335
1.0002
1.10474
4.64314
3.52756
4.61887
6.2657
3.74699
3.09749
2.18297
9.26334
2.94246
2.69389
5.81479
1.23095
3.70831
11.6881
5.44429
7.0859
2.9707
1.88268
11.7503
6.44827
6.16064
3.18108
7.14747
2.95654
1.62479
1.68501
3.65808
1.44505
0.990283
9.83302
2.41573
3.18965
3.92444
1.69644
1.20664
5.18306
1.67885
14.9651
4.33622
14.2968
0.961951
5.20843
3.02412
6.45219
3.32783
1.85966
0.576113
2.04948
1.30797
1.07685
6.26942
8.23433
1.72178
4.34925
2.86115
1.41117
2.62991
2.94282
3.81752
10.5483
0.965559
2.67262
2.40012
0.796428
0.918199
19.9904
0.948588
15.848
5.53099
3.48709
3.37888
3.00679
1.40329
0.561978
1.98791
4.42926
2.76802
0.510112
10.1947
5.02771
2.32495
4.81041
2.94121
1.21379
2.56267
0.793222
1.31719
3.90454
2.35875
12.0003
7.87598
0.886423
4.22703
6.34695
7.55455
4.19435
5.32442
6.26519
3.52529
1.80193
4.04453
6.15672
2.1019
5.26621
2.7785
4.41021
2.55514
3.74227
2.87436
4.71417
0.607503
5.87533
5.83737
3.91098
7.39263
3.46423
4.63377
3.33552
4.45051
0.778039
2.53227
3.35808
7.17329
3.73947
1.79267
5.1905
5.35872
4.54045
2.59611
2.59718
2.40302
4.38907
6.91915
0.616544
0.655955
4.45043
12.0266
1.28095
4.35712
5.81692
10.0409
4.00953
1.43926
0.676504
1.42119
0.866979
8.84226
3.02827
3.11846
1.21074
6.66472
3.23832
8.74677
2.62593
5.46819
2.26477
5.6365
5.09799
0.617811
8.21537
0.516258
5.56114
6.70045
0.492871
0.994072
9.34382
3.17763
2.15806
2.49335
8.35495
4.46316
2.50008
6.90748
1.78855
3.50033
6.35388
8.01424
9.25594
1.30182
2.89849
7.24537
1.97179
1.56772
3.13755
5.61304
1.92154
1.23652
13.8217
9.86765
1.52877
1.69636
8.24786
3.25512
1.13215
4.18712
2.17129
7.17329
6.08535
8.03639
5.16872
5.09725
6.68692
1.62777
6.08545
1.678
0.90016
1.50308
1.79527
7.51375
2.95049
3.66628
3.94303
5.97091
6.81497
2.76133
9.6902
7.80365
1.89517
2.67281
8.12469
4.78407
3.53916
2.70033
7.84838
0.413833
5.22203
2.89289
3.11904
4.65932
8.87415
4.07164
3.50441
1.48982
4.64255
6.65229
1.2379
2.75247
1.2434
4.8729
8.54518
0.739795
2.22995
1.42615
1.29586
3.29642
4.62608
2.10208
8.84231
5.57191
2.73083
12.2403
6.89192
3.84131
4.38237
2.061
6.44514
3.02241
3.09383
2.5698
10.9223
15.0504
1.3412
1.13461
1.75209
1.77841
4.96729
7.8276
3.58498
4.46202
2.06862
1.5723
0.74375
9.98425
1.14366
0.585348
6.96473
2.84853
0.607082
6.37298
3.56606
0.675124
11.8091
3.53501
10.7811
10.4789
7.61887
6.25406
4.30076
0.545059
2.15714
1.26711
5.11155
3.28689
3.53202
11.4003
1.78921
6.25354
3.18687
8.21506
5.94604
3.00095
2.39932
2.04628
2.54645
4.3654
3.5138
0.60387
9.28724
7.03965
3.51654
5.28794
1.13914
2.82449
2.20323
0.628015
1.50155
6.63091
4.90289
5.81832
3.32387
6.5343
3.97726
5.57386
2.34946
1.33139
7.5409
16.531
6.97236
1.09722
0.417521
7.03538
4.61289
7.20826
3.14385
1.93309
4.13374
1.29978
2.93083
4.07629
1.86255
2.32485
1.36314
2.44982
9.93022
0.439587
3.50609
2.76474
6.99149
4.8671
1.72916
14.9654
1.93191
5.44908
10.5619
1.04606
2.55963
8.41452
4.62111
3.89402
1.89664
2.61518
2.60959
9.58629
3.6863
1.55352
4.87206
2.88909
0.141885
4.52573
0.748833
0.325337
4.17543
0.235578
1.62688
3.98979
3.80844
2.96764
0.538025
1.17917
4.91863
11.8109
2.37867
5.19643
1.15295
5.53795
2.69593
2.38164
1.78814
1.93442
3.87398
0.815745
5.70981
4.09836
8.17849
1.76516
1.67716
5.98872
8.44675
5.42264
4.28893
3.54544
2.36579
2.29702
1.89306
1.32424
7.71871
8.88542
6.66589
4.775
4.06854
1.29509
2.35426
3.70101
4.18359
13.5862
1.64054
2.19347
4.79639
4.15035
2.80365
1.37416
1.92951
4.54899
7.42846
4.72157
0.944079
2.00913
3.31908
0.142088
2.94135
2.62053
1.72417
1.49541
2.71105
4.71768
8.7899
6.02047
2.42783
2.46241
7.94237
8.97702
9.13467
1.76872
6.38356
5.9572
3.34857
1.99271
1.81618
1.27532
8.62779
4.10533
3.48645
3.16776
4.86706
2.0069
3.5179
1.44421
5.38265
4.65042
2.80746
6.87748
6.01811
8.36355
2.30343
2.6512
0.479007
1.12064
1.47435
1.29275
8.4869
0.238137
4.98714
5.8399
3.37598
1.1726
3.44943
1.69907
14.2973
2.73634
2.47499
0.805195
2.1927
2.62518
2.08638
5.09478
2.28536
2.20392
2.10611
5.24065
1.25029
5.06999
2.84052
1.7545
9.92173
5.05809
0.665392
1.72435
4.59772
7.79548
7.44721
2.92742
3.47669
6.8065
1.22953
3.162
6.94621
7.96197
0.395348
6.1068
4.63173
3.76655
2.46765
3.26843
1.17101
2.36569
1.53692
3.41124
12.1204
1.36883
2.71183
4.14363
6.96413
1.63281
2.619
1.57788
4.00331
4.57795
5.69964
2.7262
2.81352
3.4072
2.20924
3.32614
3.66687
4.8241
4.08323
9.12339
2.11621
6.1766
2.65536
2.08211
9.83876
1.55943
0.618453
4.71954
3.52129
3.94186
5.04315
5.93623
1.10977
6.2838
2.64656
6.0473
2.33638
7.25116
1.67021
1.78352
2.49973
1.0331
6.60963
3.10515
5.6389
7.74666
0.361339
4.64937
6.01762
0.148799
1.17522
3.40105
9.45502
2.81161
0.679204
1.25227
1.42553
9.88844
4.01583
4.2951
6.34178
1.55528
2.52931
0.382006
3.73752
1.90778
0.708837
2.11894
2.58111
5.68146
5.2526
1.13813
1.85167
4.71258
2.52362
2.74344
2.02681
9.2107
1.4755
4.31118
7.16109
7.20191
4.74504
6.73082
12.1532
4.57982
0.95626
6.64112
2.61971
3.93796
7.56539
0.740912
1.35783
3.64188
2.15027
1.77404
3.34694
4.11046
3.51602
4.58666
3.87062
5.53783
1.17233
4.29141
3.37723
3.63276
2.41136
3.39966
2.51175
5.93331
4.55901
12.1622
3.56605
4.86571
3.10156
1.16735
2.58239
11.5671
4.03725
2.0157
1.42837
12.5407
2.41575
7.69717
8.00307
1.45021
4.29016
1.26152
3.22975
2.64167
1.92271
4.49181
2.75287
5.04972
0.45234
1.0924
4.19829
3.49206
6.30083
2.51905
0.546646
2.59827
4.92421
9.33449
6.56591
1.53531
5.5285
3.61856
1.60701
1.13766
1.37945
1.28333
4.76348
3.64467
3.44435
1.2414
3.52834
1.17615
8.59707
3.36395
0.89115
4.41134
7.05106
2.52073
7.65408
2.25205
9.47393
2.08857
0.943156
0.252274
2.58337
4.31671
2.17502
1.90371
0.090855
5.50548
0.962182
3.4167
4.51992
4.27065
2.3335
5.07214
3.59222
8.8683
6.88658
6.30938
1.88366
3.25586
7.22799
1.84711
1.37864
7.23933
6.16805
4.74993
3.35286
4.47326
7.35898
5.91396
4.7947
4.08872
3.17075
1.74971
4.57422
1.71519
14.2663
3.6248
1.50798
1.86569
12.1444
1.47288
1.13434
0.829507
3.25555
0.18302
2.12485
3.0989
1.20926
2.17508
6.75752
1.73472
3.55571
4.40418
4.30087
2.00767
0.906401
3.27296
5.59595
5.32105
2.29025
4.42737
3.98018
1.10086
7.69959
8.46114
3.72352
2.64804
2.98858
4.47564
4.11633
2.35426
6.08093
1.89733
4.96231
0.683536
10.3683
3.70385
2.03581
2.85002
4.44095
9.128
4.51399
2.46903
18.0336
0.295286
2.24111
3.07587
2.25914
11.066
2.56585
4.95322
5.03465
2.71906
2.28892
2.19948
2.7353
3.10908
1.14851
5.25982
4.52811
2.14111
1.00078
8.2329
0.682096
3.12669
2.3782
2.61183
5.17093
5.22521
1.72373
8.39547
0.577014
3.53855
1.58177
3.95784
1.06846
1.02698
7.26619
12.253
4.01243
0.89792
2.17831
6.8864
0.390912
12.7279
4.9727
6.26317
6.95191
3.57949
3.38085
3.39133
3.41701
5.25436
1.34104
3.16499
3.52347
2.06254
6.71872
1.52056
3.79297
2.13551
4.30684
1.25746
12.4294
6.64298
4.40172
2.97842
10.485
8.09971
3.93432
1.42442
0.889773
9.68417
7.86528
1.94266
3.41136
0.540125
7.59869
2.27967
4.46185
2.08748
6.06285
4.48701
2.29161
1.94362
8.03007
6.64663
0.626251
2.20757
0.502664
2.01756
1.85118
3.83028
2.83836
3.00088
4.13965
2.81493
5.65155
2.67675
1.54026
8.79862
1.57556
2.85051
4.03601
7.26674
2.15818
1.23373
5.5576
7.14984
2.48812
4.04574
3.22479
1
6.93233
0.855682
6.18769
4.35101
4.0298
2.99969
9.99824
14.3358
1.22041
6.14369
2.7875
7.2826
0.565967
0.974077
1.40539
2.04908
2.8762
4.05616
1.96008
1.65414
3.6757
2.26832
11.1656
1.79058
4.74112
1.69233
1.62679
4.85604
0.722479
3.60366
3.31695
1.83503
7.49781
0.481787
5.01954
2.37559
0.884488
0.981493
4.37857
0.795282
4.48338
2.53319
1.16275
1.92089
4.94505
6.80385
12.2579
11.7182
8.04601
4.01675
1.28629
3.9189
3.71214
6.74533
1.33537
5.6986
5.82995
0.393036
0.313612
3.60086
4.48571
4.13644
1.59211
1.17374
1.04725
0.294059
8.9185
3.28569
1.18406
3.96264
5.81462
1.93976
0.617342
7.55526
2.23058
4.73459
1.76764
1.41007
6.76368
2.625
3.86611
2.47548
3.471
1.72504
7.01078
7.50959
2.98039
4.33881
1.00159
2.76847
1.31918
4.40318
7.77205
5.53499
4.73472
3.2992
1.99474
7.7692
3.83268
3.79534
3.76544
3.24678
3.09776
3.46643
7.85112
3.61002
8.71586
1.40974
0.0740965
0.862132
5.22183
0.210807
8.92579
4.86111
7.07317
6.8841
1.71751
2.04238
2.96497
5.82306
2.77317
3.00169
0.66844
5.10394
3.95409
0.667753
2.73577
4.248
1.86539
0.58917
0.795709
1.03781
7.74348
2.63385
3.43674
4.82205
5.02948
2.8318
0.73431
2.09069
1.67598
4.30223
3.00872
2.38714
2.3463
3.08508
3.42136
1.02793
3.02022
1.03535
3.52581
2.18115
0.512634
5.16615
0.547932
2.54365
10.7088
5.07524
3.44025
4.03837
3.58769
1.95839
3.75595
1.5792
3.69584
4.28584
0.971468
4.31232
8.09231
1.50461
1.31996
1.97328
2.19123
7.34708
8.98763
4.92817
1.08658
1.9695
8.73444
9.09975
1.59061
1.01062
3.0016
1.11626
7.38907
4.02528
2.39616
0.994341
1.01315
1.48508
4.61596
0.629649
2.85666
5.28132
3.43812
1.27436
4.01329
7.41755
4.62702
0.899659
3.64866
10.2447
4.14276
3.42039
3.64286
1.38882
4.53431
5.89187
2.27373
3.31532
14.9173
2.70508
1.85013
2.86434
1.52867
4.74282
2.4682
4.39142
1.54286
11.1629
3.66571
1.89847
4.02762
2.72483
3.02952
12.323
8.29285
11.0663
4.70108
3.9444
6.47721
1.92972
4.46615
5.35142
7.31624
4.95004
0.671045
2.13641
5.97329
1.24583
5.63293
4.24316
1.87294
3.14227
1.21289
4.60857
6.75405
1.86094
2.85445
3.62041
21.3139
4.41547
3.81412
2.47459
1.83839
0.866708
2.14505
7.88137
3.11025
2.91601
11.4062
1.41532
3.05669
6.04263
2.84101
2.3435
6.63183
2.33429
4.54513
6.55912
6.72089
2.33162
2.17652
5.30255
0.625503
0.962586
4.43109
1.78413
1.36378
6.8176
1.94534
7.32304
1.26875
4.34367
4.31703
7.09326
5.87588
5.16631
4.57518
3.50554
1.26569
10.3168
6.41508
2.75956
5.6901
7.33734
2.70442
7.17418
5.41225
2.38086
0.73811
0.388599
2.55783
0.652369
11.7721
3.32484
2.47422
3.94599
2.24434
7.9749
5.53036
2.12373
6.83962
0.847791
0.240332
1.25682
1.37552
5.47676
12.6742
10.7817
1.92922
3.74388
1.95885
3.32787
3.65322
6.03853
1.47696
4.6401
7.43113
7.17742
4.04149
1.32975
0.793918
6.15477
1.32185
5.75633
4.46026
0.807801
1.93872
1.04956
1.96265
4.22851
0.88703
2.78296
5.65802
6.0436
2.74295
2.44392
4.12584
5.24218
10.3579
7.81645
2.91357
3.60016
1.79161
4.7327
10.4503
3.12906
4.30437
2.12611
3.60966
5.97164
0.914973
0.64424
0.62901
6.11694
0.874879
2.32165
3.02273
5.08075
6.46274
3.49817
7.72984
3.06205
3.24135
5.2515
2.48154
7.74188
2.42583
1.86111
6.23632
2.52376
1.50159
2.66239
2.89858
6.58503
7.11283
3.45289
2.49467
6.68206
1.44924
5.51489
12.2548
1.6855
4.1218
5.71337
1.15794
2.59708
1.69738
1.33134
1.12521
5.21227
5.23059
1.53968
6.65503
1.79244
2.23982
2.32514
13.7433
2.81467
2.68086
7.05968
7.3994
2.0774
4.26574
1.91388
6.27689
5.79526
0.484098
7.187
8.08305
6.96269
1.84433
2.53214
4.8209
4.4259
3.72326
3.45653
3.84488
3.51206
16.4758
1.14923
1.69322
4.82031
1.42345
1.42191
3.00418
5.07293
5.33314
1.79922
1.78553
7.69183
6.51863
0.507457
4.50651
2.25836
5.15284
2.43233
7.63465
2.10308
3.13357
2.18716
2.42283
7.47531
2.11579
6.17912
5.33185
6.89711
1.10377
0.395459
4.34497
3.83005
2.84582
4.25431
5.08185
2.43939
3.2488
3.09378
0.164154
1.98025
1.87268
2.00591
5.5445
6.561
8.64787
12.8791
4.67255
2.94718
3.4942
7.9212
0.295158
3.85522
4.42112
5.48702
5.37608
4.99997
11.513
4.11049
5.52717
7.30126
6.032
0.496038
6.79509
2.40957
0.545081
3.51574
1.65522
7.21418
3.91348
2.673
2.92092
8.42775
6.15701
3.31441
4.75255
2.45688
1.86373
1.37029
1.74174
1.11734
2.27132
3.24615
3.96238
4.20039
4.31735
1.31746
8.92056
3.26891
2.80308
5.44084
4.66141
1.1461
5.32871
11.2702
2.03182
1.13564
1.44035
3.37929
3.68002
5.733
2.75588
0.649081
3.9193
4.53401
5.05578
4.73714
5.8603
2.72083
4.12321
1.62599
20.7673
8.94018
2.03376
5.0663
4.50603
3.62692
1.83268
1.72629
2.15843
1.59052
5.19778
2.48687
7.64289
5.23898
2.95039
3.59541
5.48092
2.60359
5.21147
3.41453
9.34502
6.61255
3.82893
1.15242
2.7901
8.22174
2.34082
2.103
3.57345
2.62418
2.0239
3.28745
4.94065
2.08515
7.11215
0.689725
4.24201
2.69397
2.01773
1.40095
0.809101
1.09331
1.7942
6.27065
1.99514
0.945873
5.7715
3.526
4.14926
3.33276
2.88766
6.41278
4.08062
3.39036
2.34533
5.61671
4.65075
1.42068
3.62805
1.24318
3.66483
6.9762
1.87219
3.98708
2.45137
2.20582
2.12102
1.87953
4.89705
1.06293
1.56556
2.1152
4.72733
0.567402
2.91498
2.44319
4.36974
2.47544
4.76806
5.49742
1.59795
1.26459
8.73803
0.937438
6.15343
2.63688
1.34116
7.80229
0.594105
3.51011
4.75
7.76624
4.98566
3.89909
0.987057
3.7264
1.13046
2.93256
4.26057
1.12408
0.545644
5.23433
3.93448
1.03391
6.09656
9.1405
1.10911
13.2176
7.85086
2.47664
5.47473
0.336491
0.882031
1.20516
1.81217
5.61323
6.17361
3.71026
4.37739
7.29525
1.28506
12.6977
2.93988
2.9571
7.68749
5.09264
4.84005
4.37381
4.27368
6.1454
1.48566
1.9999
4.91688
1.40451
5.42627
4.85628
5.00744
1.71346
7.25195
6.11858
8.53689
1.5417
1.52953
2.52575
4.99945
4.51942
1.15302
4.65135
2.84157
0.866619
2.00937
6.3289
4.4327
3.56067
6.59489
3.37639
4.23456
1.86497
1.78099
4.41985
1.32881
1.76724
4.1776
4.0826
2.9229
5.67029
10.1893
4.18443
0.934434
3.58003
0.121326
7.74077
5.47007
4.5426
7.99557
6.43858
4.07737
3.07506
2.15973
4.98761
0.120847
0.998378
4.49292
1.35794
0.670954
4.88205
4.47245
5.10603
2.48223
4.69834
1.83641
3.1798
7.80962
3.26755
3.52921
5.9053
8.24432
6.85966
2.20533
0.982019
3.67385
10.6972
8.59944
8.20758
5.70852
3.35228
3.9791
5.40128
10.9337
13.7265
4.5761
2.04116
7.44437
1.95967
0.465189
1.58365
1.09232
4.42402
1.06607
0.494414
3.59909
3.57971
9.91709
3.28515
6.01953
5.74945
2.77511
0.759762
2.9068
2.15584
3.09831
7.66995
1.56206
3.54922
3.25868
2.50653
6.14005
3.76802
4.45998
3.71424
3.56767
3.10264
4.62459
1.35216
3.76673
1.6168
13.7427
9.17499
1.24448
4.76067
5.06777
1.05605
8.71692
4.78672
6.0302
4.51345
3.54269
3.96862
3.81944
1.16558
1.60774
0.943231
2.39422
1.65666
7.78856
4.18348
2.25532
5.8527
0.106373
3.73424
2.9789
2.38134
3.81126
4.39448
1.84151
3.25515
1.8264
7.87258
2.98656
1.84897
2.34993
4.56284
8.11169
0.907296
0.966486
8.25899
2.2067
7.27377
2.99897
1.05989
2.62985
0.666941
3.43196
2.58253
0.848071
5.24406
4.11315
3.50636
2.62774
2.84276
0.349679
2.31238
2.57546
1.43422
1.20735
5.27731
1.34984
3.60037
5.18382
1.60952
3.33035
4.48874
1.36433
6.75653
0.822106
3.73605
6.73355
1.98633
2.50132
4.76501
3.62623
1.5561
1.12448
2.05515
2.09974
2.67939
1.6696
5.38217
1.60221
0.981127
2.46207
6.91502
3.45961
5.54315
2.45091
3.56516
4.20251
0.882014
4.09947
0.0118889
2.02659
1.34499
5.07038
8.4109
3.26081
8.58971
3.33264
3.84385
2.41226
1.77037
2.75596
18.4336
1.14163
3.08689
1.96807
3.01262
4.64662
1.68622
9.81706
3.59491
2.18799
7.11817
3.6976
1.95419
8.39506
1.67396
1.42292
9.96852
3.50081
0.788494
5.61649
2.29204
5.30349
11.1416
1.74446
5.55014
3.12918
3.97845
4.9017
2.8098
4.37695
2.44142
3.07434
7.39648
4.58993
13.2168
3.05376
5.12958
7.90843
1.03969
0.278567
8.72503
5.38257
0.750193
4.99689
4.50794
7.98097
2.78705
7.21859
7.18801
3.03425
6.26722
1.9704
2.48165
4.00189
4.92878
3.48684
2.82587
1.27516
3.82373
5.74347
3.2186
6.05171
5.72411
1.12123
1.24146
1.83656
2.70805
3.18178
1.08279
0.801814
0.852759
2.61781
4.18608
3.92094
0.158476
0.703367
2.09897
1.91614
11.5384
6.44949
10.9109
7.78995
4.19371
1.67853
0.501976
2.22767
4.24479
3.96998
4.26083
4.35222
3.07383
7.67555
2.58383
1.93118
9.92674
2.42527
3.76879
6.16183
1.95009
1.16355
2.93978
8.43842
1.97606
14.0206
1.70568
4.33941
1.50181
3.81859
3.83162
0.637094
5.26745
3.05607
2.66181
0.971833
3.86954
4.30148
5.75623
8.69755
3.92797
6.42264
3.41433
5.32519
5.24525
2.22579
4.10958
4.33735
2.45951
4.85456
1.63102
5.08447
15.4294
4.10739
0.81279
4.03786
5.73917
5.95514
0.703279
5.84815
1.14867
9.17618
3.16356
1.41706
3.64546
4.51731
4.66799
7.40795
2.82529
8.60344
2.49864
6.1687
3.25003
5.59395
0.809985
0.411893
2.32091
2.43211
0.981531
4.63727
4.63521
4.41259
3.31437
2.74191
3.35774
2.03163
2.82259
5.94586
5.41702
1.49882
7.95565
7.2676
0.857283
5.36952
1.62548
0.521774
2.01971
3.19878
4.06352
4.78889
3.25666
2.32811
0.898009
3.81041
3.15308
4.65187
14.7615
0.424506
1.47359
4.24837
4.38469
2.83869
2.61379
7.02138
6.07283
14.014
4.86095
3.82348
4.50169
7.96471
4.13537
4.32368
1.91649
1.5178
5.95687
5.57085
1.93403
11.3617
7.06105
8.1058
1.55768
0.0324133
0.955279
4.50963
3.3625
1.91091
1.22471
13.2995
4.36007
4.22595
1.381
1.63355
5.15113
2.48442
3.30431
3.20557
5.47563
2.45643
1.88556
2.94462
2.11875
5.10353
13.7074
6.14785
2.81633
5.04468
4.54716
2.02458
2.81543
3.45927
2.87676
2.6881
3.78283
1.6007
8.37079
1.55663
3.98233
1.39969
4.53673
0.968103
5.23207
3.83804
1.38683
2.20294
3.29588
25.8886
13.6531
5.29025
4.3721
4.57277
7.58082
9.79852
6.81751
2.03801
3.78085
4.40242
4.64088
6.32461
1.57243
7.50826
7.88249
4.27251
6.35843
7.00775
3.69296
3.62348
1.38863
4.85337
1.7349
2.04911
5.77393
8.17884
6.70508
13.2936
7.09582
8.47921
4.2291
2.26702
3.81459
9.65089
9.80501
1.4211
4.76577
4.32111
6.26814
4.07723
0.560153
5.46503
2.85567
1.05571
0.301855
5.96184
3.62507
12.1896
2.80656
0.746339
3.11995
9.60007
5.99994
3.32424
11.139
3.10267
2.31182
3.63462
6.57328
4.11637
1.13192
9.34445
1.41577
2.2799
3.65848
1.27592
7.00369
3.48967
4.5138
5.70295
5.03831
3.78067
1.09842
10.6515
3.48784
4.0898
2.29954
1.61079
0.245179
3.56161
2.25706
3.38171
1.20207
0.224129
1.88585
0.741443
1.99091
3.44824
0.855726
6.17385
2.11753
5.4869
5.18075
1.64832
2.41528
4.2122
4.05411
10.3017
2.74718
3.05232
0.938813
1.2923
2.2885
1.93409
1.4547
5.71955
6.36069
2.80996
2.93678
1.11662
3.05429
0.255372
6.52597
5.32195
1.19859
4.12276
0.570635
2.892
10.6952
3.88119
2.00267
2.46784
6.7104
2.02101
3.18274
2.04149
1.2172
3.77231
4.89874
9.89744
4.05897
2.66852
0.396886
5.23724
5.95556
1.16484
9.29301
3.47765
4.37032
0.45443
11.9825
2.9165
4.96625
4.42201
6.08208
7.22607
3.74346
3.01698
7.12972
5.10873
3.20935
1.78976
13.1453
3.47436
1.53237
0.278408
0.66758
4.43619
1.42898
4.81646
0.821688
1.97874
6.13089
2.57931
3.44434
2.34537
1.84991
5.44982
9.31673
11.7262
0.259197
2.75367
2.59119
5.93017
7.51409
12.1083
5.15538
4.143
0.646984
12.1888
3.95247
9.45157
8.33084
8.00635
3.78673
13.867
0.620818
4.57509
17.8523
1.46481
1.66741
3.76642
1.93955
4.87139
0.704482
2.61583
2.25142
5.19438
7.68804
7.9736
2.23595
2.03578
6.38378
2.69099
1.07233
1.46198
1.91274
3.02036
2.71182
4.35826
3.9945
10.8529
0.315721
2.60638
0.532089
2.12794
2.07548
6.79439
3.00647
6.58923
5.12801
3.44498
0.844873
2.09462
3.50103
5.24091
2.72471
4.46624
3.6543
1.79919
8.06639
6.67259
5.21533
0.730391
0.756633
6.05576
1.06718
15.2878
1.80425
2.08227
3.51536
2.42607
5.85003
6.78809
4.4634
7.02887
6.57312
5.84361
5.60425
2.94869
9.32742
5.58767
8.9633
3.89194
4.37846
0.276219
5.45301
2.09552
2.70599
5.23177
7.83558
16.5382
6.78501
2.8837
4.2415
5.14322
2.34349
4.35965
5.28412
3.45817
3.13805
2.45117
3.56432
3.06895
6.44065
2.31016
5.08795
4.79284
2.3497
0.705308
2.86423
2.29004
4.39163
3.63931
5.76716
4.76189
2.08919
3.66754
0.731354
0.28778
0.782503
3.01801
1.7671
1.95888
3.42393
5.45309
0.455961
0.629707
3.46617
2.5466
6.95644
4.4176
2.12329
5.02407
4.87874
15.4986
1.75017
3.32317
8.88278
1.80638
1.14347
5.43607
2.32128
5.30858
1.9734
0.457756
4.27657
1.92463
8.72635
8.86
1.5621
3.70248
3.84939
2.41928
2.106
4.88648
3.97492
1.83522
1.81943
8.30772
5.27163
7.39759
5.82891
5.1039
2.75252
0.992617
2.17517
4.69843
13.636
3.451
3.60899
2.86464
3.07134
5.03771
4.48299
2.42705
9.76827
3.56578
8.29065
1.69441
1.8989
4.77815
8.13069
1.54096
0.227751
0.625322
3.34986
7.315
2.23177
16.8294
0.125523
1.03845
5.38209
6.1509
4.59075
3.79688
2.09508
1.58255
0.772561
2.89301
7.59937
3.69435
4.37812
0.433637
1.77115
0.720906
7.48592
7.02555
8.14064
6.48856
2.74328
0.898577
6.11202
3.80992
4.53225
3.10144
1.78959
2.23736
6.7656
2.55365
0.57473
3.48487
7.03396
2.41219
1.7134
3.41625
5.94948
5.61737
3.23626
2.63068
3.3477
0.48124
2.34126
9.93227
5.16848
6.47989
1.34962
3.32828
4.32097
2.27836
3.20515
5.06911
5.76741
4.19729
1.13759
1.66459
3.94314
0.355713
11.2386
5.52678
2.37708
2.96718
5.56774
4.69237
2.31112
3.35306
9.24756
6.00037
1.44423
3.663
4.33762
1.443
4.411
1.74132
5.5426
5.0977
4.67234
0.891987
4.82963
13.3069
2.76491
1.73109
2.63049
4.22033
0.635586
12.5985
4.31649
3.76384
2.35475
16.8166
3.50257
1.41496
1.08387
9.30901
4.80281
3.82318
1.65677
5.0624
3.12594
9.40143
2.73591
2.00202
7.51016
2.97633
3.94874
2.04885
0.33869
3.57937
6.26476
2.50985
5.49575
5.43477
4.26214
1.56858
7.12532
5.1349
0.441964
0.914286
4.86591
0.316569
5.4029
0.356732
1.27759
4.7094
1.70717
2.56694
1.81016
5.45225
4.96011
2.14634
4.07995
4.45741
4.92833
0.460922
2.07532
4.10988
4.06662
1.54353
7.44739
2.72989
0.657941
2.46432
4.49296
2.32193
9.57389
3.65089
1.06099
3.79433
5.73396
0.881853
2.77605
1.61329
3.00562
6.60143
0.903174
5.84464
3.37752
7.89781
4.52585
1.38503
6.11039
2.40723
6.02441
3.99131
2.18132
2.51077
7.75008
3.79243
0.650149
7.49496
5.23485
4.01284
2.54756
1.09169
2.78304
2.0996
2.25051
3.71544
2.7573
4.6364
9.59616
1.5592
0.707195
7.45657
1.13873
3.10639
3.35942
0.534015
4.04877
1.68775
1.51639
2.71671
6.12551
6.70152
2.79609
1.21734
7.78791
3.72949
0.470611
3.47804
6.97854
2.10287
3.0023
3.88156
2.10642
1.61058
5.53821
0.870992
1.51525
1.85122
5.52041
2.68554
2.11703
2.68763
5.11185
2.23918
4.60855
0.908388
1.91311
0.48989
1.28168
5.13127
1.44642
0.442722
1.47926
4.96326
2.07822
7.48095
1.45846
6.32546
6.74886
5.48085
3.48608
2.50203
5.61686
10.1342
4.1991
1.36592
3.61886
5.9366
3.46852
2.98693
1.73081
1.48451
5.92176
1.3673
1.42626
3.47634
0.865612
1.48103
8.0642
3.47094
2.26327
7.0586
5.16156
2.19735
0.829972
1.12559
0.708238
4.44914
6.93425
3.89852
4.08777
2.96782
3.62168
6.49759
3.7842
7.71798
6.23929
4.46151
0.893819
3.11412
1.53365
4.6022
1.78061
1.36987
3.09366
2.60154
6.92776
4.44906
6.41652
4.59506
3.55489
3.21446
0.311941
1.66867
2.2052
2.32391
5.98391
4.14747
6.42392
3.22204
0.703043
1.29756
0.891999
8.03071
1.9331
1.13239
2.37458
1.80819
2.91432
1.26086
0.634107
1.14091
2.57156
10.1346
6.23732
4.50812
0.577393
3.50913
2.23178
2.23224
2.96921
3.29326
4.2793
1.37463
1.9588
4.54148
4.67831
2.85682
4.92132
2.66598
6.20001
2.44357
8.36165
1.07552
0.461481
4.72301
3.21053
3.92307
3.74606
3.1487
3.25668
10.9065
5.1535
8.48155
3.91976
6.00377
4.09453
3.25363
4.10301
3.09662
1.19394
9.17102
10.5364
5.50539
3.30416
1.79977
4.30121
7.15435
0.706073
1.55824
0.322224
1.15146
6.01232
3.11533
1.62565
1.28383
2.04193
2.48869
1.25007
4.11308
4.15028
0.968712
2.74623
4.49766
3.66384
1.60497
6.93924
1.11594
5.05308
0.940535
5.41607
4.56167
8.62551
4.68075
4.56432
2.91788
4.93156
5.50184
1.17646
3.40052
16.6789
5.68265
8.36874
1.01491
1.83764
2.07992
7.16669
5.3445
8.01647
0.852354
4.63123
5.15381
3.91042
3.85329
7.28514
7.42346
8.51251
4.54199
2.70515
0.612495
3.14637
2.61828
3.50615
4.18728
6.24128
3.65416
5.84048
5.47783
4.58566
1.5999
12.9243
2.79234
2.67799
11.151
2.00874
1.05621
2.95262
7.90501
2.62789
7.8456
1.52494
1.62018
4.03303
2.73142
2.39588
7.45401
2.07895
8.27284
0.999723
1.25861
2.99932
9.22915
6.88616
1.11806
0.418729
1.85799
1.91361
0.467747
0.516297
0.174966
3.2923
0.99424
5.35487
11.7006
7.08425
4.11122
3.76611
2.81164
1.50448
5.15983
1.53464
2.79441
0.904749
5.46309
7.46612
4.51602
5.92962
5.5376
1.3798
1.86103
3.96915
2.16073
5.36142
4.56202
1.26874
3.51018
2.85889
0.422046
1.75623
3.17419
4.12472
2.4738
9.75355
8.45364
2.61518
2.86769
8.44936
6.04566
7.61742
1.42677
2.04325
10.8484
0.413001
3.71639
6.87414
4.49049
4.06642
1.32193
7.67162
5.19379
13.6739
5.49497
2.49186
6.97711
4.908
1.03049
9.90804
4.97527
3.4055
1.58785
6.41451
6.96375
2.78517
4.01286
5.28089
3.77135
2.74712
8.5372
4.44148
2.68658
2.44364
1.70612
6.69727
2.62764
4.69587
2.34224
11.6896
2.54824
5.92192
3.0224
2.99876
3.47835
7.30059
3.14936
4.10368
2.04151
7.36124
4.89292
4.97935
4.30529
3.68599
0.495547
9.49528
5.01984
1.69736
4.45576
8.64494
1.10073
2.71761
1.68074
0.979049
0.890918
1.64507
2.80621
2.39265
0.264334
5.44051
4.36029
4.29513
7.72232
3.19774
3.09298
2.29871
11.2253
0.795154
1.14856
4.58468
4.44937
0.896151
4.1081
11.4337
0.642769
1.51019
3.82838
0.806175
4.18181
1.81127
1.40336
15.4952
1.49206
4.02784
3.82031
6.68628
8.33595
1.40851
3.10776
6.28998
4.36095
0.710596
3.69173
2.66665
1.37113
4.83477
1.27778
1.18523
5.12514
2.33648
6.42964
5.45248
0.733194
1.99261
10.2596
5.89364
0.488587
6.63667
0.992775
6.09821
0.371319
2.53186
1.25424
1.41672
1.56601
2.18311
9.86938
5.11044
7.91872
3.00379
2.70007
3.4482
4.28343
4.62245
1.65099
0.434061
0.510661
3.84014
5.75211
2.62929
2.23339
0.874923
6.36685
1.42724
7.90948
4.22312
1.31361
4.16007
1.8534
5.00136
7.51959
1.99747
2.00142
11.4549
7.64845
9.08523
1.37467
1.90933
2.15251
4.93306
0.865717
0.762898
5.37825
6.14492
3.6084
4.66557
3.22863
5.17837
1.97281
0.673052
3.5306
0.388298
5.57091
6.16323
2.34677
3.37896
1.40736
2.3714
1.49766
2.22181
1.32707
3.56261
1.70373
0.599579
9.60185
3.97243
2.38526
21.1375
4.59072
2.91393
0.614378
6.64785
1.52251
3.40219
0.413793
0.632852
2.74681
3.22597
9.70849
5.53192
0.455438
4.20081
5.32913
3.90773
4.48602
2.10439
8.91326
3.48958
10.4629
2.82044
1.7993
0.560175
3.44938
2.41761
3.26434
1.40085
2.1474
4.27951
2.02861
5.30422
1.97996
1.86738
1.70986
6.79917
8.59242
10.1217
4.56077
4.64083
1.32461
8.99504
3.20424
1.67317
5.17012
1.65921
1.10885
4.42867
0.101912
3.10561
1.08814
0.655075
3.49083
3.88579
1.41398
2.70522
4.91424
6.56579
2.30345
1.95793
9.71525
5.87651
1.29547
5.4275
0.887507
8.51183
2.03346
1.78058
1.92131
3.6193
3.51955
1.68364
5.19517
3.32789
7.04914
4.93258
3.48643
1.61449
4.17817
4.45102
2.68873
1.39237
0.931403
11.1851
3.09609
3.09102
4.16983
4.81294
3.86719
2.93326
2.16145
1.70636
4.01374
2.14199
8.24782
3.81428
3.49723
10.366
4.5077
12.1598
2.80764
1.80999
0.887078
2.8766
2.60134
2.29906
4.6157
1.45238
4.56551
4.50929
7.93881
2.99989
4.29584
0.433321
2.36251
3.11176
3.37045
3.23803
1.69218
1.63357
5.82623
1.19681
2.72204
2.96851
3.72868
2.48574
5.85851
0.8968
1.61784
2.73287
5.3401
7.45076
4.17254
3.47789
3.46147
6.08877
3.41074
6.90682
1.25178
1.96622
4.12607
1.69009
2.81882
2.52025
2.93401
6.13523
2.39704
3.19072
2.73845
1.50789
2.85632
2.93253
8.31172
2.50466
3.9224
10.4986
1.91281
4.13822
3.14462
8.05488
0.495389
5.08985
0.480493
1.68153
2.69902
9.52665
1.26968
2.60597
1.72561
5.64588
4.62216
1.74442
1.12829
6.21169
6.23525
3.84207
1.80634
2.9671
3.34195
2.30005
2.98083
0.502887
5.0087
2.80917
3.20159
4.83806
3.76075
1.7202
3.98841
3.02151
2.08403
2.89466
2.66801
7.52421
2.65564
3.35508
4.30143
4.99356
4.90997
6.37501
2.58182
3.06006
2.5958
3.63063
1.36248
11.6125
2.16803
7.48798
3.5677
25.1911
3.28319
1.18941
6.93381
7.107
3.92477
0.755958
1.61413
1.96629
2.5158
2.79643
1.69376
1.70837
6.1208
0.717328
8.31815
8.29735
6.74676
1.31951
7.50225
1.10334
1.46506
4.36948
1.8381
3.36475
1.29268
1.9887
4.13885
0.896425
10.0802
8.16162
3.56927
4.11636
3.32169
1.53029
3.06699
5.47217
0.979035
4.03314
7.08356
1.97846
2.36122
6.30265
3.45136
3.87358
5.67943
1.54162
2.27631
8.34761
9.04019
7.0214
3.58185
1.73826
0.325959
7.78083
2.03197
3.20175
0.827997
3.10535
4.85833
2.19153
0.184572
0.395961
1.55711
4.63595
2.09054
6.69345
3.33366
3.31541
8.59681
1.16279
7.46718
9.88026
0.084979
4.53801
2.57947
2.0245
1.23237
5.73805
6.8704
1.43336
7.12463
6.05859
0.66606
6.00072
2.47816
2.50134
3.27689
10.4199
12.6233
3.95885
0.909387
0.991114
2.93858
4.88267
4.42203
6.21309
1.39114
2.85787
1.29253
8.18817
3.24276
1.84473
1.51821
4.44898
1.08416
0.721134
7.24551
0.554355
1.57858
3.79504
1.38598
2.96618
4.08993
4.24799
0.55986
2.02684
12.7977
1.02767
0.269975
11.0455
5.6356
1.3716
3.7747
4.45756
8.42924
2.75833
4.63088
1.75827
0.105931
2.81657
4.47149
2.26021
3.53798
0.445735
4.33856
2.46237
1.09702
2.76085
4.06121
2.67133
6.44214
1.67595
2.91668
7.02955
2.01422
10.539
3.02189
6.86734
2.19639
1.34075
5.11874
3.09314
1.72218
1.57038
4.23389
8.26815
1.54506
3.69528
3.55824
2.83282
1.27428
1.96985
3.41206
6.41647
4.22463
7.48335
4.85075
5.44323
9.12932
1.1872
10.6947
7.72388
2.23741
1.19683
0.683384
9.30536
12.2845
2.02515
6.75066
2.73328
2.67693
4.84765
5.23018
4.9284
0.783672
0.959393
4.53823
0.816952
4.16369
11.4826
0.964915
6.78538
0.53874
4.32044
3.44963
6.72521
1.95032
1.31379
9.70249
2.98993
1.82613
3.1251
4.03985
8.80125
2.53525
3.22029
0.950947
3.06134
2.72968
1.07251
2.69422
2.61418
2.90593
2.40639
0.832007
3.12312
2.36587
0.593092
3.51399
0.468369
6.54497
3.29075
1.34067
3.4066
0.673394
1.52091
0.798686
4.49818
1.27017
1.7668
2.51589
3.90255
1.90995
5.73671
4.80755
4.37685
2.85208
2.97329
10.4257
0.869278
3.68578
1.54334
4.77832
5.62158
4.51932
0.829558
2.59941
1.19896
3.58092
1.71598
1.54614
0.318386
5.97237
5.4065
6.49536
0.66603
4.69445
3.7842
2.8016
3.20278
2.20576
1.95205
4.81976
10.2877
1.24762
1.99032
4.6096
6.37184
0.357192
2.63827
2.30477
7.33901
4.0812
3.16774
0.719707
1.97672
2.85643
3.11626
4.16414
1.25167
1.35901
3.00208
1.53106
6.97709
3.54644
6.94397
2.27927
2.8208
3.39392
6.78305
4.36242
9.91906
9.61457
2.6641
0.974653
2.09834
5.51914
0.970906
2.64755
4.02605
0.980509
5.30223
2.96576
4.37971
1.22519
5.29808
2.37728
1.47856
4.89588
5.62125
2.52399
7.35166
5.08454
1.66873
4.34444
1.09297
2.45957
7.81585
2.21592
3.62402
0.0953821
2.88884
1.20304
0.69334
2.23121
2.78399
1.8814
2.12347
3.46113
7.02006
2.01238
1.257
5.292
5.27955
1.21346
1.60267
4.13058
2.35337
9.11675
1.6642
3.9296
8.58728
6.75741
6.49157
5.69681
6.63907
8.30951
3.93128
0.483518
3.36815
4.03098
5.65822
7.54268
5.03924
1.12867
9.40362
9.06262
4.66405
7.11383
5.65186
4.53813
4.57912
4.48751
8.17379
2.49128
4.66902
1.67908
1.10422
0.19665
2.2528
1.08347
5.45573
1.18793
0.812078
2.10614
3.39418
5.9453
2.38777
3.36054
1.33654
2.77387
6.82147
3.38057
4.73759
4.00319
1.8156
6.41074
4.47441
3.70463
5.81598
3.77604
9.2234
4.35005
4.67132
2.56483
9.59231
9.04945
8.54925
4.13777
1.74648
1.8464
1.27651
5.77773
5.24067
8.94909
5.64987
6.01927
1.91002
4.60483
2.43995
2.85038
0.063436
0.496199
2.40699
12.7689
0.235301
2.91817
2.15485
3.14952
1.58787
7.88543
2.99074
0.420938
2.44938
4.68331
0.256407
1.9008
0.910935
2.9218
4.80276
0.821244
0.778305
6.36659
6.59447
2.33494
4.31461
10.6628
3.98008
1.9677
3.55812
1.77126
8.45886
3.33416
3.32081
2.62268
6.68777
10.471
10.3041
6.98539
1.33607
1.61548
0.989431
1.95312
3.80725
3.27453
5.36031
1.86893
4.10546
5.28307
0.461596
2.60169
3.4658
2.55456
6.50763
3.61095
4.20349
5.5656
1.00888
2.69798
2.52471
5.89174
3.40223
4.36117
3.14325
5.70228
8.83358
5.68444
7.56554
4.83137
4.59483
1.77467
3.22327
12.5899
7.99948
2.70978
1.71183
1.9333
1.96321
1.6797
0.157001
0.726378
8.3531
4.37704
2.19325
5.64068
8.90506
5.94755
5.69039
12.8991
1.01408
2.62731
4.39301
2.16103
3.90668
1.63402
3.86718
0.985083
10.2799
1.7306
4.94992
5.70634
3.70502
2.99392
4.52894
2.67206
0.915277
2.82519
0.92898
3.6001
1.60253
1.89461
4.60464
5.42041
1.32672
1.4457
4.53668
2.53442
2.24913
3.07948
3.13759
11.9362
11.2889
0.651525
13.7649
4.78786
4.94982
0.89825
4.29006
9.69785
3.67736
3.03867
1.09885
16.8008
4.24562
6.83155
5.19025
0.888092
2.12054
2.83356
3.31755
3.81707
5.84983
0.739631
1.25727
0.831571
10.5729
1.27991
0.851209
3.6703
3.88288
0.299609
2.02794
7.34513
1.33448
3.21796
3.86524
7.88172
4.45786
2.56532
1.29052
1.30737
9.68456
3.6725
3.43215
4.13725
4.79381
4.39055
5.69247
0.735761
3.30324
2.07123
1.19541
4.43491
2.55438
4.33277
4.53267
5.96576
9.24208
6.1196
2.93869
2.06208
4.91858
0.358564
2.20527
1.11549
5.88579
9.26067
0.765771
9.05115
1.22025
7.69278
2.4902
4.77785
3.4271
1.5348
0.791616
2.90218
4.03293
2.84432
2.29392
1.22131
2.30998
1.01227
2.9
10.6918
6.01814
0.601486
7.37005
1.67915
7.78118
4.83189
3.6598
7.17675
5.82199
3.03253
1.16622
2.1224
2.11812
1.5983
0.0796599
0.930025
2.20255
2.08039
8.76286
2.97367
8.57399
2.32152
5.71938
4.78716
2.28673
3.52278
2.21341
0.847473
1.58618
6.03324
0.985757
8.27187
2.62776
3.82994
7.08302
4.81544
9.24612
1.4877
5.19873
0.658661
2.60878
2.0156
7.86865
4.07524
9.66877
10.4022
3.30062
5.0627
3.86198
4.69746
3.97404
0.212449
6.51512
4.64347
0.994905
4.22102
3.66866
1.05401
3.58125
5.18738
0.804158
3.35463
3.58975
1.3261
4.18594
1.14816
3.05325
5.99323
0.914258
4.18432
3.24989
4.61314
6.78159
8.62817
6.29449
1.07235
3.26822
4.21026
7.87233
1.94568
2.78998
7.55161
1.50871
2.9614
5.4458
5.63388
1.90508
4.01134
3.31612
0.305363
7.35147
8.54103
1.23645
4.28306
1.9956
4.43431
2.41823
1.12039
2.03279
3.06376
3.15901
3.10022
3.36996
0.738649
2.61877
5.7929
5.28655
9.66129
3.71932
3.49965
9.73803
10.2233
8.54489
2.19554
2.22855
1.35839
3.30298
3.66964
5.17644
3.30125
4.46191
2.23535
3.62275
1.91356
14.4135
2.3079
6.04567
1.24814
4.83884
1.78751
3.79913
2.05209
4.05189
4.46546
9.90833
7.89705
11.0257
4.41794
0.350617
8.50526
5.99646
3.09224
10.9743
0.822274
4.03477
7.26338
0.931879
4.03583
4.78151
6.00857
2.47072
3.01685
1.11009
3.90507
6.84581
1.80865
3.27749
3.49229
3.21105
7.92883
3.38437
5.43
10.2056
0.575806
0.765255
1.43663
1.42792
5.23632
0.727693
2.93577
1.57077
5.08614
3.67731
9.32902
6.6943
3.65444
0.83565
3.75798
4.15184
2.76979
2.18575
3.3993
10.6457
3.85246
1.46947
2.74753
12.9259
1.66184
1.95559
6.75968
3.72338
6.08894
2.46864
3.23771
2.60963
3.62511
4.0148
2.71674
1.82478
3.21003
4.63658
3.98693
3.01625
1.96305
5.35667
0.999981
3.54718
6.28789
1.82583
4.09047
1.9704
6.06263
1.96989
3.08714
10.3488
6.41268
0.969888
2.17218
2.77512
4.09579
1.48915
2.41087
0.883019
3.91702
5.72742
2.64261
3.86394
9.96971
1.6806
3.53997
3.91577
3.98524
4.11761
3.48609
7.60189
0.799554
3.84138
8.08632
7.30522
8.72709
10.2424
16.4339
3.90968
2.52842
2.94594
5.44827
2.7379
6.78141
2.33962
13.5135
0.377258
5.26081
3.70029
3.59075
3.49606
1.71312
5.7486
3.34373
12.9223
7.2103
3.15856
2.35225
4.63553
3.67095
1.49918
7.61378
3.63113
1.98637
3.07611
8.19287
2.76475
6.83897
7.29559
4.6213
0.124583
0.905301
3.08212
3.1255
10.4219
1.6873
4.02582
4.00352
8.01507
1.86756
2.09376
1.97936
5.00988
7.72857
1.4313
3.69705
6.44789
7.13346
1.82693
3.952
6.16421
5.00987
8.17027
1.90973
0.789816
4.37135
0.649734
4.99577
3.32742
6.48696
2.89014
11.6703
4.20572
2.03751
1.8681
4.38625
5.46051
1.91543
5.78577
8.86115
1.65394
3.36196
1.21725
0.953089
1.49541
4.84562
2.74412
8.80479
8.40184
4.12951
1.99376
3.46711
0.77478
0.973606
1.80808
5.15001
2.69982
9.73176
2.15236
5.173
1.52399
2.03364
1.99496
4.91924
1.66036
5.40383
2.77808
1.44432
0.917862
6.32525
2.23876
2.2222
6.9243
4.7639
4.10571
4.11711
3.02824
1.30499
4.5341
3.70818
2.60134
4.66477
4.51414
6.58825
2.11683
0.452104
0.365759
12.568
2.46086
2.9573
5.52518
0.498965
3.33029
4.07676
4.83188
6.2112
0.912005
4.53308
0.479012
2.15421
2.24857
14.3868
5.50707
8.82352
1.73871
1.36268
6.92834
1.66244
2.28058
3.04931
2.14395
1.92267
11.547
10.7594
3.43215
3.1899
2.40264
2.49607
2.61977
4.35768
1.55981
1.62071
8.28725
0.47117
2.17119
2.29994
4.25735
2.3446
3.94031
3.72277
3.59741
1.55218
11.1646
3.80047
4.20385
6.53599
3.12512
0.864286
5.9652
4.91112
3.24417
3.51953
4.13541
2.71408
2.63522
4.27172
1.76344
7.76683
2.38007
2.51292
2.38949
4.2047
0.733947
1.73981
1.16848
6.56467
8.62072
9.47221
6.26373
5.19721
2.80858
1.32522
2.57649
9.86178
1.62814
6.14188
3.78266
3.67393
7.66448
6.85275
3.10552
1.24394
6.73814
1.48146
5.57736
3.59798
5.11289
5.04792
0.810006
3.18409
7.23539
10.0932
2.46886
1.84591
5.50158
6.79707
7.98596
5.60411
8.69986
3.39648
0.505875
2.84439
6.90802
4.43519
0.577271
4.72179
2.38661
3.40613
5.13601
13.5071
4.78354
0.48993
1.46666
3.57912
3.42793
1.64938
6.45207
2.35277
2.48561
5.31846
6.82383
0.931998
7.11213
2.07979
1.79573
7.72079
2.66773
5.33646
5.55476
5.36309
1.40257
1.29329
6.22463
10.1702
4.10881
1.37325
2.40935
5.88485
7.30641
1.85918
3.97343
5.30717
5.91038
5.24711
2.89036
0.772395
2.05135
2.1567
2.83946
6.19891
3.67019
1.21887
0.855349
1.43392
3.63687
3.07109
5.44341
5.63024
9.85061
4.66722
3.65102
7.51409
4.73721
3.53157
1.09182
4.03501
1.24204
3.40227
0.726822
1.8227
7.64943
5.8016
19.0626
1.9601
4.88139
5.07658
4.46915
3.13065
2.71101
3.81191
2.41331
1.5905
4.95504
3.18333
9.26882
5.21798
0.537929
1.50012
1.61458
3.30212
3.102
5.23999
11.8748
3.16098
10.7516
1.37182
2.52509
1.85908
2.62358
2.98746
3.66705
0.933898
6.69605
8.04614
2.79141
1.36742
1.40777
0.935936
3.04435
2.29603
7.20447
0.874513
2.87262
0.921088
0.933933
3.33228
0.190757
3.80712
1.24936
2.18299
3.77929
2.56981
1.42394
2.9494
2.48891
4.28499
5.19215
0.916478
2.57921
8.23164
1.31193
8.42959
4.69964
4.53071
3.82459
5.17113
2.18088
3.40497
4.13893
1.82608
8.47218
3.27972
0.997538
1.50513
2.0287
0.313772
4.93482
2.79761
0.69273
3.75449
2.21999
3.0632
2.77414
2.24785
7.02946
1.31767
4.56223
4.6823
1.82248
0.174777
2.05098
3.38814
2.74348
1.00618
5.66299
5.25197
3.93042
6.64211
3.49409
0.834318
1.26142
0.534242
4.28984
4.1672
1.77765
2.86225
2.52083
3.14369
4.4806
1.86697
3.15472
1.4285
2.94777
2.64835
3.53986
1.75201
2.1819
10.7068
1.49435
3.22736
0.401358
3.88611
2.43944
3.37795
4.40918
3.11694
1.15844
5.17856
10.9119
3.19479
1.5725
1.35137
4.47493
5.57575
2.73608
9.0196
2.63645
2.86468
2.69185
7.47031
2.63218
13.3139
5.32648
0.620139
3.31129
5.53142
3.30826
1.4583
10.1228
5.04591
9.17154
8.24908
2.75373
0.990037
0.744192
5.82977
3.41578
2.42009
5.98031
0.483653
5.93385
2.0751
6.1098
2.0624
0.730069
5.60827
3.1259
3.85765
4.73344
2.52759
0.769417
2.85735
0.926136
6.40285
2.51726
5.64692
5.22175
3.9108
1.44921
5.73916
0.987696
3.81649
1.19282
0.562303
2.66146
6.47205
3.57266
8.90917
1.13458
3.89855
2.4761
0.579033
8.05596
5.58174
0.88351
5.1425
0.439904
3.56963
4.8038
4.82954
2.025
2.65762
2.65176
4.86114
6.99902
3.76844
1.95804
1.05298
4.64575
9.75689
1.91116
6.19572
4.14921
5.53123
1.26187
4.47919
1.92931
1.6726
1.96977
11.2778
4.09126
0.957262
0.276718
3.55129
4.24986
7.66664
2.98245
2.16091
2.91998
3.72362
4.73753
4.25168
2.46386
1.28029
1.49525
0.801543
5.57691
6.99793
3.55813
5.37653
1.04352
3.75804
3.85514
4.4752
5.26603
9.48198
3.11594
2.79546
11.9265
2.79655
2.20978
5.18018
3.46854
0.492058
5.68189
1.97794
1.97371
2.7745
7.23686
5.45401
0.963437
4.54946
2.74402
2.22758
3.43981
5.43954
4.20805
7.25699
4.11951
10.2458
4.42524
1.31625
2.42498
4.39871
3.91181
1.71145
1.5503
1.44491
2.52969
5.12717
1.72137
4.85676
8.29584
1.57862
6.15017
13.7947
6.60246
1.21018
2.23104
0.99857
0.438039
0.260247
3.21709
3.44143
2.26548
6.76968
1.28249
1.47578
2.04618
5.62241
4.62547
2.18997
1.01246
2.20743
1.77819
4.34377
7.48208
2.80778
2.47728
1.33248
4.02611
6.6412
4.87477
6.92166
0.359096
2.18124
2.128
9.59145
2.87348
0.620828
2.77405
2.89211
1.16309
7.02767
6.59215
6.63857
10.5189
2.32392
1.79797
1.35782
4.18626
5.16839
1.39058
3.83625
10.2818
3.36131
1.88426
4.84739
1.90752
2.45656
3.60328
3.36415
2.93558
1.92627
5.05081
3.50442
3.157
2.96315
3.89381
4.78669
3.10189
6.93316
3.87636
4.84788
6.38814
4.75628
1.15524
2.94779
0.627854
5.04848
15.2315
3.4733
3.16008
1.9333
3.08937
5.0573
6.65798
7.25505
4.35383
3.53487
5.70449
9.85505
5.81306
2.5429
2.0647
3.0763
3.99008
1.75774
2.03347
0.138499
2.59349
1.7786
7.74327
2.35594
5.34534
3.28889
7.02713
9.59123
6.88634
7.86211
0.998639
5.72308
11.2278
0.511111
1.97212
2.22415
1.19987
2.18176
5.34317
2.8916
2.95077
1.16139
8.96497
11.2249
4.87418
2.56141
1.61368
3.5094
6.46649
4.09547
6.08351
0.769806
7.94694
3.16802
6.07444
11.4233
8.03465
2.35869
0.436693
0.757426
3.62149
4.6901
7.66449
1.27387
4.61144
1.58604
3.46899
4.61466
2.93391
1.81512
3.05636
4.1056
10.621
2.46984
2.53227
2.38242
4.91405
0.965565
4.83424
7.93482
0.504065
3.5924
2.50731
7.29291
1.4665
5.48518
2.67111
5.35703
9.57785
1.13234
0.735669
4.65742
4.86031
7.56647
3.91614
1.95751
5.35322
3.66012
2.15461
3.24469
0.757312
3.606
1.7946
3.00625
2.48782
7.89482
5.37029
4.08734
1.8464
2.40011
6.06769
11.9369
0.454387
2.92509
1.8156
0.714129
5.42742
2.83153
2.67239
4.29375
1.17374
3.26257
2.30424
9.04208
5.58322
2.0364
1.29252
3.30461
2.3845
0.160803
3.96422
7.02242
11.5341
1.99288
10.4308
0.610771
3.87684
3.18124
2.03555
8.80753
2.69252
5.10755
3.99701
5.16358
1.15036
1.74676
4.7208
5.11176
11.8364
8.89505
1.10841
1.23584
0.991976
2.59699
0.91068
3.52941
0.78783
1.07759
0.991584
9.32615
0.990233
7.68521
3.69874
1.47094
4.50304
5.93169
9.35482
8.3862
6.26316
7.16599
10.4942
8.94721
3.03142
5.50022
3.5013
1.9168
7.65115
1.94571
11.8638
2.80741
0.875776
1.74736
3.76237
4.67103
7.33073
5.64578
3.39549
2.52488
2.27521
7.54284
3.58818
4.23529
2.86187
8.12498
8.64257
2.65697
4.40123
1.23266
7.25594
6.8274
0.897323
1.79981
4.84658
0.303688
8.47995
9.75109
9.08975
1.59381
9.51449
0.855479
2.7326
6.11291
3.58367
0.373823
10.4656
3.94228
3.64721
1.31005
1.66325
3.67345
2.69227
2.87776
1.18088
2.82511
0.682164
8.81419
2.75451
7.88314
2.32472
4.62462
0.402012
7.51917
4.66079
6.94175
1.01519
6.53505
3.2491
3.0509
0.567478
8.67315
1.97063
4.04475
3.17244
6.48112
1.41946
1.18347
6.81635
1.71061
2.95558
4.31875
6.96875
0.398181
2.41083
2.97928
4.12851
4.42925
2.47389
6.74199
5.28218
1.56887
3.57374
8.28562
5.05614
2.62222
3.34048
3.28626
1.40639
4.14079
7.84329
3.14028
3.55639
3.25114
0.162724
4.26262
2.91223
5.33991
4.78958
1.14166
15.9068
6.85932
4.60124
3.36766
6.53021
3.23719
7.53003
4.78912
4.3865
2.14895
1.11534
6.81724
7.49023
6.23353
1.13797
3.87301
4.96618
6.95385
0.846712
7.28583
2.22292
2.77458
2.42811
2.23866
2.89881
0.796865
1.05993
1.76378
7.114
3.10711
1.42389
1.40314
2.07453
5.3458
3.99018
2.96972
2.48743
1.90728
4.15818
8.3401
3.04067
1.54521
3.33528
1.72945
6.15248
3.36505
0.581175
7.49791
1.20079
6.38813
5.27502
0.455283
1.9862
5.94301
1.74928
3.65419
1.54437
5.91876
8.45318
4.90821
3.50879
1.96778
2.81004
0.717857
4.85586
1.02725
6.55086
1.59459
4.35004
4.2276
3.06499
2.97931
7.40073
7.54772
2.89557
2.38957
0.545839
3.60431
5.00838
1.87101
0.675948
2.39739
5.54995
0.744346
5.73822
8.27479
8.95636
1.77572
3.36856
0.665162
1.74774
7.06152
3.4269
4.83569
9.93845
1.40896
1.40606
3.32531
9.91262
4.69614
5.25749
2.39494
6.56714
1.464
6.05273
2.08606
1.41163
4.42172
6.69473
8.84777
1.69869
5.98622
6.23274
0.827876
4.56612
10.3708
1.41502
1.77414
5.23086
0.980407
3.88178
1.94304
0.991462
5.36559
7.07643
5.23909
8.88695
0.51423
1.45648
4.50706
3.6919
7.47286
7.36009
1.88513
7.11906
6.63286
6.14223
1.05398
6.89729
4.15396
4.96981
4.09087
2.57134
4.17343
0.656231
2.58678
8.2248
9.1385
5.27542
3.59309
2.18641
6.19682
3.1558
7.25994
1.62724
5.55336
3.23694
1.28656
0.124421
3.59512
11.1065
2.83108
0.820594
3.88204
2.66635
4.06145
0.536081
5.19429
7.7503
3.44018
5.60238
0.723482
6.88136
4.57941
7.94901
6.02061
2.32673
2.27592
2.35468
4.27314
1.04594
5.49166
4.86856
6.46937
2.24602
0.710634
4.28524
2.02105
3.75752
4.62292
4.62828
3.21214
3.48574
1.97608
4.48872
2.70735
2.71719
4.27959
10.1266
4.15874
0.408925
5.136
2.70163
2.54329
1.90697
4.76152
2.10999
4.61808
2.92104
1.68527
7.23711
9.52655
0.686347
3.08315
1.38314
2.27324
2.81214
12.5793
2.08066
4.09044
11.9107
9.62348
5.67578
2.32529
3.13776
3.77627
5.33386
5.28109
4.24361
2.63698
5.75857
3.45968
5.35787
1.7644
4.68355
5.97291
0.206444
1.44877
4.56657
4.43358
2.80204
6.34809
3.6115
1.2909
1.95427
13.4431
2.21276
10.602
0.292708
6.42893
4.24798
3.61538
4.19171
8.59691
1.51043
1.69275
1.49029
1.20925
3.25283
2.25383
1.43606
1.34036
2.83931
16.1239
5.26339
2.2225
2.98905
0.806101
1.54692
1.73213
5.47466
3.92572
0.812472
1.4311
2.88452
3.3872
1.02858
2.61819
1.82074
1.67773
4.08652
3.32179
0.741113
4.71773
1.66905
6.41438
0.46566
6.06064
0.828469
2.83501
10.5867
7.661
3.01755
9.42517
1.8203
5.11992
2.14537
2.90345
3.79044
2.01493
4.05797
1.82351
0.95791
1.0543
6.5659
4.45555
3.63351
3.13433
4.23698
6.38951
1.56122
3.25074
3.17532
3.47616
0.441575
3.57542
4.43741
3.85585
8.31008
7.50479
1.48427
11.1484
2.26943
1.32344
2.39455
1.60322
3.20603
9.02149
4.27856
2.44535
3.67266
1.33015
2.07319
1.71202
0.964143
1.98018
1.25082
2.1546
8.64019
2.11751
4.3051
2.26059
4.20336
8.1886
4.49921
5.3422
2.39733
1.16292
1.95173
0.643188
1.5817
0.776771
2.06194
2.33146
10.4143
7.29563
4.58047
1.6425
4.23178
2.70668
9.84553
9.17025
7.27002
0.898629
10.7459
0.70828
6.2237
3.21399
6.22216
4.81516
1.34968
2.22307
1.4318
7.49643
2.73424
5.6829
1.60357
3.5644
8.08681
1.44382
3.69919
4.08106
4.30066
2.39774
1.31949
1.01775
2.07042
7.02851
1.98859
4.70479
3.67124
3.55429
0.822445
3.83507
3.88298
1.85538
13.8372
5.61328
4.46843
7.00454
1.21279
1.80068
3.32284
2.67401
6.11652
2.67463
1.32115
5.08336
2.30174
3.38883
5.77181
0.597741
6.32005
9.16952
3.00673
6.2552
1.69588
1.06804
5.12513
7.44491
1.93462
3.61544
13.585
5.27948
2.43034
3.59425
3.7981
4.91309
1.25006
3.01051
5.69634
2.19675
2.29479
7.15635
2.23933
2.79891
2.94471
5.30362
6.86527
3.08289
5.43064
3.55277
2.0681
7.17316
0.861878
4.48675
2.00185
10.2999
2.88539
2.00336
5.70546
5.2503
7.16402
3.00285
5.58796
4.07209
4.54363
1.20993
1.21781
4.5792
1.50544
1.97834
3.90406
5.44211
6.89722
7.1791
8.43823
5.27466
5.54019
1.71618
1.78703
4.84659
2.83527
1.49747
0.820811
4.17095
1.2304
3.02269
2.63386
0.895014
4.86873
2.20012
3.42534
5.7644
4.43989
6.73234
6.8051
3.56567
4.50516
3.00042
2.8684
1.59389
3.71017
6.67652
6.30862
2.76242
2.15252
2.85611
3.4389
4.17089
1.83653
0.97656
3.53702
7.97681
9.89422
1.49736
6.5335
0.765329
2.48593
0.632567
2.99662
10.888
2.0432
11.4824
1.13433
0.673267
1.37353
3.24264
3.76421
4.02835
1.2645
2.34187
5.07531
2.54912
3.25531
3.34143
2.73392
6.10107
4.16955
1.52281
3.59229
2.17024
6.87939
4.08762
1.76593
3.83355
8.83393
1.50918
0.558932
2.71248
7.45496
2.81102
10.0751
4.82929
2.40462
3.96811
0.200646
3.40146
2.19067
6.59716
1.84829
3.11967
4.3237
1.81597
8.1012
0.916343
2.25171
4.30433
7.05166
0.791825
1.27325
3.49086
6.30324
10.5964
0.372663
4.34977
2.17258
1.39354
5.92087
2.93043
5.83739
11.8495
1.24553
4.17558
2.39774
3.68944
2.05242
3.7399
11.4002
4.20889
0.864627
1.67958
4.33625
7.51589
5.25166
4.24254
6.33358
0.406451
3.54529
1.00417
8.25976
6.99519
4.24864
1.25269
2.6291
4.13945
3.73678
7.70081
3.32261
2.01501
4.01169
2.16868
3.06045
9.1881
1.96763
3.76644
2.98726
0.532545
2.73369
6.5554
1.61249
1.00562
4.02986
1.95793
2.57868
1.84613
1.39654
7.0373
1.7302
4.49826
6.91561
2.34673
1.76057
2.51329
5.2458
4.29271
6.58073
9.21245
8.55679
3.88167
7.5193
3.09855
22.5661
9.81479
8.59765
3.07035
2.03147
4.7295
4.2243
6.13678
1.81307
3.12149
0.471895
4.8277
3.50972
2.50714
10.7535
10.9176
2.17409
5.19154
5.99357
2.7871
1.56462
1.49308
0.442755
2.7919
3.79581
11.5363
1.12972
2.76189
10.4859
2.89961
1.52909
4.4092
3.7666
3.30153
5.38932
0.798945
2.35127
5.21115
4.485
1.80271
5.42908
1.41516
1.51561
7.76371
4.46195
9.12928
6.0494
7.79048
5.2964
1.55493
5.52291
2.9896
1.47986
3.38444
4.76276
5.20458
0.2741
3.23495
1.72212
1.21799
5.19472
4.79014
0.439592
6.11808
2.88702
1.34999
1.18994
7.80817
6.41223
6.48119
10.7819
3.63184
3.28332
13.9636
3.92846
2.09206
3.48888
1.92274
8.88533
1.37939
1.98818
5.59221
1.51384
0.596432
1.58394
3.03662
3.68268
8.86097
3.08928
4.82674
10.4274
8.1291
3.67428
1.37319
0.106361
1.53177
4.76346
3.57764
0.617367
2.54468
6.04005
4.56511
3.80189
4.98009
2.97398
8.29807
2.63412
1.47978
3.71531
8.93692
4.34743
9.24788
5.5558
1.29896
2.03827
1.19829
2.55636
7.98883
4.37691
3.61533
5.66316
1.84129
2.74562
2.59443
2.77273
6.107
1.72101
1.97194
8.77121
4.37511
6.20156
3.33976
4.76666
3.29932
1.81486
1.44759
3.74705
9.21518
2.73018
0.792612
2.34244
1.45483
2.04287
4.07437
3.1009
0.74216
1.41285
4.27638
1.91433
3.06913
4.34556
3.53063
1.64817
2.37559
2.91468
4.26958
10.5623
0.876043
0.796598
3.72761
0.848972
10.2971
5.29647
5.42698
6.84501
13.3645
3.7501
3.85116
2.96759
1.24497
0.44134
8.96777
6.40201
7.2674
1.30302
4.57508
0.457027
8.81918
6.73618
6.3389
0.739782
1.85826
6.12657
3.16852
4.91859
1.79168
2.08292
7.50594
2.92019
5.21953
3.41041
4.17672
11.2471
2.89223
4.51543
3.28312
4.31054
1.8652
6.66372
3.7116
7.97316
3.64345
0.800827
4.14379
3.49407
1.93984
1.1237
4.42273
0.497569
3.67331
8.17773
5.07757
7.8635
1.86868
1.69861
10.7894
2.98693
1.76702
1.65727
5.96246
2.28551
6.1429
3.24553
2.23202
3.73742
7.89173
3.69035
3.43554
3.23458
1.73684
0.705915
6.48211
10.5051
1.0945
3.36132
9.14299
4.16486
2.19531
5.26255
0.602163
1.35962
2.13198
9.39651
4.46766
2.32367
3.77283
4.78806
2.18433
1.15729
6.58447
3.15545
3.33875
4.39712
2.38239
3.29805
2.51653
1.96455
1.64123
1.26987
1.69459
9.68782
2.76801
1.28597
4.305
1.19232
0.474001
7.59471
0.677182
1.27162
17.1668
2.71536
2.49691
8.17952
1.64219
2.01258
1.90938
1.37103
6.05648
1.8607
2.63377
1.02547
15.8397
3.07797
2.91829
1.71898
5.15123
2.22573
2.37095
0.937873
1.98287
3.55227
0.91897
2.207
1.45456
1.65489
4.67398
1.8245
4.11844
0.800493
9.57138
5.63541
1.59083
2.40413
3.25824
5.33707
3.67814
4.1404
6.77396
5.76306
2.79557
3.47507
0.440589
2.24275
8.53018
9.01259
8.92376
1.84837
1.87511
0.963572
4.52248
5.30561
1.29014
2.39559
4.20679
5.36045
1.41974
2.4247
2.4222
5.4535
1.95628
4.80108
10.3437
3.39348
5.44307
1.49666
3.09507
1.93386
4.00905
5.89047
9.12743
0.795537
4.38891
2.32576
5.62662
0.595172
4.3221
6.61605
3.11955
1.65889
2.86596
2.49098
3.91279
2.47367
2.4002
6.97501
1.11418
6.13868
5.18474
3.84346
5.47495
8.3726
4.845
4.2451
3.06983
4.72078
3.696
7.12687
3.21488
2.84378
2.67467
10.0041
11.7386
2.44184
5.29669
4.35326
12.0702
3.44106
2.15541
5.15492
3.52472
1.80578
6.51154
5.22592
4.81725
1.05873
1.59497
2.89762
1.60902
1.19299
3.78987
8.9959
5.6718
4.86929
2.85521
8.58198
0.919463
3.03715
5.8762
9.83301
2.4533
3.7687
7.12925
1.76795
3.93935
2.58169
1.26813
0.374002
1.85956
2.82647
10.5429
5.068
6.09183
5.53884
0.406253
2.87408
6.66553
0.328174
0.952206
2.81541
3.07152
1.53777
1.92587
6.12059
4.72505
7.13735
4.22174
2.08723
3.74549
6.72457
6.48481
0.652524
2.90115
0.113766
8.62045
2.19083
1.51137
0.853558
1.72959
1.55425
2.11766
5.31178
4.22991
1.88798
0.948004
3.24068
1.86492
5.48616
4.03823
1.91429
7.53228
3.44407
5.19515
1.74988
1.85085
6.37852
1.82566
2.19393
2.26481
0.897861
1.85479
1.28127
5.18565
2.5458
8.0492
1.22722
8.44174
0.689611
2.76651
5.29546
4.29442
4.96685
2.02139
4.92273
7.88408
1.3289
2.27622
0.672029
2.06443
3.60243
1.54976
13.8253
3.21647
11.3288
4.05412
3.84371
2.24199
11.6618
2.55011
3.91719
5.15419
10.2614
0.756961
3.61689
12.797
0.0891671
3.35158
3.30378
8.95113
1.48285
5.21612
2.08918
2.28667
4.26962
0.778033
3.36631
0.51927
2.38441
7.55763
0.683265
4.62465
3.41305
2.68685
6.88657
0.820929
4.02616
7.11329
1.41239
3.65408
1.79021
3.82014
4.05592
2.05776
8.95269
0.716428
6.98689
9.42444
2.72291
3.79536
5.14776
5.22772
2.54095
2.60997
2.45105
1.51998
2.29736
5.64372
1.22576
0.771636
13.5743
0.550972
5.54838
3.47731
0.662549
8.4149
3.02362
3.05606
6.84006
4.16373
4.91467
2.58869
6.75037
3.4773
0.989083
1.67208
4.78533
1.99611
2.8332
2.86936
5.04337
2.3475
1.82835
2.57992
4.98688
0.982598
0.183481
1.88234
5.47358
4.18023
0.178188
4.9502
0.610281
8.82616
9.58231
6.19607
2.54058
1.28266
0.825575
4.09266
0.31506
3.87174
1.33005
1.7566
2.65575
1.19646
3.68025
4.58744
1.07839
5.46241
0.264511
3.96976
4.02503
3.37876
0.897538
2.24495
3.61017
7.46856
3.51801
4.62323
19.1354
8.09869
3.76244
1.97725
12.6896
10.5856
1.44003
3.63095
2.23377
3.99572
3.29395
4.82913
1.51402
1.11767
1.55662
5.92966
2.41244
8.07072
5.036
6.16533
2.49293
3.77972
4.09821
3.50523
0.95828
1.85215
3.73565
3.08462
2.23619
1.8856
1.60943
2.7842
6.79366
4.25516
5.34193
5.36958
5.94675
4.20929
2.85274
5.09002
2.36305
4.50212
5.58975
4.37741
4.7014
1.48887
0.609904
4.97777
7.88507
4.33657
2.3927
2.1688
3.18898
3.98877
0.275651
4.69906
0.502257
3.35282
3.71136
7.99515
0.872095
2.13758
0.887819
3.2106
1.28999
11.4384
3.12601
7.56981
10.8054
3.71965
1.75892
5.31891
7.82162
11.0613
7.5859
7.17752
1.38686
2.85376
5.54871
7.71002
2.15427
0.232795
1.57571
3.97541
3.26671
2.41348
9.08418
4.63563
2.73924
1.43734
3.35308
4.98773
2.66038
0.646838
1.83598
2.49644
5.00718
6.36777
3.38476
3.23732
3.91431
1.93409
1.80814
5.4169
8.98407
2.9657
5.64565
4.84697
9.43799
5.82597
0.522132
3.58174
7.06357
2.94768
2.49171
2.93575
3.18503
5.67913
3.85423
6.67825
8.3786
0.445868
4.62392
1.48125
2.14902
7.90843
7.75112
2.77095
4.42419
3.51561
3.59068
8.48314
4.32533
4.72918
5.11151
2.20278
13.153
0.917808
3.80533
3.3039
1.69465
0.982263
7.21186
3.50576
11.5062
3.27896
1.54395
1.78208
2.13678
1.46201
3.5097
0.989215
1.03124
2.64701
3.45934
4.48638
2.01649
2.70493
8.32142
6.17357
1.44978
4.96005
2.4379
1.87157
7.31681
6.42411
3.65886
5.02149
4.53246
1.60267
2.09065
1.91721
1.40795
11.2623
2.20997
2.20943
0.651841
1.15445
4.89879
3.39704
1.56337
1.87087
0.591239
14.392
0.507118
10.0601
4.27505
7.16841
6.98487
3.56901
4.95443
2.53029
3.01448
3.26417
3.10724
1.5758
0.535574
3.85279
0.115399
2.31362
2.22845
3.95066
2.40993
2.68996
1.89556
5.27145
3.91307
5.80238
3.99938
11.8285
1.88416
4.0456
4.18527
2.23847
1.62468
3.00617
3.1208
2.20107
10.4948
3.72118
10.4386
0.717857
2.95708
3.49103
3.4959
5.46028
2.11153
6.69847
1.52339
6.1306
1.71386
4.15426
0.879181
0.931565
3.34859
6.72961
10.8776
8.74175
3.52696
2.63091
10.1735
7.69784
6.86527
2.88331
3.32489
2.50329
1.43253
2.91153
6.86551
5.23603
1.66071
2.24573
4.28494
1.93583
7.45016
0.771459
0.998774
4.05491
3.55878
0.318252
5.2085
4.02222
6.07145
11.3698
4.12524
0.559788
6.13445
5.0186
2.32679
4.43346
3.80196
2.02385
5.05091
0.877987
2.2281
2.39174
15.0326
8.61607
4.79019
4.53546
5.9261
8.3741
4.18561
4.98159
3.46062
3.56083
6.12644
2.64745
1.64017
4.54282
2.03944
7.52208
0.375044
3.19033
9.52236
14.6128
8.59716
3.67376
5.22766
1.97757
3.98601
0.827397
9.57407
5.0536
5.9796
0.642186
1.15855
4.65767
0.893987
15.9106
3.93659
8.96102
12.9552
1.46983
1.04346
5.38009
3.14096
4.63437
2.53423
3.08366
0.923486
7.67544
2.36477
5.49473
4.46908
10.7142
1.0861
6.72005
3.56076
2.7824
4.59233
2.87664
11.1892
1.17839
6.298
5.51583
2.47035
5.11725
7.98329
2.06301
9.77825
3.35475
5.70223
2.22954
1.73879
3.58733
3.05659
3.15895
1.28117
2.92278
1.61922
2.17464
3.60385
11.6799
4.70716
8.4022
2.23479
4.15665
9.3528
7.16919
1.33467
7.40558
1.05569
7.44757
2.83772
2.30657
2.18659
4.87969
4.94098
4.3717
10.5845
5.79219
2.73073
1.10802
0.857772
2.09782
3.31039
0.854708
0.950038
5.10283
12.056
3.80282
1.1639
3.78331
2.18756
11.562
9.30168
3.33901
13.1368
4.2845
2.45456
0.446434
0.177758
2.77442
3.87648
2.62957
3.23484
2.51776
5.6657
0.673427
2.99082
4.34995
3.41069
2.94808
5.90538
2.78859
0.447564
4.14124
3.70427
1.83957
3.10295
2.44185
5.11374
0.604488
3.0493
5.1372
3.25314
2.02374
2.10764
7.20655
1.52222
6.38304
4.03167
3.92096
0.361803
0.39293
3.0635
1.51454
5.74817
4.94808
6.40953
0.829381
2.32269
5.27036
4.01305
1.66752
0.907662
3.17855
1.34209
3.27165
4.06484
2.53339
4.31037
5.29979
1.53936
10.777
1.29682
7.27578
0.100612
11.125
4.77909
4.95714
2.33623
7.61599
3.65697
3.12011
2.41452
2.94836
5.35389
3.06162
2.25395
1.43952
4.70237
4.73356
1.44199
4.07453
1.09691
3.65224
2.01819
6.6587
0.853631
6.68491
2.27473
0.389605
0.651148
1.98588
1.19352
17.2225
1.01894
0.215453
3.1892
2.98945
1.38507
4.4494
3.71661
3.87831
6.24911
8.48017
2.41243
1.36358
4.90509
3.78058
1.87767
2.93106
5.51363
1.81362
1.81498
8.78357
2.25417
4.56496
10.6038
1.04041
2.49022
6.45075
2.04211
3.81356
2.1752
2.93287
3.40835
4.87319
1.70853
2.02283
2.48374
0.951078
3.03924
5.98211
2.86924
3.77556
3.10688
4.26737
1.09921
6.89188
6.13812
7.22288
5.69939
1.08405
2.70626
3.55823
4.29573
1.22662
2.88508
5.72002
6.19738
8.7803
1.77533
4.94443
1.34829
2.84582
3.17667
4.15822
3.8861
4.51271
2.16124
2.23251
4.58187
0.4068
2.75391
8.39129
1.55422
3.28383
5.10744
5.09374
1.5728
6.67782
2.67687
0.675597
10.4634
6.57044
7.07224
0.491454
1.95306
5.62782
3.84558
2.91485
1.90554
0.790835
2.702
5.17035
5.07078
4.3102
6.191
1.60054
1.49772
0.87444
4.45235
3.58332
2.19496
2.77887
3.9582
3.07306
2.43782
3.41426
3.65186
2.17946
1.64986
6.84625
2.61007
2.09446
1.76032
0.5798
1.90243
15.4359
3.70834
4.90657
4.71272
1.08964
6.12502
2.8891
5.98882
4.38712
0.56291
4.61405
4.45616
5.45904
9.17135
2.75956
1.93043
0.198413
2.86902
1.70819
8.04794
1.87284
2.95915
6.23302
2.89171
7.75764
6.73958
2.05762
5.20395
2.89768
5.88062
2.24047
2.70189
0.4496
1.54601
4.39296
9.75401
8.56063
2.36274
6.08314
3.37782
6.77407
7.5436
4.71002
1.12091
1.24001
5.13863
3.45857
3.1737
8.47739
6.4042
3.15479
0.79824
2.08999
1.28111
0.76741
5.59519
1.76573
0.693418
3.42083
5.33226
3.03824
2.77963
4.16313
3.6476
3.4082
9.13974
11.4381
6.81913
4.74648
1.62285
8.70889
2.99172
2.90104
5.11292
0.687608
7.63041
1.63391
3.38591
0.120468
8.23913
6.93884
4.81279
2.73696
0.861532
2.75195
9.76377
3.99743
6.79611
3.48503
5.68871
7.49433
1.76937
3.81125
2.8129
1.03253
2.49066
4.77003
2.58775
3.66185
1.59363
3.81572
6.50292
2.12675
2.71409
5.53682
8.08784
6.50601
2.18407
1.71982
3.51605
6.51053
3.95309
4.37651
5.41072
1.87916
6.32956
3.10039
4.41684
3.21013
8.88218
4.53629
1.53232
1.18577
5.9711
5.35622
4.14916
6.7581
6.11248
0.931846
0.661142
3.2827
3.83047
0.330813
3.9328
0.924109
2.02682
7.10575
3.08965
7.45348
0.728773
0.416146
3.00569
5.19652
7.13526
1.32804
3.18235
0.537004
5.46184
2.10863
0.926381
2.60362
5.76169
6.83795
5.02216
0.41781
2.142
3.38628
8.62173
3.9486
1.2227
5.13754
0.709289
0.818341
5.57552
0.987453
3.59249
2.93985
7.43449
3.84791
9.87413
5.65546
1.53801
2.10893
5.68949
0.731581
6.06596
2.88213
7.85911
2.39869
2.34943
1.45154
2.84114
3.2269
0.340689
11.7921
7.48399
3.51791
3.52457
10.6989
2.78492
1.28948
2.05769
1.12652
1.97136
8.66689
3.40549
3.91546
5.63559
5.91215
10.3335
1.36803
4.26443
7.86335
2.17527
6.86109
3.7544
0.373727
1.1062
0.715761
2.71687
0.334394
0.991235
4.53344
4.5002
8.76677
4.31874
2.17262
3.19287
5.05317
2.73209
5.64473
5.44627
12.8413
1.68495
4.23785
2.07361
8.69237
2.43334
9.90142
2.7668
7.89764
0.374879
7.46514
2.14813
0.93394
9.79557
1.80227
6.23997
2.70292
5.21789
1.06217
0.946895
1.47205
2.46734
3.61435
4.59398
3.58801
0.853172
8.77398
1.89494
1.5498
5.58616
3.13395
4.19135
2.34232
1.2226
3.46365
1.8223
2.67178
5.89736
3.03697
8.20559
2.6209
1.91305
1.5221
2.03454
4.70076
5.71216
8.98965
2.26913
14.9276
3.3868
0.698815
0.85677
3.97605
6.14008
8.75589
5.7367
3.97782
2.97495
5.07932
1.08718
2.38436
2.42364
9.33598
6.35417
3.51499
0.788673
10.6661
4.26332
2.41263
0.960319
0.712853
7.0221
3.74422
0.430624
2.27563
3.38928
3.85549
3.75593
5.00816
3.01978
3.95228
1.03761
0.540965
0.486466
9.84957
1.82764
2.12592
7.31772
2.17575
2.55223
6.63381
6.05458
5.86404
8.46443
2.50931
5.06205
3.44707
3.48912
7.66152
2.60289
2.35929
2.56338
9.98206
5.61733
4.18976
3.77434
0.82547
7.52598
1.47792
5.96949
1.36771
4.88886
5.6588
0.741501
1.83473
0.988735
12.4169
0.812767
5.35009
12.1724
1.49588
2.43509
2.33898
10.5414
5.35516
5.3125
2.85207
1.58601
2.3671
1.55258
3.58565
0.616103
4.4611
3.57028
3.10913
4.84765
6.99298
7.96338
2.02362
7.48061
4.34385
3.45433
4.81453
5.3913
6.62158
3.2499
19.5747
8.5575
5.35892
5.78165
8.1943
1.6464
9.54232
0.542887
0.503522
1.7557
3.52765
1.85558
4.44185
0.728745
0.81537
9.36718
7.01667
6.19707
4.0601
1.91361
2.20844
3.18483
0.93669
1.86184
2.92724
3.65485
3.35002
9.8018
5.70091
2.9668
3.58251
3.32194
10.5347
3.58997
8.18843
8.08553
1.46617
3.67321
1.60444
6.06469
2.09787
1.91394
10.965
1.97452
3.51382
5.18772
5.11019
1.80549
1.76025
0.485272
2.26648
0.879466
8.8312
3.11752
1.71866
0.954411
3.14225
1.97627
4.9102
3.27055
5.17873
0.420064
2.19753
5.56497
3.46403
10.4751
3.07642
6.20149
7.95349
5.82399
2.69399
2.00851
1.89435
0.879109
3.73594
4.82385
2.20527
9.32673
10.2768
2.34937
2.21823
3.25397
0.982328
2.06006
1.82529
1.7731
2.10179
1.54286
8.02491
3.08407
1.70126
2.1087
9.39963
6.33995
2.5182
1.1762
8.03796
1.8337
0.877002
0.84431
2.74695
7.9937
6.11448
6.36984
4.48346
2.79644
7.12339
7.50156
1.51391
4.44711
2.0561
0.954089
8.81427
2.23586
1.99192
8.14178
3.84432
3.21051
6.19057
3.2836
5.25978
0.52346
5.79118
2.11514
2.68213
1.40667
6.4772
3.76018
3.42355
2.88003
1.23594
3.04179
3.34437
6.83656
0.933823
1.1984
2.25989
6.81965
7.66505
1.03854
2.31666
3.01811
1.34404
1.77977
0.942443
2.49071
4.45184
2.08786
3.65959
2.56059
2.58807
7.78517
0.711508
1.39993
0.565448
0.83216
1.96336
7.85909
3.94182
2.07492
5.595
3.88538
2.65696
0.92982
5.81427
0.988513
7.69382
3.82292
3.92958
3.83309
5.38611
0.877654
4.05746
10.4081
3.30309
2.12478
1.23606
1.4914
2.07979
5.71766
3.14597
3.6952
2.40628
1.78278
5.65429
0.113302
3.53748
2.42971
4.17968
1.16607
0.825128
2.03652
3.25378
3.76161
3.78229
7.46543
2.04843
2.16314
6.96103
5.73202
4.32049
7.059
4.22165
0.287876
8.90486
5.68224
10.1222
3.72956
1.29275
7.74935
1.79413
4.81242
9.02314
8.34349
1.85567
3.79271
8.80716
1.69188
2.26196
4.16231
6.33755
1.93
2.33278
5.6824
4.20918
1.4839
2.77123
4.3709
1.2115
1.8772
3.07102
3.89759
4.05212
2.10877
0.383199
4.14274
0.508165
4.95615
4.08004
8.21779
3.73906
10.8976
1.25068
1.832
9.52591
3.40975
3.3863
0.792336
2.93324
0.412508
3.62107
0.332181
3.26675
2.87501
2.49125
2.6021
2.0425
3.44574
3.8903
3.88696
1.45709
1.0202
1.44025
1.9356
4.5715
1.58001
4.46412
2.58514
6.35225
9.80001
1.05993
8.58763
3.63001
13.9162
3.58499
1.45152
3.1418
1.7378
0.88811
1.35107
9.01333
0.480211
3.05147
6.05845
6.27726
1.69789
0.589965
4.66984
6.90004
7.03343
11.0332
1.13806
4.25722
4.11672
2.55857
3.1792
1.37072
2.11358
1.80827
9.58027
1.60974
9.33092
1.3499
4.75293
1.60616
8.34344
1.00887
11.0987
2.0618
2.2337
0.276607
4.44403
2.8488
3.08549
6.77587
4.58244
5.00094
1.82609
6.0296
9.09534
2.40069
2.52573
8.20294
1.83341
5.21938
1.41156
7.73526
2.82296
9.38568
0.643212
3.95484
2.57464
7.828
1.2667
6.16895
6.83998
6.10803
2.56062
5.01377
3.03427
1.89522
3.62386
7.05263
2.85052
4.70953
2.37135
3.47987
1.13157
1.48727
1.99253
3.8719
4.86436
0.267823
1.08003
7.99305
1.57162
1.77645
5.08437
3.05338
2.41289
3.08387
3.86176
4.93856
0.600221
5.37444
6.51235
3.6728
3.07835
8.47352
5.6008
4.23007
2.23537
3.00689
6.33156
4.0252
4.16921
6.35011
0.184538
5.19307
4.9374
5.26484
1.34896
1.40339
0.282272
10.8908
2.83086
1.99581
4.93435
1.64651
1.2676
0.938056
4.90766
2.60564
4.46466
4.36724
0.239711
5.15819
2.15732
3.60542
2.36419
8.73247
1.65119
1.14899
5.32533
7.7067
8.88888
3.35269
2.76248
11.348
7.15729
5.18213
5.04039
2.14436
2.36863
7.03858
7.93715
7.66661
0.611819
0.823172
3.34
3.32189
4.41302
3.27503
8.94568
3.76401
2.30335
0.487385
0.276157
6.21255
1.2013
1.14736
3.38619
1.7912
1.53267
1.90834
2.73005
3.23535
4.22196
3.43169
0.369139
3.04761
3.82277
1.42418
12.2166
0.352647
6.08817
4.24657
4.56126
0.635561
6.89823
11.9014
3.33141
0.337789
5.50575
8.67027
4.46984
11.5131
4.54048
4.37427
0.972663
1.34239
1.03701
1.70958
2.48619
4.79589
1.55855
2.22524
7.48714
6.61094
3.71253
2.46974
6.69607
2.71539
5.27884
1.67328
4.71247
7.04972
1.01985
9.19632
2.81204
3.89227
1.47136
2.09863
2.73228
1.38733
5.25017
4.44868
0.236446
4.37929
0.918919
2.9282
5.07398
5.50768
1.99196
5.36068
11.3652
1.29057
0.704572
2.80581
0.545962
6.62464
2.38107
6.10147
1.65969
10.3797
0.883014
0.645547
5.1755
1.49927
2.55496
4.20275
1.66848
6.31601
3.20568
1.42246
7.08804
5.9415
2.51372
3.93962
3.04492
2.0855
1.47957
6.09032
1.06278
7.97514
3.55054
1.66782
5.57007
5.435
2.69806
1.95216
0.986422
10.5868
7.62649
2.6777
0.756269
3.86659
3.59014
1.19111
1.0608
4.96642
3.92751
6.08757
3.39748
10.2669
7.1112
8.12321
2.18892
1.34418
1.47112
0.834844
3.28325
0.346033
2.98979
5.65086
2.79513
3.41509
8.95803
7.18301
7.52219
4.39552
2.63798
8.45385
3.28381
2.01701
2.91269
2.12944
5.89836
4.00008
4.70599
8.94788
11.4179
2.90869
6.27387
4.38766
2.07296
5.4805
2.45651
10.5424
2.32104
3.21518
4.52323
2.92019
7.67297
2.17283
6.60704
2.42354
0.128023
1.336
5.53531
2.09302
7.44695
6.96447
4.64491
1.90109
3.4931
1.27054
2.46866
5.23956
13.7951
7.40641
2.7952
6.53198
4.67885
2.33038
3.85499
3.02195
7.28536
5.87755
8.87857
3.58387
7.58536
2.83573
6.46846
3.74984
8.48907
3.75382
1.1682
0.630472
6.83741
6.18242
0.325352
1.7032
1.49513
7.37708
5.24699
2.17693
4.22919
4.09484
10.3286
6.98884
3.60487
4.28105
12.0803
2.75535
3.32738
1.98723
1.9513
6.19133
3.41932
1.06701
13.9371
3.4984
0.916368
4.10402
1.06359
5.151
2.45042
7.17872
5.79354
1.30354
3.1624
1.3783
3.26112
3.5986
1.892
8.91386
5.56495
2.38309
2.33365
3.18568
0.2614
2.31696
2.57781
2.00932
5.09489
2.66136
2.86404
1.90461
6.62982
3.27872
0.361314
15.1301
9.01288
1.18341
3.4593
2.79857
3.24124
10.0236
6.75364
0.165772
2.51132
2.0837
4.05581
0.440739
3.06651
1.46726
2.76241
1.84819
5.59062
1.46504
2.16166
0.836313
2.95073
5.59798
8.90892
12.1844
2.97352
3.71487
3.06764
4.42111
1.71508
4.06598
6.57175
3.42691
2.69545
2.27277
3.00558
3.54841
7.55388
2.06291
4.05096
5.43964
4.35788
0.530101
7.62669
6.79934
3.9703
1.89067
8.97882
1.75654
6.02276
2.33214
2.24141
3.12562
1.95073
7.93378
3.13443
4.5183
8.36767
1.5927
1.65236
1.98434
3.57917
3.06126
1.66327
4.54088
8.67839
4.45814
5.75889
0.201106
1.55967
3.99211
6.36873
2.66856
5.67436
1.42232
0.549865
2.98593
4.99699
1.61112
5.91199
3.23218
3.06688
4.38121
0.651713
2.61151
7.29644
12.9699
6.82206
2.25839
6.01829
2.18741
8.58594
3.49725
4.89194
2.83135
0.437277
12.5756
1.70944
5.72096
2.38571
3.33286
1.64954
3.23042
3.90623
3.05237
3.6997
1.12139
8.49013
2.96827
2.45487
2.10252
5.1292
2.86513
0.703247
13.3081
0.978083
2.53934
2.89238
2.97122
16.9809
3.76207
3.97433
2.38148
1.43698
2.50552
3.14482
5.05858
11.8607
2.00753
1.30332
4.39148
1.31353
1.68519
4.49118
1.8101
4.16642
3.71156
2.59874
1.29672
2.89652
0.425977
9.11682
8.88322
2.62465
4.0778
2.69983
3.17259
1.4398
1.03875
2.2091
1.90759
3.121
5.81461
15.4758
5.50093
2.96754
9.78083
4.03243
1.61794
2.49081
3.5903
4.94295
1.87891
2.73205
0.796839
1.34593
3.71548
2.56339
1.72036
5.22477
9.00083
6.25439
5.11846
6.39555
3.7133
4.3268
1.54388
11.9354
5.84467
7.5269
1.16531
5.77248
5.85003
5.47676
1.22963
0.866588
3.06727
5.81796
8.81262
4.14262
12.7954
4.49774
2.24823
3.31203
1.49957
5.17232
1.34724
8.00361
4.43903
5.62502
8.07303
1.67889
2.04317
2.68094
7.92347
3.91407
1.17776
5.11709
2.16838
3.43584
0.522127
2.21842
5.30476
2.51745
11.2545
11.3611
1.81211
1.77664
3.05438
8.27769
5.19083
1.93556
1.02829
5.63309
1.72877
9.3531
3.9222
3.69812
1.08902
6.03181
0.80416
4.16168
7.25442
7.68597
3.98266
9.38278
11.3161
0.73983
4.51727
1.56165
1.58574
1.21349
2.12408
1.22727
5.05535
5.02325
2.54168
12.122
5.21635
5.37044
1.54306
11.0793
2.27241
3.86857
1.19687
6.6956
2.00678
5.36654
1.65221
1.679
0.371408
3.35205
8.59792
3.17376
4.33435
9.66069
4.80593
11.6781
8.69818
3.6374
0.964426
2.51872
3.34438
2.98263
2.69592
6.22064
2.73766
2.65779
2.76254
1.8778
2.07001
1.56443
0.957271
1.13309
1.38518
4.03281
2.77247
1.07031
10.7813
5.81405
2.0537
3.52833
0.580123
1.25063
10.4986
0.905097
2.33645
4.71208
4.3244
4.09926
7.82137
3.52493
5.52852
3.0097
0.48371
14.4903
7.3619
2.11106
2.4383
7.72033
1.55972
7.26818
0.591865
2.1269
6.42162
9.77701
2.39219
1.73882
3.47403
2.00021
3.56993
3.23206
1.59379
0.94396
2.44753
4.85054
7.98383
3.27214
1.84462
3.4138
1.3694
3.28814
5.26904
4.35408
11.994
2.65415
2.13147
4.27453
8.23825
2.59403
12.2842
2.04011
2.712
5.56226
3.376
3.99592
2.96252
2.36683
2.36129
1.22699
2.44918
3.94316
2.98532
10.1603
2.51811
4.38343
7.1699
6.19078
1.26227
1.64214
7.26106
3.23992
8.58507
5.95963
5.98544
1.97651
7.10598
6.00229
1.37347
4.36574
2.21365
2.83608
1.21971
1.73147
1.18712
3.42914
6.96968
1.36392
5.17643
5.95473
0.366591
3.15743
5.19248
0.619071
12.5741
5.64692
2.132
2.47725
0.896243
3.44035
1.20871
0.345054
0.834099
1.45483
1.75589
3.13692
4.41296
2.20143
2.96414
1.93648
0.910956
0.184525
0.38842
0.918134
5.16192
1.66293
0.333125
5.83904
4.02995
1.57507
8.22751
3.2706
2.79424
1.12775
5.03036
7.14149
6.31339
0.774222
1.78408
3.98444
4.63879
5.72494
4.28552
1.73373
2.16923
1.91225
2.58883
1.74893
7.15129
9.29392
1.07427
13.2963
8.74435
1.76572
1.24037
2.39285
3.06916
4.21743
8.50799
6.83665
4.20945
3.83797
6.76989
3.90259
2.48463
1.86328
5.44007
6.42551
3.63696
3.65575
0.390983
0.917504
1.89666
1.91685
1.84147
3.31377
1.16735
3.7746
2.94075
2.72433
1.69696
3.20658
10.0382
2.66334
7.64717
3.1053
10.5571
1.57591
4.49719
2.14466
6.47771
2.65444
3.76623
0.257861
4.15322
12.1849
10.1854
4.98446
5.27798
3.70685
0.478482
1.95973
0.453863
2.67636
1.68116
1.39034
7.41038
6.79595
6.69281
2.21829
0.788839
2.81391
3.14479
0.133901
3.44936
0.669126
6.0615
4.72578
1.96982
3.33493
2.06061
2.80115
2.87111
2.28804
1.05532
4.08563
5.55749
3.07998
1.58417
3.89986
4.40285
1.42428
7.65088
0.801782
2.31705
1.17245
5.94752
0.570384
8.26808
8.63654
2.625
2.08106
1.03886
6.43057
5.82331
12.8052
2.41657
1.16381
5.22055
4.86974
3.52863
6.3827
3.19008
2.4079
3.70169
4.68318
3.60659
0.470661
1.43974
1.3993
8.14105
0.579988
5.71789
7.1121
2.20903
5.31674
5.86468
2.16697
0.915715
7.81828
2.40477
8.70835
1.70107
1.84659
3.9619
1.98275
4.92198
3.02671
2.81459
7.30224
6.55173
3.29893
2.02177
1.16323
6.60313
2.40796
2.37061
2.04153
1.45776
7.46363
2.26744
1.92795
5.02838
2.48333
6.78367
11.3067
3.23675
0.384088
2.94549
1.55555
2.47296
1.77193
1.36494
7.57439
1.86515
1.99715
5.80656
1.95373
3.19202
3.39149
13.7475
3.46207
4.90275
3.73183
0.685137
1.35617
5.93149
0.123152
7.6276
5.06626
1.97967
3.15691
2.65165
2.53709
8.33245
2.26797
2.34654
6.86708
2.5609
2.292
3.93427
3.36372
1.12751
3.14765
9.14991
4.66878
12.722
4.66919
1.2333
1.42906
4.77175
2.54226
0.68827
4.42478
1.82235
6.3095
1.49576
3.98899
6.98579
4.94036
3.01031
2.26157
2.509
2.91458
1.12385
3.88347
0.916498
2.07078
0.37613
7.33874
4.24543
6.38523
4.35111
7.0498
2.3072
2.21247
3.64966
1.0039
7.19947
5.92421
6.06825
4.679
8.75751
6.94543
8.38478
2.75209
2.06983
0.553757
2.21039
5.7337
1.99925
8.13688
6.40967
3.77591
4.25933
5.4271
3.99628
1.93046
0.619487
6.49512
1.13827
2.62654
3.62304
3.32365
3.7845
3.71656
2.14449
0.5331
2.12905
6.57929
11.3887
8.66246
1.29856
0.677567
1.96541
1.34348
1.48946
4.03163
1.69691
14.0414
2.1006
0.357767
1.28706
0.845276
3.10688
7.73157
9.11845
3.06809
8.36705
0.579288
6.21547
3.59828
4.86362
5.14907
6.68284
0.814427
3.11151
1.42983
4.4982
1.89766
5.51386
2.16096
1.61075
3.85238
0.577353
2.68718
1.52198
2.22927
4.47359
3.48583
4.9196
4.87146
4.254
3.41706
4.36736
3.56984
6.54889
4.40893
9.54117
1.08523
3.05399
4.74914
7.13243
1.22146
2.87618
4.91468
1.88884
10.0784
0.536746
5.28435
1.38007
0.73353
7.02106
2.1634
3.29519
0.477885
7.13765
0.889526
2.23631
8.84834
9.7905
2.43444
5.97395
3.63647
6.64855
2.72124
4.12596
4.61609
3.44111
1.11425
6.51369
11.373
6.84612
6.39414
2.79505
4.62528
3.68293
2.96342
0.530893
5.49995
2.95111
2.86511
3.84423
10.4438
1.17251
1.04846
2.79528
5.49368
2.66889
6.86182
6.72596
7.8009
8.5441
10.6512
1.15704
4.83535
1.88434
2.42708
4.34746
1.03567
3.00218
4.01909
0.328621
2.99873
0.760008
2.77118
3.80228
5.37721
5.41403
2.77982
1.51126
9.42806
3.66859
12.8327
2.14641
3.50267
0.996173
0.490891
1.78092
5.91053
2.7927
8.52217
3.33572
9.28501
5.24455
13.8941
5.44961
3.72007
4.89597
4.57496
5.1098
3.44821
1.29008
1.91241
2.92483
5.01225
11.5169
1.65768
3.86809
5.19959
0.803662
3.59978
6.68484
0.487422
3.29941
6.41718
15.0566
5.63629
1.61851
4.01415
1.81678
7.30561
2.73827
0.81264
4.06969
0.052233
2.14492
3.16418
2.21189
10.3491
4.74595
2.44063
6.10981
0.653051
10.7348
4.8463
6.22511
4.98554
0.55572
13.4176
9.06617
1.21894
3.0721
8.53926
2.59154
11.7315
8.95117
3.25773
1.41862
0.577061
0.72777
7.72249
3.93365
6.00128
11.1953
1.92366
0.498567
12.9855
0.518755
0.577439
7.02244
3.3063
1.64845
0.0869393
4.5796
3.12089
1.42186
0.898727
3.93342
4.24693
2.66048
1.32237
9.16804
2.56436
0.522036
6.67271
2.66002
2.72479
2.97385
2.82558
8.57351
0.745871
4.96641
6.73071
5.5337
7.69302
4.86862
7.12675
10.5509
1.5221
3.90298
1.96826
2.62568
0.550439
3.45415
6.99303
5.33534
2.27889
5.97049
3.15553
0.425543
5.81458
1.6195
4.27433
2.78404
3.60617
6.62033
2.56888
9.78953
8.63185
1.74569
1.18791
2.01637
3.94663
1.06951
3.17513
2.28219
0.88327
2.6375
1.96501
5.25316
3.06627
3.97303
4.7194
6.5411
1.65417
0.386092
9.06474
7.51111
10.8607
5.60113
3.19658
3.30964
8.29727
5.4436
2.40445
6.12105
6.59103
4.16048
4.55863
5.13816
6.10228
1.37678
2.07028
1.26985
3.15922
3.1567
3.02738
6.14886
5.19069
5.02262
7.12101
5.33598
12.7362
4.83865
7.75079
5.92998
16.4241
10.4148
6.29328
1.07159
5.23233
1.71686
0.466563
5.86808
4.11018
2.30453
4.92325
1.57552
3.56502
5.04361
2.12889
2.62498
2.59662
3.13975
2.14895
4.32932
3.57295
4.62221
5.39964
3.91606
1.53403
4.73952
2.77565
0.605449
1.31343
1.26787
12.0679
0.717159
3.81906
8.54378
6.8114
2.86165
2.6056
3.74609
2.44053
5.7802
0.328128
8.52826
0.956163
1.45466
5.2694
2.86229
3.91628
9.70328
5.85364
1.99814
5.64405
2.90074
1.08477
2.43854
2.27574
6.81587
10.1272
4.07317
3.98201
1.63909
5.50207
1.10497
7.29461
0.555417
4.38344
4.0394
1.65847
2.21742
8.50762
7.85323
2.961
9.55218
1.34765
3.73648
1.73235
0.759885
1.67893
2.99111
1.5169
2.10148
11.1333
0.726792
2.21258
1.87275
5.00802
4.56612
2.46954
0.0406283
2.66
9.60286
1.68195
3.80539
13.3855
6.04098
4.56632
5.80059
2.42295
5.36582
1.85741
4.80986
2.27189
1.3399
4.89661
1.33271
1.3643
0.365724
3.03623
5.33681
8.33345
3.91659
3.89862
3.67573
3.53474
2.12403
2.56623
7.37691
8.59727
8.19763
2.16843
0.953797
5.08723
5.32014
7.50755
2.67225
6.19691
4.60842
0.948744
1.59487
2.71131
5.75032
2.63711
4.71714
4.29092
4.67238
0.811543
5.19333
3.61175
0.939047
2.3375
9.86671
4.06503
2.71612
1.66442
5.95564
4.23366
4.69122
1.21686
3.07944
9.62694
3.613
2.90638
0.967665
5.23415
3.602
9.27713
1.08397
1.28309
6.4253
17.0622
2.63186
1.74584
2.60141
2.13658
9.76458
6.3642
5.57895
2.30283
0.524074
4.2303
0.191751
2.35328
0.620625
7.30931
3.4502
3.19884
5.03864
4.61604
1.77998
5.48157
3.21255
6.12994
1.62696
10.7372
6.80827
2.32295
1.60678
7.89389
1.81442
5.24065
3.73531
11.8469
0.881163
5.34725
1.76457
2.21424
3.11038
6.01306
4.0235
5.62503
10.3198
3.60922
2.648
3.72171
4.94005
2.69646
4.00825
11.137
4.23331
3.70031
2.58621
3.28715
0.95481
3.81042
1.35152
1.64296
2.84864
0.778452
6.3638
0.855417
2.34882
13.3662
0.323491
0.77784
5.25815
1.62747
6.6969
4.81746
6.62676
10.2278
3.17026
7.50271
6.86363
2.02153
2.68367
4.62131
1.48665
4.38948
2.1185
5.09988
6.64482
2.12948
1.46161
3.74039
0.635342
6.0572
2.21489
0.992934
8.8274
1.82793
4.44671
4.11458
3.48212
1.69008
3.60782
6.72827
1.38026
5.58577
5.85378
2.51397
4.83578
3.24055
6.0473
7.64301
5.31255
5.42869
2.44235
1.34779
5.48389
3.58
5.58312
2.19424
2.47828
7.92063
1.05293
9.54443
1.33608
5.85469
2.02561
7.64444
4.57573
4.23406
1.32948
1.85463
7.61693
7.02256
3.58178
2.68512
4.55751
0.923026
12.2697
4.73127
3.5305
1.25477
5.63297
5.43129
10.5863
12.3619
5.95583
4.26955
2.64972
4.34897
3.1086
3.28298
9.17875
1.63915
1.67485
2.16328
3.3197
5.3545
8.60778
2.34442
15.8458
6.433
1.52574
3.91703
7.19062
2.50095
7.92283
3.4143
2.53192
3.92156
1.36036
10.4937
5.96141
10.8609
1.93962
1.14419
2.613
2.62712
2.18789
2.8039
3.22573
12.5592
1.18095
5.35172
5.8081
4.06446
0.804606
4.76813
0.972193
3.12645
10.9189
3.82089
0.232398
3.93245
2.49537
6.37059
8.56395
5.94675
11.4801
0.915184
2.31976
6.4716
3.2339
4.35433
3.1981
5.69387
3.34951
0.82109
4.05957
3.52475
3.00934
3.85923
2.60384
1.19771
8.40339
2.27218
6.57111
2.77786
1.96064
4.08664
4.04355
5.38767
3.88948
4.73696
12.5471
3.14794
2.39854
1.90453
2.05721
1.06026
4.56568
2.26605
3.93276
5.85249
3.67423
4.3464
0.904425
3.17054
5.05617
7.27423
3.17116
1.47615
3.17901
4.20618
1.71726
1.02653
1.46276
2.69496
3.31573
5.03387
4.21346
2.25135
13.1875
0.691541
4.35292
4.76355
6.46938
5.10597
2.91241
4.35323
9.988
2.91155
5.99835
6.867
1.58897
2.75305
3.88922
1.66763
1.97026
3.39141
7.19522
3.1433
3.01796
5.79019
6.16663
0.381404
2.3365
2.17881
4.29499
6.00589
2.61582
0.122348
6.25576
1.80577
2.25323
2.43101
1.86594
5.69681
0.868653
5.58756
0.862062
12.8361
4.71922
1.11804
5.98325
4.11163
5.08381
3.68016
8.05629
7.02534
1.732
3.23227
3.90057
4.1651
0.955376
1.2341
3.88613
0.594597
4.43932
3.57975
2.72448
1.90596
6.79813
20.4269
4.61587
4.88583
5.35582
5.7977
5.16641
2.72808
2.00954
3.68082
4.45972
6.30663
1.57651
3.08051
3.7653
4.07137
3.11998
1.76446
3.00707
3.42789
2.32852
3.89294
5.42932
9.74575
6.5326
2.49553
6.65195
2.9228
1.57528
9.22761
9.62488
0.39251
7.57349
3.32682
6.09512
2.79211
4.29619
5.01346
6.97906
3.56766
8.04127
2.27546
6.79621
0.699628
1.76144
6.24668
2.37892
2.07865
2.88969
1.37873
4.71544
4.33872
4.82691
2.2293
5.96768
2.11883
4.84141
10.7034
1.72046
2.92525
3.34389
3.82987
3.31033
4.21504
7.24209
5.04671
9.51211
4.14691
8.9819
9.20678
4.04489
4.63991
5.57753
1.22137
2.74907
7.35143
12.3002
0.580704
0.235635
4.99805
7.33515
5.27024
5.82586
3.25285
2.31082
2.50697
2.22514
6.45621
5.07117
3.62247
4.72688
2.06933
12.459
2.11055
0.362535
2.233
5.06758
9.90217
7.04309
1.87461
3.96725
3.90165
2.59316
0.981421
3.3359
13.6509
5.1134
5.18547
2.04564
2.87906
4.3865
8.12468
8.0892
1.88254
2.69839
5.53723
1.88807
3.84863
4.27643
0.757242
3.36217
4.47946
6.61324
3.91582
4.65494
3.43075
4.78646
1.66069
2.06184
4.41372
5.63057
1.07318
0.865909
5.99556
5.33216
5.11684
1.74547
5.11911
3.81504
1.39505
4.08277
9.35728
1.81533
3.67408
4.27683
1.08528
3.45225
1.16354
1.80174
3.11488
2.51498
2.49652
3.37093
7.30091
8.11298
4.47083
3.15766
2.16348
0.609658
3.82526
4.56347
3.08122
2.80799
4.76951
5.90868
3.58504
19.7787
2.24084
4.50664
6.84934
4.24648
2.02459
0.960048
1.41414
9.73128
3.43013
5.73774
1.12727
1.94351
4.44209
3.62859
2.49014
2.17979
0.326936
2.79514
2.69101
1.13698
1.55362
2.02036
2.07367
0.824855
2.75753
2.86618
3.2595
5.09427
1.31996
3.76374
5.95629
1.83357
4.00699
2.69359
3.09715
2.4976
4.43194
6.04764
8.92037
2.42484
3.66148
1.26408
3.1079
1.74506
2.73676
0.764717
2.63186
1.89057
4.19817
5.06691
4.57108
2.09185
3.66402
4.48977
10.0564
2.66953
0.456268
1.96011
1.00037
0.876266
0.148238
1.50831
2.47586
0.61741
2.76139
1.80026
1.46953
1.22769
5.16467
2.00105
1.61579
1.9766
1.95506
6.14142
5.13465
0.683375
3.64534
0.742118
2.22349
3.92959
6.62776
5.02822
0.176163
2.26526
7.78867
3.15642
3.67084
4.57728
2.75541
2.34916
1.79008
8.45822
4.40224
2.95264
4.15431
13.8211
14.9927
5.24673
5.3327
3.71721
3.25875
4.70805
2.51626
1.48058
2.3871
0.839115
16.6823
2.52562
9.07048
3.07491
3.09956
2.25948
2.30952
3.16685
1.85131
5.10618
0.495003
5.09446
0.659121
10.2197
4.2053
2.98878
1.7727
3.33796
8.38662
3.05097
5.84032
0.831448
0.58977
3.26667
2.38305
3.63476
4.61108
7.95111
1.69752
2.56649
3.4935
1.58937
8.2711
6.14575
0.171316
2.31135
2.66118
8.44568
2.0571
2.35628
0.526585
5.82064
8.2776
4.45207
3.00635
9.61528
3.97406
4.32135
3.35531
1.47933
3.55743
4.04488
1.48416
3.41505
3.50572
3.67154
7.16909
0.425953
2.39418
5.74918
2.91279
2.01256
0.205338
3.53469
5.35092
6.25975
4.83084
10.7286
5.97169
3.04401
5.72331
4.71664
1.04569
1.0751
1.25139
3.16311
11.7559
2.7182
6.8706
2.71331
8.16591
1.36721
2.07211
2.30696
3.17074
3.88453
2.68499
0.690383
5.14357
3.49565
0.506219
5.45859
2.38422
3.20495
5.60466
4.54956
1.50211
3.33763
1.77694
7.36129
14.0655
1.3993
4.41027
4.08036
2.49886
2.20899
1.33488
0.711883
2.2547
1.20038
4.7292
6.64502
3.00348
2.47119
3.2977
1.69326
10.0193
4.38593
1.80731
3.50832
7.82218
5.2496
1.76217
1.1821
1.80574
1.59403
2.36829
0.338284
5.31737
4.35525
2.87024
2.6728
1.56081
1.09494
2.36688
5.57569
5.14058
3.05551
2.58642
2.93938
3.44662
6.03075
3.07318
8.3091
5.86055
2.89291
0.649421
3.21811
5.0268
0.74895
6.97412
1.16665
0.480319
1.66819
11.4075
4.82768
2.28931
2.58994
1.64089
1.32306
1.74674
1.42168
3.66006
1.56639
0.626312
5.44718
2.42776
0.571718
5.15905
2.54231
1.40884
1.91323
4.06821
0.620654
2.03446
3.87871
2.0009
4.79656
7.30492
9.2766
3.65069
5.94426
9.96157
5.63735
9.54864
2.57886
3.77512
0.89127
1.23407
5.47775
0.329267
1.68406
7.05815
1.23757
2.39895
4.83638
3.3489
6.26243
11.2352
3.6578
1.31035
1.19834
6.18335
0.2584
8.60132
2.42542
6.44505
1.96811
3.48084
6.43953
2.90666
0.908996
2.07839
2.3165
4.87958
1.37379
3.41914
9.55232
1.74083
1.18566
1.19501
4.47819
1.88817
2.20177
1.43632
2.69868
4.5024
1.4689
1.38361
3.02685
2.87589
4.12688
7.8158
4.23808
1.95233
4.05772
11.9211
2.47411
3.0056
2.17853
6.05741
4.84869
1.11259
2.29389
7.2814
2.957
2.09002
5.23879
1.11205
1.06848
12.3172
0.883384
2.50944
1.63331
2.70551
3.60287
4.45054
2.15256
1.98154
6.79816
2.94348
2.3437
4.12671
4.48163
2.19829
2.46471
1.26082
4.52229
0.965244
0.849322
3.43384
3.2069
2.20233
1.18365
4.5278
4.34705
3.03871
3.04949
2.13027
7.99322
5.76349
3.87908
2.54576
0.868869
2.40644
2.75541
2.15085
2.67968
7.79589
8.85639
2.56608
5.33125
10.7717
2.51946
1.99248
3.9859
3.15108
2.3823
4.92436
2.87842
4.15363
1.28687
6.54555
2.54834
1.15861
2.1404
9.54709
2.9109
4.4768
13.2531
2.75641
0.663765
5.17182
3.35943
1.23163
1.84812
2.10885
3.52721
4.00448
2.78704
3.01659
5.53713
1.63777
6.91397
2.86941
6.55336
3.89957
2.6704
2.81093
1.72909
3.21003
1.45032
1.44591
1.14744
5.81242
3.70341
1.83137
9.05945
1.16061
2.86914
0.822615
3.13159
3.96426
1.62489
4.31523
6.20903
1.45887
3.45287
0.661764
4.99697
9.38676
2.45845
5.17018
5.20128
5.23776
1.95853
11.2828
2.46999
4.57437
5.72293
3.39962
0.762735
0.456193
6.00779
4.93755
8.47096
8.15786
3.31634
3.41636
5.75429
3.45866
2.35647
5.41268
2.82059
7.67769
2.14607
2.59815
5.67393
0.631373
5.28687
1.39311
4.80082
1.17943
4.5415
7.7611
3.05735
2.75413
1.66197
6.66606
7.52135
4.25979
6.98227
5.9458
9.12711
2.86569
2.84153
4.87026
1.88096
4.63355
11.8989
0.709632
3.99268
1.36298
3.32593
2.91625
5.24913
7.13923
4.91146
9.93802
10.1426
0.484766
0.668662
2.16473
11.053
1.8563
3.61497
6.15687
3.62985
2.81556
0.677221
1.9841
9.23858
0.245592
3.83541
11.1504
4.78213
0.885173
7.60097
3.64098
0.71012
13.0828
2.35614
0.480012
5.91938
2.40076
7.35429
8.2106
0.577725
2.61557
5.98626
1.84832
7.73534
10.4648
9.9938
1.02936
11.2371
2.95434
3.37908
3.50206
3.72594
2.25095
8.37222
11.8356
4.66672
4.73798
2.65061
5.7276
1.44253
1.03619
3.17987
2.91693
7.58003
3.52115
2.90523
0.718911
1.12263
4.25525
1.37898
6.2258
1.63254
2.41121
1.03604
1.27256
0.771869
2.22687
1.8742
5.76878
6.86169
6.99453
4.94431
2.25192
7.48291
1.35747
3.82566
6.66369
11.6523
0.736583
5.60232
8.02665
8.84468
0.844044
1.83282
4.48253
1.49196
0.457571
3.07947
8.11978
3.44319
5.37244
3.83682
5.97038
0.142591
9.69749
1.79872
13.5453
5.41381
4.71224
0.58687
4.84011
4.44058
1.98836
1.67535
5.0056
1.36389
5.84058
5.92338
0.185046
5.09491
3.44639
3.34348
5.10989
3.49557
2.73697
3.259
0.193695
7.11239
5.55717
3.47198
5.37249
2.81094
4.36767
1.00917
6.17242
2.39652
3.92429
2.39975
3.23191
2.09416
1.32679
6.71409
4.77759
9.12513
7.07721
2.42338
4.20809
2.58354
1.93277
4.04504
1.06873
10.1459
3.01515
2.1312
2.45737
1.19278
2.50506
1.68105
1.98589
7.86444
0.493401
3.29938
2.69863
3.08861
1.95193
2.09
0.558997
6.09432
6.96874
1.82255
3.44199
0.9625
3.89362
0.332299
3.77201
2.49505
3.3603
2.19933
8.42227
7.24164
5.0081
4.10138
5.50042
2.10657
1.46245
6.35386
4.80157
2.70015
9.38267
4.84069
8.50318
2.49926
10.2494
2.47227
10.8399
5.88769
1.87829
8.24475
1.55471
1.61038
7.70076
5.29874
5.06227
1.92411
1.57156
2.61284
5.38062
4.63317
5.48136
6.12295
3.78821
5.07025
6.38396
2.29245
10.077
3.08378
1.40824
7.46928
7.06692
11.3193
2.58145
4.47146
8.67634
8.35986
3.61172
1.92949
1.57558
4.04369
2.76186
1.84032
2.56821
4.75797
8.29498
12.1773
5.17132
7.97283
2.80995
5.04868
0.715183
8.25363
3.20478
1.43672
7.59684
1.88449
2.31692
5.16718
8.36388
3.40708
2.77098
3.13894
2.03193
2.65035
3.26477
3.68503
1.01401
5.15056
3.28805
2.46888
2.6397
1.81767
3.59687
2.76104
16.4197
3.24827
3.18374
5.00939
2.82138
5.26695
2.38857
8.61818
5.41399
3.14531
5.40498
7.45324
1.37994
2.79963
0.852085
13.7065
3.18518
1.04677
7.24557
3.44929
6.26908
3.24391
3.02079
4.79113
1.86925
7.74458
0.207244
6.87979
2.49669
10.2251
4.54805
3.3029
4.63657
0.985534
5.1001
3.75673
1.99714
5.54463
7.59646
4.04251
2.8232
3.65355
1.22803
1.18194
5.80878
6.51034
2.61877
7.63965
6.28284
6.11052
1.00215
1.91241
2.22845
0.439995
4.40062
4.15529
2.0539
6.81614
1.99205
0.334682
2.3216
0.942283
16.6936
3.92789
2.32084
3.95129
3.43083
1.36017
1.26046
0.651108
5.45127
6.63633
3.52082
1.7191
1.74791
4.11126
1.88199
2.28067
3.47603
3.7654
3.66994
6.87685
0.842432
8.28074
4.29855
1.91281
1.94378
2.04486
2.18252
2.64994
8.21313
2.0157
4.13577
7.07859
5.48811
3.49247
0.570599
3.39752
4.36635
1.81502
1.89247
6.09172
2.65606
7.69293
3.59514
5.16472
3.50211
5.9575
11.6859
1.52198
2.01169
4.76425
1.57463
19.6512
7.99551
1.79821
3.20871
3.37624
2.7053
1.87824
5.53893
2.9149
1.29552
0.315939
1.80884
3.33494
1.3726
5.70826
3.34765
3.64294
5.07751
6.76659
0.651642
2.9667
8.03645
4.52304
3.10886
1.85455
0.175989
1.66541
3.54342
4.7684
4.78513
1.06157
2.42829
1.14659
1.83643
13.5055
1.89729
3.97504
8.44892
9.63273
5.04127
1.44655
1.28154
0.804556
18.7686
2.93315
2.83859
1.8065
5.41798
2.12801
3.8763
1.92916
5.38429
3.18458
2.20618
9.02037
3.84067
5.711
1.16779
3.25856
2.35159
4.22369
2.9705
1.19163
0.458735
3.29835
4.9005
3.77273
16.5813
3.48442
5.23208
0.091896
1.51616
4.93993
6.92697
4.51905
0.40128
3.93736
1.16257
1.65241
3.84546
5.78386
0.395824
5.01221
4.9744
0.720486
10.0197
4.39292
5.38128
6.13574
0.186248
5.68676
4.66603
1.18259
5.25801
0.151716
4.23673
0.895232
1.22925
0.686856
4.57484
3.08838
7.04568
1.51075
18.0467
3.29295
1.98403
1.79663
8.1293
0.201602
4.54529
4.1813
6.22093
6.29924
5.67711
1.13206
2.64408
7.54772
2.39685
7.03017
9.38384
4.96937
3.35768
2.76854
5.84848
5.43585
2.55575
5.11196
4.38766
5.45743
3.99244
6.18422
9.09384
0.810783
7.11331
1.9735
3.92986
4.59455
6.13655
1.53649
3.70571
6.52841
0.81785
1.79797
2.3144
5.22151
1.04788
2.26942
3.49283
3.39441
1.71102
1.88293
2.34738
6.3408
6.0009
1.58429
2.78786
4.24158
6.64519
3.50961
6.21225
3.66175
0.630987
2.57381
1.19218
1.35029
4.29585
1.79064
5.50519
3.54415
2.31252
2.84324
3.31127
3.62948
6.78013
3.90751
3.69617
10.0775
0.813994
1.01847
0.940054
0.600206
5.51356
4.0628
2.37145
8.03872
2.14194
1.24802
1.74033
1.91635
6.00208
6.56516
1.29249
4.99834
4.47076
6.73894
6.01246
5.24978
1.79929
2.91056
7.08063
6.8787
3.0981
1.67178
0.974691
5.77756
7.15635
2.37812
6.9338
1.26584
7.46324
2.39868
3.24586
3.45828
3.02702
2.69247
7.80497
4.0789
1.1028
0.723308
2.34238
3.11897
1.07967
1.32796
5.4801
3.76451
0.457825
3.1485
3.9764
2.94303
5.03671
4.57012
15.2337
4.85597
2.38902
3.93303
1.64771
7.02258
1.79243
6.84502
5.05938
4.59299
1.85297
2.99341
3.92099
1.36073
3.94738
2.46443
1.63108
7.59722
9.67814
2.31734
2.61225
3.26305
6.40541
1.97403
2.8071
3.68579
2.60646
0.786695
2.4811
1.81759
5.2245
5.89775
0.396173
0.583299
0.930161
1.36917
6.07417
2.76154
4.50861
4.94378
21.6914
1.40861
4.78834
0.933086
2.24268
3.31483
8.15851
4.59408
5.07977
3.67909
2.31026
2.74469
2.71278
5.01434
2.16841
1.94754
4.09906
1.43598
5.21566
0.21196
10.6832
4.029
0.774228
1.55942
4.69167
3.0756
1.82472
9.10603
4.37058
4.14055
3.82158
3.82322
6.60328
3.85195
0.25824
3.86073
3.92151
14.6157
1.82921
6.92067
3.55307
6.30241
2.20884
2.23319
6.9276
5.80251
2.85639
0.288871
3.00598
5.02444
2.02076
2.63146
3.87676
4.32959
2.88535
2.53955
2.37385
5.73132
1.18105
5.55285
1.80816
5.86807
4.09647
1.62594
0.420732
3.11968
5.39411
2.2817
4.71086
8.56474
2.55076
1.01787
7.33449
9.65517
5.78815
2.2143
0.544906
2.21674
3.10603
1.6606
1.46377
2.38452
11.3666
1.51212
0.916389
2.66353
0.900148
1.79184
6.3026
6.02748
1.65566
11.4457
3.02985
2.87595
1.80114
1.38832
1.36669
4.07068
1.20874
3.35699
2.98699
1.36705
4.77958
2.28493
1.24785
3.2023
8.53872
1.59585
10.1655
4.66427
2.56848
9.1932
0.0708143
1.80486
5.77196
10.9332
1.3672
5.46074
11.6011
1.29191
5.03588
1.38006
8.92207
2.50769
9.6199
5.88262
5.10254
2.89763
5.72691
2.39927
3.67108
2.06538
9.13065
1.44123
4.43899
3.70098
2.34246
1.33546
1.94015
0.639283
2.38804
1.51161
3.01799
2.87914
3.59901
2.70156
9.35641
1.03993
1.64277
2.55305
3.39545
4.66036
2.21102
4.54342
8.08083
2.228
4.50696
5.81701
5.89466
3.3822
4.25884
4.15648
3.5312
6.70594
1.64782
2.32401
8.48598
5.74891
4.95834
3.16706
2.48726
7.60721
3.90489
6.48288
3.45241
0.186306
3.30837
2.45737
1.90057
5.91677
4.71093
2.42168
3.28496
4.70857
4.32227
7.64996
6.26777
1.11919
4.4324
5.42566
1.11965
8.02566
4.04396
6.37162
2.39219
0.602337
2.53195
7.83273
0.849822
2.51817
2.95169
2.93899
1.29274
2.83391
1.6206
1.99992
1.89199
2.02501
1.87052
4.03002
4.74811
4.79431
1.21655
2.91054
2.37432
0.668708
4.83675
7.3862
1.45078
4.45372
7.58863
2.80863
8.26957
1.3995
0.988692
0.257533
1.90265
5.99919
6.26312
1.69308
7.96202
9.33152
4.87495
0.77105
9.20717
0.532124
4.94359
5.49185
2.10356
2.11102
2.89414
2.84057
4.54722
9.62215
2.04611
2.53998
0.713916
6.78702
3.5637
2.2191
1.83204
0.515674
2.70142
1.32732
5.89786
5.18882
2.40832
9.26594
7.58457
4.84335
3.06069
3.84375
2.76536
3.3254
2.67422
5.05124
0.321385
4.59606
12.9872
4.36574
7.00778
2.15756
7.57887
5.34288
7.52581
3.26811
1.16706
3.61894
3.11398
3.04768
1.53259
8.36999
2.56672
2.78862
4.66068
6.09719
3.67155
3.59147
2.45574
5.30916
3.56091
11.7505
1.53295
0.535794
6.56386
1.77908
4.72671
5.36715
3.65753
7.39029
7.67054
2.17315
6.41453
5.17979
1.25524
2.80286
3.89172
1.74885
1.35843
3.93967
4.18645
3.94172
1.75181
4.46571
7.51422
9.69085
1.21965
1.89183
1.9524
8.32913
2.68055
6.28881
2.88504
0.705158
3.44952
6.71648
3.02476
5.13619
2.9828
2.76084
4.96113
3.73158
8.15113
3.12623
7.10019
1.30907
1.80392
5.506
8.10269
1.16861
9.42571
3.97224
0.314766
4.65349
1.258
2.73549
4.77143
3.02907
10.9998
8.15924
7.7588
6.54131
2.44999
2.25824
2.81447
0.288165
1.89172
5.83911
6.32183
6.2764
4.97302
1.04402
4.01578
1.5437
6.48691
4.44239
2.88544
4.53872
5.9489
2.69551
1.66395
4.70974
2.92439
1.51864
4.09514
2.21881
3.63825
5.36949
8.10827
5.47705
4.90464
3.16796
2.49195
3.5765
1.89186
3.20482
1.22364
5.98736
1.68733
6.29676
7.79476
1.95028
0.256921
4.20655
10.7708
1.99065
2.98722
4.86887
2.10833
3.40116
9.78093
3.82315
3.77403
2.9002
5.09887
2.42097
4.63251
3.67363
3.2015
3.16336
7.46931
0.837003
2.2707
3.39767
7.4666
3.55905
2.46311
9.35428
0.67944
1.9275
3.96992
6.7664
1.76098
6.1968
2.84305
3.39266
2.23094
1.44661
3.13517
1.14291
3.15494
6.30574
1.93887
3.05561
3.56928
9.16706
0.826079
3.72949
2.17888
3.87649
9.64346
3.23203
5.55133
3.44417
1.72206
2.00607
8.61865
1.91777
3.18813
8.98345
4.14691
4.57497
2.57271
3.05447
0.321308
2.83738
0.64349
1.17583
2.29181
10.795
2.35533
2.63901
5.39605
6.4274
4.64625
1.33457
0.651355
2.03935
3.88024
2.33274
11.7127
1.8496
2.57745
4.01781
3.19174
3.80833
3.7872
2.65116
1.45014
4.00033
1.48497
2.53186
5.90005
3.33399
7.4346
4.60143
7.34787
3.00183
6.20942
7.94966
4.94738
8.52549
7.50963
2.27485
6.35656
3.39109
3.10687
3.88561
1.52026
4.41024
0.769886
1.8982
4.22147
3.2919
7.07731
2.83664
0.823064
1.36787
3.99038
1.8623
5.87719
10.4224
9.41691
3.35552
4.12709
7.96004
9.92644
5.25493
1.10342
2.85248
3.68691
2.0463
4.7003
4.40075
9.09942
9.75395
2.27125
4.82953
3.39985
1.30609
1.91896
0.620503
8.46063
3.94526
13.1944
1.01229
5.55218
2.59519
1.95192
3.34713
2.46004
1.5759
6.49581
1.27844
8.2507
4.16555
2.78488
3.79378
5.10286
2.07606
6.49753
3.22434
2.35627
1.47968
1.14172
4.55933
6.55133
2.1396
6.80302
3.84018
2.19457
1.73835
3.91313
1.13451
2.56905
2.20331
4.04266
5.59453
3.37663
4.33973
6.40249
4.94279
3.59972
2.86261
4.78557
5.76707
7.02345
0.922877
1.02751
2.52798
3.82455
8.31382
5.29937
1.7525
1.52545
6.51838
1.57338
1.67446
3.96619
4.08964
2.21623
3.30756
7.14449
3.12513
4.11308
3.53193
9.91739
4.38491
4.29786
16.9072
5.97155
4.41097
2.28907
8.008
1.99688
6.04345
3.94122
1.3716
10.1068
1.04954
0.4542
2.81206
2.33165
3.36601
3.76575
3.59365
3.08739
9.27027
3.71418
2.34283
3.79244
3.31567
1.9607
7.01477
7.91465
2.99751
1.2789
2.55014
3.97913
10.7357
0.547409
2.65884
2.30993
1.75173
6.17606
5.5974
2.55485
1.08277
6.70422
6.385
4.08286
0.793708
3.98254
4.03534
2.41434
0.334178
2.76263
1.84676
11.6566
6.62542
7.81473
5.5767
10.0365
2.076
1.50551
7.06999
4.74062
0.810613
3.35982
0.890062
1.47787
2.56715
2.7196
4.27459
4.08968
1.64707
7.11589
9.6051
1.571
5.42861
4.62941
3.70952
6.36447
3.47666
5.78245
5.71103
5.60472
11.7918
6.7482
4.77468
2.66932
6.51151
3.49252
4.87585
8.43505
7.93886
1.61336
0.419785
1.91702
1.61917
11.6495
4.77458
4.3636
3.70103
1.05847
1.41046
3.23154
2.54434
4.52812
3.47217
5.18253
5.60192
3.32204
2.5076
8.15055
2.49487
2.4767
3.82951
0.816194
6.42299
4.98983
2.56599
5.74128
2.52198
1.33464
5.71672
1.20896
9.76156
1.46689
6.01672
8.85154
3.16276
4.81788
1.33479
4.10725
1.68902
4.91118
2.45864
1.9419
1.06163
4.22339
2.71691
2.9796
3.062
2.57901
1.09792
6.36615
2.75707
3.07313
1.78442
3.55096
1.88993
4.5946
3.27068
1.14179
5.8901
3.30999
6.61447
4.70872
2.91773
1.86706
2.1331
3.80559
3.47549
3.48681
1.76598
3.82267
2.70483
3.04089
10.1546
5.28058
1.55566
6.54953
1.80669
7.69232
1.01646
4.06988
2.61367
2.08573
4.27336
2.55129
2.45642
2.4227
5.32586
2.66262
2.07198
1.48399
1.60324
0.244622
6.78946
4.91739
1.86277
3.77734
3.56418
1.82577
6.21188
17.6528
2.88856
6.6799
0.44087
1.94345
3.05665
3.94517
0.858189
5.44173
3.34947
8.41144
1.91757
0.43775
3.30598
6.86479
0.862816
4.16765
1.33891
5.26838
1.77753
8.62042
3.37612
6.39277
4.44469
2.13661
2.56592
1.9184
4.87502
1.11878
2.72282
2.60557
6.82902
2.03399
0.806853
0.816574
3.22088
1.65363
5.38964
3.18836
3.57373
2.24099
1.66254
4.33929
5.34906
2.25123
1.77204
1.71248
9.20744
4.32311
2.47556
2.71141
1.5463
3.08295
2.79268
4.05167
8.47149
5.19393
7.13155
3.85296
5.32497
5.76175
2.69154
6.115
4.75201
5.72985
4.73071
2.58286
3.29354
4.24129
3.05578
6.36786
6.14445
3.68672
3.70955
2.42648
10.9071
4.22149
2.70117
3.67144
4.53483
3.70351
3.07133
2.79418
5.30227
5.34916
10.1353
1.6336
6.11949
5.44512
5.14781
1.07823
1.7943
4.32437
3.60742
3.97711
7.65318
2.22096
2.4013
6.3937
3.09046
9.35775
6.38716
2.15184
5.94444
0.252254
1.06981
3.00779
3.56887
1.45672
3.47319
7.32872
6.25959
2.82719
4.44413
4.06436
2.06687
2.81722
2.00974
4.28736
5.67801
3.87334
6.83785
9.17925
1.48959
4.97095
3.67284
7.43707
4.29341
5.41023
1.42043
10.8995
3.32902
7.23008
4.90839
5.56032
1.4609
2.1236
5.01956
3.36213
7.88853
2.71511
2.80441
6.69376
3.48797
7.1568
7.79008
5.99802
6.33767
2.04006
0.767435
8.14567
2.12145
5.85267
1.34822
5.66757
3.83256
4.15603
2.9375
1.91022
1.17517
3.46652
1.64863
6.84693
3.22497
4.08272
4.65097
5.6371
1.99811
6.65203
1.73625
2.06518
1.45475
4.73953
1.35358
3.33877
1.39641
0.97619
1.2612
0.861487
6.2384
3.74118
8.53394
0.527675
6.56755
7.07214
5.0271
1.69927
3.8512
7.44075
3.73206
3.70084
1.93473
2.34652
1.28122
4.89536
7.1083
2.57383
3.35296
0.673616
3.69732
2.13397
0.808533
5.30101
1.20091
4.15784
1.95467
1.56179
4.25191
1.33958
1.1785
5.9079
0.695042
3.56625
2.82114
2.03625
1.59377
4.99962
6.60063
5.80676
4.6179
3.99099
1.01272
6.77773
7.89214
3.5571
3.13498
2.6301
0.524881
2.16343
2.61047
6.12231
2.90832
2.6741
7.31689
5.02301
4.08182
3.68277
3.67247
0.526962
2.62306
3.70385
2.73793
2.70735
11.1143
4.3033
3.14532
1.37891
2.09986
10.9181
3.27417
2.95324
3.07061
2.74175
4.60183
8.67906
5.10375
4.46146
1.14686
3.64249
7.54204
1.48175
0.828449
3.86462
2.60853
4.01608
7.66674
4.21948
1.7754
2.95888
0.91232
1.18291
4.52471
1.57359
2.46383
1.37132
2.50265
5.47368
0.974352
0.877
2.36813
2.60626
4.76554
2.09643
4.68971
6.7329
5.50219
0.39499
4.62271
3.28981
0.466703
3.66654
0.889177
5.17882
0.739068
5.46972
4.47003
7.90735
1.06133
0.923171
7.45601
1.93822
3.4455
6.57275
1.79841
2.98385
0.49373
6.89284
6.27504
1.53872
1.55963
0.435228
6.96955
5.49916
2.94005
0.546235
0.565898
5.18212
2.37328
3.87296
1.09862
0.987555
2.0342
3.33905
3.27441
5.2823
0.418225
5.58448
2.73505
3.13172
2.9112
2.09685
3.00068
5.63805
2.33957
4.63526
6.59752
5.51645
4.59415
4.41895
7.76252
5.99726
6.90544
2.00831
0.929296
2.95732
0.826064
2.40892
7.12334
1.68212
5.53184
9.53526
1.91401
1.95097
2.40777
4.13654
2.81792
12.1127
2.62636
2.86287
2.24158
6.91446
1.05189
7.69824
0.222602
4.48402
12.0358
7.46258
0.709891
7.11397
4.22345
10.1427
4.87758
1.72934
3.29106
3.85716
4.40792
11.3298
8.72037
3.84652
2.52561
1.58295
7.44133
6.25126
7.49162
5.0914
6.03833
4.46365
1.40134
3.01144
13.0299
1.44769
6.16576
2.18896
1.02191
1.09368
2.53575
2.84834
3.92625
3.15956
3.53824
7.42061
6.30637
6.48277
4.63078
10.047
2.29022
2.21762
6.35965
5.50279
4.66584
4.09101
0.381731
8.15639
0.919253
5.34369
1.72077
1.12501
4.97326
8.04401
2.99739
5.98009
3.32463
0.854531
3.53729
8.40952
1.34943
2.2235
6.47144
5.40652
5.4824
0.911991
2.49706
6.28825
3.26457
3.64978
3.30455
0.708259
7.62542
2.84733
6.86852
3.69277
1.94157
3.13476
0.61885
3.6207
12.4037
3.04694
0.9082
2.4369
3.12132
2.69571
1.79516
2.77754
4.31429
7.49881
11.6336
1.87571
2.9602
1.18501
2.53141
3.78309
1.84319
3.73315
3.05583
1.03621
5.46126
10.886
4.44109
4.54838
5.35975
3.912
4.65765
0.916959
0.7097
4.11402
8.71733
2.37666
3.08607
6.58495
2.49738
0.811948
1.01288
5.85346
5.43117
5.36105
1.93681
2.58825
0.600486
4.21957
3.9039
2.03317
4.2518
1.5936
6.7088
1.95156
3.78422
1.21423
2.35178
1.92662
1.5695
15.0943
1.6566
2.62632
9.49107
5.68753
2.86454
17.8794
7.24552
6.77646
8.654
2.64915
3.82773
4.91107
0.526572
1.55374
5.99291
5.78293
5.1351
1.95823
8.12929
5.27918
1.47683
1.62676
1.88356
3.58778
7.57945
3.64519
0.782671
0.23193
3.65199
3.68458
1.22106
1.36921
2.91006
5.29452
8.06868
1.83043
3.19578
2.11628
2.0859
3.50211
0.490027
0.87243
1.92456
13.0064
3.20969
2.17598
9.47545
1.76985
7.56796
1.2594
4.20647
2.92123
2.58469
3.69817
1.40255
1.43999
2.69212
1.49057
5.81211
1.02754
2.5252
3.05239
4.5581
1.43199
6.50859
5.7871
5.8408
8.76718
2.36778
1.96073
3.55419
1.81376
4.32808
3.35569
0.898859
1.03456
0.745676
2.20844
4.46217
1.00307
4.79484
4.75937
4.71314
2.00001
4.36383
7.1797
3.11019
5.70667
9.0994
4.41214
8.78164
3.24846
4.88687
2.72061
1.64431
0.221468
2.82172
6.37438
5.35713
1.32338
3.9394
0.95253
9.62119
2.97431
1.56012
0.336594
4.36567
4.99821
3.121
1.38525
5.86563
6.88521
2.70121
6.11907
1.38523
6.00842
4.51399
1.66307
4.92566
1.27594
3.26695
7.00002
0.48902
6.24583
7.73339
3.91377
1.45977
1.16149
2.50133
4.89943
2.55495
6.78913
3.30356
4.20313
2.05825
2.34695
6.44046
5.06477
2.47153
5.20131
6.79695
7.42532
2.35555
3.87772
0.0822536
6.52644
3.1269
2.45424
4.88288
3.60253
0.506349
0.439118
1.64603
6.32458
3.61881
0.172067
5.42406
5.8924
5.19095
7.7762
4.66993
6.62114
3.47194
1.06965
0.453593
1.72428
2.89183
8.31466
3.66445
14.4927
6.39413
6.73353
3.39783
1.17568
6.54071
5.26874
1.49078
2.98522
2.32768
0.497854
4.11777
7.21851
1.62329
4.55173
4.73733
1.66738
2.21975
0.939305
4.27564
7.41809
1.42357
2.03738
4.76032
0.873451
5.96734
3.46591
1.64483
6.80056
3.6756
3.1749
4.60834
2.46012
5.68872
8.28863
2.67526
3.28219
0.765983
1.88125
6.234
2.5241
1.45519
5.00069
6.94855
2.29895
5.23367
2.69726
0.227168
2.89529
8.76796
3.72746
8.01427
4.76904
1.99739
2.89812
1.18402
1.84223
9.68265
1.53458
7.26408
1.92556
5.74618
3.41899
6.6808
1.42993
5.72073
1.7666
3.56668
1.25838
1.35424
5.04238
4.86992
0.734263
2.16653
4.24873
1.23711
2.12813
1.05533
5.38249
0.840401
2.01888
1.44357
4.78206
6.23373
2.1383
1.54143
7.04381
9.28839
3.31373
4.77929
5.03423
4.67548
6.78087
1.74987
1.96739
3.41958
7.44217
2.46343
3.44584
2.65407
3.43017
1.84658
6.37563
6.12082
4.30721
2.28293
6.66825
10.9717
6.41536
2.26946
3.67951
2.40996
2.31064
2.84858
3.47624
3.81308
2.37378
3.68403
5.69337
5.99659
3.1545
2.15081
9.89935
0.682893
2.67817
4.72178
7.97781
2.02012
2.8291
7.19718
4.06866
1.73767
3.69124
3.80628
3.18766
4.97583
3.315
4.10251
1.19779
2.48816
2.63779
0.84076
4.96344
1.09312
1.03447
1.78811
3.92937
8.2357
1.39078
6.61066
3.98912
4.43033
7.07637
1.83498
5.62087
1.68108
8.08813
1.79527
2.58735
0.0806005
5.79685
3.58821
5.25364
2.1594
9.68362
10.0709
0.518447
0.662832
4.12155
3.7201
4.83854
2.46307
1.76947
1.57877
0.870891
2.26567
4.56689
5.0231
1.10173
0.691908
2.87027
12.1752
7.31455
10.3687
0.957328
4.26236
2.54164
19.945
1.23359
0.888744
4.55659
10.5416
2.88369
1.25422
4.53337
2.8384
0.631544
3.16253
2.80076
3.53913
11.5885
1.82976
0.777458
0.666652
9.12765
3.68524
1.59546
1.93398
7.26357
3.14968
3.18287
4.04059
1.96971
0.636247
2.16505
3.33986
5.49714
2.24146
3.75684
4.80227
3.36371
1.38966
0.667732
2.47921
4.40226
2.19866
1.58532
5.52471
3.46437
6.88473
4.75942
2.03797
5.03861
2.59767
7.13085
1.65113
10.4893
3.43628
6.5179
5.08402
2.45645
2.66045
3.11656
0.874066
0.374566
3.85931
1.83595
4.10985
1.64852
6.65717
6.29914
2.00324
2.29786
0.717098
0.4725
8.03409
4.10339
1.2676
5.77198
1.22557
1.74477
4.33068
0.916801
2.70562
3.28335
2.1234
3.09719
2.16939
1.51892
2.69772
9.30466
8.7568
4.10363
2.37448
3.57537
0.299667
2.0585
2.30381
5.25819
5.05341
2.74166
1.79668
8.23474
3.30536
5.58321
2.56698
3.06755
4.31391
4.58029
1.21654
3.0249
2.83634
1.62716
5.12388
0.309645
16.2671
7.74353
0.513662
4.44157
4.54996
5.45981
5.95681
1.63035
1.22992
7.42929
4.7526
3.87926
6.49131
3.36244
1.86086
4.75783
4.54576
8.06471
2.243
2.6427
3.00918
5.44777
9.57663
4.38186
7.32623
3.48016
5.23114
4.58234
3.05508
4.6262
15.4212
0.938161
1.92852
6.52176
3.33563
7.91907
2.19372
2.19401
3.31149
10.1168
4.29834
1.91671
4.70544
8.97525
7.21345
3.07726
5.33995
2.11299
0.432644
2.47551
5.39037
1.00277
6.06376
0.917635
3.36033
4.86589
8.68814
4.02285
1.83896
0.610597
4.31052
2.45283
4.82932
1.79027
5.50241
1.11414
3.63478
6.30373
10.7791
1.05588
5.4308
6.31478
4.65851
4.06846
0.615028
3.48011
5.51712
7.84969
7.89554
4.94151
1.78988
3.1542
2.25144
4.75067
7.18767
3.80962
5.22002
3.09859
2.32692
4.60866
2.75961
6.49291
6.31729
6.07974
2.53098
11.3909
10.0103
2.45552
3.53273
1.57592
1.46308
6.45568
0.116501
0.618196
0.650248
4.22094
2.52787
1.04716
7.71534
7.79322
6.27805
1.55016
7.07614
1.1522
1.69016
1.52077
5.10573
1.93169
5.16125
1.47215
0.289148
6.75425
5.69567
1.30982
2.12225
1.52248
2.96471
4.69348
3.64436
7.77723
2.77966
7.43934
3.67669
8.07742
4.69207
2.29162
10.1466
3.24973
6.31972
2.93791
7.2571
0.674844
4.44055
6.98877
3.04917
1.17703
2.35419
3.6589
2.04016
7.45504
6.60017
0.856107
6.82179
6.43748
4.67082
6.65582
8.72939
4.07055
2.40593
3.08746
7.73931
3.99197
1.18992
1.24892
2.9894
4.08807
6.5071
0.526147
2.01987
4.41147
2.28688
7.45814
3.25659
4.44871
4.24987
1.3944
6.75311
5.00269
2.82388
3.42244
3.84439
6.46159
5.62111
1.60457
4.78889
1.48514
2.66358
9.65785
2.72059
3.56878
4.65597
6.28915
5.75156
7.57772
0.939444
4.3394
3.35921
0.793635
0.828997
0.613349
8.22191
8.45102
9.38627
2.99595
1.75971
2.87709
2.5022
3.72948
7.00229
3.23757
1.17912
5.96613
3.38075
0.417564
9.87301
2.32679
2.40162
2.9251
0.44039
2.66911
11.6629
2.11721
6.13749
1.02769
3.31955
5.14903
5.0615
2.63689
3.32092
5.30216
3.09374
1.37325
1.61694
2.11327
2.7117
1.46406
1.60929
2.67507
1.6022
4.81061
2.44749
7.66384
4.60841
5.40618
4.81609
1.43496
2.60363
5.71768
2.61034
3.71865
9.76234
8.20932
2.44083
2.0845
1.629
3.29628
6.21089
0.417769
2.08982
2.64207
3.30386
8.61306
2.70646
2.20413
8.8179
4.19143
10.2079
2.59025
2.36194
4.98229
4.42012
16.0752
1.29144
7.57364
5.03721
8.60811
7.51788
5.01983
9.43869
3.26134
4.95323
0.889029
10.5658
4.10327
2.6202
2.32768
5.55951
5.29758
5.36385
2.52592
0.95828
4.11604
4.4762
1.50447
4.39568
1.51039
4.32035
2.03084
3.15834
4.4086
13.0669
5.218
3.01903
1.06562
2.65741
5.27875
1.76577
2.16425
8.22343
6.39771
2.11143
2.46724
6.61572
7.46091
3.21065
0.631103
10.916
2.32698
3.27461
5.52772
3.55444
1.5351
1.25987
9.96291
2.31391
4.82931
4.67696
4.76075
2.18813
0.882567
5.53144
3.67999
3.34615
4.89318
2.83103
4.32432
2.65446
0.851321
3.38854
1.18785
17.0599
4.08137
1.93115
1.1436
6.53858
8.40606
1.01702
5.44102
0.302423
0.496004
5.56563
1.93699
1.3654
1.24242
1.65784
6.63967
6.37044
1.34417
2.725
5.93802
8.53675
4.10032
1.10331
2.16412
1.50022
3.36962
2.19176
9.97902
2.72008
1.8314
6.63762
3.68128
2.13461
3.64799
8.0695
1.16968
6.1528
20.1655
1.3666
3.90539
7.37043
5.31851
3.12999
1.45747
3.29705
5.34236
8.44763
7.41362
9.04663
2.23222
1.27961
1.7416
0.295946
5.61383
13.7238
3.02251
3.3264
11.9274
3.19305
3.42245
2.04231
3.84686
8.307
6.94202
1.97856
3.19379
3.98249
5.19077
2.57554
3.83588
3.0382
1.8043
5.57674
3.39906
10.9156
4.41147
1.2682
4.20073
2.28691
2.11174
5.40098
5.34516
1.93538
0.466152
2.73536
8.05431
1.61705
2.57789
4.47993
6.15531
5.33126
4.39329
4.49403
2.24424
4.04021
3.3464
7.86012
4.00069
14.1641
1.55606
8.41458
4.75567
3.83192
9.82282
1.27471
4.6014
7.54785
7.45819
3.87872
4.24289
1.54305
2.66563
2.36566
10.8381
7.69128
1.16952
5.20085
3.61105
9.52441
4.39449
4.97956
0.628107
5.52908
1.94365
3.52351
2.96734
4.0247
2.2916
3.87599
7.92627
3.08211
5.13257
9.09912
2.37812
3.27121
2.66093
2.56847
3.73907
5.14078
4.19814
4.17332
3.39285
1.05597
5.21004
3.89057
1.97564
2.9126
2.56313
0.423762
2.18415
4.23301
2.66544
2.8103
1.6834
7.05928
3.76741
2.5923
0.420884
8.79412
0.406965
2.95868
1.38402
6.56266
4.34634
2.71772
2.3382
2.31465
8.71751
2.38897
2.62562
3.23918
5.49698
5.33001
2.00683
3.69133
2.52529
6.98927
2.73823
5.34853
0.497875
6.75828
6.70294
0.758326
1.06464
2.72275
9.49691
5.47754
2.85088
4.42711
6.66901
0.84434
4.53796
2.90787
4.25081
2.6304
2.50142
2.47672
7.45525
0.798077
4.19782
0.368844
0.396661
3.30343
6.208
2.63327
2.22725
11.7459
0.329337
1.58722
4.66012
2.81165
1.38254
2.4448
0.555619
6.25624
6.41387
0.0831462
1.69557
2.85463
1.29227
0.797984
4.55106
7.11186
5.52372
3.81577
13.9853
3.08961
8.43016
0.135282
2.93391
3.9078
7.98931
1.93897
5.05158
3.90123
2.10389
0.816843
8.83026
4.90684
2.78716
4.91211
4.16013
1.02315
6.55444
8.79706
3.06067
5.07225
2.71381
5.48758
2.70859
2.58441
3.96474
4.34708
4.9796
1.53731
0.594862
3.09066
1.56362
3.24759
7.10721
2.44321
3.99086
2.68505
5.41703
2.9179
2.37728
6.92072
1.17516
4.70094
1.94347
3.04446
3.19618
4.87353
4.54244
3.94839
2.37529
3.45354
4.84862
2.15221
3.53856
5.56839
7.03525
5.65225
3.45235
1.81689
1.91739
1.9541
2.58372
3.03967
0.919331
5.67053
3.52515
1.99557
4.09425
3.3788
0.639683
2.34827
6.15484
0.533329
2.62025
4.28799
3.97367
6.04422
1.41657
1.88421
5.95609
1.48237
4.06525
2.46745
5.24519
4.7941
5.5409
4.3945
3.33904
3.21714
2.41795
2.24581
5.81157
5.94306
9.32063
1.15206
7.94868
4.59538
7.03093
1.55778
5.07377
11.401
6.91936
7.51611
5.13572
0.896771
2.7469
5.46426
4.66124
6.03879
1.98504
4.69342
0.50306
5.15455
3.39934
2.35119
2.52812
1.65828
3.21504
5.88193
3.64927
1.20333
6.02085
0.775845
2.36615
3.28141
3.00871
6.6931
2.96777
6.23912
10.0954
2.72365
10.2965
1.59517
3.75166
1.66355
3.82812
0.902626
5.99274
1.80369
4.94375
5.52535
0.810352
4.17206
5.81377
7.63721
2.89925
1.32672
2.68826
1.85871
3.4221
3.22126
2.8491
0.245246
2.31126
6.48862
3.16765
6.85326
4.61286
2.99084
3.44075
3.27826
0.702274
2.02394
1.99588
19.5975
2.5173
4.74484
1.56708
5.82416
5.89699
11.9534
0.133762
11.8277
0.350685
3.61459
4.64493
0.760192
2.898
7.34099
15.6458
9.69546
1.07423
1.2056
2.9546
4.92261
6.16124
4.73424
2.57032
5.73033
1.69025
1.2292
4.89098
5.54751
3.92803
0.185648
1.78481
1.7601
1.20211
2.62456
7.38055
4.24964
4.23587
6.80617
1.17736
1.16754
9.35147
1.62107
1.37788
5.2305
1.27433
8.73138
5.50586
9.85625
5.06613
5.05223
4.29754
3.14975
1.31955
9.66741
5.17747
1.89444
14.232
0.247983
2.24497
4.94251
0.948308
3.73544
4.44029
6.97383
4.01818
1.92734
6.44292
4.56652
2.34451
3.72782
8.11588
4.8207
1.63134
7.35484
4.77781
0.511664
3.24212
2.16126
1.09068
1.95622
3.70947
0.712922
4.16618
3.5839
2.99973
0.570041
2.05116
4.24098
4.41464
6.55549
1.11186
0.490321
0.444321
2.43329
3.74848
3.57104
6.21922
6.65002
3.11051
5.01414
0.663516
4.01182
2.8139
4.56739
3.07204
4.77946
6.77738
2.28446
2.14385
1.7271
5.9125
0.666839
1.51365
5.13183
2.42896
7.09932
13.4034
3.78386
4.61198
1.95563
1.63332
1.49046
3.20708
3.2627
1.24594
4.01582
7.32011
2.25411
7.83687
3.21842
5.80239
3.85934
1.14164
3.09298
9.00763
2.86009
4.48117
1.58823
3.32159
1.6145
1.75319
11.3944
2.53904
3.97923
4.50556
14.4956
3.72923
0.820826
5.44265
2.31794
4.34343
4.77241
1.68415
4.80172
5.33383
12.5654
1.85998
1.54969
5.75748
5.10177
2.82863
2.33206
2.98604
5.31395
5.15871
1.78357
6.70068
4.35737
4.88135
2.42145
4.27158
6.20015
2.42657
2.61173
4.12166
3.09605
7.03427
6.17674
4.09881
5.47048
2.95713
0.720314
6.11762
2.16945
2.82319
0.682057
6.30819
1.89828
0.785229
8.75005
1.11084
3.00248
3.80063
4.86624
1.55512
2.13881
5.50532
3.55986
0.592441
1.38392
7.0547
5.80333
3.83671
1.59089
4.53469
7.91857
2.07125
7.78891
3.05627
1.46501
4.20891
4.43103
4.50923
2.47523
0.457197
6.34778
0.200849
0.478815
12.2021
3.80965
2.90607
1.29187
0.716912
0.510644
3.74262
8.02018
4.9006
6.92766
0.675184
8.05371
2.00654
5.36906
4.90236
2.76182
0.994492
1.66616
2.21754
3.34342
1.61208
4.36802
2.34746
2.5122
0.928269
3.60249
1.30098
2.93822
13.125
1.99839
2.96559
7.6381
4.04457
1.64794
0.803307
1.01063
2.05514
2.78936
1.43497
7.08818
4.65595
4.42434
2.54018
3.13607
2.52267
2.86174
4.6169
1.25371
17.2525
2.45069
3.9668
1.65034
7.05283
5.02606
1.98344
1.084
4.91004
8.54531
1.24496
0.63247
3.69994
1.37033
1.20839
7.32282
3.08883
3.92726
5.86489
1.56389
7.90945
6.67991
3.85396
4.97087
2.16846
4.83805
3.73553
4.42358
3.20942
7.95194
4.98382
3.92979
10.2174
1.16574
5.80053
4.74708
2.54284
2.47708
4.92856
7.53251
2.6517
12.2367
0.86412
4.00979
7.03827
1.93879
13.2137
7.42882
3.40037
3.11227
7.267
2.83528
2.23786
8.76639
1.10347
1.63316
0.900951
1.36364
5.70646
1.50741
4.16719
2.3315
2.05058
5.81523
3.28231
2.43951
9.21129
1.70609
1.77683
2.78378
4.94225
5.43491
7.48115
0.526548
4.80318
3.20157
0.968691
0.562601
3.77749
0.525861
9.38473
8.51288
4.5914
2.25421
1.43346
2.31269
6.45166
7.69616
3.64457
1.39623
1.98439
3.29074
0.732596
0.776351
0.698666
2.8196
4.25081
4.60904
4.1685
1.44579
3.64797
2.09159
5.2121
1.3299
3.94274
5.39763
3.92719
0.660298
15.1873
5.1886
0.336983
1.64273
3.45343
4.64603
3.89549
7.86398
2.77786
3.43312
10.6802
0.810091
0.993599
2.52355
6.70936
9.75353
1.13949
5.18485
1.63131
3.21912
7.372
4.98486
8.32749
3.00875
1.20836
7.73409
1.00442
1.09937
2.94145
2.98176
3.85283
5.96924
3.28661
0.922024
0.572771
14.6121
3.02721
1.8368
1.5731
4.93604
10.5718
1.66783
4.952
7.29574
2.20062
7.87681
3.46124
8.77145
0.736875
4.93838
6.42973
2.7294
1.29863
0.728756
0.641435
9.51469
12.3549
1.79083
5.7263
5.47869
3.82829
6.63301
3.95066
5.71957
0.273613
0.375918
9.62664
0.576319
1.3553
3.69525
3.40222
2.24466
1.16558
2.48745
1.14924
4.31332
1.22464
7.14698
9.47778
3.16227
3.65744
2.38539
0.352146
8.96632
2.77195
3.38828
3.56867
6.42727
1.89743
3.51024
3.2756
2.16602
2.05814
2.45507
11.2306
0.677065
5.51234
1.70565
4.30376
1.01673
0.430749
10.4348
5.18793
1.12656
2.67684
4.3291
1.99882
2.49691
1.7327
1.08082
6.69059
8.01888
0.351833
2.19488
1.54886
1.05707
2.274
6.70493
6.42066
1.47029
3.38386
6.78412
1.4766
3.21988
4.26855
1.01013
5.765
2.11728
9.51635
7.61615
6.08399
5.16096
2.50435
4.40137
0.73999
1.46662
3.04414
5.10423
1.23734
6.01852
2.83995
3.91142
3.20276
0.469347
6.20985
0.634598
3.16192
2.08773
0.238829
2.967
3.47566
6.36188
5.66589
7.01166
0.690694
4.30705
2.16355
8.24627
4.4471
0.938261
8.04012
2.66301
1.66206
2.44745
8.21601
9.05025
4.62407
2.37244
2.1548
4.11132
3.051
2.35908
1.29265
4.88068
2.1906
3.72829
2.64041
1.99927
10.7893
5.70044
5.27186
5.34776
5.72389
3.37103
3.80736
4.66573
3.58142
5.97872
6.34554
4.81402
6.16594
10.7266
4.77321
1.50979
2.48331
0.998085
1.79368
1.28035
6.6325
1.18301
8.93642
1.78823
12.641
7.07387
2.23592
16.5778
4.05642
4.1617
4.69865
8.44164
2.09237
3.33928
3.77569
1.25885
3.83701
1.09959
2.42087
0.842064
6.66684
4.88701
1.63299
3.11488
8.17062
1.2316
2.21717
6.18447
6.74478
5.08032
3.49427
1.71302
2.22541
3.51137
1.99286
2.62057
5.58963
1.93605
3.1668
0.38274
1.05385
0.110454
3.24004
2.10569
8.1103
5.84316
5.49068
4.88003
6.62109
1.76674
3.4151
2.09176
2.63607
2.87553
2.74483
1.9009
6.94665
6.9577
6.80413
2.49577
7.11029
4.47381
0.0720167
2.65256
4.54823
3.83997
4.0788
0.915209
1.63751
10.4228
0.909488
1.67577
2.98766
3.8766
2.03862
3.42823
1.10032
6.41511
3.32513
7.93916
1.83806
3.39362
2.20561
1.36352
3.91963
5.57085
2.45152
10.4234
2.32482
4.4476
5.85888
2.44398
5.09749
6.31686
3.40399
0.855687
4.38653
1.68287
2.77131
1.60008
5.3819
4.5293
5.75612
4.25801
0.808254
4.12649
0.485346
1.01672
4.90146
8.20864
5.55357
13.0397
4.11334
3.35776
9.84688
2.02453
11.8207
0.497458
1.3002
0.639294
8.54154
11.6713
13.176
5.54037
13.6954
1.99699
0.760995
0.843702
2.27033
6.2351
8.59234
6.9242
2.04118
7.89073
1.58613
1.95835
3.38395
9.66379
1.03105
6.51985
2.24736
1.61664
6.38366
0.267747
1.45997
1.43828
7.36375
4.02848
3.60057
2.2093
9.17173
3.40693
2.72197
1.16658
5.08211
6.51888
3.63423
0.937838
0.519871
4.04385
14.857
3.53705
1.99631
3.98167
15.2284
4.45865
0.868489
2.10788
2.22134
3.26417
11.8368
9.73913
5.66738
2.19191
2.5946
1.624
5.00802
0.629278
2.88917
1.09466
5.41898
3.40998
3.19377
1.09593
7.03336
2.7262
3.24712
0.895303
3.81816
4.57678
2.00827
2.50249
3.36183
2.57736
7.86714
3.89906
5.95081
2.71176
2.79659
0.896152
7.68992
1.90956
2.90598
6.87642
9.15062
6.69511
10.3907
2.43592
3.17365
4.26596
1.85455
6.37352
1.50166
2.94623
3.26986
3.15859
0.524367
1.04376
3.77272
4.1888
3.94742
1.42758
3.50251
7.1197
2.02988
1.24637
4.0214
1.72833
2.78969
1.51568
2.02728
3.67523
4.70582
2.05825
2.03563
8.29694
4.46149
3.02621
8.83514
13.4463
0.738308
2.53695
3.31286
2.51519
0.862007
0.548693
8.36608
3.66987
5.95832
2.83885
9.82131
6.73556
5.58212
17.6385
2.9286
3.54193
2.93594
2.40284
7.85109
4.98594
3.58611
2.50655
1.7339
2.71088
1.97387
5.13241
5.32522
2.98075
3.37733
1.99858
5.48485
7.39457
3.08793
2.98039
6.74569
2.14131
2.38046
2.03024
2.0383
0.633299
1.46325
10.6527
4.05301
1.46356
11.5629
6.22413
4.85616
3.41083
2.21489
3.8507
8.60466
2.08748
8.05499
1.81771
8.04335
5.0751
3.86467
0.413695
1.28228
7.67798
2.70776
0.732221
1.2373
4.36088
5.65725
2.75796
2.51677
2.40077
4.57254
5.03102
4.37059
4.26462
8.3759
1.84415
9.13151
7.16513
3.78768
2.59794
6.1805
1.23413
2.28265
7.61748
1.76048
7.50582
5.94589
2.36445
3.57974
0.894855
4.68066
0.29183
3.57491
4.28173
3.03137
3.56913
2.37184
5.36459
3.6319
1.32571
2.54281
5.00864
2.2596
2.88742
6.93889
0.540102
4.80741
3.49348
1.12332
3.22272
8.09038
1.05799
2.38806
0.753276
0.665091
1.74344
1.99088
1.02865
0.773663
2.10653
1.812
1.73837
5.91568
3.51602
1.78645
1.11468
4.96511
2.61784
0.577005
6.03662
6.41524
5.61444
4.92909
8.60801
3.39269
6.61317
7.54856
1.2165
0.991726
2.49669
5.84478
5.04849
0.334959
0.869391
6.74521
2.20694
4.75742
10.4821
0.143148
5.45025
5.18568
1.32661
5.609
2.59786
5.00522
0.226545
2.38296
6.17409
4.80853
11.3108
1.81598
6.71095
2.04407
4.55511
0.880377
3.30276
1.53008
2.96775
3.24573
4.31821
1.74544
1.54199
5.65658
2.82316
3.25923
3.88179
4.66292
2.47331
0.76388
9.15908
1.25153
5.51129
16.7877
0.351453
3.68961
2.22661
1.88313
4.39046
1.92016
2.65551
6.45238
4.6665
2.12313
4.44708
4.55739
2.37038
10.0954
3.44432
2.36557
2.98509
7.61318
6.54944
3.87558
4.46404
2.45586
4.03614
6.37439
9.34547
3.32002
3.1961
1.43352
0.158128
6.67193
3.23756
5.97214
6.05231
3.29702
4.7877
0.930915
2.54539
1.27814
0.903489
3.18467
1.34006
9.73321
12.9731
4.52611
8.35559
1.40189
4.64989
8.95144
4.48984
1.03268
5.65147
5.28804
3.93682
1.52566
10.7056
2.37224
1.64926
0.131739
2.97773
2.46871
9.93731
5.05836
1.22506
5.40693
1.14272
3.17036
2.46046
0.751446
3.93726
5.63809
0.427466
2.97842
3.45528
3.1491
1.32859
2.37422
4.7719
0.387317
11.3881
1.3834
0.562574
2.49687
3.06858
1.48194
0.904641
8.95029
4.63405
8.14482
4.45221
1.85928
1.75813
1.65152
2.43213
1.84091
5.36641
3.45731
6.08535
0.285278
7.23219
1.68403
3.9717
3.52814
15.376
2.54862
2.53474
1.70445
2.68652
5.28254
1.7167
1.26053
1.60473
2.72588
2.91129
7.27369
1.81761
3.62185
2.51088
4.01288
1.38428
2.65996
6.69147
1.93859
0.625584
1.49081
2.76504
13.0409
3.69018
4.26282
2.79039
0.714437
0.951447
0.818383
8.58206
1.30335
1.22459
11.094
1.50185
5.7631
3.09075
5.37055
5.73393
9.17348
2.65464
3.52543
6.78847
4.21274
6.47422
1.24047
4.68277
6.65303
0.877569
3.33937
2.55185
5.77929
3.69359
5.37634
1.68251
4.46225
2.38133
4.23489
2.30124
0.979136
2.53524
2.88315
0.834179
7.22417
0.811228
8.3945
1.48833
5.30229
4.58115
12.2193
5.87362
1.72759
2.76356
5.748
1.63144
3.54926
3.42857
2.35892
3.79933
3.36406
3.59118
1.96117
17.2695
5.40416
3.3372
2.11514
1.69746
5.53674
0.417422
0.56626
4.34432
2.2667
3.00989
6.4118
0.962341
1.35181
8.32307
11.0565
0.701095
3.06673
8.56156
2.3079
2.22439
2.96685
5.89468
4.56894
1.511
8.76389
4.22338
1.03613
3.54123
1.37751
2.02174
1.6382
3.72487
5.99107
2.03787
1.34739
1.69899
3.15623
2.46767
2.48592
1.32312
3.44782
3.84363
4.84293
2.66532
2.33827
3.13829
4.3789
6.38021
6.1941
2.82424
1.38639
3.70391
5.37929
6.1067
6.17633
3.31107
2.21415
1.94928
0.332913
1.75917
7.2896
4.26704
0.919863
1.54471
4.39424
4.08849
2.51953
6.81175
0.721702
2.35162
9.34949
2.99805
4.28886
3.33476
1.93303
5.38188
5.08463
4.33577
8.71536
4.23026
4.78139
8.72479
3.7268
1.36051
9.10192
4.1378
0.704491
3.96279
0.164942
0.612966
2.89112
0.754951
4.84499
9.56653
6.15036
0.798096
9.54239
1.63294
4.05502
2.27094
12.1881
2.66879
9.61149
1.51483
5.74659
2.56258
3.44399
0.599001
5.56967
1.76121
2.97294
3.44093
5.48038
6.2527
2.43541
5.97322
10.0051
7.09373
1.67382
1.93303
2.35333
2.2451
5.84272
1.59244
2.48289
4.10579
1.17019
2.22901
3.11151
0.682918
3.93034
8.67291
7.39948
1.34612
4.91176
3.93556
1.61664
4.22822
1.3108
0.925324
1.94333
1.37246
0.505411
2.78196
6.0692
5.20705
1.38055
2.58027
2.13822
0.802348
0.879054
3.09747
3.11848
5.07732
4.48925
1.65054
7.53456
0.607636
0.684267
5.90347
4.64391
1.67998
1.83066
2.21473
5.41817
2.38351
1.47029
2.91604
2.31597
3.68596
5.01961
1.98238
3.86864
7.66227
1.01871
2.73903
5.4104
4.08426
12.9731
2.97389
2.1862
4.2402
6.58554
2.23974
9.75519
2.35215
11.3123
2.00748
2.94015
6.68772
11.3141
5.58149
3.6623
2.12709
2.76491
8.95671
1.29953
1.18207
4.03075
4.411
2.07651
1.66594
5.36657
4.09222
6.99439
7.21809
2.51986
2.9657
6.42931
1.24359
3.87479
3.0763
0.409486
6.50994
3.726
1.74199
7.10607
9.78031
1.82388
10.0671
4.90099
1.35873
1.35446
2.90686
2.68502
14.6163
7.16748
1.65438
7.84089
4.66131
9.3518
6.35365
2.0561
3.08733
2.09538
8.50421
3.05109
0.684605
2.73371
5.76249
6.7679
2.50219
2.91996
3.4912
3.97374
13.1783
3.83484
3.38653
0.212472
1.36801
4.88506
1.10089
3.42867
1.15767
3.35653
1.49383
3.44627
7.87113
3.18792
1.09753
0.650702
6.15485
3.25972
1.02873
4.07686
7.20609
5.67292
1.12205
2.61923
5.37658
1.39798
5.15946
4.92683
4.5912
4.96555
0.989639
4.5795
3.80427
3.02946
7.64282
4.05121
8.25295
3.77465
0.787396
4.41938
1.03965
2.92615
1.0938
0.520288
2.41037
1.19329
4.06628
4.14471
1.95169
3.23349
6.55893
8.08861
4.69218
1.84621
2.52319
6.36963
4.19927
1.03234
2.53198
5.41622
1.54266
2.92197
2.88159
9.71894
5.04801
13.3031
2.15006
0.616925
9.60603
0.267853
7.87374
5.0265
4.08311
9.00066
4.46794
2.08713
11.6039
5.9565
2.9997
1.06083
1.33754
5.0171
11.8698
6.14228
2.12455
6.66762
4.77971
3.58933
2.65098
1.50148
2.67039
8.43265
0.296493
2.925
0.845917
3.35404
4.69478
5.0096
5.38211
1.74838
6.51822
2.4976
1.703
4.48839
8.10608
2.61463
4.67217
5.39735
1.6111
0.306718
2.18
1.7411
0.840935
1.04433
8.63773
2.21093
2.58156
1.29106
2.8764
2.41464
0.62816
9.94591
8.15245
8.49107
6.02634
5.33819
3.21242
1.05708
4.26308
8.48454
6.76483
1.74904
0.508952
5.25356
6.46261
4.97427
3.38329
9.51443
3.72349
4.29006
3.51774
4.35328
5.51115
2.02531
11.396
6.09235
2.92372
11.5962
3.89922
3.92446
0.767127
1.43711
4.54258
4.34884
1.10837
3.09825
3.93594
1.7371
4.265
1.44162
8.49113
1.37268
8.28449
12.2837
4.70996
0.465935
4.7228
4.96515
10.7818
3.69469
6.05157
2.5162
10.6888
6.52514
11.137
3.07674
8.19706
1.46336
1.70491
1.76624
0.881219
1.06926
14.7081
2.95634
8.76243
12.369
3.37662
8.41775
2.8234
2.34422
1.41702
1.20527
2.53628
4.11653
3.63795
1.826
0.902058
4.78906
0.629039
1.8096
5.78665
3.98159
3.3235
1.14365
2.35363
1.10877
4.75832
1.8679
1.92455
0.717394
3.39066
8.0804
11.475
5.04896
8.07495
1.00675
4.16326
1.14656
4.63269
6.6929
4.55951
1.10095
1.74186
2.9422
12.1208
4.81506
2.71463
2.97546
5.35609
6.30599
3.31933
3.81542
6.32379
2.05068
2.14211
1.968
3.16423
11.4859
4.51232
6.14609
6.07961
1.28978
6.52353
3.10791
3.77396
4.62791
3.28518
1.68195
8.05761
5.49168
5.15231
1.98156
2.16973
3.47716
1.91809
2.48298
2.1094
1.84211
4.19221
4.08278
8.61108
2.11687
6.2151
0.486249
10.0355
2.34895
1.2662
4.12954
8.94243
2.57918
3.33106
3.1373
3.52301
2.57658
4.91959
7.57452
7.81199
0.572356
2.2134
5.58096
2.77787
0.798534
7.13773
1.36894
1.52052
2.26152
6.45589
2.16205
2.03436
3.39983
7.99324
4.41654
1.53391
1.30151
1.2244
3.66223
1.152
12.2847
3.58921
3.42547
10.5642
4.92911
2.26835
1.11665
3.54585
2.75077
3.95877
10.8133
5.8867
7.64645
2.71766
1.47784
1.98368
3.73378
2.83392
3.80471
4.89912
2.28216
8.2524
5.06546
5.22989
1.0895
4.02959
3.71519
8.66337
0.688448
4.64927
3.5646
2.30067
8.60093
4.69313
1.73459
4.96247
4.76989
5.91731
12.2927
1.65159
3.85373
2.70155
0.874872
5.52537
2.04545
8.44647
5.81333
5.493
3.77914
2.39407
4.28535
5.52642
3.23281
4.78827
1.13825
4.60026
3.45671
5.60436
3.63338
2.04732
2.50463
6.61371
4.5668
3.35353
3.96136
1.71848
2.46322
7.06806
3.1739
1.28774
7.72141
1.5737
4.03225
4.42326
1.99331
3.07864
2.58581
4.88646
5.81399
1.94778
0.362084
2.66469
2.33153
2.11046
1.00742
0.842674
6.30329
3.42198
6.66518
1.87863
5.18598
9.82863
4.46376
1.70076
3.03965
2.78576
1.71831
3.10458
1.56505
7.31881
1.85045
1.82855
3.27167
3.06557
5.9669
6.92009
5.37888
2.44044
5.49844
3.07563
3.84421
6.91623
1.38442
4.8605
3.3241
7.94212
5.06166
2.5886
3.22687
3.87875
1.42181
0.770298
1.11274
0.253176
6.33368
2.29268
1.96424
4.7543
15.5612
12.4741
0.701686
3.98251
2.67165
5.21129
2.2335
2.26481
3.0789
2.58269
2.81482
9.66887
2.46368
4.70848
1.50207
5.87725
7.32043
2.82392
1.37495
0.861175
4.8555
2.08618
3.58015
2.12909
10.4338
3.18831
0.326295
9.67847
1.75986
3.30294
7.4507
4.85425
3.52115
0.976413
1.07276
1.40375
8.43214
4.82838
3.77553
4.915
12.588
4.82732
1.12492
6.28762
2.44423
3.67874
2.10404
3.96533
6.96564
1.98517
6.84367
4.50477
5.2273
4.27939
7.20149
2.90711
4.63328
1.35216
1.31658
0.929812
5.97838
1.66937
4.62112
12.0326
2.0439
2.67245
7.28166
3.57063
9.58943
1.03144
4.13111
2.80183
2.10093
3.35552
3.76152
9.45491
1.96693
5.48961
3.68584
5.11324
6.909
3.97887
0.612505
1.08891
5.88023
2.68937
5.0025
1.72926
0.584141
7.04138
4.10274
1.56401
1.09586
1.92132
7.48169
4.57321
4.21211
8.65897
3.70183
2.60608
9.17332
4.6182
0.508875
1.16437
5.55208
5.39679
1.62584
1.77155
2.10885
4.15325
1.15898
3.20852
3.30062
0.245127
3.8096
5.9235
3.01083
4.80274
10.585
9.26081
0.355265
0.280536
5.58981
5.58983
2.46675
2.79914
1.9903
3.38651
3.03051
2.36717
7.72916
2.2959
5.04063
1.85396
1.70748
11.6688
3.41035
9.44026
1.96203
2.66101
4.57193
0.502025
0.845259
2.4819
21.5118
3.55678
0.452016
2.49194
5.2032
6.06765
3.0537
5.58962
5.71132
3.73894
10.0105
2.08128
2.32043
6.24934
3.6704
1.5996
0.876765
3.44623
5.12092
0.62695
8.22685
3.06229
1.35283
6.43988
4.57397
7.79068
3.69731
1.69509
5.12826
4.8299
3.18131
0.745409
3.45807
6.57571
2.46596
5.23332
10.5336
4.76857
2.19008
4.11638
3.69681
10.3111
3.16932
11.3447
5.9731
2.12676
0.621708
3.10089
1.65487
4.21517
2.50507
1.73352
4.0327
1.59788
3.39223
2.42969
0.920389
5.72221
10.5804
5.23109
6.46842
5.16385
5.21864
5.88442
7.4259
5.90284
8.63354
3.66699
8.45297
3.07793
1.205
6.27904
3.83165
8.67324
6.32123
1.21501
3.91334
3.4438
3.03691
2.54714
4.57242
1.75645
1.99535
5.78429
7.4673
0.707561
1.49295
1.26356
4.37188
6.87963
8.15059
3.01134
1.00916
4.30054
3.89309
5.5845
7.64287
2.03896
2.90285
2.98822
2.47976
4.5335
5.40596
5.66113
5.1389
2.27449
4.12113
4.53258
4.37551
0.832993
11.6586
2.90289
0.335548
3.66031
10.1307
1.88454
5.8965
2.38373
0.292549
2.86991
2.56857
7.58
2.99347
0.164542
0.402631
2.989
6.49861
1.93382
5.02594
7.04705
1.58773
5.99247
5.18718
3.68474
2.33994
1.00736
4.94707
2.87842
1.04103
1.70074
2.64918
1.60759
15.7688
3.87228
3.43972
4.35934
1.61346
4.29867
0.586903
3.77836
3.88122
2.56698
5.49073
2.59326
6.94561
4.41766
2.40442
4.29538
5.19659
1.91791
2.88794
1.76048
3.62426
1.20336
1.95342
0.177805
2.96164
6.53733
3.3245
0.768723
1.65026
4.50916
0.941935
4.1534
4.13717
4.55309
3.0843
2.68555
2.89316
2.59784
6.49235
3.37878
2.98411
2.70603
2.49605
4.1274
8.82475
9.61239
1.9965
1.43805
5.37131
3.80337
1.58806
2.60828
2.49657
6.90118
3.37681
3.8185
4.04731
4.52615
2.62432
6.03732
1.50511
2.36256
0.965169
0.368343
0.856381
6.04154
6.59216
6.00322
3.89349
6.19366
7.03521
1.59249
8.53054
2.21681
3.9283
4.01478
1.02445
4.10002
1.92914
5.15796
5.27124
8.02536
4.03393
3.59339
1.21394
6.1222
7.76803
2.26645
6.45908
2.99346
1.29159
1.97246
0.715302
4.44942
0.255791
3.0211
4.93107
4.2875
4.42537
1.46693
7.20777
1.10961
2.18835
2.51806
3.46302
0.373293
3.18237
3.11644
3.01616
2.38416
7.37693
1.69749
4.10182
3.94572
6.25667
6.87936
4.1472
3.64777
9.15566
7.53022
5.81294
4.80333
1.7854
5.18385
2.68316
4.52987
9.84259
3.6232
2.70989
2.20836
9.09435
1.72658
1.78457
2.82571
2.3603
1.85489
1.36797
4.89393
3.0324
5.2324
0.73733
4.80138
10.6965
9.5841
1.47549
0.899768
1.25913
4.85333
8.74366
3.9915
3.57895
5.3152
1.35046
9.19694
2.43868
2.75716
2.88616
7.23358
7.28151
2.29303
5.84944
5.9589
2.46246
4.06675
3.5698
1.57586
4.9719
5.8906
1.00697
1.78227
4.56037
1.08335
5.10507
3.28818
4.15911
2.79609
4.76783
1.49802
3.2116
8.25166
5.017
2.82827
2.23274
12.2257
9.9294
4.33672
1.72553
3.72416
5.74046
3.28262
0.616415
4.33185
3.21672
1.54705
3.02329
4.70495
2.18405
3.04676
3.53254
9.43273
1.61277
5.26316
3.0728
4.32304
0.203276
1.46933
2.30709
4.01435
6.54553
4.55889
5.22545
7.00946
2.17306
4.81879
1.45103
4.58221
5.65254
2.12704
3.36246
2.18965
3.27852
2.68292
3.8789
1.74339
2.28082
2.28676
2.90284
1.30334
7.24109
2.00771
6.36432
1.23307
2.62675
6.12053
3.30571
2.37554
2.79439
10.3547
6.14428
9.46179
3.50108
1.74288
3.38909
0.743351
3.69526
5.03665
6.08215
3.80511
6.2701
0.496993
1.16524
2.87523
1.98426
6.56731
4.96715
3.08171
3.17895
1.73934
0.716837
1.40603
0.726925
2.32668
1.11969
10.9276
2.56659
2.27524
6.56646
5.19019
2.39683
5.36908
6.63564
16.2293
4.58684
8.24059
0.686602
7.05886
2.09957
1.42248
2.19012
1.97831
5.52233
0.329974
2.07507
3.35459
4.00578
2.43432
3.98314
3.40397
2.86426
0.362578
0.834478
2.83768
3.28114
9.17807
2.98411
0.839742
1.81255
6.32595
2.75764
3.0588
6.07992
2.02722
8.99576
2.72278
6.8885
10.3779
0.460185
1.10979
8.78078
2.78601
6.66407
3.39423
12.4888
3.23485
2.57224
1.2908
6.98418
1.98931
1.97027
6.18192
4.31082
0.90157
1.33838
5.8025
10.4769
4.23295
2.77166
10.1778
2.55414
5.16393
5.64676
2.27682
9.04488
4.16714
1.15371
3.29931
3.51538
2.55091
6.2564
5.24256
3.66809
9.0401
2.14315
3.77452
3.01139
1.71453
0.18307
7.11533
1.77395
6.10472
2.23764
0.750439
4.12934
5.64245
4.78113
7.06631
4.38827
4.23443
4.40955
8.86185
9.92208
4.29473
0.21839
0.943384
6.91851
6.08812
3.64139
3.8248
0.388742
6.46338
6.44764
8.11964
8.61308
2.40278
3.81872
5.50824
3.77302
5.6484
3.65056
4.39651
3.82192
2.07092
4.19725
2.98101
3.0969
2.73946
2.79687
2.52504
0.876019
3.14958
1.89596
5.68662
0.545884
5.34129
2.10925
4.81353
3.76179
5.3661
1.16746
1.01821
4.04482
3.32688
1.99403
4.58808
3.53073
3.55549
0.904112
1.34095
3.63423
1.25923
0.748271
5.72671
3.34791
1.4421
0.88179
6.55614
6.79676
9.39388
8.2315
4.74922
1.12448
4.53124
4.10115
0.549379
1.27995
2.94317
4.56242
3.26356
3.97238
4.0677
0.29559
1.25078
2.37252
3.52879
6.19195
2.04189
6.44379
3.64508
1.27117
6.7413
9.6662
6.09064
3.4782
5.53138
10.7506
5.63686
2.40626
4.42009
10.0854
2.67528
4.63876
6.33962
4.35603
6.72452
3.67172
5.20556
4.23325
8.35276
1.41983
6.0701
0.908896
1.0231
3.99209
1.95746
1.64074
4.94457
7.74498
1.82021
6.28246
10.059
1.0176
4.31139
0.845832
6.69797
14.7987
2.94756
6.34573
3.32994
2.4072
4.42198
3.29728
6.51221
9.75316
2.93805
2.1365
1.74596
0.16199
2.31087
0.303852
7.47942
4.21131
1.45447
7.45609
7.52483
5.1778
6.41892
8.83424
5.96122
5.09228
6.61874
8.79644
9.60471
4.95055
2.99011
3.05126
4.77794
2.85263
7.25024
5.45093
3.7437
0.285821
5.93712
5.56915
8.57554
4.12329
3.28867
1.82201
6.42603
2.2932
2.78771
2.66948
5.28585
6.08799
1.23617
1.09937
4.23818
7.63139
2.88543
4.80839
3.94944
0.40848
2.96607
6.03235
1.54647
9.63127
1.65268
6.4151
5.10512
2.6633
2.93685
6.05689
0.569674
3.35496
5.66327
5.15647
1.11503
3.12134
5.99852
2.75473
7.31331
3.51094
3.69334
6.36867
4.35292
10.0162
1.7707
1.17577
3.70421
3.12706
3.49467
3.51794
4.60064
1.94587
5.32765
9.62965
0.964777
6.94866
2.33519
0.311656
5.70692
3.22646
1.51498
0.501643
3.40531
1.37163
12.1693
4.38165
4.89669
7.51092
1.98473
7.31089
11.6864
0.519782
2.56959
1.92291
6.70909
4.61574
2.44494
2.78652
1.62653
6.39368
7.99179
4.19427
0.578633
1.93823
1.5024
1.79919
5.58091
8.56158
3.35964
4.33433
4.60215
5.31354
3.78664
5.27378
6.6305
1.80403
13.7433
5.12948
6.55852
8.09536
3.47227
3.51017
0.902035
4.51255
1.60897
1.72217
2.10302
4.70038
0.554825
1.50794
3.67703
1.94788
3.23073
7.21381
9.58356
3.61139
0.908665
2.58971
2.3315
2.13947
8.36319
11.5228
3.78059
2.70143
4.23912
2.84947
4.72288
6.18102
2.65258
2.54581
5.18372
0.808584
9.76628
14.09
1.96853
1.29026
3.17855
2.53095
1.54234
8.48355
4.9127
4.73125
0.825833
0.350646
3.0935
4.35253
0.203726
6.09739
2.18158
1.3664
2.04349
4.19532
4.83573
0.508999
3.50833
4.29082
9.36326
4.48098
5.74239
1.63039
2.29919
2.32463
3.58578
10.4954
1.58465
0.778098
4.40552
5.58402
1.28846
7.32958
1.15355
7.42794
2.30462
13.3365
3.0394
13.1505
3.82551
8.45681
5.14791
2.23897
2.46738
11.3616
5.28555
4.54126
4.57865
2.74945
3.80244
1.79924
5.47488
5.16719
2.09428
2.64593
0.446663
3.33541
3.20767
6.42387
4.15033
1.51782
4.2438
3.73744
3.2336
6.72626
0.933163
0.847573
6.57284
6.42177
1.69397
3.5502
3.96955
8.42953
2.77461
4.79845
12.3579
5.61123
7.78823
1.48464
0.281704
3.822
5.5751
1.36314
4.79795
1.97568
7.57861
6.09084
2.29528
2.94922
6.44329
2.87225
2.52511
4.08824
4.30735
6.11911
0.526656
1.93672
4.49048
0.413009
3.36049
1.53034
6.81713
4.93877
5.96776
1.07296
2.27783
6.69932
1.42081
8.3695
23.4382
4.75905
5.21954
4.08988
6.56554
4.55849
3.13635
8.37255
0.923634
5.36024
0.0720762
2.93551
12.4195
2.56769
5.32283
1.39509
3.08644
5.05676
0.723777
4.49424
0.537076
0.955287
3.5688
3.79683
5.24299
9.42977
2.76957
6.67135
2.62329
0.937878
6.85024
2.80122
5.6982
3.79182
2.31429
5.9445
5.7962
2.30704
0.0562867
3.84006
1.03427
4.12983
2.61333
1.03697
9.18104
6.09129
5.542
1.50673
1.9758
2.39692
3.16548
4.99135
5.13514
3.17159
5.30833
1.04809
8.22526
1.04477
3.81198
3.7815
4.58654
3.12572
1.50879
5.38184
1.04104
4.27869
3.66289
1.72461
5.12168
3.37992
4.79527
5.87864
3.06698
2.29973
5.21625
2.27631
6.54747
3.53564
1.492
5.21248
1.40883
1.55109
1.39225
12.9583
1.06475
3.14564
1.72852
1.78788
0.0951197
3.40247
1.48971
4.73855
4.67612
3.13568
9.47806
0.789308
1.67829
2.083
2.83897
6.77478
2.92861
0.423106
1.53842
2.47156
8.81195
12.6776
2.36409
11.4675
2.92155
1.66996
3.66367
2.61588
2.71568
1.64938
2.25391
4.30514
0.41052
2.53821
4.68885
3.12561
5.20945
3.9375
3.42486
5.5447
1.44248
3.98596
3.7624
4.1368
2.4078
0.916088
9.63794
1.11442
3.48524
1.48174
8.64899
3.8898
7.36469
1.55214
0.738912
1.20581
10.8397
6.11579
2.58828
3.32615
3.21519
0.488699
2.63345
4.1855
0.702146
3.29277
1.75419
11.4633
6.57639
5.63631
6.37176
3.23674
4.23009
1.31975
1.61517
5.08362
1.00147
3.375
11.272
0.402637
7.35731
2.43557
6.21634
10.3718
1.57791
7.97458
2.70364
7.47569
3.64642
2.58663
1.98336
5.91169
1.45809
2.64652
4.99129
5.94571
1.89351
6.15143
5.07097
4.10946
4.29784
5.92701
1.56902
2.96503
6.18728
3.4977
1.52668
1.91882
1.41958
6.61525
4.76774
3.61746
8.04938
0.603642
1.34515
9.22563
5.3254
5.29593
3.25994
7.36022
0.461317
13.0329
1.56029
0.94889
1.48791
3.00705
3.60742
3.8675
1.30695
2.46047
5.04708
4.07461
6.15722
2.47991
1.36064
2.0295
3.81816
2.14148
2.77701
2.22472
4.74776
8.65679
1.50421
7.55702
7.16972
9.4183
4.17843
12.944
7.27105
1.12548
1.50535
0.205264
0.318654
3.28312
4.17009
3.80364
1.79619
1.28695
5.60946
2.5481
0.607161
3.14185
2.42425
4.25133
2.30322
10.3135
6.80576
3.74149
4.00802
2.44128
3.71859
4.05756
8.47162
1.38095
0.838715
4.41432
3.92243
3.97539
1.57521
0.650837
4.5222
1.21265
5.97547
0.823981
7.57858
5.6867
1.53527
5.36048
7.61225
3.30619
4.42455
1.0998
4.33685
2.599
4.78725
1.01461
3.65183
1.75368
0.197114
4.45708
6.9893
2.45923
5.91279
3.67721
2.62247
9.32498
4.52454
3.627
10.3414
2.08073
4.67383
4.48333
3.6416
2.75
4.40562
1.14625
4.03164
2.41871
8.30811
2.5005
1.49509
2.41303
1.13658
3.49748
8.17332
4.00826
2.90352
3.25434
11.6633
2.4886
2.65037
0.9926
0.615706
1.52328
3.35903
3.87178
14.8905
0.661711
1.44461
1.95703
1.99493
2.42383
2.72312
5.36568
5.41934
2.74794
2.70243
4.33208
3.63232
2.0981
8.70476
1.08253
7.89087
13.6448
0.684217
3.78537
0.453549
1.16135
4.45649
6.89312
2.75145
1.69252
9.52766
3.2753
0.900911
4.96061
4.41936
2.61707
1.59746
1.10684
4.43076
7.54303
2.4189
4.61271
9.48399
2.27498
6.63852
2.17186
4.52803
1.75333
4.16374
5.21652
2.34562
7.23862
4.10835
3.92134
1.66466
6.20237
7.23354
2.24676
2.62213
3.66219
0.76261
1.34127
3.4341
4.82895
2.0168
4.55944
3.9858
1.78729
5.36942
2.11684
4.62817
0.215598
2.10111
1.36227
3.75391
6.21432
6.1671
9.38958
1.79089
1.9893
0.986063
6.35602
5.8998
3.54141
5.52375
1.82832
3.3052
6.87312
3.97083
4.16454
7.22451
2.68397
0.169034
1.5874
2.96206
3.86718
3.51503
0.367241
4.60967
2.84733
2.0437
2.38452
8.64082
1.75085
1.17411
3.44598
3.36775
1.67818
4.06582
2.44886
3.88475
3.51849
8.19533
4.6454
2.34618
3.00412
1.49923
4.63324
2.04126
1.18458
5.07723
2.68341
0.977477
3.66078
4.06767
3.21269
0.402343
9.7963
5.40269
0.883886
6.80205
2.49859
2.38601
2.07633
0.703834
2.11612
3.99084
8.41554
5.36849
3.91009
1.51699
7.84024
2.19385
3.75784
1.69718
3.92599
4.93745
4.17521
0.90333
8.93081
4.40935
1.03176
1.42671
2.13577
0.124876
1.25782
3.85199
3.33358
0.540219
1.31231
13.908
3.28234
1.12926
4.54972
3.0723
3.62781
2.74393
2.89427
2.4378
4.04487
11.8733
2.37434
1.76248
4.30717
3.28376
1.75876
6.55486
2.885
3.46841
5.0454
4.05991
11.705
4.953
1.76654
7.32955
9.00618
6.92548
2.16796
2.57696
7.92495
1.15784
7.50318
2.22096
4.92431
3.53261
1.28659
0.954496
1.42024
1.13435
0.590623
5.16692
4.48538
3.29464
4.7258
1.88383
5.21482
1.87958
3.84946
15.0978
6.55597
0.850404
4.50625
0.976984
4.95638
2.06585
3.34973
3.87946
3.07105
2.13961
1.25363
2.33921
2.22174
0.778016
2.65065
0.513553
2.70011
4.52085
3.68687
11.5194
2.27401
2.96672
2.22336
0.883152
1.8822
1.63171
3.12794
1.10554
6.32042
0.705192
11.1242
4.0545
3.68858
0.710144
1.43242
5.5873
1.34957
2.72881
2.71844
0.437626
3.89191
3.68983
5.44271
1.43475
3.85215
0.885684
3.0037
2.74281
1.95713
2.07972
1.58541
5.06032
0.189272
3.65757
5.24128
2.18038
6.48717
3.59981
1.75543
3.89795
11.7345
3.22903
1.14351
8.20653
1.24055
4.1722
2.42181
0.875817
2.72118
4.59542
4.09136
16.7145
14.1323
3.43264
4.17256
5.56845
3.3519
1.585
0.920742
3.69557
5.81417
1.37053
4.67153
12.6542
0.919447
0.721193
1.57497
1.76226
3.13298
6.24312
7.80962
9.56181
4.96008
4.53762
4.90947
1.4871
8.32962
0.80774
4.214
3.13003
3.11646
6.29835
1.0183
8.54491
2.16134
5.82399
4.51998
1.92184
1.32895
3.2902
1.96691
1.17935
1.89289
1.95506
8.01634
2.43293
3.64057
2.2767
3.78888
2.57149
4.85977
7.57238
6.55864
2.00462
3.1328
2.52185
2.07575
2.84229
2.67465
3.92499
5.42837
2.07668
2.4243
2.35063
4.25922
3.84177
1.68747
1.05524
4.58239
3.38107
6.98442
0.985182
4.14096
3.4665
5.06363
5.29635
4.73011
3.26373
6.93133
1.28065
4.09431
4.36955
4.23859
4.1823
3.34828
13.0166
7.19732
2.35071
2.1589
2.36537
3.73988
4.18274
2.21726
1.07502
0.971306
1.64586
6.84071
9.34651
6.41766
10.8131
2.63825
3.82702
2.20349
2.68666
8.07126
4.58333
3.64879
4.9804
0.655719
4.16563
2.33748
0.582478
8.74944
1.46059
5.49916
3.33655
6.28197
2.05061
1.81519
9.09498
2.04239
7.2601
0.769682
1.84576
1.94077
1.70514
1.34768
4.65837
4.28856
2.46172
4.16834
4.39992
2.77666
1.7092
4.88079
4.09997
4.15228
7.35099
2.37696
4.24216
3.8817
2.59124
1.64267
10.3347
3.30956
4.46433
5.73015
3.01963
2.06234
5.6267
8.25878
4.65579
2.27263
11.2941
1.17746
3.56265
2.15996
2.51246
3.01891
3.24509
1.34732
5.1625
8.8557
2.5538
1.56722
3.88652
1.07526
5.69075
6.28895
5.17683
4.26398
4.07215
6.94459
4.98863
2.50419
11.8264
5.30995
4.22848
2.46354
2.64659
8.06347
4.02341
6.06802
3.69191
3.38984
3.17629
1.37195
3.08676
3.60158
7.82147
4.07131
1.28708
1.53258
1.97062
1.7774
1.54443
0.517945
3.12438
2.04398
1.54281
2.88927
2.82611
1.34212
0.717727
8.14506
2.33103
2.43992
7.52044
4.76744
4.32348
8.92709
2.24825
3.50819
7.1053
9.08079
1.98591
11.7357
2.88603
2.80815
4.90115
2.34891
1.01563
5.08831
4.2773
10.3385
1.60763
12.0482
2.78999
5.48284
7.32664
0.468213
2.72051
3.00624
3.93043
6.3604
3.46222
0.815742
12.4313
2.10103
3.35718
4.95194
2.8341
1.57158
5.46213
7.21554
1.68311
3.63896
4.46422
5.44707
2.77514
2.67887
3.47366
1.73158
6.92212
3.31051
3.32155
1.62655
3.53515
3.99182
0.370014
7.77719
2.68147
2.87773
1.05552
1.51636
5.67458
1.15763
0.870288
5.51146
3.31317
2.43522
7.99927
3.04948
0.575721
1.50802
6.19837
11.3668
11.8682
0.834301
1.29147
3.6708
2.90731
4.38047
0.680031
1.68255
1.92085
1.99668
3.74051
4.91029
6.20315
0.595173
2.62808
4.51134
10.1927
10.0251
5.41285
3.22989
1.30622
6.23327
11.2915
4.09434
4.81236
8.66439
1.49105
5.72096
5.17424
1.86942
9.8706
8.18844
2.93192
4.97768
2.62773
2.33542
5.50142
3.14788
1.64214
5.51281
1.62491
1.10808
3.02203
3.55458
3.81598
3.48126
0.488386
6.51226
0.485862
4.39867
2.82851
12.9607
1.62668
3.66184
7.00821
12.9409
5.56735
1.73677
3.2684
14.7019
1.89384
7.51293
1.16011
1.72658
3.08533
5.45394
5.35737
6.99416
1.55819
7.72952
3.95784
6.89203
7.54157
3.32307
0.895883
5.87962
2.65878
3.39109
6.22701
4.05618
2.59783
1.67998
5.3825
14.0823
4.27248
6.24651
5.70449
3.18468
8.29774
2.00313
0.989899
3.79111
5.64141
5.83778
1.09679
3.34569
3.0991
2.97437
0.748197
6.10231
7.67548
9.64489
3.22446
1.86104
1.0742
3.59555
8.33306
2.63992
0.399934
0.597958
11.1714
1.01582
4.1083
1.4696
4.18739
3.66372
3.23384
8.32339
5.55403
4.00293
7.78083
1.84233
3.51083
3.5201
7.87819
6.71707
3.50857
1.65551
4.47799
1.05588
5.98569
5.3781
3.93301
5.2426
0.642394
0.926827
4.41367
6.47543
3.15824
2.09384
3.3504
5.39093
4.72842
1.14506
2.63497
6.05923
3.43575
3.44365
3.18342
3.17482
1.40809
1.10988
1.89987
7.72359
2.27454
7.9252
6.41306
9.34416
9.79632
1.55627
3.47153
3.37926
4.66928
16.4268
2.43436
2.95899
4.74777
6.53252
4.20035
0.336382
2.29563
15.323
3.61196
2.47865
4.50536
5.93042
2.6008
2.9914
13.041
2.99705
7.20499
5.62894
3.81998
7.9847
3.28869
8.51804
6.0223
3.22354
1.54397
3.08425
6.20606
4.30109
3.30607
0.907189
2.80764
6.92243
0.790174
1.67617
4.32083
1.64887
5.72419
0.739719
7.16585
1.03758
3.10501
1.45889
2.33877
0.80425
1.53675
2.26972
4.52821
4.44327
3.75163
1.2364
1.16788
6.32722
2.28148
3.35273
0.436589
7.49607
20.7739
0.851232
2.64791
6.51375
0.232227
3.52813
1.32583
1.06973
4.6351
1.08473
1.63821
10.1122
0.974414
6.98125
6.82272
1.6131
2.0848
3.35028
5.61294
4.68143
6.92758
0.952373
5.62119
1.84957
1.07848
0.693317
5.39651
2.09871
4.57024
2.07945
4.02753
4.29518
2.63664
0.28226
3.28873
7.48157
5.00509
0.578496
3.52977
4.22265
2.98156
3.84698
4.28502
7.87441
4.78931
4.14774
1.56908
3.68712
3.13976
1.74835
3.38104
0.704515
3.44022
1.55308
1.03307
6.12646
0.403974
1.97363
2.38957
5.12258
2.80143
0.444243
8.42033
9.31071
4.1902
3.96644
2.21701
5.59614
3.6425
3.82258
2.46156
5.02242
1.68812
1.65325
6.14072
3.97778
2.96158
6.67505
4.32945
6.42109
7.97355
2.26962
15.2684
3.58314
2.50871
3.50924
4.3822
1.89649
8.59309
2.52466
2.22395
0.568554
1.42318
0.377537
2.32483
5.23444
0.627948
4.04814
3.27078
1.21892
11.7081
0.958955
8.04626
2.14251
1.07208
2.8112
10.3938
5.12682
2.97637
5.60581
8.30476
4.07378
4.00225
2.6175
7.46229
2.25684
9.38258
4.67264
2.63774
1.85689
6.34619
2.01159
4.52646
2.03816
3.26696
14.6612
3.70241
2.65968
1.74567
7.39016
6.97701
2.86839
1.82706
3.14177
11.1754
5.9282
2.54515
1.84404
7.7916
7.5464
2.88668
5.47358
3.77666
1.81247
8.13709
0.731762
3.76596
6.29948
1.37682
4.05562
1.52821
0.446917
6.44165
1.39026
1.9853
7.10387
3.14799
4.49631
6.66509
7.0057
0.916211
6.04582
3.68421
8.38742
2.40123
2.90831
4.68151
6.69452
3.48317
1.83241
2.31944
5.08969
5.92595
7.04644
5.61347
13.9305
0.99989
7.10795
0.739764
7.1127
5.196
2.4523
1.78962
0.920096
6.04677
3.97614
8.726
6.19204
6.4302
1.2448
6.44824
5.29459
6.0894
0.67514
1.34503
1.35805
2.22287
5.74267
8.89665
9.71537
1.57602
12.6669
11.4292
2.48648
0.962904
4.83899
6.28021
3.58823
5.23487
1.90169
2.61267
3.0456
4.00455
4.73017
3.88498
3.61107
1.31631
9.97507
3.52394
7.69687
1.43121
7.63236
2.98453
3.62691
1.42764
0.40245
5.41315
0.706535
2.94477
1.4555
2.84203
3.14309
5.35688
6.28752
6.75265
1.94719
3.57679
2.23494
1.66847
9.54998
1.5102
4.85832
5.41509
4.26001
3.61448
4.98307
1.40917
7.92807
2.8394
3.06887
4.36837
1.98811
8.79737
1.79455
3.17329
5.44019
1.48872
2.09042
2.73414
10.819
1.9848
0.863117
0.882932
5.03135
5.52051
3.83587
5.14264
4.73793
1.49509
2.00891
5.88924
3.74984
4.96042
6.49291
4.43186
3.72404
0.855013
2.70172
6.12874
1.83339
2.26546
7.78083
3.72887
2.81535
7.16267
2.35558
3.87697
3.75051
5.01391
4.50617
4.41389
3.51765
2.88921
7.08002
0.500979
2.25821
3.15311
13.7765
1.25476
0.78591
1.74155
1.17781
6.70206
5.2972
2.52733
1.78632
1.5437
1.92605
1.56439
3.2031
4.49678
2.03856
2.05824
6.54743
5.74273
8.0573
3.82484
4.99126
1.02823
3.73026
1.73746
2.91797
6.80732
3.30901
6.36984
2.26731
3.75876
2.10221
2.1849
1.36058
4.35763
1.60861
0.485046
9.14225
6.46056
4.26087
2.87919
3.50923
5.34095
3.34387
0.568073
8.43873
6.16888
9.37414
0.108695
2.71403
3.84622
3.4384
1.51414
1.61655
3.47779
4.10129
2.17835
2.02904
2.77559
4.88776
2.20999
3.81942
1.3728
1.84669
4.48139
7.3132
3.65197
4.62074
8.08937
3.5739
1.18424
3.66045
3.43538
3.46617
3.27722
0.982214
2.81728
4.29235
2.54419
3.93158
9.65875
3.80976
1.09452
3.83562
6.83449
1.14687
5.68441
2.45853
2.84949
5.2197
3.29362
2.48702
1.98682
4.01896
0.585708
3.48403
2.97992
4.36163
5.87357
9.70438
4.17102
1.92705
2.81954
2.27484
5.0887
3.99651
3.37545
0.264128
3.42068
4.77954
3.3078
3.53553
8.02868
3.33965
5.18377
5.39846
0.801199
2.4611
2.93488
1.14084
0.583846
3.50169
5.2464
4.01562
4.23993
1.88479
6.18176
2.18404
2.1761
3.10427
3.54979
3.74097
4.21634
4.26921
4.80199
1.55845
3.22252
5.79969
5.50776
3.57056
2.04431
5.39969
14.1182
0.158802
1.37644
17.7306
4.91295
7.24975
3.05419
2.36409
3.61861
7.01055
1.53921
5.21815
3.97697
5.23871
1.88645
0.971906
0.393629
4.57106
6.08783
4.07569
3.52239
3.24315
7.34464
5.91769
1.04692
7.7515
2.20248
4.50418
4.46665
5.16307
6.08106
3.38484
5.46784
3.08988
0.839886
6.21667
2.68347
5.14038
2.43143
1.31282
6.26973
10.1266
5.08878
7.62815
5.86116
3.49739
11.8531
1.64759
1.53963
2.86237
5.53135
2.21821
6.28235
3.76259
2.05797
4.94307
4.57166
5.03496
6.72016
2.35884
11.5132
3.7174
2.91197
4.5742
1.1693
3.27117
7.58703
4.91208
6.75627
2.45307
2.31115
3.99648
3.68841
3.3977
4.65021
6.02724
0.523155
0.680627
2.17894
2.77181
9.47357
0.452687
4.53297
3.3562
1.23243
0.119961
3.15973
1.69977
5.31379
7.24684
0.553057
1.4735
3.04627
4.04786
2.60084
1.80152
5.38271
5.96797
2.77719
1.97956
9.24322
3.96054
1.41913
0.900111
4.46848
5.23726
0.648207
0.313408
2.2547
9.56224
8.37708
1.85957
1.05031
1.87089
8.24433
5.7724
5.6088
2.57899
2.29545
2.07224
4.2231
4.21362
3.85798
6.64953
5.02637
5.1304
3.55596
2.8297
2.20673
6.22449
3.4238
0.637222
3.20644
1.83716
6.36026
3.73545
5.15081
1.67303
1.81612
4.05774
6.3565
2.06266
1.85299
5.80712
8.70612
3.57466
3.09771
9.01031
4.64743
1.61679
3.45123
4.82065
0.523002
3.22351
0.785105
6.55608
2.6288
9.30521
7.34462
3.79495
1.37609
2.00353
2.1382
3.39145
2.38105
4.53072
6.0186
6.77492
4.95385
6.73451
2.21875
3.69585
1.25833
8.60622
4.75907
4.38043
6.89121
3.81924
12.3351
8.6058
5.19462
1.72744
5.65131
5.37267
3.09405
2.11804
2.42853
4.33395
4.68147
3.3476
3.11762
1.52588
2.51334
4.65445
3.47509
5.56174
3.99286
2.94681
3.50162
1.02526
3.45565
4.54944
1.29872
6.4241
0.817866
4.93935
2.81613
2.31915
9.30649
1.53042
5.11004
0.865328
1.14543
3.80202
0.218465
0.713996
5.67252
2.0259
2.59894
0.474353
7.1499
2.46762
9.79949
1.21117
1.50246
9.75043
4.80905
0.931297
7.85006
3.03885
2.39202
1.05903
1.85929
1.91609
3.84279
2.81023
3.13316
0.335977
0.947673
7.69634
4.12134
2.86166
0.816767
3.11607
1.69093
3.85197
1.59713
5.51471
2.29298
8.93366
4.47814
3.39454
7.95161
2.44588
1.1057
5.33652
3.68847
4.33028
2.71172
1.39877
4.40427
1.50865
1.55943
2.05459
3.1682
1.39691
2.98367
1.79279
5.42837
3.50424
1.38597
5.62479
15.5253
3.06062
6.64881
4.48544
2.65472
5.77914
5.83712
7.78391
1.42889
2.04572
3.2127
0.421214
8.35831
4.52613
3.37109
3.53483
2.34156
10.32
0.82142
10.7509
6.12075
5.96767
2.55014
4.98971
6.30378
2.0352
1.24302
2.92553
2.68758
5.22889
2.04039
1.71315
2.21724
7.13606
5.98157
0.184439
4.71322
2.41902
1.94142
2.98829
4.45293
0.734913
1.0971
2.18027
11.8549
4.40455
5.051
5.50459
7.53826
11.2257
4.06394
9.78858
2.898
7.9389
5.66597
3.53212
3.77535
5.74425
4.27186
1.73727
3.78002
2.64416
2.46874
2.1715
3.43153
4.73663
1.87681
16.1104
3.49625
0.970544
1.27183
3.34089
3.45441
5.38651
2.10295
6.36102
17.201
7.12076
0.862633
3.74995
5.16021
1.80387
5.76509
1.60466
8.75888
4.09102
4.07726
4.99586
4.6403
3.86007
7.12009
0.462274
2.93354
4.29128
2.64195
7.63434
11.8254
9.08558
2.36214
11.2231
6.65535
1.11214
2.29386
3.64482
4.69164
3.33812
2.29668
7.43784
0.628952
3.6924
3.62413
5.20367
1.49066
1.16169
2.09479
2.92178
2.14525
3.53289
2.50809
8.03946
1.59876
7.48214
4.57475
3.50341
4.12249
10.6175
7.28371
1.6635
1.83651
3.90224
2.83064
1.04288
4.76701
7.49401
3.04719
1.54599
1.59866
7.5009
7.33894
1.26209
1.24873
4.56913
6.28889
9.63215
6.20733
3.06722
5.63702
4.84641
3.50045
2.13916
2.93447
1.00243
2.39167
2.41565
3.24328
5.26555
5.62172
2.86804
5.3229
4.13967
5.74821
0.888455
3.3331
1.25147
2.09884
3.62693
1.38056
6.22742
4.04573
3.82546
5.61868
2.04597
0.0472653
6.92751
2.98285
5.01562
1.47699
1.83571
5.48588
4.40014
4.87786
3.75891
4.59323
5.35943
1.57249
0.760532
3.99542
3.09253
11.5142
1.74449
9.08196
4.48143
7.1815
1.36398
4.22915
5.37502
8.06314
0.441441
14.6952
5.30583
7.5738
1.31475
4.46583
7.82645
0.795672
6.75131
3.87569
2.99643
2.80962
1.11739
4.90065
0.734345
9.75529
3.71428
3.46753
0.9837
4.10414
4.95594
3.71037
4.01941
3.67089
2.73263
1.28835
5.15718
0.280715
2.40469
2.91874
2.62697
9.73053
1.49671
2.93908
2.14278
1.89977
3.91717
4.37681
8.13753
4.89179
4.45624
5.03826
13.6002
5.95823
4.78359
8.4752
1.4414
4.34248
4.70034
2.09427
4.95763
0.237768
4.62767
2.95154
4.99439
4.06805
7.00602
1.71433
3.65519
7.30937
8.6554
16.0093
2.05371
2.34199
6.03899
3.77017
9.58613
1.7478
3.98354
5.13992
16.2738
1.48121
12.9407
1.98722
3.31739
2.64164
2.08297
0.555449
3.72683
1.34983
3.27385
4.51404
10.0756
7.01994
1.36359
4.6947
1.33552
11.7047
4.77907
5.88129
2.73834
6.43824
2.37265
5.08913
3.50804
1.2395
0.616075
0.563823
1.39637
3.37141
1.71159
2.63675
2.83836
1.47512
2.43762
5.85888
4.11021
5.14948
2.33455
4.97222
5.68187
2.14707
3.75041
0.551305
6.67229
9.74853
5.47678
2.42987
5.41601
2.26686
1.92377
4.55821
1.04301
1.68045
1.08818
9.41429
3.69293
0.276254
10.623
0.591745
0.439284
0.763691
1.18908
5.85157
5.42378
1.82119
0.502332
2.245
3.35455
1.33337
3.73858
6.99042
2.53645
4.20582
4.70521
2.98328
0.922029
9.98859
2.50601
1.31094
2.23036
9.14256
3.25868
2.76008
6.23797
9.03905
2.57374
3.72489
5.45381
5.54745
3.13618
5.2395
10.9694
1.70863
1.75172
3.72813
3.70895
1.381
6.47582
3.14207
1.14339
3.59858
5.04783
6.11493
0.807591
2.68245
2.02306
2.08864
2.79979
2.00994
1.46058
10.8821
4.53478
5.87065
3.03372
4.29076
6.62184
1.37769
1.5901
1.03104
2.13221
4.72505
0.147916
2.55859
2.85919
3.47389
1.31665
0.446724
9.78591
4.28016
1.76573
2.05858
1.74092
9.08252
8.65005
4.23063
1.64929
5.63015
5.94362
6.34718
0.382835
1.3993
2.3951
6.85206
9.03126
8.66638
1.33043
5.78468
3.5875
3.20737
5.31828
0.627889
5.4166
0.181897
6.05439
8.01549
3.58181
4.41121
2.75479
1.49841
3.27319
8.12127
1.74273
6.90591
2.80134
5.53896
11.529
1.65899
1.34713
6.42873
3.93031
0.52149
1.72745
0.292721
2.61767
10.5804
1.82256
5.23583
0.28083
5.89419
4.77572
1.69299
4.29179
7.25255
1.3786
9.68716
4.48413
2.14762
4.76719
5.13762
1.33554
0.445913
3.60213
5.73305
7.45013
1.95161
2.11332
0.396755
4.4437
5.25411
1.19072
3.73355
2.35575
5.83672
1.53658
0.272447
2.17621
5.08206
2.54939
7.74968
0.808916
0.212806
0.637388
8.67855
2.72243
10.5082
5.6556
2.93185
0.700345
2.59934
5.0789
4.84658
10.6301
7.25885
3.26822
1.85291
4.4385
1.42195
3.23778
0.694042
0.543275
6.55516
1.6176
2.88411
2.53118
8.94811
10.9775
6.18847
6.09251
6.83728
1.88176
4.38864
6.31877
2.88373
3.01173
2.46418
4.60682
7.13273
7.34041
8.94878
10.8947
3.6906
1.53827
3.06384
3.63815
16.8696
1.52708
10.1417
3.16717
5.72607
5.12842
6.90954
1.91501
1.13856
0.577563
3.64212
7.73857
3.45901
2.74193
0.807363
6.47029
3.01437
3.77968
3.22556
2.18177
0.805352
11.5482
0.675413
0.759973
3.92138
4.62384
3.30747
0.523206
1.43569
0.732145
5.11648
2.39594
1.66243
7.55007
0.815166
1.08924
1.76239
2.43809
5.71018
2.80072
5.66243
2.28014
5.63453
1.12528
0.161465
0.717014
4.26318
0.61625
2.15204
0.65722
0.839629
11.7586
3.74986
4.19429
8.13522
3.73093
2.90462
3.93813
4.08175
3.29916
7.69675
3.8256
1.26816
3.8577
1.75057
1.55054
6.4095
10.6725
0.989409
1.823
5.5822
0.430999
10.8672
1.27911
3.18337
13.0177
3.11339
3.26341
3.40359
1.98499
3.06687
6.44163
1.2409
1.90428
9.24375
1.25197
4.81051
3.68392
4.935
3.43279
4.48381
5.26039
1.29493
2.95677
2.55176
1.41542
7.04792
4.78147
4.9225
4.78507
3.25805
1.18541
1.3206
1.43553
5.49005
1.26842
2.14203
1.68137
1.94837
4.44659
0.619151
1.1183
6.46732
2.42712
1.05765
3.27507
2.70077
12.7691
3.37522
4.04016
3.31402
1.4817
1.12768
3.20058
2.43839
9.23467
2.41374
1.19449
6.31992
5.16509
7.21365
2.82409
4.22053
7.18216
8.5079
3.09148
7.05216
2.00203
2.57525
1.7139
4.47519
9.49297
4.39461
1.3184
3.61162
8.32639
0.599403
2.04782
2.75057
1.17089
2.63251
3.71386
1.19702
2.8417
4.6183
5.20344
4.49071
1.38892
0.924549
2.40927
3.28837
1.81971
2.99704
4.75761
4.03156
2.79542
4.60084
2.53068
1.19033
1.14515
1.30705
5.04784
7.59431
4.72191
6.70396
7.30795
0.31601
5.02717
9.12273
8.14306
3.35733
2.79335
7.4032
6.02692
3.12311
3.69582
6.23009
1.13991
2.88008
2.21791
5.81615
8.11491
4.71707
0.886532
6.71075
2.4534
0.993317
3.9998
0.671438
4.38085
1.89201
1.32998
3.6343
9.85135
4.21293
4.74946
4.52984
4.33622
4.4674
3.35933
2.80461
0.273068
6.11547
0.770903
2.62399
4.50031
3.33865
2.39557
8.43672
2.89166
1.45696
2.72812
4.58964
5.15488
5.42172
10.68
5.47941
6.20634
5.88178
1.35758
0.642401
6.86242
5.774
2.837
3.27217
1.53557
3.98523
2.57603
4.10207
6.78682
0.348856
9.34089
7.26532
2.31785
0.0839784
1.50066
7.60827
1.73371
1.92101
3.05248
4.75919
4.03799
1.28773
9.09532
3.94668
5.41537
2.76995
4.72771
6.38802
0.38788
0.285333
2.42182
2.04462
7.06493
3.15303
3.62844
3.71031
4.31978
2.40284
3.71859
3.70079
3.36728
3.7897
1.73515
1.00719
1.37123
6.69581
4.97743
1.69555
6.83269
2.35782
2.18097
2.25141
5.6663
4.0463
1.85415
8.21874
4.07069
0.901126
8.33288
1.41603
1.99918
18.3337
2.42142
2.82608
1.98935
1.76383
3.96237
3.973
5.18171
10.4652
8.82417
4.89689
0.189653
2.27868
1.2933
4.6273
8.30944
3.43054
2.16836
1.24935
1.17855
5.9651
4.94618
5.11883
4.24082
3.45652
1.85615
4.35776
6.85964
4.06076
4.97391
1.42431
7.2689
12.2328
1.52816
6.93295
0.688382
1.69604
2.0388
2.46911
10.7181
1.79457
3.32889
2.36036
3.73551
5.17977
2.76988
12.1794
2.10773
0.894675
0.871115
1.31808
7.68303
3.75434
2.12318
3.18283
6.81196
3.67231
4.73516
3.02451
5.10646
2.05792
4.24209
4.27839
8.39693
4.55388
2.51763
7.22357
3.95097
5.41007
6.96184
1.88036
1.31628
6.56337
4.88987
6.16058
1.32662
2.1697
8.00322
2.95448
2.69731
4.09702
20.1104
5.75684
1.25433
7.10968
3.41437
7.4806
1.46236
0.396003
4.09288
3.83066
2.98686
3.21851
5.37524
0.407461
4.05335
2.11247
3.27978
2.57569
5.01521
3.71039
4.65116
9.75354
7.40116
2.15039
1.3526
4.89392
2.4985
4.80184
2.02008
2.34643
1.87305
1.05928
5.24205
4.3938
4.40533
7.60716
1.12613
3.20196
0.945042
9.80853
2.01532
2.91165
1.5845
3.65321
2.00201
3.37639
11.8149
1.48779
6.20593
1.02478
1.88232
1.5884
3.37241
3.95496
2.87335
6.34734
1.98312
4.6173
4.11331
1.90563
1.7344
5.94956
2.64931
7.80872
1.7181
2.9168
2.8309
0.848504
3.07946
5.68707
1.42679
2.44405
0.939909
2.59512
2.37397
1.90017
4.14092
6.93381
8.35968
6.27522
3.89514
2.22773
1.69639
4.02976
2.32718
8.24132
1.24224
1.55692
1.55316
7.70714
7.26273
4.1117
1.84146
3.26336
3.41315
6.30432
8.60545
1.43257
0.669259
2.54394
1.06466
2.79943
3.16968
7.06415
1.37609
1.75513
8.98082
4.69738
5.37229
8.16797
8.38766
5.29631
0.095171
2.75319
2.65681
2.51601
2.13147
4.48617
7.82472
10.7885
8.96081
1.55893
8.64604
1.6928
4.46757
1.367
8.41331
0.922073
8.00045
1.61829
12.9752
0.452014
1.66229
4.78242
5.77811
1.4349
2.13046
3.37482
3.73543
2.80499
6.83118
3.21912
3.12749
0.966242
6.66058
1.61117
2.67607
2.79253
4.17914
0.951033
13.8562
7.57574
8.45332
2.41892
9.34915
2.05614
2.55118
8.74216
8.47158
3.21582
8.01213
4.47501
5.72449
5.11523
6.61555
6.24585
3.67734
5.72759
2.67776
6.27701
2.60665
6.01583
3.67342
2.55894
2.39119
9.2662
4.20872
5.08952
4.36717
1.40953
6.20002
1.6511
5.14149
7.06991
7.10465
2.45538
1.54684
5.06289
2.42437
1.46401
0.878453
6.99815
7.87601
2.62354
3.29972
2.6005
1.15131
6.12598
6.59417
3.12469
2.78207
1.64674
0.995005
3.26208
12.5317
1.86606
1.56926
0.278747
5.58185
2.94895
9.51022
1.87924
0.936531
1.57218
2.88049
5.89748
1.64011
9.03854
1.10624
2.53241
0.41815
3.28624
6.55396
5.89185
3.26127
2.97141
0.428067
7.38632
5.31381
3.14749
1.45536
13.0432
0.8708
2.00713
6.27366
2.80867
4.84034
0.831122
0.764929
3.14236
3.30011
2.88845
2.26139
3.9678
5.35692
3.74337
5.82742
1.40357
1.15086
3.44767
3.18957
1.75662
2.87308
2.7578
1.2186
0.814366
8.01475
1.59465
2.04081
2.39945
3.42118
7.34421
0.661263
3.37199
1.85267
0.920465
1.85625
0.896797
8.6766
7.41165
11.6263
4.86071
0.712549
1.00627
6.06797
7.24491
2.14298
2.62749
0.977442
0.22569
1.29151
2.70415
1.5177
2.34006
2.88175
2.79372
6.46984
1.96892
7.27397
1.27985
4.32288
2.05003
3.3973
2.48025
4.67371
1.34247
6.49394
2.01377
2.63925
1.22746
2.80671
2.15342
5.14098
3.97916
1.16172
1.96221
2.61273
7.27354
3.52224
2.05874
4.41487
3.05344
1.65444
1.65765
2.16719
6.35125
6.06612
3.20326
6.94429
8.51372
2.49119
3.14303
6.26306
2.39332
2.50239
1.893
4.88632
3.77325
3.29555
0.206282
2.19477
2.23028
2.36291
5.57162
4.5957
4.51794
2.18162
2.74754
3.03556
2.20499
3.67093
9.57286
5.43018
13.2854
1.62158
6.46994
1.93961
6.38345
6.03326
2.21155
2.55319
4.20542
4.51009
1.38503
3.94801
0.458688
3.53688
1.58485
7.02413
8.48689
2.45979
2.21968
1.48654
3.92134
2.42242
1.89617
0.404086
2.15104
4.46585
2.51111
4.94694
7.4057
1.29512
2.794
2.25685
1.62857
2.61234
9.32238
5.65006
8.13906
8.50655
1.67948
6.7511
4.03554
1.84515
6.12054
4.85498
3.02759
1.69847
1.31555
4.07455
4.27691
3.04235
2.69283
4.66609
1.75187
4.78252
8.05717
5.06934
3.86673
2.37935
1.22988
1.66
2.66233
5.00836
4.187
0.376341
3.48025
5.69481
2.98806
1.41298
2.78542
3.63101
4.67397
3.00227
8.00621
8.97686
6.72824
2.32424
3.54778
10.2769
5.46894
3.76607
7.40806
8.64255
6.40167
2.28356
1.74193
4.06447
0.308211
2.17818
7.72264
2.10573
2.10839
8.50633
1.29528
1.9947
7.24878
1.16737
2.26617
9.33162
4.86643
3.57989
1.50453
12.9958
9.65895
4.76376
6.87748
6.47753
5.04589
9.45722
4.53291
5.13916
6.9175
1.29608
5.88966
7.57911
12.3678
5.04386
6.07059
4.15707
8.24031
4.98313
7.51496
3.86907
4.69482
0.419773
1.80865
3.47961
0.957193
6.13802
0.644738
1.25292
0.83966
1.99345
3.26582
3.18719
1.33608
6.61655
1.79696
2.22624
2.4244
3.16463
7.22834
5.05458
7.15269
4.24353
3.24804
5.80584
3.50818
7.84956
2.88112
2.93334
3.59784
1.86799
5.58753
0.491159
6.60047
5.0602
1.7502
2.37233
1.93807
2.87063
1.45284
1.61057
6.10646
3.05888
1.88065
5.92565
3.29785
6.25552
1.98608
5.14374
2.67714
3.36363
3.2755
5.2262
2.96676
2.2524
3.29821
2.39182
5.5626
1.05184
4.30876
1.12786
2.963
0.499225
2.18315
1.4331
1.13992
3.06324
6.68266
4.23309
4.58312
3.87695
4.12235
0.232906
1.38539
1.66498
2.32969
4.26531
1.48461
1.62377
2.86836
2.86894
4.87875
7.74052
1.95392
16.3248
0.620397
8.19348
4.47486
3.65182
1.46542
2.58126
5.87508
6.1324
1.44306
3.57836
0.774621
7.43866
3.34703
4.53911
4.47586
2.47675
8.84145
1.17771
2.79969
6.27416
1.19552
5.04343
7.06523
0.957625
0.80619
0.704181
7.01317
2.49264
2.63072
1.02499
1.8632
0.752035
5.82494
9.9471
12.3287
4.01038
4.46734
1.18882
4.35391
3.22202
4.64813
2.27472
3.27411
0.78545
13.8503
2.31829
4.00555
2.47696
5.81806
5.80392
7.58401
7.33038
1.68769
6.38764
3.49726
6.81836
1.47764
3.22441
3.61138
0.410484
2.27703
1.95011
3.51668
8.16143
3.87004
4.05238
5.21369
0.669395
0.470028
2.81371
3.84822
3.51711
5.92068
6.08839
4.37167
2.96718
2.21463
0.882561
1.88791
3.67351
11.7064
1.88483
1.42791
1.58371
0.405064
5.22512
4.96389
3.01238
2.90432
3.0133
0.385569
7.97678
3.72655
4.96931
2.38271
3.98676
6.43582
9.06682
2.6288
2.83936
3.16042
2.61591
6.1304
8.81148
1.2535
9.86807
1.99101
0.500192
1.9558
1.96121
1.80486
6.40213
8.38622
4.12886
2.56752
4.25753
2.32396
12.4994
1.05803
3.41387
6.52606
2.22662
5.63215
14.1399
6.15044
1.02349
2.36821
1.61074
3.59755
8.30443
3.25002
2.81667
3.69609
5.61698
6.58548
2.21949
2.301
6.80079
1.66417
8.46692
5.27037
0.636451
3.10684
7.02722
3.36673
4.94912
5.30421
0.991579
11.2836
5.68328
2.17187
4.83055
2.67334
2.04644
5.42805
6.47082
2.14287
2.88077
5.54674
1.45703
8.6168
2.9596
4.20644
5.62832
7.11903
5.54195
2.85021
1.61376
1.85339
1.43129
4.68676
2.00337
6.60127
2.55617
7.32138
12.6108
1.31639
1.82984
2.86829
2.74269
4.58828
3.36947
3.81938
1.33178
5.97011
3.37425
8.76077
7.33636
1.41149
0.220585
5.05817
0.776974
1.69691
0.698976
1.76572
5.57084
6.09506
8.26885
2.74404
2.58182
4.03219
1.95031
0.817744
3.59021
0.602276
6.99548
7.81454
6.14151
3.77359
4.51173
1.53836
0.592301
4.52237
3.24445
4.0966
3.90287
5.13573
1.48111
4.4822
3.08468
0.60373
3.6725
3.79839
4.65989
4.10706
7.24239
11.406
3.07198
4.62519
6.89096
3.20726
6.76829
0.742745
1.10496
4.00841
1.0192
4.04204
3.40951
3.95813
3.96263
5.08179
1.72004
4.10201
8.60385
2.01027
2.38988
3.07043
3.22971
2.8016
2.45512
4.52974
4.07227
0.945961
5.13319
2.96197
1.27244
2.81984
7.96155
7.43756
1.82808
3.83621
4.86858
7.52947
3.54333
3.86849
2.22356
1.60563
6.33113
2.3578
2.1959
2.8536
2.8871
3.50715
0.394904
3.44558
3.71595
2.28302
5.39592
2.27521
3.69251
2.3637
3.40646
2.33745
2.60603
4.78189
8.1866
7.93261
1.44679
1.46109
3.44147
4.76295
3.68819
3.47083
1.99638
5.20936
1.90577
3.64875
6.32881
0.130658
10.4264
5.90863
0.585351
3.624
0.485582
4.04055
0.376263
3.01571
5.74408
3.03594
3.2152
1.3019
2.45753
4.13739
4.40527
9.27039
3.67428
2.53357
7.90961
2.05807
2.86773
4.48365
5.81787
7.61928
0.750676
0.592713
3.7072
4.32287
0.526617
4.1962
2.79137
4.50139
0.443406
2.3313
2.09506
1.25815
2.77854
3.8088
2.85883
2.87393
6.4676
3.96214
1.57147
1.9756
8.98469
2.67484
0.811968
1.56562
11.5523
1.75903
2.04549
5.4267
1.1584
3.37528
2.88599
8.24714
3.45767
2.56983
8.74346
5.47589
1.94672
2.29942
6.45788
5.96854
5.87407
5.57323
4.3401
2.7885
2.39112
0.603413
7.70379
3.57476
1.36347
4.71671
2.48627
11.1269
5.47271
6.01204
6.57045
2.28337
2.33951
4.02232
6.79335
1.16211
1.61482
3.39592
1.08813
6.99506
3.26878
0.768231
4.68687
2.65125
2.1201
5.60451
0.802552
3.41891
7.14396
10.8578
2.42403
3.9745
2.69229
2.26841
4.86646
0.296732
1.402
1.36915
6.31945
5.18029
2.03896
10.3224
4.82502
1.76463
7.00624
2.48527
1.87284
8.59309
1.94467
4.94253
1.36229
4.80176
4.63601
1.35132
6.47355
1.9921
1.38195
2.74102
1.92918
12.232
1.43802
2.46048
6.50961
4.38943
5.25772
6.35667
6.25233
1.42664
1.87456
2.07821
3.37367
1.23088
3.43382
3.36
1.91183
0.390799
3.5357
3.37397
7.05655
5.30283
4.73008
11.8878
8.3012
5.53765
4.36473
3.52058
7.42981
6.85401
12.5001
4.55613
4.96096
1.22467
3.12377
9.09911
9.03961
2.60663
2.58454
1.56192
1.0195
1.63621
6.38239
7.88252
3.63467
0.5423
4.88486
2.82767
2.09442
6.05845
5.99788
13.1714
3.42467
3.58386
1.71893
2.14476
2.86491
4.64132
1.01253
1.36172
1.33026
0.292703
2.04153
7.84111
6.06508
3.02146
0.407316
2.63793
2.67648
4.03121
0.511746
3.22991
7.62368
1.35991
6.31402
3.60653
6.90249
0.513522
4.18308
0.629462
2.7167
0.402784
0.332289
7.30386
1.01428
3.27202
6.74877
7.71339
3.29345
1.28243
2.4564
1.27978
1.74856
7.44223
0.553272
4.21567
0.181284
5.95246
7.3978
1.20342
1.62703
5.05994
0.569674
2.14888
3.46275
1.89011
5.59895
2.42444
6.2566
2.76541
0.396962
4.92067
4.06804
2.81519
4.29682
0.955624
3.81255
3.55714
0.785478
7.27665
1.83506
7.38153
1.00953
5.01659
0.149775
6.20336
1.4463
5.83934
4.66698
1.63376
0.396351
2.78284
4.15963
10.8848
1.8708
1.53709
8.84366
5.39484
5.23014
2.43766
5.18162
2.15108
1.83696
0.459007
3.86441
4.4994
4.99605
0.203865
3.85238
4.68274
0.86557
3.92
5.14991
0.291082
5.59656
3.87214
4.19721
6.48044
2.98937
3.0779
6.13704
4.74317
7.52076
0.705556
2.14344
0.751927
1.9159
3.37467
10.3482
0.816061
1.13485
1.67598
4.48153
1.87847
0.683839
4.87178
7.82023
3.54738
2.38182
0.824617
12.3885
5.94574
2.58345
4.2164
1.4703
2.58236
2.17703
2.95447
2.31423
0.844544
3.36201
2.39735
3.59308
3.72267
3.99415
1.99927
2.74692
4.58619
1.78732
2.69757
0.173773
5.07498
1.7429
1.79004
1.22553
7.03413
6.11198
0.376127
2.92379
7.40029
2.1062
4.01486
3.13514
1.42939
2.99481
3.49662
0.791469
1.31175
6.0524
1.0103
1.20072
0.922164
2.65244
0.527342
7.36678
7.54295
3.61564
7.65731
2.34406
2.38128
2.9252
2.52301
4.86811
2.03451
1.28263
7.14708
9.06254
8.60253
4.96224
0.744615
1.75835
5.60435
5.72143
5.51903
3.66196
5.06271
1.57977
6.62332
2.43771
1.60596
3.19377
6.54965
3.79525
9.88016
10.5961
5.97181
0.299915
4.10328
3.66257
0.196188
1.40176
7.39225
15.3158
3.06697
5.939
1.0987
5.30288
7.65377
0.851156
0.874939
2.77174
1.636
2.32936
3.10552
2.48613
3.69094
0.546915
1.10798
2.37713
4.79924
4.54057
1.76521
1.46415
1.05679
1.5702
1.42589
1.66918
0.716631
1.36595
7.54723
5.21204
1.85627
4.18054
2.65171
6.37277
1.03594
2.61905
1.86234
4.40744
3.96039
2.58137
1.18404
4.8775
2.76593
0.431752
3.7024
6.21833
0.525754
3.82977
4.07842
3.98581
8.88119
3.40054
1.59666
3.07767
0.430985
0.904455
3.50068
6.66209
7.50972
2.58902
3.06213
9.73114
3.91783
3.1375
1.39602
7.26643
2.07018
2.8958
1.0118
4.96301
3.09366
2.67735
0.142513
3.47127
2.96708
6.60603
1.31288
1.64018
2.98861
1.67147
7.79891
6.52331
1.17732
1.86559
6.97827
4.37512
4.87838
2.90696
5.33592
1.15834
3.03501
1.54348
4.82608
1.39497
4.58253
6.20889
1.31307
1.16257
1.46437
1.33929
2.11106
1.15912
3.85983
5.25594
1.13821
4.48473
0.81871
5.59863
0.785738
2.05858
4.94648
2.15793
9.16229
5.04865
8.543
2.37119
7.68481
5.22813
1.31482
3.1666
12.2834
4.7115
1.79286
7.57883
3.74266
1.01382
8.62184
3.66899
3.94792
9.08876
2.57141
2.55974
1.88805
3.11491
4.28131
10.2765
1.22118
9.04035
1.85757
1.92314
4.54075
1.32972
2.43293
4.55396
7.84246
1.46721
0.540043
1.69041
3.71264
2.22422
1.26393
7.47632
2.3366
1.31158
5.3089
8.03838
5.60533
4.08735
5.51041
3.53177
5.59592
1.05508
8.59612
6.29521
0.800291
4.14018
3.76679
2.69008
1.61243
0.641215
4.65217
3.83186
3.07875
3.16307
1.50294
5.87251
8.87623
1.46385
4.71626
6.19772
4.37108
6.1512
5.25859
6.18584
0.28124
1.17727
1.2859
1.91869
6.8674
4.43347
5.65118
6.08193
8.1573
6.321
5.47066
7.82471
5.21606
1.95666
4.97383
3.6439
1.13108
0.964932
3.58199
0.734908
1.86661
1.58247
2.09097
1.59954
8.16171
1.53656
0.923034
3.56321
6.14074
3.59173
6.9587
3.13532
3.9383
2.97212
5.38353
4.52205
3.6073
4.92613
8.22684
3.93589
2.9701
0.154745
8.01122
1.92029
3.63714
1.96814
3.14964
0.902738
4.18383
4.7914
13.3682
7.0077
6.36618
3.90796
3.77577
0.593993
1.07936
6.60677
1.66906
3.30738
5.93294
1.83319
10.8384
7.15248
3.67466
7.45917
4.45275
4.38674
5.90821
1.47221
4.16347
4.47789
1.44865
5.7693
3.81871
3.16299
9.07978
10.7139
5.99427
1.42083
6.08444
2.36453
1.30413
2.23537
5.01232
8.4518
2.55415
3.52939
3.97289
9.47168
3.48691
3.41679
7.1476
1.19272
0.834965
2.20398
2.31151
0.126238
1.2398
4.70684
2.13053
5.0974
4.74625
3.20632
10.8038
6.0479
8.01242
6.47269
2.16022
1.22022
6.92148
2.9384
4.00236
2.10436
2.92054
3.37553
5.25693
4.71665
0.887943
1.2764
0.105326
1.0419
1.09566
5.39256
5.55644
2.45886
2.40504
5.79054
0.647073
4.33861
1.2622
5.32861
4.14311
2.53179
1.87139
1.08187
2.71258
1.36597
3.47152
9.35081
8.30447
1.71535
0.86946
7.19243
5.03199
2.53076
4.50355
16.0829
3.04459
4.76267
4.12172
7.66103
7.30743
2.41174
4.06685
8.1825
16.5135
4.21766
2.34599
3.59225
5.46702
4.00174
9.36997
2.14405
11.2608
5.78217
3.45367
2.28941
2.0199
2.57445
5.27106
4.19123
2.85676
6.03029
3.81849
1.36223
2.00279
1.52539
4.79959
2.89608
4.74009
3.1442
3.32955
1.90077
4.44444
3.81676
3.58537
5.04055
3.08712
0.826524
1.0609
2.16315
6.6417
7.48926
3.10832
2.72453
3.46414
2.83237
3.80742
4.99559
1.0446
4.76519
4.55417
22.5458
2.16459
7.9638
7.42984
15.4962
5.42599
1.05625
1.34796
7.16306
4.85166
1.79441
0.38936
3.96877
3.18337
1.57212
1.51218
4.30999
1.92222
3.29676
1.75294
1.80414
0.546916
3.64844
1.10729
7.18299
2.63829
7.9571
1.98918
5.48606
6.84591
9.68441
2.09246
5.93265
11.7809
5.78976
2.85493
3.34294
0.39615
3.83557
2.15398
1.40258
1.27919
4.2562
1.69403
1.28263
3.64031
1.0797
6.08107
1.64128
10.4711
5.30556
4.37808
3.5158
0.393627
2.28485
2.71752
6.32249
6.10661
2.39885
4.16028
4.16971
4.97575
1.79236
4.99065
1.67275
5.05259
1.25797
4.06796
3.83679
7.64668
7.28467
7.32135
1.30037
8.56563
7.86685
0.21207
4.46966
0.516993
2.13059
0.903357
3.8279
0.922877
7.18618
5.91594
1.15183
9.4688
5.16746
5.66344
3.33444
1.89354
5.13957
1.83887
3.2949
2.33582
2.13405
10.6286
1.76309
7.46148
2.04336
4.04683
2.65736
4.13997
3.87624
6.72222
6.96724
4.37195
1.20792
3.78011
4.08834
2.99607
2.68121
0.710764
10.2456
9.53741
2.78285
8.45213
3.84374
2.45504
3.91318
2.53687
2.02479
6.19244
2.88157
1.48445
1.91129
0.443703
13.058
0.848331
1.92302
6.88836
5.40304
4.20948
3.74742
7.70165
1.48741
0.909816
3.42954
4.29817
5.05494
1.83718
2.37223
12.0847
4.78927
10.1851
12.6159
5.32199
9.51492
5.66775
0.83851
3.31021
3.48343
2.55302
2.50985
2.82242
2.61085
5.43375
6.41008
4.81754
0.718423
3.7131
1.74891
1.78549
5.67151
1.05596
1.07453
6.06297
1.19632
11.9044
3.66217
2.17727
1.76239
2.37657
2.21571
3.16844
3.7714
4.61318
0.21118
7.54071
7.88196
4.15093
2.83341
1.39816
1.95586
9.35322
1.98772
1.82237
3.54315
2.25704
1.27908
3.20885
10.8645
2.97581
0.873431
4.49687
12.1697
3.55366
3.95371
3.31591
9.8444
1.07938
13.6399
6.37711
6.88229
5.32518
3.01578
2.93863
3.22104
3.15528
2.32463
7.6297
5.98353
2.20707
2.54997
0.524734
6.89838
2.70623
3.41961
0.831751
8.52038
1.75836
3.00138
2.47561
1.55774
1.70537
5.50726
2.98232
0.823865
9.78673
2.95339
3.26134
1.72306
3.58365
3.66134
2.47214
6.07961
5.02114
8.90557
1.4694
4.23994
3.6644
1.7898
1.4675
0.744083
4.3279
4.26959
3.17692
8.45972
6.34295
1.65801
9.88788
1.78661
3.1328
2.43714
1.33352
4.15554
8.66455
4.11776
2.69269
3.48879
1.0306
2.24122
2.30006
5.07625
5.09603
4.47927
5.46746
2.77524
4.77554
7.3304
1.51206
2.72624
4.65355
1.05713
6.14513
1.34508
2.94501
4.46014
3.75615
2.08647
0.464928
2.39262
4.33103
3.83116
2.91953
5.94556
1.55236
2.56901
6.9218
5.57042
4.67154
1.99823
0.385975
1.35613
3.8055
1.23553
6.68389
4.11658
1.92595
7.52506
0.727111
7.06886
3.01721
1.44587
4.16306
6.22808
1.2231
1.60543
4.90732
7.08892
7.7466
4.84619
6.39528
6.52873
1.92087
3.5592
5.91534
6.2082
10.0433
0.585562
1.23036
4.09578
6.07509
2.24419
4.30754
10.1621
3.22687
3.83981
0.843648
5.9424
10.4317
2.93975
6.55619
9.47477
4.74113
3.09905
1.68325
3.79283
1.88696
7.9595
5.21417
2.13566
2.73639
2.70339
2.40753
1.72198
6.92193
2.94726
4.73503
4.46215
5.71408
2.09186
0.740764
4.2041
1.41919
0.927869
10.0448
6.00151
4.31229
9.97774
1.48729
1.64077
3.16629
4.07104
1.4827
3.81553
2.90649
4.57796
2.62374
3.54899
4.33984
2.03533
1.2063
6.00046
1.585
11.0485
4.40817
3.67705
1.86074
3.94595
1.9488
0.86109
1.21913
2.23742
1.97936
6.43329
3.2337
3.44514
1.81355
3.12967
6.38256
1.94851
3.8675
0.592023
4.30426
4.26762
4.57083
1.40348
1.35558
13.015
2.08235
2.62149
6.30368
1.90906
7.59171
7.21852
4.18334
1.63772
1.39144
2.71608
3.77805
5.6956
9.87583
2.72154
1.93907
5.41551
3.44719
2.87976
2.38119
3.12321
2.90641
0.537029
6.7357
4.2519
10.2413
1.67474
4.38828
7.6885
3.38389
7.34727
5.64662
2.91583
6.72262
2.49292
1.70312
2.21216
2.56905
3.96993
10.768
1.62523
4.69636
5.57152
1.66398
2.79563
2.58083
1.74094
3.69157
2.30149
4.90148
2.89165
7.16665
4.34723
6.78871
5.08674
3.93648
5.38795
5.06353
0.644555
6.13093
2.09278
1.02547
8.49877
5.70136
2.91108
1.45143
6.47935
4.37406
2.19661
9.38941
6.87434
1.17599
3.2069
2.08655
3.62172
3.71635
2.70552
0.441217
5.50624
7.27531
5.08797
3.1581
0.582161
5.20021
2.70671
0.463988
2.09258
1.91062
5.19465
6.90426
1.29755
1.3392
5.40562
3.69511
1.01977
6.20488
7.34485
3.9703
6.32439
5.76981
0.311557
1.9948
1.37043
4.47196
6.27525
1.10632
2.1858
2.59462
7.19023
4.51101
1.98111
5.61963
4.40667
2.46253
1.71535
1.29622
6.9569
5.79635
5.23176
4.18757
8.94748
10.5928
7.19212
4.71268
1.40633
5.92298
0.712111
7.25896
2.01842
0.814596
1.99097
4.707
2.82403
8.52097
2.5274
4.60338
7.14468
4.56384
4.77069
2.49727
1.97958
5.12286
5.07811
2.18156
0.754311
0.648316
3.60901
7.26593
8.75799
6.8369
8.18086
4.56015
6.16122
9.98958
0.102415
2.35983
0.736088
4.38646
2.14317
0.699528
0.839391
2.1654
5.94889
8.63485
1.37402
2.28807
1.12887
0.953685
2.39191
11.2328
2.26906
4.51376
1.73395
2.55487
5.16583
2.09707
5.69755
4.05396
1.79837
0.855928
0.429239
2.16817
0.235688
1.10088
17.6454
14.8162
8.35931
3.30289
3.6942
5.79114
5.1597
7.17119
2.62081
3.72389
3.08821
10.8661
10.3345
3.92018
6.90805
3.3843
1.79681
2.96306
6.57464
2.70868
1.95662
2.56836
1.77095
1.7673
3.98552
2.82257
2.41909
4.76361
0.367378
2.4755
5.1766
1.25244
7.92853
5.6879
3.84423
1.13473
2.21469
6.97125
3.84176
2.99338
3.30508
2.55123
2.93182
2.95145
9.96139
1.17602
0.856966
0.867061
0.535628
1.48213
2.34392
12.9823
7.08427
5.24122
0.278369
0.370788
1.05452
0.648875
3.52575
1.11544
2.66642
1.65788
1.83779
4.54535
5.02188
5.67465
0.510469
2.34048
1.31029
5.51759
1.27149
3.01419
17.4982
7.64126
1.59147
3.30933
2.62231
2.67746
6.98622
4.64975
0.840612
10.4575
0.641116
5.92164
7.45929
5.02333
5.30433
3.67611
1.61573
7.18698
4.05111
3.59614
3.67685
0.676441
2.85191
5.23364
4.69992
2.5309
2.76651
3.08052
8.68766
1.28519
6.87744
2.17309
4.11746
1.04587
1.55984
6.10287
3.49887
9.36695
4.55218
1.35662
6.4774
5.76596
4.64247
0.921094
4.02977
1.23404
1.45741
2.89257
1.93199
3.36384
3.38345
4.22879
3.46749
0.960199
6.35894
4.3798
11.8914
3.91211
2.63163
2.25196
3.82956
9.142
2.93508
5.38355
2.943
0.918683
5.95978
6.56023
10.8343
2.07421
5.9088
9.02091
4.47146
1.61572
7.41207
0.836949
3.71248
7.30483
0.26913
3.36702
0.627194
0.818567
2.59433
1.10707
1.28984
6.65167
1.53324
0.837257
7.08968
7.01613
1.84621
3.33083
4.30762
7.89867
4.95297
4.57095
6.00335
5.50007
5.32816
1.54478
3.14352
0.427942
3.20987
0.585425
5.47751
0.617101
2.01538
1.26271
2.24724
2.87364
1.01336
1.21303
2.74066
2.61398
6.23752
1.70699
10.6871
19.5911
5.19804
9.9399
2.29117
6.94517
1.81672
2.34199
4.96452
2.6437
3.5708
5.71051
3.7345
1.48353
3.2198
6.83728
1.9619
9.60859
1.49134
2.44446
5.78727
1.37766
1.16015
3.3558
3.23191
4.21141
0.272897
10.789
4.66791
1.10009
1.11415
5.76639
5.59978
5.62468
4.22928
5.24931
1.27871
0.856616
1.29867
0.156123
2.20152
8.25622
6.13628
1.38469
6.40101
4.01409
3.04322
2.81113
4.48785
11.4451
2.2417
5.43799
1.51876
4.27927
6.77071
6.42727
0.806569
5.93587
9.18605
2.15384
9.48165
5.85259
1.56537
2.55928
4.77747
4.43442
6.94737
6.49233
8.08611
8.43932
6.45128
4.55899
2.81558
2.616
4.95659
1.65072
1.24743
3.84292
1.52015
4.98126
0.935278
5.59508
7.38866
1.41071
2.52565
1.44399
1.1413
5.31329
1.12694
2.43489
3.7928
0.813015
2.5622
2.98552
3.29542
1.05633
3.3546
1.6936
4.99613
5.36722
3.23695
4.25584
0.289115
2.26275
2.16082
3.81938
1.11069
10.4409
1.22807
3.08895
6.4945
1.62028
6.8489
5.86935
1.30128
4.07492
2.58439
1.74774
4.15689
6.78278
5.74543
4.08894
4.37157
2.19265
3.02807
4.90501
8.9938
6.12747
0.776059
1.79162
2.96263
1.87525
6.87447
1.73099
1.40793
4.57999
2.92921
3.47361
6.84765
3.4466
0.424892
1.95477
11.4244
9.35717
1.99857
6.45033
1.58599
1.97403
2.90171
0.690279
3.33931
1.77315
5.70177
3.27353
3.56155
0.630165
3.92629
7.50115
1.79374
3.49371
0.550762
2.8668
0.654671
4.05554
1.88408
11.4464
1.14311
0.483735
4.16606
2.68408
11.0215
2.84465
3.0488
5.37981
11.2048
1.32261
2.63074
6.07002
3.19767
1.69361
11.6376
0.806465
2.90488
4.78929
13.4702
4.17169
3.25684
6.51698
2.9096
4.47964
4.54709
4.31505
3.04629
0.886044
4.01801
4.50657
6.64322
2.05271
2.82822
1.99813
1.23593
7.34901
5.79397
4.14923
5.93547
2.93703
6.61808
2.22269
4.49678
3.7833
2.1565
0.979577
4.87829
7.37925
4.50035
4.92834
15.0807
5.22124
1.81947
1.92298
3.1625
3.46092
2.5358
6.32456
3.04472
1.21744
2.73197
2.69578
8.12869
3.64501
2.97655
2.58288
0.715172
6.11502
1.63018
10.7986
5.58097
1.68562
4.36465
4.69394
3.77193
7.20827
1.70315
3.09378
3.79854
6.44714
7.24961
12.534
0.922779
0.235073
4.83792
2.63428
11.6842
3.8706
2.40876
3.07922
4.62092
4.43953
2.69833
5.12471
2.12742
6.74111
3.90185
1.00075
1.86007
5.11865
0.972978
4.89887
5.3606
5.67574
1.81901
2.98775
2.70441
4.94751
1.19054
2.55441
0.436881
1.90142
5.07303
5.20137
2.29967
5.36806
8.55899
3.6102
1.47951
5.50655
1.47155
0.414392
0.383394
2.47915
4.64746
7.19816
1.37002
0.868817
5.47781
2.63386
2.55015
4.33455
1.37637
3.66576
2.55054
2.62397
0.378013
4.28409
0.876277
3.23206
1.47116
2.02455
2.59921
2.42183
2.33495
3.75023
1.34892
7.23029
0.85857
0.724253
3.66101
1.08601
2.26083
1.33814
1.08122
1.35584
6.12035
5.53469
1.90283
0.937261
1.77367
3.34735
4.86782
10.4284
6.77755
2.1955
8.66089
0.909332
1.19759
5.03626
5.31482
4.72934
4.65824
4.25024
1.73131
2.69171
0.434104
3.23291
5.45648
2.00678
4.27516
2.83876
0.663657
4.68036
3.53955
4.62207
9.51186
0.932257
1.90571
1.74873
6.02024
3.40914
2.54175
0.932656
3.75529
1.36846
8.87805
3.67592
3.63371
5.88744
3.52698
12.5489
3.3179
1.88417
2.7262
2.43321
5.50556
2.70263
3.65254
1.6374
4.12627
3.5097
1.17699
0.374376
13.042
0.159436
6.82362
3.65083
1.39429
2.50344
0.711399
11.181
2.75997
1.67591
4.08847
2.6925
0.317583
0.348887
2.58951
2.0425
3.1702
0.990664
12.8728
4.86794
5.98848
6.50853
1.75128
0.552171
2.02796
0.906339
2.63365
1.21198
6.42978
2.83652
6.95613
1.90035
6.14865
5.70239
2.23735
10.1025
6.09466
8.77667
1.87517
2.20652
1.15055
4.37824
3.65193
2.80481
2.51901
3.56702
4.46544
3.27585
0.617155
10.2699
5.97054
5.65826
1.72896
3.64418
4.34474
3.96105
1.05354
1.02311
3.8403
1.90482
2.31628
6.37529
0.683626
2.54089
5.46683
1.07431
4.85935
2.75297
4.99989
5.08372
2.05538
3.45117
2.68319
3.61372
1.99987
2.16227
3.75243
0.717928
1.6487
7.33553
1.74405
7.5009
2.1852
0.703908
10.1429
5.58431
7.78549
0.716854
3.51168
1.27089
5.51567
4.33801
2.59002
3.05651
1.36628
1.39643
11.6637
14.9276
4.37361
2.89402
3.48182
2.90755
3.83278
2.9084
4.98737
1.42602
4.93956
11.442
5.24033
1.95603
2.49065
6.0704
1.60478
6.9632
1.62852
4.44248
2.54691
15.4374
4.56448
2.87478
3.17898
4.12426
0.411887
1.04409
0.714079
0.888511
0.81981
0.423615
5.76873
2.21112
8.95831
3.16049
3.05721
0.368588
4.1277
2.7378
0.126167
1.61321
4.70022
1.67414
0.976732
8.43003
3.86166
3.59369
3.11379
5.17286
1.20588
0.509322
7.86848
4.35319
3.87032
6.52446
3.12247
9.75849
3.51538
0.577092
2.38233
3.85776
7.5755
5.63084
6.3518
2.27164
1.6463
0.66413
1.38678
1.03466
2.81115
6.96821
1.83461
1.20357
4.53089
2.3878
2.33134
3.30658
6.83245
11.2482
4.91191
16.1029
2.58744
6.78715
7.18687
3.68057
3.72331
1.07894
4.95828
7.22184
5.32204
3.896
0.659404
4.30127
4.14972
2.56202
3.20442
1.06567
3.10128
5.58763
3.38691
4.7222
0.660669
8.67675
3.68905
2.55274
5.2573
5.40197
0.960997
2.33361
7.73767
3.25058
3.46584
1.48079
2.58192
0.593212
3.96532
6.2253
2.7736
7.81568
1.78364
5.96057
5.09458
0.702727
0.795798
3.58005
3.15192
1.97647
4.18269
8.2854
0.409301
2.75972
3.71409
6.16119
0.326339
0.747876
2.77831
5.2045
5.01914
2.26176
2.52368
8.12461
21.4414
8.73423
4.54048
11.2802
6.25391
1.57512
3.14779
5.62608
0.672815
2.26953
2.27192
5.33484
3.06279
3.58369
3.42513
4.08087
3.87896
1.0506
6.31617
3.62427
3.871
3.77418
8.38212
3.2891
2.36713
4.92395
0.951223
8.62865
3.18568
7.56323
8.00125
0.438594
3.40661
6.09739
3.25937
4.52934
2.09305
3.47416
4.95384
0.437736
1.81998
3.20437
0.932054
2.12622
2.03302
5.65356
9.61349
0.979696
0.266865
4.663
2.34474
5.47765
0.739776
7.68829
2.71249
2.86271
1.83791
5.69193
4.57843
2.16593
1.24774
6.26397
1.68351
7.77772
3.52885
11.6696
6.82578
4.30429
1.18488
7.29913
3.43425
6.05308
2.20754
0.57995
7.29211
3.96831
9.42006
8.70961
5.25589
7.34083
3.4412
3.26879
5.05937
3.79195
4.33339
5.20059
3.47143
2.40972
10.6454
1.60728
2.18439
3.2221
0.839423
0.694899
8.91337
4.7315
2.49762
2.05897
3.59974
2.93046
2.98013
2.87035
5.76634
0.919753
2.4422
2.96353
1.21985
2.48055
2.55352
0.49591
1.7052
11.9626
1.58457
3.73628
3.38654
1.15293
4.27902
4.12834
7.46792
4.78539
0.382343
4.88228
2.76568
3.4327
1.56177
1.42229
9.14791
1.25943
4.84927
5.07977
2.38798
3.2306
4.62897
2.25266
0.452722
0.830269
0.984268
9.15381
2.94481
5.06812
1.16107
0.567028
7.5087
0.961183
2.20226
4.05309
1.49383
3.46103
1.28016
1.58949
3.64326
2.3064
2.09347
7.5357
5.60909
1.16912
2.14953
3.98969
0.361602
9.09096
3.03101
8.93387
3.69452
4.34781
2.74412
4.25803
1.10549
4.49135
5.96741
1.92652
5.3535
0.327436
0.97571
7.64714
3.04017
4.01977
1.42355
2.47139
3.47383
5.80662
5.16156
6.09676
2.03933
2.36807
2.38136
3.45011
2.97323
7.68105
1.24221
2.77672
5.07865
5.67016
9.59908
0.81956
3.79597
2.58457
3.40701
1.19714
2.74502
0.494788
2.22633
3.3752
0.721712
3.14879
1.29084
4.03654
0.648468
2.98099
4.44228
4.33298
3.99521
3.39143
7.68281
8.15263
3.73811
5.25486
1.75381
3.32178
8.3327
4.51764
5.29478
6.23496
3.54149
2.87713
0.745161
2.7785
2.4997
6.78771
7.72834
4.28317
1.01365
1.85649
2.25607
8.52539
4.45869
10.4613
2.99939
9.20306
3.46195
2.96072
3.45171
4.66167
4.30397
2.3557
0.744819
4.47099
2.98961
3.01586
2.0987
6.63427
6.15858
2.58052
1.34782
2.29425
6.62101
3.50406
2.03319
2.07643
5.46249
6.5156
4.67009
11.2387
4.6435
3.56916
3.03113
1.56341
6.69654
2.94984
3.09283
2.74311
2.55736
5.71802
3.16569
7.40058
9.21058
1.2609
1.44121
5.80538
1.59707
6.95932
3.06892
3.47899
8.16548
5.18814
3.68937
3.55837
4.35097
0.82788
6.38153
1.40972
7.69126
9.9596
1.82322
2.80584
1.28441
3.37882
9.08022
3.03811
5.31839
11.1896
3.17308
5.26986
1.52566
5.85299
1.78864
2.27112
0.742853
7.62046
6.55672
0.172625
0.400969
4.06895
2.77163
2.08937
8.80744
7.54981
2.82523
1.37655
0.702124
1.64259
2.13729
1.67214
2.11222
7.20547
1.92848
4.11984
0.314815
5.1442
3.3511
7.68691
1.30044
5.72447
7.50058
2.92551
2.47351
6.23431
5.28787
2.72806
6.3582
1.89009
4.88469
2.40099
5.71379
11.4319
17.3612
2.47908
4.53299
2.81285
10.9676
4.19384
3.15714
0.798553
0.868853
2.54599
7.27355
4.27942
4.2544
3.05142
5.57475
4.66235
6.51272
1.96002
19.582
1.04858
8.75126
2.18771
2.16354
2.34203
3.25562
1.51811
2.77268
3.51773
2.15961
5.77611
3.01958
1.05556
2.44844
1.21509
5.98775
0.750262
5.10004
2.78037
5.31047
2.06805
3.20789
1.20468
0.448173
6.30475
4.61307
6.23344
1.31229
4.32943
2.40708
10.4213
0.575733
2.78982
2.56562
1.41285
2.37652
7.13763
0.528321
6.25269
6.12552
2.35192
3.5364
3.82399
2.75328
5.91911
4.38547
5.7498
1.32265
7.09277
0.690708
0.738287
2.25462
4.67391
5.13255
3.0023
3.02797
3.65224
4.89848
5.45091
0.470067
4.52169
4.42539
3.80457
4.87985
1.78333
6.14276
1.43717
4.01187
1.54382
5.68902
1.69024
0.383007
1.55554
1.16819
1.27139
4.21608
2.51295
4.77282
3.65142
6.5104
4.69979
3.93042
5.18819
5.484
3.67229
9.59764
3.46695
4.59065
1.01881
2.86189
1.26262
3.02321
11.2537
2.22603
5.39577
4.96293
1.43735
5.07198
2.7798
3.22344
3.9415
3.57425
2.11035
0.668189
4.00602
2.07271
1.20758
1.30859
5.99808
2.51673
3.99567
1.88688
8.2151
3.43631
2.97494
1.3264
5.17118
5.81696
1.92346
5.04672
2.31392
0.499118
4.14363
6.59752
1.7417
6.82228
4.71814
1.97525
3.5058
0.851698
2.05048
4.52911
4.6065
5.77237
0.715632
3.84488
2.03139
3.00406
2.35309
0.791624
12.3151
0.909298
2.70804
2.30726
1.95001
1.60755
9.45949
2.99344
3.34845
5.02166
4.81524
2.41436
7.35598
7.23332
2.48774
6.32851
6.25641
2.04167
5.30504
3.40828
4.33061
0.662257
2.28085
1.29898
0.882737
8.9964
0.735275
4.00157
1.0586
1.57736
2.09742
5.74855
3.6399
2.58501
6.39748
6.26146
6.46684
0.896866
1.21768
1.14576
1.83986
0.739525
2.06056
2.68691
1.76253
7.66448
2.22528
7.31372
0.931508
2.66235
1.45441
3.36446
1.94253
4.33343
1.54796
3.55845
4.17042
3.03386
2.0343
2.54934
2.52838
4.54949
9.75931
1.6246
3.26833
2.70571
1.98209
6.27426
4.00725
5.22094
2.62411
3.17335
5.94656
3.79205
8.5304
5.25152
2.2193
2.58621
2.73856
1.76717
5.10766
0.447889
3.96839
0.907913
1.51281
10.4926
5.14936
8.11735
3.22011
3.42191
5.97405
1.88613
3.96815
7.06478
7.67911
6.80451
1.70536
9.97064
1.7769
11.0585
5.97788
3.48718
1.45635
4.86199
3.99026
2.44391
6.5877
6.18489
6.02376
4.4461
0.944288
4.44014
8.35888
17.3081
1.16713
1.58426
2.72008
4.32614
8.96561
3.18769
5.48047
2.21348
2.65156
6.40481
0.662778
2.75246
3.16395
2.61541
5.1152
6.74327
7.84059
1.77962
4.28456
7.801
4.33643
4.95308
7.23265
3.31077
7.39264
3.61023
4.83437
3.044
2.5918
2.14454
3.84014
5.42927
0.83539
3.37844
0.56909
1.73682
8.12869
0.303827
4.39154
2.43464
9.79686
4.67138
9.28519
1.37398
1.03275
3.39421
6.15775
1.33293
1.23008
5.00415
3.2177
2.80583
10.2181
5.00939
1.36038
3.52949
5.05639
0.712161
2.82619
6.19102
4.60698
2.18605
1.67435
3.08537
4.22079
0.943561
1.04993
2.8295
4.01657
5.69259
4.36753
2.69621
3.57862
2.26527
2.16446
7.20749
3.20636
1.47472
4.31589
5.21243
4.15492
1.17392
3.91939
3.30266
6.39956
2.8337
1.37763
4.67389
4.94748
1.725
5.40124
4.43638
6.04617
2.77707
6.04844
2.9717
10.0989
1.94355
10.1711
1.94934
1.92589
14.4939
5.18671
0.857974
1.69128
5.22023
2.38889
2.06582
5.44167
2.44578
5.07664
4.88097
3.01941
5.97565
0.947657
2.45621
1.25587
3.80217
0.565983
1.61921
2.67926
2.81841
0.597399
1.23088
1.63108
14.2583
2.04559
1.2902
6.17574
2.57468
12.0751
0.575017
2.59692
2.19015
3.51105
3.77311
0.969494
2.05803
1.48697
10.8723
3.87565
1.64399
5.16687
5.94319
0.353922
6.73191
1.83064
3.38992
10.1259
6.10605
14.6743
6.9406
4.33945
4.61864
0.537316
2.45812
6.03239
2.53411
3.81151
0.986957
3.74707
3.58759
1.81802
1.60801
12.0358
7.41055
3.6013
3.16966
5.32473
2.56925
3.27061
0.188796
2.86591
4.78862
3.70219
2.48541
2.77545
5.91661
9.11517
1.88338
0.150395
8.69713
5.85403
5.67685
1.24469
3.51247
0.733577
9.91027
2.61963
3.5795
5.52096
4.99144
3.83627
4.74466
2.58449
5.88834
3.78255
4.69104
5.77253
4.68569
4.35077
3.73931
5.00335
5.33147
16.1559
5.38591
3.18165
2.87119
2.41296
0.448439
4.14467
5.28187
6.23501
1.44317
10.2838
3.03945
3.69346
3.41793
1.64714
3.65917
0.289524
6.73023
7.3884
0.983716
3.82233
4.78302
4.62146
3.97588
13.4487
0.270511
0.607107
6.47407
3.46451
1.79178
2.19863
0.959101
3.94677
1.25805
29.2249
6.31567
3.09387
1.42145
9.68696
7.63838
0.388112
5.0108
1.99877
1.94952
6.23763
1.47623
5.05958
15.0242
4.15137
1.62345
2.24408
5.11246
4.48234
1.37723
7.73373
1.82749
4.13799
4.44042
1.22989
1.19548
3.415
0.807426
2.7464
1.22603
2.09013
3.01762
2.3416
2.77087
5.94608
1.25977
5.41548
6.3166
3.34708
2.97567
2.89641
4.39268
6.39185
1.5506
1.55336
1.94068
0.733536
3.42975
8.36227
3.58186
3.27069
2.83966
6.27969
3.31994
2.55829
6.25612
2.29521
2.56166
1.93255
1.08214
2.81808
3.92661
2.55357
3.15444
5.23021
4.61305
2.69341
6.03987
1.22245
5.05736
1.95297
4.30086
0.551885
2.7483
2.6489
0.947824
2.30858
4.44341
0.307978
2.63005
3.47515
2.5796
3.15772
3.4739
3.96249
9.97732
7.07668
3.57035
7.20863
2.62329
6.8626
4.12035
1.71116
5.22139
3.95281
3.1248
8.05959
3.19536
4.28852
0.725462
3.52294
2.91228
4.33365
4.76494
1.60717
4.29284
4.14589
4.56728
1.79117
4.90888
3.85663
2.57325
2.62373
7.07845
3.10819
4.99372
6.42978
6.09368
3.7051
2.71155
4.42917
0.654481
13.6954
2.47765
2.35703
2.07365
14.2375
1.73942
2.62571
3.91676
3.71603
2.94056
3.26117
1.87663
3.0613
2.09683
1.13287
3.8029
2.92162
1.86656
1.69029
9.34584
5.21017
1.72683
0.210787
1.13609
4.03252
3.41528
2.76944
0.898472
1.2986
0.69073
7.42928
0.862318
1.95241
6.0389
2.66442
0.797099
0.917687
4.49076
1.76219
4.23913
4.97974
2.32479
5.12223
2.97206
3.24488
4.98526
2.95154
1.39602
5.00062
4.26961
2.68639
4.46437
6.94163
3.14076
2.7427
8.95576
2.71862
4.11689
3.06306
2.00551
2.17499
1.22248
4.63556
4.2664
1.40862
2.08476
3.10283
5.79298
3.58195
2.51465
3.84592
2.06594
4.5622
0.287162
0.737501
4.03866
13.0419
1.34474
7.48446
2.25149
4.40476
4.16069
5.44559
8.56485
6.62007
8.93794
4.98871
8.44267
5.29691
0.697515
3.26786
13.8999
1.28238
2.44638
2.83823
0.618643
3.47761
0.611158
2.92277
0.185345
2.32942
2.47489
1.30849
6.21358
0.605236
3.59916
0.623216
3.07481
2.45784
8.27972
5.27776
1.02972
4.41636
10.0177
3.05739
2.76819
1.72186
7.11727
1.79109
2.04737
4.10933
7.81343
12.9489
12.0946
1.35956
2.5668
3.06527
8.02593
1.58421
5.675
2.22868
10.3463
2.27073
3.15721
1.55563
1.65389
1.97487
3.04274
4.06249
0.390159
5.87439
1.95296
3.12064
5.21131
1.25251
11.183
2.495
5.77234
5.10573
1.9292
4.06323
2.76917
5.65948
5.39255
1.31228
1.63197
13.2267
3.33413
1.85029
8.72089
1.07378
1.41878
5.47504
3.06238
11.5158
2.04164
6.10016
3.14986
3.56321
3.18999
4.63614
5.42917
7.62296
2.56841
10.4016
7.02911
4.35803
4.2966
3.69974
6.62336
1.85881
6.77773
2.32377
0.631891
0.482008
4.28341
11.1747
5.59796
6.08794
8.43534
4.31156
1.67811
5.72157
2.6024
2.82513
0.242189
7.48001
7.44444
1.92712
2.34524
9.33794
2.75344
5.06856
2.95114
1.41845
3.19952
1.84968
1.74948
6.2096
3.96794
7.96569
4.72514
6.83302
10.2264
4.02322
2.55549
2.11514
6.49954
2.76095
3.97844
5.42537
3.89422
1.28284
3.94661
1.29934
0.684585
8.2811
0.284248
2.94204
2.86146
3.47956
1.21596
2.22238
6.45519
5.77347
4.48434
0.412099
4.8698
0.933162
2.67475
6.27478
5.95097
5.57876
1.97268
1.15856
3.49927
1.90394
3.5611
9.63532
1.24017
7.86594
1.62614
7.45369
4.79747
1.73423
3.18936
4.2398
2.54732
2.3751
3.34463
5.95289
2.1608
3.76523
1.44885
2.57024
5.70471
6.6939
3.77342
12.3397
6.35136
10.0009
1.49318
2.45831
2.40206
0.132201
7.33671
5.97619
3.86361
2.65086
6.03414
3.88068
1.86863
7.53995
4.54366
2.63595
2.26915
2.44844
15.8116
2.36105
5.7363
1.99722
3.62158
1.43361
0.724816
4.12148
4.0087
3.09404
4.66568
0.166708
3.6181
7.06672
4.19866
2.37368
3.55745
7.05658
1.31315
5.36205
3.17044
5.54556
3.55706
1.89731
5.37516
6.45158
12.0255
4.64385
4.04878
1.24005
1.73109
3.415
5.07352
4.81623
2.22654
1.17785
0.720475
1.90988
4.828
4.98963
4.09404
2.10964
2.42989
6.00738
4.74014
7.25037
1.30247
7.54146
6.61612
1.17669
6.18961
1.44753
5.79368
2.67767
5.25713
3.66965
2.53165
1.45925
5.96154
1.19756
0.912092
4.53293
3.29757
3.06625
0.678092
0.730817
4.84694
6.4899
5.12025
3.05924
2.65297
2.34859
6.8117
3.09909
3.29328
5.29157
4.07332
3.61654
4.34762
10.239
1.31467
9.56759
0.909981
1.08137
1.94597
5.85731
2.91689
2.03999
0.585823
1.10062
4.17376
0.926833
1.60932
6.28398
3.13984
0.164538
1.61916
7.77259
3.23693
4.10005
2.04803
1.78724
5.51154
2.38616
9.03726
2.17753
0.196132
1.0886
9.19966
2.74501
1.24684
7.42799
3.28097
9.42165
3.0489
1.442
3.53136
6.66293
1.96
3.65633
2.47732
8.37993
10.5911
3.17515
0.892377
6.80496
3.04173
1.94049
7.49196
2.69533
9.37023
3.48119
7.52015
2.28336
1.94212
4.84593
15.2986
0.287993
1.15176
0.646316
1.0398
3.80251
7.78617
4.71973
7.83081
1.822
3.22061
2.48461
2.47958
2.78215
4.52139
4.41461
6.17642
0.958719
1.72055
1.60049
4.4551
3.17083
1.07932
11.5336
5.671
8.17177
2.49168
0.964662
4.42964
3.91969
2.46183
0.515536
4.78567
4.35136
6.16873
1.40503
8.29428
0.601293
14.0679
1.8342
0.911849
3.87012
8.16602
1.76496
3.81587
3.71934
5.37177
1.88053
6.22682
3.11148
5.46555
3.87418
3.14258
2.91071
2.84008
6.26226
5.89703
1.00864
2.71032
3.90889
3.92443
5.81725
2.20792
2.109
7.7259
2.96366
3.92653
2.05689
7.31519
9.38944
3.58398
1.54129
4.40859
4.44542
5.97506
2.61983
2.91151
1.07982
0.994176
2.48243
4.40068
1.58106
8.2283
6.85383
6.33253
7.13144
6.84571
0.884998
6.4249
8.6534
4.95513
4.70973
1.92194
2.84616
3.79785
6.79071
4.24352
8.72181
2.06451
1.48615
5.40206
2.55201
3.32456
5.59734
8.93884
5.10472
5.47696
2.75154
3.57759
5.98235
4.67546
8.42933
1.62473
4.76822
4.84913
4.5804
1.98811
0.450919
0.807526
11.9053
6.55719
4.30336
2.24076
6.66396
2.99075
3.04774
2.06578
0.624173
4.76321
1.83558
6.39798
4.74614
2.24647
2.33288
4.27394
5.37012
4.53901
4.78274
7.25629
2.58281
0.422861
2.08759
2.42643
4.61622
9.49312
5.28946
11.2563
2.09728
8.56875
6.432
2.29805
8.83662
1.63158
2.35126
7.92057
5.90264
1.53338
10.5264
6.44929
7.77339
5.22636
2.63794
2.89002
0.328847
2.49305
2.35119
4.4986
5.38006
2.72403
6.80411
4.68841
2.26946
0.447967
1.96249
12.4185
1.39581
3.67118
2.23911
6.51128
3.88689
1.37344
5.37334
5.06099
2.96734
0.862159
7.54319
1.66692
5.60804
4.10579
1.93262
4.19004
2.66762
3.40236
3.87959
1.74222
7.38152
2.63683
4.21224
7.14574
2.50347
1.79913
3.46231
1.58657
4.42832
3.45998
2.98891
2.26358
0.88052
3.21011
9.42692
2.03061
4.36822
2.34916
3.3444
2.50767
8.48546
4.63291
5.61301
2.89548
4.24691
1.04986
1.37438
4.30931
2.78118
5.87175
9.25121
1.46515
5.60214
7.04671
4.3413
1.02681
5.95322
1.06215
1.69148
4.7977
2.18521
1.83756
2.9434
2.08045
1.92374
5.39305
1.68548
5.79761
2.04315
2.3997
3.37308
0.919394
2.09469
1.52662
3.38708
3.10876
0.735495
2.9258
1.68205
3.56241
1.53549
3.48974
2.02299
6.97239
2.2008
2.79957
10.2286
1.31998
0.95825
8.79982
3.21772
0.298607
6.69357
0.234518
0.718198
3.48116
2.67188
3.16907
1.40072
0.731457
3.93313
3.44108
0.237968
2.97889
20.128
1.76704
4.37156
4.18007
1.71529
3.02104
2.17087
3.94932
7.5107
3.8739
4.88703
1.78295
1.55386
3.49265
6.25652
6.62186
4.69101
1.1044
2.71395
2.02036
2.43314
13.8528
4.8169
8.98616
2.60556
7.09957
1.9114
9.71105
1.97233
1.69987
4.77883
3.4713
3.3529
2.08157
5.14341
3.11797
4.94284
10.0359
5.7778
1.76812
4.76469
4.42528
2.67509
11.9449
5.59741
2.01815
3.65199
2.00948
2.52335
1.50894
4.34496
1.68371
0.489651
1.22488
5.83896
1.84632
5.49042
1.85934
2.81587
1.03533
1.25609
3.44792
2.11423
4.85381
3.39707
5.83766
1.23338
2.97803
1.85859
1.32664
1.56528
3.30968
1.65747
4.16623
1.57472
5.77998
4.09372
0.813618
2.03624
1.78856
13.1144
5.11455
3.91838
2.83201
2.87451
10.5646
2.6341
5.81946
4.72464
4.40018
3.36655
4.49585
3.42004
2.03786
0.931736
1.1064
7.62506
12.0654
1.95232
3.03481
3.85717
1.66693
4.24767
5.92949
3.07279
6.40746
3.66861
3.4809
4.1283
8.95714
4.34876
5.17709
1.12202
1.33498
6.17094
1.56889
5.79171
5.26515
3.52937
5.27126
4.95264
1.27929
7.67002
5.95149
9.84155
5.93159
1.49873
2.98157
2.9332
4.04524
4.27089
4.97076
9.88666
4.0895
1.97075
0.53626
4.82293
6.64865
2.85445
2.78458
8.24653
3.83774
1.28001
9.96528
3.2076
2.88585
2.92464
2.03929
0.753495
4.6643
5.38882
3.55917
2.92527
0.859287
2.67949
4.29185
4.4832
2.98453
8.61718
2.66114
4.15895
2.13213
1.50182
2.95189
0.527699
7.23631
1.88335
2.25241
2.85445
8.05581
1.7161
7.92338
4.24872
4.74349
2.36632
2.65305
0.381457
5.93898
6.0835
2.30097
4.86585
10.4091
6.33224
1.76453
9.20717
8.45663
1.8208
3.86008
0.263057
1.76939
11.3747
1.61128
8.38112
3.06063
1.21228
0.669347
4.40309
12.1497
5.87246
1.00957
0.823542
0.847115
0.843321
4.66533
0.891441
1.61944
1.53045
5.18811
2.03654
9.0848
5.36849
2.74808
7.52207
1.90933
1.74761
3.63688
2.2325
4.16987
5.49934
1.06589
0.95233
5.06239
2.28935
3.26539
0.680931
7.38223
2.99296
1.41975
4.48679
4.6548
1.91509
2.27855
5.68235
6.03693
3.32782
3.45076
3.48103
0.93072
3.75608
2.54656
6.06494
7.52175
3.75969
2.23425
1.55578
3.23369
3.59438
5.40785
3.70067
7.38823
8.23536
1.11651
10.0933
5.84598
4.55286
0.999421
2.81077
9.84214
3.23122
0.543797
1.02906
0.621241
1.07611
6.37021
6.02316
3.02921
6.73443
3.42628
14.9018
1.12485
6.40223
9.15396
0.243836
7.58439
8.64191
3.02031
5.2836
1.79482
5.85377
6.03516
0.913334
2.05329
2.53965
3.87746
4.77132
3.86828
1.27719
2.52492
2.62649
4.68925
3.07198
3.21218
1.63968
0.958048
0.780677
4.53017
2.57475
2.87338
4.55681
3.65301
2.28064
0.933007
1.15527
3.737
2.52065
2.29289
2.91895
1.71885
5.11242
7.61115
3.4274
2.47452
4.16514
0.953697
1.87506
1.82793
5.47597
1.11548
12.3544
5.48551
14.5788
5.81019
0.486103
1.72288
5.2704
6.3359
3.3451
0.778584
5.38278
8.86945
2.81325
7.67184
2.15221
5.67311
2.02635
6.62973
3.34945
8.24709
0.0989206
2.1205
1.13105
4.37352
4.13195
1.6067
3.94187
3.73617
6.34428
3.54943
1.04134
1.23973
3.78633
4.70585
3.44047
1.99565
7.62315
2.66908
1.59341
1.22217
8.31972
2.58044
2.0387
6.05071
6.08058
0.833439
5.67849
7.50463
4.73038
6.09275
9.48613
1.09653
5.79638
5.05989
2.73176
1.57655
1.5658
1.19982
1.57712
5.02453
5.30352
0.993926
4.05151
0.175969
3.12034
1.31899
2.44054
6.34714
2.83577
1.97481
2.02626
2.66348
2.42046
3.50558
1.14156
5.23218
8.72712
1.12815
4.32689
4.929
1.90474
6.49578
4.34201
3.85226
2.45339
1.41657
3.59332
2.89571
4.83825
1.33208
3.79058
4.11272
12.1256
0.58706
5.40087
1.96765
2.54487
0.965149
4.14417
8.25569
3.05777
5.4159
3.06301
9.51969
1.06963
8.89019
3.28703
9.9061
3.62395
4.34105
3.82976
12.0136
5.36368
0.98482
4.92751
4.21824
1.76059
1.07731
6.75514
2.23205
0.697811
11.8133
5.6361
1.21705
4.59498
4.18057
4.45806
2.31062
2.26191
2.93935
3.99631
3.59157
5.96619
6.54301
7.58292
1.14873
4.09633
3.79399
0.563047
7.33928
5.86027
5.56859
1.5391
3.13825
0.8413
1.0436
1.06506
2.13012
10.4443
2.36115
6.54844
5.40287
6.03116
3.42518
5.40797
3.21993
5.27982
0.242033
2.03074
6.99311
1.56472
1.24034
10.3362
1.84278
3.5565
3.35713
3.86604
1.53279
0.852954
1.26661
8.52817
2.59567
4.25357
0.622627
7.4653
6.92615
2.07784
2.48845
4.67942
1.88661
3.34011
1.48915
2.30014
5.04119
3.6286
1.16158
8.6007
2.34766
3.43758
5.62276
4.11718
6.78388
3.0808
5.82937
1.85591
12.586
0.475736
11.822
4.41565
4.02199
9.45262
4.42629
4.17261
6.18046
6.19272
4.0166
1.83893
9.13076
6.61192
1.59816
3.77454
5.5784
5.64306
1.24003
5.69854
2.99184
5.01568
0.793534
4.39433
1.35335
1.35333
3.46772
5.76702
2.02801
2.80903
2.85467
2.47283
4.72572
3.73112
6.37076
0.343663
7.66438
3.62024
2.88527
0.862681
0.505819
1.09442
2.30231
2.21075
5.06118
2.2764
0.689201
12.9753
2.47578
6.06116
2.0484
3.17646
0.942331
0.92852
4.41311
6.09686
2.11328
5.63271
2.30435
8.97278
1.78579
5.65866
2.64123
1.0638
1.11293
3.37909
2.02846
11.7728
2.71102
7.98878
2.83942
1.60154
4.06476
7.24555
3.232
7.65493
1.26238
3.31135
4.38177
1.39291
7.40336
9.69041
1.03874
3.17668
2.71006
0.529983
2.37063
4.38598
5.47982
1.79345
4.43331
17.9369
1.29321
1.30293
1.6378
1.17601
5.93979
2.08943
1.15475
1.24905
3.95659
1.7467
10.2105
3.54955
1.95105
12.249
3.75591
1.47453
10.1469
1.08675
0.916001
1.17472
1.57881
4.55601
3.97914
2.50376
2.91297
1.11497
3.49972
4.70642
1.87038
1.62867
2.72796
3.98598
2.64251
2.93941
3.722
3.15794
3.59839
2.12277
1.28165
1.91941
4.51587
2.06879
4.74338
19.5425
2.22909
2.56179
6.09901
5.73901
0.4016
2.72189
3.901
5.64575
1.13306
4.9799
2.56615
1.89189
1.37466
3.93193
0.758999
4.46687
12.8743
2.6824
5.58477
1.80208
3.0695
7.36211
4.59329
2.38401
0.442367
2.48921
4.28183
3.24088
5.4678
4.6039
5.32968
1.73005
4.6685
4.06173
4.22403
6.79424
1.61471
8.4604
1.64418
7.01877
3.08751
3.21713
2.13711
7.2687
1.82577
5.50036
1.54457
6.25419
0.450035
1.45571
8.31881
9.02777
3.59913
4.56146
3.39458
5.19706
1.67188
2.38999
2.21087
1.77829
3.43007
4.34154
0.945342
1.17474
3.04109
3.38412
1.94831
3.95134
1.9121
2.64834
0.599241
3.76597
2.71053
1.11484
2.27528
7.98124
1.17129
4.32345
3.69047
2.46042
6.6586
5.35139
5.40037
4.21965
6.17209
5.31722
5.24878
1.61675
11.8916
2.13009
3.97838
5.538
2.11689
3.33657
4.5652
3.44715
6.58166
4.1726
3.03251
2.0463
6.65658
5.83869
3.83722
0.98337
3.65909
4.6131
9.45967
2.76944
1.14774
1.99542
2.78584
2.43194
4.84936
4.5622
3.61057
3.58123
2.27217
4.0019
2.01945
2.11887
5.80977
7.02246
4.39155
1.79758
1.43247
0.293885
7.32162
0.233938
5.20046
3.3758
1.94765
3.0236
2.05698
4.09792
3.43125
5.13929
6.5143
3.29039
6.80329
2.60991
3.91633
12.8849
6.91089
4.08415
3.00183
2.59506
4.47538
1.14639
0.904381
0.929497
2.58969
2.8864
0.698713
3.40461
3.87971
3.60901
12.6956
0.825564
1.62677
5.75757
9.33472
2.22054
2.53014
1.69947
4.75995
5.61339
2.37796
5.54757
3.45927
3.95544
1.84683
4.05686
2.6384
4.14691
1.02942
2.47991
0.507746
8.51397
3.05838
0.762706
0.845973
3.29497
1.50117
1.4548
2.25658
8.8157
18.6182
7.90807
3.10254
7.79913
8.52739
1.82859
5.19324
2.85826
7.40083
3.00223
3.19494
5.0684
3.93814
4.61707
4.36186
8.80287
3.58354
1.42219
3.74084
1.49719
1.24448
0.84417
2.21191
2.55694
4.45645
4.32236
3.01662
7.13846
1.94931
4.12299
1.49794
3.21683
5.59161
1.92339
3.27755
6.07015
2.42161
3.92038
7.83318
9.51617
5.04168
0.56408
2.47124
5.95491
8.48884
4.01023
2.29298
1.2345
0.842569
4.39832
3.00276
0.0655689
5.84201
4.48293
2.69414
4.05438
4.06274
3.92439
7.16529
1.65235
2.53944
1.75656
1.39999
8.70314
4.25517
1.87349
2.75517
2.14436
2.52454
1.65964
9.81547
4.04207
2.52635
0.083395
1.98967
4.21162
4.77101
4.20847
4.26679
1.81257
6.06604
3.56218
2.35715
1.96435
1.7785
7.82077
3.27664
3.40847
7.1265
10.7727
4.10372
4.39934
2.86487
0.650376
9.06414
1.91458
3.99909
5.57817
1.62988
5.72187
1.71323
0.724075
3.67289
2.11509
6.72123
0.761414
2.48328
7.23629
0.81212
5.44695
2.89761
4.42082
0.686475
3.04328
0.668149
2.76849
2.69988
4.29005
5.98642
3.7637
3.24019
2.78072
1.36095
3.90285
3.72344
11.3686
6.92264
3.96133
4.81416
3.95003
1.59699
9.13121
3.64503
4.48122
3.17503
4.60666
4.94785
2.90479
3.61765
3.94574
0.309263
2.68386
0.510411
2.56237
0.279934
1.48309
6.4743
0.565723
6.31214
1.45919
4.31364
1.94875
2.87509
2.09021
5.33393
2.08035
3.00036
11.2259
7.79218
11.8586
3.64981
4.38927
5.58573
6.44515
3.80253
1.7019
5.95251
2.89647
3.42698
0.864852
8.1272
6.63786
0.83984
2.9528
4.66266
1.96347
2.4324
10.6042
0.94274
4.82971
3.48431
1.70112
3.85188
1.94755
3.10928
2.0607
1.80117
1.63705
2.46488
6.87082
6.57489
2.13873
4.92294
0.293136
4.71157
11.5584
2.33715
5.023
5.2418
7.20143
3.56304
2.12676
4.966
2.798
4.81713
1.42527
6.80394
2.90299
7.62822
2.76428
1.38769
1.32196
4.08948
7.4818
2.54342
6.29155
3.06987
3.18735
0.761486
0.926877
2.07984
1.54271
3.17429
4.60409
6.37464
2.91238
4.86933
4.78823
1.32347
4.75891
1.95258
1.24849
4.64044
2.64886
1.86888
4.21376
0.0941264
1.7591
1.6318
3.30793
2.62461
3.2328
2.3795
3.91877
2.41472
5.05971
1.82824
1.49419
2.24634
0.563675
1.40113
3.32402
2.49235
1.90121
1.22414
1.12373
2.93406
7.21643
5.43918
4.85563
1.93284
4.64707
6.2044
1.28155
7.37474
6.46216
1.63343
1.15784
4.28101
2.82494
3.58184
6.03796
1.58166
3.25977
6.24075
1.10181
5.12457
9.386
5.36719
3.13684
6.18577
4.5107
9.45191
5.70747
4.89294
4.06043
2.68071
4.66064
0.537327
2.94672
5.06305
4.33502
1.29304
2.95677
2.10835
1.73841
11.0593
5.00515
1.24252
8.87243
6.74196
5.90185
3.12911
2.3594
7.20433
7.79302
1.67623
9.18247
8.91502
1.0018
12.1979
6.61636
2.90214
1.74844
2.31851
9.04917
1.65413
2.83464
1.60303
3.62218
7.01309
7.43421
0.583407
3.93554
0.289026
2.52471
1.3552
2.88525
5.64609
6.34322
2.95898
7.26125
8.32174
3.43212
9.94002
2.6714
2.0311
2.91501
0.830331
9.43258
4.10655
7.30842
6.3353
4.05911
1.90638
1.40444
2.55479
3.41859
0.497367
4.06949
1.78025
16.8917
2.01404
5.77988
5.80475
1.53307
2.64392
7.1902
13.7961
18.4223
2.74474
5.29988
13.9297
3.40271
6.11911
2.25011
2.96625
2.1487
3.94299
3.80528
7.87605
2.65685
2.76959
11.3882
8.54463
6.79461
3.51702
0.73781
4.0484
3.86306
3.49009
1.65322
3.94192
1.64512
5.56867
3.32226
1.73478
9.1942
7.79036
3.39153
3.17428
6.80299
3.28255
1.58773
1.73494
9.21568
11.3312
0.016413
2.28502
2.3721
0.859083
2.56266
3.63618
6.19377
0.679105
2.52602
4.1873
2.62071
2.13139
1.52452
13.1808
3.79298
5.52479
8.87434
4.42286
3.53588
2.25086
5.09596
10.9444
6.01896
10.6743
7.11943
0.719637
7.29111
4.0855
3.32395
3.42219
2.01238
5.32614
5.42122
2.40778
5.56171
4.20468
6.86802
3.43127
2.41943
4.43663
5.82648
3.66695
3.9699
1.92576
2.08705
4.61351
3.1368
2.65807
7.53967
1.11509
2.27983
5.81361
1.84639
3.51446
3.28825
3.72746
4.83849
7.22491
3.18187
3.3761
8.25265
2.77232
4.67433
6.86901
3.38015
5.1379
2.34389
5.37634
2.26325
1.63331
9.13077
19.6645
2.25773
0.463212
2.98403
5.56342
4.10631
2.52933
1.71771
0.679736
1.56535
3.42841
1.76824
1.49413
0.576065
5.00883
1.6662
4.49145
6.77804
2.58765
3.60327
1.81758
1.87826
7.59026
3.94809
0.280417
0.792409
4.73348
1.62931
0.63972
1.58593
7.06779
1.84099
9.61521
1.32238
1.6796
2.77842
5.14843
3.32413
4.72571
7.39219
2.43247
4.41439
6.6332
4.18947
4.45904
4.59327
0.939686
1.26377
7.84845
4.85367
5.13355
4.29298
4.95152
13.8034
4.42466
7.57253
5.27825
1.30021
1.38088
3.69573
0.415377
3.69072
7.25252
5.28969
4.27029
6.09133
4.84557
1.05712
11.6105
4.29791
3.07361
0.535849
2.93414
5.70968
3.96686
4.37932
4.14064
0.540285
2.40582
7.45639
0.962513
5.27246
3.04804
1.40447
9.20011
0.232534
2.33618
2.80365
1.04117
1.34887
1.5187
1.63
6.16513
2.55652
0.918603
1.45562
3.85275
4.90558
12.0828
1.16326
6.38094
2.88573
7.82505
7.18006
3.41102
6.15084
3.43481
4.79514
1.16923
2.68699
1.61308
3.15475
3.76861
5.81395
4.85149
3.70999
1.48122
0.422757
1.47479
3.57962
9.40066
3.82943
4.51354
6.00045
0.6833
5.21069
5.11717
3.88434
1.77418
8.64202
7.11102
0.94545
2.09781
1.14853
1.9413
1.62203
5.7771
10.6898
3.22834
1.74066
2.35212
2.38867
5.22945
3.65112
5.62414
3.67372
4.31148
3.41614
3.21487
3.61505
0.315369
5.73675
3.72635
1.4615
1.02099
3.15019
0.924682
2.20998
1.36542
18.2142
6.06332
1.84825
0.5995
6.2203
0.765644
0.111276
10.9621
5.21341
11.7067
0.53608
7.18231
1.30677
7.42603
1.1665
5.44942
3.81956
2.07347
4.72315
4.07607
7.86021
3.40441
3.22066
4.0404
0.668708
5.64556
2.08439
1.21258
9.45681
2.34372
5.22707
2.65057
2.16548
1.74844
9.22755
1.81222
1.87409
8.99816
3.07023
2.74386
1.33836
6.19896
6.39449
7.38899
2.78303
4.84624
4.33354
2.77863
2.1153
1.99997
3.05145
5.73524
1.16765
3.30208
3.00074
3.92159
3.42261
2.87926
3.13555
2.10445
6.54716
5.72494
4.69408
0.376488
6.07511
3.5182
5.88426
9.85426
1.05514
5.5414
2.97825
3.03191
10.374
2.65876
2.60949
4.34068
3.74929
7.52844
0.302864
4.17374
2.55166
2.6982
1.38388
1.56397
0.886522
3.35107
8.38222
4.26756
4.91192
3.55315
4.96465
3.36918
0.170816
3.23714
6.57099
10.0285
1.38951
4.79971
4.99942
2.32344
3.78969
3.38222
2.34225
4.61739
1.42696
7.19838
2.89446
2.38443
7.44961
4.51415
6.09591
5.40348
8.67826
2.78948
3.12319
2.84775
4.78366
0.370883
2.34859
0.616902
6.05002
1.80483
3.25089
1.78231
0.381412
2.91149
10.7709
3.10194
3.38389
13.4363
0.346906
1.91294
3.50244
7.45584
14.0736
8.5164
4.59812
3.00619
8.06749
8.94475
3.76164
2.24905
3.16317
4.89149
11.7157
3.54992
1.96873
1.04422
2.90515
5.25913
2.40729
1.80552
1.20811
8.6377
12.4445
0.740665
5.43372
3.93244
4.03409
0.848615
5.9299
2.69922
9.04485
1.04674
6.68137
4.58861
0.174175
7.05749
2.00581
3.32839
3.40361
2.86705
4.31452
2.33922
1.94163
5.50164
5.71108
2.20456
1.37086
5.86784
0.877811
3.67531
7.69806
9.48404
4.01814
1.55453
5.02728
7.76206
1.24414
6.00321
2.72317
5.05008
3.7838
1.08163
0.645014
3.75165
6.59912
1.48419
1.52811
6.965
7.72943
4.54352
2.27559
7.48139
2.07426
6.76359
2.87145
3.08754
2.60724
1.0736
2.46228
2.6501
1.32878
1.37937
8.09998
1.53493
9.14609
2.18995
6.12639
0.696862
5.58029
2.93803
4.79544
7.4705
2.01805
2.92731
4.95841
1.42961
1.92815
2.77189
1.87072
1.62734
5.134
1.03514
1.44267
1.28986
8.89363
1.4604
1.62978
1.05556
2.99741
1.8794
2.38311
8.38971
2.72846
4.84836
1.00133
0.592704
1.26493
6.57554
3.13103
1.32879
0.716319
3.2748
1.23445
0.0628998
3.93799
1.67758
3.79697
4.02898
8.26984
13.4896
8.32285
7.41697
1.86567
5.90194
1.20854
5.8519
4.59383
4.00971
6.97346
4.91708
1.06781
0.552461
13.7211
0.514723
3.1268
2.24869
0.244534
2.17552
3.02663
6.06934
1.87121
4.65507
2.01001
5.13319
4.53142
5.01548
5.94274
1.5015
2.09257
2.43668
1.16618
6.40042
4.87321
4.55148
0.934999
2.16607
2.13036
4.58408
0.979606
1.50968
7.26512
1.61623
1.23433
4.52516
5.10048
1.96928
0.339559
0.619782
0.34046
0.885705
8.05346
1.07523
4.44444
1.85511
5.23349
6.81837
5.38114
8.67347
2.55296
0.852796
5.38187
3.63796
1.5285
2.00388
5.16084
3.51598
2.47781
1.05163
5.33694
2.56685
3.88607
2.97238
2.03234
6.93496
4.90723
3.79773
4.66164
1.17306
5.82795
2.79557
1.92648
7.4543
2.50918
2.54921
3.14721
4.13511
1.86353
2.65217
2.78891
7.26895
4.88758
1.97582
8.6141
0.337438
3.34087
1.62262
2.59207
6.95266
1.19875
0.0894316
6.05335
7.59314
7.59363
4.55204
2.78477
2.44894
1.01202
1.81722
13.0094
4.29071
1.20427
4.1228
1.31422
5.82641
3.99597
2.47322
1.29394
5.29435
6.93828
1.57345
0.674877
6.23515
4.77142
5.9934
3.78423
1.86519
1.66736
1.89633
9.50179
5.99514
3.9105
8.65294
6.98172
0.590189
3.22709
0.994159
2.01051
4.40826
2.37145
2.59819
3.95422
6.17141
3.49295
4.01254
2.36449
1.77211
8.05682
5.95815
2.41094
5.61201
5.52846
2.08674
2.50424
0.770668
2.65041
1.09616
2.54427
1.24145
2.29319
6.19928
4.56498
1.81253
2.83586
10.1056
4.24519
1.8706
1.41106
4.41298
7.17404
2.87077
6.70929
6.2695
2.41109
3.23458
11.1382
2.89881
3.41132
5.69285
3.63972
3.72334
4.37751
3.09665
3.52453
4.26172
3.90365
0.990989
6.12724
2.75637
1.28516
5.94048
6.47806
4.45478
6.82846
3.04468
3.15382
0.949824
6.76818
2.74742
7.20545
11.2088
7.58928
7.18521
0.832457
5.21421
5.07734
7.60734
4.23456
0.256316
3.96316
6.66583
2.61492
9.40596
8.13694
3.80359
4.08036
10.3094
0.249633
7.88226
7.35729
2.29817
8.80606
2.12403
6.95079
1.94929
3.12927
1.75382
2.5826
6.68782
9.06699
0.453231
3.52706
0.590396
1.064
13.5268
3.21239
2.58437
1.74766
1.95569
4.5155
6.58851
3.85907
1.03089
8.28137
2.20135
3.21764
3.12802
1.02054
1.70719
11.2961
2.10135
2.46529
0.247633
2.4703
2.59651
0.161837
1.68806
5.03904
3.66894
1.7447
4.15405
3.33039
11.0759
9.78745
0.875448
0.102794
4.2457
2.8799
5.77456
1.85307
5.20746
3.82689
0.464311
7.43294
1.28823
4.84005
10.3279
1.09711
6.99611
4.88934
9.99458
6.17269
12.3858
4.09804
2.85804
3.1565
7.78491
4.91735
5.19323
9.53401
7.24198
7.28636
2.1057
0.459137
1.17094
5.62768
2.23848
3.06509
1.95135
2.66141
5.22471
0.612799
8.43619
1.5779
4.12377
2.36124
1.51243
2.23609
4.75936
4.83894
9.08527
3.87762
5.49145
2.5389
8.0219
1.69882
1.6195
3.82029
1.70041
12.1824
1.63713
3.26916
3.2003
11.7706
9.7406
5.54111
3.90431
4.84634
2.92324
3.93832
4.00993
1.6041
2.18823
1.54524
1.99663
6.29301
3.13695
6.79129
1.52343
1.7
2.96222
0.662035
4.03762
3.44338
8.43383
1.84161
1.27924
6.56797
14.3412
4.76196
0.838278
4.22358
3.76536
1.5138
1.96708
3.04144
2.95971
8.19895
5.34421
9.97509
4.40663
5.44728
1.62226
3.48296
1.02734
3.65226
3.67013
2.20443
1.86695
1.63662
1.57487
2.52619
2.72704
3.70853
4.19309
5.63088
2.18833
4.37611
1.95948
3.18557
8.20481
7.46404
2.2137
7.50387
11.878
3.91435
3.95424
1.1814
16.8137
1.64955
3.76849
2.0951
3.62301
5.05082
8.44936
2.94663
4.4638
11.8549
1.12961
1.60397
4.4549
9.59574
3.06876
2.66771
3.84195
7.68222
4.24381
0.146648
5.80202
0.345834
7.99693
2.59935
4.13852
1.03103
10.4749
2.55759
4.00948
7.23267
3.11441
9.87303
4.84326
0.311437
3.66739
4.71489
0.730812
4.87334
7.46906
2.55269
1.1663
0.933542
4.12873
4.3547
6.94999
2.09504
10.371
3.09147
3.63514
3.39685
2.92411
2.72618
1.31879
2.1742
1.20268
1.72677
1.97073
2.74347
1.1084
1.09832
2.62463
1.54495
3.71804
2.34847
4.1867
3.70028
3.15275
0.568259
6.08286
2.79799
3.13897
3.35908
7.52449
4.91837
9.1027
2.78806
11.5448
4.43269
3.43091
2.55406
4.24735
4.06965
2.21933
2.56843
8.31311
9.98885
4.0521
4.67378
3.26973
5.47466
7.29297
1.84952
0.832538
1.59291
1.89082
3.40076
9.1189
3.75013
3.89536
1.74535
7.08275
5.98214
7.16095
2.29927
0.848835
4.83875
2.31786
1.37403
5.71345
0.695686
3.14297
3.01981
1.67171
6.5434
2.07933
5.8807
5.04482
4.20009
0.78386
6.7521
4.17203
3.77894
13.4406
2.35635
10.817
1.69407
1.26555
0.782893
0.240017
0.782915
1.5365
8.04665
4.98922
4.18222
7.89589
8.10191
11.395
3.85
7.64804
4.12938
4.68471
4.28595
0.945562
1.6471
4.25134
2.68487
3.91147
2.52071
5.13333
1.03784
4.90758
1.9879
1.67742
5.73063
2.80843
2.57664
2.67867
7.18905
2.20759
1.72378
3.39422
3.49354
5.33809
8.39557
3.72965
2.47832
4.76349
7.9349
7.3927
1.02655
3.29802
6.69962
1.15409
5.3406
5.61144
13.0169
0.619191
4.20336
3.40245
2.5021
2.00842
1.5907
2.13654
2.45081
14.3726
1.85614
9.25231
2.13277
0.269602
3.53102
1.63859
0.761519
7.19769
2.04127
1.63068
4.43683
1.33079
1.64553
7.31963
2.93372
1.59995
3.7411
2.91387
5.86609
5.41675
4.12076
6.6539
6.20925
7.79829
3.79842
3.94699
6.43823
6.19384
0.703443
6.68998
5.30591
0.656533
3.01244
1.36648
10.6093
2.30086
2.30896
3.44163
6.17309
3.85062
1.78817
3.60948
4.80862
10.641
1.50103
2.11355
4.39764
2.37352
6.47749
1.72277
0.361508
4.39372
0.160948
4.2539
2.841
2.3441
2.93656
1.95311
2.83903
4.7692
3.77283
3.84055
3.4199
7.31927
2.9656
2.72479
6.45117
9.27801
2.44889
1.01575
1.94416
4.64996
2.48382
5.02629
4.28853
1.54353
3.01988
1.96555
4.96346
2.51605
8.92117
8.23201
3.00551
4.47296
4.13737
1.28556
2.26273
0.803424
5.00896
2.27431
0.692602
7.52548
0.685259
9.04226
6.81126
2.6553
4.69837
1.75856
2.10423
1.54747
1.96556
4.07562
1.17304
8.39966
6.40038
4.10119
5.90484
2.22464
2.17063
7.01222
3.17742
0.479141
2.4149
3.71624
2.73148
6.02093
0.715834
8.8383
6.93828
6.71715
4.82419
0.6255
1.50206
6.75407
4.87182
1.86173
1.06162
4.6514
0.68962
8.37039
3.61706
0.441222
2.52915
2.92204
2.48962
7.75823
5.3278
10.7438
3.91618
7.65056
7.91146
3.72207
1.06951
3.01068
3.52045
2.56813
1.54051
7.30759
0.960476
4.7231
2.70734
5.31881
0.166681
6.74323
3.59302
3.9449
2.70179
0.100702
4.4557
4.16617
1.56728
0.897828
8.62731
7.41712
6.18821
1.39329
4.84702
2.06287
4.55039
5.03256
1.97337
4.28158
3.28355
7.74665
5.05469
3.67345
3.53776
7.28166
3.94691
6.49806
2.32943
2.47237
3.28132
6.10181
5.44941
5.28018
6.36811
3.36298
6.23489
4.01329
2.71491
1.1247
4.02795
2.57721
5.48504
4.45647
1.63158
1.91275
3.73772
4.03068
4.72455
1.56011
6.44405
7.20029
4.87875
5.79263
8.12283
6.84169
3.98887
3.66711
1.41999
3.96148
6.93011
0.503943
3.02529
3.31924
0.58993
6.79281
3.26029
2.18838
3.8551
10.1566
2.6918
4.28945
2.48365
4.75349
1.07475
2.27499
7.54652
3.66338
5.10705
1.5007
5.56915
0.948202
3.8482
4.23591
2.94318
3.05298
1.31753
0.4963
10.1219
2.27106
1.30285
13.775
5.99029
2.57293
1.79806
2.76205
1.31838
4.14666
5.38615
3.31916
4.59485
5.65053
1.47499
5.52915
1.42393
2.6202
15.7357
3.52597
4.38981
3.91353
3.85979
2.38827
7.44399
6.57296
20.4525
4.59802
1.26019
2.0428
1.71759
2.10171
2.73841
5.49303
1.56916
3.01535
4.87783
4.8061
1.7964
15.183
4.99008
7.74144
6.48645
7.20514
1.48439
8.01826
2.86749
0.428914
6.32654
4.01959
3.52738
3.4231
4.25485
2.59855
4.41266
4.68883
3.15912
4.00636
7.63426
5.5782
1.31607
5.40393
2.49572
5.07452
1.05135
0.196317
3.77185
3.27606
5.87153
4.78162
3.22518
3.16329
3.9343
3.2277
0.816006
1.06418
4.69578
1.07483
4.06934
1.98033
0.808895
3.74708
2.12793
1.29873
1.84987
5.49682
1.77922
4.86311
2.43233
4.84725
7.2816
1.00535
1.4361
3.5785
5.43733
3.05159
6.15426
0.571473
5.23747
2.25572
4.47864
4.32791
1.96815
7.7489
2.60534
1.5187
2.34777
2.57373
2.42651
3.45178
2.01611
8.28571
1.92702
3.43368
1.84345
4.80289
10.6005
0.791491
8.16077
3.44286
5.91594
3.3149
2.31612
3.55091
2.87671
1.35647
2.01028
2.0247
1.57563
2.38196
7.33791
4.03145
6.06016
2.81834
4.72269
5.83596
6.50582
5.80151
5.21199
2.90806
3.40894
5.41105
0.250262
1.35415
4.31264
3.79126
5.61626
8.40811
3.80533
13.0229
6.10289
7.865
10.8275
1.24996
11.4087
4.53627
2.45151
6.5744
2.43639
2.25986
2.8498
1.64899
0.521408
2.52741
3.4991
1.6117
3.61937
4.81586
7.72538
2.64958
3.05928
5.52811
2.43325
5.88543
3.82249
3.44139
3.49814
3.13351
3.99386
17.4803
7.85435
1.66871
7.7961
1.75646
10.7965
2.84159
3.15749
9.85613
9.28746
1.06808
8.31854
1.11604
2.15193
3.39661
1.15279
10.9014
4.51293
5.234
2.12079
10.7347
4.09443
2.85566
3.75526
3.71785
1.70095
2.6907
7.66763
6.64826
3.63787
2.22639
3.22999
6.69428
6.24934
4.41098
0.966771
2.70115
3.87861
1.79181
10.6881
1.65126
4.14245
3.53007
3.47299
6.00123
0.930143
6.43805
4.94829
3.73834
0.0611971
2.24952
10.0604
0.913379
8.62007
3.89763
1.5265
3.61177
0.748338
1.99423
6.66171
1.0934
3.71098
2.65543
5.27975
1.13721
18.7409
5.7921
2.03805
11.6835
7.65489
3.86064
5.31049
5.58636
1.98862
2.98012
3.9665
2.33839
7.04852
5.11858
2.97369
5.84819
4.22651
5.93033
1.89895
2.46474
0.488483
6.63748
3.9275
5.80589
1.05208
3.42246
1.6955
1.68816
2.22287
3.00725
0.567757
4.31957
8.1027
2.15646
2.45944
3.117
12.014
2.84983
5.78826
1.30538
2.59873
2.84166
1.35101
4.56389
6.3357
4.1498
3.16314
7.86852
5.76847
0.59094
2.0477
6.9427
2.93477
2.77966
4.07041
3.50986
4.47517
3.79026
2.34229
0.511775
2.41854
5.73847
5.66348
1.73454
3.3097
4.34927
12.1664
3.92061
2.65538
4.36189
3.79663
0.630255
0.668365
4.43835
7.7819
6.0803
3.07868
1.04023
1.47068
8.19681
1.6654
5.17272
2.18228
4.58716
7.74708
6.39558
5.04777
1.21471
0.534245
4.65321
2.37544
3.1744
7.55058
9.18645
3.40318
3.53062
5.44142
5.28501
4.41045
2.72672
2.88345
0.514684
1.12906
4.31652
1.98002
11.3602
3.12808
1.63771
4.53383
4.88306
3.08
3.56358
4.99943
2.30605
3.55674
1.57883
1.49786
8.89037
1.92552
2.89299
2.9857
4.04354
6.26169
4.6543
2.20376
3.20735
5.8055
8.09654
11.0808
4.83498
1.56256
5.22191
4.14503
1.98519
2.47036
6.34988
4.46677
2.88526
1.70985
2.23621
8.40347
6.18814
4.18513
5.63978
4.89971
1.13426
1.57096
4.54193
1.71356
1.96755
1.20181
2.48541
3.20468
5.91978
3.5237
1.76502
2.21588
8.45951
2.97097
1.41267
2.48738
5.23767
4.67323
3.63839
1.53034
3.71886
2.02505
2.87174
3.02705
4.66818
5.99649
2.72687
8.263
4.18161
2.79873
3.19046
1.21066
3.24341
1.47647
0.953728
1.43739
1.17807
1.44044
4.92498
5.63986
0.657408
10.0111
4.74928
5.75018
4.17819
6.12759
3.28812
3.79514
7.91571
10.4564
2.54881
6.43925
2.57456
4.05164
4.32364
2.74389
8.83997
0.156593
2.1817
4.75994
6.24987
9.86135
8.15735
7.5461
3.24591
2.13278
3.90383
0.667592
1.41034
5.1094
8.59736
1.40246
2.46052
1.30278
1.1763
1.63168
2.89283
2.32706
2.43558
2.17975
7.09466
3.56885
0.66695
3.00436
3.08512
2.12005
2.60075
3.07742
0.83219
6.64237
1.75483
3.81412
1.62819
1.34295
2.86438
3.21451
1.60114
3.99052
3.14663
2.81972
0.933112
5.15997
2.56147
2.97036
1.83926
5.43191
3.95261
3.55538
3.77982
2.49911
4.11356
8.12047
4.75606
4.66897
2.60869
1.55451
5.59144
1.06651
9.47266
10.2022
3.86666
2.76694
1.25905
5.75923
1.50903
6.89942
4.52045
10.5049
2.49528
1.59717
1.49555
4.59855
7.92366
7.30266
3.2869
2.38503
1.67236
3.52793
8.50767
5.84967
0.277994
2.89993
4.71548
13.9736
13.8086
3.78872
1.31434
3.58777
5.10737
3.91701
4.3087
9.16091
2.62708
8.56815
9.80301
1.01232
8.68346
14.0007
6.26708
5.03894
6.80857
6.15207
3.23612
1.3354
2.1875
0.157894
0.964191
7.28397
2.8803
2.72381
2.50176
4.37087
6.87333
1.35166
3.04094
1.98992
0.682702
1.08422
3.65916
0.721509
14.6977
7.76291
5.84803
6.01521
2.24172
1.90545
1.95074
6.19448
0.292735
1.66957
4.38952
4.1642
2.08765
0.776809
6.04616
6.00625
8.63933
0.985132
1.44262
2.16857
4.6549
2.21309
0.975242
0.801652
6.86489
4.23413
5.16078
5.67204
2.15586
3.15866
1.8794
1.91938
6.08831
4.18631
8.3442
20.3922
9.29456
1.903
5.89516
9.74488
1.5503
0.746355
1.37059
2.0172
5.40704
3.19933
2.35784
4.05015
3.79441
2.09686
2.43769
4.95774
1.8762
2.78275
2.79334
5.046
0.474589
3.21912
4.60818
5.30021
0.346942
1.81963
3.49732
3.39424
4.58422
1.55169
4.72969
5.77874
2.84608
1.36873
9.45869
1.07072
13.3129
4.10737
4.24616
1.94337
6.06466
6.22522
2.69491
1.72123
3.90644
2.12795
2.10267
3.91839
2.47545
8.06354
4.43044
3.56787
0.854135
0.684989
1.77207
2.20584
4.51178
0.762357
4.89333
1.37178
1.57118
2.35471
2.04892
4.60452
3.92169
1.79975
3.49731
2.1519
4.561
3.96177
4.73613
2.88999
2.37296
5.83376
4.77428
3.18676
4.81009
7.50883
5.55702
4.94663
1.74591
3.27533
1.97684
10.9533
6.16762
0.771598
11.9056
12.3669
3.1498
3.18675
2.80122
5.84402
4.77438
8.88942
1.10133
1.11391
1.99514
2.07367
4.62155
4.4731
3.40124
1.19978
2.02808
9.36772
2.5192
0.592327
2.05726
1.32359
1.49153
5.87939
7.85741
1.86349
7.71417
2.3498
3.19014
1.85657
7.00218
12.1703
1.24443
6.30267
2.686
1.07905
5.76058
0.847769
5.43224
5.16721
2.13807
2.16686
2.32053
2.90715
0.492531
3.91078
2.72917
2.34364
3.91849
2.80773
6.86222
5.76573
1.80474
3.69973
0.790892
4.9828
3.29344
12.0898
6.3816
1.94017
5.40538
3.43546
3.17648
2.8205
5.02039
5.62902
3.22396
6.17005
4.08797
4.40482
2.68781
3.27101
1.36005
3.10751
4.8992
5.4377
0.199934
1.08499
3.61088
7.36926
1.13499
0.627701
1.80005
1.22508
2.67703
3.92151
0.486508
1.85841
1.72912
6.27162
3.33033
1.49189
3.1513
4.87729
4.86283
2.4307
4.36049
5.76459
0.668115
2.59024
6.04586
1.58518
2.76369
1.80534
2.54833
6.73149
5.09805
4.39175
5.55201
1.36461
3.57149
1.92024
1.31352
3.54075
2.34826
1.95952
1.25742
3.40661
2.39319
6.2905
0.779851
6.68272
1.74013
3.21584
3.27219
1.11457
1.25979
0.321684
2.53203
2.53342
3.90878
5.52995
2.53617
2.58806
2.78302
3.25797
2.64604
3.33661
13.7595
5.18831
1.3324
2.1569
0.593845
2.7068
2.97991
0.245667
0.516105
5.49349
4.49648
7.11581
0.953421
1.45428
1.81226
3.96514
5.34538
2.74793
1.93045
5.86413
6.19548
0.537922
2.13854
0.60902
2.76539
3.96527
0.645447
9.94662
0.837763
3.02529
12.8497
3.14709
8.77286
4.98972
0.65807
5.47464
9.3607
5.15189
2.38649
7.02537
1.43516
5.74695
3.69357
2.77018
2.00165
5.32802
2.88964
4.16077
2.17172
4.09239
1.83064
5.99149
6.5533
3.53286
12.7426
2.52835
4.96027
3.51342
3.90861
4.4884
1.68271
2.78391
4.60328
2.95151
2.47394
0.934871
2.46827
2.85248
2.66388
2.08546
7.25471
3.78415
10.0026
2.33969
1.908
0.981861
3.13125
9.51567
9.54077
2.3235
3.74404
4.36635
4.53507
5.51472
2.11044
2.92065
8.07079
0.973471
7.5074
4.02372
10.5581
2.46288
10.0515
2.56517
5.34295
1.55484
2.54701
12.2449
7.07411
1.034
1.99591
3.16195
4.45349
5.54518
1.4126
7.0785
7.51332
4.13323
3.83054
8.01428
3.79127
1.464
8.77409
2.82493
2.97018
2.41639
2.59233
3.01684
5.07435
2.99449
3.46511
4.26421
7.18105
2.78004
2.78428
5.32607
0.853575
1.93567
5.08378
6.66598
3.51411
2.94518
6.82621
3.83062
1.62856
6.43352
3.79979
0.684506
1.53695
4.50715
3.57731
0.609582
2.41764
6.10851
3.23621
5.85502
2.16231
4.13678
5.80243
4.57773
1.20785
10.2066
5.60859
3.93499
3.25504
3.21501
9.08381
1.94552
4.22361
1.14857
0.0482972
3.95072
1.96342
3.43083
3.86586
4.46311
7.24899
2.31787
4.84754
2.54552
3.16115
5.96303
1.23489
6.60823
1.31921
3.85352
2.25353
7.52196
12.2485
3.38328
6.03188
5.33892
6.11547
3.50313
1.62094
1.35643
2.28797
5.50145
2.04874
7.35023
4.74411
4.26204
6.20841
3.17832
0.582127
1.41554
3.98689
5.48826
2.26606
3.43956
2.46143
1.61452
2.72347
9.41623
5.7022
0.659545
3.94835
3.93681
3.75441
8.76274
8.19893
3.58751
1.86781
3.30055
1.25933
4.49515
7.18511
3.55549
2.76535
3.00287
2.21336
6.17044
5.17775
3.00259
2.17892
4.31043
3.1791
0.486674
1.53719
2.41704
3.46932
6.30294
4.2328
3.04134
7.61685
10.4655
1.22722
7.01863
3.26783
6.00623
4.01852
1.8359
0.563186
6.58409
6.47994
6.52068
1.60002
1.52403
2.34347
1.09991
2.24014
7.78716
7.32231
2.39434
2.73186
10.3531
1.70338
1.64919
1.40975
9.56284
5.79206
1.01542
6.10792
2.20131
1.20837
1.636
3.36035
6.08353
13.749
2.61498
2.31853
5.17368
7.78695
7.99562
4.18178
2.5841
3.64218
0.741179
1.24135
2.56179
3.36915
2.53295
4.98875
10.0083
14.3008
1.50317
3.96574
4.56851
10.4152
2.31528
2.80204
4.6369
2.47135
0.489941
2.42008
4.30934
2.44314
3.52669
2.19153
3.29959
13.6045
5.14033
2.33011
2.04985
5.12946
2.62814
2.05847
2.65574
2.73551
2.11814
6.17983
10.7874
4.28998
11.2268
3.31984
3.44665
2.21847
1.54593
0.949607
9.83262
4.33237
7.26035
1.23827
4.06826
10.3783
1.45095
3.72154
2.10258
2.47258
4.79116
3.75153
3.02787
2.61632
6.19591
0.812501
0.761178
2.20448
6.18095
4.12845
1.14037
2.48282
1.949
2.96595
4.53838
6.94002
3.38801
7.47404
2.99287
6.8946
3.20847
2.26768
1.43355
0.516118
9.58864
4.73813
8.78799
3.53276
15.4208
2.22295
2.52866
1.20629
3.53999
2.27294
5.55854
1.8748
3.57083
1.19761
6.33233
4.28197
2.17324
1.40416
2.72378
0.722044
2.75086
2.61289
2.93716
3.75232
6.47302
3.22459
3.08137
1.85397
3.43206
3.30522
2.01358
4.665
1.58943
5.70775
0.7612
5.37726
3.11288
8.14087
6.36043
3.49013
10.4258
5.24421
3.73646
6.22314
1.73669
2.21531
2.27608
3.44179
3.58783
5.05026
0.412472
11.1906
8.57261
2.018
1.78965
2.36081
0.664186
13.3141
2.45306
3.21063
9.81772
7.81509
5.94025
4.18709
6.96658
4.5284
6.40195
5.08719
2.92517
1.03129
4.02274
4.5868
0.550905
1.57104
3.07153
1.13735
3.26613
0.863799
0.823768
7.67112
5.78036
2.71266
6.98193
6.48795
1.39752
2.57233
8.72494
1.2898
1.42462
1.67456
5.05369
4.2036
7.9911
8.81294
3.3758
3.11889
0.943996
7.07703
3.4028
4.12067
7.88708
2.29008
1.84225
4.24325
4.37645
2.17824
6.06042
4.49264
4.11531
15.4321
1.27265
5.88683
2.17983
4.94708
4.20503
1.41423
6.44173
2.93318
1.92432
3.48076
0.360223
1.23996
9.15648
4.71626
5.41758
6.73909
1.55653
1.87901
5.08611
1.57721
3.06259
7.34497
12.7096
1.54179
12.8504
3.5169
9.39388
6.56275
9.58443
2.16763
1.86697
5.03197
2.18865
4.81184
6.03512
5.73309
0.25775
1.12824
1.10752
2.7465
5.85873
11.7287
1.55358
1.34415
8.75163
16.6092
2.98279
8.24472
8.87699
4.09577
3.17999
1.92093
4.7663
4.58968
4.35654
5.28667
3.00608
1.61083
1.82197
1.83678
1.62905
6.42498
6.93618
0.0321866
4.41071
0.640818
4.36583
4.86164
8.97906
2.86326
4.5727
12.3293
21.5521
3.38871
4.28073
1.77542
1.17104
1.28548
3.81794
5.51254
10.483
7.20372
0.6257
3.11196
3.53947
0.644701
3.59249
3.40608
2.47551
10.196
3.5256
7.27021
3.40663
2.10172
9.4156
6.58869
0.540052
1.0147
3.68275
2.62488
2.70729
2.46722
7.25035
1.6417
4.37208
5.67243
2.2908
4.23275
0.427564
2.5773
6.04214
0.454763
0.95392
1.42226
1.08759
0.478791
1.80923
0.389751
7.21958
8.65545
1.53111
9.36886
3.85772
0.730701
8.76584
0.848369
13.7323
2.9923
14.0706
1.66414
5.64882
1.92002
4.46301
2.10263
5.57018
1.67043
1.48708
3.5088
3.10218
0.607627
1.2388
3.77942
1.42523
9.8817
8.94622
5.41824
11.3098
1.25427
3.14537
0.898419
1.2534
1.76014
0.728111
4.53514
6.72441
1.078
5.93857
1.80896
4.56555
1.8949
5.53086
1.90211
8.98371
3.48802
1.25367
2.45029
2.01414
1.55995
1.58387
1.79177
15.3286
2.27951
4.88458
6.87119
7.20229
6.50057
10.3335
3.57718
8.95471
2.10881
3.50568
10.9899
3.47762
3.25578
1.86324
1.71899
1.12423
11.8713
6.8147
2.69157
7.11555
1.10039
9.55539
0.656266
0.496424
2.40672
2.01982
7.23974
2.76525
5.33636
2.31754
3.94446
3.57647
5.20306
3.58172
4.51887
2.63415
4.54967
3.86278
8.97132
4.43781
4.6146
3.26432
1.96035
4.90897
2.36079
3.76303
7.77495
3.152
4.33869
0.487991
5.10153
0.520501
1.81869
1.21682
1.04689
4.65269
0.898534
1.10117
9.1292
0.356872
0.972604
2.91384
3.33082
4.33387
2.50982
3.05726
4.41869
4.05423
2.81666
8.09011
0.549736
10.4374
6.17434
3.24143
4.88879
2.92271
6.46543
3.16616
8.84347
2.80294
0.932035
1.27947
2.20663
3.61814
3.55771
0.994164
5.68911
3.52012
2.10611
2.67475
3.58392
5.37249
0.654781
7.79534
3.2205
1.42468
4.96374
1.42893
3.06945
2.04445
5.42145
0.646668
0.157796
1.83121
4.93241
5.17684
0.93893
11.6876
8.13822
2.78383
7.8629
2.88893
4.85423
3.80661
4.60635
1.55498
2.70129
3.88532
1.26802
4.97587
1.32027
1.14918
2.62244
2.55797
1.2505
2.70877
2.5051
0.685271
3.58064
16.0843
3.8403
4.26343
14.956
4.19397
2.08619
1.42804
2.88028
1.50681
1.73597
3.5602
4.89633
4.45437
2.30362
5.78025
2.30269
0.436363
7.14616
8.93263
1.32081
0.761259
11.4229
4.08319
3.25586
5.18064
5.00875
2.69316
3.70411
2.93965
0.385599
5.23805
1.70462
2.25688
3.62756
3.84097
3.34975
9.40724
2.17341
3.38027
5.26558
9.29742
7.86053
1.66703
1.69405
2.86207
3.86773
6.3479
5.44388
4.73903
13.121
8.65399
1.51854
1.34404
2.31532
4.05068
1.92595
10.3996
2.75208
2.50562
10.0286
2.05759
2.03057
2.11414
7.08273
0.961184
3.10498
1.95201
8.10452
0.315031
0.750698
1.08034
1.63583
7.17513
3.20767
1.77812
2.70449
0.295891
4.41217
1.36936
8.26637
3.95531
2.55241
9.46597
7.33971
5.62079
9.26003
5.08304
0.87179
2.94529
4.26861
2.92358
2.30603
9.45469
4.32252
1.4955
2.73998
7.42582
0.669079
0.21542
6.52584
6.20987
7.21464
0.587394
7.85106
4.74025
6.93535
8.36114
2.55156
2.58942
5.10533
4.243
1.637
4.80189
10.1934
1.25127
4.22231
2.81875
1.47574
0.617676
4.70221
4.87987
1.65658
2.96645
0.984633
1.24558
9.19928
2.3172
3.32991
6.42177
12.0225
9.91127
2.50272
8.53777
10.8103
2.42443
2.41243
3.5961
6.20636
1.50284
1.93906
3.48784
2.14699
4.65367
4.0563
3.26514
2.33924
1.42885
5.30741
6.61121
0.812932
2.10559
2.10872
4.58583
2.3709
4.41333
4.05773
2.38428
5.04799
4.29447
3.6642
1.43069
5.69193
2.84238
7.51714
4.92778
1.923
1.71697
18.8141
5.58014
12.2536
1.73831
3.27487
4.3989
3.33641
7.35138
3.98754
3.90652
5.35252
3.391
4.01095
2.46743
4.49807
5.5234
2.42329
3.20351
2.45392
2.30781
1.17955
1.04785
14.1541
2.17339
1.17595
4.65435
4.06916
7.49882
7.91316
3.65415
1.09766
0.412202
1.22611
1.95119
3.13767
4.01899
0.361836
2.86043
0.827437
6.42484
1.74188
2.14519
1.70742
5.48417
5.77249
4.29607
2.85264
8.55966
2.69327
3.27005
1.52701
2.21537
10.2563
1.01565
2.47986
1.52493
3.69271
4.35124
7.24466
6.20239
3.1178
5.42324
4.99866
2.10079
1.69996
0.612439
10.4704
4.7544
1.25128
2.05386
0.526461
5.31993
2.1263
8.51531
5.81969
2.22244
10.3143
1.06409
1.59976
4.27734
2.84269
2.53985
9.22816
7.61197
3.70238
1.85947
4.11963
1.38539
3.38884
3.75824
3.57827
3.47262
4.33194
6.58459
9.38529
3.11038
3.80679
5.83412
5.12705
0.532374
7.13185
7.6497
1.97298
2.80388
1.55838
4.74349
2.18285
12.2319
2.77674
4.78395
1.56315
10.5936
2.72033
4.9592
11.1328
4.70318
2.91738
1.99358
5.77149
5.40687
0.981726
3.30913
2.12835
3.34385
4.3491
6.26675
1.80205
5.33438
6.53048
5.81683
4.0914
1.46269
1.66941
2.37421
4.97255
5.97586
5.31642
3.83058
2.39448
1.1158
5.65967
7.14813
4.85306
5.98526
3.29023
3.69726
3.62757
2.62624
5.67932
1.85823
3.04339
4.67614
2.4972
3.31107
4.18151
8.20055
6.81072
0.493857
0.973555
4.52359
3.69484
1.69935
1.30111
5.43787
0.747132
4.76723
1.73934
2.16998
9.46629
4.85015
2.17755
3.63078
5.91277
2.3292
3.08035
3.6414
0.557687
7.38103
3.75897
2.31516
0.623269
6.10825
3.26479
2.48722
1.17933
0.826947
2.23473
4.51357
4.25661
6.33749
4.19676
3.06192
3.80178
2.33352
0.992615
1.45289
3.76238
4.91863
0.928492
4.35963
8.49156
5.25565
2.64346
2.71679
2.28375
4.35444
3.54366
6.88247
2.77098
9.50318
1.73213
3.78972
1.06862
1.89046
10.1903
1.85867
2.57466
1.3646
0.536955
3.75236
5.19774
1.14632
2.36446
4.41453
5.36249
2.85747
0.655685
1.27857
0.698851
2.5818
1.04287
5.16196
0.192365
6.59306
2.97353
2.8771
1.26688
1.83408
5.48088
2.84578
1.21613
7.68924
9.09681
9.53611
1.96108
5.78183
1.81126
1.24917
0.565014
1.3833
5.43151
5.51568
4.67558
7.51496
3.09026
3.62163
2.05045
2.69233
3.77515
2.95051
3.12924
15.8265
4.27673
4.36785
2.64707
3.36071
3.99609
6.61134
5.40154
2.74231
0.75564
2.69164
8.62183
1.10298
4.94829
1.97499
2.09018
2.91547
4.5034
1.59475
2.01121
1.97043
7.50672
3.75723
4.38065
5.68664
4.46432
6.85397
1.08962
3.58495
0.516605
7.47268
1.30114
9.12794
4.6211
1.94249
1.48492
8.8325
2.97136
5.08265
5.68277
8.8149
2.3636
1.08773
4.39755
2.51188
3.27687
10.5204
7.20935
6.71445
5.17135
8.12497
3.36318
1.49883
2.39924
2.87664
5.24542
2.48727
1.22014
10.1363
5.78755
3.29292
1.27607
2.12165
3.63672
7.44974
3.18127
5.5006
0.449364
0.977492
3.73158
4.78333
0.969432
2.48936
0.206454
3.48064
2.95855
2.3656
6.17693
4.26963
4.48252
2.4403
4.34155
6.40305
7.95457
5.53923
5.82566
2.68848
2.15449
1.76033
4.21471
5.1452
5.18978
1.81718
0.788658
2.23396
5.10586
2.59005
3.14951
0.958885
3.43284
2.20129
6.55798
0.834142
1.1535
9.56356
4.06851
7.30796
6.22068
4.6328
6.84127
2.66826
2.08476
8.71508
2.18808
7.48971
7.97322
0.941207
0.891274
6.94856
12.8231
3.27485
3.44079
4.56655
8.61653
2.67411
1.76701
2.03166
2.86401
1.21182
3.23025
2.69025
5.54581
6.28452
1.41376
2.94797
12.1826
3.4031
8.78283
2.42498
4.0013
3.2279
4.80648
2.73961
0.556442
1.28531
5.07592
1.74986
5.81967
1.16579
2.58703
5.80479
4.20618
2.24355
4.89163
6.14928
1.06479
1.70219
3.32947
1.54739
1.52875
5.09158
4.17631
3.16139
1.42661
0.814813
2.69385
2.45657
3.38559
4.08927
3.2924
2.36701
9.50425
6.40396
2.70013
6.19726
4.86577
2.14547
3.31999
2.27582
11.0809
5.03978
3.02228
5.22161
1.58993
8.24044
6.76883
1.92515
2.46721
8.05578
12.2039
2.39361
4.56734
1.12858
1.51512
1.8064
2.45056
4.27937
2.98891
10.5396
0.598583
0.970611
0.875371
6.63354
2.87619
2.18376
1.82956
3.56593
5.77284
3.68273
9.44117
2.20634
3.79539
7.09191
0.813351
10.0498
12.5901
7.72668
1.51486
6.7098
3.46675
2.01116
5.1837
3.18903
13.9069
3.78272
3.45206
1.03822
3.10049
1.81299
1.66425
4.2101
1.98557
1.75578
3.26704
4.28292
4.74751
1.67717
1.93216
5.98824
0.740504
1.81038
2.61169
1.25696
5.24702
5.51533
9.06133
1.31169
1.32319
4.48064
2.40697
4.79919
4.55812
1.15666
2.33726
2.97896
4.31544
6.31902
2.92996
3.41367
4.53339
0.849943
2.97471
2.81905
7.66782
1.96276
3.64138
7.32484
0.596492
9.11069
0.846201
3.4148
4.27824
2.70201
1.46463
5.85914
7.84423
1.73324
9.43753
3.11903
14.0287
2.6884
1.6521
6.48126
9.32204
7.66993
3.85629
3.44288
4.67565
1.08423
1.97384
4.06481
1.69618
3.60701
1.37359
5.89794
4.84023
0.161848
2.67991
0.742401
1.30455
1.94745
1.97223
8.7301
0.387344
2.00391
4.01411
1.86702
3.27283
4.188
1.59191
7.84928
11.3944
4.12979
3.50638
2.46339
3.3825
6.92234
2.01615
0.969533
2.3382
11.1286
1.57132
1.25193
6.60959
1.63868
1.9154
3.95109
5.38217
4.65875
2.88177
4.92826
2.0406
4.06044
8.67662
2.72184
2.46679
5.59879
2.24483
1.35364
3.96206
5.07047
4.12196
13.4926
1.55703
1.42577
4.63868
5.78196
2.21501
3.74521
8.82704
3.88933
5.87892
5.87587
7.13529
4.39883
0.167762
2.3601
3.56116
6.01989
3.66205
2.90739
3.12248
1.95247
8.90264
2.25124
2.11763
5.43973
2.03439
2.17438
0.853416
1.29887
6.25941
3.7346
1.98132
2.15163
1.0055
2.51121
2.7279
6.02491
0.175606
10.0118
0.248548
2.96303
6.06685
0.732318
4.12734
4.06705
6.60208
2.22496
0.924994
2.43752
12.138
2.6021
3.89813
2.01719
4.27105
3.96918
0.872844
3.78019
0.423304
3.02201
0.56546
5.36979
2.9674
6.18112
1.84716
3.93233
0.984296
5.627
2.17522
2.74966
1.76986
4.97894
13.2005
3.01423
1.15276
5.88687
4.35821
2.91521
2.32695
3.37061
4.07328
6.68381
6.27656
7.13812
8.03554
10.8648
2.36126
3.04006
3.74194
4.26118
2.05608
4.02976
3.43151
1.78582
8.36192
5.43908
2.9138
2.08567
2.48171
1.38656
3.41493
3.57275
4.90801
4.42837
0.502848
1.18105
3.55683
2.7079
2.83573
3.65911
2.05851
10.3491
5.01105
1.70827
7.09035
1.07778
2.41468
2.06998
2.48522
3.05995
3.83878
12.2432
2.6143
2.96158
4.23009
4.99227
1.86451
0.78913
2.82397
5.92163
5.18897
7.91463
4.13294
2.75743
7.36074
2.70069
3.14382
1.0216
0.486815
6.24081
0.706592
4.53683
3.42555
0.546736
3.24918
3.08558
0.649855
3.11111
3.47323
2.50559
0.911361
10.7527
5.43022
2.40958
3.69879
9.56174
0.937307
8.53188
3.72295
10.2159
3.57947
3.13727
3.01036
3.00032
1.57192
3.92594
3.20175
11.0676
1.60937
0.860446
3.84174
0.718746
5.3162
3.3621
6.41176
2.80058
1.36984
5.37344
5.54717
5.53204
8.77218
7.70462
4.07772
1.27169
0.359358
7.22572
2.2946
1.7716
4.78752
4.94885
4.6057
6.39677
4.42745
5.55411
8.92579
7.15545
0.976815
3.60414
1.64489
0.810778
4.53475
5.85149
2.07828
5.64881
5.59158
3.38329
1.82513
5.05364
13.938
1.84931
2.92814
2.67514
9.89214
6.88838
3.1341
6.79294
7.26225
13.3737
1.15753
2.88187
8.03796
1.05818
2.3096
4.89874
3.53122
5.57483
2.56525
8.15296
3.20861
7.16423
1.1299
2.83077
1.09529
0.72363
5.90065
8.6399
1.1603
1.75788
4.06405
2.91483
5.06611
2.55767
7.02217
6.38413
4.39091
2.32129
7.16474
6.32516
4.47845
6.49794
2.89885
2.61048
2.6729
2.63318
3.27329
2.98125
4.45335
5.07298
1.25761
8.35445
2.14051
5.38737
4.27894
1.15828
2.77264
2.49242
8.6258
0.8803
4.28296
5.39729
2.61426
3.18248
3.55644
2.54691
0.742762
2.74268
8.3424
4.97086
2.08777
1.76909
4.32826
1.4191
3.07912
1.52215
4.03991
4.87234
3.2258
6.66978
5.03345
2.68732
2.30933
6.58534
1.4809
3.15155
2.45003
4.68097
3.5303
5.84682
3.06925
5.87927
0.452672
0.399145
2.09365
3.05029
0.774105
2.08383
4.09768
3.03817
11.5922
5.15446
3.25105
3.15704
4.85558
6.36696
3.16707
3.68583
4.97075
3.88093
5.45484
1.55429
0.0670284
3.74481
5.05749
6.85395
6.31558
2.82115
4.91335
2.0079
3.61611
0.934406
4.51828
5.92355
2.82419
6.17289
1.83765
3.24899
8.26899
3.70476
1.03267
2.8497
2.56139
3.16735
4.15739
3.02928
1.5488
4.38841
6.47543
2.76083
0.976093
5.79726
3.51886
2.60126
1.6114
8.49229
3.81117
5.88326
9.20176
6.46709
2.20001
3.97654
3.44474
2.07084
9.05204
4.73443
7.26654
3.12203
1.48595
5.57553
3.86521
11.5721
6.2843
3.47353
3.01571
0.776023
2.84411
2.03129
7.64611
5.67011
5.25229
1.36446
4.37092
11.0171
5.83802
5.16776
3.88
2.1287
4.05356
7.34423
4.6725
0.875536
1.63932
0.922869
3.81528
2.07117
6.39377
2.04613
1.50968
2.49946
12.8505
2.18507
3.94562
2.80112
2.56212
3.35669
10.2524
0.674215
5.77568
1.92619
8.18622
1.23529
1.25458
2.61377
1.61684
3.73082
1.34761
3.85823
0.172276
4.34834
1.72785
3.31406
5.92816
2.18301
8.74031
7.08048
8.66413
3.38742
5.37867
2.36061
0.744445
2.41592
0.885009
10.5874
7.80849
3.70986
3.96696
3.91248
11.0203
2.71761
4.72621
1.1606
1.69082
16.1745
6.10844
0.717675
0.195751
12.7054
2.86864
2.72181
3.09555
3.89897
0.678501
2.81121
12.634
4.8411
5.55249
1.77736
1.62489
8.87517
4.58397
3.84403
6.04852
0.367728
1.27185
5.08613
4.24792
6.78848
7.4387
3.52526
2.62977
3.20556
4.30295
2.93929
1.55382
0.860408
1.70025
2.30013
2.04292
1.60514
2.60708
1.98566
6.19658
1.73524
3.41358
4.49655
1.25001
7.11662
9.46796
7.13808
7.63862
1.59262
4.42223
4.80824
3.79276
2.27492
4.25849
5.71803
1.25428
7.21317
3.26589
7.26708
8.24096
0.437385
1.65959
4.44718
1.40594
3.85203
1.9059
4.85216
2.61766
7.79458
4.09149
2.57231
2.85917
2.73193
0.102987
2.46038
4.19019
3.34056
2.42793
1.38428
8.01011
4.14468
4.43895
1.26741
1.71936
3.68641
4.32945
0.590707
2.73431
3.75899
0.566136
2.58308
1.12505
3.57521
2.55306
1.63767
1.12573
5.37152
9.78241
0.285504
0.414571
1.45671
4.21806
1.82393
1.18888
3.87622
4.69595
1.28539
3.28187
1.61556
6.39245
0.52169
6.05627
0.998495
1.74504
2.47386
2.78105
5.74926
2.31888
5.64799
5.96174
2.52274
1.77106
4.02027
4.51222
1.41747
6.70915
3.22104
4.35415
2.83724
1.74534
1.78882
2.56777
4.69914
5.09661
7.57859
0.628325
2.97855
1.21236
2.65199
7.66479
7.33261
9.04117
3.07505
4.66044
0.839636
13.6974
1.51161
4.9219
2.394
4.20684
2.00603
1.50816
3.57504
5.02718
8.50318
2.92572
5.80572
0.785725
4.01401
10.6147
3.99728
4.70574
3.38772
1.43919
4.90247
2.48034
3.93626
0.889565
6.38437
5.75713
4.16843
1.66016
6.58061
1.09826
2.48301
1.41384
2.31987
2.06004
3.365
3.95667
1.09666
4.19159
4.64001
6.32392
1.03288
1.45168
2.84915
3.64244
4.80739
0.607505
9.15269
3.72972
3.15024
6.4558
0.935052
2.10854
2.09224
1.02983
5.7451
6.2247
0.952199
7.63589
2.90704
3.38717
1.63168
6.00181
6.06106
10.0991
1.80828
3.68288
0.60966
6.79698
2.4342
1.7327
1.78041
4.35993
4.64264
0.805653
1.72708
19.8241
3.43168
0.605906
6.70221
0.699018
2.21794
13.0036
4.3618
5.20067
5.67907
3.02917
0.648776
2.58865
1.33893
4.3101
1.97259
5.98466
1.27274
6.87626
3.70411
0.0804705
2.22245
5.25961
4.47023
2.86919
0.568821
1.57934
3.32658
1.23533
4.74985
6.61879
7.27153
1.59294
9.02429
2.59891
1.13287
6.13328
1.58599
3.88516
2.09411
2.3813
2.27732
3.51062
0.916829
1.05829
0.77879
11.4359
1.1677
4.57932
2.45761
1.51179
1.36146
1.10341
1.91893
5.58595
3.76868
1.56384
1.67544
4.53971
0.862898
8.14201
7.1921
2.20252
9.34171
7.1687
1.77842
12.8342
3.79525
9.35712
5.84913
2.31182
2.71413
5.3012
5.68945
2.25282
4.58648
1.8592
2.00387
0.73105
5.49338
2.05028
3.65893
5.47828
6.5192
2.08523
6.04063
10.9968
4.47258
3.09345
2.64287
2.75564
1.10362
10.1818
0.724165
0.881748
6.8614
3.85239
7.72136
0.530057
1.82102
4.12565
3.98249
2.06618
5.8145
2.36656
0.925203
13.3441
11.5462
1.10393
0.535176
3.5672
6.53174
3.862
1.9268
2.27948
5.71718
0.680107
0.925415
4.63411
1.04218
3.98963
3.60494
4.97787
6.00853
2.61667
12.1815
1.49388
3.92905
2.97517
3.04633
0.922773
1.25769
0.906588
2.137
7.11448
1.75253
3.80983
6.57744
2.18217
7.8238
5.53763
1.99464
1.88711
1.54548
5.36583
3.22288
0.697243
1.63255
3.05701
8.06021
8.62372
12.078
6.31023
16.2179
0.330173
2.69861
6.02849
5.41224
2.89526
5.44816
2.37275
1.2443
2.4152
2.53877
1.21281
2.00573
3.55306
8.11845
3.16537
3.5348
4.92729
3.38514
0.919543
2.56157
1.83304
2.67152
9.31316
4.14839
2.17349
2.59934
3.60315
2.90249
5.42728
0.610327
0.825136
7.24101
6.02501
0.695702
3.12799
3.35391
7.2723
2.869
3.56742
4.51482
2.70027
0.490413
2.61486
1.29144
4.7619
5.41028
1.0155
4.71961
1.15655
1.05987
2.28487
0.948365
1.22169
3.94881
0.282784
6.99863
4.65695
3.39625
2.2544
13.1605
2.84649
14.7104
7.63655
10.5988
4.31792
1.9951
0.94771
4.98055
9.01436
7.88714
3.50333
1.22358
3.9989
4.77328
1.20266
10.4445
3.51508
4.95055
3.85688
5.05355
5.31833
2.92194
3.81129
2.50371
0.503118
8.84429
4.59596
0.301896
10.2339
7.76238
5.81885
2.49049
3.99632
0.546318
5.87334
3.74944
3.16745
7.76536
9.17777
2.63166
3.42561
1.16252
2.04042
9.0828
4.47595
3.0146
5.95487
2.85645
6.1341
1.25268
1.56747
8.81222
6.76472
2.01878
4.27034
6.83848
5.11271
1.38582
7.16567
1.19976
8.45319
0.593279
3.58279
0.255537
0.385925
4.7459
5.29331
3.72937
3.83796
3.13225
4.01203
3.5524
2.88881
6.19823
10.1381
0.757773
4.6686
6.26865
6.99151
4.76999
1.93257
0.405607
8.73556
3.47949
5.15578
1.39925
1.40696
7.55872
0.316226
5.51146
0.156119
1.57406
4.21526
5.18734
2.5273
3.10211
9.40632
4.41953
10.3422
0.465356
1.42331
0.322042
2.60598
0.800341
14.2114
4.77709
0.982159
1.86045
0.607467
4.70207
1.77293
0.794404
7.55258
0.831079
1.58055
0.598984
5.89734
2.57013
3.45876
0.322344
1.77238
1.03493
2.51674
3.84168
2.68467
2.46423
3.27234
4.26705
11.3298
5.25804
1.33756
8.41044
2.78324
2.75867
2.28241
1.32659
10.3033
5.46122
2.36011
2.04098
7.49716
4.15063
4.1763
0.536497
0.19838
4.40455
1.39405
5.83834
0.798189
3.2848
1.4627
4.79982
4.55814
2.41174
5.98133
1.27936
1.54776
0.278194
5.34719
0.396073
1.88083
2.8197
0.80743
4.42002
10.4377
4.95106
7.16873
4.1367
2.57731
0.800096
9.11182
1.78455
9.00156
6.40881
4.7547
4.84391
7.3953
1.85101
10.1276
13.5676
3.40607
5.32799
6.17934
2.37858
2.59211
5.83788
2.31082
9.91039
1.28337
2.87438
1.60266
1.49593
2.40209
2.35284
3.11081
7.52526
1.31648
1.86739
2.79384
2.28817
1.56241
5.34504
2.88679
2.14537
1.81722
2.69224
3.08918
1.79573
2.71142
0.451331
2.13687
12.2642
5.16115
1.34929
0.763594
8.55439
1.69607
3.81147
5.33671
0.426335
2.53587
10.5074
6.17619
9.31173
2.65838
4.45332
8.78251
2.75824
1.55726
7.54184
7.36788
3.95381
8.34731
4.9996
3.00518
1.25049
2.05974
3.73103
2.5811
1.93659
1.74968
7.00077
1.16956
4.96686
4.94106
2.80816
4.7996
1.31091
1.43925
3.86083
1.85699
6.33462
4.28361
2.20799
3.58702
7.335
1.54144
3.39572
5.06395
3.26199
6.6443
3.03505
1.12471
9.99481
1.65039
6.2958
0.719161
7.54558
4.87667
1.98623
11.7661
1.94581
0.390983
2.84193
3.4746
6.48275
3.51085
4.10576
3.24971
2.31404
5.80493
1.33824
8.86466
1.50459
4.6379
2.79056
0.779434
2.17957
2.61378
2.38501
0.70025
5.42538
2.53674
1.97884
3.71011
2.58859
2.21262
8.70247
2.65996
3.71276
2.34917
5.64723
4.12768
1.51064
4.06556
2.71805
3.12209
2.49322
3.5888
4.21273
5.67921
0.532047
2.12872
4.95077
3.26199
4.50102
0.216305
7.7437
3.52204
0.845963
4.60726
2.70806
2.11397
0.641084
2.15523
4.90855
11.062
3.94276
5.89951
3.51033
2.30163
8.55929
2.96956
11.5835
12.8581
3.96292
2.63549
4.56144
1.29412
0.986767
2.79287
1.30503
4.95187
1.16211
3.31929
4.4742
0.864184
2.74883
2.08816
4.56557
3.91089
8.68943
5.66431
0.680008
5.41851
8.74486
12.779
1.26462
11.9409
1.9461
2.30716
2.45565
0.825922
9.64651
0.0336085
3.18972
0.873858
10.3066
3.51291
5.70974
1.60385
1.95879
2.03732
6.73044
2.46699
3.319
0.687762
7.9406
5.28136
4.90991
4.9307
9.42656
0.431931
1.27471
1.87401
1.8695
10.832
8.00199
2.60684
10.1818
0.103619
3.98023
3.75771
3.94956
2.66201
5.67603
4.57385
8.47852
5.55286
5.56642
4.80591
2.21282
7.44225
7.20433
6.11057
6.02015
6.38789
4.7941
0.398353
1.77259
3.3509
0.501354
3.22539
1.47685
2.85006
4.86118
0.492325
3.01133
2.52054
4.83819
1.88654
6.77863
8.8538
2.94164
1.3075
1.33871
0.51076
0.765667
5.89887
3.387
5.51803
3.61189
0.440123
8.62782
1.15691
1.96252
2.20122
5.43928
3.24256
3.10691
1.19282
2.67457
11.5263
5.9599
1.94174
4.25739
1.19474
12.7081
10.7819
4.76037
1.41902
3.05213
4.842
4.46333
10.7753
7.53037
4.28429
1.00789
6.15016
1.11652
9.37711
12.3973
1.79123
2.58838
3.8152
5.30101
2.18143
4.5618
5.35642
5.56202
7.27797
1.59767
3.25034
3.52902
4.76007
4.42847
10.4991
7.59607
2.53089
4.01241
9.21751
3.28676
5.24938
3.36074
1.09936
3.0286
9.37528
3.45397
6.45148
1.60538
2.59416
2.30526
3.00816
3.11632
1.18109
3.37883
5.16387
7.11664
1.82797
0.486701
3.32341
1.32094
0.454649
2.55111
7.52077
2.34848
0.521641
3.73471
3.75054
1.60551
4.51953
2.79374
2.69635
3.69031
2.42458
3.06129
5.74172
1.61953
0.748696
4.45677
4.68603
4.6659
6.79247
2.30185
7.40785
1.07697
1.40216
7.38489
4.19826
6.96637
3.55149
12.6877
8.30106
1.71799
2.02791
3.72707
3.94766
2.137
3.37628
5.40747
4.23546
6.02563
3.91903
1.11595
1.68456
2.27604
0.838895
11.7708
3.14913
1.44343
0.455187
4.90963
2.35472
2.16495
1.5997
5.66476
5.81553
1.11743
2.56343
3.72697
3.52112
3.79939
1.96899
1.70012
1.06571
2.2175
1.4991
2.27495
0.813644
5.07606
2.7676
7.30195
2.56166
3.21911
1.69638
7.42311
3.0799
1.86836
7.56182
2.25423
4.59985
13.6789
7.18764
3.21603
0.736272
7.82409
0.587721
3.2413
2.42586
5.52362
0.663897
2.04097
1.9049
7.18695
4.28326
1.7934
11.8554
4.28812
0.510506
5.31969
9.33657
8.20597
1.43527
2.722
1.5968
4.17637
5.35769
9.382
2.31541
5.186
0.659345
2.70844
4.98457
3.60476
1.08977
3.79257
5.22915
5.53725
2.19717
6.17091
11.0843
5.31819
9.41648
3.6982
4.05561
8.12406
2.99787
6.05656
4.43948
2.35101
3.23286
6.06313
3.08879
1.01123
8.31306
1.69544
3.91173
6.55279
3.44256
0.952509
3.83061
2.13438
6.68644
2.8526
2.17376
2.05278
3.04056
1.64489
2.35243
11.9793
3.30262
1.63932
4.92434
0.945026
3.12518
5.36308
0.836021
6.58622
3.99566
2.05884
1.88799
0.0198868
6.59052
7.77519
7.55936
2.59688
2.31552
1.60484
3.40731
3.39942
4.68687
7.55944
1.90537
7.23533
5.41852
3.43168
10.1892
2.46704
2.91974
3.24551
4.05189
10.937
1.21984
4.24402
3.31731
3.90463
3.22125
1.25276
3.72686
3.77407
1.81391
0.411668
8.76946
2.19472
4.87395
4.89109
2.25444
1.38734
0.688236
2.63564
5.76852
2.28877
5.54495
1.60631
5.07701
5.65151
4.18373
1.05728
1.83283
2.02233
1.96604
5.74146
3.45492
5.57233
2.207
5.88522
11.7915
3.50241
4.08022
7.50533
2.91971
1.10271
5.31152
2.92257
2.33447
4.41858
4.56203
2.74552
3.31751
2.34282
1.56829
3.69672
0.690958
0.323284
3.27898
11.204
1.21767
4.61173
1.90319
2.57513
0.163508
5.88371
1.9388
1.37732
4.96413
1.5647
3.06805
2.61578
2.50722
10.7062
3.56111
10.3384
4.88004
12.0248
1.77826
5.43617
4.21193
1.57788
2.45217
0.0939146
2.82859
1.73066
3.96326
6.79568
4.52574
8.62614
1.4367
6.44714
1.72075
1.17875
2.7182
5.05581
6.73446
1.26422
1.16863
4.68741
10.1077
4.14535
2.55572
2.89496
6.22166
5.37472
0.293635
0.571291
7.1904
3.63237
3.27451
3.49756
1.21586
2.45597
4.23887
0.352543
2.49748
6.94798
5.01856
2.30711
3.77007
0.973104
10.5296
4.95329
4.42794
0.470329
3.75656
0.355009
3.3197
1.50109
1.37336
5.84534
2.26255
6.8325
0.109286
9.6253
2.23113
3.05598
4.31488
4.13817
1.83401
2.07758
0.610099
9.31632
4.2906
3.02194
4.71931
6.64587
10.5875
10.1654
1.28306
1.14994
2.34498
0.426739
2.96425
2.75066
4.09953
1.30926
0.234677
15.63
4.06307
7.02771
4.74317
4.17038
2.45742
3.47762
5.1478
4.36018
4.80662
1.8854
2.17527
4.5104
1.43627
4.41001
6.01901
2.46936
2.55754
6.00125
13.0019
3.70023
2.44012
8.95166
4.67961
3.81046
4.00745
7.46874
5.14696
0.609589
1.95259
2.82657
2.54862
2.12989
5.41022
3.4624
2.36859
8.2494
4.32331
4.37797
1.97958
4.37802
1.25068
1.43364
1.23081
6.79642
0.911749
4.31454
0.719348
5.81785
0.831382
3.25967
1.06367
8.89034
1.38308
3.62318
17.8005
2.28333
8.26282
2.56794
2.20697
6.6351
1.66523
7.624
9.12501
2.4852
1.23854
6.84195
3.17964
4.03117
1.56751
5.8881
5.53075
4.23168
0.994641
2.75087
7.17019
4.46684
2.28313
2.37374
1.50955
5.22253
8.221
6.16385
3.80301
2.76121
7.58338
3.01203
1.56193
3.66493
14.7238
5.37377
2.85203
5.85346
1.11693
0.346095
2.13299
3.72447
2.11058
7.59441
2.49568
4.45333
1.11439
1.4375
3.12718
0.807363
3.47689
0.603438
3.29492
1.47024
0.565675
3.11528
2.90811
3.12824
1.61103
4.13387
4.05346
4.15783
2.96947
3.78009
3.06448
2.91615
2.26612
4.79317
5.86159
2.00309
6.7984
1.65732
9.09433
4.38364
5.06883
4.13787
2.83335
0.659453
2.99078
4.16574
0.478671
3.27547
5.46785
2.19508
1.42587
2.75473
10.0922
3.69333
8.01736
5.57621
0.502035
2.98156
2.7386
0.673431
5.74238
1.87762
5.02038
0.585025
3.99948
4.30736
5.84914
8.13649
1.69115
3.66146
7.50502
2.11045
2.20284
9.78654
3.84143
1.4463
3.15598
1.5636
2.49449
5.82193
9.9535
6.72844
8.00173
9.72819
1.70136
5.37274
5.26923
4.14763
0.751493
2.72128
2.56896
0.375373
3.21885
6.0851
1.30736
3.7527
0.863633
3.00037
1.83499
0.873936
7.64858
1.03842
7.0528
2.14032
2.21782
1.35629
8.04912
2.91167
0.905837
4.75303
4.81106
2.40644
2.96287
5.28104
5.40298
5.07785
4.81615
6.8169
1.84355
0.909606
1.25567
3.00075
7.87353
1.28345
4.38176
7.42089
11.063
4.61323
7.67668
4.45735
0.888108
1.65298
7.6641
4.52666
3.65335
3.51276
0.507383
0.363062
1.2228
4.91784
3.30391
2.08137
4.65503
3.78196
5.0853
2.10646
5.63257
1.258
6.70954
3.11916
5.10788
2.35176
5.95761
2.38396
19.1086
6.30814
2.65931
3.79061
2.66579
6.15336
1.68296
1.95235
1.35636
5.89524
2.83534
0.853438
1.7333
3.95324
5.09283
1.83075
3.73872
1.28866
10.4221
0.324566
2.92649
1.5676
2.69239
5.91537
7.73261
0.84323
0.834708
1.24324
2.41288
2.08945
7.01516
2.96616
2.8738
3.61082
2.72057
1.29068
1.67793
5.27593
0.80233
6.40376
8.62475
7.15207
0.876057
0.144247
1.36462
7.27864
3.15708
0.66122
5.98316
3.92592
2.55839
3.10091
4.93054
2.63218
3.04206
1.11241
7.41268
3.43029
2.34892
7.5207
1.85613
2.12916
3.02061
3.14239
1.96208
4.67699
2.9971
0.959389
4.7418
3.95393
1.56077
3.03163
6.2914
4.21361
2.50329
1.33847
4.99247
2.98032
8.32049
4.30476
2.71433
3.052
12.7217
5.6952
7.88214
3.61926
1.38136
9.22025
3.34603
1.92515
3.09255
1.53202
6.52045
3.18293
5.41052
2.2945
4.34961
7.03156
3.64499
1.40308
7.25398
2.44839
6.40833
3.41289
0.79015
6.54112
4.4748
2.01407
3.33934
10.2455
2.77529
5.57975
2.40141
8.19959
6.21852
2.68397
7.86716
16.3707
1.30358
6.91683
6.15415
1.77851
2.73881
0.671794
13.3149
1.43439
2.73144
5.63142
1.04777
7.12679
3.09835
1.52866
4.86727
3.8515
5.39832
7.33112
3.97521
3.25944
0.220852
3.62638
0.623575
6.56669
1.43334
1.99734
4.34432
3.71317
1.87628
4.37384
6.43848
2.19758
8.08558
1.74894
4.41122
0.96613
1.30414
8.76124
1.3415
13.8403
7.1093
2.5525
6.05423
5.28311
5.96274
1.28556
4.35149
0.471088
4.80894
7.81728
3.88739
1.512
2.34083
9.14624
2.84723
3.48189
0.465419
4.43834
4.06232
0.652446
2.34178
6.35758
3.2176
6.19826
5.21815
4.02184
6.53827
5.0631
10.3054
12.297
1.84722
2.18544
2.91614
1.02827
1.32122
3.00728
2.84814
4.55395
0.4065
7.17488
6.15765
6.03376
9.6659
2.7086
4.32126
6.96597
7.60659
4.18977
4.16193
1.22646
5.39646
3.31434
2.48551
5.89035
1.41772
1.28557
1.27583
4.11687
3.03964
3.68684
1.86386
1.61389
5.38225
4.62307
7.42554
0.951837
1.78089
2.04072
4.74262
6.37116
3.59845
2.94773
2.5277
3.18613
2.44585
6.91874
12.3053
3.3804
2.0053
6.13932
0.850703
2.0609
4.62749
4.24229
4.7825
2.23231
6.40531
3.40981
6.31299
10.5425
2.43997
0.449599
1.44708
3.75451
1.87552
7.17899
1.09714
5.71085
6.83949
5.5332
2.40182
2.04244
6.17554
1.38803
3.30117
2.51119
2.84036
2.36353
2.61653
2.3549
3.43071
1.195
3.31845
2.28461
1.96669
2.99955
1.88983
1.36663
6.96192
2.96994
11.3149
3.8549
3.30351
8.96463
5.53
5.73049
0.23531
6.91555
4.21202
1.73079
4.77227
2.87155
0.803846
5.95895
0.324409
4.36889
3.42232
4.69686
0.972388
5.97754
7.19509
1.20319
13.8775
4.98622
1.60293
2.61071
3.2636
2.56378
2.24597
1.37368
3.77302
0.685201
1.49731
2.513
2.61187
6.09313
5.09793
8.76455
8.70353
1.21684
5.10618
4.6635
3.93057
7.3256
5.6239
10.4853
1.11659
6.32407
0.90215
6.82718
4.83524
8.36063
0.940299
1.25935
0.877825
3.07096
0.939909
1.18777
2.73689
2.13451
6.14105
1.27976
13.6876
0.582174
1.2859
0.91304
2.69067
11.0542
3.99715
3.52115
2.11338
1.95267
3.13513
3.33891
1.97506
2.66958
3.42416
3.54331
4.35279
3.13797
2.68066
0.95629
7.73094
1.13411
6.24731
5.45071
5.19806
4.59533
5.74305
1.35742
6.69046
2.47753
2.91355
3.88262
1.98912
7.14356
4.61725
4.34118
1.20079
1.81908
2.92258
9.12467
1.26208
7.24049
4.7548
0.504967
5.29844
5.54824
5.6519
4.27573
5.06832
1.25968
1.41395
1.51873
2.85403
3.62966
4.70194
4.69277
4.50205
7.95591
1.27481
4.55558
2.00845
2.65626
4.71854
2.04041
4.11648
2.5933
2.79096
0.929565
0.155948
1.19559
2.07782
3.23744
0.461585
3.93449
2.25864
3.77994
5.21779
4.81005
5.61641
5.75617
2.97664
9.49308
9.06466
0.672281
7.9828
1.38998
5.87305
6.38162
2.02524
1.32433
0.763996
6.5852
2.86734
2.63885
5.20084
2.03254
3.93391
4.36126
6.6333
0.296233
3.15979
1.43818
3.89654
3.28715
1.73254
8.45527
5.41935
4.31049
2.93008
1.73517
1.87439
7.7032
1.84943
4.3669
9.03763
4.08707
2.85807
3.14395
9.52381
1.33143
2.87007
2.836
4.19683
9.11259
4.33163
2.95768
0.180841
2.81783
4.81587
4.37394
4.42959
3.75321
2.89397
3.5943
1.92785
3.86258
9.79055
1.23683
3.29486
6.32511
4.75769
1.49679
2.2241
0.390278
3.49887
5.14272
16.7201
4.58054
1.99712
1.36482
3.33587
5.81515
2.5685
6.93822
1.11663
7.6818
11.1811
2.31675
1.83879
0.988162
7.26782
5.3594
3.97625
3.93197
0.235542
4.17484
7.52169
6.8249
7.93417
1.23723
7.68821
3.88559
5.90983
5.80996
3.78441
2.05693
5.92933
2.54922
5.91716
4.1429
3.92495
0.855922
4.89361
2.9462
3.27527
8.96262
2.22371
6.89208
14.3726
5.85367
4.99969
2.27853
16.8143
3.32169
5.77454
1.14806
3.59544
2.90842
2.55735
2.14597
4.60419
4.31616
2.77481
0.959479
1.21882
8.17452
2.96017
5.94624
0.590402
1.41605
0.677206
8.6679
1.65538
2.12096
4.34505
1.51072
1.66001
4.25103
4.38146
2.13861
3.86879
4.71071
4.88458
3.05437
8.48059
0.0858908
1.85907
5.45418
4.08776
1.82638
9.65969
3.61644
3.70605
1.20471
5.24048
1.79111
6.3095
3.94777
8.02523
1.43875
0.805337
1.23264
0.487363
6.41349
4.79934
4.41931
6.75209
2.6291
1.74327
6.08922
5.22818
3.95594
4.13933
7.9391
3.4193
2.09891
2.77805
3.24401
2.73459
4.57812
0.988573
3.70263
2.79179
3.55155
8.60006
6.26107
0.762119
7.14095
2.07857
2.69844
2.10454
2.88641
2.88927
6.2572
8.03615
7.84737
1.71982
9.18512
5.92348
1.24778
3.02064
6.78783
7.40844
2.831
1.24249
0.605802
4.917
8.95425
2.14606
2.56065
0.251093
1.79218
0.181272
6.93122
3.10242
8.93802
1.72464
2.68958
10.7827
2.30371
5.8627
4.79814
4.61771
4.0703
9.49482
2.69954
1.22389
4.72311
2.38121
2.33437
1.41016
5.32602
3.67684
4.27698
2.39265
3.49689
2.97402
2.45877
9.56373
10.5435
0.759066
0.670737
5.53218
4.37526
2.37226
1.25579
6.32056
1.38585
2.95498
1.36612
2.79364
1.15924
1.20421
0.763239
2.0715
5.98144
8.98092
9.37874
0.349426
3.67809
7.84432
7.6781
1.47905
1.36301
0.449943
6.73915
3.48928
4.93339
1.31842
5.17708
2.35735
4.84007
7.07009
2.09287
12.4439
3.66705
0.140384
5.82299
4.16271
5.07466
3.16664
5.54213
5.9509
4.60985
10.3202
2.64345
1.41617
3.70718
4.51554
1.37371
5.60643
4.96264
5.45125
1.65382
0.688123
1.80534
10.1507
11.7582
1.73286
3.05154
1.86672
8.43591
6.65968
0.373909
7.51594
1.84794
4.25666
3.17228
1.63423
1.20832
3.6554
2.27411
1.3592
3.2309
4.43857
1.58175
5.36636
6.88624
0.680435
1.32539
2.36235
4.75982
7.67042
2.3901
6.99114
3.31481
4.21924
7.40052
8.61659
1.4064
5.25136
2.56475
1.41754
3.14563
0.791894
2.79195
3.59325
0.63935
2.51623
5.62373
7.32799
3.79167
2.33728
2.56875
9.33301
13.9085
0.8649
6.09447
4.25309
1.42936
1.74332
0.142777
4.85348
7.21048
3.05826
3.29646
4.58741
5.33055
2.57656
1.87088
8.24762
0.777161
1.66939
4.43084
0.625036
2.09885
8.29646
2.57377
3.67106
1.37558
5.65135
9.14459
2.26953
1.0154
2.4477
4.31068
3.31793
1.60741
6.59438
1.222
6.65797
6.09511
3.14823
0.692527
2.64433
2.037
1.50541
2.71943
5.53962
3.12889
3.63639
5.72886
3.08768
4.47309
4.14846
3.43103
2.86489
5.42879
3.80673
5.84748
2.05801
5.85138
10.2797
3.90662
1.62412
2.44972
2.20906
1.4451
4.08994
0.494056
2.28371
1.77235
1.6065
1.39538
8.17547
6.81024
1.91717
4.26868
1.48557
5.368
1.49752
3.74533
2.76
2.54815
4.2119
1.83546
3.23311
3.49964
5.92829
8.98872
1.34584
2.12554
6.59374
7.6517
9.96496
1.64469
1.50105
7.29879
3.07205
4.6898
2.2457
5.61714
2.12301
2.40015
2.71032
5.78396
4.64711
2.29419
4.40993
1.59093
6.0846
1.76545
4.7049
1.49211
0.992387
1.32652
2.80928
0.642025
1.08046
2.26956
2.33352
1.82914
2.00982
3.3991
4.44662
8.42043
10.3708
3.94588
2.50315
1.5751
4.46658
3.69882
0.608437
5.04369
1.33844
1.99627
11.0573
1.31278
1.66571
3.19455
0.17847
1.59945
9.31293
5.07377
1.96592
0.816983
6.4672
7.78871
1.60466
1.72945
1.17843
15.3221
6.46077
10.9765
1.02437
1.70802
3.20002
6.84516
8.76085
2.20093
3.50571
2.9004
1.66142
0.957279
2.75414
6.61573
1.71233
10.6075
2.17847
2.19574
5.21323
1.48397
2.99567
2.39615
2.63811
9.5157
12.7107
2.36412
3.21411
4.52323
12.1113
4.30044
0.402694
3.02187
1.37343
1.25444
2.82688
0.982102
3.00465
4.51304
1.19875
13.4168
3.40456
4.92792
2.22845
4.77245
1.99335
4.58083
1.98546
1.214
6.69792
2.00743
10.4841
4.82149
9.47856
0.627067
3.21506
3.85463
3.73536
3.77652
1.84584
6.17179
3.19777
2.60776
1.7163
7.07876
1.58228
1.91442
1.26395
2.11606
4.50272
1.20931
1.66173
3.67197
3.98815
7.70645
3.24607
2.2831
1.0734
4.80593
3.82571
0.452606
7.95833
1.42126
5.52409
3.55334
1.48792
2.32962
2.74346
0.540355
3.91763
1.48948
3.87521
4.58845
13.3161
1.00508
3.73324
8.96325
3.01574
2.10702
6.39519
2.2333
4.07165
3.10781
6.83894
7.29759
8.67077
3.49366
3.06802
9.52147
4.953
0.949064
9.39982
3.64874
3.05193
0.282016
1.87917
8.2812
5.01523
0.605564
2.17388
7.587
1.94913
2.99578
8.16401
3.12561
0.549003
7.24363
2.76867
2.54156
2.69989
4.35556
7.39619
3.02355
8.04295
7.48152
5.40733
0.701232
5.40505
2.92802
5.78095
2.6861
6.79919
1.27457
0.450132
1.12303
1.25412
2.48787
6.78658
5.51952
5.31768
2.71002
2.76506
11.5761
2.00544
2.60908
2.70568
5.6667
2.60621
2.11196
3.36287
0.89469
4.53714
3.70772
3.69067
3.87159
2.48866
3.67101
12.9204
2.86734
4.32747
3.03974
6.87326
5.73389
5.80134
0.831417
1.66056
4.33301
4.21658
4.94484
5.82594
4.34696
6.04692
4.93593
1.98417
7.53488
0.451661
3.57793
0.951202
6.5293
4.42584
1.744
17.4241
5.20563
3.29644
5.0394
2.71672
5.36848
12.8819
2.07914
2.2146
4.06115
6.93635
2.62071
2.09323
0.336789
4.22646
2.31832
1.97879
8.54921
2.47521
1.16315
4.32089
2.90892
2.96421
5.9522
4.19372
7.71499
9.68223
4.86657
4.27047
6.4885
5.4988
1.95922
7.5518
0.803417
1.85266
1.97778
4.5815
5.45411
2.50502
2.0967
1.42299
0.360238
3.5589
3.17308
5.48313
5.62258
4.11037
2.36018
0.943378
1.01139
1.77472
4.85431
0.284462
6.10623
3.6049
2.37973
2.88727
4.58261
3.12841
1.28384
2.45831
0.880086
5.70263
8.01102
6.71961
1.81029
4.51281
10.4386
3.97409
3.8285
2.9891
4.84871
1.98367
0.62633
2.23184
4.9478
11.1326
4.95746
1.37445
3.71671
6.45933
2.4243
3.3341
1.90848
5.82673
4.34675
3.47826
2.11311
6.25753
3.16428
5.7869
1.51899
8.87122
0.33872
4.00343
2.52528
9.77831
1.24088
1.59467
2.16553
0.793135
6.39505
2.35256
5.45173
6.95749
4.82702
3.08122
9.78401
7.08685
9.42826
5.51682
1.35116
2.92376
7.35693
6.36393
3.25545
0.655994
3.90048
1.87404
3.43459
3.68726
1.79833
7.961
1.7397
0.766857
4.02084
1.65839
6.39674
4.96786
4.29987
7.69693
8.50199
2.60047
4.0323
1.49654
5.22187
12.6624
0.756734
6.26265
6.2156
3.34968
2.3565
4.69519
1.88677
2.59041
1.29296
7.70412
3.90467
0.770735
2.32888
7.38765
1.25925
5.55124
5.69833
6.88332
0.717931
0.360994
15.9105
2.26918
2.50961
2.53952
11.4538
6.2697
3.6693
7.71823
3.04689
2.33726
0.682228
6.98177
0.544224
2.17223
0.842775
3.60671
2.14033
3.98911
4.11967
6.33684
2.31223
8.96872
0.496914
2.89319
2.45228
1.14109
2.21113
4.70913
1.46286
4.16128
1.69069
0.518986
9.22408
9.62891
0.95673
1.56613
2.9745
3.17196
5.54333
3.19496
11.2401
0.574109
0.481828
4.35602
7.25499
5.70127
3.48604
3.3635
5.18096
1.22204
4.50458
1.77776
6.53789
1.40598
6.33939
6.25268
4.31002
6.58864
8.01598
6.72973
1.79304
2.03735
0.894754
3.96583
1.06954
3.13111
3.01049
4.31746
1.95205
1.27009
0.311406
2.21247
4.08662
0.572487
1.44228
13.7886
7.07996
4.19134
3.80098
3.5006
5.78381
0.380312
9.64461
15.9035
5.63535
4.00202
6.70471
2.78153
3.98255
2.98793
7.54471
1.62454
3.75017
4.89638
4.26155
9.10881
7.58662
12.1875
2.97251
6.3388
1.21346
2.12372
3.40055
1.52357
2.14835
11.1108
6.98848
3.74708
7.69245
1.71144
0.923944
5.95139
6.94392
3.06542
2.81495
4.04923
7.08857
8.88589
2.56534
5.66685
5.42734
4.66015
1.9211
0.97718
6.53162
3.5297
6.47439
1.25888
6.52001
4.0944
1.27442
4.84093
2.84301
2.20946
5.31425
0.51321
3.28583
2.45935
1.25922
9.17232
9.76683
2.96011
1.02672
6.37172
4.4139
2.00028
5.14046
5.98443
7.40357
4.23965
2.96415
4.69283
7.00453
0.749057
2.40352
5.92076
2.96007
3.85903
0.88324
1.84985
3.31824
13.3515
4.4225
5.81663
3.1546
5.23974
5.84082
1.5578
7.87008
2.60075
4.47489
8.86903
4.84979
0.409926
4.31444
9.44471
0.601468
3.18893
0.937465
3.88971
7.4212
1.20299
4.16335
1.65757
2.03332
6.39312
1.10487
5.11913
7.75526
1.91305
1.15108
3.00195
16.7378
3.37922
2.67118
5.87615
6.22713
2.52485
1.89478
1.90606
2.73672
2.69119
1.75185
11.7749
0.258462
7.54275
3.44685
6.2353
0.689309
3.16608
2.05392
1.60266
6.13683
3.24667
6.54819
1.77499
3.38743
5.17482
2.51238
0.787437
5.77282
3.10028
1.18315
1.48449
2.16098
9.53389
1.5518
2.32003
8.59853
4.81932
2.87134
7.07643
2.6465
4.36215
3.31161
11.5256
4.54283
17.9008
0.343292
2.43502
5.58892
3.79692
2.48907
1.44
2.02923
1.28107
0.430709
11.4395
5.22555
0.799527
1.14807
6.44161
6.31713
1.68607
4.42765
2.80003
3.63824
4.16419
2.08917
3.69911
1.94733
5.78375
1.37908
1.93932
1.36295
7.01563
2.22614
0.365566
2.3106
0.730747
9.60975
3.98183
4.42727
4.33709
2.35414
2.35576
6.43016
5.0326
8.48736
9.56056
8.58224
5.07568
0.154443
2.33847
5.17624
2.50324
2.10923
2.41775
1.78433
4.09309
1.62518
3.6203
2.43386
2.56372
3.72421
5.6504
5.79424
4.10008
0.375161
3.90701
2.77222
4.0364
4.94433
8.12123
4.74517
1.65408
4.51338
3.49178
8.69881
1.34309
4.77918
2.13818
0.822167
0.480363
3.56429
1.12383
7.75379
0.556228
2.464
1.95452
1.50021
2.46535
0.662005
3.17445
5.4168
3.2773
7.86644
0.599967
4.82577
7.51803
3.17484
1.57337
4.51998
0.393937
6.61556
7.63294
2.80831
0.982153
2.58115
1.14395
4.70407
1.08003
3.11541
2.49638
2.79222
1.84449
2.34326
1.05337
0.625212
2.8431
4.41711
2.97705
2.80591
4.28292
3.04654
1.68452
1.45129
5.26126
1.073
4.60731
1.71612
1.34058
4.02127
0.89907
5.80176
3.80939
6.11344
1.40761
1.59421
3.93668
2.60698
4.67459
1.45628
6.96787
12.5354
7.48845
12.6495
3.12853
7.85719
2.17942
4.4109
7.29059
6.97591
5.59268
1.11507
2.88242
0.963771
3.34806
2.39673
2.88041
3.43905
4.63277
3.88767
1.03578
0.459171
0.44796
0.57168
3.43793
3.10103
2.79447
3.87138
3.95911
5.61211
6.97794
4.97142
7.00312
6.35299
11.1096
1.24333
6.41819
7.64049
1.53206
3.20771
5.67993
2.74044
2.27431
1.96236
0.512304
2.40341
3.37164
1.16713
1.29999
3.61449
0.68655
3.11585
2.57002
3.28975
9.23339
2.94886
8.53293
2.7832
1.0937
7.50618
1.5452
3.45772
1.53788
4.55766
3.40216
7.50216
2.37383
1.75472
3.34005
1.55034
2.81284
5.79936
4.17918
1.23293
7.96746
3.29897
0.842345
2.0616
8.40632
6.30387
8.26585
5.95217
1.79257
4.22984
9.05753
1.43627
1.36264
1.75089
5.70917
2.10881
1.83347
4.04586
5.22967
8.90137
1.58944
7.57955
1.90539
2.2373
4.64737
1.62289
5.44599
9.17055
4.4457
5.21975
8.03963
2.6009
0.753581
0.714517
5.06469
2.96752
2.75105
4.9327
4.36696
3.00432
1.32526
2.82972
3.74911
4.85739
2.88438
4.61062
6.99276
1.89796
9.20284
3.08336
1.41528
1.69612
7.19841
4.04993
0.313388
1.48284
2.38432
4.50695
2.37517
3.80636
2.89644
5.17675
2.76689
4.3933
1.64596
2.23573
4.81949
4.84299
3.03107
2.25162
3.42032
2.37842
0.976303
0.907337
8.97011
3.26926
2.96992
10.0884
2.754
5.40576
2.96126
2.31145
2.44988
2.48389
1.36761
9.82125
2.8661
3.14196
5.92285
4.4827
2.02272
4.66089
1.44098
11.0506
4.91609
10.2674
6.00499
7.53567
6.6978
0.237783
1.49581
5.87375
16.5308
1.83389
3.12582
6.56677
2.80617
9.16043
2.53846
3.85639
4.57402
4.29106
7.2793
1.16252
4.05899
4.93481
4.96496
0.882694
6.97289
4.74342
3.94403
2.75169
1.74797
5.56681
8.03086
2.2042
3.9198
3.07724
1.43681
0.416342
0.89311
2.86053
4.85534
1.46276
1.58675
3.389
1.78744
2.66619
10.3699
6.05811
2.64691
8.35251
2.54396
2.03191
1.23564
2.05041
2.64996
2.24054
4.66426
1.06956
1.49318
2.56274
0.847075
2.85047
4.13325
5.69957
9.44972
3.76605
8.76931
10.4723
2.96645
1.12524
2.75889
5.67583
2.27873
3.07425
7.46285
4.35827
8.61794
2.99815
2.78613
2.56733
3.3099
4.78746
4.64794
0.804323
2.65791
3.65414
4.56044
3.92116
3.0056
1.36889
2.64558
4.22921
6.42845
0.492798
9.38651
4.2545
7.44165
9.4191
5.69377
1.34473
0.290753
4.6566
1.77836
3.32502
1.66109
1.34744
4.59126
0.915209
1.06832
2.59822
0.64102
2.31229
4.57859
8.41795
15.8132
2.05508
4.52306
3.20165
4.3982
5.20778
1.04187
2.35017
2.08333
3.57843
1.29127
1.47056
9.0371
2.87669
3.27737
8.38678
2.35632
2.89353
4.49298
5.13753
2.78068
2.81175
3.90398
4.94927
6.50142
15.9423
4.91146
3.85136
8.28545
6.39331
3.71711
4.07287
1.22073
2.37292
3.50097
0.738324
2.47467
6.37128
1.82057
5.47472
4.9467
20.5975
11.1843
10.4937
10.4397
1.15679
10.3875
6.89731
7.19976
2.01252
5.93208
4.67315
2.1951
0.63809
4.74812
1.36131
4.99156
3.59825
5.00121
2.60447
10.3097
7.31059
5.08514
5.18961
3.94647
5.77929
3.72301
1.25534
4.72655
11.0595
2.14408
1.90411
3.86081
2.61802
3.92992
0.940341
0.251545
7.09785
4.88192
0.8222
9.41078
0.935866
5.16742
1.62101
0.630114
6.28882
6.34071
6.28252
8.43586
1.62627
2.93913
1.91387
2.25357
3.60325
0.677074
4.05894
1.18223
0.281897
4.65779
3.46262
6.78486
3.06582
9.81269
1.87828
1.11889
5.92301
7.94377
6.70139
4.21451
2.99852
3.63016
0.617172
3.48536
7.29625
3.27187
3.00035
10.274
3.15559
1.25418
6.2089
3.38714
4.47009
0.655384
6.10382
4.58324
6.01879
5.12087
5.58455
0.568365
1.12697
3.74605
1.78954
4.05005
4.9836
3.73138
3.158
2.30896
1.14228
2.74177
1.9442
1.98311
1.81675
3.05346
1.19861
2.20628
6.85978
5.66188
4.63067
2.41179
7.69263
9.10501
3.88473
3.18533
6.92258
2.31958
3.13824
6.3252
3.64216
4.85821
1.67982
1.08564
1.92636
2.01578
2.63484
7.86606
1.07838
1.52657
2.63259
4.11782
3.43842
4.52836
5.5758
19.3664
2.687
1.64583
4.1695
4.75451
3.45643
0.884936
3.60986
3.43651
3.29828
4.2267
1.55386
1.57606
2.40841
5.75066
5.5572
4.47182
7.32117
2.25486
4.1742
2.3144
1.7386
1.11868
4.3868
2.30293
0.349929
12.6853
5.30334
0.422085
3.60209
3.80514
2.9126
1.84222
4.37403
9.93255
2.32922
1.46766
3.97099
1.29585
3.62335
2.69124
1.22471
6.18566
3.20451
3.32629
0.965088
5.73397
4.39141
4.33642
3.58007
1.68386
2.52733
0.87938
1.36714
3.77009
5.74094
2.60823
5.15193
1.87543
2.67049
3.33077
3.45843
8.67739
2.18489
0.133133
1.37157
1.07517
2.61803
6.52104
1.11661
7.38401
1.36008
2.69737
0.846292
3.05143
3.03745
1.43515
1.67581
5.67716
5.8857
3.41303
3.29778
4.79544
6.04982
0.815501
2.65816
2.62511
4.27645
2.06137
14.2461
5.14761
0.495024
7.02311
5.39739
6.08206
1.91893
5.52582
4.6847
3.45729
1.65553
2.75729
1.60712
5.78502
2.2622
7.47189
4.36167
1.0089
0.616879
2.90339
13.161
1.92906
4.23677
11.9373
12.5912
5.11837
3.87881
2.10714
4.02457
6.78796
5.13122
12.6619
2.29783
1.96823
2.35941
4.55971
2.35328
8.12149
1.41151
7.59369
5.7351
10.9214
4.07541
0.498988
3.46104
0.25495
3.67555
5.45072
2.71626
9.44868
4.48682
1.94948
4.11468
1.18695
1.64407
7.53696
10.0198
1.93693
1.48748
5.47134
0.933399
4.09606
2.48141
3.43299
3.65023
3.54734
3.47695
9.46247
4.42305
5.76743
2.12065
4.43624
5.04737
21.9029
5.69114
1.79128
3.76429
0.359368
1.2599
2.64663
3.18944
5.69133
6.85109
0.663214
3.28871
9.78677
3.79614
1.80246
4.98421
2.67723
11.2266
3.69521
6.49843
7.85985
6.53839
2.82221
1.2168
8.71892
3.01548
0.799074
0.680262
2.61827
3.04627
10.4061
4.64238
8.69291
3.61062
10.2762
2.14738
0.543199
6.81891
6.3056
2.66883
3.05644
0.823819
2.19255
1.30716
3.89484
5.17602
6.60324
4.53808
4.22683
8.13785
4.78104
7.94621
5.49529
6.11584
3.15736
10.4765
8.19186
0.402755
4.25367
5.08107
2.53846
6.3963
0.490812
1.10023
6.16842
2.49851
5.83993
10.7576
1.86787
1.01942
2.41717
1.11735
4.65391
2.44126
3.56151
1.38877
5.36224
8.20005
10.1998
5.28785
9.15744
0.896517
10.9464
6.38963
0.695386
0.549374
3.51333
2.67653
1.32635
3.26388
4.04844
0.974329
0.861467
2.84513
3.29917
1.53268
2.24282
2.70026
3.41682
5.61717
3.36584
1.30221
3.63332
9.19121
2.64958
5.18076
2.65285
14.4692
3.10608
5.35538
9.11371
3.55622
1.11611
5.54531
7.73983
4.02605
2.20465
3.87282
3.03459
2.61863
2.93451
5.57075
0.46292
1.68171
2.60838
1.75462
2.38543
0.329268
2.13974
0.621553
7.39917
1.79682
1.52645
1.13158
1.66021
0.84893
4.68707
7.73444
4.36403
4.56545
3.05059
10.2352
0.560824
3.17014
1.65706
4.09617
2.13449
4.87457
1.69131
9.09421
18.0885
7.07814
3.27378
1.81273
0.337266
0.897712
0.170905
14.8769
4.0118
9.65147
11.0025
4.38273
5.87321
7.46598
0.78558
1.84713
6.70585
1.07264
0.227194
1.51946
1.8939
0.547169
3.1861
3.16618
5.90822
2.92764
0.763423
3.89715
10.5649
1.89377
3.5971
4.52663
0.787645
5.85087
3.27643
1.33708
6.33425
2.40368
3.225
1.20349
4.83976
0.243768
2.73807
1.08129
0.903968
2.43206
6.77355
3.13431
10.8746
2.15185
2.02696
1.40974
0.994879
1.90264
9.64631
1.25672
2.89951
4.63855
3.04975
0.704438
3.22388
2.09209
4.06227
0.918403
2.09387
6.55028
0.297689
4.57736
4.85686
7.68403
4.6751
1.58857
2.15177
2.46296
6.48652
3.5133
3.80861
1.86456
0.214674
1.94684
4.38231
8.74056
1.31897
8.83062
13.641
2.07086
0.788529
4.31714
1.89712
2.71298
2.13854
2.49945
1.70802
10.8527
2.42859
0.637452
2.17112
5.7174
3.77845
10.1148
2.52998
2.49535
2.46654
2.47668
9.12913
0.977655
1.79068
4.142
1.00664
4.25273
7.03145
2.07112
5.16723
0.890452
1.33236
1.57189
4.33991
5.46201
4.88689
3.15179
2.91506
1.56333
10.3517
2.69241
7.4284
2.77822
1.28224
6.88847
2.50403
5.12778
1.93622
0.833266
6.47675
2.97882
3.29226
2.78346
7.25351
4.8992
1.59592
4.59909
6.11054
0.694253
2.33518
2.43563
1.1404
4.40626
9.68341
6.41836
10.9743
3.64404
7.54131
1.83301
4.76096
11.003
4.53439
12.1817
3.28184
4.4626
2.50492
1.57975
7.84388
1.91261
1.31197
2.34237
5.08869
0.690621
2.40579
3.75154
3.21452
4.18083
1.02791
1.76315
3.75636
4.05535
3.91457
5.76692
0.171227
1.97894
5.47258
3.4599
5.11969
1.2926
1.27821
2.84444
2.32304
5.68863
5.9108
0.938379
2.47772
3.88012
3.83146
2.34326
3.17115
13.6853
6.91037
4.63574
2.03476
7.37863
5.60191
0.158809
4.55152
5.4291
1.15825
3.10174
4.86046
3.30549
1.24648
6.91195
4.28708
4.48381
9.46166
4.21673
2.13889
6.76188
8.67937
2.41647
3.48607
0.762913
6.10084
5.03432
2.80953
4.47374
6.56916
11.8427
6.90665
0.471839
1.33554
4.45242
2.91938
0.518378
3.63562
5.16197
5.87296
0.511284
3.23446
4.91911
1.18264
10.6783
6.46991
6.85623
3.38811
3.24572
16.0033
6.29653
1.18953
2.294
3.41722
2.51986
4.13203
0.883531
2.72958
7.02852
1.87631
9.19004
1.04778
7.15038
8.06573
3.74055
1.25611
3.61711
2.56102
2.24846
4.70577
2.28165
8.79532
7.47583
6.65504
3.04032
3.82506
2.31405
5.8249
1.05941
1.15274
11.5734
4.56537
2.60954
1.54924
3.83153
9.84361
7.49368
3.50751
6.83627
2.19787
6.0913
5.01712
2.91451
1.3432
6.00741
1.55399
8.08385
6.18872
9.16395
8.95568
3.02905
3.83113
6.809
2.28077
1.17029
3.0056
1.95523
3.94305
1.58681
5.23927
2.64211
3.66413
1.92747
1.72151
7.61857
2.13511
1.80451
3.8308
1.69579
9.24392
4.21101
3.18403
4.22736
5.68242
16.9076
5.28309
3.7166
3.78125
0.974654
1.61863
2.938
6.64603
2.88005
5.81389
4.09245
9.38091
6.2795
8.98943
2.56382
4.45232
5.01489
11.1362
4.94265
5.85162
2.55469
4.67993
2.56766
0.82246
1.89724
5.89539
2.61907
4.32408
4.09857
1.5976
1.02546
4.25622
8.23322
7.62711
2.07281
1.26329
2.65597
1.71414
1.23051
2.06658
0.926832
1.74062
7.5593
6.81228
1.97364
4.38617
5.42697
1.75064
2.51939
1.59769
1.46097
1.56335
2.85405
3.49267
2.9583
4.82627
2.19225
11.1313
0.602791
1.93096
4.47584
1.22472
0.731345
4.30557
6.31543
6.2285
2.95868
0.65135
6.47467
2.41114
14.0181
3.74601
3.938
7.94873
2.2983
1.41618
1.90424
2.65643
7.88884
2.33205
4.82832
4.11807
4.38047
3.6424
4.0671
8.75752
9.70754
3.03837
2.78345
1.17899
1.34868
4.16387
1.9864
12.9063
3.42204
0.604564
6.81233
0.29504
8.11968
6.851
9.82339
6.91537
2.23768
10.8378
1.40027
0.570475
9.78689
7.20397
0.524351
1.65069
7.60061
4.49921
4.10602
4.20625
2.17997
7.07496
2.60775
2.36985
4.25329
11.4017
2.77065
1.90564
1.60522
1.96975
6.98456
6.0531
1.43631
5.26152
1.41021
9.35076
3.46323
3.4362
15.6562
1.50784
3.72523
1.77724
1.24072
5.81994
8.46557
1.67012
2.54036
4.54191
2.67711
1.05362
5.73369
7.40643
5.93844
0.804928
9.54705
4.65894
1.48445
4.21261
0.301435
9.1826
3.26135
4.33435
0.621594
0.579918
5.21155
12.7372
0.122875
0.465923
8.29021
5.97711
13.6174
1.8985
0.675557
2.46736
1.03918
0.428799
4.65393
3.62845
4.5968
2.53302
4.74633
4.2043
0.0799964
15.5397
5.29936
2.95376
7.49398
7.97621
8.73163
3.3056
4.67107
8.71113
2.68249
3.46041
3.2669
9.77632
1.92714
2.94838
2.83018
5.02434
6.84315
1.39221
2.03163
1.68103
1.49279
2.3984
1.58269
3.95803
5.83179
2.56028
2.58546
3.61364
8.51948
4.72137
5.14494
5.83471
14.4987
6.85749
6.44025
2.66521
4.61708
6.93515
3.84581
3.98371
2.09127
1.32356
5.79921
3.44367
5.56682
5.19548
0.32359
4.46598
3.64122
4.91592
4.19206
3.3479
2.22308
3.64777
0.839172
3.1687
2.96793
5.02473
3.34887
2.02169
4.28887
1.32509
1.17361
2.60892
0.473797
7.87656
2.56413
4.66623
4.8879
3.33834
3.54405
11.2149
2.36149
2.65483
2.53067
6.9456
0.50019
6.96755
3.25592
1.72143
5.22455
2.20585
2.93712
1.94537
3.74684
5.90757
0.149405
2.58743
5.28808
6.98207
11.9624
5.48479
4.24898
5.15482
0.245695
2.02135
6.51803
2.96999
2.8404
0.839765
3.72238
1.64102
2.24995
1.67098
17.8361
3.43637
1.39819
3.62345
2.3504
3.52738
2.15829
4.17849
7.22548
2.41524
3.35511
3.74935
2.92254
5.21676
5.00995
1.66897
13.0317
1.24739
9.55522
2.17917
1.80939
4.03069
5.39428
1.93515
9.38824
7.39419
4.20385
4.00609
2.69762
1.4832
1.42066
2.67181
3.01752
2.94739
3.18333
5.53065
3.27566
3.13883
6.31887
1.77597
2.88099
3.87449
8.20557
2.59368
0.493238
1.49688
7.43323
4.16573
1.53862
4.70142
5.50861
5.09221
2.25899
3.67916
3.06874
6.68148
4.72578
1.67156
9.91101
7.59708
5.98473
4.3567
5.22502
8.04415
3.1459
2.17394
4.97867
4.11559
0.34512
7.50477
4.54452
1.92121
1.92483
1.80234
0.680294
2.84219
0.731071
2.89363
8.07792
0.690843
1.20844
2.12652
6.19915
0.706371
11.5076
5.78836
4.33666
0.994433
1.03467
6.7852
3.09938
4.61881
4.11929
4.31238
5.27505
2.37496
2.39528
11.6395
3.27201
0.730467
5.89216
2.39338
4.29036
4.29733
7.11563
14.3279
3.37001
1.60598
3.75087
1.49355
0.382733
2.84318
4.22721
1.94784
2.57294
12.31
10.8604
5.77202
1.90612
1.37108
0.827357
7.00969
3.84097
5.28103
0.559389
0.925564
1.11062
6.68744
1.23345
2.62324
5.93503
10.102
2.42115
1.77554
0.873048
3.64018
3.11001
2.80884
3.0928
2.78026
4.83584
3.86314
1.89525
0.433023
9.30137
4.23385
4.96115
5.18409
2.29412
1.05851
3.69191
5.32437
5.26488
0.67637
6.55559
2.92113
2.72198
2.79981
2.46023
6.51098
2.94362
7.5521
3.57465
4.82772
1.4119
2.80231
2.4149
5.88935
3.16884
3.1757
6.22922
2.80471
4.80995
2.02818
3.59495
1.63814
11.2217
8.76257
2.92008
4.26788
6.39945
6.14567
3.86108
0.692043
5.26267
4.66851
2.68677
8.9964
1.34509
4.91189
4.99781
4.64191
8.76504
4.06885
1.02542
10.6043
1.00253
4.12404
4.31954
1.90574
2.33796
10.694
12.9371
1.08914
2.73733
4.70211
5.93149
7.89685
0.979681
3.31356
2.03949
7.48985
5.08709
5.04979
8.6166
1.14911
1.40543
5.91459
5.38112
3.41079
4.35309
5.52017
5.45547
4.12295
3.24138
3.37773
1.57689
1.27372
4.11787
1.37471
12.0327
0.413084
0.607329
2.45787
3.44899
2.13526
1.03253
1.20075
6.42454
3.84114
7.52265
4.00002
2.33027
0.694905
2.85162
2.13661
7.43673
2.66559
2.33456
6.11913
4.21962
3.64998
2.52358
1.3807
1.83858
3.56774
7.71323
0.808244
1.84462
3.03482
6.18883
2.37167
8.85423
3.7054
10.4837
3.09415
4.35797
1.55626
6.34757
6.26281
4.19989
11.7738
2.02511
8.43794
1.99361
0.812366
3.28499
7.57151
3.5801
6.90142
2.3208
3.0217
3.43662
5.31755
3.73391
3.04883
9.98778
2.10005
3.47051
3.27531
3.5149
3.04483
5.15338
0.593825
3.50039
1.76095
6.26813
2.77161
1.91328
1.42704
8.53508
1.11555
4.35459
2.39612
1.71592
6.8784
1.30416
0.972328
1.21464
3.22871
5.73624
1.9034
5.12811
2.58261
1.73485
1.76137
1.88402
3.401
1.87941
3.53708
4.11676
4.88488
2.97864
3.62228
3.53652
3.1438
1.35673
6.58689
5.94639
13.7501
2.2119
1.79137
0.954413
10.4571
5.08737
2.52801
10.0058
6.18685
2.37457
3.2512
1.05916
4.39915
2.26959
5.83831
8.19578
2.82957
1.90335
2.71784
2.71815
12.99
4.60506
1.43524
5.9806
5.52212
6.48519
2.65374
2.03508
3.81864
3.8775
1.90994
1.40893
3.91436
1.72979
2.59139
2.23216
0.96168
1.5666
3.83624
3.7909
2.80279
15.4589
3.06729
4.73411
1.42258
1.05669
13.5079
1.49651
4.7141
5.93472
4.55738
4.81438
2.24688
1.12913
2.64133
2.74987
4.68456
0.705713
4.49154
2.71139
2.87918
5.05
3.07543
6.75215
5.54477
2.64011
2.19521
4.03004
2.32918
4.76397
1.41694
4.15659
0.932374
2.7957
1.42597
6.18476
12.3954
6.8176
1.78172
0.932012
6.37812
6.69804
2.34366
1.33672
9.54342
4.95332
1.61866
4.19211
2.85858
6.18473
1.65377
1.72977
4.82508
1.46147
1.73864
0.337432
0.601715
1.47522
1.87241
4.08233
2.62265
5.97884
1.51298
9.19446
3.14517
3.69111
1.74409
0.696317
1.96432
3.47242
5.77397
10.3063
1.25781
2.77312
9.41902
4.09202
5.00153
3.33485
0.591992
6.90571
2.09872
0.420364
2.34802
3.68347
2.23373
4.14582
3.57276
2.66342
2.07346
4.18994
4.02331
1.37471
2.82828
9.1445
7.28987
8.85923
4.64883
2.04192
1.22453
4.95786
3.78788
10.7542
12.2887
0.808964
3.71617
7.73827
0.845166
0.989068
9.13789
8.75119
1.52832
3.06098
5.55589
13.4369
2.48397
6.6283
1.60851
7.11049
13.0577
6.70278
5.06147
4.98772
8.05239
5.5133
2.64057
2.59883
1.70831
1.76307
4.10787
1.46071
2.54438
3.4511
4.28095
0.464657
6.68359
1.24638
0.852491
2.62792
4.04407
3.76395
3.52804
3.38117
3.49209
3.11531
10.9921
6.76182
1.94146
10.3119
2.70644
4.78986
0.839983
10.3349
1.85177
5.29646
2.68397
2.73799
7.79668
0.792903
2.05426
3.53051
5.31558
5.1781
0.424546
4.80651
2.93452
6.3276
3.68588
4.27976
5.6085
1.80276
7.8206
5.49556
3.60154
1.33763
3.27815
1.67634
1.94433
7.40405
3.37197
3.44637
5.26156
6.55479
5.70923
0.21717
4.44192
3.39275
0.545908
5.43824
2.72118
4.93991
1.02283
6.50888
1.98676
3.91819
7.5608
1.6097
4.321
4.376
2.0547
3.46942
3.83618
0.537177
1.43535
2.98099
4.37016
1.84924
7.72687
1.50922
5.72252
7.44144
7.74081
1.98659
10.3627
2.59966
4.93914
0.524959
0.345164
4.06104
1.25735
1.09338
3.66401
7.01564
4.73265
1.99689
3.04376
2.73638
1.31115
4.26837
4.24221
6.24667
3.81509
1.34696
4.00082
5.58592
1.97396
2.53072
3.88692
1.72182
4.2705
8.41026
4.17938
13.0558
4.47832
10.1601
4.87245
3.85635
2.47237
6.51072
1.38774
6.00905
1.4727
2.31305
5.64603
2.41218
1.66402
4.08063
5.4579
1.68279
4.8259
3.30345
3.34076
3.06666
3.56216
6.24021
2.60663
3.64252
2.40632
2.88901
1.61282
4.35925
0.359081
4.31288
2.90359
8.39536
6.49923
6.20384
6.73969
2.03412
2.93759
1.76674
4.1787
2.29789
1.13989
3.38528
3.89816
3.18445
10.5375
0.580809
5.05046
3.31511
3.7
1.32892
2.95847
3.0698
3.00415
1.14179
3.99763
4.7392
5.76166
0.980694
11.3275
0.250492
2.93191
13.9327
1.66578
4.01824
3.16466
2.25194
11.8839
3.74164
1.02283
12.7887
3.03583
1.57399
5.35986
6.13323
2.91916
11.0855
0.320393
2.06077
3.90345
4.67391
0.601206
2.36467
2.59102
7.5822
0.210015
11.4146
3.75755
5.96763
2.79096
4.57201
1.05077
2.26251
6.64681
4.29884
3.29492
8.8091
4.30191
5.422
8.04221
4.92916
4.38746
4.2756
8.59272
2.54982
3.49906
1.97395
2.67065
2.04585
1.9112
2.8505
1.28889
0.561564
2.33946
1.7522
5.05221
13.7716
1.72993
6.87115
0.350337
1.3017
1.73418
1.3854
1.13509
3.46944
0.675369
0.955033
3.71724
2.08789
1.99525
2.22036
0.662053
1.80897
3.66333
0.822359
3.5527
8.21448
2.64655
4.73213
2.08159
3.41723
2.74943
9.00071
2.73948
6.5459
2.49034
4.73719
2.39138
0.321574
0.962089
0.911302
5.04153
7.15594
5.54335
3.11264
5.11322
3.66731
3.09925
2.95172
2.45358
2.09209
3.75455
4.18795
8.0769
5.95409
4.3351
3.50466
3.63205
1.97097
0.35488
8.83863
15.3062
2.19538
3.26935
5.60572
6.48262
2.7793
4.20549
3.294
4.00693
5.32507
5.89142
5.08622
8.96208
0.282895
6.71735
3.31616
8.73786
3.13543
3.05738
0.824174
9.15427
7.86382
8.98877
5.49719
1.21789
4.54254
3.09006
3.29759
4.58359
4.57591
5.32851
3.06788
5.15769
6.02235
7.3774
2.60949
0.719704
0.901335
9.05842
3.8356
6.72548
1.9623
2.69972
0.750697
2.33755
1.50371
1.97265
3.00663
3.05729
3.58412
3.1012
1.04745
4.56856
0.963382
7.5042
6.40639
5.61843
3.86753
1.87193
3.6447
2.11767
0.234646
3.8084
2.94086
2.54101
3.84454
2.09977
0.563888
3.39087
3.71968
8.31727
1.38986
4.02361
1.29876
1.10927
0.990937
2.98548
1.15048
10.3352
6.35641
3.83035
1.4173
0.363348
10.7057
0.915886
5.30815
7.44646
3.62093
2.93286
1.15153
7.42412
0.971692
3.87258
4.34432
1.13814
4.13206
2.38471
2.97635
7.1238
6.42348
3.69509
4.89088
3.70436
6.13643
7.4065
6.05267
6.77267
1.11176
4.02489
6.80249
2.67857
1.09043
2.66969
2.56074
2.71067
5.90011
7.66194
13.1248
3.94332
0.950222
8.62205
4.26618
3.00821
4.06661
1.66151
2.3013
3.01718
0.588551
3.86137
0.67277
7.20906
0.545802
0.868788
5.21153
2.23056
6.06624
2.69608
4.48216
2.65434
3.75678
3.61549
1.79161
3.26681
2.09976
2.91104
1.87745
4.15499
4.16678
1.9411
2.67343
7.05912
1.37232
5.34177
4.3016
3.14072
2.06995
5.78216
5.2392
4.18319
2.5008
0.931109
7.37269
3.03145
3.91463
2.09647
1.62533
18.1915
7.97352
2.76515
10.3663
4.4068
3.78851
1.74002
1.23241
5.68515
4.7931
6.24266
7.52184
5.15197
0.955197
2.7088
3.40545
2.84369
7.91106
6.49074
0.736447
4.13844
2.85093
6.02624
3.51319
4.61341
9.33219
3.17082
2.42668
4.09005
0.208595
9.12624
7.08685
6.407
9.76908
5.66854
0.346651
1.73575
2.01531
1.16364
6.60338
2.89496
7.80685
4.16675
7.01065
2.87965
2.05442
2.33933
5.79113
2.82172
3.75133
3.48483
0.435875
1.46948
0.7102
4.28449
0.613739
2.42527
1.92335
2.99876
2.50085
3.26185
6.91586
1.39445
6.28797
0.758291
4.46085
3.17155
1.33664
8.08171
2.74084
2.62209
12.8546
3.50804
4.55955
15.6604
9.24539
6.22422
1.96696
7.7967
1.23135
5.27865
2.76468
1.90236
7.71811
5.39082
5.11675
9.51699
3.68694
2.75583
1.56974
9.25872
6.0434
1.99133
2.26007
0.880877
4.17589
2.72819
5.52618
6.3356
1.44509
1.54743
4.28578
4.88323
2.13895
1.10164
0.764551
5.95296
5.461
6.5236
2.85132
4.54165
1.22656
12.0372
3.26823
2.77693
3.17842
3.02741
1.12911
5.35893
6.97758
2.87098
1.82914
10.2019
1.59363
1.97293
1.67141
5.96327
4.60462
5.96381
0.804748
1.95938
5.75202
1.71185
13.5683
4.15874
4.36397
1.82092
3.1808
4.53551
10.3688
4.27812
1.68512
1.16011
8.29928
2.18036
5.04757
3.96371
0.221296
2.72345
3.71516
4.06371
2.06865
1.00991
5.96486
0.463071
7.52294
2.92046
7.03409
3.74109
3.47929
3.81708
4.97739
6.48022
2.40545
1.16102
10.9823
2.68358
1.84731
0.889265
9.83871
6.90834
3.24329
0.965024
4.57852
3.3961
10.3058
9.15042
3.70475
1.72035
3.79605
2.52371
0.48285
5.54107
3.65306
1.65292
0.552257
1.22185
9.35998
3.82874
2.06261
11.7234
6.17693
2.4979
2.41011
14.4956
2.80852
4.20769
0.311944
2.65224
7.41104
0.411298
3.58877
8.79848
14.0607
0.667783
6.19013
11.3675
7.33039
2.65241
9.91429
1.93865
2.95105
6.03394
2.21338
2.4171
3.72993
5.26196
4.53452
0.988726
2.27916
4.00895
1.2194
3.79722
4.338
1.90525
5.99054
4.99324
6.04581
1.05359
4.52474
3.79049
3.54635
3.93222
3.59758
1.80706
5.06751
5.9305
4.12279
11.6583
14.5574
1.7502
9.84477
3.6614
3.15529
3.8827
2.46362
4.26741
0.154442
3.51523
0.241514
3.6821
2.98709
4.9991
10.7555
7.94945
6.47467
0.82698
5.12192
3.60839
5.18022
2.5363
4.25722
3.08055
4.31057
4.16982
2.5264
2.06739
8.66488
6.13593
8.77465
4.81722
2.46806
8.92558
10.4675
2.21811
3.49221
4.57395
6.66883
4.37511
5.55668
2.13811
0.407874
0.44599
1.08153
2.45095
7.41019
2.98941
1.93774
4.19428
5.49348
1.37154
2.13378
11.1744
0.194933
3.74943
1.9702
1.42417
7.19547
10.3972
10.1545
0.28345
0.342446
5.66374
8.95694
2.04723
2.12037
5.92816
1.22713
5.50132
0.409406
6.98968
3.6541
2.3028
5.70691
1.08311
3.01735
1.96172
1.09389
0.793503
2.43312
8.02877
2.82962
18.1605
0.386696
5.46161
4.16762
0.417461
0.678746
3.98793
1.69336
2.64115
1.13682
2.37457
2.79145
6.13298
3.12145
8.37163
9.70499
2.63202
4.982
0.900549
3.33047
0.844774
4.19746
6.96381
4.45121
2.15152
3.50341
8.05663
3.4341
0.795623
1.58498
3.33966
3.69008
1.43689
2.76977
2.24958
1.81736
6.19841
1.3656
4.25084
3.9535
1.10424
2.87537
2.73057
2.15665
7.83859
5.70888
6.59515
2.92261
4.57055
12.3612
7.02953
4.54991
3.04071
5.90628
2.75617
8.1621
1.76135
5.06896
1.3593
3.16576
3.49471
1.88601
1.38654
1.5659
3.10439
2.57871
1.05784
1.67763
0.807383
1.76407
3.48913
1.14472
4.04957
1.82175
5.35844
3.68512
2.23083
6.52985
5.6022
5.4636
1.60305
1.57406
5.71852
7.16522
1.60888
0.604305
6.7001
4.28137
1.2559
2.21259
8.53605
8.15889
8.1636
6.83338
0.633759
7.65821
4.07693
1.70759
1.75334
2.20794
7.9967
0.924155
0.244125
15.0927
3.12189
2.42478
7.01585
0.779564
3.34185
7.26483
2.01364
4.78008
0.588155
3.46355
0.884851
2.61992
3.83846
1.52788
3.79008
5.45847
6.38972
6.97029
4.34426
4.71112
12.3589
7.79135
10.9026
5.72029
2.2281
4.91291
6.29108
1.54188
3.33748
8.26861
5.06163
3.33464
1.51849
3.04696
0.751175
0.698677
5.81133
3.99434
1.36312
6.47029
2.4959
2.44208
2.50813
4.29642
6.39
3.96833
0.911528
3.94746
1.10633
3.73043
1.30206
9.29858
3.80409
2.97908
2.73375
2.52469
1.69893
7.66604
2.20671
4.95279
2.19498
2.83556
3.49665
3.50318
2.92267
2.20591
1.40515
2.46163
3.89863
3.45616
2.06279
0.976822
5.89118
5.39446
1.86953
0.743895
0.853791
2.36379
4.65116
6.9687
0.927964
1.34374
2.86776
0.453297
1.5617
3.32219
1.20614
2.08588
3.64509
2.33372
2.78488
2.00023
2.01796
5.19744
6.92592
5.01435
2.85723
1.28485
1.18209
6.19212
10.0632
6.40284
4.40282
3.83968
15.1692
0.853254
1.29015
0.708161
5.10113
2.01253
2.38658
9.35685
3.05538
0.954615
1.92889
2.15818
3.11343
5.84833
4.55507
2.43034
0.965344
2.77748
2.40185
5.9269
0.950135
2.03231
6.49415
2.32804
7.39091
2.43692
1.08813
2.31479
9.94433
2.15671
1.82746
4.20186
5.59854
2.37114
4.57413
1.67395
4.77477
1.23922
3.21889
5.07684
4.09314
5.32447
3.11214
2.26743
3.74169
6.39539
1.404
3.13621
7.5889
2.42243
5.7798
1.73541
4.27977
7.49465
6.42031
2.75483
1.02892
2.91966
0.896532
2.55914
4.20847
3.8525
4.42401
2.57293
5.98063
2.77766
0.948754
2.31274
0.997009
3.95459
2.29423
1.78073
2.23876
4.84618
1.38952
1.3343
1.82438
0.329388
0.954007
4.84918
2.44432
5.59921
3.52433
2.46195
4.58611
3.89646
4.61013
4.59818
7.47222
5.49507
0.441721
1.76531
2.58083
8.08581
3.19893
2.33983
1.9635
2.09625
1.6455
0.689914
10.2486
8.24433
4.51995
1.96407
1.06166
2.25614
0.45292
5.41548
4.80973
7.6915
5.69924
4.04286
3.0038
1.66711
1.62128
5.90743
5.3357
2.34935
1.52283
2.41129
6.49388
1.60601
4.19141
6.7493
1.23092
1.43213
2.58861
1.49262
0.996032
2.63489
4.35967
3.28741
5.63085
1.41097
13.3753
0.324032
7.25355
1.24376
2.43826
1.78254
0.839258
1.9577
4.09967
1.199
5.74331
3.35327
3.99737
7.04784
3.52755
4.1654
2.51872
1.05873
1.82168
0.544182
6.50515
2.41683
4.5059
4.72339
7.09941
2.44059
3.16134
2.63075
2.74968
0.670322
9.71722
1.2896
7.00683
5.53094
0.370824
0.350286
10.1154
1.96055
6.88635
4.10244
1.27463
1.00819
6.2
3.67679
0.700916
4.78838
11.6405
8.64003
4.14759
4.83093
0.914724
2.09787
6.87336
1.02914
2.57341
0.338284
2.7035
3.85179
4.82618
1.51405
3.10588
1.83598
3.45689
3.78753
5.13781
3.09976
4.13903
6.0075
10.8759
0.533212
5.52403
3.21974
3.77988
2.32813
0.934597
12.7322
1.33304
10.9628
2.89193
1.94191
4.71019
8.51879
1.91271
3.51365
7.16033
4.67299
7.2613
2.87396
1.97979
3.01132
9.94763
4.33826
2.81374
2.89505
2.42213
1.97037
5.21476
2.7136
1.03942
2.30731
7.23661
2.21295
3.48608
1.46137
1.37442
3.09673
8.69588
7.55834
4.42694
6.80516
7.59361
3.04463
2.49979
1.5579
5.98159
2.44923
12.6257
2.87235
1.1571
9.38301
6.0701
3.0359
0.439087
1.44538
2.11958
5.61337
0.448365
3.23004
6.56329
4.27376
10.6299
2.31061
4.35534
2.95164
3.72873
0.390573
1.38773
2.29904
1.59304
11.8778
9.49141
4.3188
5.79381
2.81594
3.38574
2.58717
1.3814
3.77029
2.28823
17.2991
3.58715
5.92053
1.80504
4.35809
6.41628
7.48288
2.84544
5.41784
2.96091
6.33497
1.22011
1.8966
0.341761
2.15852
4.03677
3.95255
5.40574
2.6269
5.54938
3.13481
0.991514
4.74728
2.24312
2.58884
0.268629
3.22486
2.17864
4.87922
2.34874
4.12432
0.857036
1.42502
11.8054
2.30901
5.66461
3.16904
4.04249
5.48757
1.7489
1.43583
2.87464
3.24969
4.24576
2.37827
3.6123
1.25528
6.86412
2.26988
3.94045
5.59113
1.01263
2.08292
4.41809
3.03064
2.92132
3.69892
5.372
8.49434
5.45932
5.77818
6.40057
1.85666
5.11821
2.04048
4.59895
1.34294
0.758447
7.0212
2.54169
0.477478
5.12529
0.842014
1.87261
3.49525
11.5525
10.5386
1.86473
8.82681
9.04421
3.2413
0.595635
12.0608
1.99339
0.962064
4.07626
15.2608
1.02865
3.83632
3.53159
1.44457
2.68134
2.02657
0.399229
1.59328
8.57387
3.41879
1.40199
3.76063
4.13199
9.74831
7.09204
1.37545
14.2205
2.20561
1.43712
10.914
10.386
1.47746
1.64534
7.1426
2.21826
1.83384
2.17786
3.0873
2.24082
1.04537
1.77169
4.54491
3.01889
1.92173
3.49314
2.02839
3.34793
1.40865
2.64976
3.44686
1.70506
1.34505
2.16874
4.13908
0.209867
7.84886
2.11283
3.66314
2.91649
5.98611
5.63967
2.9699
6.38806
3.47003
9.13854
7.15847
5.14096
3.0325
5.24188
2.65352
4.52884
4.9997
3.06925
3.00541
2.85181
5.93407
4.12991
1.37322
5.66138
5.04836
1.42815
4.87636
4.21654
4.88128
3.91995
0.333097
0.696831
5.93972
3.26291
1.47281
5.99787
1.35215
1.6861
1.42134
3.99039
1.7208
3.49872
5.6342
5.61345
0.235615
1.18481
2.7616
1.22034
5.24531
7.66492
3.7439
11.5899
4.14953
0.594746
0.768422
1.21912
4.07035
1.3761
4.19138
2.11763
5.09521
2.35476
1.55795
8.59222
3.00564
1.81175
7.06797
2.30236
2.94843
0.3718
5.38579
1.51137
2.34885
9.94407
1.46743
1.11842
7.15233
0.741643
8.82378
4.4979
4.31456
1.64196
1.11254
2.76844
4.17675
1.64794
3.68356
10.3107
2.82099
5.91622
0.813705
2.29126
0.298965
4.18965
8.78796
4.06065
0.224076
2.21048
5.67744
2.65071
0.855075
1.19844
8.29592
1.51015
1.65839
3.66416
2.38836
6.22605
4.44747
1.2886
1.54154
6.35727
4.27372
3.5291
9.89855
1.70709
5.68453
0.827821
2.62218
5.63277
2.04287
5.43359
3.82818
4.92656
3.06218
4.73961
12.2041
3.76518
5.14679
0.534964
2.10854
3.53835
1.25538
7.50874
4.89119
2.29043
1.30574
1.48183
0.55914
3.22049
6.40917
7.46645
2.49591
4.64751
2.29186
14.5219
5.14525
3.47706
4.27411
2.24994
2.711
3.01993
5.55736
3.69122
7.38396
5.54187
4.29332
3.42452
7.73364
8.71944
1.16744
11.384
4.02665
3.98908
5.45637
1.31933
4.24293
4.3289
2.32453
4.02427
2.22697
1.11675
0.243083
3.44201
2.97341
4.12732
4.61198
11.5157
0.927131
12.1395
2.48548
9.78881
0.933885
1.59033
2.15317
6.00846
3.09771
1.74574
6.5514
8.87122
3.46442
2.29413
0.748097
2.34747
2.25648
7.3144
3.96656
6.43862
0.858348
2.77243
9.3271
3.25497
2.71528
1.20865
3.61368
8.96685
3.95153
3.48964
3.26146
4.27887
9.07328
0.831925
5.42992
14.0416
6.94272
4.69288
4.1469
3.14778
3.11829
4.68075
13.4503
6.63415
4.75201
0.547873
2.89924
2.95903
5.30237
8.6367
2.01912
3.14626
8.44014
4.66
5.0636
1.73064
8.77288
3.01288
4.9471
3.72666
2.30477
3.61838
4.01174
4.40801
3.01556
5.22288
0.934947
0.314479
2.6206
1.7679
1.98261
0.925973
6.33364
7.0888
3.9526
0.370037
5.6968
1.91339
1.68625
6.29447
9.17973
4.25683
1.05688
4.04176
6.59439
5.11238
2.35039
3.15012
1.77286
3.58474
10.4846
6.75906
4.45065
9.19349
2.06144
4.14132
6.61432
5.16936
4.7992
3.28946
0.908745
3.45982
3.32647
5.48677
6.49131
0.423528
0.647278
3.18072
2.74254
4.94785
1.77606
7.02841
3.73904
4.06339
3.80683
1.78799
3.86693
1.6347
1.21924
0.386383
0.580198
7.70245
0.732084
0.180658
3.36956
1.62401
10.3861
1.62747
8.69865
4.19634
4.43474
0.938956
6.36015
2.25148
15.1086
3.79423
0.574649
1.19319
4.89874
16.0772
4.41422
1.47316
4.41929
3.32468
0.766427
5.55748
14.5531
4.2982
5.92597
5.73225
0.813929
6.32844
3.1984
5.3126
1.3304
13.6291
6.17924
1.87181
1.85488
7.54855
2.92221
1.72975
2.86042
4.24183
4.2556
1.65913
1.28526
9.13082
4.07093
4.30015
9.93396
2.56726
1.50824
6.42386
1.1956
3.80522
4.07396
1.13544
2.16972
8.47732
14.0461
1.13649
4.83734
0.989009
3.49794
3.60894
19.1768
10.5975
0.547043
4.37546
1.25986
2.1168
9.44472
1.66156
5.25559
2.27599
2.17872
2.35762
3.1511
3.52394
5.09395
0.0390294
9.7704
0.538633
3.0723
1.20949
2.83735
1.85046
5.99866
0.697024
4.80532
5.15149
2.86721
3.39216
5.70427
0.895419
1.496
4.29545
2.02182
3.1129
2.87991
4.78238
3.16267
0.170783
2.05876
0.697895
2.65546
1.16537
2.25395
4.04645
5.32636
2.76638
4.76109
2.26376
8.84963
2.02913
3.02862
6.33116
5.93461
1.72239
1.55508
0.915938
3.18602
6.38735
5.41231
2.89459
4.54092
2.23288
4.59612
4.08965
3.72753
9.16094
3.40355
0.9341
3.99032
3.98299
1.1902
1.78049
3.93511
16.6843
2.87938
1.48628
2.5065
7.6519
7.45994
6.34555
8.40639
3.91175
2.15676
2.44658
1.92634
4.83474
6.47256
11.3218
1.02681
6.21399
0.58307
5.62679
9.23404
1.81085
2.82475
6.70235
2.73808
4.90604
0.759741
0.790944
2.00161
4.2102
5.74441
3.82542
1.15748
6.42883
4.5543
4.27788
0.361346
4.92448
1.38146
4.43987
5.14813
2.37369
6.73881
8.6622
2.56978
2.71303
9.01571
3.94637
2.26369
4.44955
1.14357
3.43304
1.46128
1.7682
4.26215
9.3344
5.51877
1.37953
7.93373
0.905679
11.7823
1.75783
1.19052
7.7352
3.0074
1.3787
4.45392
1.99534
6.05228
7.50132
0.298989
5.7787
4.18747
3.58097
2.93163
0.727419
2.05147
1.04692
6.97225
3.70493
4.7353
6.50192
4.07989
0.533786
4.09235
3.56074
7.61459
1.16517
7.75979
0.801722
8.32605
5.31312
2.98122
1.84262
2.17541
4.30368
1.98954
0.683318
4.22783
9.29991
1.12031
3.04629
2.17039
5.37436
2.73694
2.61652
1.2549
2.64872
3.11522
5.405
1.69301
4.19511
2.67792
1.04368
4.04952
2.10686
1.78752
3.87829
2.14068
4.52651
0.921859
1.00903
4.42025
6.6383
4.68719
2.76612
3.01908
4.94125
2.03949
3.86186
5.11614
0.59375
4.90648
2.61012
6.16072
14.4057
2.4828
4.35857
0.976298
7.03504
3.55042
1.51008
6.23322
2.32051
5.27488
3.72605
4.50864
1.38802
3.81324
4.23681
3.96405
3.55075
0.865679
12.9124
11.929
1.23166
3.70674
4.07697
7.75102
2.2855
1.45247
6.95547
1.96061
1.93804
3.22039
4.54476
5.30752
5.36831
7.83392
1.66045
1.91353
5.79633
4.38892
2.14424
1.48308
0.436732
4.6957
7.35879
1.29727
4.28416
2.88327
5.69707
8.33973
1.95248
2.02831
4.02268
7.6587
3.90367
6.89758
3.1707
10.9145
0.829206
1.82769
3.02858
3.0974
1.03281
2.54368
4.54995
5.54055
2.56514
1.1682
3.18906
2.19601
2.96844
2.22459
1.77699
2.41197
2.89435
1.6804
4.74833
4.23178
4.64016
2.11947
4.63025
2.18046
1.78322
9.68985
6.41063
3.31583
6.00099
2.35235
3.31925
3.08094
4.31504
4.69877
0.339173
0.674896
1.14787
5.80267
5.33497
2.84923
3.11655
4.4057
7.23888
4.00179
4.98557
0.528448
3.65711
4.12949
4.11105
6.05406
4.37413
1.53988
3.66265
5.25078
4.87829
3.8504
1.66019
7.11935
7.88591
9.08646
11.3983
3.85918
7.76655
6.75651
1.79887
5.08661
4.6322
8.19577
2.13147
3.55408
1.88349
0.496346
0.557338
2.81009
2.55935
3.30477
4.9437
1.00268
3.6303
0.5472
2.15251
0.621837
7.15884
1.31873
10.5641
8.19147
7.05645
4.61113
6.55191
3.27135
4.58393
1.51476
4.23195
1.19298
1.88489
4.6499
3.8086
0.542197
6.16085
3.31965
1.42247
2.0685
6.50048
4.47665
3.02044
1.5852
6.34375
2.4926
0.529631
2.63592
1.54388
5.45068
6.87482
5.73877
3.75025
1.4249
0.768646
6.04816
5.78983
4.8648
1.03814
7.36737
2.58699
1.55267
1.50003
0.644599
0.353995
7.50654
1.38026
3.34456
1.13167
4.16112
5.47202
2.1953
1.08261
2.61471
5.1466
5.23333
2.12251
5.01126
1.01928
1.32861
3.1929
4.65027
11.7606
3.72372
4.98456
4.95002
1.73943
0.482553
5.09899
2.68726
2.99491
1.76206
2.64008
4.53034
2.7923
2.65551
2.31529
4.27023
0.554454
9.98856
7.4572
0.239754
0.707697
5.13678
2.54654
2.27107
2.47231
5.30813
2.98161
2.27689
5.09188
13.4711
6.33574
4.06178
2.94252
1.61917
8.69185
0.563319
1.551
1.20726
3.85441
2.05747
2.14045
1.41906
1.11059
4.7578
9.20376
2.36304
9.51667
4.64095
0.509864
1.40585
1.6377
1.69508
3.24206
7.83143
7.73614
3.98404
1.93199
2.56066
1.44827
2.12128
5.07436
7.15222
3.50868
5.5643
5.0972
3.06957
4.29489
6.26737
2.8635
2.56805
1.10996
3.99248
6.94322
5.57052
8.62118
1.3571
8.09741
3.38788
3.57728
2.49054
1.29319
4.27031
5.91633
6.12235
6.08099
2.54639
2.16142
3.603
2.86345
2.89714
1.64965
3.2245
3.23664
7.98941
1.83652
4.34965
4.93849
5.54527
1.95075
2.08704
4.82174
3.84264
10.9493
3.80161
4.96721
3.0268
3.23058
6.02802
9.14311
3.84964
0.685301
9.67291
2.6467
2.62668
2.01637
4.36497
1.22175
10.9478
1.62857
3.70547
21.4956
0.60678
7.21512
0.216648
2.52768
5.12574
8.38932
1.76123
3.89014
6.23466
1.49253
1.24067
8.78611
7.36638
8.29242
2.8756
6.52304
1.15951
2.99019
3.55304
5.92615
0.411185
8.43278
5.22094
1.2196
4.53422
2.51908
2.89347
1.81566
2.31586
15.1059
3.71896
6.30129
2.31381
2.90587
4.67775
2.57955
3.00225
2.13434
2.95893
2.42297
4.70699
7.0548
2.04448
7.69755
0.805068
1.7623
5.50888
3.69918
9.88236
4.62833
2.23217
1.34804
0.162086
1.96168
2.33076
2.26789
5.59707
1.70583
2.71629
11.4861
5.58216
0.823334
5.04871
1.39594
2.95879
0.780632
6.92492
4.59365
8.58945
1.4132
6.04661
8.24298
12.2122
7.30494
9.41367
7.77443
0.699695
3.93958
2.96957
5.79008
0.987716
12.4768
2.29931
0.22811
2.85008
2.24861
11.6725
2.86856
9.2975
2.95956
1.48436
4.62953
2.62397
0.909942
1.96442
5.36008
2.39367
2.76966
2.75733
2.46022
1.90861
3.29236
4.24674
1.01449
2.61318
4.08974
5.80052
1.88487
5.58569
1.97508
2.61393
3.63866
2.95812
10.0976
1.32883
3.80057
9.3988
1.36895
3.76656
9.18738
2.30538
3.46308
3.78793
1.86907
2.16691
2.65114
7.36712
12.1639
2.50658
3.63922
2.5744
7.85709
1.33335
0.577458
0.55088
1.46123
0.862166
7.42407
3.06133
2.84998
0.202004
2.98225
5.68077
3.2404
1.25166
5.04119
3.06121
2.62099
2.9286
8.85334
3.20693
4.43351
3.07576
3.8081
7.40443
8.47609
1.30815
8.68263
3.39901
3.74179
8.23326
4.93317
3.61565
3.11233
2.3572
4.46271
3.3949
2.94972
4.80969
2.3287
2.48512
8.81628
4.75122
3.49515
6.08737
3.06536
2.58616
1.10566
6.80188
3.02764
10.192
6.12667
2.28432
2.53813
3.03997
3.8658
6.18516
1.01821
1.51699
5.27332
1.37768
7.68239
3.12765
5.9131
0.951622
2.09363
1.56576
3.81211
2.57018
2.27019
3.34061
3.41714
4.90445
2.66194
1.57307
1.08362
6.18791
1.78284
3.73855
3.87225
2.86664
7.9594
3.0037
1.50803
3.25732
7.05715
3.78621
1.37748
1.10641
3.42862
2.31996
6.5909
4.85353
3.62764
5.69681
3.75445
2.61223
5.01556
1.45073
0.838263
3.51107
9.3342
0.675986
4.12161
0.512693
2.04083
5.89052
3.19056
2.91606
9.78458
2.34805
4.05589
3.51253
5.66245
3.24434
3.0732
7.19255
4.56607
3.36873
1.39218
1.8362
8.55929
2.13164
3.55689
1.45219
12.8978
6.40334
7.21375
2.60983
4.75217
6.52688
3.4814
2.25259
3.62277
1.58529
14.7308
3.40099
2.51733
1.97159
5.58137
3.17329
1.52615
5.29994
0.111958
8.41523
1.56092
1.37846
5.73086
5.01177
3.02654
2.82542
2.38612
6.67062
9.98746
4.33341
3.52186
0.812299
2.54247
1.54865
3.56326
0.739073
4.25022
2.02341
0.520291
1.87129
0.254888
6.14254
3.10412
1.71077
10.5855
4.64233
6.29706
2.48315
4.04489
2.46886
4.20582
0.670481
3.50852
4.37985
5.96612
7.20965
4.74369
3.97418
4.73651
5.24332
1.66167
1.98437
2.28981
3.17406
4.65787
7.03961
3.1424
0.983865
6.39776
1.66341
6.42833
0.90833
2.2993
3.5239
2.07894
0.4629
4.03742
7.09965
0.724008
1.65627
5.34158
4.55853
2.19815
0.826373
1.00489
4.99464
5.55335
1.95249
4.77848
9.6847
2.68797
0.539116
2.92814
2.00579
1.38875
3.25636
11.1208
8.82678
1.74035
1.30168
1.83274
4.04327
1.22307
3.93226
5.08107
0.840085
4.15649
1.38443
1.89666
2.37973
1.08386
0.633991
8.87104
2.43076
5.46541
13.7091
6.31977
4.2626
0.622907
0.454448
1.93117
2.93096
4.70462
4.43515
0.39974
5.73381
2.3361
7.44638
2.08998
3.44059
2.42888
1.70431
10.3478
4.98041
3.94968
3.82858
6.34374
2.34742
1.10586
4.37985
1.07535
2.01129
1.61842
1.40176
6.21317
5.06379
4.02486
1.83084
1.32409
4.52225
2.6454
3.34542
4.51363
3.82878
3.39436
1.51623
3.00989
2.86892
6.41994
2.12664
5.27806
1.06477
0.966427
3.09838
2.40157
2.85504
2.05506
3.24344
9.90426
10.9118
3.48157
1.77125
1.60411
2.22707
2.49765
1.97946
5.59482
4.49762
2.64696
2.92111
1.48
8.73269
1.69682
8.38091
0.413697
6.07725
0.539481
4.69642
0.94261
4.67472
3.84274
3.8397
6.49874
3.65191
1.84874
5.95678
6.21191
3.77664
3.29104
2.88019
10.3524
4.48786
2.48973
5.43168
2.5361
5.64183
3.24854
2.47374
0.92122
6.23055
3.40688
1.10064
1.95542
1.9112
5.41297
2.34265
4.40505
3.77873
8.04723
3.04231
2.24348
10.9113
5.61288
5.59202
8.10279
2.64364
6.11743
5.21666
2.22501
3.79757
4.23374
1.59548
5.89133
4.7843
0.735316
6.23071
7.71436
5.63908
2.33198
1.95454
0.642593
15.481
5.48366
1.52047
2.21936
2.54028
2.33352
1.82168
0.93237
3.87707
3.7165
3.89915
1.24212
2.31614
4.0323
7.81221
4.72393
4.17353
2.6565
6.15992
2.61586
0.727879
2.67387
3.46398
1.42647
1.40553
3.55156
4.65321
2.52258
3.05972
4.27828
4.25496
2.61051
1.72169
2.97356
2.80133
2.75715
1.04807
4.34615
7.88589
3.36219
0.643317
1.75826
4.47575
6.07541
1.83201
1.50163
5.03793
1.30907
3.18639
1.39518
1.73657
1.30145
5.63861
3.80454
3.42917
8.32519
2.50902
3.50068
6.68332
2.1185
4.8585
3.42487
2.09734
5.22952
3.00682
4.31878
1.14561
6.39726
2.66765
8.74444
2.05942
2.64134
0.624168
1.04882
1.84875
3.1329
1.68855
7.26283
2.79891
7.62406
1.57628
6.88772
2.3294
5.377
1.71494
14.0701
2.57706
1.62138
0.687234
6.51252
10.3981
1.78432
6.72376
6.83422
1.32978
3.28117
5.76694
2.8751
6.91399
1.31377
3.97208
4.50626
1.47306
9.25271
1.53178
5.54278
1.82872
4.25902
1.55653
6.36904
5.36452
8.09604
1.48041
8.51118
3.91824
2.61549
4.73763
4.07472
0.812261
4.69263
5.21372
2.59931
4.01651
2.97418
4.43584
3.79458
7.09519
8.03108
1.56109
2.84398
1.57144
1.88306
1.50927
4.46645
3.40312
7.20392
2.52415
0.350142
1.32707
9.38565
5.9918
6.19169
3.22035
5.16471
9.12847
0.104962
3.62153
1.81312
3.98974
9.15653
6.14656
7.83753
4.73658
5.95075
4.88296
9.77038
2.95347
1.65852
0.715942
5.32625
4.51878
3.31402
3.29532
5.70464
6.00454
6.44344
5.2641
6.9984
2.02482
2.2607
4.03955
0.422955
1.48222
3.11584
2.47063
0.984659
1.4228
1.75963
1.85109
2.10472
1.88753
6.47569
4.46407
0.906818
7.64296
10.7594
0.295263
5.43023
0.945382
0.793656
1.29558
2.60696
2.51422
3.54669
3.39027
2.93313
3.54326
4.85795
15.6321
1.42623
0.653208
0.30209
2.73961
1.91699
4.06635
2.68179
5.14609
0.772295
0.894393
2.2746
1.10439
1.20883
4.27516
3.76975
1.46908
8.99805
10.5431
0.305627
3.43204
0.919363
5.25169
4.62933
0.656627
1.35299
0.575085
9.41043
2.63267
5.09014
10.9101
0.510657
8.04429
1.39893
1.62275
2.75294
6.43437
3.63635
4.61403
1.32328
2.94328
3.42203
1.62889
7.85308
8.10902
7.11954
2.828
2.75276
2.30415
5.72168
1.34968
11.3253
5.08231
3.45208
0.490943
3.55961
4.02306
1.38377
3.15311
1.29056
2.38227
6.72032
1.30599
1.13139
2.51218
0.352217
1.56098
4.89547
4.56692
2.27073
2.56439
4.50299
5.01998
16.505
2.64742
3.00375
1.8742
9.95782
5.6267
3.666
3.25118
11.0013
8.42927
8.56488
8.54135
14.8245
3.7399
3.60653
13.1164
2.24616
2.50681
6.25861
1.59175
1.91802
1.08977
0.766901
1.87533
18.708
7.17436
2.74932
0.638867
3.35108
1.71778
1.85343
1.84559
4.157
8.38695
2.56257
2.9639
3.07731
1.19534
4.95377
2.79389
3.02238
2.55281
3.85082
7.88061
5.75114
4.86919
4.57656
6.718
4.30016
3.85094
0.315442
2.27659
13.6138
3.58768
3.91562
6.20851
1.50454
6.9163
2.39342
1.96876
7.38336
5.48751
6.17649
2.4593
1.54007
8.58092
2.1431
6.35771
4.24274
1.75427
7.73697
4.99299
0.861215
2.33966
4.62607
7.42199
0.990319
5.33612
1.63165
8.78793
5.13548
16.3018
0.821162
12.7394
4.80225
2.73682
2.02025
5.69321
2.79448
4.86017
7.75014
0.867844
5.58609
8.61245
3.63074
2.68924
1.18988
1.85005
4.84645
3.04632
4.14691
3.58199
0.985691
5.63304
5.60927
1.8358
4.53237
0.273093
4.57825
3.29655
6.61169
1.04864
1.90824
1.02508
1.39572
5.34358
6.3772
1.53646
4.85364
2.17177
1.93533
8.25187
2.8998
0.975625
4.47765
7.61301
6.27476
2.86907
2.85798
1.83301
0.494643
5.39907
4.25728
1.8934
4.68541
1.81406
6.88302
3.09468
1.3268
1.52591
9.6531
0.379815
0.11804
6.32126
4.16563
2.62425
5.38814
5.34238
0.305462
3.14831
1.82705
5.45402
4.6298
10.4819
5.06211
4.69973
1.76685
0.510316
2.18868
3.14382
3.81107
0.743992
2.7149
5.02027
2.27456
2.31205
1.94081
4.18812
6.66162
1.29446
6.66053
4.33923
8.11226
4.69368
7.85824
2.37862
1.4656
4.86012
3.74171
1.07223
1.68433
3.10052
3.90358
15.566
0.683166
6.80994
2.5674
3.42097
7.00895
0.383967
1.40305
0.850886
4.78286
2.69161
4.55901
0.268574
1.99708
2.31313
1.95196
8.21492
5.2145
6.87009
0.190441
3.4282
1.80787
2.23339
4.23231
2.55077
6.97356
2.11176
1.17076
5.51814
2.96941
5.03581
1.78243
6.55074
2.04198
0.615931
2.71268
10.9365
5.32086
3.24196
2.036
4.31233
2.6247
3.48162
3.59828
3.64195
11.3373
0.66067
1.62075
4.59849
3.96843
3.33257
9.1571
0.625504
1.32665
1.30259
2.14083
1.56877
1.42429
2.89453
2.73549
5.72643
7.32924
3.69034
3.78134
2.15235
2.91424
4.30229
0.967099
7.88045
1.62781
7.36128
7.02918
3.00127
6.45911
1.66996
7.62307
6.47703
4.77361
6.28404
8.79969
0.900853
2.51867
0.66252
4.82353
8.03989
4.80907
6.24194
3.71455
3.32165
1.47526
1.20096
7.63316
7.85849
3.14732
3.53362
6.20292
1.61545
3.87038
3.00544
0.816762
4.76978
2.30886
3.75372
0.473406
2.97252
2.24843
1.56325
5.01379
6.07728
5.89926
3.82535
1.74778
4.30049
6.99143
2.77296
10.2638
5.50013
3.8657
4.06936
5.27732
2.78343
0.968448
5.19703
1.9182
5.67941
3.6574
5.78472
5.25251
3.07809
1.69561
6.07004
4.03605
3.79098
3.29196
3.20117
2.66621
1.49851
3.04142
2.52933
4.22167
12.6293
1.28565
5.69527
9.37845
9.22498
12.4288
1.57953
2.22083
0.404523
4.42376
2.99553
0.848057
0.682843
7.08513
0.915862
3.12042
14.7068
3.55795
5.37526
2.19367
12.3734
2.80697
0.775259
3.97513
7.83221
5.57803
6.84146
2.79998
2.04109
3.70178
1.71387
1.85113
5.69723
6.94155
1.87884
5.98782
4.96848
2.95933
3.11847
0.395726
1.19096
5.41972
4.82694
3.52825
5.54965
1.95101
4.12853
2.64081
2.1254
4.40781
7.32564
2.38596
1.91692
2.38695
6.27009
3.70484
3.42909
0.779269
1.44847
3.85255
2.89229
2.28187
9.01495
7.86262
3.39834
1.8331
1.81139
3.57219
1.91242
3.70907
4.49208
3.94155
1.20816
4.42665
2.85464
6.15848
0.242767
1.15439
5.9647
0.520591
12.0278
0.61407
2.63402
4.30632
4.10741
5.91297
2.10192
3.3791
3.00046
6.83716
3.43099
1.68357
2.73008
0.87304
6.92359
0.936563
1.90107
4.34128
2.32498
0.681001
5.24932
4.36986
1.87022
5.00928
10.0854
6.64299
0.489397
1.75185
4.61081
10.6273
3.94302
4.59161
3.25585
7.32289
1.92969
4.86097
1.28717
7.29459
2.21432
3.73028
7.55402
6.21798
8.55762
7.04229
2.65094
6.36014
3.43946
1.21831
4.0668
1.77125
4.86996
4.31219
0.511337
2.56206
5.92309
4.47998
5.20291
4.468
5.21496
9.4873
6.4121
2.33888
0.104497
8.26004
0.726451
3.6163
2.49726
6.35516
3.47051
2.33255
2.58376
1.57531
7.63577
0.882669
2.40904
4.37316
6.80646
1.00073
2.45209
3.65747
3.41206
4.27279
3.22404
1.18935
5.85625
5.67592
11.3398
8.01951
2.03905
4.3059
0.586264
1.13699
3.92701
3.56484
2.06682
4.97018
5.7728
4.65382
3.13985
11.6804
4.82159
4.71574
3.43928
4.69578
1.04397
0.185183
2.08018
13.2501
8.39255
5.33099
3.62876
1.35859
4.45392
0.403706
3.15169
1.37109
3.08287
4.31582
0.943508
4.07089
2.54736
2.33597
2.04946
2.27001
3.17238
5.05707
9.12452
6.22271
2.50301
3.27239
6.05262
0.685951
4.56973
2.37977
2.57025
1.89787
4.4393
2.7551
10.6116
3.99958
2.95445
3.78219
3.02441
3.72467
2.40729
4.46444
0.544763
6.85648
9.33195
2.87278
1.57887
9.48962
3.04398
2.99167
5.38647
3.32749
2.75153
7.35271
1.55814
2.5071
0.612595
3.53878
2.9653
5.98884
6.05841
10.0121
2.64005
1.63438
4.01066
2.74796
0.453427
6.2799
5.35802
1.58476
4.6527
3.40284
4.1948
1.35316
2.86278
4.055
6.14131
0.245152
0.401167
2.14594
0.685722
7.04792
2.81285
2.4912
3.48148
9.89018
4.7229
3.72608
2.36623
11.1927
3.19135
3.00862
4.20697
4.09805
8.72426
7.22577
2.3055
3.33377
2.99836
5.57164
3.03432
1.54298
3.03769
1.64062
1.12387
5.26428
5.79411
2.09777
2.97542
2.95402
7.12888
3.35437
2.55317
10.0944
3.54504
2.51785
4.15878
3.37703
0.789426
1.9408
1.40345
5.13067
3.69189
4.37894
5.28532
7.79956
4.34616
11.8506
5.64172
2.89066
0.995338
1.13338
4.5689
4.34433
4.53432
0.503068
2.1585
3.35912
1.93686
7.29289
10.7407
4.27653
6.74719
6.85983
6.67112
7.79113
1.28015
6.52952
1.88343
3.95883
0.438373
11.9207
1.68691
2.18774
0.840224
1.94723
3.3835
1.14082
8.62703
1.96253
1.36764
1.7692
6.36582
4.40477
1.05973
8.34403
1.8404
1.06813
3.72108
1.45414
0.837031
2.37936
3.06949
6.88962
3.30354
3.35745
4.57882
9.15637
2.84133
2.67261
5.12751
0.845482
7.30013
1.29236
1.36701
9.4801
1.02038
3.20602
2.41426
0.801607
2.11699
3.46866
8.69287
1.26534
5.41086
2.98044
3.45673
1.05194
3.74452
7.06459
14.0652
3.95808
6.38891
1.05288
4.39822
2.65535
3.08735
2.08667
11.0147
3.86038
14.3798
4.04111
1.22544
4.73871
3.40914
5.8551
1.54935
3.27059
9.29236
4.21428
3.20068
3.44852
2.54748
0.487939
2.33767
8.04312
2.49779
4.57997
7.90376
1.42273
4.53809
0.488208
1.17381
6.417
4.12051
6.58596
8.00484
3.5815
5.41176
1.78619
8.35834
1.43978
6.05911
7.68125
8.61047
5.1082
1.90888
2.45594
5.13237
8.51133
2.70914
4.28206
2.07702
7.94259
9.5338
3.93654
1.25058
9.22812
2.94519
6.30609
3.12033
2.01466
11.8741
2.47714
2.45586
0.87444
2.323
15.1177
3.66842
3.21749
1.79823
2.1271
5.81057
1.36823
10.2792
4.82488
1.80614
1.96989
6.62664
5.64584
4.04509
2.00298
7.08984
4.86704
3.19853
6.58089
0.617071
6.17252
1.61621
8.51231
2.14603
3.65085
4.17052
1.81766
6.2561
2.41692
1.06729
10.8077
2.80007
5.97334
2.57738
1.75971
0.638337
7.38356
2.27094
1.23473
2.8731
10.8481
2.42592
3.81496
1.94876
0.687718
3.96008
1.82578
2.27922
0.259914
2.45963
3.45508
1.90459
3.13057
0.373462
6.90735
5.09184
6.43856
3.43258
2.54211
7.63128
5.11309
1.56179
4.58429
4.18272
1.79467
3.39401
2.47508
1.22678
0.134518
7.21194
7.16905
6.453
7.01536
10.8554
0.515608
4.19357
8.21134
12.1484
2.80078
1.77436
0.986884
3.3415
10.5785
3.16817
3.24155
4.62072
4.02803
9.51233
6.52691
9.77984
1.79428
11.9037
2.96051
3.14191
2.88736
8.83107
7.29329
3.17867
5.97658
2.62947
2.44297
2.18284
5.33032
8.57942
7.19795
1.91116
2.51017
1.37252
10.3135
4.40087
3.71225
4.19507
1.61596
0.907115
3.48483
2.50388
5.23261
4.98839
3.3174
9.5053
3.09198
1.98187
2.96167
1.64203
1.64964
4.34596
3.00533
6.03177
5.58464
3.08465
4.93773
0.404508
3.37609
0.574432
12.9809
6.82029
5.47997
2.87511
4.8039
2.46145
4.79045
3.21467
1.0119
1.70031
11.8673
7.31754
3.20444
8.04692
1.13056
2.90349
1.03168
3.03906
4.93886
9.35536
11.9492
2.01218
7.02088
1.99643
1.94404
3.10041
5.95845
11.4096
3.67631
12.1639
5.83959
1.364
10.1301
5.35282
4.36581
1.82588
3.7042
3.65691
3.7525
3.64292
4.57332
2.14494
1.27676
9.15902
4.32482
2.33766
5.17496
1.34026
5.46561
2.35476
2.47441
6.65144
1.63449
3.59594
2.26627
7.95223
2.54798
3.1952
1.97292
4.37121
2.78871
0.180528
1.60225
4.74645
3.36898
2.55701
6.23668
0.582659
5.04146
0.926871
0.752922
0.568528
3.26876
3.39727
1.80122
8.2007
7.32388
2.23402
8.40385
0.522354
5.20614
3.47533
0.525782
8.22617
4.5072
1.94122
4.31597
1.85181
3.23533
0.806757
8.76526
0.603327
2.71075
8.38952
5.22825
1.21885
4.8993
1.91525
1.3944
2.04013
1.58469
6.07343
7.8959
6.85327
8.69509
5.39411
9.47096
6.93196
2.79283
3.27357
11.0655
7.49131
4.86018
3.98562
8.68219
3.08454
7.16189
0.976949
8.18974
4.91901
1.11713
2.38996
3.73092
10.1246
5.49852
4.39844
5.9253
6.47042
4.38654
1.2205
4.48201
10.8003
4.66383
5.27524
6.90772
3.79586
0.697662
1.65288
2.52526
3.3805
11.9994
4.94506
4.16779
3.22962
1.26584
3.1958
5.07668
10.2606
4.67829
4.72706
4.27807
2.9993
0.704825
6.48222
4.81314
4.41415
4.55428
2.73168
3.34135
2.42096
2.44721
2.50435
5.67842
1.60395
2.48941
3.90392
5.42963
3.3317
0.429865
1.12039
3.61716
8.34228
1.47226
2.01682
2.32965
5.637
3.03776
3.82025
2.95839
3.77088
5.38923
4.68842
1.28177
1.40911
0.134129
3.09296
1.28358
5.74311
3.41232
6.16175
3.9765
0.960747
6.33628
3.41593
8.38086
4.14385
5.65629
4.53325
3.44439
3.71214
6.75001
5.45072
1.30064
0.988445
4.13226
6.19237
6.44251
7.36621
7.07207
3.78204
3.26746
1.45931
6.61924
1.90766
4.14079
2.86431
7.55969
2.40764
7.77089
3.97302
2.32198
0.274133
7.15705
1.99228
3.94122
5.89704
5.04592
3.72682
2.10674
0.652759
9.85072
6.64116
2.65472
4.52377
0.608647
3.0055
7.97333
4.6519
8.14334
3.15699
1.13547
11.4315
4.47268
3.63784
5.71795
0.916
0.735654
7.51798
2.29702
2.2397
1.17139
0.830572
2.26672
8.39162
10.8114
8.37597
3.60435
8.4013
8.71272
1.45207
0.14749
2.67804
7.43736
6.18126
1.93705
1.80002
2.10006
2.84843
1.71808
2.59444
3.07704
1.2952
6.9445
4.38327
1.18378
0.928666
1.32288
1.84807
3.61996
2.28743
1.73125
4.2847
1.78119
0.569042
4.40328
6.60352
5.22567
5.49984
0.699746
10.8802
0.808483
2.3202
6.2506
2.78063
1.19715
2.0862
6.55896
11.6566
2.16523
3.52076
8.47063
5.89372
2.10716
2.3396
3.52445
6.04098
1.51584
1.77461
9.9834
11.8507
0.833549
0.92383
4.85967
4.92413
2.29161
4.85632
1.23247
10.3282
10.7644
3.22912
0.409816
4.28226
2.18352
4.05595
7.72391
2.27686
6.68651
5.22256
2.20924
1.56416
3.26502
5.02068
2.4861
2.46879
2.91159
1.99709
8.05193
4.26761
7.1359
4.0855
4.48108
4.58799
7.0906
8.12493
7.03282
1.36574
4.60158
5.37768
6.64415
1.56732
2.97409
5.81066
4.42466
4.58314
4.53985
1.5193
4.51437
7.1307
1.93549
2.02595
0.154584
2.49846
8.77272
5.37813
1.17151
6.4985
0.0807607
6.5225
2.01569
6.71373
0.894941
8.89226
5.2242
2.03882
4.33683
5.54716
1.87432
1.54361
2.19972
2.41671
1.15503
2.70623
1.41054
1.55666
5.15557
7.26303
2.45698
2.34562
2.40458
1.98168
2.48015
8.91346
7.59016
1.46064
2.80554
2.87375
5.57598
5.09741
8.96704
0.938019
3.43536
6.5332
5.09342
1.87809
2.51289
2.87408
1.00662
5.21633
4.27632
1.71756
9.49026
3.19671
6.5158
5.10093
0.682915
1.86275
3.20563
1.89977
2.96301
2.79086
7.08414
3.26125
3.55743
1.7305
19.355
8.3643
1.67064
6.19049
8.62974
3.28562
6.30544
1.02523
1.01123
1.64974
3.06312
3.8288
3.01526
3.76401
10.0783
2.30565
6.18074
4.44168
1.61625
0.415362
3.66383
7.17091
1.25393
5.13863
3.0001
4.2378
2.21902
6.70411
4.67536
4.33805
1.01171
1.80669
7.05682
2.01014
1.75982
7.70786
3.05977
2.01992
4.93165
3.43878
2.1221
2.36356
7.21731
4.21585
1.1532
3.2248
1.46158
3.85612
3.7726
0.972849
5.40437
2.63123
2.30248
10.7729
2.98057
0.550103
2.9639
1.56924
1.36082
8.05065
3.97845
5.54044
1.64942
6.57324
7.51631
7.64161
3.89812
4.30481
0.967752
3.01407
2.85845
6.30187
1.3663
0.784768
3.22685
1.15326
7.8618
1.01688
1.19968
0.176686
5.58565
3.10905
3.07322
2.86211
10.4192
5.4384
1.39981
1.96954
3.79915
3.15795
11.9308
2.0684
3.70629
4.66459
4.86563
1.07668
3.3027
5.68723
7.08009
2.06425
2.0581
6.88862
2.95942
1.03818
3.33213
1.27085
3.27303
2.027
1.31343
3.44093
5.35267
1.70701
6.68137
4.03903
3.38012
0.643358
6.48194
0.613304
2.75332
7.39172
20.8661
2.3532
3.79643
1.09294
1.47533
5.30384
5.56677
2.88184
2.54774
1.52648
4.17126
6.44886
4.46914
8.96415
3.40198
2.61468
1.78697
0.726644
0.968031
2.25961
2.16637
10.4385
1.68794
11.5525
4.31949
3.71334
0.943281
0.892302
0.229597
2.62098
3.50402
4.95937
3.5199
2.79473
0.810179
4.38583
4.09892
2.51912
0.665142
2.62769
0.0863599
3.0137
0.82406
3.19481
12.966
4.27847
0.789765
6.77022
3.89584
0.0675047
1.62925
5.14359
7.9095
3.87636
3.0543
1.74548
9.53764
2.65643
2.00559
5.5419
6.0734
1.41914
10.6145
6.0591
2.96406
0.76393
1.99946
2.88135
1.60119
0.983027
2.51732
1.84988
0.468655
7.01419
10.0675
3.71563
0.710618
11.5845
4.86943
2.14225
2.95129
7.15044
2.81459
1.48076
0.181411
8.3112
2.73209
3.20591
0.957351
8.26599
5.15019
3.21313
12.0144
0.837688
2.38238
1.14765
1.12755
7.1114
1.14163
0.361067
2.38377
1.29058
0.621949
2.55281
2.78424
6.74213
0.916195
3.28322
0.806237
0.613745
9.46563
5.07861
0.541915
2.98655
4.60402
4.04175
1.35943
3.05044
1.03037
3.71728
6.82903
2.25466
6.15985
6.76409
4.04441
9.03153
0.30398
1.91617
2.06988
1.15279
9.36989
7.48647
2.23358
1.21353
5.67374
5.41739
4.54653
1.45874
4.59516
3.4409
6.56017
1.60972
1.59642
4.5119
6.78837
2.10328
0.643881
3.20312
6.5188
6.81041
3.202
7.69119
1.27443
2.19319
7.88542
2.59107
8.00562
8.48724
0.47471
3.14307
4.72119
1.02919
8.49565
1.18398
13.1581
3.19034
1.16304
1.39958
1.38005
1.94733
2.01852
0.904831
4.86597
4.2053
3.90202
3.27874
2.22172
4.99153
3.38286
3.2501
1.02275
2.19944
1.22941
3.85439
10.5753
4.41339
6.18845
3.27357
3.45384
6.6841
2.39794
0.727203
4.08136
3.27521
3.30512
1.24091
6.38455
0.663638
4.45686
12.6099
5.33226
1.36736
5.11343
2.21429
4.94282
7.32901
7.83732
8.09545
0.0722356
3.43873
5.77298
4.79451
7.23352
5.243
4.11569
4.17354
0.623496
4.57778
0.905787
6.63212
0.348853
0.490199
2.51083
2.12298
5.33321
2.22069
4.42005
2.55522
6.69762
10.2888
6.41865
0.80929
7.48915
1.82764
5.43708
0.654059
3.38599
6.3637
6.84348
4.00136
8.35938
8.85969
1.42598
1.95283
3.15363
4.22998
8.4365
2.38351
1.29324
2.93376
1.98791
2.36544
7.21473
3.23866
3.93367
11.8438
2.35155
0.802002
4.1151
1.09664
5.35502
2.66821
7.66621
1.14615
3.01463
10.1016
0.565149
6.49841
11.269
2.24817
1.8121
1.8478
6.68055
4.23488
6.07046
3.08942
4.53459
1.33806
0.972444
2.85298
1.80003
1.20712
3.96759
1.3368
1.80926
8.31186
9.26921
3.26625
7.07317
4.13501
6.08279
6.82775
2.52553
0.339889
3.74566
1.47882
5.82155
1.03883
17.5806
3.62622
0.788944
2.94098
4.13145
8.78259
1.56968
7.32017
12.1857
3.17222
2.34155
3.18257
7.59529
2.11787
2.82108
4.22011
0.643292
7.10263
9.91799
2.9582
2.34672
1.53063
3.99673
3.37122
1.85377
1.71406
1.91045
4.6936
5.47671
0.377129
5.5723
8.20025
0.561979
5.38784
1.09375
1.01709
4.20326
3.79865
1.36943
4.68802
6.42303
8.17792
1.45799
1.98349
3.40706
8.86895
3.77556
4.3818
6.3829
7.38907
3.39311
2.88212
3.85418
0.199152
2.5661
7.2692
2.92033
1.4498
3.95236
5.34451
3.59847
6.50357
16.1983
0.234102
1.69577
3.15713
1.62976
4.51496
1.53241
0.0701355
5.1629
1.05528
5.79558
2.76868
5.60108
0.599471
9.15189
3.26361
7.29681
1.65575
3.50646
7.12227
1.81985
16.5028
3.69767
1.48243
3.28682
1.74241
5.16044
3.05389
5.76219
12.105
6.41118
3.04742
5.58313
1.89707
0.425958
1.4722
5.97223
1.65038
12.6125
5.69442
3.25358
3.80297
3.81393
0.713277
10.1631
3.21757
6.14971
1.21102
8.18761
6.07724
1.92643
3.52798
3.53968
2.86304
7.08926
0.794895
3.226
5.42892
0.513128
5.27201
5.96203
3.49587
3.57422
5.37005
2.0313
5.58444
0.887017
0.593385
1.37503
7.29265
2.99343
3.20276
3.34314
3.3757
5.22601
4.80383
0.834121
4.89955
6.10361
2.15295
4.85565
6.23656
2.04798
0.755266
4.11739
1.35512
5.50811
3.74412
5.10028
4.5161
0.274409
15.4937
0.288427
1.14498
0.488134
3.66275
2.624
1.79037
2.71738
7.06057
5.50669
1.42527
5.43843
1.18522
2.00267
4.49889
7.87189
0.754516
4.84387
4.06937
3.69674
0.948802
1.55008
4.53226
1.40525
6.35336
3.36869
1.59497
7.05363
6.34638
7.93713
3.65275
1.40992
2.27095
5.17004
4.26182
9.12626
1.43101
0.870633
1.97103
1.7413
1.5867
4.77556
6.68271
6.25771
2.01697
3.95968
2.15028
8.82236
1.7624
2.75675
5.68235
6.96737
2.63944
7.5833
2.86963
1.32317
16.5094
3.06502
1.31059
1.4352
2.80328
8.592
3.96872
10.0167
3.21761
1.90992
2.97151
1.94165
5.54625
3.81824
1.81727
13.1603
2.88607
1.11244
1.75534
6.20682
0.476598
5.72474
9.34862
2.89441
6.32204
10.472
4.40128
2.78295
1.21698
14.2501
5.27536
5.21575
4.1888
7.34673
4.6153
6.55238
1.0919
0.850902
0.316209
9.31773
7.00352
5.44808
6.33801
1.35325
1.21043
4.72075
2.48187
5.38664
3.07709
1.68808
1.86175
2.97235
10.3694
1.98138
3.688
2.1038
1.53515
2.95355
2.44334
5.18041
9.00386
8.83222
4.19004
2.94134
3.23201
9.21969
3.91694
2.8434
6.97595
6.16599
4.36509
3.4228
7.3099
13.5584
1.42526
1.18985
6.09752
0.711814
3.20125
0.650502
4.97477
16.5412
7.68242
4.62204
4.9781
6.9004
6.42128
9.76835
5.26026
2.43608
6.99314
4.31596
3.81582
1.72546
2.70238
1.9146
2.59995
4.47569
1.96403
2.66917
4.88426
3.41665
4.57516
2.66261
4.69104
2.87764
1.75062
1.80265
1.58499
0.761164
2.03641
3.09808
3.53773
2.74269
5.43454
0.723515
5.88165
1.44231
4.16741
2.06089
1.25554
6.32708
2.25138
2.41217
2.96583
0.571386
4.59646
22.5173
2.70403
9.51523
5.201
6.77293
3.86666
4.83258
3.09733
6.99638
1.88016
0.768588
6.30144
4.18844
4.99424
5.63754
3.28414
0.113262
9.43048
4.24887
3.69047
7.41373
5.25994
2.1443
0.595797
2.35175
4.27504
5.37473
1.78455
4.09535
0.551951
6.05025
4.37279
2.60734
1.67889
3.6183
4.70312
8.80135
1.28683
9.02478
2.77966
2.26667
3.59964
2.37178
3.65354
6.42003
8.24161
11.6167
2.44093
1.37822
1.42922
3.03167
7.4593
1.49373
2.47676
0.935558
1.24754
1.11106
2.09999
3.79968
2.54245
1.91005
2.58812
4.15315
1.16457
0.357639
1.52752
2.10589
7.27745
0.832166
7.05848
1.36217
14.2025
3.44129
6.21605
0.704843
1.2632
2.9258
5.48672
4.73541
2.01796
3.55444
3.01754
1.74404
0.638295
6.05947
1.02383
7.37577
6.92592
6.4613
11.7079
3.03449
1.68125
0.241283
4.89951
3.12448
3.97971
0.674792
4.19766
6.6009
2.6518
2.41343
5.71315
6.01345
1.92316
3.02846
6.19037
2.64079
1.63145
1.41292
4.15015
4.09099
2.32669
9.99638
4.28654
0.511285
2.72333
3.6532
4.64219
2.17225
1.43886
5.52186
2.41925
0.600707
5.41938
3.93459
2.31636
1.81495
4.79493
3.80561
6.90976
7.52886
5.30882
6.46224
2.83537
5.721
1.19478
3.46036
0.201834
0.502192
3.10688
1.67835
1.06606
4.66956
5.47905
2.39139
12.5127
2.33241
0.483573
5.98988
3.05677
7.12614
10.7033
1.80275
1.24378
1.15432
2.89945
5.23963
1.09067
7.55682
3.71308
1.12711
1.65765
1.74103
3.38643
5.68308
2.39566
1.41478
5.81709
2.55241
3.0517
2.49814
3.29322
1.07078
6.74306
3.0969
1.0013
0.645726
1.72393
2.31044
3.36348
5.41267
10.1257
8.25515
2.54749
5.11637
4.20753
6.16829
10.046
3.24114
2.92471
3.78693
5.43628
0.84172
10.4226
4.01097
1.46845
4.71898
0.327011
3.82018
3.67218
3.5695
5.42646
13.0854
5.33608
2.52589
9.01638
0.829952
4.68689
7.52356
2.00046
1.10384
3.59894
6.72404
2.13833
5.74245
0.318855
2.84604
2.72191
6.0614
4.41732
1.00658
2.36955
4.68841
5.16953
1.44761
4.23151
2.35685
1.45267
5.43209
2.16534
2.71958
3.13106
2.23062
4.60153
2.71732
1.0964
1.56879
0.916993
2.795
6.27353
2.04573
7.65119
3.3767
1.82689
0.688344
1.4822
1.46825
0.972863
2.88704
15.212
1.87117
0.279129
0.634572
3.41662
5.3726
4.11654
1.76505
0.924969
3.55611
2.56251
13.7341
1.56181
1.45019
2.14023
7.64061
5.00012
9.24361
14.1277
1.62817
2.40963
8.54966
2.72671
0.792765
4.97802
8.39354
1.97415
2.17354
1.20135
7.02441
2.69822
9.92379
1.91127
4.70392
6.60728
7.72949
6.43263
6.22718
1.75107
4.51705
1.52551
3.64386
0.739377
5.70958
1.9488
1.09919
2.71558
2.85557
3.37241
3.41047
1.2982
3.04932
3.43168
9.99002
4.39438
5.36405
1.5935
3.77221
1.73637
2.18633
0.600037
2.33539
0.668993
3.38913
11.3478
3.87287
2.61535
2.97951
2.30949
0.581084
1.10124
1.43444
2.70246
6.55112
1.27561
10.1143
6.4059
11.0266
1.27485
4.11707
8.37073
3.78035
4.77348
6.38523
3.1768
3.50375
4.07035
1.83809
5.63192
0.711549
5.51028
3.42399
5.45279
3.038
2.70833
8.54355
4.00387
4.34295
1.85589
5.60804
8.3277
0.151546
3.8345
4.56578
4.41995
2.26803
1.80368
1.96535
2.8977
11.6674
3.4072
1.86235
8.78385
6.46224
6.08565
2.70253
2.08412
14.0592
7.79352
2.65931
4.45005
2.17687
3.50158
3.33636
3.81649
7.92735
3.72693
6.12821
5.9079
5.77122
3.29318
7.10988
3.82759
4.03498
2.2147
1.37397
0.921019
3.56341
9.16649
1.80448
7.09645
0.466375
4.15623
2.06411
6.33985
5.56058
7.07742
1.63701
6.79331
2.1582
9.26144
5.55569
0.909812
3.04797
3.20612
7.13073
3.64194
3.27547
1.1096
2.80986
5.22394
1.2985
5.16983
2.30184
1.8443
0.226722
4.25675
6.98898
3.29417
4.4781
4.9835
5.61842
1.92689
0.347834
6.51865
6.71729
2.09166
2.83102
7.96851
6.14272
1.28107
0.478083
2.28098
6.059
1.09099
6.84066
2.52218
3.36622
0.891404
1.50892
8.88288
1.76223
6.55585
7.01373
1.17749
3.45602
3.42486
5.91044
2.00993
4.24603
3.88838
2.60023
7.00954
9.08824
5.18998
4.13391
1.37048
3.3378
2.22308
0.41163
3.37831
2.8891
3.0808
3.5916
3.49737
3.38214
3.13453
4.31287
8.86635
5.22727
2.56652
1.10218
3.94119
5.14056
2.80651
1.3643
2.45679
3.99275
9.09261
5.31721
2.1164
5.05888
4.40735
6.98068
2.75031
0.651215
2.91534
8.10695
4.67157
1.35343
0.904959
3.52979
16.5802
3.42493
0.897465
3.99115
1.95196
2.55337
2.30966
6.14246
1.83981
5.22463
3.7823
1.58426
1.6479
2.00034
5.13444
3.56925
4.16663
5.54884
4.38388
2.26029
9.86217
1.92461
7.36613
8.95247
1.20453
7.76066
5.35589
4.84117
2.68136
3.60901
1.87239
4.76842
3.39319
0.719209
2.95088
4.04241
3.01063
2.54386
1.0096
4.24535
6.72122
1.63843
0.429671
0.3392
2.71177
3.80203
5.99857
5.70242
0.704893
2.00028
3.19903
5.28739
2.05841
3.25811
8.94273
5.6945
3.89533
4.77944
3.46928
3.7855
0.399027
5.1218
3.05987
1.14962
1.49637
2.54768
3.83585
9.54316
1.61243
4.45758
6.49335
4.55938
1.20775
6.1503
4.1618
5.14136
5.08229
7.58343
1.86381
6.71954
4.04368
1.23755
6.63128
0.398096
0.834533
9.67717
0.615903
3.15153
0.816718
3.61063
4.55683
2.79207
7.12923
3.84549
5.28563
4.6015
11.4944
1.21499
0.927131
0.63462
0.901994
5.77351
9.76455
4.91105
5.69766
5.2398
2.66024
3.78153
2.60556
11.8162
4.22226
0.457088
3.75499
0.87444
6.05227
4.07824
2.02618
3.73302
4.53622
3.65268
5.93176
5.37226
2.65993
2.8004
6.0512
2.98512
3.82306
3.57643
3.13046
1.52464
6.68374
0.733221
1.20043
8.99567
5.37483
8.2233
5.72383
1.14162
5.90839
2.8505
3.37879
4.39723
4.5018
4.51544
4.00137
7.61232
2.50367
2.43684
2.86472
3.59944
5.49984
3.66443
5.23687
3.07826
2.43004
0.113325
3.54261
1.98618
3.01846
1.28252
6.11097
3.93579
0.581916
0.280965
3.78224
1.51099
1.4559
0.359878
2.435
2.17927
1.31159
6.7863
4.1281
4.0647
1.91592
6.45868
3.18738
4.60035
3.40896
5.07994
3.51353
6.95067
3.61976
2.92002
0.575946
4.05722
1.39785
3.50074
9.84149
2.50828
6.33445
1.16903
5.10579
4.91944
1.08366
1.74466
2.06729
1.07511
0.829931
4.24824
6.63609
0.136712
2.51242
3.99196
0.995555
10.3797
1.29341
2.52042
3.20767
0.940974
3.24372
5.86828
8.12031
9.22068
2.79093
3.86479
0.892848
5.80828
3.2541
13.5848
3.64114
2.06288
4.38066
3.86729
3.77214
2.01241
3.75504
4.71807
1.991
3.20967
0.382515
2.97239
3.10577
4.02692
3.10966
2.58635
4.12241
8.04572
6.07604
5.3313
1.04302
7.64981
5.89145
5.9537
8.01747
7.98146
2.35914
6.39083
2.22687
1.04775
0.521803
3.64746
2.11823
3.88694
5.68582
2.62406
3.1823
1.29499
5.03939
9.25856
1.29713
3.16323
1.52168
4.15319
2.07917
5.55042
9.05243
6.2066
3.82657
1.18572
5.2456
4.19495
3.39758
2.50833
5.09586
1.42659
5.85862
2.36144
0.29858
2.07762
1.23718
2.07176
4.85973
5.29183
1.37387
6.87818
8.23115
13.4163
2.14215
3.06792
7.46121
3.22399
9.39569
1.08412
5.77688
2.5436
1.78176
2.59238
1.55301
5.43881
4.50516
2.22717
1.12116
3.89093
3.74552
1.17005
2.01512
0.342544
2.94059
3.62178
8.59543
4.75589
2.2757
0.842048
8.98798
4.03461
1.26837
2.64987
2.57464
0.570892
3.25762
4.48372
1.79469
8.45482
4.61501
4.72571
1.28528
0.15527
3.29697
2.75211
6.53297
0.943828
2.29316
4.16919
6.82373
5.45368
1.48567
11.4067
10.7062
2.46564
1.45977
6.40588
6.98296
2.49849
9.14197
11.4044
3.28227
0.482812
3.24521
5.2785
5.18841
2.57099
2.73073
3.87031
4.61065
2.07948
1.46076
4.26815
8.76353
3.45366
1.08501
6.56366
3.87858
2.86473
8.25642
7.19818
4.65694
1.07584
1.43533
6.6567
2.34978
0.993238
2.79537
1.37016
3.35202
1.59611
5.2526
7.4261
1.58879
6.08254
8.14809
2.59641
4.94239
2.12557
4.16662
1.59836
5.45013
4.81411
7.84733
5.33106
9.75553
7.6936
3.62109
5.24347
5.03502
10.24
5.16469
8.93716
2.49152
2.4824
1.74573
7.78357
2.60348
19.5996
12.5049
4.2339
2.62325
0.776377
1.72456
5.3313
3.50014
2.03236
5.22531
0.768343
2.6028
1.48582
14.771
5.24973
3.37584
2.79979
2.53101
8.46402
2.76259
2.3787
10.5486
1.68592
1.69066
0.890805
2.40875
2.64215
3.89001
2.78972
7.04847
2.33245
6.84354
2.48859
1.60991
7.27542
3.6575
1.6321
1.70254
3.92777
2.55496
5.39734
1.5997
4.59769
5.76315
6.16696
4.27929
7.67923
1.46691
0.546157
2.88237
11.4902
4.7287
2.57552
3.65213
7.24616
0.492952
1.85164
0.111311
4.93639
5.94724
3.9869
7.23757
4.67822
4.34224
5.87743
1.58697
4.69516
1.12422
1.51579
2.07607
7.40815
3.50479
3.49439
5.7215
1.84185
4.65549
4.19042
8.39124
2.7288
1.5118
1.66194
0.585085
4.3251
2.5577
5.36281
3.5205
1.07912
6.48044
11.7789
3.04717
2.38666
2.31358
5.48462
2.35848
1.0206
0.68971
12.3496
3.10474
1.03256
2.8179
5.23125
2.52572
3.50932
4.02403
1.67506
1.22072
3.08406
1.36664
0.162988
1.10939
3.57212
0.53469
0.847035
2.44697
7.2421
7.30447
1.73909
7.2094
9.28209
3.70105
1.06317
3.91284
8.02582
1.91155
6.62736
3.73933
2.40197
1.46817
5.16951
2.50051
5.57294
2.69482
5.79108
7.91211
3.32068
5.9102
4.18852
5.89517
3.16729
3.84959
2.00992
1.37754
6.89676
0.896124
3.22235
7.26057
4.49178
6.95464
4.09412
4.25166
3.20953
0.976227
2.07844
7.71594
9.98304
2.70849
3.31382
14.8331
1.6873
1.959
14.704
5.49015
4.81163
3.42361
5.95623
6.74101
5.67463
3.3414
5.31907
4.19387
10.1422
3.89379
6.32652
1.3141
3.57783
2.61099
6.11509
2.78172
6.96876
2.26025
4.70013
4.10975
2.82626
0.864894
1.54658
3.14708
6.7197
5.43233
5.15254
5.433
0.949047
5.93826
5.8909
3.29832
1.38427
4.2054
4.86477
2.58019
4.06595
7.27151
5.73651
3.01629
0.629593
2.92212
1.33756
1.25395
2.22895
3.76005
1.32236
3.2286
10.0313
3.60298
4.05525
3.60977
7.75954
3.5014
3.04969
2.0712
0.949269
2.4139
6.7066
2.19249
6.40505
5.02953
10.9294
8.26257
3.55526
4.87167
9.16349
1.77472
7.38119
0.501557
3.31728
1.08761
10.0304
2.78942
1.05903
1.24856
5.14143
5.96929
5.90979
1.25842
2.45273
0.679471
7.76613
5.93568
7.6875
6.72227
9.6336
3.58415
4.15338
0.899082
6.90975
3.37737
6.63032
4.92584
0.90555
4.25707
5.44294
1.68571
3.27686
2.53525
2.06612
1.71405
2.63753
2.29517
6.07724
1.09694
4.20661
2.40181
6.01336
1.96414
2.58438
1.08341
1.17432
0.914649
3.66969
8.30289
1.07007
4.18186
4.09786
6.92296
3.00405
10.8689
2.32056
2.59277
3.09381
0.801907
5.71923
3.91048
7.01159
2.11942
3.86965
2.73032
2.55156
9.17077
1.43892
1.5485
2.75233
1.79716
6.88314
9.82111
5.80203
1.29071
0.247834
3.01799
7.97347
0.358538
0.771641
6.78736
4.74274
5.94886
1.30175
0.820999
1.6392
7.21952
0.477177
10.9389
1.16108
1.52934
3.51456
2.25155
13.4001
2.03737
0.986528
5.10275
1.69234
4.15242
0.394598
3.07332
14.1108
4.33922
3.87921
4.35572
3.0222
2.2035
5.20411
5.63265
1.43325
5.06988
13.7279
1.09876
3.50596
6.9324
2.01107
7.45115
2.44755
6.08955
1.44847
6.94493
2.43054
1.74132
5.40818
1.95971
2.62256
1.89415
2.5476
10.4909
7.95942
4.10293
1.65343
1.85142
3.30149
0.520205
1.56151
2.91446
4.31189
4.16531
1.74676
4.52077
0.786156
1.42315
5.85041
2.1769
5.89314
0.699625
6.79344
5.80559
2.18034
3.7152
1.23826
4.51155
1.57096
5.60449
4.0919
4.66516
1.24026
0.927508
2.23952
2.09846
3.45428
3.83159
2.65325
3.64621
6.25803
3.44693
8.55765
1.99113
2.10672
6.85982
2.50082
2.04208
1.11129
4.30031
6.74599
2.71995
2.78995
2.98623
4.90892
4.72915
2.22747
5.2632
6.974
8.77314
3.05774
2.62182
2.18642
1.04552
8.6618
0.453858
2.32446
2.95438
5.86343
3.64175
2.07577
5.95202
3.60889
9.26981
3.36051
0.968841
8.1568
5.37356
3.04174
1.09452
1.91892
6.73966
4.44723
0.282066
2.46979
1.14628
3.45222
4.95645
1.03572
2.01694
10.6957
0.458901
1.56517
6.4281
2.37081
2.6975
3.95916
2.12094
2.61252
3.42268
4.71634
5.41349
3.50778
4.97608
1.22056
1.96567
4.47891
6.24688
3.80135
2.18139
2.95228
3.71759
2.1946
3.28141
5.89471
8.31858
1.75348
2.67462
1.35643
4.86749
0.877822
8.32078
3.33968
1.14434
3.90315
2.02914
2.7404
5.30342
1.45136
2.98839
10.161
2.73593
2.19313
2.35608
3.90413
4.09879
7.05945
2.64862
3.06687
2.7149
2.92206
4.64688
6.91893
4.25139
1.25093
5.16315
1.52412
4.35305
0.344832
1.76963
1.12642
0.398411
3.66577
5.87777
8.972
6.02065
2.49964
3.70241
3.05932
4.80357
1.77954
3.80731
5.87328
3.80154
2.32337
9.96004
1.23754
6.94615
0.657801
10.2142
3.20212
14.2363
4.97651
1.41793
2.79602
2.2769
4.04927
1.59409
4.76021
2.56748
5.1255
2.28349
5.10681
7.18915
3.73045
1.97233
6.28411
0.359022
4.42535
2.20047
3.96685
6.4757
0.472341
11.9572
1.88207
5.19666
5.16568
3.99227
7.39004
5.22497
2.80179
8.7308
9.3429
1.19042
0.713721
1.68849
1.23085
2.68785
6.3544
1.08009
1.94406
6.86984
0.856446
3.53157
3.03984
1.18816
2.84081
2.17493
2.21709
0.214568
1.9148
0.560196
2.41659
2.52814
3.75812
1.36718
5.16589
4.39168
1.3599
4.16263
4.61439
2.99161
3.11916
1.89729
3.64396
4.85839
8.14724
8.91137
7.56119
2.62578
0.360687
1.96008
3.99563
5.53137
2.51883
6.58332
0.971021
3.73507
6.15372
1.26163
4.86496
10.5757
0.819601
0.845448
2.06676
4.37471
10.0121
5.4098
5.49927
3.74019
1.88323
6.88995
3.99867
4.97834
3.17548
1.32456
0.346006
0.560805
1.7977
6.16491
0.262599
4.95618
3.56649
1.96118
2.14371
8.05573
3.86764
1.80556
4.57882
8.30826
1.59492
1.18146
1.00448
3.97477
2.66856
4.22667
8.6753
1.27199
1.63445
10.5192
3.75544
5.86221
4.53875
2.06976
0.969469
2.99281
6.81487
3.8735
2.56971
0.306287
2.85523
5.31215
1.75255
4.28286
4.01806
7.32145
8.40661
1.78597
1.41944
4.94711
19.8281
2.83462
5.38114
4.41895
1.17097
4.26657
3.44121
2.77296
4.06957
1.23497
1.00774
5.61779
0.630592
5.74772
2.79764
1.74794
4.82957
4.70333
6.50907
2.57514
2.7034
4.94292
5.54089
1.34227
2.27421
3.78647
0.62105
1.6791
1.50483
3.68317
2.54089
5.21224
1.46107
0.79497
14.5737
5.99514
1.93504
5.51482
2.60902
6.55327
2.23423
6.18045
6.35671
2.47557
3.82121
9.34805
9.1524
3.90875
3.85217
2.90311
3.12541
2.83574
2.82544
2.99983
4.82749
2.996
5.12718
6.52686
3.77626
9.53048
4.91828
2.59958
6.54471
1.52435
4.13162
2.37985
4.66371
1.85715
5.51066
2.28881
2.68066
8.96503
2.15527
14.0715
13.3113
1.58241
0.372419
6.68213
3.04201
0.921584
3.04883
7.17197
4.91288
1.25302
14.9892
6.26801
11.553
3.02434
2.20374
2.8433
1.74488
1.91502
0.854519
5.24216
1.6298
6.17816
1.73936
6.14871
2.58072
4.645
11.9173
3.30854
3.1821
1.56907
1.73724
9.90514
5.83387
5.13745
1.36509
1.229
3.56748
7.3684
0.773611
2.40901
2.87757
0.859991
1.3475
1.13928
0.670493
12.9926
2.82693
3.19985
0.45972
5.07532
3.3887
3.14689
1.18163
9.15305
6.86522
3.60374
3.24824
2.74367
3.41662
0.997319
2.34797
9.90694
8.61741
2.25126
9.44915
8.20623
3.23244
3.6016
2.14359
3.22824
2.11819
3.98226
1.7379
1.55992
1.93833
8.16469
12.1564
7.42181
2.77662
1.3662
2.39094
0.265399
5.99712
3.69912
6.25199
2.50125
2.5983
3.12343
1.38818
7.57018
6.57925
7.79404
2.41083
6.29821
2.06816
1.0371
0.254287
2.32754
3.19812
14.0958
3.19889
3.83085
4.15789
2.59519
1.0671
1.94614
6.71148
12.5844
2.3843
11.7182
4.02797
0.956355
0.33343
6.7193
3.49067
1.59619
1.61664
6.24033
6.18474
1.5071
3.55944
6.39638
3.43159
7.43077
1.21161
4.09386
2.93488
1.14007
5.50186
3.21468
3.58348
3.89169
2.96148
1.97349
6.7852
3.11421
3.3134
2.99816
1.5751
3.12011
1.05
9.8001
4.0191
4.46043
3.02795
7.02303
4.36854
5.77193
7.32202
6.9222
9.60589
1.31311
5.88728
4.12423
1.80664
8.8745
1.21477
4.458
6.45824
4.05643
3.57185
4.92178
3.70965
3.70134
2.64623
3.48387
9.14869
5.75932
7.04316
5.64756
3.30846
4.94222
0.730243
2.62156
0.531891
13.3272
2.37435
19.3229
11.1486
1.33599
4.11555
7.55155
3.90045
1.75352
2.63782
5.75812
3.52682
7.88143
1.46281
1.28492
1.86334
4.63601
6.8329
1.00873
9.40054
2.52333
3.04947
5.48856
4.05502
0.806901
1.02692
2.80935
3.38294
1.3252
6.92746
3.11893
6.99186
5.61587
0.76287
1.66241
0.497831
2.98824
6.11374
4.07391
3.78898
1.34867
2.77183
2.37847
9.32518
1.26894
3.97344
6.33445
2.28752
3.09846
1.59066
3.26471
8.48076
1.02122
3.58324
2.49905
13.1119
2.02672
3.68431
7.14182
0.200779
2.77252
6.77873
12.5624
3.59355
1.97583
10.9295
0.812937
9.87469
3.30137
1.59151
3.75682
8.32809
2.01381
2.74953
2.32299
3.76155
1.55431
2.04657
1.25715
6.4354
3.5641
1.57959
9.77163
0.350705
2.77604
1.31974
4.35249
1.54532
7.51535
2.03245
0.842897
1.87913
1.37828
2.81015
5.24325
4.48686
3.28728
1.67868
3.69894
4.48448
1.5583
0.949887
0.96575
4.6159
4.02353
2.20601
5.96801
0.70916
2.91392
3.38922
3.34198
4.75224
3.00967
1.37513
4.71053
1.75465
1.1523
2.8902
3.11957
2.10379
2.04086
2.5796
1.30238
2.74846
0.48424
7.56158
5.01766
5.54261
0.955532
0.271783
0.791214
2.15501
1.43164
9.95276
2.0377
2.49608
5.06929
7.42856
3.30009
5.45943
5.82387
1.06897
3.81584
9.83463
5.65669
2.69371
3.23147
3.55391
5.53645
4.81279
0.843493
3.31978
1.54879
1.75494
4.6964
2.94766
0.620299
1.75475
4.9243
1.7718
1.52124
5.42038
0.457776
5.18242
0.397916
7.55305
3.24933
3.29266
2.49854
1.22046
7.87887
3.72295
1.40274
3.82225
6.1959
7.37578
5.05093
5.58428
2.17823
2.26847
1.26023
4.86657
2.23902
6.3317
2.26338
6.09366
4.94284
0.508466
4.63766
0.747084
2.19016
3.39705
4.59742
1.05984
3.19075
11.0971
1.09807
0.968752
11.871
8.74809
3.58415
3.56663
3.81624
10.071
8.15
2.20519
1.18874
5.2857
2.04946
8.77603
5.54375
5.28661
1.05175
4.30504
3.10149
0.851423
2.57894
6.68269
1.4596
5.5762
0.247699
2.83963
3.11391
1.20749
6.59078
3.91817
4.07844
9.79268
2.5546
1.06361
0.849422
11.6912
5.50939
2.22701
0.472546
1.75333
1.25633
2.26046
2.65331
3.08907
10.5402
2.65396
0.35144
6.12777
6.36146
1.69572
2.60037
14.5523
1.23484
8.65915
4.97399
4.97179
1.77789
5.56588
1.20958
5.71578
1.52531
0.831378
2.56363
1.82693
1.79277
2.2407
0.192375
3.7845
0.562878
12.3356
2.04409
2.34651
4.09698
2.31783
1.18983
2.80108
8.00524
0.858949
4.28509
3.53461
6.36588
5.8417
5.26074
0.576283
5.15479
3.53964
0.702527
5.14161
3.89903
7.28609
4.1462
3.71635
2.75044
6.43026
1.08241
2.36409
0.474719
3.78025
2.73217
5.33134
11.5983
3.20343
7.51756
3.18674
1.50317
1.48271
2.8347
11.2475
3.83924
4.79964
4.29331
2.53381
11.9232
7.46856
2.37718
6.25253
1.56719
2.73307
5.52225
4.05778
5.0005
4.02041
7.17117
1.59254
3.97236
2.96381
3.91682
7.28254
2.67744
3.17994
1.27087
4.01936
1.5622
8.78196
1.0862
1.65251
4.70884
3.89193
6.20869
4.01528
2.79988
3.32191
1.35866
1.54006
5.48283
6.03379
4.13128
1.58446
2.95699
8.78618
7.28505
4.58059
3.55937
4.96346
2.54216
2.02659
1.05197
5.06596
3.07512
2.07896
4.54573
2.99449
5.57801
2.08949
8.87858
5.70743
0.776933
3.61505
14.4028
8.08256
2.87985
3.86118
3.09565
1.39402
5.23673
1.91775
6.17977
0.794951
3.93679
1.99278
1.64628
3.27852
1.74178
4.2417
2.08799
5.29098
4.67826
2.88233
2.25557
5.61701
5.54386
3.33461
7.72107
6.92323
1.24683
3.42107
2.00826
4.67081
8.65777
2.78889
1.5555
5.9488
7.0286
2.59602
2.36156
1.89344
0.942427
7.47044
4.21945
2.73853
1.44063
7.30109
3.66494
4.76402
5.51651
6.89132
0.688644
11.5037
0.170252
3.17856
2.89502
5.3553
5.96809
2.36763
5.54763
2.04545
0.615432
3.04876
2.37278
5.6738
7.22425
0.948221
8.78599
5.11874
5.8423
5.55713
3.88158
0.813725
1.43175
1.37424
2.32501
5.09715
2.54736
2.09283
2.40687
5.38012
6.80536
4.41302
8.25483
0.705945
1.96897
0.579299
5.29688
2.38736
0.538115
4.9391
3.02138
2.99431
2.04976
4.26194
2.14892
3.91533
4.01835
2.6187
2.58166
10.7767
5.31133
1.1166
3.90221
1.88027
6.89431
4.84522
1.15673
1.87762
3.78396
2.5316
5.57054
1.01061
6.69376
7.63322
0.767812
3.17288
2.05151
1.20204
2.66391
6.50726
2.99045
2.20957
5.57133
1.07751
1.39259
1.33668
1.1181
2.45978
7.2214
4.64218
3.029
3.81749
4.26396
1.94614
2.41614
4.24167
3.79258
2.09307
2.38381
5.63906
2.11566
0.928188
2.97255
1.93265
3.3109
1.2162
9.91515
4.20419
1.8741
3.28875
5.78719
1.8036
2.4605
3.56462
2.53325
4.31667
1.37114
1.22713
1.70181
0.812145
6.14459
3.56295
6.70314
6.22584
1.39576
3.52402
4.55714
3.06012
3.18667
6.51876
8.48996
5.98043
1.66968
0.890649
9.28256
3.19845
4.82883
4.24694
2.98266
1.40146
1.33362
7.3376
1.29608
6.03106
4.83092
5.53314
3.15997
5.07941
0.540222
3.76896
3.15844
5.35505
3.13875
3.73983
4.83365
2.46314
1.27266
4.36071
3.88044
2.9147
3.88896
2.2054
4.22335
0.359733
1.4946
3.94746
0.823343
3.28679
2.57738
5.77197
3.33783
9.16722
6.74205
6.71586
4.62937
1.34474
2.55644
2.84319
1.61475
1.94025
2.23892
2.3053
0.221478
6.24647
1.18929
1.43477
6.02047
4.51028
1.85312
1.70202
2.08085
4.70056
2.85642
1.91812
4.89679
1.56888
2.5542
0.978872
6.25025
4.95909
0.283436
2.12981
19.4139
0.913926
8.05436
0.848812
2.17937
4.38068
1.54081
2.07152
1.56506
6.61569
0.244245
3.54925
4.54403
18.058
0.870016
1.36878
1.4307
4.24876
9.94477
3.0864
2.56959
4.37828
3.95129
0.878905
8.53475
4.26788
3.12325
6.96862
3.17207
3.05757
2.37443
7.83724
4.19865
1.61882
3.69645
6.2086
2.02863
1.91658
1.59212
13.1049
3.96809
4.38496
1.77536
4.00437
2.18613
1.13723
3.27251
0.41821
5.84029
4.98227
3.5469
5.50315
3.38452
3.70764
3.20883
6.10824
4.49736
1.46789
1.9241
4.58666
5.64926
1.07263
1.63342
4.70795
2.7473
9.92881
1.3635
2.37493
4.12016
3.63222
3.25391
1.80666
5.27183
1.52678
0.775191
1.67665
5.19496
0.171939
5.49981
1.41033
5.23704
3.12261
7.33693
4.52717
4.5017
3.28587
5.22862
2.14255
6.56257
5.00932
3.34921
3.15947
2.78836
1.5141
2.47998
0.550704
2.45731
3.94451
2.37311
8.14198
5.2528
4.00439
8.86369
6.4166
1.52067
5.40941
8.46553
10.0886
2.43598
0.544964
0.970626
7.09445
6.49118
6.06264
1.15076
2.39539
11.9878
5.55624
2.13292
1.04991
3.45917
1.70685
6.51632
3.4146
2.53711
7.23472
3.01791
2.11484
3.79403
6.27013
4.72095
4.98191
3.0519
12.1236
1.18514
1.78398
3.81827
1.77994
4.64627
5.762
8.11056
0.623735
4.04757
1.99363
5.4133
0.637117
5.34129
2.58905
8.63592
0.27861
6.58831
1.71951
2.33412
3.95432
3.79379
3.99303
4.21154
2.98353
6.00802
0.489163
2.18511
6.05527
3.19805
12.4015
3.66575
1.87171
6.24498
2.39174
3.86784
13.1122
2.86741
12.9292
7.29378
2.09281
4.89939
8.29076
9.99049
2.28754
1.81728
13.8671
8.19936
1.89629
2.04459
13.9735
4.4069
4.91279
6.00313
3.33081
1.80621
4.50407
3.22758
4.60229
3.52467
0.596013
0.373478
2.50517
0.921833
3.55662
6.01264
4.19225
2.16737
9.13729
1.94508
6.79142
3.80579
1.58156
2.12486
3.80342
2.52903
7.14786
5.53139
2.19705
3.79459
7.0767
3.77351
5.73481
5.16417
1.19256
2.46062
7.44483
2.18018
4.08769
2.0668
1.45725
4.56172
4.5793
7.91524
11.6391
0.872215
1.70295
0.993607
4.18506
7.81174
2.6607
4.27952
7.07367
1.7465
7.38982
6.8054
0.653715
1.63729
5.27134
3.46521
5.20322
0.254989
3.65696
3.31466
3.6432
6.00753
11.2129
5.84384
0.702832
4.28231
2.44095
0.187214
3.53873
9.84406
9.34228
1.18772
4.01328
4.65275
1.12545
4.03059
2.13399
1.92505
4.99808
5.78961
3.10666
7.26739
0.556227
3.85992
4.16126
5.74119
1.4351
2.2984
2.10868
5.37442
4.67464
7.18493
1.50538
1.60425
4.87823
5.66482
2.79882
6.62456
2.80513
0.905943
0.753391
5.286
0.838262
4.87106
2.17835
5.17498
8.34725
3.37598
0.92178
2.14563
2.47789
5.97137
2.29376
3.52618
2.3087
0.459674
3.1161
1.54479
4.10725
1.87712
5.16684
2.24322
1.43838
3.2286
13.4055
5.18324
3.93447
1.63788
6.97946
4.68599
9.74339
7.00198
3.34286
4.60258
1.61644
3.70259
7.35475
4.54923
4.13033
4.8698
2.61696
2.40592
1.81826
1.82078
0.354562
2.05278
3.9664
4.81224
2.30792
2.35257
5.87311
3.49943
3.04962
4.69576
7.1616
1.61773
0.877327
0.338254
2.45721
5.65953
4.72851
6.24193
6.71484
5.11997
4.73696
3.94958
2.42845
4.98757
4.24586
2.68137
1.98363
2.97284
5.18673
8.89971
5.87016
3.42103
3.68414
4.57601
1.8031
2.06478
8.52498
6.2578
2.53431
2.4902
7.07916
2.93326
2.92762
2.29906
4.04635
4.09625
4.48935
3.48584
6.13709
6.48002
2.02728
4.91469
4.90147
3.12492
1.76951
2.83418
5.8614
7.10755
6.71857
17.0683
2.74192
2.36194
3.5122
3.55953
1.70946
4.5883
4.39306
0.89951
10.0267
2.72754
3.26047
3.99495
4.18925
3.10708
3.6653
16.1554
0.931704
2.99272
4.35822
8.3146
0.292815
3.89782
3.54344
1.52725
4.90442
0.294108
3.92782
5.52562
0.967546
4.55081
2.95147
1.92567
2.89727
0.598633
7.6318
0.389959
2.05459
0.470839
6.22297
4.07978
3.73188
6.51051
5.05524
5.78094
6.69324
4.47245
6.36993
3.2357
1.30867
4.02747
6.01459
4.47651
2.87246
1.89589
5.54523
1.92906
2.85541
2.51799
6.14539
7.73698
7.08725
4.6885
9.09279
6.07694
2.91833
1.11215
1.36904
8.724
4.87501
2.97242
3.1251
7.13668
2.21185
2.27724
5.44948
0.480496
3.77475
2.78325
2.80993
3.56674
4.14467
5.50486
2.2479
2.05518
5.68562
15.9544
5.96472
5.79338
2.48383
2.51585
8.50396
3.05967
10.5218
6.9414
1.06776
1.47724
2.46518
3.18276
4.03046
2.60572
3.18503
3.37345
2.07426
11.4877
3.10898
2.19801
2.33008
8.98309
9.95647
3.18785
2.57353
7.11436
7.05236
0.603377
3.42076
3.86364
2.62316
1.57137
4.03673
8.21907
4.018
3.38272
0.856017
1.99192
1.74056
9.06481
1.74017
2.89443
1.81217
0.886969
4.0256
0.598086
2.96265
4.87975
4.8259
7.23316
1.65181
2.78085
1.80821
0.713478
5.37665
7.86657
3.33384
3.43446
1.22736
6.62664
0.467771
5.12617
3.18157
1.4161
7.37655
3.75615
7.61883
7.71183
7.03104
4.98743
1.15878
4.41944
6.02094
2.79474
1.22503
4.06488
5.04498
1.95605
3.5914
0.937957
0.773755
2.23784
2.42047
3.57772
2.3263
0.882301
2.03286
8.64119
4.84151
5.54887
2.6263
4.96894
4.46279
5.09237
8.95953
0.759714
9.43723
4.27613
8.54127
1.71733
10.4017
1.4009
5.85709
4.84997
5.15681
5.24974
2.43711
3.37424
0.487145
1.91346
5.34198
4.42815
7.72602
4.4432
4.22651
3.41892
3.1991
4.29151
9.2062
3.13501
1.30443
6.01082
1.54147
4.50938
15.9719
1.86963
3.88453
2.26715
3.3787
7.60569
6.9751
2.13732
6.17531
1.12862
4.26603
1.88108
5.72523
3.10128
5.74209
1.32242
1.47495
3.22346
7.57095
2.76981
5.06407
9.46328
1.18242
1.80172
3.35824
1.7306
7.51376
1.53049
1.23242
3.01475
4.5925
6.03675
7.08055
0.788579
2.37479
3.86002
7.13308
13.2403
4.84559
1.13446
0.982959
8.39735
3.09227
1.35508
9.928
1.0308
6.60816
5.34576
3.16344
7.9053
6.86443
2.06321
4.23866
4.07057
6.65279
1.08138
2.17955
0.713652
4.12748
1.95946
7.98607
3.00106
3.89267
5.50253
4.03419
1.43295
2.9224
6.7645
3.7131
3.08041
9.93546
2.01608
1.5652
6.12999
1.9045
8.59284
1.05704
14.0269
4.43628
1.95723
10.9171
4.93261
7.77742
0.730667
19.4277
3.842
3.04369
0.770861
3.66271
1.17561
1.39259
1.69826
5.34261
9.22641
3.44577
1.53664
7.27406
8.59521
1.01057
2.09653
6.09109
5.57816
11.2832
1.68697
4.56496
6.22554
1.82702
1.49304
5.17032
2.23517
0.792914
9.16729
8.54124
1.36254
4.42926
4.28294
4.1951
3.29716
3.73774
3.00003
4.99312
4.21032
1.55916
1.52271
3.31554
1.10846
11.3274
6.73824
1.70289
8.0927
7.81543
5.38771
0.823372
5.56291
2.43514
0.95232
2.12513
4.3631
10.409
1.37816
4.95452
2.58762
3.0675
2.9512
1.75087
2.3843
3.31741
2.38446
3.42516
3.16256
13.0474
3.68553
3.455
1.63971
6.67078
2.48766
2.24531
2.61583
5.01925
7.6564
0.55621
1.34664
2.47201
0.663223
12.1747
2.12657
3.9592
9.23211
1.21846
7.43186
1.48548
5.46267
7.01598
10.0649
2.49341
4.61066
2.80509
3.79896
11.4661
2.31694
1.04615
3.2005
5.58155
2.02371
3.17388
1.35919
6.4241
2.38679
8.93314
3.5048
6.60653
0.398134
2.78199
1.96061
6.306
2.34975
1.28553
9.99695
5.36167
1.16083
4.657
4.22623
6.8587
4.70926
3.72485
4.18513
2.65819
4.06513
2.0788
5.3087
5.64038
4.85873
2.78016
4.82184
3.17042
2.0346
0.979724
1.90273
1.47605
1.99941
1.67067
6.04533
4.58738
5.26688
5.01613
3.21222
2.75528
1.90719
2.18866
4.02408
1.77365
3.95613
2.20559
5.5243
4.18088
8.62243
6.31336
3.47716
7.64201
2.92147
5.6701
2.33882
3.25619
3.07486
0.271773
2.92641
2.08287
2.47505
3.15745
2.861
2.25924
1.53932
1.47438
3.69255
3.20574
8.04968
9.54192
6.27977
7.92359
1.68824
7.4763
2.72759
2.93307
8.0868
5.14261
3.33662
0.115662
4.30021
1.64514
3.80138
3.40676
3.03858
1.37391
0.60629
0.758543
1.4071
5.3012
8.01651
4.08326
1.97094
3.00588
2.33058
6.14966
4.83989
4.84229
7.57747
8.00115
5.28902
1.55543
1.77999
0.706057
3.97963
2.59151
1.47122
1.81596
3.61856
4.82696
6.61627
6.98421
6.12605
1.24987
7.91747
1.95266
2.17122
5.18125
7.1592
1.73819
8.22854
14.3267
3.01644
4.42011
1.64895
9.70036
9.12402
8.36907
5.78711
5.82153
3.56665
1.46913
2.16045
0.526358
2.49163
1.39844
4.2459
1.2731
5.70183
3.56033
1.32546
1.16649
6.63782
7.40184
3.19989
8.81635
7.47018
7.93329
1.58873
0.662879
1.3596
0.564927
3.1585
1.56929
2.4482
3.9545
0.767221
7.64081
3.02598
2.13279
4.04539
9.7026
12.0506
2.29495
2.69655
0.439327
2.80067
5.62013
3.06541
6.4371
4.39392
3.35895
3.80535
2.90479
1.00655
8.09589
4.91114
2.89793
6.96767
6.0871
5.24818
0.840889
1.835
0.311643
3.60609
8.53977
4.78096
0.63886
6.90356
9.18751
3.88721
2.52727
2.07327
3.02033
3.34
5.34757
4.62169
4.41001
7.28054
1.4057
2.04054
1.61261
4.13073
4.63804
4.58032
1.48804
0.717387
2.91364
1.59584
1.67772
1.51062
0.274063
3.17654
2.52426
0.753432
7.21709
4.98915
2.85416
8.10273
4.31213
3.11207
1.65446
2.61053
3.77026
2.02179
2.05531
1.93885
3.20677
1.12731
4.44864
2.91173
2.74179
10.4504
3.71229
3.37085
4.73676
6.78238
3.96939
8.65083
5.41868
10.5357
9.27587
3.03626
5.68039
5.14971
10.2803
2.68148
8.81139
1.08861
2.94341
4.94451
12.3764
4.74833
10.7708
5.8703
0.619555
7.5983
0.623444
9.1372
4.0543
3.0001
3.10346
2.28726
8.7594
9.18001
14.1298
2.14225
1.13868
5.57884
9.10912
1.12317
3.40108
8.28732
8.56657
2.90941
3.01996
0.764918
5.1626
0.870234
5.06732
1.49672
1.30688
7.79157
1.68345
4.0634
0.747552
3.84685
11.6034
0.907822
3.97243
4.4937
0.857631
4.24029
9.37313
1.49674
0.874782
2.96236
0.774965
1.48202
4.72491
0.905404
1.36618
10.3918
6.29741
3.69142
1.53146
0.927202
1.779
2.68573
3.79722
1.85172
2.70807
1.52493
1.30433
1.37695
3.1863
2.66166
4.00222
2.20201
3.38249
3.65281
1.48837
2.69051
4.45077
1.89972
3.10789
3.97109
2.82403
3.10414
2.99485
3.80033
1.90971
0.988745
2.48496
4.70418
3.85174
0.544284
2.7119
8.2474
2.37839
3.34837
3.36137
4.44999
4.16162
6.02682
1.10271
2.60031
3.33593
4.33984
7.22286
4.31942
1.32456
6.04988
0.631597
1.69374
6.00525
7.03449
2.88164
4.56284
2.11418
2.67252
0.319195
3.93061
14.5058
2.46769
1.54841
2.56971
1.72745
8.48286
6.43028
5.42423
0.880255
11.5198
1.45474
2.6844
2.19769
2.21567
7.69193
3.17847
6.74359
2.44435
1.97296
3.44256
2.63223
2.43204
2.47018
7.45124
5.86454
3.00538
3.68545
1.77903
3.19093
7.0131
4.56845
8.55676
3.70241
5.11935
0.24012
6.50391
6.84882
3.44534
7.7777
3.63628
4.81602
1.47358
7.50442
6.44941
2.68378
1.04799
12.0913
5.26332
7.44568
2.79251
5.06137
6.98533
8.25269
0.809555
2.89606
3.24886
3.73289
1.39301
6.45529
4.40877
3.72083
4.93747
6.20591
8.02003
0.338999
2.48408
4.81902
6.71502
7.19694
1.08433
1.74467
0.958521
5.24638
3.3263
4.48673
0.909607
7.25299
1.65236
2.55236
1.86496
8.94808
4.76399
3.23272
4.79507
2.38487
0.851058
0.966277
7.16291
1.5206
1.52225
6.20866
1.31173
0.985753
4.24537
3.99089
1.62828
0.911308
8.12948
7.49007
2.19201
4.88982
2.22656
0.649879
2.13294
7.52038
5.2305
2.22908
2.07841
3.60568
5.75515
0.618999
5.96948
1.04479
1.8758
0.598834
2.87049
8.25866
1.57272
4.49622
3.79789
1.50378
0.953999
1.78418
2.99684
7.44299
4.0819
1.29948
6.12817
10.6549
2.11539
6.1757
8.42375
6.07864
9.65644
6.97095
0.674137
5.89168
2.47481
1.62947
4.44769
3.11878
1.50161
2.17293
6.29684
1.17702
4.94419
1.7349
6.85644
0.890134
3.12522
4.03348
2.28289
4.54717
4.50107
3.39048
1.1021
7.44159
3.38392
1.51857
7.58817
3.28434
0.81434
1.42255
0.455303
1.93749
12.9108
3.18621
5.47009
1.4015
4.83215
3.02709
1.75732
1.38937
3.95327
3.89141
6.21972
3.18943
2.47514
2.5618
6.1895
1.81113
6.71692
2.27374
1.92576
2.08967
1.42239
2.64384
1.50576
6.58302
6.99427
0.421751
1.64477
3.40013
0.475103
8.54467
5.62498
1.38109
1.37661
7.69107
2.30264
9.85027
5.0175
3.25926
3.08564
1.67868
6.75509
4.13838
2.92252
1.02495
4.02701
1.97856
3.80457
1.87255
1.41577
1.71527
2.28956
6.31747
2.39011
12.6197
2.5086
2.1022
10.0891
1.08813
2.43972
5.84124
9.72703
3.51518
3.14058
0.746032
4.24765
4.22531
2.9953
9.04341
4.78103
1.84668
4.36613
5.4061
4.23708
7.21021
1.72358
3.33065
4.58143
8.8032
1.68316
7.76697
6.05357
3.70307
4.28507
6.20997
0.884869
6.59113
2.96318
1.22343
0.8139
5.54583
1.03785
20.338
4.27304
3.11128
1.17454
7.33646
4.32508
5.78314
3.65894
1.04764
4.36021
2.31708
3.76731
2.1842
3.97367
1.32563
4.76047
1.22019
4.32559
1.70815
0.887816
1.20732
0.779216
3.24742
2.55022
5.21046
3.37686
3.23645
5.46548
0.984265
4.49054
5.91901
1.05058
3.73975
7.40655
5.27125
2.4198
5.57878
8.77812
2.4765
7.86131
1.66964
0.499803
1.51241
7.599
1.10208
10.3699
0.574881
3.38799
4.10506
3.8765
1.50739
0.38902
2.75131
1.44888
0.640828
1.30421
4.30964
11.7679
6.33953
3.81326
5.16704
4.49649
2.69192
7.21342
0.562633
3.50793
3.54981
1.00491
10.9159
6.37613
7.67734
1.36827
2.84208
3.22274
5.41786
3.21336
4.51391
1.31773
1.75394
6.94262
3.02194
3.36883
1.2539
2.2414
4.32247
1.06303
3.10353
4.05268
2.89392
7.81117
4.49362
5.13553
13.7522
13.3796
4.00407
2.77279
7.69873
6.4563
5.35113
1.46787
9.36206
3.97342
1.04255
3.62609
6.31719
6.18028
0.766211
2.35994
1.79889
6.13933
1.39924
1.72018
4.94048
11.9838
1.27134
3.87384
2.6813
6.88604
3.00336
2.68239
1.23922
0.735076
3.5504
0.650525
2.78362
0.742278
3.83783
9.3297
3.9566
4.47386
3.11526
6.35551
2.63033
13.8843
0.464969
5.53439
4.60227
5.02786
7.97968
1.50386
4.71854
5.60068
7.36206
7.45137
4.62917
1.56853
1.77853
0.307713
1.26848
2.98925
3.03021
5.83077
1.56529
2.60314
0.868073
6.61614
3.29359
0.616683
3.2134
1.65853
6.75327
1.49773
1.91375
6.0426
1.89524
4.7966
2.30836
4.07971
2.12169
2.64848
1.35337
2.00965
3.2664
4.42615
1.1916
2.25342
2.38828
6.79702
10.8894
2.46601
5.76717
4.75159
0.910885
1.67223
5.33162
3.25489
1.12252
8.23442
7.70123
6.19489
0.525271
6.18568
0.596835
6.08942
7.13333
5.22656
0.766667
6.63536
1.84562
2.62503
3.72004
1.6608
1.08344
3.62335
2.67977
3.93805
2.4681
0.415009
3.41443
4.81022
5.18567
6.27839
1.88892
9.99662
3.00569
1.5759
6.55474
4.43226
0.529091
2.65776
2.23048
5.16603
1.67905
2.83323
9.50821
8.33981
1.56103
2.484
14.9573
2.08003
1.73314
2.90535
5.40801
1.20728
0.516015
2.12655
3.30081
4.31629
0.862626
5.62358
10.4167
1.96779
2.91301
0.83469
4.63513
1.6848
1.83337
2.07069
2.90324
1.02454
2.78451
9.40742
2.93966
1.83782
2.32287
2.46866
0.969399
4.91646
4.67405
1.24486
3.94035
2.45198
3.44729
5.63688
6.284
5.33031
6.50662
7.97575
0.596967
3.81031
3.17235
3.22127
2.08662
4.45742
2.78069
2.81016
6.27988
0.848471
1.78969
2.50066
11.1862
4.39069
6.77758
3.39646
5.71867
3.02099
2.21432
5.45267
4.95116
5.60906
2.11864
2.76867
5.40181
2.55605
2.67933
1.66407
5.25294
0.354077
2.26009
12.3729
0.484418
2.38783
1.57781
4.42067
6.15917
5.91037
3.74644
3.36761
7.10632
2.69753
1.16381
0.4807
4.68792
0.528145
2.63251
1.09647
11.1492
2.63324
5.07288
5.29885
0.847036
2.87576
1.95688
6.03866
5.52255
1.91992
3.28426
0.774954
5.97426
2.59103
2.47956
5.43797
7.73986
7.3302
3.21476
8.26424
2.3382
8.8269
5.077
2.29352
3.62348
4.08894
1.45505
3.47574
6.71839
4.39508
5.32358
3.34736
4.7617
3.3465
1.44183
2.33657
26.7535
9.68154
2.30954
1.45308
1.2876
7.37997
3.22001
2.87213
2.69947
1.78711
6.43047
3.3636
3.20501
1.67412
3.07968
2.17989
4.67499
5.27687
2.08833
6.33825
2.8988
7.01035
6.66745
3.00496
2.36656
2.2444
1.84795
6.41799
10.3037
2.75949
5.88889
2.20374
2.75164
3.13541
4.84112
8.53354
6.17105
1.98355
2.78379
3.161
5.43332
2.92088
5.22228
9.31859
3.20852
2.83891
4.02405
8.15253
4.30138
2.18874
3.92439
5.78037
5.29079
3.28762
3.51129
0.928422
2.05523
4.66354
6.40721
9.51847
1.65633
3.11787
1.18047
10.4373
2.39329
2.6649
2.15352
4.81198
1.62485
1.96319
7.76204
3.42869
0.570125
4.44173
2.85614
2.29295
2.92266
4.85073
3.2786
2.4599
3.56058
3.05442
4.85957
0.66106
0.831208
2.62854
7.21018
3.88808
3.1156
1.08705
3.83696
1.97128
2.0031
4.43427
3.10096
2.17762
3.55377
2.53673
3.34739
1.25366
0.539459
0.442132
2.76845
2.38747
0.488176
4.8287
7.22465
3.8835
0.379031
0.655214
0.955113
1.64734
8.63215
6.69224
6.28366
1.90836
1.92517
4.73609
2.17555
1.71461
4.44633
5.3664
2.76464
7.39867
0.792241
3.75988
3.35491
2.29325
4.40392
11.696
15.8646
5.75
5.2176
9.17419
3.57463
6.8417
1.41127
5.7412
2.11929
2.84459
4.27639
3.97878
4.84068
1.58481
3.45202
5.68402
3.49017
7.19942
6.17389
0.979959
7.00229
3.40128
3.45192
5.98763
3.7628
1.59125
3.78727
1.23456
5.15594
2.3156
4.63241
0.648561
9.81821
5.97808
3.25583
1.53921
2.62911
1.5305
5.47273
3.62148
2.74412
0.659836
13.4139
4.61209
4.86713
2.92683
1.33823
4.21204
3.18238
7.75419
2.37001
2.31331
2.71409
2.4997
2.90171
5.63526
0.94898
7.54202
2.07034
3.42913
9.15188
2.64508
1.65487
3.78458
4.08191
4.73061
2.59036
4.38877
4.18366
0.0916133
4.67155
1.91406
2.00398
1.03608
3.72576
7.94088
5.74287
1.74455
1.2126
1.08256
6.97167
1.69915
1.90627
5.05345
1.39051
1.18006
5.07969
4.20893
2.69197
5.54861
1.40241
1.54887
5.4645
1.74006
1.57907
2.76719
3.67281
6.34978
1.57263
1.28267
12.1156
2.67419
4.69296
0.710638
2.46932
2.38769
6.49396
3.99323
4.81304
0.752846
1.92359
11.8735
3.92811
11.9552
2.89722
1.79376
3.08124
2.8832
1.4338
6.279
3.21115
4.53189
3.96335
3.40599
3.09593
2.00527
2.76623
3.51842
5.36132
6.62889
3.14579
4.88239
2.18561
4.93186
2.42398
2.03521
4.70788
3.69929
4.37538
6.47557
2.14437
0.661933
6.00929
3.98792
10.0624
10.2533
3.05306
2.35943
3.33977
0.979653
5.35125
1.53974
3.54245
2.32076
2.22889
3.29384
2.53318
3.28125
8.32334
1.85697
2.14726
1.45302
3.37113
1.55953
6.03452
1.23741
3.53983
2.10236
0.557741
2.07854
2.35402
4.28097
2.06094
6.86183
1.72019
2.16474
3.33681
5.88632
3.95312
4.33452
10.6491
6.00213
8.75118
3.93131
7.04787
1.85085
4.97151
6.18893
2.9186
4.8954
9.63422
2.2149
1.77098
2.5589
2.82748
2.50843
5.1604
1.79177
4.05334
10.406
4.85645
7.59644
8.14183
7.51591
4.3887
2.14992
11.5945
2.58371
1.03035
1.76582
0.733189
3.41042
5.47512
6.95694
3.18509
3.21478
1.75166
1.46304
2.65468
0.824729
4.90862
6.53282
2.82467
5.92141
4.88823
4.04303
3.75349
0.623105
1.18554
2.44146
3.65458
6.68033
5.12234
3.12331
10.5602
3.25898
3.02497
2.09326
0.289731
5.53863
2.7006
2.60081
6.09206
2.91895
1.70294
3.33986
6.70543
2.41297
6.90159
1.74045
0.550858
7.39648
3.2767
1.80948
0.807269
1.34867
8.26651
0.28712
2.78022
2.62362
1.42736
5.50993
9.66704
0.954797
2.7593
3.26751
2.86556
0.621688
1.1645
1.72374
0.81149
2.89187
4.65837
0.781501
4.60257
2.37997
0.206122
3.22861
6.05219
1.78206
6.83352
4.46208
9.56784
2.68951
2.54082
8.02231
1.92647
4.91805
2.90033
4.29632
0.687851
10.8663
1.62319
1.03781
2.01052
2.00913
2.73995
7.75259
0.130782
2.60106
2.84196
4.45155
1.54495
2.31212
2.69515
1.94952
15.6358
10.6565
3.91469
4.62498
4.96903
2.76611
8.02274
6.51482
1.44933
4.76505
0.734076
6.00454
3.15451
5.1195
4.23242
2.14534
10.0667
1.7155
2.29379
0.319108
6.44986
3.21256
5.26844
2.09043
9.14323
3.42005
2.1754
1.96354
12.4784
3.46507
4.23596
2.9828
0.27861
3.4375
4.56886
4.28219
2.41736
1.3422
7.45054
0.415835
2.76747
2.40349
3.6324
2.70002
7.63647
2.3169
1.17625
0.473697
1.07984
1.52254
6.56334
5.15936
0.264266
5.23637
7.27389
6.89003
3.61436
1.55716
2.98357
1.7345
2.78079
3.01501
0.510409
0.614732
3.32001
6.00235
5.79769
4.02883
2.26109
3.59512
6.3845
7.15252
4.2452
3.48988
4.90351
5.48472
3.33062
1.41937
3.27753
1.28471
7.65927
0.164377
3.99642
5.97406
7.35478
1.54726
7.75257
4.61609
6.63154
3.18255
6.48828
3.0707
1.84167
1.25592
0.898731
8.27362
0.572296
0.756038
5.45555
2.36223
6.60036
2.17625
3.20061
2.86301
5.7696
7.91648
2.66522
4.15434
2.2666
3.22591
2.27806
0.785
2.84668
6.72754
4.36794
3.86389
1.18417
4.88875
2.07638
5.48424
6.35809
4.42153
2.88298
0.210452
7.03383
2.88037
7.00243
4.58318
2.43358
1.82385
3.70312
1.18671
3.12016
1.94663
1.65583
2.37548
8.63865
1.76356
2.16661
2.34789
0.874581
5.20745
8.26317
4.22936
2.90797
6.56839
5.86932
1.31692
4.58409
5.11609
4.88064
1.40757
3.22205
4.26163
0.815101
5.29171
5.22251
0.613576
5.79336
5.1373
1.2203
1.57642
6.96716
0.78769
5.99903
7.99786
1.54447
4.99241
2.00816
7.19117
0.627272
4.1248
2.16588
3.80929
3.10279
11.5861
4.23817
2.65849
5.51445
3.15847
3.65572
18.3533
3.62711
1.23759
2.03411
6.34888
1.50237
2.88394
1.00483
4.24588
14.9327
5.39918
1.64623
2.18754
10.1305
4.2296
1.09148
6.05607
1.22725
7.9435
0.534345
8.89492
2.37751
3.24564
1.79772
5.04375
4.39853
3.61225
0.799837
3.11048
8.56985
0.226983
4.07955
3.7712
3.30874
1.56393
4.27751
4.47075
3.0204
3.35563
3.78797
2.68221
3.24755
6.93568
6.24196
3.69339
1.66568
4.47739
11.318
8.55801
3.26242
5.11617
7.52139
2.93025
2.66683
1.08145
5.50281
6.47412
3.39544
1.21871
3.10385
3.30009
9.74
3.25716
3.51742
2.79233
5.71833
1.78404
3.09473
5.564
5.32074
3.05355
6.15239
3.90825
2.1511
0.345993
6.68729
2.87287
5.12393
6.35774
1.57772
3.21242
2.78588
7.62214
3.68851
4.98317
2.71683
2.94001
1.99203
5.25473
1.19131
3.88889
4.53799
3.31488
1.82157
1.12341
5.43262
3.23295
2.55696
1.04078
4.38928
6.19388
0.265766
7.6929
9.24559
2.07868
3.66181
1.03051
11.1328
6.90291
2.0893
5.5871
2.35622
16.1206
4.06712
3.61442
4.63676
1.02551
3.30908
4.03297
6.25144
1.04677
0.427537
1.54934
0.250183
3.58394
1.17066
2.27984
1.03307
4.88699
0.486841
1.49898
2.89644
2.47489
4.86675
12.0653
5.61509
4.23867
4.63642
4.42419
5.81207
0.985803
3.56086
5.07128
8.38682
0.911915
4.23233
4.83009
2.52027
1.47943
10.605
3.31143
5.22932
4.19684
0.522673
2.83258
3.19096
2.044
1.2438
5.98525
6.48462
4.79684
5.7924
1.87141
6.02947
6.61808
2.31742
2.30257
5.45022
1.62453
8.50341
2.10005
6.83836
5.64964
3.61839
2.20201
5.87925
6.70255
1.34652
3.00433
6.13526
3.24308
3.32732
2.01713
3.1988
5.4045
4.00959
3.0123
2.13293
1.40577
4.07024
3.56133
6.51675
0.239663
11.7837
4.52264
1.75367
6.42569
4.4973
4.35042
6.93586
0.773213
2.86836
2.04354
6.33621
1.32702
5.68323
2.04789
3.63642
4.58568
1.40068
3.57808
1.79528
2.84493
2.63505
5.53823
4.32216
4.12517
6.77287
2.33574
8.98558
9.0034
1.43492
0.450392
3.47215
4.78591
1.4001
4.16318
3.23632
4.99096
2.50457
3.09285
5.72243
7.57592
0.49361
2.29282
3.30599
8.33573
0.113059
2.68571
8.46183
3.85832
9.08017
0.504333
2.6935
4.48856
3.01188
1.92247
7.19731
8.46383
1.18815
6.06842
1.52297
6.66816
4.23146
0.773685
2.55938
3.50474
9.75891
0.876414
4.09905
9.83646
2.49436
0.528989
4.5515
4.40405
0.254103
3.28183
5.17882
5.38873
11.3616
2.65602
2.59663
1.44284
8.26116
2.97566
4.05438
2.3226
4.31918
5.73034
10.7454
2.427
1.39543
2.44329
3.34358
1.65281
2.02085
3.45624
2.60231
4.31542
4.13647
4.08863
1.08033
5.58531
3.86266
1.05801
3.87633
3.31096
2.94492
8.40936
3.27107
4.45561
6.35275
2.00377
3.48401
4.92862
5.54811
2.11976
1.18681
2.92349
2.82124
3.63679
2.07518
2.01594
2.55068
5.06621
16.8532
8.0307
6.1102
6.23376
2.52991
2.96268
2.50835
4.70664
5.62584
1.31013
5.63434
1.90493
6.84319
1.63336
7.6069
1.09372
0.30095
5.94105
3.56882
3.23092
1.33229
2.06208
1.10371
0.948663
8.28886
3.69822
1.25781
5.88361
4.828
1.8716
2.7643
1.83743
6.05947
3.03928
6.39048
2.63761
1.00493
0.877824
6.51278
8.47607
1.89876
1.10695
5.31276
4.79279
4.25076
10.2569
1.58749
4.80724
1.42139
4.03279
2.49594
10.3328
9.29546
3.548
0.770219
1.1775
1.35044
8.80113
1.51571
3.90285
4.03146
1.74426
0.369417
6.44455
5.32788
2.76637
4.68199
1.95799
9.91824
2.43447
5.65343
1.45749
4.6665
2.25401
5.51452
11.9775
2.70903
5.35875
1.16161
4.74231
3.56297
0.96738
1.08767
3.87187
4.16078
1.25523
8.28666
7.01453
8.85335
12.7439
2.50244
8.00595
4.27601
3.50878
3.91918
3.59219
1.17696
4.68276
0.828681
1.47217
11.6204
8.03939
2.90728
8.2965
3.44951
1.33185
4.97267
3.60806
7.04693
1.60226
4.26548
5.31031
2.85581
11.065
0.77558
7.75422
9.77486
2.25511
4.66333
6.39727
1.91458
3.44157
1.61169
15.2508
1.78784
1.21429
4.26577
7.286
1.78049
1.296
3.39221
1.90947
2.79249
4.62298
2.60366
4.51539
0.994291
7.59854
3.54949
0.560131
6.5227
2.79548
2.25108
1.91177
2.70028
18.4974
3.4432
10.1333
1.46639
1.74069
2.32563
3.48856
2.73033
0.172779
2.47389
6.59567
6.92687
5.30481
2.61049
3.99587
2.56651
4.07131
5.87022
5.5542
5.22707
1.39972
5.03625
4.91331
1.61428
1.52663
1.80536
2.1279
4.18863
2.61638
2.90434
4.36015
4.94026
1.30274
4.03682
4.55238
1.84736
0.691632
5.02582
1.46213
7.2484
1.21521
7.99541
14.8819
1.16806
3.70978
5.24138
2.1841
2.45307
1.17216
5.11686
5.12619
2.56061
1.1651
2.57208
4.39076
3.12536
2.62061
4.64731
2.10986
2.10485
3.25919
1.03183
5.00447
2.62213
2.74639
6.41391
4.7683
2.76343
6.10372
3.07423
1.64456
1.45754
0.475695
10.605
3.81396
0.758283
4.65192
4.22326
1.70414
4.06285
1.96412
0.597729
2.76526
3.91448
5.76245
3.48392
1.55487
1.49549
2.34511
2.24226
1.25
2.31393
3.11633
2.17364
2.53578
1.32218
5.8858
8.48497
3.52978
3.62454
2.36578
2.50678
1.06688
8.79804
16.6823
1.81824
2.46222
2.7067
1.75084
0.554046
6.98275
0.631992
6.74239
0.798878
3.85969
1.02298
6.60021
3.19722
3.94364
4.73276
5.34617
1.57546
1.91488
4.36105
1.63291
1.45765
6.66101
3.90136
6.06419
5.24889
2.66356
3.21285
4.09689
3.1698
9.56748
5.10385
7.49234
0.605189
5.82777
4.24073
0.885221
11.2496
1.78641
6.48741
3.07596
10.5249
4.07068
5.80729
4.33066
1.90269
0.534111
2.33751
1.59741
13.8797
3.5496
6.94691
3.7893
3.83922
6.64779
5.42438
3.35191
5.54291
8.73473
4.17985
4.52916
3.26827
9.77935
4.5063
1.61164
5.41087
3.59841
5.77827
1.20068
2.7968
3.13579
2.27463
2.10101
1.01875
8.50856
4.51959
1.93448
3.63918
5.86794
2.00235
3.02148
0.668948
1.52681
1.82664
3.22962
2.26602
6.48825
1.7847
3.71841
2.60026
4.10341
0.690888
3.81057
2.92562
1.51296
5.37921
3.49752
2.48114
3.23271
2.01509
0.731736
5.52738
3.90808
0.658504
3.20925
6.68087
4.65307
6.21553
4.16566
2.36463
1.87016
1.09888
8.0262
2.4853
2.71438
4.64541
2.81181
3.19416
14.6888
5.24501
2.65838
5.64302
1.32858
3.37634
2.54202
2.61713
3.34218
2.5304
1.33649
3.71944
4.52378
4.64876
6.87699
4.91373
1.47228
9.81862
1.91858
4.10227
1.9936
8.08097
2.8675
4.50912
1.43978
1.36443
4.28814
3.02467
2.96774
10.0362
1.66278
1.90915
1.18781
0.733641
1.20963
6.34357
5.82661
0.854033
4.31972
3.00049
10.4854
6.58571
2.29398
3.74907
2.41726
3.34968
3.07131
0.690686
3.6163
1.86244
0.701299
5.15149
1.93958
0.599884
5.2205
8.68951
1.34468
0.763271
2.73739
1.9485
0.464896
5.96002
6.19617
3.4102
2.8533
1.152
3.13449
2.77415
1.40865
0.594814
1.99498
1.37992
5.49831
6.03687
2.62886
3.83473
0.499876
3.44058
2.1803
3.12937
6.76618
1.9531
4.01875
0.981997
2.79188
0.835338
2.43077
4.85214
3.04029
6.58102
7.06065
1.03013
1.75865
1.60026
6.04674
7.95505
1.21195
3.19344
6.10203
3.21823
2.22055
0.792982
8.90561
2.0803
6.12765
5.72201
8.36846
1.01819
3.00063
4.07952
4.09848
10.4503
6.49829
8.20422
0.421603
1.23796
7.48956
12.2806
0.7811
3.59466
1.71501
4.40521
3.69596
3.16537
1.02487
1.89945
1.71819
1.46535
4.00324
1.41205
0.557711
5.34367
2.48716
3.99376
2.08663
1.83123
3.06913
1.33876
5.427
2.31355
0.627753
6.51796
1.79038
3.49293
9.36588
3.20121
7.4744
7.48839
3.56179
5.5784
6.93649
1.37904
8.76737
3.05592
4.67887
6.45993
8.50484
6.67111
4.57489
1.83076
1.94386
3.27463
0.228871
2.62946
7.42076
1.00971
3.40911
4.16455
1.11887
3.04163
3.66991
0.135342
3.58025
0.969447
7.16618
0.778234
2.22185
1.70776
6.71247
1.9931
5.08407
5.98477
1.14402
6.11904
2.62439
2.11915
8.82189
8.57952
3.72973
3.96072
3.96563
2.46316
11.2789
5.39332
3.00172
2.29733
1.11687
5.25335
6.06125
8.67914
5.00601
3.19785
2.62087
1.82587
3.1891
3.71249
4.8895
4.24811
3.37113
6.45041
2.7789
7.31531
4.86803
5.20581
2.41097
2.28616
0.711296
2.10141
7.18631
2.58229
6.63112
0.947032
3.30593
4.76445
3.46598
7.26031
4.00767
4.28869
7.92664
2.94327
0.979168
8.51588
2.72181
10.1976
2.11932
3.75984
12.967
2.14874
5.72907
3.62325
11.1095
1.50974
0.657137
1.89833
4.17952
2.2798
0.869943
2.99576
7.2529
3.88483
7.11219
1.83375
11.988
4.81139
3.06269
11.4557
4.61479
3.96237
1.25694
3.25372
9.99611
4.00835
3.66828
1.66584
1.95066
2.68824
4.386
4.95529
11.2953
1.19041
1.32755
1.42122
0.602845
4.92185
5.25412
5.87367
2.82305
1.15304
3.54821
8.05362
1.57799
3.81792
1.00806
2.03394
8.62952
1.63253
2.86429
3.52709
7.25624
3.75679
2.57023
2.60068
2.5449
10.0336
1.98743
0.492621
11.5296
1.79063
4.94719
7.11251
9.80712
1.84157
2.38847
2.11739
0.612099
3.11652
8.16946
4.38912
5.58303
2.34175
2.7217
4.18982
4.90053
5.72507
1.84863
6.5543
2.00483
0.645306
3.82818
11.7634
8.00925
7.89884
0.474994
2.0847
0.906759
4.1434
4.16947
1.77224
9.42918
2.93358
4.7285
4.1585
5.47266
7.26921
4.38202
6.42988
0.730953
3.94412
4.7617
3.96979
1.53911
0.69335
1.68979
6.93846
5.40002
2.87267
4.59526
1.73578
1.86096
2.75978
2.52318
5.53641
2.50926
4.09318
2.66743
0.622679
6.386
1.02874
2.30249
12.8916
1.75043
3.70891
5.41591
2.15728
3.7705
7.30828
5.76862
4.36423
2.23892
3.54166
3.79401
3.5008
2.71763
2.76896
3.64787
0.124129
3.16465
2.4629
3.43337
2.31638
1.18219
1.2353
3.69646
4.98605
6.91672
5.70295
2.93059
8.49841
3.08096
6.09742
5.70757
4.94337
6.37862
6.23475
0.852898
6.42684
5.11506
6.18514
1.65711
6.54073
3.57753
3.77943
4.37619
8.1769
2.98149
3.6662
2.89705
0.970778
4.82098
5.6592
3.27962
4.84417
9.75672
5.81341
1.18682
5.5332
2.61352
7.93053
6.65613
12.697
2.82368
5.05635
3.43144
3.1854
0.444103
1.59295
4.7959
4.63606
5.31752
5.50641
1.72899
3.52426
7.19772
7.77921
6.91311
3.57989
3.63051
1.72038
6.54732
6.45517
6.11618
6.69513
1.40061
11.9813
1.85321
11.8037
0.593836
2.44036
6.76696
7.3285
4.2469
13.3638
10.8394
8.58567
1.23678
2.31109
0.41863
3.36669
1.58897
1.11356
1.96937
0.926873
12.0872
2.79678
10.3207
2.76502
2.72883
1.32461
4.45423
0.728445
1.10102
6.26701
1.15444
0.954903
10.172
3.75747
2.27767
1.36213
2.8359
1.33931
2.10543
11.1171
4.3038
3.29153
4.7867
1.34098
2.96016
0.349411
4.37501
0.831752
0.724918
4.43216
1.43483
5.75818
3.21356
1.39185
3.47814
2.78357
4.37427
7.26387
3.29844
5.48616
3.0394
9.38116
0.919813
9.9968
2.44431
0.898031
2.59627
1.75365
6.02084
1.39778
1.07407
3.72164
4.72976
8.19987
5.49856
4.31904
1.37264
6.43373
5.20063
4.71852
4.45897
1.06414
11.8486
12.1465
2.11087
1.83657
4.84613
8.91975
3.20881
1.30119
3.81401
4.34899
0.163649
11.6898
4.31476
6.28563
3.14414
2.64009
0.608106
5.48294
4.64997
1.22617
3.40681
3.06529
2.66059
1.73668
0.217129
5.00603
6.51229
3.57437
8.22474
4.06101
2.88741
2.58072
1.8151
1.78752
9.9563
3.03028
9.94007
2.57593
9.53236
4.12177
5.19478
5.10932
3.68753
0.156809
2.18507
1.82173
1.19146
4.94766
5.51697
2.2266
4.17266
2.48645
0.301086
1.56838
8.05342
6.43363
11.1817
3.29318
3.97039
3.5862
7.44163
2.60344
3.75982
2.1825
6.18991
1.35033
6.3547
1.05428
8.04508
4.5141
1.22285
3.42086
2.61378
0.87467
4.99633
2.31499
6.83133
8.23159
1.3378
0.850774
2.56504
1.13678
3.80816
3.22105
4.69069
1.39267
13.451
0.757718
2.10934
3.49198
1.07414
3.48502
4.99608
0.760291
1.23658
1.83487
2.76413
4.70308
5.13326
1.45958
2.02536
2.47598
5.60264
1.99855
1.81204
2.40327
3.4473
3.64749
1.62427
10.3257
0.40061
4.21083
5.42912
2.61366
1.10744
6.68901
5.46769
1.74374
0.763373
2.71366
3.73035
5.58823
3.79885
2.17722
4.53952
4.25101
2.38433
3.95247
0.800411
5.69993
4.0473
1.88049
2.88313
9.09776
1.61003
0.336703
3.80569
2.38973
1.99691
1.86856
1.92974
0.634977
3.27874
3.47613
5.67204
1.17459
2.94491
7.55536
1.32926
2.73114
2.80183
1.02659
4.37239
1.70496
7.1049
2.49119
2.44891
2.24658
7.6525
4.78586
3.88755
7.66474
1.34086
1.11199
4.84433
1.24364
7.21744
2.41505
5.99733
10.6362
1.51992
8.37621
2.61436
3.51677
6.63553
7.02605
4.13422
0.867677
3.36595
4.26035
1.24659
0.817972
4.07162
2.45811
2.30833
2.46487
6.06656
5.20249
1.40114
4.82332
5.25762
10.492
0.855279
7.72103
1.5426
8.95208
9.40753
8.36698
5.64052
5.45864
3.73413
4.00487
9.22625
4.11763
2.14099
5.65882
8.04884
6.17629
6.63133
1.16032
0.522075
8.30532
0.838825
7.09113
12.6613
7.40607
5.80984
0.593318
6.06238
2.06473
3.30699
0.752641
3.52284
0.783884
4.18269
7.15336
6.1857
2.15053
3.7078
1.78964
7.14033
2.22718
6.91741
2.79422
7.68248
1.20869
2.93522
4.74328
4.38448
2.81923
0.362759
3.22635
4.00604
4.20017
3.6947
2.27517
4.26223
1.22952
3.87222
2.3091
3.07141
1.86073
0.964639
9.98777
1.78235
5.14841
4.37484
0.35026
4.95142
1.18836
10.6983
15.5919
7.6964
1.00555
4.49633
3.73815
2.6587
2.93998
5.75528
0.392853
6.49875
0.383901
0.642151
10.5753
4.73706
3.63179
5.42964
5.93564
1.47761
4.04788
1.49156
2.23325
3.88056
4.25962
7.09262
5.73432
2.02738
7.24987
1.91905
1.22399
3.36281
2.54431
1.42241
1.28112
1.66612
6.54246
5.29981
4.31325
6.87573
2.16421
0.93054
5.09309
4.72178
2.69564
8.45802
2.08121
1.96005
1.89306
2.99517
1.83874
3.74308
4.06838
2.36372
5.16608
5.41267
3.28804
5.13917
5.12405
3.09355
0.724156
0.511106
3.32889
5.34447
4.33945
1.06311
7.695
2.20913
3.25226
3.86134
1.66671
0.361723
6.23574
3.18552
5.99013
3.68081
1.70394
7.55808
3.4179
0.610335
1.98186
0.56609
1.04203
1.78704
1.92902
4.77275
0.941784
1.4025
0.778763
5.654
1.98643
3.77393
2.95022
5.10315
10.7396
1.78086
1.97811
1.74474
4.31097
1.12811
4.69714
2.08003
8.69397
2.39242
5.483
1.80653
3.30267
2.50739
8.60516
2.68374
2.04748
4.08738
4.75106
7.90926
4.06357
2.36832
10.1754
8.21641
3.64841
6.88308
1.46018
4.54671
4.39546
9.44954
4.08552
0.932231
3.86727
5.62163
2.85387
3.74898
1.09907
1.04768
1.13898
2.57043
1.87194
4.07087
5.57499
1.70291
1.88802
1.74801
5.28178
8.58293
2.23574
4.21394
0.825237
6.05343
4.96002
2.30488
1.15208
10.7529
1.6248
10.7289
1.82485
15.7198
1.03905
1.42218
6.82964
2.44652
13.8173
1.06705
3.48726
5.33214
7.2685
2.2584
4.54872
5.79432
0.553168
4.47064
9.02131
6.57598
4.6384
1.80072
0.874686
1.34194
5.43704
1.73791
4.73848
8.91134
4.05063
2.78012
1.45838
2.28957
8.76535
1.63267
5.77441
1.2634
3.61366
3.30402
1.74894
2.86708
1.63523
4.99445
4.16432
9.4419
2.21128
0.8841
14.8914
8.64002
4.20421
1.36177
1.35142
10.5464
5.68201
2.20661
2.56706
2.79297
2.30604
2.89148
3.44274
4.82123
11.5035
6.29651
5.11729
12.7499
1.55261
1.63294
1.27502
2.81955
4.20814
1.48337
1.62776
2.94447
1.4621
2.69326
0.391937
4.94052
2.74513
4.06519
0.954807
4.55605
4.87373
3.18808
6.62181
3.14011
3.37297
6.02156
12.3154
3.51492
7.07877
3.1169
6.38803
4.73433
0.332041
4.12172
7.00398
7.56502
6.22181
2.36814
3.43731
2.88225
1.35784
1.09699
8.09845
2.05234
4.09727
0.808807
1.19368
2.34869
4.91159
3.05924
2.63812
7.06671
1.00726
3.24483
9.07889
8.90095
5.60732
0.570388
0.0904926
3.93361
2.26971
3.80682
2.64803
1.94719
3.33689
2.4867
0.387736
1.77498
4.06038
5.27515
3.56687
4.30429
2.55064
6.67071
1.30672
2.04675
8.31044
6.14333
3.51276
5.23106
10.0434
1.50562
10.1749
9.61607
18.0893
3.1908
3.34375
1.82683
8.39249
2.14706
2.6487
1.20989
3.07369
4.7526
0.901491
7.00472
0.644429
0.428993
5.88072
1.57653
2.74933
2.0048
3.04317
2.4609
4.85261
1.49375
2.32855
4.65259
3.29419
4.44323
1.93615
3.1452
1.94612
7.66297
3.31935
3.82357
0.135007
3.4821
1.60453
4.49308
4.81765
1.84963
3.14009
2.49252
6.68206
3.29958
3.60832
7.12397
1.52668
8.47316
5.6301
1.65342
0.916923
3.8421
5.3169
3.31067
4.08923
3.18544
0.799854
4.67523
10.938
2.1159
3.27481
1.11286
1.32209
3.92925
1.18454
6.36498
3.09597
3.55186
2.91686
3.31469
2.62971
6.13197
5.27202
2.94197
7.24278
2.53769
9.69752
1.96145
0.19535
1.83079
0.930411
4.5845
0.351953
14.7889
3.83261
0.632425
3.75315
3.58228
2.61651
3.33204
1.27606
2.39231
4.55267
4.88472
3.16825
1.17998
3.75135
7.22026
4.82619
10.0464
2.84581
1.33946
6.66865
4.13669
0.979679
5.84527
10.2597
3.94983
1.05541
0.395549
5.28361
8.41595
1.75761
1.63977
2.33808
1.12462
9.6248
4.09903
1.19004
4.577
1.95097
4.82922
4.72504
6.54506
15.6059
9.24421
4.44018
1.21085
4.45695
3.63708
2.57089
4.56084
6.89833
11.0292
4.39305
2.92221
3.33093
5.48213
11.4156
4.4639
1.79039
10.6749
4.32257
2.13954
1.72822
4.81104
1.69112
2.61674
4.02018
4.72002
6.23891
4.34795
2.08171
5.92153
2.42513
12.015
1.92492
2.98682
1.47361
3.83525
1.8708
4.30679
0.561392
4.38613
7.98738
13.8108
2.68244
2.46869
4.003
1.05738
1.35916
5.54815
3.3341
1.51382
6.90889
1.33451
4.16217
6.17646
6.95479
3.38321
1.62194
1.097
12.4023
5.2176
1.34371
3.67414
3.32487
3.92638
2.18173
2.46939
3.22554
3.82245
5.83804
2.57832
0.296903
7.22346
2.0013
5.54311
4.24286
2.88327
1.56247
13.3253
5.28989
6.30508
0.657555
2.18775
2.44457
3.09616
2.86945
5.66569
8.27405
6.38347
0.905211
3.1677
1.37815
3.41188
0.972239
2.51991
13.859
0.918931
11.9097
3.45033
3.13177
6.58372
3.57066
4.6792
5.52862
7.71982
3.18145
1.60102
0.695275
3.06131
3.63456
7.92094
9.35768
2.09418
2.74744
1.68734
7.55626
8.18297
8.93912
1.16397
0.863881
2.84898
2.72155
1.49516
1.70033
4.974
4.90845
6.34686
4.1571
3.74608
2.00684
4.5196
4.16496
2.69386
7.61882
1.52346
1.82753
6.99963
1.68578
1.73384
6.28554
1.04226
1.94668
3.64424
2.3593
3.09945
2.30475
6.2843
1.52971
1.50695
2.062
15.2244
1.7039
11.1666
7.16417
2.96685
5.34808
7.78499
8.2471
2.39829
6.06844
3.46117
1.95057
9.50814
1.52897
0.814614
9.54662
6.23701
10.8819
11.9823
1.80663
1.07501
0.452527
4.74422
3.63615
3.78665
7.68768
6.94722
1.20278
7.23514
3.36713
9.53615
1.37441
1.50116
2.63146
4.55369
8.00246
2.44131
2.42526
2.85293
4.53302
7.40987
6.47764
1.93635
0.911824
7.54029
2.72553
2.96905
3.84848
4.81199
0.7636
3.03373
2.37743
1.29289
3.92277
2.85681
3.54631
8.82186
3.1775
4.43711
6.12018
2.85648
5.43603
4.58794
7.31309
3.59726
1.81679
1.9612
1.76665
1.07715
2.0417
4.49369
4.68518
5.31546
4.23176
2.68074
6.64453
6.13758
4.40065
6.36771
4.55292
3.01565
7.3621
3.25369
5.82077
0.680155
4.07994
10.174
2.29374
2.12872
3.35371
2.44643
3.81483
5.21946
1.34888
5.49893
2.83258
4.5227
2.35654
5.97259
1.38755
1.11413
3.8792
3.69455
5.82784
1.11967
1.74306
3.6751
4.84174
5.42561
10.5898
5.51491
4.54355
6.87592
1.63005
1.98278
3.96342
6.86572
3.3411
2.33223
2.82449
10.7303
4.71095
1.66203
4.62214
3.08401
2.72368
2.77771
11.3895
3.45423
6.28815
0.425739
5.33527
1.95786
4.18697
1.71135
2.53546
3.07765
1.76882
5.04027
2.64883
1.05793
0.277904
1.3118
3.00964
2.04061
4.90824
0.915124
6.03335
1.59441
6.51148
6.1141
0.594998
7.06174
4.19542
3.34675
2.76849
2.98747
3.87158
6.26707
0.673873
4.31809
1.28374
1.18436
3.54987
1.49214
3.63307
0.744436
10.3652
2.20663
3.91547
9.97682
0.801114
1.6433
5.39586
1.65677
3.77474
2.12828
12.664
5.10554
5.73007
1.83735
3.36646
7.1897
4.65922
2.40734
1.53031
6.01438
3.63605
3.45641
5.25931
2.72251
2.94924
4.61577
3.80036
3.56867
5.88065
2.48678
1.33035
7.56541
0.938478
3.46781
5.20782
1.07326
3.31129
8.31099
0.452231
5.61178
7.63142
3.42486
6.50653
4.09854
0.806414
2.9742
14.1615
4.6237
4.39902
1.49981
8.3523
2.79404
11.5817
0.610584
12.2211
3.90004
4.72053
0.198551
5.17922
1.75755
5.54297
1.3707
0.44473
5.02527
2.33397
3.80153
1.96445
14.3767
1.16823
1.93238
4.2964
3.39083
5.1475
4.60163
1.26146
4.65392
11.0144
7.77804
4.26564
12.7423
2.53805
5.39351
5.53733
1.8899
4.69382
1.74418
3.83168
0.679685
6.12963
3.67652
4.38339
4.77272
3.91117
1.3597
2.36328
4.25927
4.2901
2.84313
11.3413
7.87377
2.60025
2.63478
3.8627
4.76681
0.970735
1.0185
1.58136
9.03736
5.10982
4.19414
1.54363
1.66906
1.00979
3.04503
2.3938
12.8898
1.59009
1.82195
2.4367
3.34389
8.23364
1.19665
1.44288
10.157
7.40621
8.19629
7.99573
5.97637
5.14682
1.97699
4.19025
5.73515
5.04647
1.85833
7.99527
2.3105
1.71143
4.15195
6.38383
4.05289
0.975489
4.32447
0.837994
2.46793
2.25957
3.47944
1.73095
2.12739
1.89096
8.66221
3.79098
0.868945
1.61771
0.560947
3.90451
7.72239
2.11459
0.176153
3.55687
3.13016
2.58151
2.61448
1.16127
1.91898
3.51904
1.02777
6.31332
5.31501
4.85535
2.77744
1.4819
1.84469
1.84866
2.68764
5.03441
2.96369
4.17958
3.81596
3.03028
2.51087
3.56325
1.42656
2.9302
2.52254
3.41383
4.70398
8.5101
0.602223
5.24166
6.02653
2.78238
1.19433
1.67499
0.323406
16.3327
2.74545
7.64158
1.59566
5.58582
5.43192
4.66968
1.01762
5.25627
1.70024
2.36142
1.5941
6.82914
10.412
8.79967
6.29119
2.5331
0.519037
3.0376
3.23289
3.42794
2.56125
1.9076
2.66505
2.83275
4.56116
1.48455
6.3655
2.9528
2.7271
3.42076
0.133543
6.99809
2.26333
1.93024
3.58381
8.73375
13.323
3.52457
7.28539
4.55662
5.06979
2.66496
2.94108
0.631038
6.0194
3.68376
1.88662
3.15328
1.77984
4.09077
5.17785
4.17174
2.87371
4.36272
3.98464
2.92812
2.60325
5.16308
5.63169
3.54161
7.83413
1.37749
1.50457
1.91126
0.645538
4.4394
6.48808
13.7232
3.80665
3.30699
3.76016
0.477417
3.59583
2.78403
5.08906
3.99589
2.75521
2.83392
3.35314
1.80153
0.85034
0.603145
2.54115
2.04533
3.81537
7.96099
3.9194
1.09788
3.74348
4.12349
2.63796
2.98576
4.02132
2.39576
1.94924
4.02854
1.53239
2.43304
2.21505
4.08794
3.57735
4.03181
3.38513
0.485123
3.20471
3.18614
6.76919
1.83593
7.70736
2.70369
6.17805
4.35172
4.38848
0.893888
16.0601
7.82276
0.901913
7.6889
2.72062
4.96006
4.94881
5.43068
1.91823
2.12724
3.24355
5.25101
2.14071
3.73793
2.53821
3.00784
6.11775
2.23324
6.78615
4.87293
1.0235
2.52322
3.36681
7.21919
3.8266
4.69623
4.85432
0.93523
1.14436
3.42745
7.5999
4.7709
0.568116
3.46933
5.5811
4.85576
9.76505
12.324
3.87656
2.87091
2.3973
1.3371
7.44052
0.947316
2.95859
2.89473
4.29626
2.03519
8.69375
3.55276
8.056
3.30134
1.67915
4.61739
3.3403
1.34609
6.56752
2.52124
6.26567
2.58476
1.89321
4.67878
0.0700689
4.59097
5.94343
2.23643
7.57932
2.658
1.83986
7.54438
0.507685
1.98862
0.842974
1.23992
3.29824
1.78012
2.67806
10.2877
1.48024
5.68917
5.52866
1.23855
5.73781
2.71393
3.66012
2.91071
5.79978
1.91085
5.74598
10.5613
7.55326
1.56616
5.47716
1.89199
3.34517
4.26847
1.06116
3.31173
5.42613
3.48979
2.47215
1.43542
5.94061
3.32565
6.48613
2.25357
4.14775
2.20787
3.991
7.02581
4.41699
5.57943
2.55974
1.98164
2.63622
2.78741
4.68817
7.75903
0.787813
3.4527
1.26434
1.45976
3.14595
2.01047
1.77694
8.60697
2.5352
12.805
0.688435
6.61624
4.1748
4.96899
6.66205
3.13043
10.6132
2.90306
4.30865
2.46536
2.41218
3.4279
4.46293
3.2913
13.4206
1.20917
11.27
2.09203
3.32897
1.26915
2.33566
3.70414
5.39501
8.32881
11.5618
1.91238
3.90413
0.715025
3.4704
7.21932
10.7507
3.40166
4.78226
6.03813
5.63647
7.87482
3.79517
6.99001
6.97304
2.16521
5.90296
7.09056
0.792688
1.74614
3.89728
6.45787
18.0336
1.80147
12.5694
3.4234
3.96466
4.62137
4.89046
8.07744
3.84539
6.72644
7.29628
9.34243
11.3689
4.13796
1.56088
6.11686
9.68543
13.2668
2.89806
1.75535
4.82888
4.50438
1.41597
8.18578
1.72051
3.04839
1.21095
5.10936
2.73197
7.94716
3.4448
1.1194
0.155793
8.16886
7.84
6.87137
5.25951
0.850951
1.8401
2.10394
1.40046
3.5609
0.99341
9.12691
3.06735
5.18501
2.69856
2.40562
0.648948
3.03874
10.1921
6.94611
3.65318
15.0191
8.12418
1.6541
4.14506
2.10701
11.4655
6.12177
2.69536
1.1664
3.70484
4.90849
9.91724
5.37185
1.6465
1.354
5.48205
1.59122
2.47739
2.19322
1.02031
2.93706
0.851535
13.7229
6.88882
3.03011
1.45108
1.39938
1.20204
1.53218
6.26107
5.66171
5.48279
3.46231
1.18161
3.78574
5.74364
0.832272
1.50817
3.66932
8.00201
9.67457
1.95048
4.8513
1.00738
2.81182
2.77852
3.70565
5.82853
3.00515
3.79313
6.75534
8.15723
5.34889
8.18676
1.97036
3.7871
7.08648
3.08146
5.30112
2.35009
5.44511
1.32779
3.47054
6.79816
1.26161
0.220316
7.86795
1.61884
1.21541
7.38294
3.2832
1.08465
4.76782
7.99852
1.36609
3.85966
4.47517
2.48817
6.01614
7.97544
0.734406
4.73351
4.16577
3.39008
9.12219
2.25168
0.701154
4.66224
1.45346
8.253
0.57352
1.77479
0.343218
5.26217
1.64712
1.663
6.25208
8.5972
2.02187
2.796
2.01494
2.40208
0.759885
2.53788
3.03507
7.03839
4.24609
2.88175
2.1141
0.618357
0.762986
1.36193
3.77655
2.1753
2.06766
11.6904
2.16981
0.471899
1.07614
2.55349
5.78897
1.6031
2.48769
4.40387
4.80246
3.83161
2.18806
2.35992
6.69302
2.39341
1.19792
2.12369
7.48172
3.41624
2.4939
1.6873
3.44767
5.51766
4.83499
4.90004
6.50926
1.35751
4.74216
2.89168
2.15342
0.856673
3.51027
6.06098
4.81013
4.26604
1.36344
1.0647
1.18041
0.183494
1.42873
2.35741
3.0243
4.24873
6.0902
2.47357
5.79193
1.19584
5.68498
2.06712
5.77153
2.3462
4.18601
7.79803
4.02877
0.306957
0.863453
4.8514
6.362
9.05219
6.91837
3.00598
2.40719
5.46489
3.09719
10.6837
1.16256
0.797848
5.72094
3.82021
2.82511
3.36401
7.99608
2.99294
4.18851
4.33509
2.97146
10.7016
5.07285
1.59027
11.817
3.46908
1.94212
9.84583
5.63733
3.65306
2.82045
3.92981
3.00553
1.59314
3.15572
3.87013
5.82231
1.29143
3.85246
3.04421
2.03391
0.492733
3.47059
4.94457
2.9579
0.784613
0.493818
1.52231
9.46
3.71244
6.14713
13.1946
7.1145
4.51592
9.22822
7.05504
5.13454
3.45137
4.89151
3.94392
12.0224
4.06192
5.31459
3.32865
2.88471
5.02546
11.0913
1.56322
2.41895
7.40641
0.638309
1.80697
3.29239
4.34265
1.62476
6.56532
8.16847
9.09331
3.81648
1.81752
4.12955
3.37903
0.930332
5.10762
1.45386
1.27121
2.97037
11.3103
3.45224
4.83094
3.24707
1.73672
1.42245
8.28474
9.70517
9.00704
2.91857
8.2253
2.42721
7.62786
2.36744
5.34838
2.19784
4.79724
2.97356
4.31468
6.3757
4.09266
6.60714
4.79905
13.2456
8.33557
2.15689
1.66348
2.43818
2.95015
5.33978
3.09489
4.15754
1.18335
4.13317
2.60119
2.77763
5.50712
4.14401
1.65277
1.25043
5.02184
1.23702
3.18724
2.26219
3.19466
3.6846
4.78295
0.806082
2.89457
5.29356
5.20018
4.63422
7.59681
2.99276
5.25983
1.98785
10.1514
2.9488
7.63022
1.27651
0.837674
9.80705
2.27241
9.52903
2.4848
4.49674
4.03589
4.17378
2.16371
2.94327
2.63059
2.20762
6.46673
20.7853
1.31832
10.9036
1.27429
1.25756
4.83188
4.18459
2.88672
3.34222
5.05175
5.78479
3.28307
2.40696
3.9664
2.67868
4.23356
1.28755
6.79746
2.70948
0.833552
4.04319
5.41883
5.04153
5.5276
9.53112
2.54829
0.512915
4.20389
5.33568
4.17725
2.76714
6.52888
3.43639
1.77195
0.431458
1.93367
4.80918
2.21268
3.26675
2.71684
3.44426
6.87473
8.15413
3.05081
3.12122
4.29848
3.43355
0.829859
1.63982
4.76011
2.648
5.46256
8.70608
7.01826
4.49189
4.1433
3.58467
2.70503
0.285362
2.16415
7.9607
5.01973
6.58957
1.55984
6.54507
2.75324
1.23352
3.01881
10.6074
1.0509
1.77661
2.81239
2.41914
5.87913
0.484503
9.18679
1.49039
2.79131
0.905226
0.951688
2.16007
2.36191
2.92825
2.54188
4.02594
5.60476
2.70257
1.77808
2.94645
3.83658
5.81921
6.92128
1.81751
2.97924
2.04186
5.47077
3.86952
9.53734
3.90007
1.81328
9.63289
4.58163
4.89014
4.61741
1.86174
2.5051
6.48075
4.83692
7.10898
2.44506
4.05888
2.47923
3.40448
3.58412
4.01061
1.3139
1.15761
1.84258
2.31509
4.70864
4.79371
3.85138
2.23971
6.34755
2.40392
2.55207
4.52127
1.41827
2.03829
4.44617
5.33093
1.80587
4.84036
4.32467
5.32783
2.78814
5.32039
2.29384
8.21
3.10409
1.55226
0.887559
13.5004
5.68564
6.45135
0.315301
7.00019
3.35702
13.0207
1.67726
7.53506
5.23181
4.5712
1.60391
1.17177
13.7485
3.9888
3.52226
9.06823
3.95457
0.317676
7.68675
4.16557
0.892898
3.02326
6.05899
0.468449
5.55372
1.02947
3.17452
4.56731
6.73217
2.90976
8.10177
7.10266
5.32646
1.81032
3.10114
1.63907
3.03681
2.12585
4.57644
2.17012
2.28979
0.462401
2.69311
1.50706
5.26875
4.93692
1.66621
0.64098
8.25572
3.94723
1.53266
2.86779
2.38294
4.36156
4.99175
5.45535
13.6543
1.56518
2.02689
2.61379
2.83364
9.22379
1.72401
0.85325
3.3901
2.88405
9.72861
6.12234
2.64873
2.04008
5.51324
3.661
2.55582
0.662503
8.10364
5.51829
3.8252
8.96114
2.38124
2.56889
4.09998
8.02572
5.58897
8.58166
1.13011
3.11487
9.06182
0.557951
5.94121
1.19299
13.1299
8.17811
1.21687
3.05956
3.35197
2.22775
2.0757
4.19077
5.48811
1.1321
5.12498
1.88293
12.9299
1.05033
2.04226
2.64389
1.83667
2.4068
4.2876
2.45416
9.30138
11.0968
5.88358
5.52584
7.54044
3.74697
6.83917
3.23943
2.73702
3.32475
3.59391
0.587563
5.47028
0.481955
0.526615
2.59115
0.896452
6.85442
4.71649
2.7814
3.95303
2.05831
3.65743
1.94146
5.69866
2.37808
0.372182
1.7502
2.21054
0.393916
6.51022
5.13528
3.18418
3.3862
1.36101
2.72991
8.24825
4.35727
5.45597
1.47303
1.94978
1.17826
3.17029
2.49952
7.06086
1.293
3.47545
3.31271
2.38994
3.41667
4.56688
0.612183
5.39336
5.76915
1.52523
2.70851
2.40063
2.23778
6.88613
2.74751
2.56911
2.63686
4.89847
1.23085
3.08691
4.4363
1.01222
0.875265
3.31992
6.0613
0.850976
3.71552
3.98034
1.71292
5.20264
2.60852
3.81821
9.33066
2.24893
1.50117
2.59867
7.35035
3.00027
3.28074
4.04704
0.969805
2.25058
0.527079
6.52116
0.560793
0.664878
1.91681
0.995625
5.87165
13.1468
3.21844
6.44485
4.45764
1.73038
3.17631
10.9006
0.947748
3.62768
3.97105
19.8606
3.19378
3.75071
1.83606
1.43434
4.91605
5.5942
8.95494
2.47815
2.62166
10.2973
6.07847
2.91689
0.887315
1.01881
4.27861
0.815457
0.451759
2.48493
2.48983
1.87856
1.44184
1.49026
0.444805
3.83053
4.23868
1.29447
2.27967
1.2437
5.74605
3.08888
3.9668
10.6626
8.75351
6.32646
4.95872
3.24897
0.996437
1.8367
4.25194
2.07115
2.10968
3.65933
1.273
4.7359
7.91642
4.21396
0.669219
0.446808
1.16249
12.8285
0.8254
3.04892
2.12096
5.2085
6.44338
5.41333
2.22279
5.15877
0.934635
1.59366
2.07283
0.462396
1.64123
10.4333
2.51851
4.73001
2.36272
2.4824
4.27754
15.4964
3.29088
9.28089
0.900769
2.59514
1.75321
2.76681
1.43835
3.68033
9.56448
0.732328
3.84801
0.629709
0.772994
1.3528
2.05779
5.45345
5.74474
0.663929
3.01875
5.19611
6.99675
2.35018
1.72283
2.13935
3.57286
2.50947
4.52653
4.32652
3.26654
4.08545
0.91061
10.5158
7.7745
1.70194
2.92085
3.61817
6.03206
1.83408
2.21283
6.31761
1.86546
7.48646
7.09522
5.07438
8.59115
5.82647
5.41289
2.861
5.9256
3.81105
3.81461
4.53952
3.90848
2.17979
10.5232
0.557288
5.28355
6.29977
1.38665
3.01695
0.984937
1.79273
2.36946
4.79128
0.908849
5.21965
10.9577
0.713755
2.90862
2.03346
1.89947
2.12795
2.02444
4.71693
1.48987
3.25604
2.95983
4.91723
2.52195
7.11939
3.17467
2.61101
1.17101
5.13145
4.49183
6.29606
2.96526
4.13611
7.39272
3.76736
2.20306
3.17656
1.18446
5.10701
0.740969
3.7122
2.03598
6.34919
1.66706
0.542486
8.79711
5.90426
7.47839
4.49679
3.90494
1.40391
6.88989
6.00878
2.6858
4.55535
0.853628
2.10777
7.19639
3.52045
9.17876
1.71698
8.72975
2.87279
0.880152
6.82979
4.62316
2.79509
8.73393
4.18072
1.2963
2.24287
3.85613
8.12288
1.35839
1.58182
8.16953
4.65867
5.92474
0.955629
1.14734
7.13806
2.87415
17.0659
0.384001
2.83545
3.36052
2.94766
1.19655
6.57219
4.85259
3.11524
2.48846
3.06558
4.76913
6.02825
4.60852
8.87491
1.64259
0.514865
2.06858
2.10212
3.26539
3.30888
2.38317
9.64154
6.51504
5.60625
1.49073
7.68829
1.37973
9.13545
12.1117
1.30138
8.10414
8.67942
3.4947
1.011
1.67062
6.71209
2.15499
5.46303
5.50437
3.00107
1.34423
1.16615
0.898572
8.80366
5.57039
4.11379
3.99546
5.81705
2.21617
1.62535
4.97202
9.11298
7.56717
3.36878
1.11738
0.959939
7.17
3.97269
3.5173
6.66469
4.98558
1.38998
3.7643
5.05739
1.95253
5.76253
6.85086
7.81386
3.85262
8.18875
4.14587
2.02763
4.99253
3.91142
9.58195
0.771375
4.06018
2.77636
1.7714
4.58089
3.32658
3.11041
1.70389
2.21833
1.54759
0.799916
2.86491
6.30526
4.90806
7.46739
4.77534
5.42603
5.8941
4.31063
3.37355
1.63288
3.57069
1.11596
4.51414
4.39201
10.5801
4.17538
2.94765
5.53975
3.41233
1.14606
3.91685
3.2854
0.527622
7.08776
2.64485
5.09316
1.42388
6.26009
3.76693
10.4997
1.79764
5.29637
4.46826
3.83537
3.16822
2.81914
1.70271
2.31362
4.35738
6.41328
2.65989
3.87483
8.86453
3.97111
5.46221
5.70199
1.78347
8.33173
5.80815
0.885375
4.25481
1.28171
4.11258
3.53663
0.989541
8.68589
0.744304
1.06541
2.16175
5.50807
1.46386
9.98393
1.51551
3.69296
6.85283
1.4256
4.74208
2.56548
7.7289
1.35991
2.26583
5.57027
4.00236
3.94218
6.44133
2.75326
0.95205
9.33355
4.64066
0.524218
3.44411
3.53588
4.10395
3.32092
2.55546
7.5027
4.40988
11.3545
6.73049
3.59258
4.50228
5.10075
0.934412
2.14848
1.0614
2.38962
2.3413
5.59263
4.53024
2.84842
6.64365
9.08002
4.90567
0.571362
3.80385
0.937512
2.45914
4.11024
5.42322
4.12683
0.421903
1.74356
4.26316
5.77951
0.910011
9.02156
2.84129
2.00186
2.73831
10.5549
2.92876
2.7788
1.92141
1.33763
0.345031
3.23113
8.59902
6.99642
2.01145
5.52008
7.03847
6.30492
7.66162
6.1765
4.00304
2.4465
5.78799
6.87701
1.92145
4.42438
0.404157
9.48558
2.26676
0.586118
3.57647
2.36819
1.4439
0.245135
1.71569
0.375672
8.4348
2.86502
9.12282
1.88266
1.02981
1.57486
2.0264
2.08627
5.12029
4.9957
0.987543
2.86857
1.52699
8.33538
5.28831
0.272753
3.49222
5.80376
10.5462
9.60589
2.208
1.92066
3.09808
2.34563
3.27283
1.59789
5.16948
7.56154
8.79922
10.1677
13.8736
0.862027
4.25045
5.88566
1.11664
0.759945
2.78282
2.08172
1.03236
7.90032
2.49387
6.90842
4.23577
1.64188
0.983846
0.77041
6.7041
5.42223
8.46027
7.11704
3.54032
2.29208
0.575463
1.86823
3.62641
5.38647
4.51701
3.67419
2.19217
2.30765
4.06066
13.1251
3.55842
9.0564
0.437408
3.5956
1.11008
3.86843
5.76908
1.14522
5.56691
4.54136
2.24997
1.06418
5.36474
11.3376
9.58655
1.74852
7.35224
2.22197
0.907471
3.66598
3.10769
3.31262
5.10871
2.34884
1.09657
4.91764
4.78642
6.00419
2.70623
9.32675
2.9004
1.53345
2.5314
8.40389
5.43425
2.20349
1.7921
7.58432
0.739854
8.3901
6.82087
1.52553
3.07678
2.00664
4.89093
2.01445
11.4214
11.0132
3.98866
6.38983
3.26216
11.4654
7.15005
3.65098
4.84885
4.73232
2.65071
9.9146
11.783
2.50982
5.16879
5.78043
6.82457
2.01589
1.46139
2.99338
6.6852
4.23178
3.13813
1.61272
7.5545
1.06622
5.51382
3.68389
3.16528
6.47925
4.3022
4.68817
0.931052
2.88812
2.69804
6.09697
1.33583
7.52102
1.29342
8.27049
2.34318
7.29247
0.874154
4.07425
4.26259
4.39976
2.74656
3.56442
4.10744
1.63102
1.05652
4.95653
10.31
2.55531
2.06227
0.538596
0.384361
0.87093
5.31044
0.932719
7.18728
3.21737
3.44417
4.68636
2.79641
1.15986
1.0525
3.37213
2.80248
1.90369
5.14368
1.11196
6.21979
0.469098
8.68353
1.82518
2.62301
4.65525
2.89016
4.25089
1.2979
4.7026
1.62596
2.64029
2.99239
4.06309
1.52173
2.55927
9.23738
4.70536
1.08657
9.34199
2.05198
2.18767
4.67513
7.58352
2.13388
1.73279
2.39342
6.49492
3.17405
4.38515
3.77276
7.39264
8.84188
1.24919
3.53971
3.04599
3.34779
1.57
4.3067
0.141949
2.86342
1.3409
2.50294
3.28651
6.14858
3.88158
10.6727
1.11432
1.41532
2.03884
1.973
0.757298
5.54691
1.57146
4.53228
3.9493
2.29368
3.10436
10.7624
3.33635
5.55072
10.9551
0.81944
10.6947
4.41751
5.76651
2.7652
7.00705
13.6198
2.10685
5.95065
1.92493
7.30245
5.34109
7.37797
2.30366
1.97137
2.44656
2.21212
8.95904
2.36268
5.75859
3.80592
7.02983
2.88287
4.51061
1.3955
7.00759
2.36414
16.9899
0.833068
4.15666
3.14383
2.30633
2.19576
5.06337
2.58767
6.89065
3.42768
5.83038
3.44457
8.71148
2.87465
2.69491
3.0609
5.00394
4.28564
1.29778
0.968169
4.4489
2.65896
2.84177
2.94107
1.17493
4.65897
5.21425
2.62383
5.67196
1.19194
6.59081
0.663401
4.37199
5.83608
2.22262
0.785806
1.83506
6.03784
3.66539
5.84487
2.63367
4.24183
15.2176
4.70694
4.43994
7.56381
5.57523
9.00938
1.02795
3.96953
6.20476
3.7459
6.41659
4.72073
3.03705
2.85236
2.1865
5.01797
2.32592
14.7681
7.10445
3.50926
11.522
2.57521
2.31836
1.37411
3.68904
3.82804
7.50371
4.10282
5.29389
3.81503
0.73612
5.13153
6.09109
5.48314
11.582
1.55651
2.91696
1.78883
4.47008
0.878218
1.87427
4.18958
1.48039
2.22202
0.859387
8.03735
5.40747
1.1571
1.44664
2.56223
4.98993
0.746624
1.34761
3.45742
3.19503
1.57854
6.10395
7.57846
2.98602
5.00338
5.15394
3.97579
7.71031
0.614554
3.86446
2.30072
0.23828
6.86733
4.04476
2.73068
2.12274
4.64923
6.71655
7.17159
5.47869
4.96392
4.94209
1.69981
1.08982
5.29347
2.0297
3.4902
5.58953
2.92527
5.00446
4.79789
3.00875
4.09101
2.84938
0.359149
2.15058
5.62798
0.939722
2.54434
1.71373
5.48376
1.17133
1.26095
3.69751
3.54182
2.56253
0.611671
0.46179
2.01873
1.951
8.07743
3.9804
2.65193
2.85759
2.11302
4.44222
7.95572
3.03064
0.668255
9.7378
4.89563
12.4004
7.15474
5.15162
4.83842
2.00713
6.4259
10.7227
2.38357
1.80482
1.01243
4.54725
6.3037
8.55729
2.69815
3.95411
4.09081
4.48689
5.85891
1.53889
1.42535
3.62029
7.29502
1.17804
6.69795
2.07049
4.1736
2.98518
8.63995
4.81497
4.78149
2.99813
3.74651
3.98853
2.03461
3.96099
1.26458
2.17487
2.73979
4.79338
6.13526
0.942946
2.67563
3.8392
12.4072
1.90761
1.27063
5.44386
1.44961
1.70879
10.956
2.60852
3.53677
6.02489
0.38889
2.39523
8.91025
3.0519
3.19593
3.00971
5.11477
2.37601
11.8878
0.83616
7.94286
2.62609
2.9834
5.4008
2.19044
2.72329
4.85844
3.77091
3.88895
2.94251
3.92032
10.4766
9.16663
2.54297
4.69014
4.73028
2.44812
3.07831
2.38284
3.46723
1.74374
1.9465
4.05869
2.72396
2.62327
0.193388
7.19099
2.2227
3.55748
6.41081
2.98199
1.41917
0.55499
4.57699
2.09101
7.40645
0.681891
2.10393
1.44108
6.13115
1.95715
9.83542
5.58492
5.0727
2.79931
1.03946
1.76025
7.32793
6.78112
0.6726
10.2878
1.16097
4.39752
2.5512
7.36777
5.43922
3.88538
7.47212
14.8987
3.49771
7.49084
1.24681
11.444
3.80475
5.20747
4.01388
1.34384
1.58604
2.57843
2.38283
4.80668
2.1122
0.42561
5.91933
4.01647
3.81667
0.704295
1.16886
6.03041
3.38031
3.28268
8.95215
5.40393
3.57995
3.30655
5.79834
9.41416
2.5805
2.99644
6.42469
3.86238
1.85949
1.96047
9.15566
1.62763
12.3179
1.84626
3.38306
4.11793
0.603069
3.96848
1.86449
4.74318
2.92465
5.65825
1.73234
4.33581
8.11851
3.56497
1.49199
4.98505
3.21378
2.39927
6.47368
6.00756
0.996948
6.07642
3.83455
7.561
10.7968
8.79643
3.59177
6.90773
0.727003
4.07705
2.51917
5.70546
5.97145
5.64563
1.55042
4.43632
2.03316
2.29132
3.24019
1.58268
5.55026
4.10544
0.563536
4.35472
3.81399
6.59198
4.8692
7.21889
3.5865
3.0552
1.09562
3.1131
7.40332
2.00741
4.0105
3.30282
0.724603
3.19476
8.96905
1.03492
3.38579
2.34236
8.66594
3.89691
0.595607
4.18524
0.15845
5.44157
2.2197
3.0529
4.24799
5.2671
3.26729
3.1554
5.16001
0.935803
2.03109
5.28727
2.0504
1.95582
1.18955
4.25228
0.164125
2.88906
5.34814
1.69467
3.2568
1.28466
0.357769
7.14115
3.46252
3.55277
7.82781
1.17529
4.82967
3.18979
4.44304
3.36309
6.4263
2.71589
4.29969
0.62194
3.11994
4.42812
12.8174
2.57846
6.06392
6.59816
1.91506
0.740286
6.70505
0.792041
3.04901
3.51321
2.47056
2.11998
0.727586
1.6335
0.92999
2.45988
7.59274
3.94224
3.10335
2.27204
3.76404
3.62076
6.31235
1.86998
5.00837
0.665526
3.86619
7.99707
2.45378
4.31407
4.50238
0.223635
3.82485
11.0829
6.90778
3.85065
4.47409
1.34199
4.18742
6.35253
1.90955
18.2084
1.82404
5.0045
3.19825
1.81313
3.76989
5.20551
1.50197
6.93062
5.65769
4.88525
8.04751
0.209303
2.6597
2.58368
2.32771
7.05633
5.85637
7.77182
4.40825
0.976181
5.89475
6.28506
1.22841
2.00304
3.12042
3.45316
6.21615
6.26115
1.69569
6.22133
2.82551
2.11966
5.88275
7.40251
2.46515
1.11777
3.85612
9.60735
1.98677
14.2498
7.43104
6.53708
4.15962
2.44423
5.42021
0.403492
2.21616
6.26863
7.61919
0.657295
4.79412
2.36346
4.42533
3.02721
3.70542
0.85017
4.07355
5.66329
5.11817
1.0622
4.4934
3.80883
1.52901
3.35872
2.57826
3.09854
2.40532
1.22596
1.14342
0.169009
1.93815
0.816635
3.33385
2.6384
7.7844
5.82563
0.707888
3.8107
4.64679
2.92442
0.713446
1.5565
4.17473
4.03939
1.99243
3.50299
2.39633
2.8693
2.68225
1.56296
1.7827
2.19713
6.01011
2.90622
1.14166
10.4009
1.20527
4.16852
4.87352
3.12334
2.87556
6.92304
1.94487
7.56514
1.39713
3.43534
1.49188
1.66365
4.91529
3.04237
2.65583
5.15459
5.88111
2.19358
2.6213
1.8503
3.97447
2.45173
1.73988
4.36565
2.81404
2.35394
7.46904
4.32156
6.54506
2.29798
1.55244
2.69964
3.95315
1.22439
3.81824
4.19443
4.1944
1.53554
5.00249
1.52447
1.10253
0.382858
1.4314
1.46542
3.65723
3.9565
2.8997
0.686845
3.7643
16.2868
2.00669
2.19779
6.73975
3.61194
7.77416
6.55577
1.46275
3.42612
6.45572
0.518248
2.06204
7.3965
4.39448
4.51215
6.11245
1.58476
2.25794
3.87952
6.1939
3.37841
1.70715
1.45506
0.380708
3.64201
1.84234
2.042
6.95628
0.427575
7.0617
3.71113
4.7618
6.26559
3.33328
7.60968
10.787
6.33653
2.48969
4.6951
3.50266
12.0331
7.57804
1.51032
4.20889
3.97192
3.56278
2.90793
5.45162
4.39498
0.9664
0.659611
9.18416
4.44661
9.56564
4.47612
1.24924
2.2712
0.886449
5.48743
7.74206
5.28904
1.463
2.54234
1.9235
1.38437
3.77151
0.803084
8.76265
1.48299
3.40769
1.07948
4.02851
5.38112
1.73406
5.8014
7.29205
0.450244
2.28339
3.92606
7.50197
2.61038
7.17655
5.40658
5.62634
2.58533
6.20058
2.6564
2.18742
6.41191
6.83737
0.977848
1.90375
3.09043
12.1454
2.67034
0.75235
4.55259
2.67324
2.17901
2.64004
5.86239
4.81236
10.4532
1.96797
0.136306
11.8968
3.83409
8.09199
3.17393
3.28532
1.16905
5.5888
1.85619
1.56402
3.4966
0.232312
1.68398
1.75795
8.69317
6.40877
3.94546
1.2293
3.46184
4.10293
0.980285
1.38298
1.39884
8.22186
4.02674
0.550147
5.15868
6.08715
7.09259
4.50799
5.98803
1.80804
6.14313
3.91791
6.05909
4.50411
2.04251
1.03987
3.65125
0.938562
1.43012
0.957483
1.08862
3.39578
2.44904
2.13001
1.36037
7.29702
1.60714
2.632
1.02684
6.84884
1.25781
2.3839
0.91312
3.31081
5.42316
1.58898
10.1586
6.58992
2.25123
1.46165
6.71297
0.729451
5.82776
6.29785
4.68478
2.52185
3.4589
6.21291
3.15707
4.95548
9.11246
1.87981
1.57972
1.95573
1.88182
21.3651
0.472364
0.770567
1.51093
0.622411
1.23089
2.6047
5.32561
0.615053
3.13398
2.68523
1.91615
1.99795
3.31325
8.05674
1.24982
1.02162
3.67848
2.34996
0.994057
3.90368
2.02567
5.71762
3.99705
10.1259
3.06788
1.94419
4.48041
14.225
2.9144
10.5128
1.17983
2.08444
4.5864
3.96549
9.57656
5.79471
1.03082
3.05797
9.41
2.44761
12.2698
10.4524
0.853135
5.25677
10.0019
0.354516
3.22941
1.40894
4.70886
1.49418
2.25877
5.24542
6.56526
8.29349
3.11623
4.14118
1.49339
1.77765
2.91354
4.43105
3.1733
4.24113
1.32265
7.44167
4.49392
3.97033
2.8677
7.02269
6.96919
4.47872
0.454984
1.06039
9.42678
2.27516
1.90014
0.513938
3.42416
5.51257
3.76008
5.85349
1.43004
4.73019
3.70556
4.59427
6.67591
3.21453
4.08694
1.84369
1.35911
1.52478
4.78287
0.810638
0.814402
11.2395
2.21411
5.30088
1.38486
0.739048
4.60662
4.29965
1.71331
1.70749
6.63199
6.71514
1.03324
0.612573
12.9894
1.31393
1.69767
1.97958
4.44913
1.80416
1.12367
3.48655
5.05639
3.37583
1.38557
2.82916
2.03656
20.3566
1.75224
5.24956
3.24992
7.61058
6.0368
5.58343
1.84919
0.510625
6.97199
0.965128
5.38283
5.5804
2.50339
5.07876
9.09977
7.47201
3.95264
1.19138
2.31509
5.71494
2.12838
10.4255
1.47539
4.13947
4.78517
1.11649
4.98136
13.7287
2.35763
6.43628
2.22882
2.14247
2.06257
5.97452
2.75878
5.50733
4.8686
1.51399
1.61497
12.0585
2.85577
3.48621
7.3475
3.32684
1.39356
4.49808
8.82398
1.47595
2.12481
6.82709
5.64437
1.43565
9.64255
3.05098
1.88124
7.66378
3.5642
0.811247
1.26345
3.91562
0.189405
2.11153
2.17065
3.2408
4.29135
2.00139
1.12271
1.37725
2.85684
0.365655
13.0516
1.20961
3.221
2.58351
1.44634
1.75514
9.49157
2.17335
11.3402
0.153913
2.11687
3.90304
2.63655
7.53217
5.78298
5.21934
3.35785
3.02056
3.94881
3.05007
0.846217
1.97499
6.68294
4.15364
8.08849
4.55578
3.80544
2.63138
8.56291
5.31485
3.29404
7.71805
5.15544
1.75143
1.35113
5.71263
9.43072
6.75011
1.80987
6.15813
1.65279
0.0184811
5.42174
1.53314
3.02794
1.99993
7.38212
4.20781
3.81986
1.8258
4.44688
5.32489
2.24167
0.994806
8.06669
1.65072
1.11286
6.40665
2.82688
6.48741
3.67119
2.82988
2.12058
6.47232
3.6876
1.88448
2.10389
2.37688
0.73454
4.72327
1.58318
8.48162
3.95605
0.766515
5.72896
4.89517
1.43709
5.48047
2.51118
8.60818
8.36049
1.82101
1.40083
4.23833
10.7479
4.47325
1.89855
5.49001
8.36756
1.26571
8.68
5.33624
10.0434
2.0539
0.522093
1.81229
3.2266
0.88644
6.67357
0.524909
2.40557
4.33406
2.21135
6.57232
3.3673
2.02943
2.82427
2.31494
2.38391
4.31125
3.25988
6.6756
2.51483
4.47102
2.60205
8.82348
0.994982
3.93194
2.25808
0.143091
3.06906
6.41291
5.91944
8.25961
12.9126
2.69865
1.66099
1.3868
0.210607
5.57479
7.69299
4.11084
2.05914
2.56207
4.17419
2.91416
3.24918
3.99485
2.14556
6.03549
5.06227
2.56161
7.44444
3.27977
3.02829
2.89592
7.37168
5.53044
3.11861
6.48022
0.374755
13.3989
2.99992
7.97837
1.90866
3.06741
6.03382
4.36792
4.04925
2.15665
6.225
1.94502
4.77104
3.47422
2.54186
1.09576
0.551914
0.662039
4.79542
7.43864
3.48503
7.18113
3.91915
2.78734
7.12505
4.02225
2.56202
3.63712
4.16433
5.7848
5.80133
7.51314
6.40939
0.667452
1.0868
0.722104
7.3602
1.69855
9.8001
8.39593
2.07234
6.11955
2.94646
2.83108
12.8012
5.27142
3.23019
2.47593
3.29465
6.68367
2.57074
17.4525
1.96792
8.83579
12.8794
3.4569
3.94
8.41604
3.34896
0.783835
2.79616
6.77095
4.3123
4.46304
7.20987
7.5326
3.02795
1.47154
8.72816
2.24986
7.08697
1.81166
2.14651
2.24796
7.2465
5.8466
5.88615
4.43904
7.75333
0.290436
5.64561
3.52588
2.9819
2.89977
12.1737
1.68905
1.67056
2.55889
0.619843
2.73477
5.77706
4.16502
3.26838
4.10697
0.550718
2.19826
4.48863
0.429026
2.4124
2.14414
1.06367
3.22653
0.832894
3.79946
5.69546
2.79432
0.590808
1.4034
6.16242
4.22996
2.14378
6.84293
7.41499
2.32837
1.51829
3.74045
3.61522
2.65165
3.90181
1.26385
1.87363
2.53613
7.73958
12.3909
4.12251
4.17434
0.56182
6.75423
6.44848
2.47062
3.81002
5.54574
5.62135
3.88857
2.43532
2.5016
7.95981
5.90376
2.20696
4.34357
0.904066
5.52035
0.846015
2.88702
1.58195
6.22869
3.54807
0.800314
7.79516
5.36089
7.41471
9.36885
6.31537
3.93674
6.93527
1.47862
2.17145
1.25278
5.4921
2.29603
12.1694
6.12152
5.77438
2.90738
3.64017
2.73057
3.50491
0.942084
1.56649
1.91711
1.1638
8.76968
1.63872
3.08084
3.03905
4.13096
4.57709
8.48075
4.44866
5.56329
7.28377
4.06812
1.73987
4.98515
2.31723
4.48186
0.217482
1.26532
4.22644
4.46133
6.8259
6.59397
3.72891
7.91196
2.93444
5.33153
0.264716
1.88542
1.16355
0.415112
6.03411
3.9072
2.2806
1.11004
11.3855
3.68913
3.00512
3.87504
1.52207
7.60455
7.08879
4.41326
6.11392
1.88551
2.29935
5.27445
0.653825
3.3751
1.06367
4.02184
5.81248
1.16185
1.28971
3.30853
2.74978
0.65153
1.44677
3.15712
1.92518
2.11032
1.45782
9.54792
3.92
3.11475
1.72096
2.15672
13.4451
1.84914
0.412901
10.6524
2.41936
0.975603
3.40028
4.24022
7.98666
3.38201
1.89928
3.18132
10.3481
9.94979
3.66879
3.76607
2.03502
4.48693
1.69847
2.24122
2.34168
5.01199
1.35963
1.74485
6.67663
1.98963
5.66132
5.23524
9.09689
2.4052
9.50241
3.99685
1.11456
1.94455
1.4822
0.619052
1.50842
3.83441
7.41352
1.03973
6.99584
2.96785
4.66194
6.55671
4.79239
7.20115
2.03834
2.45469
2.44099
0.223342
6.01895
2.11163
1.22104
2.75436
3.48207
6.58807
3.73942
1.2971
0.825821
7.88719
2.56383
3.29704
1.44948
5.51683
2.13394
13.438
7.70362
15.7048
1.24722
4.97363
4.37683
1.62584
2.18641
4.71405
4.21222
6.57026
8.22923
9.81065
0.603479
5.99691
8.55671
6.41231
3.16576
0.503142
2.17607
5.86127
2.6867
1.40642
5.74323
2.83118
2.44886
1.26264
5.36674
2.20795
2.89812
6.17736
3.13454
2.90834
1.99928
3.00389
1.26708
1.16748
4.20766
5.71599
3.94046
4.76694
3.74412
2.0586
3.00386
1.56174
3.10224
6.38946
3.87051
3.06034
7.54604
2.04603
2.71253
5.46041
4.58924
0.956156
5.05959
2.87328
1.4584
1.30904
2.90462
2.84297
5.5294
7.30305
4.40102
2.63183
7.49371
1.69464
11.6802
3.59038
2.6983
2.14411
4.61085
1.81156
2.42766
1.69219
1.94001
0.64167
2.41063
2.75891
3.47438
0.522209
1.40996
1.30169
6.25939
1.57142
1.92038
5.03567
3.4769
5.44766
8.41556
0.735055
9.66046
1.63519
0.63076
7.46788
1.62092
4.17091
3.55173
1.43585
2.97673
6.59817
3.05901
1.15364
3.27781
2.06508
3.87833
0.303536
4.13439
1.5236
9.75644
0.163801
2.92743
2.98631
4.05804
0.729961
2.03184
1.99253
7.22852
5.35825
1.92114
3.58888
8.34656
7.51485
2.73558
1.22725
0.618309
0.95002
4.6246
4.79362
2.54627
0.218971
7.14374
4.59762
1.91526
1.35666
3.93709
0.139537
2.72502
8.7802
2.4248
5.80583
1.87445
1.15593
5.06785
3.99671
2.37121
1.92095
1.96993
3.25496
0.857651
5.62544
1.94326
9.44732
2.24989
5.78277
7.26433
3.09348
9.24956
9.54517
7.47587
5.08478
5.26192
3.10723
3.33492
14.1442
10.8346
3.59154
2.90767
5.48264
2.62746
3.33702
1.313
1.6183
1.24812
1.18352
11.0501
2.33438
1.8919
1.16786
5.83684
2.32642
9.72902
2.82821
1.60728
3.02046
4.03494
2.77896
1.19011
3.48231
3.67519
2.28134
2.24445
3.49291
1.49848
2.76933
3.99599
3.59331
1.94925
2.97514
4.78951
4.20448
4.3529
4.22937
3.06129
0.465852
1.56468
2.52235
6.88787
2.15916
1.01583
5.40005
1.96433
1.80175
3.07951
5.83423
1.26211
1.54212
7.21382
4.4713
6.53437
0.993384
2.38458
1.93878
2.20582
12.0994
10.1843
8.88105
8.67891
5.21044
1.35957
2.31119
7.785
8.15935
0.565182
5.87082
2.70516
9.43168
5.7924
1.82366
4.91142
6.46945
6.89945
2.93964
3.67909
6.07422
3.45703
2.86537
5.55992
3.27811
1.35699
2.57627
9.8315
2.16713
2.97621
1.3284
4.75649
3.03106
4.23637
3.24936
5.08327
4.27638
1.81034
3.54701
3.46542
6.04553
5.63274
2.38392
0.30815
8.18696
8.12512
3.2782
8.782
4.34159
3.30677
5.15405
3.18436
3.13151
1.8993
2.35408
7.62298
1.57609
3.40549
1.82561
0.46509
6.25211
0.941854
2.51327
7.19263
3.06495
3.468
0.170408
7.28046
3.82872
0.926861
5.66492
4.47157
1.21095
4.98382
2.52002
4.22409
1.83868
0.457743
2.08099
3.6062
0.904487
0.744956
2.38316
4.12919
3.52053
3.77202
0.79707
13.5149
3.67205
10.0583
4.94678
0.653495
3.76619
3.06531
1.13848
5.24145
2.71352
1.31936
1.60824
8.22944
0.751463
7.15788
8.58603
2.69399
9.51504
3.81377
2.87433
4.39873
6.38078
2.24391
3.84882
3.71197
5.49533
9.63222
4.75472
3.33977
4.26056
3.68344
1.07795
3.27032
4.13911
11.8779
4.59568
1.48118
4.48158
2.17098
3.82468
1.15873
4.96028
1.69218
1.18879
2.7014
5.33708
1.67083
5.426
0.989183
6.29557
0.774957
0.528127
1.83471
3.21439
1.14105
1.32813
11.3715
5.24668
4.35726
0.771565
2.30018
6.37407
1.4967
5.71007
3.34385
11.2844
3.98924
4.43034
8.70134
4.31075
6.85921
7.17855
3.6483
1.94762
3.81786
3.06006
6.13051
3.37429
2.75683
0.294143
1.08296
3.02829
11.2614
6.74405
2.42242
0.511974
1.84905
8.73936
3.82794
2.68876
4.59866
2.13327
2.06191
6.4274
7.21592
11.9558
2.51782
2.72739
3.0609
3.22143
4.89512
13.0101
3.93173
4.29823
3.32855
6.94862
0.981607
8.52598
4.80675
6.64579
5.14646
5.46278
8.57743
3.21482
2.47235
3.61761
4.63593
3.10572
1.19087
3.35596
0.246128
6.77205
2.3699
3.79473
1.44766
11.1411
5.12067
5.56652
12.5437
0.328309
0.575524
0.957861
4.06159
1.43388
7.13768
2.57143
2.64888
8.65082
2.01095
3.98359
2.16077
8.79094
4.58356
4.71115
2.28357
3.50634
1.29925
4.62289
3.35701
4.05151
2.99462
4.49853
2.68977
5.49521
1.51503
5.43027
4.96445
2.34087
4.60366
1.76655
3.96095
7.69298
1.94863
1.96423
1.86448
3.33016
4.33608
4.82057
2.85542
7.95319
3.46674
2.49539
0.196712
3.05417
1.47832
7.77924
8.99053
5.67921
3.20178
1.3808
7.41854
1.01624
4.80673
8.36059
8.34099
10.8623
5.94236
0.227292
12.3358
1.56969
2.66773
3.01188
7.48219
4.23899
5.09005
1.88841
7.07762
2.70604
2.06641
1.33297
3.62493
6.82409
1.17008
0.885934
0.741481
1.05612
6.15042
0.536123
1.3847
3.01405
1.96038
6.77536
1.71916
8.30002
7.34959
3.81898
0.0876672
3.25427
5.69886
2.32856
3.66739
3.61873
2.54692
2.95648
5.71404
2.76999
4.66576
7.62712
2.71437
3.68305
3.10464
1.44357
3.04925
3.5161
2.11414
0.478049
4.33407
6.42487
3.00361
1.67416
3.68518
1.62378
0.438845
4.03484
0.47978
8.81061
2.6391
3.10184
3.85629
4.53386
6.94511
3.05216
9.87075
2.94882
9.41371
2.11836
0.967685
2.04883
0.882416
8.05372
2.60723
0.711448
0.87596
4.15655
2.77482
0.764067
5.88254
3.96121
2.36394
7.6863
5.94588
3.79614
7.91634
3.1775
2.34425
7.47517
2.77475
7.47798
1.4816
2.0381
6.18898
3.72074
8.16353
2.74511
0.975955
5.41957
7.75622
5.36274
3.78754
2.53524
1.48526
16.4126
4.58573
4.90315
4.85575
1.75614
8.3342
1.5286
5.34096
4.52418
4.70944
3.12685
0.415948
3.03215
2.8432
2.3445
6.14568
5.12169
2.67482
4.43804
2.02498
2.58548
3.90503
1.59823
4.64552
6.35799
1.79985
1.48596
2.35472
4.77279
5.25573
3.64329
6.25926
3.62741
1.10141
5.9847
12.2226
2.97243
8.1781
0.930037
0.169181
2.88403
2.32131
1.86985
4.75648
8.51311
3.97303
1.0327
4.42018
3.95761
5.02252
4.75654
7.03357
0.510885
1.86566
2.73266
1.54948
2.44498
4.17058
1.30794
3.03052
4.0065
1.43729
9.00331
4.48834
4.25915
4.68827
2.92514
8.2608
1.0092
5.78556
0.918251
3.83231
3.28873
1.73724
1.82004
1.30048
11.3027
6.54194
1.48801
1.10364
5.44254
6.83136
3.52976
6.72778
6.00295
7.9488
4.71967
11.5882
2.34609
5.84182
2.79785
3.20743
1.19242
3.41648
6.45841
6.99351
2.01359
14.6338
1.22832
6.31564
1.7728
3.38976
6.1425
8.2439
0.243509
1.15771
9.17687
3.88517
2.29378
1.23528
5.98901
1.03683
1.25174
2.84803
3.92767
10.27
1.4413
5.70438
0.986732
0.460909
5.5769
3.3355
9.03391
1.86259
8.46768
5.5226
3.77085
2.52186
1.21575
1.91259
0.806751
2.4757
1.01389
6.54273
4.37355
4.83764
3.23261
3.52972
8.37162
0.608286
1.34012
1.72149
1.48935
1.17882
5.06819
8.89453
0.670139
1.70739
0.438392
1.16109
1.90602
0.191473
3.28097
2.41342
5.15894
1.47985
2.85282
1.46767
3.94802
3.25024
3.2993
2.89974
1.4011
2.42729
2.0141
5.05488
1.98116
8.7001
3.47064
5.04157
2.06285
8.01362
3.22852
1.34065
11.9081
2.92989
3.91571
9.12083
6.47803
0.662922
2.05688
6.08913
1.10171
1.24578
1.85767
3.49856
1.54949
1.30392
2.47985
5.04239
5.17208
3.16244
8.93473
1.95348
8.00851
8.86137
1.41182
9.75349
4.79497
0.756183
1.97866
2.01602
5.3941
1.55728
5.36447
0.866095
6.60133
6.91634
5.90749
3.88035
2.66832
0.418073
6.95023
1.94352
3.52085
4.692
1.50132
5.85537
0.289307
6.32126
0.793655
11.2752
6.1216
1.42047
2.9433
0.535987
4.54087
1.66319
4.21739
9.0158
0.220762
2.91319
3.44801
1.24534
6.03419
3.29639
2.48402
1.24074
6.11413
6.87561
4.4343
4.77877
8.28188
2.47197
6.38082
0.679019
6.16707
13.9121
3.04661
2.98081
3.48156
6.19411
2.28489
2.55047
2.66323
7.26831
3.45064
1.67144
2.18045
8.0753
1.09817
2.61224
0.644371
3.40743
3.00725
6.91519
2.05567
0.489921
2.43473
4.92499
2.04457
7.11613
4.79123
1.33448
8.94197
0.725265
10.0058
10.4715
3.12163
6.49
3.24664
1.38204
1.81134
8.18318
2.66301
1.07815
2.0576
11.3028
3.65079
3.61315
3.85864
4.2498
5.74379
1.61134
1.03532
2.44837
7.6639
2.13072
4.49565
2.05363
2.53052
9.09213
6.08243
3.55254
0.465947
4.5445
1.2284
2.61396
2.1495
5.60598
2.34834
9.34104
2.42745
5.60782
0.873147
3.86436
14.7792
4.91239
0.383164
3.09178
5.23711
1.08125
2.60992
1.9388
3.00239
5.53291
5.34866
2.04327
6.8906
6.08424
6.47253
7.70477
6.07112
3.65099
1.90692
5.676
0.878807
1.97253
8.77846
2.61211
1.12706
11.7394
4.05742
4.21921
4.87315
4.98603
7.36955
8.8008
2.58694
8.79835
6.56297
6.46971
1.05208
2.12482
3.38132
3.21061
3.05776
1.2014
12.136
5.09795
2.69203
3.42427
3.95582
5.01266
7.11603
3.8087
2.60484
3.0372
10.0447
10.2473
3.00651
3.57475
2.01167
6.47481
0.73325
6.28596
1.90241
8.85875
2.05007
1.0868
12.7109
2.47891
10.3485
4.4699
1.67371
0.733974
3.53968
7.95691
2.98856
7.68273
2.4003
2.87678
3.61549
4.72406
5.51075
3.00218
5.95129
3.8715
7.06024
2.69314
2.96243
9.11966
5.51998
0.91335
8.64527
3.02887
3.27372
7.07389
0.422168
0.930702
4.26759
3.61695
7.17386
4.07334
2.32148
2.65991
3.96902
5.39857
4.33803
2.86763
6.91925
1.54701
1.93291
2.30584
14.363
1.77738
1.13245
4.32483
4.48848
0.428558
2.51538
8.21903
2.14411
2.40482
11.2799
5.38722
4.17784
5.17315
4.9298
1.69025
12.4064
4.55373
4.05663
10.8252
5.70696
2.82885
1.60831
1.29139
2.56026
2.08885
2.18569
4.03013
2.85673
0.796012
4.85851
3.2447
7.41661
8.62864
4.8485
4.5275
9.09232
0.848775
4.006
1.82552
2.49097
4.80551
4.23314
2.49758
1.94537
2.19136
2.56573
1.34929
2.34815
7.67815
10.0608
4.02849
1.97984
3.4371
2.69408
4.48948
4.93533
3.63555
0.889481
6.5189
1.65751
3.10644
3.62844
3.34955
5.58741
5.63484
3.52188
8.95574
1.90081
2.16193
3.68565
4.00369
4.57078
3.00386
1.71085
2.08936
8.54054
1.48295
3.6866
8.05119
2.60444
2.89767
2.64628
3.2778
5.73157
2.96958
0.371627
1.54973
6.85785
4.14829
5.68055
6.32819
7.55188
2.77875
6.56504
3.60642
3.59786
4.55951
0.985299
6.97787
1.34091
2.68462
4.00642
0.54555
3.34334
1.02349
1.61478
8.58294
6.02518
3.41125
3.64123
1.35349
3.08791
1.18365
4.23687
6.6856
3.82287
12.9844
1.68374
8.56528
8.27745
10.0749
1.4339
1.52207
2.89731
0.946963
1.90838
1.72212
5.05916
4.31327
2.10255
2.3047
5.31172
0.316945
2.86964
1.28172
1.1072
2.52705
0.33064
6.54593
1.75636
3.89438
2.35238
3.14617
3.41817
5.81273
3.87819
3.51107
8.68395
0.891244
2.92114
9.3781
2.07048
3.1566
5.243
1.16698
5.35765
5.4536
3.65506
8.67732
10.5738
8.70873
3.14843
3.45723
3.6611
10.9802
1.17106
5.4767
5.05799
4.413
3.90918
4.72588
4.3855
2.32604
3.65818
5.30102
10.3602
12.3319
1.8793
0.872985
0.426653
0.930889
1.30084
4.35079
1.04954
4.18498
4.53102
4.97621
4.80856
1.88428
5.08257
2.72201
1.18446
3.91204
2.75732
3.91473
4.55466
2.6716
5.31196
2.35977
0.668238
8.79967
4.09455
0.604441
13.5429
1.76869
4.78887
1.13668
4.2656
3.4082
3.38006
6.77425
1.25539
2.0872
0.809401
4.30924
6.78024
8.47012
6.6036
5.60323
2.4362
1.93803
7.11934
10.4465
1.96517
2.89352
4.00899
14.7874
1.13154
0.908311
7.07351
0.735173
3.62721
0.828678
5.50216
0.36934
1.58196
4.84691
7.2046
8.00243
3.9623
2.34842
3.00942
1.05167
1.98937
2.37837
3.99348
4.10075
3.97245
6.17343
7.58325
3.32231
6.43887
5.45884
2.64509
2.82686
3.86004
1.34475
5.21443
5.00117
1.29776
3.82684
3.36091
1.67978
5.2032
7.02814
2.06256
10.5166
1.48397
4.72325
2.55631
2.31794
1.79025
3.9704
2.61584
4.47049
20.601
3.96534
0.892158
1.34807
3.94338
2.89028
1.26742
2.83739
1.60013
5.89039
2.82917
8.03093
2.36134
5.29225
6.68362
3.38351
5.083
0.238777
5.04285
5.0948
13.5756
2.60476
4.92674
1.44015
0.721785
6.60039
6.89512
4.87581
0.952868
4.82175
5.12196
5.9424
2.49626
1.82899
5.34005
7.6677
2.30901
0.426385
6.03132
4.9282
5.03834
1.78204
6.16438
5.31064
1.48408
4.99951
1.25222
3.05099
7.45978
6.09454
13.6468
3.69292
1.38249
2.58723
3.242
3.5944
3.05804
6.66311
8.66626
7.2635
2.56767
1.11925
0.982897
6.37741
7.33368
1.34477
7.765
3.65781
2.8458
3.49753
1.59883
1.39075
6.22575
5.95096
4.42604
3.8085
7.74506
2.00752
3.47136
2.69306
3.51681
4.01341
2.24524
4.02289
2.97639
4.65637
3.35161
1.3726
0.879912
3.53094
12.0469
2.30486
1.39358
10.5732
1.8316
1.71942
6.94366
2.76801
4.03676
6.07424
0.954927
6.16768
0.861932
3.22612
3.52129
2.25328
4.46053
3.80636
6.18239
3.09257
4.65676
2.17527
3.48838
3.93638
6.87296
4.34637
4.37198
5.25118
6.54965
3.50584
1.93788
6.27581
4.29592
3.63765
6.62521
1.19758
2.01577
2.26291
5.21109
0.870425
11.0666
11.3778
2.64872
7.71287
2.46345
3.37984
0.953222
2.08689
1.43485
2.68225
1.72787
1.3767
0.529189
6.66594
0.26791
2.794
9.31644
1.45675
2.71859
11.9478
6.33376
4.88453
2.38144
2.2653
1.68063
6.03412
3.48971
4.61348
7.25797
6.59831
7.50281
9.93959
11.2433
1.65872
8.46415
5.89277
2.22277
0.749622
1.55883
1.25371
0.854372
3.57623
0.752517
1.51191
0.279991
10.8059
1.89694
6.10551
6.10254
3.53627
8.05596
0.97635
1.6037
5.97668
2.40588
4.81084
1.73719
5.17745
1.62337
9.15424
0.762418
9.67753
4.31055
3.40762
6.9497
0.643703
2.3084
2.14756
4.13219
4.73462
0.776281
4.85191
8.99952
0.766924
0.720513
4.6829
0.852565
2.1513
1.44883
2.92345
1.11632
10.2505
2.40446
2.47296
4.52447
4.93311
3.91246
4.46589
1.03237
1.34488
1.53896
1.64025
0.414723
2.90431
5.6915
7.35107
4.50548
11.2241
5.76541
4.48836
0.537457
7.36023
0.724411
2.4931
13.6268
3.69987
2.60885
4.45846
3.8355
4.80821
5.03492
2.77371
5.70701
1.03335
0.921942
2.74604
1.06172
2.78015
0.973693
4.12959
8.93678
3.81551
6.09439
6.30686
1.70183
4.04107
0.728566
1.64043
5.14512
5.23892
2.31366
11.3769
1.4909
3.85954
5.43303
1.8707
1.22709
1.15071
9.13302
3.15758
1.57978
0.446156
6.06841
1.55208
1.02359
5.73863
2.80809
3.24895
2.76836
0.398132
5.48526
5.31943
0.801796
3.18473
1.86851
2.35355
2.2024
3.06677
0.321006
2.21853
5.31795
0.0505625
1.99984
1.77442
19.1023
2.82688
1.773
1.49563
8.14826
3.62798
2.70689
3.26758
2.09984
4.27424
9.1579
2.01058
2.34387
6.45254
1.68205
2.76471
8.43252
2.73715
4.35393
6.66961
3.98981
1.49817
5.77756
2.07324
2.05887
5.44167
2.60361
9.1232
4.92438
3.27944
1.80686
1.45324
1.50131
1.22849
3.7902
5.45182
2.35638
0.97059
3.1189
2.8942
3.49393
2.66761
9.05218
1.38441
1.10256
1.54837
7.12501
2.41054
6.71446
3.66849
16.8048
2.43039
6.87076
7.28898
2.1249
0.121905
3.00973
2.27942
1.16916
8.43425
3.16019
1.8627
1.91054
4.86083
5.65216
0.995727
6.03835
3.28697
3.99736
7.69092
3.81253
10.5967
3.7177
5.04343
4.17801
0.353257
6.95331
2.2667
7.383
2.63221
2.51571
11.8041
3.20092
1.31147
5.36726
5.33323
8.3251
2.53141
3.08087
4.53939
0.511672
3.56821
3.94407
4.22322
1.91586
4.47323
1.77586
4.68468
9.55678
7.05967
12.0708
7.27723
1.45717
1.72883
0.885103
6.3669
3.59685
5.74552
0.564117
7.60547
6.67499
0.806457
6.01741
0.464861
2.56844
2.84064
0.887838
4.4319
6.57034
2.9044
1.24163
2.43641
13.0066
1.63119
3.40671
6.8342
7.36365
1.75492
1.25523
2.70201
3.41725
1.49461
2.665
1.23733
1.90122
1.04552
2.13356
1.96326
0.884686
6.19644
1.84299
2.07461
1.45597
5.52387
12.0133
2.01382
4.8579
1.06287
1.43253
1.84498
3.27763
5.58145
6.75646
0.979697
0.654689
5.58156
2.03824
1.73306
2.25009
2.69664
1.57367
7.4585
0.918956
0.775853
1.24829
5.0013
5.74909
1.48996
5.47971
2.43364
4.69892
3.53433
4.21866
3.83843
8.44706
0.375998
0.329166
1.67083
1.05986
3.90096
3.32879
2.45346
13.4346
1.60494
1.75588
1.00215
1.62355
2.2539
1.46548
2.1365
6.97169
8.0673
4.71695
0.992649
2.45423
2.64575
8.9122
1.12023
1.10639
2.69521
1.91425
4.04657
8.48713
1.82265
1.80671
3.60681
3.08538
1.44065
5.12285
2.48649
6.81224
0.394287
6.17777
10.1339
6.14761
4.2413
5.47125
10.2844
4.95765
16.3015
1.57468
5.57565
6.51062
1.6608
3.67983
2.54125
3.68276
2.97117
1.0669
3.10961
4.81998
3.54287
0.745006
5.39858
0.907953
0.552542
1.94687
5.72255
3.01951
1.76399
5.05194
11.5157
4.25423
9.2985
2.63799
1.08807
2.29861
2.8493
4.12384
1.91714
3.14378
1.65619
3.04015
1.5435
4.22417
7.88707
2.92435
13.0907
3.23064
8.83742
11.8781
3.66161
0.404591
5.78549
4.26065
4.24178
4.25583
6.90397
2.9818
7.48701
4.72123
5.71152
5.60523
9.34477
4.71002
2.7199
8.62922
1.61291
4.84451
2.36944
1.49559
4.27993
3.26166
4.73496
4.02875
4.11762
3.26092
1.72339
1.9258
0.386463
3.06057
9.56283
3.35571
3.00351
4.1697
10.4727
10.0338
6.71087
0.985845
5.67687
7.1431
4.72509
0.936421
6.84273
3.27938
4.19909
4.66076
8.83392
1.10859
4.02879
2.98026
3.9865
2.44093
3.68047
0.812645
2.9063
4.19324
6.96975
4.73325
6.4673
1.27352
3.13298
10.0568
7.5599
2.97698
1.98305
2.24622
0.422737
5.7366
1.30275
1.48118
0.686715
2.72561
5.11333
2.37999
3.62639
3.69874
2.76128
1.49477
2.16947
4.96439
2.12103
5.87062
4.24749
2.95229
1.71177
2.09481
2.29086
5.94796
8.79484
2.32999
8.16093
1.4951
1.15887
3.40945
4.51265
21.358
2.03025
2.75076
3.10172
3.74644
1.56022
2.15536
1.50102
3.55066
3.86516
2.37525
4.10517
4.15034
4.77079
7.1953
8.72506
3.28035
2.68583
4.52814
4.56808
1.36466
8.95901
4.34148
11.4436
2.54642
7.49559
7.00231
2.3009
4.12783
3.0746
2.79019
1.10999
1.03048
1.55025
5.72474
4.22689
3.61525
3.6835
4.21226
1.59415
1.47062
1.40257
0.998021
1.36621
3.87636
7.39933
1.54581
5.47574
2.30289
4.16416
2.14269
3.48688
1.08515
8.66293
0.535788
5.0693
4.21123
2.35623
2.48772
1.94415
7.28797
1.2401
1.10582
4.64917
2.25141
3.35859
0.883692
0.571811
1.26012
1.13155
1.11033
1.58561
15.7988
3.17542
1.46289
2.54568
7.78184
9.40696
2.78969
1.43335
8.49595
1.91537
3.43897
4.57044
1.82838
6.42401
8.18266
3.57461
2.97162
5.20205
1.81838
1.45995
1.011
7.72047
1.33158
4.6809
0.703588
6.78974
5.32854
5.76239
4.71153
4.04213
4.11694
0.0426445
5.60784
1.09332
3.56451
3.66252
4.62803
3.78955
5.40445
4.57082
4.89888
1.04241
2.40628
3.69177
4.71077
3.05774
1.85207
2.41571
6.47104
8.15893
1.106
1.88912
10.6897
5.37108
0.819565
8.83056
3.05079
4.05267
9.72613
1.82407
1.24943
0.781196
1.50745
2.99036
3.31042
5.00502
1.47254
4.22407
0.589021
2.25393
2.77048
5.12744
7.61056
2.57352
3.25975
3.45862
1.32261
2.36106
1.19026
4.69534
5.84494
0.70128
5.8897
9.38537
3.84702
4.16324
4.26088
1.75422
0.802124
5.60662
3.43415
3.64472
4.70868
1.51439
1.84656
2.98661
6.55953
4.05111
2.20772
6.40235
3.05929
9.53759
1.44885
1.64713
3.04187
1.72018
1.65699
6.50568
2.62675
3.46388
3.23689
5.24721
2.05829
2.97043
3.49928
2.98578
3.00881
3.10975
0.322417
1.95121
3.9533
1.50474
1.1762
7.50807
3.32406
7.78251
2.76534
2.0905
4.74964
3.18737
2.8805
5.43974
8.89108
2.38602
0.899201
2.22809
4.22767
3.09751
1.64163
2.63258
2.53762
3.07231
0.665712
7.35183
4.5738
0.717636
5.096
6.45308
2.22333
4.29756
7.66245
0.495033
2.51684
1.10332
5.57582
1.45384
1.48517
0.720471
3.72372
1.59998
3.32831
6.49745
14.0089
0.573913
3.41077
5.26873
3.65537
2.71152
5.35466
6.24939
1.76666
1.35723
5.71828
0.713553
3.02402
12.9536
4.38179
5.30015
1.50829
1.96908
5.79159
10.6508
4.17496
1.7987
5.07106
2.85422
5.73515
5.43397
0.897214
2.81056
7.94156
2.65258
1.26271
3.56154
6.10368
3.58581
2.81338
4.3554
2.07614
8.12874
7.13781
5.19047
2.01761
7.08564
2.55437
5.8402
2.39211
6.91267
9.94471
13.4019
4.71928
3.24613
1.85519
2.57746
0.0876819
3.26737
4.96202
2.87455
4.04032
0.927288
4.10044
11.8789
3.91593
4.64397
9.69313
1.21344
4.26398
5.76857
5.41826
6.63438
0.444324
1.57777
11.9567
4.43369
6.22026
4.17883
0.53851
2.14628
1.57471
1.75636
1.28004
5.80962
6.37251
1.62623
1.03784
0.262357
7.75837
9.79453
5.91049
5.74617
5.92134
3.41384
0.278467
7.26611
1.37476
8.73352
5.05312
4.75276
2.61266
4.24036
2.72517
7.61035
3.49785
8.81358
0.790571
1.82907
2.20319
2.04882
2.31296
1.97298
2.80366
1.68321
5.84851
1.79672
2.20598
9.74864
1.38557
3.32287
1.90105
2.27311
2.47232
4.34856
5.06962
3.06727
3.10608
3.44891
1.355
2.41507
1.57978
1.71105
3.32531
0.890581
4.37991
3.49889
3.13694
6.42616
2.67251
9.48528
3.1928
5.83813
0.638363
2.96822
1.75701
7.91084
7.0276
1.07266
4.33602
4.33672
1.65433
1.29008
1.25943
10.3783
4.15735
4.24212
2.6584
1.43295
1.83703
4.45877
2.32216
0.355764
11.6465
1.61209
2.17087
11.9962
0.259296
3.54127
2.68792
5.02475
9.80694
2.43509
7.75201
3.74459
3.90023
5.02449
8.58037
8.6979
0.894688
3.27483
1.73272
5.65849
4.82713
5.0684
1.97395
5.69612
3.79463
14.6805
4.86114
0.246547
5.09999
1.61283
0.919097
6.41308
2.93801
4.38857
0.226596
0.954872
5.62418
1.2787
3.32826
4.75954
2.1895
7.04161
4.79858
2.98021
5.15463
2.79385
3.70807
1.34648
1.94457
3.42346
0.571345
5.10822
2.23524
2.98835
1.2007
5.62384
5.37484
6.6159
1.27523
7.03833
1.95286
4.52189
2.61128
2.03605
1.44818
2.29016
1.08862
2.39767
0.990771
13.9511
2.94188
1.56231
2.50981
8.45829
6.40394
5.19286
0.141993
4.64019
2.91848
1.77738
3.49957
3.29145
4.06675
0.807093
1.58652
2.46679
5.96651
5.80963
1.1121
7.81188
0.2301
8.12962
4.77794
1.55774
1.63953
3.53622
2.17218
8.97659
4.16767
5.27948
6.22012
8.84221
7.94523
3.60241
1.02747
3.75888
2.15694
1.48738
9.49935
0.857188
4.71201
8.88914
6.38263
0.532152
3.53961
3.32712
1.02285
1.97167
2.77021
6.09963
6.60763
1.70456
2.41452
0.910995
2.42751
1.80755
4.78873
6.80122
2.06992
1.7715
6.64674
3.10492
9.03669
3.19628
1.503
1.30863
1.09248
5.08933
4.82497
6.31932
0.879332
1.4897
0.477931
5.96974
3.1147
0.359435
4.45869
2.78445
4.1971
4.33449
1.48967
1.10298
8.45059
5.14267
2.60992
2.28153
0.745011
1.22989
1.64762
9.46647
1.93369
2.6901
1.47123
0.408451
1.35905
5.25015
3.36562
1.57864
1.69126
4.96623
3.05283
1.39653
0.888857
6.33239
1.96256
3.5339
1.44218
2.77323
3.70651
2.24
3.83133
2.33781
5.53276
0.896228
7.13681
1.77577
0.920936
0.683009
3.46612
3.524
1.23043
2.20047
7.28648
1.8073
0.988718
1.22941
5.38258
1.96228
2.07765
8.55305
3.93766
2.10705
0.395285
3.53682
5.17152
6.74334
3.34777
5.9964
7.76348
2.17639
8.97108
2.92648
1.84037
4.46385
4.18549
1.6148
1.08061
3.06175
2.94252
3.26194
4.48673
2.31986
3.64182
8.65984
2.69465
7.80052
1.93978
0.906563
0.930121
2.31105
3.26971
3.67256
6.3401
2.53031
4.89937
2.62126
6.84984
3.7193
9.93649
15.2459
5.83696
4.55465
4.25126
2.26719
1.6595
2.05602
5.80392
1.19749
6.59478
6.76219
6.29033
3.15458
6.62127
1.60537
7.82771
3.48661
2.31032
2.48727
2.42266
3.20187
6.00371
6.317
6.44288
3.00002
6.78622
6.12979
1.18841
5.17567
2.57332
6.65117
5.36878
4.52822
4.45355
1.44036
8.59844
3.3931
0.454713
5.12154
3.20306
2.49945
0.547445
5.07909
2.15424
3.91677
3.95854
8.75056
9.44351
6.64429
2.21273
6.55021
1.44746
9.60089
3.6874
2.89575
2.99425
1.68452
4.40576
1.01854
3.89686
2.12981
4.06322
0.693035
3.20654
6.75194
11.0872
1.7141
1.13685
5.20267
5.16646
4.52217
9.67298
6.52812
4.60348
8.69953
7.78158
7.05224
2.33422
3.43366
2.12709
2.22756
1.03211
4.32254
2.57042
5.11102
2.53607
2.00983
2.30324
12.121
1.61592
0.620203
1.74577
3.55273
4.08251
1.52783
1.59589
3.60072
1.18268
1.31984
12.5432
8.51792
2.44962
4.68968
2.22166
2.42345
11.4063
2.94261
2.21562
0.862791
1.22646
6.18431
6.85136
6.05098
4.37702
1.25418
8.74578
2.9342
4.70917
5.20004
11.7764
3.94019
7.67562
3.89962
0.711045
7.85355
8.33952
4.67839
4.69273
2.25426
1.45084
6.24373
2.1085
4.30216
7.55901
13.2914
1.96823
5.16323
4.38203
0.567841
5.9251
1.10508
1.53705
1.43242
6.70738
5.14167
1.90531
4.09782
1.15623
5.22203
0.746265
2.6889
4.35245
2.49116
2.58993
2.48772
1.53876
1.1735
6.38887
3.74723
1.22843
2.72597
6.89821
4.01101
2.31849
1.20256
5.10252
4.10895
3.14228
5.97408
1.19943
1.14882
0.69858
4.35838
3.63349
8.41572
2.5036
6.53062
6.37309
4.6438
1.89709
0.540844
1.06335
1.73056
2.77719
3.4177
8.83175
0.552212
1.32669
2.85469
2.3183
2.36649
0.221427
6.49119
5.98957
2.99106
1.82054
3.76273
2.22691
2.44906
1.38442
1.4322
10.1748
2.18118
0.510872
11.6848
1.94647
0.660165
11.6494
0.735739
2.16769
4.01862
4.01612
6.82183
6.77088
1.66638
3.57906
1.27976
11.4248
4.9572
2.82299
1.74345
3.18334
1.43401
4.00146
1.40708
12.6888
1.44174
4.26047
7.13435
0.965842
6.26487
2.59657
2.43331
3.59159
2.71707
5.39137
4.38563
3.7235
5.39471
5.57502
6.10386
1.95115
3.70198
5.04253
3.06407
0.409636
1.88414
5.846
2.05912
3.7854
2.34605
2.45368
3.32336
0.74834
2.84733
2.46019
4.11687
2.65591
9.70295
3.93329
3.00155
3.70454
0.953661
5.50673
4.26147
11.507
2.41046
5.42037
4.23356
0.281668
3.0497
1.41996
2.07264
3.56818
0.582451
5.38373
8.12255
2.14301
1.8784
8.2159
3.1986
2.48699
4.04021
4.26024
9.42734
3.32954
5.74871
1.59961
4.57416
5.68475
3.78001
0.780421
1.19673
6.14139
2.14655
16.9449
3.32827
0.709361
5.62263
6.77143
3.23528
7.39588
3.01251
0.622249
5.06779
1.1664
1.34178
1.7528
10.4809
7.93553
3.68102
3.70394
6.6803
2.99756
4.53288
2.63054
8.48534
4.35187
3.58921
3.06441
1.48693
2.69796
4.49574
0.59267
2.74109
0.853394
3.06914
0.710499
2.97395
5.67664
2.90324
3.05365
3.65326
2.78972
8.30837
6.16859
5.11743
1.79957
2.95041
1.40666
5.22369
6.0402
2.1232
7.21756
1.63729
2.71662
13.702
2.39798
7.8378
4.33582
1.66904
3.63443
1.2859
3.02184
1.74023
1.61973
2.19905
5.05465
1.97976
4.75266
0.722542
5.84251
5.87435
1.35567
3.34389
5.09596
5.81141
14.6248
2.43626
2.07927
1.1605
5.18881
6.16387
2.91692
6.23273
2.19512
0.9422
2.17416
4.5878
0.579972
6.50832
7.19257
3.69556
3.88567
9.61021
4.12749
3.09683
4.81834
5.79462
3.88783
3.19451
1.39049
2.24912
1.97314
4.75303
7.38408
3.68476
4.9384
3.15871
5.735
4.2715
4.90146
6.78833
5.72766
1.76959
6.81413
1.31078
4.64123
5.69433
10.1931
1.23678
6.14377
8.60687
1.11168
1.09327
1.22309
1.20248
5.26163
7.27933
3.24577
4.84012
4.04335
8.59882
2.20323
5.6821
2.75866
1.31123
3.9601
1.68014
12.2051
3.48127
18.6732
8.55493
0.948626
0.37689
5.1069
0.848744
2.04172
1.03555
4.03156
6.65772
2.84484
9.07429
3.19594
1.19123
1.02897
5.33333
2.33321
5.02086
2.63153
1.91311
9.61144
4.73875
3.96568
3.34334
3.64917
2.29855
3.88148
1.22964
5.28943
4.82629
3.22721
4.35943
4.60468
3.02075
3.39137
2.96894
0.46306
6.66146
3.11241
5.96428
1.67976
1.96816
8.7255
1.66552
12.0721
2.5101
1.23313
5.52028
3.492
2.59738
4.65697
3.22856
1.77467
8.26974
2.99471
11.0078
3.28765
0.842737
15.0367
2.69845
1.73131
2.82639
4.01908
2.77943
0.976863
1.42576
1.49774
2.53859
4.00203
4.34769
4.68493
3.60469
7.19354
1.10968
2.00635
4.40179
3.43188
4.06928
2.55253
0.860403
1.83955
0.246528
2.95915
1.41978
0.532593
2.75079
3.88304
6.8374
0.844866
1.09069
5.30799
2.27349
3.05379
1.14497
8.74096
5.31497
4.0501
3.48658
3.44544
2.89681
2.90477
4.45032
3.62827
1.00997
4.35553
2.63834
3.71407
4.52612
4.97193
0.684282
9.57673
1.91772
1.61243
0.463924
3.53859
4.88019
1.79652
2.4887
4.98802
3.21256
1.57803
1.49438
3.87691
7.80793
2.15799
4.00761
1.67094
2.39194
2.86659
6.56593
5.74751
3.93074
6.77637
5.72822
4.46682
0.636181
4.16886
10.7031
3.91256
1.42612
4.37035
0.367781
3.65085
1.50913
3.4539
3.61619
3.69173
3.62311
6.28567
11.9963
2.3777
8.72345
1.44541
3.68426
8.30256
3.80425
3.11354
1.91452
1.3384
2.93341
0.380261
3.79624
3.53871
2.93754
2.77555
4.0092
18.7778
4.78859
0.838713
1.87427
0.351003
4.27049
2.50046
7.29213
2.56093
8.00962
3.08812
3.31345
5.59012
3.40793
7.753
3.17368
3.09817
3.82719
3.68424
2.54181
5.18865
4.3611
2.24323
4.39339
3.71088
10.139
0.769088
1.58676
5.7198
10.5746
2.15382
3.51453
0.190505
1.32567
6.89113
6.84844
2.32412
5.49279
6.49002
7.07999
2.87837
2.53028
5.86021
2.80052
3.71411
1.13211
1.25805
0.917645
4.79026
7.11272
2.52425
3.8251
8.72476
1.34142
2.33338
2.09921
4.73882
3.3428
7.16458
1.43705
4.5591
5.0542
1.53092
3.8265
6.07161
13.9472
3.26512
4.92394
1.85217
2.54409
4.96003
4.08281
3.22294
3.51656
1.87328
2.42431
1.69341
3.93866
3.30817
4.37353
0.638305
11.0279
2.60003
0.0951768
2.64368
2.96461
3.41002
1.29227
1.88647
2.35666
9.24224
1.5698
4.44226
2.33283
4.84239
2.06599
2.20467
6.10372
11.8436
0.961985
5.3298
5.25973
1.99907
2.04385
3.43837
3.65036
1.92989
1.76506
0.951704
8.12691
7.89612
2.16353
10.153
3.51236
6.50466
2.32612
7.25606
5.67325
2.94197
2.21428
11.9262
6.20119
3.08242
9.85274
5.60702
5.81128
4.44068
1.97233
4.87307
1.90397
3.83161
9.67229
7.0016
0.904668
4.17428
1.48509
5.77978
6.22733
4.41329
2.24328
4.78305
0.920925
5.19897
2.4169
5.21287
3.0637
4.66437
0.824938
7.68928
1.25741
2.36868
10.9626
6.62158
2.21997
5.81116
4.34376
4.16797
5.77288
3.76168
6.14721
5.61297
7.14512
5.7699
12.4036
2.09942
2.64208
0.62925
4.66505
3.58873
2.50055
2.70603
2.24826
1.26874
5.82157
0.544955
2.79439
1.36983
2.59486
3.45161
3.01638
6.57815
1.09599
1.27942
6.54133
2.80947
8.61775
4.30572
5.76509
0.77278
0.878743
4.89213
3.13918
7.43321
2.09907
1.95015
2.79063
3.70333
5.39107
4.34905
2.21038
4.34267
1.16657
6.56086
1.04673
6.72926
2.46391
0.250212
6.01018
4.32206
11.3411
3.88214
3.35747
6.50648
1.79465
5.19721
1.81333
0.732943
2.53357
1.98579
4.01679
1.57019
0.138237
1.77108
5.49945
4.2382
0.663637
2.59939
1.53814
2.71516
3.16521
8.01714
1.25911
4.05211
5.1014
3.56768
1.6228
1.47879
2.35264
1.46994
5.55522
2.845
5.84534
0.457976
7.0043
2.60397
4.52171
3.71391
13.0068
7.78519
3.96833
6.47413
1.67106
2.99316
0.913186
1.66048
0.452219
1.08477
6.294
0.983009
3.74524
5.47085
3.663
1.84573
6.86218
3.51532
2.10064
5.25536
1.5088
3.15711
6.76254
0.99494
4.86781
2.49577
5.04557
5.33552
5.36646
1.90614
1.77597
1.43488
6.72815
1.63071
0.267389
1.29552
5.21505
1.93337
9.16475
2.23504
3.21797
1.28462
4.0458
5.03665
4.76001
2.58729
0.181031
1.07842
5.56112
6.15406
2.68574
3.47646
2.63983
1.89972
2.67907
2.93659
7.07201
3.10949
5.44058
4.38239
6.19091
3.95017
11.6682
5.92028
7.35273
1.65306
2.34878
2.59908
2.89915
1.56145
7.41532
4.47121
3.98142
2.66017
1.22185
0.672436
1.62
4.64739
4.841
1.9755
2.71025
10.0392
2.40663
1.06484
1.5956
1.82314
4.47671
4.98725
3.31759
2.00732
5.25965
6.26682
4.68204
3.51843
5.62725
3.08953
2.93021
0.882555
2.20709
0.694997
6.48469
1.32477
1.03278
1.84867
5.17481
2.55529
2.02587
4.25965
2.60535
1.0464
6.8391
4.14652
0.813171
2.99242
5.98237
1.15559
1.67654
2.0795
5.72359
6.10671
2.39495
2.89419
2.51733
2.99209
1.56233
2.18405
1.65664
2.89005
4.17599
4.57595
4.29917
5.86483
1.84123
3.16725
4.02431
8.29801
1.63154
4.98026
0.744484
2.5076
1.67727
3.63378
1.48459
1.69432
0.677169
4.71503
5.58551
1.17648
1.30362
0.71515
2.55682
2.55357
5.65431
4.84741
5.04516
12.2478
3.8396
4.2383
2.98391
6.76359
4.83753
2.32858
5.67488
5.85143
1.87005
3.66843
4.34816
8.28209
6.4151
2.8446
2.03962
5.1587
1.10325
5.51982
1.99795
0.352223
1.36419
3.93127
8.46678
4.81189
1.89346
4.15533
2.49023
3.09061
1.68949
3.74821
4.78311
3.31489
10.3332
0.241933
9.00738
3.49211
4.51362
2.65699
2.30838
3.80328
7.00799
5.70279
0.877066
3.17381
5.1141
1.19579
4.73883
12.7294
0.799388
5.87273
3.55478
2.33609
6.21859
3.54266
2.68908
5.03969
2.27276
0.810421
3.86558
5.94662
4.17194
10.6227
4.24854
6.42785
2.96046
4.68968
1.57644
0.893864
5.83932
6.62999
5.60349
5.85338
5.88192
4.76784
7.43495
3.10778
6.57114
0.349435
3.59083
3.56031
1.61644
2.30076
5.31325
1.37618
1.60283
2.01382
1.01256
1.04603
2.33371
0.462887
2.3353
3.12984
5.2236
3.15276
1.96937
0.79697
7.86213
5.24925
7.64373
5.36099
7.30845
8.02327
1.61066
3.88256
5.76003
5.84658
2.25715
9.47261
3.79672
2.7717
0.582641
3.71488
5.39612
1.38745
1.89772
1.51314
6.54444
9.75764
5.42052
4.17507
6.53011
1.66892
2.80603
6.21421
4.25796
2.0152
6.9423
3.21855
1.33839
11.9791
3.87608
0.709526
8.09568
6.86738
2.49453
0.393136
2.70536
0.322535
6.16443
3.33379
4.20155
0.196096
8.18608
7.85377
2.7225
1.22516
1.36302
4.91538
1.96155
1.90805
6.99521
1.47795
2.54758
2.60341
2.08805
1.6481
3.80734
4.08202
1.97396
3.90175
2.455
6.79534
4.0938
7.91568
6.42706
5.07033
2.26209
2.65635
11.2251
9.02656
4.19248
3.29013
9.11787
7.95046
3.36687
2.61604
3.87866
2.44443
5.75329
11.5414
3.90257
1.83319
1.7246
3.43308
2.94168
7.52094
6.99432
2.31246
7.55505
4.66318
1.31197
4.86889
1.92342
4.29208
4.9577
2.58366
1.82633
1.10606
1.69175
5.40383
3.88089
1.85669
7.34873
2.97809
10.0467
13.6343
3.08741
3.74129
2.85183
1.82525
3.39152
4.47127
5.00133
2.76157
6.34973
1.92417
2.44445
1.37298
8.76254
1.68197
5.65633
16.5587
3.48092
4.71235
3.80954
10.0529
6.09424
2.43414
1.95839
7.02316
6.11052
4.93373
7.04701
2.53832
0.355785
3.19766
4.49155
6.1418
2.97707
1.17631
2.23575
1.87387
7.30959
1.58723
2.93624
4.77676
3.87129
9.86232
3.23292
2.02174
3.09905
1.57021
0.592496
6.1929
7.08147
2.27215
2.67314
4.77123
1.10875
6.68367
1.66987
1.42261
7.23099
3.43283
1.41587
5.21614
3.91024
2.50609
2.91463
6.61316
0.586018
8.48412
0.943006
5.96552
2.59215
5.95299
2.09802
2.984
3.89563
1.91166
0.908686
6.31041
6.90884
4.14371
3.59613
4.71291
1.72945
8.15732
3.08067
6.25462
1.25608
3.65803
7.93804
1.18687
2.29707
1.60833
9.67034
0.46869
8.65213
2.03309
2.281
2.86202
0.65352
2.29966
0.314573
1.83156
3.80973
1.55092
1.57277
0.849274
3.5255
3.70123
3.0427
2.36318
3.01685
7.3165
2.36516
1.51735
3.52278
3.00235
1.53456
2.72095
2.3339
2.0989
1.24272
2.73946
3.57601
5.62494
2.6924
3.30767
9.84337
6.37015
1.70237
0.776593
7.04739
1.20874
6.51432
4.80607
3.62432
4.4828
12.1622
4.49252
0.298124
0.200379
6.86862
13.0492
12.5105
7.49124
2.37418
0.442396
0.701845
2.16794
5.23036
3.59262
5.70887
3.65649
1.11595
4.8985
0.617209
2.83104
1.5343
2.55479
6.96952
2.98429
4.06438
6.2801
1.17532
6.56462
2.32175
3.87711
4.04103
2.92233
11.2392
8.45956
0.730596
4.42116
2.36578
1.95285
4.43847
4.78983
4.60275
1.456
3.45495
4.12195
4.46054
3.63439
2.1833
6.10381
6.48223
1.03528
2.03225
1.13979
2.774
4.31406
2.00771
6.66037
2.89081
3.79044
1.52779
5.07851
3.53531
9.74848
7.75021
1.52738
0.79448
5.51421
7.53076
1.9658
3.48855
5.95256
1.13528
0.941683
2.83996
9.3163
1.08803
8.08397
2.37258
5.00562
7.30676
1.40576
6.36939
4.80857
6.34404
5.81818
1.49032
6.24082
3.39982
1.56316
2.52763
3.44452
1.2139
0.609204
0.896121
5.55218
3.10018
10.7862
4.88905
3.94252
1.92862
7.96892
7.44823
0.96139
7.64594
1.78594
6.60544
1.4357
6.74389
11.7141
2.01424
7.63803
5.35201
2.03531
2.74104
1.77647
1.99334
5.17217
1.02813
4.40599
3.55329
6.96049
4.13657
2.4674
3.78642
2.22777
3.87047
4.83614
5.25262
0.283666
1.70195
1.60642
2.56429
7.12744
1.55534
9.75694
8.97709
12.9022
3.69288
13.2043
3.0341
0.907854
2.83178
1.42877
10.4691
10.1995
6.8934
5.14999
1.81747
3.3007
3.5397
7.53476
9.56246
3.75477
2.25152
5.47693
7.45401
4.24415
1.81736
1.2741
10.8394
1.77373
3.74077
4.35595
0.680161
2.82647
2.94084
6.52194
4.22044
5.85812
8.37904
5.39996
1.7304
4.16654
3.15688
2.252
4.34577
3.99819
2.2537
4.9543
2.51581
6.73001
2.30569
3.97392
1.54205
3.13569
3.65429
5.85289
1.11709
2.89234
3.96159
1.21121
6.49985
4.4785
3.78512
4.33482
7.53958
5.73744
9.17967
3.46302
4.52541
5.87837
5.94369
4.76211
3.81304
1.19184
9.38668
1.32493
3.07201
1.95011
5.06973
2.20163
7.49781
1.07739
3.14262
6.18896
1.59597
2.62682
2.24579
2.07131
2.2346
3.7872
7.56234
6.86714
8.26489
2.69882
2.75553
1.13062
5.26009
3.79991
1.95342
3.24481
3.05876
2.08032
5.29615
3.83129
3.18127
2.55311
1.18948
2.48751
11.2088
4.05676
1.93223
1.88728
17.3754
8.17145
0.329706
2.4353
2.33359
1.75306
1.98617
9.31965
1.362
1.91532
1.3223
2.92288
1.98023
4.49103
5.3764
1.18707
2.39801
4.78962
6.47685
3.37068
2.72122
5.19906
9.89771
0.998079
6.37305
2.78978
2.03158
1.2271
3.6874
6.14375
2.98746
9.53859
2.07176
1.39799
4.46303
2.95553
2.80016
7.36277
8.87846
2.41619
0.958059
1.9568
4.71769
11.8076
7.51511
2.00372
2.08543
1.30699
3.00497
7.43507
0.403396
7.07604
0.712611
1.8919
4.20366
6.65119
3.16417
10.5652
7.69891
4.53039
1.24411
0.508979
0.823426
2.86364
7.02973
2.36886
2.86982
5.62979
1.19801
2.21916
3.03294
0.45134
2.84899
1.92654
5.39529
1.88012
1.51057
9.83751
1.62075
2.00116
0.92577
8.89185
1.41689
1.61836
4.07129
6.74818
4.06186
2.58539
6.9977
1.35213
6.52168
3.98056
2.41434
4.51656
3.22179
3.0434
15.4593
2.23113
6.03705
3.07246
11.7128
7.73259
2.66997
7.06325
5.17306
3.48911
2.81199
1.07505
6.88073
2.28033
5.15849
5.43153
6.38454
6.92767
5.50797
0.863805
5.10541
0.216424
5.20954
3.43246
1.52708
2.42811
0.766177
0.866602
2.66805
2.64269
2.33132
9.77814
3.41142
3.52353
0.18697
3.46156
1.05755
1.56959
1.82963
5.71418
4.49391
5.31893
6.23414
5.91905
1.81424
8.68279
5.1113
3.12897
3.61995
0.706167
6.33666
1.58223
3.21274
7.85599
3.13117
1.68912
8.39965
1.77643
2.58113
4.20596
4.39603
4.91155
1.35018
4.28346
0.529305
7.33983
5.7663
0.910917
4.15219
0.519612
2.02551
4.77341
9.22099
3.81138
1.17583
3.41228
6.58129
2.56698
9.54378
3.14496
9.39866
1.21482
1.30386
2.43568
4.19928
2.50904
1.09401
4.04634
7.21095
4.491
6.86845
4.74159
0.862386
2.59217
5.6335
3.91132
1.09583
7.45925
3.24481
3.54926
5.32541
10.7157
2.90162
2.29001
7.31068
1.83439
2.07088
6.15908
1.95102
1.82611
7.84174
2.5501
3.31963
3.14024
2.45193
3.92575
0.75552
5.74604
1.4598
1.25241
7.78737
13.9042
4.53361
3.0557
3.34064
2.6705
4.9461
1.52078
1.57611
2.20451
3.08093
4.0179
0.566662
9.79748
2.44293
2.29639
2.15549
5.50794
7.87731
3.3487
4.68703
9.40826
3.12048
17.5992
1.91553
7.59874
4.03283
2.59728
3.70125
1.4257
3.10184
7.86236
8.29909
4.55145
4.61952
9.97779
4.56701
5.57298
3.01099
3.83795
4.25673
3.79095
3.47282
4.21264
8.96619
2.58537
5.76608
5.40469
2.27707
3.29896
3.31346
2.93665
12.0448
4.12325
1.42449
4.58595
6.75734
2.6846
5.89642
6.90929
3.91159
5.25583
3.76716
1.39176
10.6051
1.03473
4.34115
1.21151
1.68385
6.29334
6.11955
1.06139
6.0292
3.57858
4.58558
1.74562
1.49466
3.23427
4.98777
1.43815
4.21344
3.14852
3.99564
7.83059
2.94308
9.84546
2.17132
1.15971
1.3782
3.11128
4.41328
13.4883
1.96944
7.88888
4.5961
2.03366
3.62932
3.19901
7.32982
7.4361
5.54247
0.520935
1.55303
2.0298
4.17361
7.48939
2.79512
1.43191
1.10488
4.36889
0.867963
3.49707
7.55107
0.954476
0.467725
5.99147
4.60516
6.12787
2.27144
4.21633
6.56135
8.27899
0.68672
0.346838
2.12177
1.04492
5.64767
1.88603
2.64855
0.630399
1.78954
1.69061
2.27415
1.96139
5.96564
2.02288
5.4725
1.26296
11.6325
4.96837
7.25184
2.52278
5.6284
3.55583
3.39751
0.734776
6.16007
18.5155
4.05858
3.33973
1.33041
1.43237
3.93005
4.09079
2.39654
5.0091
7.35125
3.69695
1.64587
4.05648
5.93999
5.80932
7.16626
6.23555
9.92681
4.57385
1.88662
3.63795
2.82834
3.49791
7.14661
5.82614
7.28302
2.04904
5.85414
3.30057
3.96516
3.66512
1.89635
4.03526
3.20625
2.52422
6.12192
6.69656
6.97674
5.04333
9.33765
1.13526
3.96746
2.14206
1.6671
1.1059
1.8652
4.03802
8.45897
8.52344
13.5092
2.48262
3.08391
0.977468
2.24221
0.842001
5.21685
0.428263
2.2319
3.60215
5.27714
5.39648
4.83406
4.72721
13.9493
5.78362
4.91243
6.14519
4.34852
1.23736
2.12491
2.11387
2.24621
6.49548
3.91851
5.41695
6.19484
5.43742
8.74243
2.07033
4.21585
4.16763
1.6821
0.465358
0.138951
6.16378
4.77168
10.7212
1.02354
2.99171
3.33862
5.33279
2.93081
4.5628
8.23941
1.60825
2.17887
11.1984
1.25129
12.4354
4.56948
8.66791
2.37524
2.80877
0.475071
8.29459
4.36176
0.9926
0.769398
3.24075
1.42197
13.0267
12.3718
4.50403
4.49971
2.77359
6.94029
6.08637
3.59825
4.68038
5.91707
6.69911
1.2927
3.53553
2.40317
2.70741
2.59272
7.32042
1.37475
0.945639
1.94982
3.94166
5.071
5.27573
1.2991
2.07991
15.1275
1.56452
2.5807
4.48444
2.7072
1.41131
2.66829
12.5576
11.5203
1.15458
2.4774
2.17658
7.86369
6.5916
5.6397
1.75614
3.91781
1.31285
1.03101
3.68995
4.71512
8.07655
7.98191
4.25797
1.88285
4.46344
0.77189
6.34959
6.74346
2.11258
1.96934
1.77616
6.47288
5.54302
0.780315
2.93206
7.97972
4.47129
3.19362
0.245238
1.61448
1.7498
3.58954
4.5842
2.74826
1.05846
3.92142
2.64208
1.77323
8.84332
4.68433
8.23908
1.47824
1.22869
1.62448
1.29222
1.32101
6.52429
5.31752
1.83153
2.47496
6.3694
1.61067
4.48706
3.00862
0.405513
3.52498
4.17365
3.15538
1.07293
4.05897
1.37674
2.20122
2.94557
5.04592
2.38068
2.09163
4.03932
11.4743
3.44388
3.51086
0.366265
2.98313
6.59214
6.85389
5.19862
1.1654
6.10486
7.16653
1.38762
0.836125
3.01027
2.39157
2.1789
4.13885
6.4098
3.92842
3.29101
1.37304
1.1433
0.398894
1.27014
1.32777
2.8806
2.34049
7.03562
7.42567
2.89121
0.380228
3.05756
2.13853
1.22777
2.26537
2.0498
3.63786
11.7035
1.31286
6.33583
6.93233
3.54274
4.59397
0.317218
3.77132
6.72154
5.99993
3.4109
5.82671
5.73498
4.21684
0.30899
3.00324
1.41016
7.94245
6.47057
2.35869
1.43613
8.89275
6.93422
2.3693
2.706
5.66086
1.93451
8.84725
7.08681
2.05354
1.81333
6.8155
0.846032
5.01407
3.98623
2.45893
3.08927
4.17071
5.0244
5.0392
1.12141
2.07872
7.46987
3.22121
4.27464
0.309746
4.6378
4.34697
4.38842
2.95429
2.99186
1.39024
6.62435
2.3597
1.59554
6.17454
1.76672
2.45912
1.27155
1.37773
4.30425
0.639804
15.6025
7.21575
4.20396
4.42617
2.71212
3.46719
7.01113
6.73677
0.793629
5.24027
2.25265
3.80405
8.20606
3.59133
2.52648
2.48369
2.51895
6.73371
6.19714
5.32114
0.985389
1.13029
2.03735
4.41635
1.36436
3.6065
5.0591
1.43917
1.63365
5.05926
7.38687
0.405921
0.603251
6.71028
5.49213
3.7635
2.74652
5.27823
2.2814
5.92869
1.29398
6.62405
1.66654
2.80179
1.1292
3.16155
3.91883
4.62695
0.738348
3.72528
1.89621
6.62686
5.43948
3.71958
3.39688
7.04923
7.62853
3.37041
6.18301
7.63875
4.20186
1.80874
4.14968
0.727124
1.47835
3.53631
4.78408
0.378165
6.23471
1.86449
6.11251
2.7175
2.38063
4.05435
5.42554
0.904899
4.51182
5.73565
1.09475
1.96723
4.4851
7.04262
1.4888
0.725545
1.83548
2.26586
2.74594
2.23799
5.33082
4.22499
0.909995
6.39092
1.46646
2.38848
6.33879
2.91874
3.53354
6.96841
3.35107
8.22552
2.98461
12.5471
4.02491
1.1503
1.37553
5.06356
1.41089
9.10727
3.59607
0.646865
1.90373
3.3776
4.12534
1.22135
1.55868
0.362487
5.94957
2.04677
3.7661
1.80866
1.4793
4.85902
6.75166
6.8091
4.43801
2.40524
4.50372
6.03603
0.630652
7.44152
14.5711
4.46414
3.73739
6.50186
2.32627
8.98714
6.74706
1.35527
3.79045
1.8581
4.45512
4.95746
1.44039
5.29209
7.51279
1.02728
0.23866
3.71572
5.79168
2.3652
2.87841
1.67203
5.72215
5.52491
1.5116
9.9756
7.00315
6.70589
0.25446
1.01211
3.94477
3.6411
1.5249
3.80836
13.2992
3.96286
4.41532
4.18009
5.39677
6.78931
0.410374
3.8707
1.70613
11.2105
0.955112
9.04918
15.2632
9.21325
2.99406
5.77445
1.82094
1.63435
4.74923
3.57988
1.47757
5.36716
1.76325
4.79796
4.72731
2.31597
1.4426
0.78078
6.26244
4.10948
8.00706
2.03197
2.46119
4.16294
1.26897
5.07495
1.49018
1.57559
3.35641
4.98392
2.7158
2.53575
1.82127
3.86743
4.14037
1.26024
8.76786
9.75576
3.58016
10.1589
2.20042
0.619736
4.13849
1.95092
0.864704
4.17644
0.352745
2.76646
3.96046
0.491107
3.90488
10.6138
3.58874
4.91478
3.63964
4.46946
4.84321
1.84363
1.12467
5.29546
2.53
4.80994
5.51617
6.1036
2.62245
0.923998
6.76463
4.862
6.20147
0.665767
7.01759
5.19759
4.04181
0.286629
2.73692
4.34344
7.0478
9.61675
4.20359
4.48459
4.05598
12.1076
12.8946
1.88688
1.2526
2.97733
7.89783
2.87617
1.02671
3.01878
2.48471
1.89601
0.337331
0.356422
1.59555
2.80614
0.913006
1.36455
3.60791
7.27378
1.03484
3.69325
1.45994
13.0927
7.14908
2.35681
6.0894
2.64301
2.18541
1.841
1.09419
5.45351
1.30126
1.70597
3.53645
2.85993
0.815911
2.10066
11.6213
2.91534
0.90977
6.74711
3.59926
1.9861
4.40904
1.4672
1.32617
6.09892
9.86205
0.282345
2.36552
7.88785
2.74922
3.51767
4.55281
3.61871
5.80667
4.71261
3.05035
6.41017
1.46947
3.13242
3.61311
3.11207
5.08296
5.28364
1.21771
0.309541
5.85542
5.21502
5.62811
2.00226
1.31753
4.49144
2.18519
8.85891
8.69311
10.0249
2.44197
3.43122
13.5763
5.82332
1.14438
8.51613
2.91044
8.48878
4.17722
2.81279
3.5838
3.00452
0.616196
2.03101
0.92883
6.86962
0.770147
9.52272
3.99117
3.10691
2.73834
3.01331
6.18992
1.73635
6.11205
4.71173
4.9373
4.01027
3.28112
3.81455
3.99763
0.460536
3.28405
1.35937
6.05279
2.64636
2.26426
5.3371
6.59203
2.10229
0.888009
2.37206
1.204
3.27541
10.2597
8.87445
1.79524
1.56745
2.77507
1.23542
3.17011
2.08526
6.21689
10.0961
4.31262
5.6758
3.86441
4.20621
2.25626
5.48529
3.50525
3.52456
8.21423
10.8631
6.30489
1.66366
1.51694
3.71288
1.67445
1.83511
1.75298
3.99367
7.72736
1.58954
1.0616
3.65945
2.30337
1.90501
0.83537
0.570886
2.69032
4.34936
5.45055
4.8889
4.0615
1.09363
6.49469
5.52551
1.25493
5.35612
3.26493
5.84328
5.82594
0.252146
11.0493
2.04307
4.5376
4.42744
0.725239
10.4618
4.08642
2.78272
7.30939
8.54694
3.66488
5.48806
3.98466
5.47229
0.2814
4.99314
0.80048
4.85503
6.13325
2.71753
1.89375
2.34311
2.22963
0.83732
7.22444
4.97378
10.4834
2.17497
3.49833
6.96592
5.10565
8.31371
3.81668
2.53839
1.72273
3.42071
2.51542
1.06439
2.02079
13.893
3.87412
4.74463
0.766561
3.7711
0.901559
2.45952
6.76968
1.59212
1.18533
3.10551
2.40517
2.81276
2.01481
4.15566
2.13467
3.12246
2.24537
4.80867
3.01482
5.44664
1.5869
2.03642
4.30216
10.3222
0.971771
6.2667
0.357729
1.20341
0.950966
0.703173
1.42816
5.15148
0.538807
2.76941
9.83104
1.87168
6.24191
0.638556
5.48661
2.66871
3.68871
6.79512
0.569263
4.86947
3.1232
1.90255
5.10122
2.03448
3.0458
2.73611
7.09514
9.35109
1.01389
3.33537
2.37406
6.11384
4.26321
4.89588
4.64572
2.54651
1.82355
10.9431
6.67145
1.71498
1.53168
2.86256
1.08409
1.5874
3.33972
3.25023
4.19937
5.52759
6.02785
4.93869
3.35439
2.01513
2.62289
0.647655
5.09306
3.55451
3.7912
9.6355
1.6742
4.79306
6.49481
9.28685
0.493896
1.9384
2.46133
5.11949
1.31218
3.69496
0.518484
0.572809
3.58245
1.07761
6.63864
2.33316
0.963571
1.46276
11.947
0.762593
12.9915
5.40065
2.85705
6.30203
0.58069
10.4222
5.6589
1.71414
1.35755
6.26322
4.51032
2.32375
6.37842
3.15587
9.33229
1.13898
0.980835
1.65508
8.80368
3.05197
7.89423
2.18507
2.30515
1.43157
2.07034
6.93377
5.21849
3.06801
0.922717
3.47059
5.22794
13.2118
1.24344
0.496081
1.42646
4.20323
3.81648
1.17721
2.8864
6.34477
1.94328
1.13444
1.47385
2.26632
11.4074
3.78132
4.81865
6.64782
4.43049
3.21891
9.77994
0.850726
3.10256
3.36923
13.7861
1.11832
5.34427
4.45429
2.57282
1.86285
6.23078
2.08922
7.16929
1.93061
7.28847
3.92911
5.86785
2.68718
1.78265
4.17058
9.16203
0.659974
0.491567
1.27523
5.0955
5.18795
3.90461
2.28027
2.54879
1.50023
2.71165
5.65424
5.0766
5.75917
4.34474
5.07118
2.7783
9.93374
2.21281
5.90228
3.92652
4.2547
0.814399
2.46836
2.76671
2.01227
3.98014
7.4514
5.61714
4.30636
4.4535
2.41107
8.12923
1.70045
2.4616
2.41194
0.422317
9.26703
0.649848
3.32924
4.29248
9.4984
5.54122
3.65262
1.61361
0.682179
0.326621
3.35726
6.6935
5.80561
6.27789
1.76305
9.32142
5.86601
2.38215
7.92857
6.1
1.52549
5.83479
11.461
3.46125
1.16614
9.19703
4.65947
3.66327
8.12026
3.57731
0.573744
5.04539
2.50972
2.61615
6.37646
5.96663
7.08722
5.60202
2.6166
1.15736
4.64399
4.69172
6.79123
5.09794
2.03106
6.96062
4.83026
4.44654
3.37161
3.49157
1.81507
7.30055
0.499809
0.287328
0.905695
2.09652
3.91109
5.85392
3.76754
5.71673
2.75855
7.85137
0.654265
0.476602
3.7365
9.72833
1.07305
5.37525
7.94786
3.59259
0.903547
0.415527
2.03828
3.26112
9.10443
0.316166
1.71617
5.11892
3.35094
2.6663
6.21546
0.259413
2.16496
4.73631
11.0055
1.43224
6.26038
4.78702
2.38054
5.32259
2.13267
3.2317
3.84502
4.47809
5.12519
7.70338
3.00448
1.49545
0.850352
11.0823
0.580225
0.969686
5.43181
1.61224
1.94045
3.98722
2.46583
4.43676
4.84909
1.70348
2.21905
7.86948
9.63525
0.468761
2.41985
2.27122
0.736181
0.957718
2.53075
3.51262
5.1378
3.33745
6.49904
0.598708
6.05588
2.13543
1.45433
5.3958
1.63745
3.1815
0.0724722
2.16576
3.70279
1.82328
4.30002
3.0263
3.06645
1.36022
3.68372
1.80645
5.1669
2.43255
4.89748
4.57177
1.86232
7.104
7.62446
5.39454
1.12218
2.98977
12.5118
2.81493
1.84079
1.49079
2.93649
4.31111
4.89589
5.75314
1.9449
4.64233
4.49266
7.85838
0.884927
1.93437
1.72927
1.9131
6.42177
1.24744
6.3746
2.82715
10.7161
3.32607
0.718647
4.54453
1.29179
4.32362
1.90466
4.85138
0.38927
7.91258
7.87059
5.95469
2.9194
0.972497
7.15872
4.17941
0.52732
0.645046
1.50632
3.1534
7.51072
2.72272
5.14255
2.05941
1.05346
0.6416
7.46759
0.713485
0.801719
7.12214
2.48209
3.24866
8.02069
1.54121
3.45299
4.39379
5.33944
3.52798
5.56367
2.57629
2.98308
3.8744
7.16971
2.46413
3.1068
1.55354
3.1926
12.3129
5.06558
8.7871
2.07061
1.43385
1.14142
1.5262
1.72201
1.11854
0.728171
0.923584
5.72193
2.06598
2.66195
5.88196
1.06903
1.80201
1.8661
6.45193
2.28262
3.441
7.47641
0.835214
1.95858
3.11194
2.78798
1.76649
2.43102
3.71307
0.302458
5.21103
3.55831
3.55225
9.11397
6.72294
13.7675
5.35146
6.49461
0.411407
1.80564
2.18854
1.47183
7.12873
7.6572
2.31218
2.82264
5.3859
3.11384
0.927291
6.21121
7.34739
1.90577
4.13756
4.0996
5.40043
2.55641
2.97129
2.82253
3.67395
3.7352
2.93147
6.98602
3.93445
5.31347
2.28581
3.47184
1.27279
2.82998
3.24198
3.22459
1.98382
5.29773
2.02767
5.87422
4.89333
2.37664
6.61251
6.6619
1.32699
3.57233
2.77692
1.75052
3.416
1.8011
6.17982
4.15524
3.22892
2.49358
0.830015
1.7935
4.66029
0.515296
6.06805
1.39121
4.52656
11.4343
0.773028
3.1863
1.77922
2.60358
2.80484
2.78332
2.65535
3.19914
0.479935
3.26611
1.36851
2.23843
3.38405
2.99214
5.1888
2.26003
1.66722
1.06864
3.11846
1.70468
7.64861
4.00383
2.36929
2.13972
9.27135
8.131
1.31144
4.6055
5.55029
9.89661
2.34617
3.37776
8.35567
3.88871
3.20278
3.85415
0.928076
5.26798
4.27261
2.27589
3.96417
1.92767
5.08254
3.45726
2.91526
1.11263
4.63105
1.28102
3.3474
11.7962
4.30876
1.55104
4.20848
9.50717
3.81228
1.58291
5.89895
8.0709
2.10494
2.21211
3.37745
8.98281
3.83335
2.77551
6.55717
4.81242
2.52787
2.97149
2.89294
1.8804
0.955338
1.3473
6.3426
2.49237
1.75426
3.16752
2.27717
5.97392
4.07753
4.30828
3.11866
2.45173
1.44449
2.85421
3.28618
8.2262
3.21368
3.84738
7.40285
3.87903
1.46047
7.28082
3.38927
2.54505
3.49943
0.696079
3.83844
3.24622
5.6755
1.89294
2.44249
0.620948
3.19408
2.40205
3.04792
5.78819
7.07912
7.8571
7.63035
4.18495
1.30678
3.49595
6.82431
0.610249
2.00904
2.33865
2.6532
18.8283
2.00587
5.22189
1.54477
5.19883
1.28447
4.80162
13.7264
3.95356
4.56619
5.57459
2.78418
3.63915
12.306
4.09655
15.0531
1.90114
1.28764
1.01318
5.70534
6.52232
8.20611
5.68167
3.51136
3.87717
1.50642
1.65274
1.39872
7.92387
6.05155
1.77999
0.542665
1.35658
0.554462
1.63759
2.76631
7.59651
1.09426
0.994557
3.18814
8.19804
9.0687
4.23882
3.50574
0.555428
3.51096
2.18963
6.67041
3.62171
1.38331
0.96481
2.30816
1.54526
2.23014
7.75115
2.0248
4.38122
3.27363
3.93846
5.7955
3.16308
1.2927
1.99507
2.04187
5.43996
9.12103
3.97268
9.36021
2.0807
0.213941
2.37979
6.4011
0.792227
8.6588
3.45662
5.47604
1.02821
5.89676
0.923915
1.5656
1.19755
0.735552
3.19274
6.22772
4.49077
0.635294
2.73573
3.09709
3.22503
4.60412
7.31995
1.27705
0.492598
0.730733
4.07639
3.32206
0.958887
4.0331
2.65325
5.20834
2.22358
7.24891
8.27123
0.505713
0.359493
2.52678
0.703308
6.27705
2.29076
2.93796
4.30851
4.52142
2.89857
3.62805
3.49323
5.96956
2.03453
1.9066
3.37659
4.59216
3.08587
3.62488
1.62648
1.83833
11.8828
7.55737
3.49893
9.35834
2.22693
4.89573
0.727818
3.50587
7.41904
4.57414
1.64424
3.1091
4.51322
3.99665
1.70506
1.14383
8.82083
8.20036
1.45891
3.50407
1.3742
9.77107
6.00428
0.53061
4.66179
1.35213
2.34894
2.28239
3.27268
1.49695
5.28038
3.68559
6.91486
0.848536
4.80627
3.22211
1.01478
3.07765
11.1993
4.83893
1.53678
5.80033
3.87963
0.563028
3.50794
2.38039
4.22247
3.59188
3.69208
0.391469
1.36295
1.71867
1.26585
3.55753
5.73177
3.93266
0.206713
3.77463
3.15958
5.99417
1.93088
3.94886
4.13761
5.34666
0.996291
1.06555
1.94467
2.55803
6.79485
5.55322
1.66427
5.30096
7.19724
1.15698
3.41919
1.0728
13.2195
8.71724
5.86138
2.29413
3.02414
5.15574
1.01231
2.73232
5.04544
3.66247
0.453672
4.12547
4.03504
1.49227
5.34415
2.00776
3.38958
4.00665
4.1018
2.31354
4.27125
0.950237
7.04882
0.838734
6.69855
0.746276
1.02994
3.42499
6.3211
4.67218
1.5822
0.396747
9.58921
0.891237
1.17072
3.93129
2.72046
3.97713
2.21471
5.93547
5.66224
0.865571
1.13209
5.57066
1.49994
3.80747
3.66857
0.526124
9.53599
3.24804
9.01181
0.532898
1.1136
2.68344
6.08537
1.91168
3.73269
5.01922
3.97602
6.3301
1.70813
6.41915
1.06317
6.32007
3.27318
3.33722
0.284751
2.96141
6.08447
7.57435
3.90838
2.42104
2.31345
1.39503
1.65042
0.704794
3.77905
0.591498
4.66194
3.26653
3.77165
3.49497
4.02151
2.21194
4.30707
3.8311
3.23193
7.62786
4.00883
3.23091
2.76209
4.0395
2.33679
2.41702
7.1215
8.67087
9.32022
10.2862
9.53058
3.0237
6.42764
2.49992
4.48473
6.38555
3.8036
4.15855
3.58254
4.11966
1.60225
10.2634
2.98562
6.1225
2.04505
0.836025
2.76699
8.40118
2.29588
3.31804
3.26427
0.863195
1.75405
4.14952
0.575159
2.1426
3.99416
3.78721
0.854013
0.626457
2.0947
1.08692
5.28817
8.37128
4.31575
2.89499
4.08337
8.47622
6.26164
3.40807
3.62558
0.194505
4.08199
3.02702
6.58269
1.2024
2.70559
3.87141
2.26689
4.15083
6.36727
1.78117
2.14637
3.61961
13.864
0.937051
5.88566
6.8633
4.69528
3.68401
1.11614
4.37894
2.53889
4.90478
0.262969
5.43259
3.07254
2.05027
1.15236
9.05396
2.98109
1.84446
2.39837
0.554979
2.73104
1.4502
3.42679
1.01569
6.02977
2.12331
7.15591
6.67524
4.32771
7.72742
5.67174
9.18044
2.91694
5.88926
6.23346
4.96114
13.0238
5.80073
8.73411
3.0276
5.90222
3.5243
4.97571
2.48527
1.35409
1.26433
6.01975
3.29436
0.226379
5.88416
0.625447
2.58167
1.28824
1.93366
0.799322
0.697639
2.0065
4.68436
2.37906
1.32198
1.76082
7.50486
1.91737
2.401
6.64935
15.2586
1.66354
1.64676
2.2677
7.76903
2.62924
7.17248
5.01435
5.4198
1.84212
2.11594
3.86944
4.58104
7.25865
7.69573
2.11415
0.772271
2.06755
2.05214
8.5507
3.25242
4.47213
5.55183
5.9304
14.3055
4.94145
0.59026
8.66387
10.4541
3.47219
2.78023
1.72071
2.58745
6.20221
4.24967
1.68125
2.50178
2.79336
6.02585
2.59167
4.20928
1.34098
0.700319
1.38679
2.35429
4.32222
6.14109
3.61472
3.97523
6.7015
1.52463
1.27923
0.834609
2.39061
2.56922
6.89739
0.208997
0.628832
5.32196
4.42723
3.90545
0.620948
5.86175
0.157053
1.39164
2.94298
0.753681
1.14947
1.77596
2.98519
11.4039
2.49493
3.46446
3.31923
6.08186
4.73151
5.30588
10.6749
4.59546
1.17175
6.39209
3.21106
6.34337
3.92058
4.71155
4.31476
2.12163
0.361652
12.2367
7.82631
4.1573
5.09451
4.31376
1.04751
2.27969
1.27595
2.39252
0.437472
6.48667
2.38254
7.27682
4.26536
2.72019
5.90091
1.65414
6.44405
4.74332
5.86148
1.92379
3.82794
3.17227
0.958763
0.319656
5.86883
1.98455
4.14175
4.07319
9.05643
2.50428
1.14432
2.45667
1.75435
6.45738
3.67906
6.41843
4.66336
6.93062
2.25569
2.59674
5.36615
2.05456
5.47736
6.01715
0.110539
5.28895
2.72638
1.00271
2.37562
1.96544
1.02021
5.01894
3.68417
6.06787
3.78813
5.51736
16.9178
5.2328
3.41812
8.82306
5.31811
2.61888
2.34667
2.02786
2.18289
3.92986
1.53104
3.86787
5.09446
3.25401
12.7424
4.56459
1.1543
4.46552
0.985916
3.42977
7.39457
3.96348
4.21977
1.67421
3.97999
1.73196
0.85709
2.36804
7.82024
5.80287
0.978276
1.8122
3.57629
6.26314
4.28514
2.11947
2.22992
6.03564
6.46533
1.42551
3.02352
4.22459
1.37806
1.5476
0.659022
1.28544
2.24792
4.7314
5.51447
1.482
0.350449
10.4858
0.944471
2.07422
6.27029
8.60164
1.98486
3.54479
1.89278
1.71772
2.39655
4.4756
4.84359
4.42771
3.98241
2.46719
1.37254
4.07008
1.13609
4.94285
1.07184
1.73668
2.1657
0.909053
3.28167
3.52318
2.13319
4.04261
0.597171
1.70928
7.71855
4.02584
7.31518
1.35451
2.56036
12.7614
1.06601
7.18064
4.02319
4.78321
7.89889
5.02198
0.544802
2.77762
2.14735
2.10738
1.8062
2.44221
4.26812
2.4541
7.07038
4.81098
6.95186
3.16063
9.58613
3.61554
5.76565
3.1167
2.60591
3.73438
2.4821
4.54458
3.14739
0.936167
5.75186
6.3422
3.43137
11.4146
3.64101
1.2496
2.64639
1.96492
5.96652
2.47577
2.09582
5.50032
5.20892
7.75277
5.9425
9.99023
1.04964
9.39555
3.89783
3.76792
4.38634
7.37122
2.41382
1.3257
1.812
6.49738
6.40397
9.50263
7.68802
1.3686
2.21188
3.78183
1.18853
2.42618
1.13499
4.20752
7.13326
2.12523
1.44246
3.91299
1.47692
10.7698
7.3815
6.16907
6.49038
5.48037
4.42817
0.99155
0.23559
2.53961
10.7613
1.32521
1.61472
0.523351
1.79222
4.97051
4.15828
10.8719
0.812585
1.43261
5.6701
4.98649
2.55928
6.87909
6.31574
9.33597
3.44119
5.67846
3.19001
6.69013
1.57969
2.16777
1.97496
10.7437
1.92557
0.704095
7.20439
7.7091
4.57223
0.622383
7.04015
2.69041
3.34898
5.13657
1.54886
2.13294
5.51972
2.90794
2.65758
3.39086
5.63693
4.73375
1.87417
2.32078
3.43719
3.46186
1.11936
0.937061
3.68158
2.74992
1.6731
4.77534
5.16292
3.4033
3.34962
0.446313
2.18529
6.50922
1.28109
2.40477
4.98822
2.33488
6.56109
2.00971
5.02845
4.08776
5.80032
4.79448
4.57447
0.658266
9.48242
2.03416
1.93901
1.39679
3.26436
7.94824
0.923443
3.65918
0.394638
2.19044
1.93476
4.1538
2.41137
0.860537
10.563
2.30326
4.72192
4.18451
2.11998
1.21588
1.92334
8.40651
0.151452
2.52868
1.54472
3.031
3.08124
7.63026
8.10555
2.51881
5.46187
4.80752
3.90462
3.56252
5.6493
1.07793
2.07361
1.02204
1.1686
0.937187
2.15905
3.60216
0.452627
6.17457
0.815615
3.41987
7.04819
0.881216
2.47811
4.35151
3.98786
8.90088
3.69814
2.80129
7.83793
4.08634
3.93714
7.77873
2.91821
2.42285
1.50161
2.45205
1.00684
0.738782
5.46746
15.374
10.4763
4.10504
4.81675
4.34909
1.34216
3.05627
3.95956
10.0369
5.13911
0.57693
3.74992
4.7291
4.26099
2.46296
0.179809
5.08952
6.13591
5.63525
3.42793
2.25637
2.1878
2.81595
8.85002
1.25016
0.715078
8.07337
3.9268
4.43333
7.87021
5.2549
4.86852
0.787232
0.170981
2.24514
3.10448
3.28409
1.66293
9.98129
1.62002
5.41471
4.16832
3.00493
1.60574
5.03912
1.3651
5.58568
2.57547
4.58985
0.575726
1.47932
2.77647
1.30347
0.333024
4.56952
6.35689
3.55382
6.3028
2.4299
11.3495
5.57301
2.11493
5.78126
3.75156
1.47747
2.39539
1.35179
0.576492
3.40076
2.63721
0.999137
3.16587
5.44725
5.30822
1.50324
3.02873
5.12431
1.63455
0.308587
12.0978
4.31679
2.10806
2.03498
4.75287
6.05171
12.6884
1.41934
3.23881
5.46942
6.29619
5.04176
2.04207
3.48452
5.48498
1.70745
2.14196
4.98162
4.80663
4.41933
2.58783
6.73317
4.83597
0.958093
2.15683
5.85038
3.50484
3.95788
3.43154
1.78111
5.72087
4.80637
5.32887
3.7462
4.63742
3.72234
2.52861
14.1708
3.87244
0.528126
4.71812
0.912108
1.89139
5.47852
3.49898
6.17948
3.27247
3.78806
2.96571
7.07793
2.9444
5.35231
3.74703
0.807394
4.9001
7.98666
3.34035
1.40421
1.83645
8.30448
6.08045
10.779
17.2313
1.28104
4.08982
0.706621
2.44108
3.10421
5.72822
3.08285
2.34295
1.83003
17.5376
4.59828
7.02222
0.809107
10.5453
5.35761
1.14391
6.00982
2.14402
8.59222
8.26128
0.939173
3.14217
9.0767
1.71549
5.29967
4.77979
2.64507
5.36492
5.32123
4.92003
1.12633
2.81959
4.92906
2.19214
14.6981
3.84275
2.43895
4.49381
1.74395
1.19837
8.85216
2.83984
3.06941
6.33092
0.575546
4.0942
2.12986
9.20436
1.95792
3.75488
4.55724
0.978886
6.70675
1.07923
6.61296
3.71069
3.33978
1.61774
3.46164
1.31149
3.4963
2.63194
3.45139
3.66053
5.27172
1.13706
2.69545
6.52702
7.83837
2.02993
2.06244
3.69037
1.47747
5.77287
3.00434
5.30215
2.61974
3.86413
1.58041
0.737347
0.119635
5.07344
7.8997
5.59233
3.64373
2.66523
1.6752
5.91177
15.9311
6.0143
1.89807
5.92745
2.07054
5.76129
8.2322
4.06549
5.49275
2.99033
3.12996
2.67716
3.61299
1.87216
1.71498
3.06372
3.02272
0.487111
2.31094
2.94102
2.02011
4.45295
3.81503
0.620404
6.66936
6.75597
1.81625
2.74569
0.525082
3.60753
2.03443
9.88116
2.71447
5.5752
1.11403
1.12917
5.25056
3.09709
1.83644
4.96132
1.61653
4.16791
1.54881
9.64191
0.523678
1.72901
2.1266
3.46386
1.03278
3.2627
0.823642
3.41636
1.9665
8.31595
1.72635
3.26056
3.83494
1.03228
3.61746
3.70581
9.7099
2.39349
2.13283
4.92523
3.2717
5.45204
11.9194
4.78316
6.44303
11.6342
6.89092
2.10095
0.231257
2.14442
5.10553
1.9164
3.80069
4.59082
2.73235
13.2756
5.7924
0.679839
4.83149
8.67384
4.95664
1.98099
3.21187
1.95662
2.62804
4.8367
2.15374
4.65827
1.98661
3.38367
5.19074
2.17451
1.31271
1.08319
2.68696
9.09418
1.40281
1.53137
2.34444
1.17787
2.32076
2.01722
4.97766
3.12626
4.03969
3.67879
9.53954
8.15941
0.793249
7.4701
2.74697
0.732034
5.01898
8.0173
1.42331
1.36171
6.10239
11.0316
3.20762
1.91801
5.6239
3.43911
9.99428
1.45389
5.07041
3.23503
8.85957
1.10821
5.88482
1.7101
0.897066
3.00815
4.69624
2.16541
3.65525
3.53661
1.36108
3.30986
18.4502
6.71953
6.15015
6.30399
3.36977
3.46308
3.64149
5.65179
8.78494
6.2809
2.8094
5.20867
5.66543
7.29923
6.01858
6.9992
2.61295
1.52926
2.35139
7.45871
3.4237
5.73015
1.46941
7.94164
2.816
2.61654
2.28126
1.54707
4.24384
3.74302
3.94589
7.06163
2.019
1.39662
2.42911
2.44185
8.34237
7.5388
2.40119
4.27188
0.955723
1.11012
1.54967
4.22647
2.75233
3.05988
1.32549
2.55606
4.19847
1.58976
10.7366
9.01827
3.67061
6.27422
3.24631
0.368745
6.69454
5.1774
4.69607
2.05949
3.29505
14.2879
5.33617
4.31843
5.00831
3.03652
6.82044
2.15538
1.21804
3.39909
1.4194
4.14911
4.69248
2.2594
5.0214
3.42127
0.527825
8.61945
3.87397
3.41032
3.82606
3.62678
0.937848
7.0273
7.72352
20.6079
1.98389
12.139
2.97043
2.93834
3.10083
4.30613
5.6758
7.22871
2.84458
5.46582
0.562391
2.64828
3.37267
5.38275
1.96807
5.71148
1.15184
8.79148
3.13792
2.18933
3.58518
2.39822
1.7778
4.26064
7.8959
4.83275
4.87537
3.37081
1.50275
4.05484
4.15979
2.48687
1.42963
3.13446
2.67358
2.40819
0.563448
3.04156
5.11205
2.37179
2.60485
5.26999
4.15842
1.71818
0.556476
6.5859
3.47704
1.71424
1.63202
3.82702
1.90304
5.77888
2.9438
7.14619
5.20071
5.89386
6.42724
6.29331
7.18098
3.73897
4.80902
6.01906
3.03644
6.87827
5.40954
2.77745
1.3808
3.06612
2.67204
2.79246
1.49329
5.14044
2.01003
3.29056
14.5598
6.29027
4.30468
4.81766
4.25835
0.252136
4.57999
3.29236
3.30793
0.985935
1.22569
6.83767
4.11297
0.935966
6.33462
1.8908
5.2142
0.481762
3.54126
2.36524
7.41079
4.20374
7.66947
1.52749
1.87037
4.9321
4.36791
1.94367
6.06386
7.32081
3.0093
16.7227
1.18732
4.96494
2.49555
6.45912
2.17243
1.39632
10.6833
1.32601
7.89221
3.75505
0.510739
3.85015
5.02574
8.80584
7.00276
4.47418
0.862733
4.98338
3.5464
3.28572
3.67287
1.83076
3.02453
7.26788
3.55653
2.40831
9.51596
6.85363
2.58707
1.31045
1.74795
3.62407
1.22611
2.31504
4.4317
2.15553
11.2743
3.76727
5.29509
0.705754
2.8147
4.76112
3.94881
1.96231
1.6816
3.23031
1.76608
0.60119
0.678316
3.36948
1.79947
1.8269
3.16314
5.88365
1.62504
7.15562
2.53122
3.60767
2.21733
2.20231
6.06063
5.92812
13.3706
5.61061
1.24768
2.63575
2.13703
3.45354
6.21403
0.668168
2.05494
2.3166
3.23646
2.63317
2.75354
5.53971
7.16106
7.46028
5.89571
1.94563
0.696384
1.54923
2.04825
5.52014
1.00882
5.1983
0.848201
6.96176
10.245
3.02105
3.40335
6.2878
1.19221
1.63602
8.61225
8.41957
3.73019
6.31761
5.52699
2.08173
6.08125
6.35605
3.06513
2.96372
3.59251
2.95826
1.91801
2.35292
4.73156
1.67886
12.1631
4.57597
2.72864
2.69326
1.05383
1.80205
4.04256
2.49178
3.94927
5.86418
7.10452
2.96819
2.8135
5.01025
2.67678
3.29412
15.4791
4.23688
3.41174
4.62591
4.7208
5.33556
4.96495
7.08522
1.62856
5.61626
2.62573
3.60754
7.51174
6.59237
3.96095
0.286688
6.80668
4.27928
3.45106
6.31332
2.08702
1.92103
4.49515
1.56788
4.24123
3.77378
4.07958
4.16208
2.19092
2.6033
5.18434
4.07563
4.52358
4.07166
6.05568
4.69671
3.08101
3.52787
1.99251
3.09955
1.85494
0.653529
2.69555
2.17905
7.76754
6.03129
4.59132
1.18274
4.50542
3.84716
7.30475
4.53487
3.36238
3.66572
12.5237
3.70424
1.43417
6.88061
3.26398
1.21004
0.723536
2.64717
3.39455
2.01389
8.31391
2.99733
3.46729
7.18499
1.0358
6.01163
0.412494
5.21038
5.89349
3.71338
2.96566
1.33852
2.86464
2.97798
5.58987
3.14688
4.92499
5.83597
0.854393
0.814909
0.312898
9.44506
3.23398
0.918018
2.25688
4.39621
2.96547
8.22772
4.06177
10.0604
4.46001
6.46009
1.30476
0.936815
1.41954
5.84815
3.1245
3.54166
5.79813
7.63207
7.63017
4.19173
3.61918
0.368294
6.28132
7.733
4.32762
11.9109
2.53519
4.97246
2.44702
3.03232
0.167382
5.15676
3.0468
2.96493
1.68922
4.24214
2.42938
4.85261
1.69269
7.02464
2.54417
1.17761
1.45764
2.28068
7.07217
2.5714
1.27704
6.92284
4.25294
5.41543
6.10515
2.1953
1.32915
1.3119
1.80889
7.50672
5.22428
3.74026
5.04124
3.45023
4.22945
4.8995
1.20791
3.5687
3.09138
6.09121
6.13055
6.22372
0.596632
2.47327
4.33577
5.50927
1.2429
7.95012
5.62649
1.41816
0.196623
4.3109
5.06264
6.15938
1.12766
4.87736
3.69003
2.06617
5.93682
10.5134
3.55088
3.09125
1.84326
3.3458
4.66888
8.94168
3.42509
5.19924
3.99709
4.56722
1.91844
5.96444
1.46742
0.661114
2.05987
0.225491
3.214
0.905479
1.12717
8.80177
4.27038
7.99489
8.3161
3.69006
0.157454
4.43468
1.53571
9.33207
5.31802
2.21793
0.599272
2.61852
1.72687
4.59512
4.65633
1.0445
3.24119
7.21283
4.48808
2.54687
4.12211
4.57708
1.10487
10.2426
2.4529
2.62563
2.68106
8.6205
2.61085
5.07197
1.34438
10.2865
3.36402
2.8663
2.25498
3.12979
4.00187
2.20486
6.24679
3.01316
10.4324
2.17304
5.85278
5.77299
4.20966
6.40482
3.00156
2.28963
3.03353
7.56878
1.72583
0.667333
1.96506
5.46094
3.40172
2.04978
1.09632
8.32858
3.57073
3.53391
4.46921
5.25806
1.86752
0.293586
7.42625
2.99665
14.9394
1.38938
3.08378
4.47585
6.15018
1.67202
5.51605
0.228766
4.77868
5.59974
1.08874
5.98918
1.64847
3.02367
0.46896
4.1355
6.47037
3.15578
1.16531
3.02668
3.65601
5.61514
9.6061
1.72371
3.75583
4.24216
4.88227
3.6193
6.2496
4.33387
5.28031
3.766
2.41895
1.43722
0.184749
5.85848
8.33828
10.5323
4.49622
3.78855
1.36869
2.51448
5.20347
3.03954
4.72552
4.94411
6.58675
2.2651
4.0148
3.99955
17.9399
5.53086
2.58625
9.33542
3.87127
4.97195
11.2705
0.810242
4.11668
3.52358
9.73531
1.42142
4.40547
3.71866
4.20369
3.33667
2.2708
6.63662
8.24064
3.71677
0.689423
1.07388
1.85483
2.48696
2.86645
0.623661
3.48994
1.41116
6.21488
6.27954
2.89401
3.33761
3.9427
2.70254
0.765566
4.48959
0.287127
0.51113
2.50292
6.97169
9.69088
1.71312
7.45899
2.18426
1.95557
5.60584
2.1898
1.3394
1.18221
2.30525
7.16479
7.73276
5.40679
3.82113
7.85054
2.90014
2.66729
6.2576
3.20581
11.8568
5.36768
4.09982
7.22243
3.46799
4.67212
4.91096
3.28378
1.86884
2.01391
2.13633
2.69655
2.12988
6.20431
7.30077
3.53879
3.60076
1.6918
3.37587
3.18705
0.712556
1.30495
4.56678
5.33221
0.947688
1.63806
2.23896
3.51256
3.27967
1.5985
1.06537
1.70271
1.06901
2.6981
2.63408
5.08837
2.93043
1.3943
4.64803
3.05341
1.84182
2.94693
1.65247
0.740268
3.1457
3.0458
6.23915
2.97192
3.83595
1.3587
5.80948
2.5898
4.54238
0.264471
3.68121
5.5458
1.05864
2.95512
2.97898
3.71086
1.66564
4.82392
8.59504
3.33755
3.66047
2.64564
4.79046
6.39736
2.3181
1.69879
12.0667
2.56511
1.94516
4.03003
3.99094
6.72826
6.88002
2.04594
4.95014
0.330087
0.536986
2.8151
2.53373
5.06895
5.75384
4.00471
3.8106
2.27394
5.36707
3.96156
0.28518
1.60093
2.52657
0.448871
5.05231
6.82365
2.32938
17.6916
0.536871
1.91243
5.74893
3.41517
4.47298
3.63055
6.6236
2.39037
2.04915
4.4972
3.63865
0.438263
1.89789
0.862604
3.97151
3.90905
4.13236
5.53622
3.889
1.47331
0.605527
4.44481
0.60858
1.98702
0.92326
4.99969
1.85848
7.26024
3.843
0.429765
1.0695
3.34
6.65024
3.94042
6.23685
5.94384
2.48583
2.66047
1.91451
1.53402
1.14185
2.55329
12.7985
4.09619
4.76804
4.24405
12.2474
7.8819
7.96721
3.82792
5.78379
5.93868
8.13761
3.14267
3.3736
3.08479
8.61188
5.46572
1.53232
2.65062
7.47672
10.0867
1.75183
1.56995
4.91574
10.5992
9.77366
1.99023
1.14988
4.74122
7.00707
4.45546
0.395834
2.85414
5.67747
2.25555
4.00698
3.0894
2.52007
0.547198
0.861263
4.21939
2.31667
4.11598
1.64686
1.4231
9.01556
3.57928
4.52737
3.6115
2.95512
3.77824
10.5326
5.26976
4.38373
0.841863
7.00607
3.41575
8.57161
4.61855
4.68478
3.01755
0.912964
5.73493
10.4907
1.8945
1.20821
1.03436
6.16177
4.23454
3.85158
4.13684
1.62635
4.35234
0.627821
1.40583
2.34394
1.09056
4.76244
4.7224
9.16488
4.25605
6.55804
2.22858
4.2351
0.729932
4.52598
7.81194
0.673313
1.69603
1.94868
2.27768
3.9934
2.03194
1.9095
1.09558
0.96487
5.15557
4.04021
0.799816
3.84151
1.98685
8.83001
8.60957
5.04111
1.52864
1.61513
7.1009
1.60234
0.284518
1.03783
11.9827
0.184366
4.16873
5.43683
1.80261
1.15782
5.36105
0.845666
2.29206
1.51923
10.7731
1.67187
1.62562
3.1996
2.57086
9.05924
1.20659
1.40706
6.39104
2.08529
4.46139
0.534051
4.26001
3.25508
4.0146
2.04542
1.10353
3.28011
1.0174
1.66952
1.04401
1.50861
5.71103
2.19117
0.560471
1.217
6.10186
2.86254
7.37854
3.94925
4.14162
6.75982
5.01925
10.2498
2.97341
7.70899
9.93381
1.21689
8.41428
0.956801
2.57425
3.33365
2.70691
3.25884
4.64572
5.51765
0.78825
0.738065
4.83177
0.595048
3.38859
2.67266
5.27504
6.31653
7.31698
6.47728
4.70148
2.0584
3.19281
0.439871
1.36439
8.20548
1.66365
3.825
6.62786
2.25291
2.96491
5.08393
1.79867
5.05726
2.97664
3.76822
0.886365
5.85751
5.78421
6.84093
4.71797
1.50186
3.303
1.74877
6.49468
0.939929
1.19836
1.17888
2.18394
7.18581
4.348
19.537
6.53558
4.98412
8.27202
9.04916
3.24602
4.54557
7.49946
5.03493
4.64108
2.03449
2.23769
3.07068
2.77673
0.705556
3.96851
1.92642
5.30857
2.10695
1.28313
11.3801
2.29475
2.93273
3.22769
3.47492
3.93156
1.86448
2.60951
7.17223
5.64284
2.56428
16.1255
10.4745
6.59715
3.80818
3.9098
0.62859
9.55053
2.37391
5.46643
5.54621
4.07049
8.27758
4.4164
3.7207
4.85179
3.09558
1.65858
1.55832
3.08182
0.677912
1.53085
0.917347
2.2107
1.66404
10.551
5.14468
1.93256
2.98804
7.96973
7.75841
3.31041
1.18001
3.07018
7.72573
8.45232
9.02035
2.4889
1.63612
0.754733
4.75668
0.865682
3.70197
0.77539
3.0547
5.13528
6.7984
1.76203
4.32803
3.57406
1.35577
5.12297
1.0667
5.07653
2.60533
8.33978
3.92711
1.02225
0.573083
1.33263
1.68191
3.02554
2.45725
9.61052
10.8299
2.06552
5.18232
3.72085
0.828168
3.7563
0.396579
9.62576
2.25522
4.39531
3.79397
1.19457
2.65043
3.14965
4.63105
3.39122
6.70605
2.99116
5.62667
2.73106
3.94343
8.06396
3.16684
2.32368
2.27554
0.92539
4.23043
3.64762
4.97701
1.05599
1.14496
2.91979
3.06151
2.50415
1.63372
2.40809
2.7955
2.42913
0.641158
3.67225
2.05568
1.65166
1.38938
0.505527
2.74937
1.39735
3.16007
3.52286
4.98983
11.4313
3.01156
1.73356
2.03454
2.33912
8.52824
1.1021
5.96081
8.34374
8.74689
2.91635
2.79805
5.43853
2.07733
1.10718
0.480678
3.89148
2.81586
4.32729
1.67156
4.24855
8.15875
2.14708
4.20748
6.34414
1.22778
0.777871
2.76448
3.08103
5.26589
4.15037
0.74083
1.07762
1.3273
7.13025
11.9177
1.14324
3.74652
3.34691
1.29493
8.08404
5.34888
10.2907
2.46472
1.99566
6.07106
5.43467
6.21983
7.15199
3.31424
4.32165
10.1362
3.93321
1.81396
11.9891
1.39042
2.02504
1.09554
4.68865
2.81452
7.23505
1.23949
2.8052
3.72186
11.2825
1.57152
1.9205
3.19065
9.65753
1.85872
7.26036
6.6873
4.36738
1.38674
4.80712
1.42614
6.63082
2.5498
3.70104
1.88342
15.0503
5.24486
3.67045
4.79066
2.67247
1.89034
2.13891
1.40771
1.41026
2.85999
0.978076
2.10941
2.48065
0.928342
12.432
1.54164
2.19783
2.17327
1.55415
0.983612
7.91016
3.35359
3.389
2.14857
5.22042
3.57747
5.89796
5.18266
10.6609
1.24495
0.878637
1.99019
0.679511
2.5057
2.83752
0.557367
2.68522
1.14867
2.56157
4.58136
5.14325
3.74314
4.29077
3.57706
3.75268
8.83515
0.511624
0.460517
11.7993
2.97647
11.5919
6.71005
2.34693
3.45525
1.69166
0.959169
4.8747
10.7929
4.10539
3.6247
5.04798
3.65742
2.92654
5.26743
4.10273
4.45686
5.55085
5.58516
3.42008
1.94544
4.60461
1.95953
5.14732
2.25226
2.99282
10.4312
4.27994
5.50533
3.94711
5.56301
7.94446
4.48235
7.23743
7.41664
1.93057
4.8349
2.37492
0.654119
5.47234
1.63919
1.71369
2.60255
1.4886
3.3352
1.81584
14.4791
4.00044
5.32947
1.12334
2.44347
2.0202
3.59345
3.90707
2.38109
1.0349
4.27789
13.2297
1.92315
5.49129
3.32658
2.6366
3.65575
7.06123
2.84689
3.17354
1.15657
8.01959
1.37822
0.411042
4.50457
3.45036
1.19857
2.6586
6.63353
4.83246
3.38415
4.0198
3.06477
3.65929
4.55976
6.32216
14.9947
0.566028
9.28693
2.50488
0.0974834
2.22538
1.26004
1.77052
0.728631
3.39034
0.879556
1.534
2.52726
0.989616
3.3911
9.29573
5.05813
2.0349
2.93653
3.45721
2.9334
4.11789
2.00719
5.79708
5.50118
6.21857
3.02595
3.34204
0.883592
4.94114
1.30567
2.61258
2.30821
6.79735
4.58576
6.51438
1.52428
2.86613
12.1295
0.705835
1.07913
1.5783
9.56015
1.42635
4.63513
12.4416
6.23663
2.24094
4.06623
11.8067
6.71201
1.21277
4.93352
3.601
2.33918
7.56951
3.61751
5.12703
3.64438
1.98373
0.888059
2.83964
6.01728
4.91959
3.87577
5.13955
0.537475
2.54495
4.92934
1.1121
4.80409
4.52683
3.10485
3.91346
1.90177
0.756237
3.0839
7.28536
6.60629
6.70856
4.09747
3.42329
4.13414
13.8978
1.16819
3.81345
0.462378
3.12822
3.06
6.56406
2.16316
1.38387
4.14937
3.25097
7.84289
5.48617
4.31639
4.22282
5.74119
2.98676
3.39294
2.19766
3.80347
3.34115
5.05888
1.39546
1.84011
5.97794
4.58973
3.66663
5.56989
1.59579
1.69598
4.18144
6.38567
13.3083
4.38553
8.94276
3.7625
0.8262
6.1426
5.65092
4.43867
2.61101
4.10835
2.6244
5.49265
0.844339
2.70517
3.14534
2.81897
4.68026
3.597
2.62686
8.36078
5.85368
2.13289
3.85824
2.12675
7.79796
1.03655
2.81884
2.97079
0.660053
3.10887
1.0427
2.09668
3.14931
4.79941
8.22036
1.24107
1.83232
3.30774
2.02041
2.92254
9.36352
0.855624
5.31882
2.65815
6.05939
3.87163
2.13044
1.33971
1.68039
4.99171
4.58601
8.43526
2.63302
3.58228
2.01225
10.5289
1.55768
1.65398
0.486384
11.4051
6.07753
1.43506
10.5067
1.6177
2.77108
5.35182
1.5238
5.84332
5.03533
8.36811
0.500073
2.79046
1.16694
0.862745
4.621
1.19665
3.48751
5.00556
5.11748
4.12385
2.07838
0.175712
2.33822
6.51509
4.90564
1.58051
5.05972
2.4446
3.33497
2.34689
3.0462
7.18491
4.29181
4.61747
4.52954
2.96352
4.02827
2.82094
8.10938
6.23918
2.88117
1.38617
16.4547
6.90292
2.47591
13.907
2.02493
4.47036
4.31755
6.46901
8.8183
4.75524
2.74899
3.15469
4.80811
1.20347
2.38981
0.815949
6.39091
4.10294
6.1886
4.75094
1.86081
5.76038
3.91077
4.95537
6.72061
2.10556
1.84743
2.35552
0.220841
0.520138
2.60894
5.11976
1.98793
1.42581
4.66282
5.82249
1.23604
1.77323
1.83489
9.15845
1.16247
2.68362
1.38969
3.03883
1.38302
0.809272
3.30516
1.89714
10.0462
4.40149
1.08922
3.95636
0.131073
6.66562
4.07481
2.55632
5.42254
8.60008
7.2588
8.68845
1.73793
3.58
4.52474
12.3516
1.98549
7.4516
1.05623
2.95363
3.00952
4.97994
1.82372
6.04863
4.74731
5.16546
5.32853
5.32131
2.4339
6.57619
1.89165
2.83981
3.20597
2.45068
3.86093
1.60961
0.231536
6.81522
2.3897
3.35358
0.795145
1.73501
2.78043
2.2067
4.91921
5.96363
9.16586
1.55537
2.2002
6.95076
5.17697
4.27442
1.17004
1.8177
1.78012
11.4591
1.14365
4.13375
5.60205
1.08849
4.86719
7.70814
5.20956
3.20552
3.14003
5.32817
3.93773
7.96871
2.92265
3.99155
4.38211
3.48788
1.38936
5.16137
0.443111
5.99382
1.79986
0.665472
2.07589
1.02113
0.356301
3.6838
2.20229
0.242761
8.8653
2.7505
7.53666
0.853358
2.78987
4.54527
5.67358
1.47016
5.99051
5.51648
11.5928
2.41409
4.07716
3.33426
8.66563
1.20645
2.61815
5.60066
0.768454
5.50115
2.75746
6.79267
1.27152
4.69604
6.86635
3.82025
3.85963
1.41471
5.70496
0.55926
0.685456
4.90347
7.64493
2.61959
6.17962
3.49789
1.81066
2.15724
5.07291
3.55323
11.0997
6.57724
2.74052
4.01351
4.23545
2.47674
2.8286
4.36436
4.30171
5.48092
5.52022
3.09126
3.27302
1.76384
1.67597
12.1478
4.823
9.99382
0.195915
3.41185
2.8606
8.65302
2.06094
2.47816
2.70303
1.96619
1.04764
3.55516
1.44796
12.3731
1.12152
4.40712
2.47906
0.44057
7.80836
6.83954
4.67479
4.45557
9.33944
4.94642
3.67043
4.68622
7.17217
3.23162
8.75054
1.34684
1.44062
2.57728
0.567618
3.28654
2.13908
1.82517
10.7092
4.53389
4.063
4.95279
4.21592
1.99593
0.952387
1.09495
2.47916
0.799581
0.577383
2.28653
0.783679
0.852021
1.45353
2.9417
8.21618
2.8001
5.54723
5.2426
2.30947
1.98574
5.05995
4.51987
3.43589
2.90105
6.01027
4.75917
2.97734
5.8588
0.677582
4.67543
4.9926
3.93767
2.26119
4.16208
9.97012
0.997737
5.30406
4.52511
5.09298
12.0028
1.07807
3.25246
4.86338
4.91093
2.24597
9.35636
3.04174
3.80991
1.52777
4.74465
3.67699
2.48267
2.44049
4.37893
4.33472
2.6458
4.40034
0.847494
6.93856
4.87725
2.3868
3.69869
1.28148
2.35696
1.48691
11.0864
4.85792
3.91012
4.33363
4.15775
6.93946
6.20594
2.18756
0.30896
3.44626
0.45705
2.65486
1.75563
7.41463
2.9088
1.27272
3.02096
1.4864
9.12397
2.28817
1.29763
5.81244
3.40116
4.6512
0.619415
8.82788
0.315391
3.31705
4.94876
1.77438
4.31975
4.57102
5.73497
12.4404
13.1258
5.13144
2.39053
4.63966
8.6741
3.89094
4.08492
1.98897
4.50038
2.08631
1.09098
4.93408
0.700778
3.60237
1.28573
7.20566
3.00634
0.117878
2.48553
1.1474
10.3674
10.7846
7.02373
3.74889
3.21942
8.24813
3.76054
6.65389
3.76902
9.25378
2.62476
0.627241
5.78705
1.22868
1.59994
0.599223
2.72545
1.85312
5.77508
14.5112
4.94597
7.64368
4.80286
5.03423
1.79899
1.81233
3.29755
2.90097
3.33898
4.51911
11.7874
3.20537
2.18916
2.47383
6.32392
4.86749
3.2227
1.10945
6.23482
2.85071
4.49584
2.3087
12.2476
1.79949
3.88562
0.90606
4.59137
9.79898
1.02098
2.70991
5.8981
0.83444
2.88449
6.48475
3.77879
2.16187
7.42681
10.6485
6.41627
2.25417
2.5076
2.2473
3.28794
2.99947
5.51396
3.71647
2.81304
10.3669
4.15552
3.51306
5.93824
1.55574
12.7254
3.55533
3.23633
9.46818
9.18911
1.95707
3.83793
7.54012
4.69695
3.07778
5.97432
1.86177
5.60026
3.30291
6.57076
6.23328
4.48261
5.40996
2.36033
2.35522
4.72736
2.85095
5.85284
3.53046
0.0717483
1.83265
1.3614
1.8382
5.17358
4.55597
0.708617
1.18653
3.36367
4.44193
7.61134
0.469441
6.76872
2.47394
1.20178
1.66074
1.97571
1.23629
0.433287
3.24569
5.93749
4.03589
4.63441
10.9252
0.447586
6.592
4.11861
7.52338
3.95854
0.23382
2.24789
3.60359
3.56709
4.37562
6.45895
3.3043
3.10956
2.96163
1.15721
10.8021
6.70689
3.24691
2.36033
2.60085
7.78208
3.57723
1.37963
0.39453
4.0746
1.86409
0.483723
13.3432
1.17885
2.01995
2.08888
2.75604
1.9955
6.56419
2.80728
4.23588
7.18748
1.68963
1.58666
6.89659
2.16794
1.53342
4.07558
5.12295
7.87642
5.02697
4.12254
5.48698
3.02623
2.71785
1.72157
1.27679
7.05426
4.28029
5.02439
5.17429
11.5592
5.16688
1.72014
3.99104
3.60524
0.501248
3.34815
2.81754
3.23291
4.72502
0.293592
0.857082
7.97591
3.68927
2.34026
8.14483
0.978722
2.80152
2.76247
2.14715
9.09153
3.23793
2.2433
8.19137
1.58564
1.83442
0.808925
1.19302
2.23571
2.23882
11.8358
3.57673
0.968839
2.17743
5.12297
3.76445
1.29342
0.411586
7.43681
5.43954
5.69226
12.9921
0.113495
3.02185
1.64246
2.53836
7.01571
0.86598
6.24951
1.185
0.760917
1.87635
1.60157
3.96966
6.13877
4.80922
1.36459
2.67668
4.52928
0.372494
3.27438
5.71475
12.8638
1.77493
3.80099
0.991632
1.30684
2.49741
4.63169
1.3423
4.47204
6.4788
13.3018
3.06607
4.20507
1.96487
0.872477
0.724459
2.18984
2.63897
3.36052
6.69346
3.68363
5.66946
4.31748
7.8768
0.885425
2.31924
9.38454
1.03854
6.75283
4.74708
2.24747
1.21878
4.87288
4.58642
3.38121
3.93314
2.82592
2.47995
1.27008
2.03088
4.35887
4.21702
0.747628
3.13848
4.5323
3.42612
4.72789
1.47299
2.69983
4.55121
2.58595
3.21752
1.36295
0.745101
3.87067
1.32679
2.40788
7.38079
1.74111
5.8231
3.78018
4.02263
5.82376
3.08501
7.42484
1.6748
1.4676
6.32095
3.99904
4.05277
2.37029
6.74305
2.36272
6.09038
2.69351
2.33808
2.96322
3.33984
7.0248
1.00325
5.14125
2.31513
4.21647
3.08783
4.51199
4.24098
3.88759
6.00648
0.985046
2.69472
7.00309
3.85228
1.61143
0.373462
2.38737
3.43755
4.91167
5.00667
6.07794
0.471443
3.23387
0.811074
2.28451
8.55578
6.23742
7.20299
1.9286
1.58961
6.24676
6.80127
0.12398
1.36205
6.51298
6.47611
4.4524
9.46529
4.31646
7.52225
1.87046
4.07951
0.68758
3.4666
2.20798
1.29373
1.32674
1.65105
7.03626
3.97766
2.63837
1.44291
4.07179
2.25212
2.47744
0.781334
2.77127
12.7311
6.73208
11.7375
3.08785
10.8614
9.75901
3.80465
7.72488
6.78536
6.8437
6.966
1.98529
3.58606
3.87392
10.8767
2.12879
7.49565
6.31775
0.833365
11.1546
7.48788
3.28829
4.4923
4.11902
2.4793
5.46949
0.598702
1.59847
4.82662
8.204
5.38289
3.40098
6.80801
3.50023
3.22981
0.656421
2.41581
7.28537
1.12551
2.7433
13.3282
3.5058
1.00667
5.06732
3.61608
3.42778
1.06103
1.96743
8.69321
3.59361
6.07381
2.18109
4.57298
4.13073
7.66981
1.20561
2.85495
6.58025
5.57863
1.96162
6.85188
9.65845
6.59947
0.661294
8.75832
4.9775
0.888539
3.54398
3.03618
4.9649
6.93639
2.43587
1.26417
6.33659
4.00556
0.806143
3.46673
5.40709
12.8231
1.11894
4.60599
6.97902
1.2574
8.86608
1.57761
0.840773
3.94875
3.75388
4.36887
10.9788
1.59219
5.08426
3.98338
2.39606
5.20099
6.50651
2.48186
5.56199
4.49545
1.05022
0.16653
5.97626
5.22361
7.27114
2.03898
3.96879
11.5512
1.61797
5.95042
4.8844
4.65102
1.77786
1.65962
3.43551
2.06037
3.45231
0.207123
3.15107
9.73869
2.21928
4.75468
1.32683
1.17205
7.90919
14.5561
1.24993
0.860144
2.54739
8.47193
1.22482
2.36988
2.31038
1.93092
11.9447
2.70689
0.504872
2.39387
7.65754
13.7866
5.62727
4.62739
4.57893
3.70839
3.53448
2.29557
4.75211
0.529657
2.11168
9.74337
1.16154
6.26399
1.40105
7.15772
0.865034
9.40059
3.32794
5.13892
2.0083
4.30239
2.37053
12.2863
3.24149
1.65123
0.782121
2.95027
2.67361
5.81744
5.30234
4.60238
11.1332
3.87245
8.72884
5.98457
1.81741
2.14267
2.35292
0.916682
2.57957
2.32696
2.7799
2.05137
1.94931
5.74335
12.1412
11.3977
5.4402
7.60635
1.44557
1.9835
2.58376
8.08342
1.56302
4.07526
0.306784
0.391965
9.45379
4.08025
2.61105
3.04015
3.22619
0.825274
11.546
1.86615
2.50158
2.07252
2.41885
3.39684
2.60816
2.27914
8.3217
1.64803
14.4988
1.16107
3.24484
8.76869
7.26916
3.24515
1.7576
3.62695
2.24698
5.58241
6.52685
4.20179
8.20706
3.81294
3.17487
11.9326
2.50601
3.81928
0.399946
3.28581
1.55964
2.20689
2.61811
5.50042
2.08771
5.97045
1.6727
1.32295
1.80451
3.5776
1.6386
1.48054
3.23885
5.84464
16.4531
3.51823
5.84063
2.54815
7.40953
1.67597
6.66037
7.14851
3.04396
4.5871
8.45601
2.40688
1.24135
2.42747
3.43358
3.89305
3.89952
7.47512
5.58046
1.7364
1.39654
3.23848
6.55849
1.37604
5.95179
4.1402
2.14649
4.95648
0.255417
3.15467
4.6518
6.29946
2.89226
3.34741
0.750949
5.93274
2.86809
9.78606
5.69797
4.71463
4.38255
3.22003
5.77725
1.45522
0.685918
2.10491
5.87545
7.5917
4.98606
0.720011
5.67481
0.949006
3.08344
4.18384
10.654
2.03168
7.83234
4.24755
1.77233
1.6896
0.936109
2.52246
1.79414
3.73231
4.60177
2.44049
2.96252
5.58903
5.654
3.27101
2.61972
3.31799
4.16901
3.65959
0.720029
4.71483
7.3052
2.01104
1.88054
1.80213
1.669
3.40477
9.67305
1.41656
3.06217
2.47494
2.66739
3.51509
2.67781
3.79642
3.88835
9.27711
6.46026
0.590267
4.29233
0.718462
1.63566
0.481527
2.48193
6.30768
3.20143
10.1122
4.9224
0.544957
1.3023
3.95656
2.86187
2.97672
1.22074
5.66081
1.03898
2.60275
5.42437
2.75703
1.68134
1.79893
11.7474
4.17941
8.74277
2.36747
1.09423
2.23046
3.0708
4.02202
8.56389
0.833714
2.16087
4.5743
3.02965
1.89241
3.98624
1.99756
7.33257
1.18335
5.14477
3.95294
2.91446
4.76833
10.7143
0.889495
1.90544
4.02193
6.38994
6.82443
1.79244
5.63856
1.4965
3.99113
2.61593
3.59948
3.59582
2.76218
6.84768
4.92487
1.90517
0.928213
12.3087
3.99278
2.10412
1.91209
4.46246
4.3607
6.81608
2.87062
1.15432
0.352313
7.03941
2.64739
2.84723
7.30729
3.51235
0.288838
9.49668
2.79864
4.04926
3.9596
2.52711
4.33799
4.39066
1.39601
2.81808
4.21
2.01214
4.92516
2.41416
4.63074
3.54476
0.169242
6.7715
1.91738
11.8854
1.14928
3.75297
5.75398
4.37738
4.46913
4.13874
1.33774
3.96929
6.67604
7.38011
4.96187
2.52027
2.12748
8.20785
1.7645
0.845636
2.02879
1.79713
4.50052
3.77001
5.79225
7.2626
0.844006
4.74547
5.42919
5.35566
6.90178
5.64176
5.72605
0.844593
3.27321
4.73994
1.57947
6.30215
3.63059
4.80622
8.46146
1.7977
5.58318
0.936659
3.54894
10.3682
0.913037
1.87542
2.65179
6.9174
2.44321
3.42688
3.7346
2.18643
3.03947
11.8002
2.97785
4.70694
6.77978
7.00042
7.71014
1.08074
2.90084
1.70613
6.13043
2.37818
5.56989
2.2594
0.98249
0.677776
11.7092
2.87285
18.9125
4.7148
6.99949
2.20969
10.5012
11.4019
7.38196
7.11344
2.64136
5.5528
5.42603
1.22779
3.1639
3.79549
5.84277
2.5318
2.68952
1.76722
6.42769
1.22624
2.05471
1.25565
0.605227
1.46094
2.62998
2.13146
1.53536
3.23027
3.74365
1.81637
2.70576
10.1639
4.67625
1.53546
2.2609
1.36436
1.06074
0.878797
5.12874
1.68082
2.69795
2.34709
2.62504
2.79796
3.25519
1.80784
2.4681
2.52844
5.0235
0.91783
0.713393
4.70846
8.41951
11.3826
7.92962
4.98671
3.72165
5.28314
2.77886
4.41591
1.35775
3.01077
3.14645
0.929711
9.19409
3.06703
2.63137
1.44447
3.04554
3.15748
4.92329
6.22003
0.564359
4.14183
10.1927
7.03201
3.76275
3.61657
1.3476
0.542586
3.18092
3.39393
3.69434
5.06589
0.678036
4.28323
6.05687
7.27816
5.14101
3.8424
12.8148
4.28467
2.50569
2.72825
2.70059
8.78881
5.71818
3.81002
2.29558
1.40133
2.74642
4.4597
2.09778
1.4294
4.54213
0.24704
9.16187
2.44081
3.38483
7.27836
6.83924
0.678888
2.23518
2.19955
1.84465
4.30759
2.53464
3.24515
9.76263
2.37506
4.59019
3.26894
4.43633
2.3242
3.95152
0.658343
3.55625
0.881419
5.2266
0.718827
3.27433
3.45913
5.75952
5.35171
5.89249
6.45453
1.72849
2.46318
4.70377
3.96218
5.97144
4.72986
3.26895
1.39529
1.41673
4.88648
5.52425
1.95874
4.05246
6.91588
8.68655
2.10043
1.40042
2.84607
5.03114
2.51427
1.57225
7.5297
1.14547
3.37473
0.573711
5.18331
4.84419
1.45463
8.5194
2.38214
2.42683
1.61207
1.00306
3.45671
1.8298
2.4969
11.6329
4.31245
2.86786
3.41709
7.32506
5.12599
0.832114
3.09587
4.98955
8.81098
1.57875
1.73012
4.7232
5.21815
5.35727
0.224999
4.61279
3.0162
8.19041
9.58136
1.823
0.863814
1.26007
2.96231
2.35629
4.32806
3.69966
1.94597
7.22121
5.06623
4.28198
8.35579
6.12304
2.4204
2.41002
1.18267
9.97864
4.58048
3.40394
2.1455
3.31236
1.66502
2.10913
1.83161
7.38617
1.83488
6.18318
3.68719
5.05128
2.11961
9.76245
4.29225
5.93425
1.94699
3.51917
2.80983
2.37103
0.985012
3.33351
5.13149
2.12319
1.14381
7.15778
6.1998
2.43424
6.44672
4.26772
3.17607
1.8526
2.73628
4.87991
7.69776
3.56252
2.30469
7.70437
3.36569
2.93996
5.42575
0.666445
5.73413
3.99384
6.06395
2.30784
3.5932
2.05626
9.3955
10.163
1.66552
1.8432
5.29008
3.41936
3.52543
5.74622
2.94998
0.948852
3.61092
2.87314
3.40368
2.29055
1.59024
6.63718
2.68371
7.81816
7.9867
2.15746
3.83121
4.31476
5.21012
2.48689
5.13438
16.8364
3.25495
9.44188
8.77538
18.5022
4.88225
2.18796
4.00336
2.34752
6.1911
4.71641
4.74191
0.920241
8.15988
10.6386
11.0257
4.29668
10.9867
2.64246
8.80991
2.18491
2.17615
1.45069
1.55456
5.44594
4.57012
5.49376
0.533752
7.60447
3.06657
0.724686
4.41125
1.15722
2.43164
2.9803
6.45869
1.42492
6.52835
1.33091
1.82889
5.74287
5.35941
1.7441
1.06217
1.74974
1.32354
4.29839
3.3649
1.0231
5.88153
0.350876
12.9611
6.80061
3.39703
7.31621
2.31081
2.50644
1.73147
0.536387
0.168519
3.2714
5.24692
3.4352
0.22096
7.27074
0.968138
0.309273
1.58302
7.81849
4.2689
2.73239
4.08552
3.63864
1.35892
0.892643
4.37566
1.83523
7.45679
2.86353
4.16554
0.556587
2.54879
1.93361
1.57816
3.77382
7.6805
3.75222
1.4459
2.95189
19.8233
2.00599
0.681134
0.908372
2.26275
4.64648
0.732211
4.19862
7.34483
2.49829
0.818251
2.0396
5.34217
2.55205
4.26531
3.55884
3.67212
3.79271
1.12441
4.51253
8.68021
3.98449
4.354
2.57852
3.28419
0.852717
4.39493
2.57629
3.39597
1.3352
3.03654
5.23948
2.33175
3.4427
1.03195
3.14158
0.670037
0.436036
4.65514
0.827532
4.10148
2.18549
1.00785
6.3728
1.75076
0.414271
3.46155
1.52191
3.75958
0.862482
2.55052
5.08744
5.46043
3.25655
1.57131
3.59176
0.19245
2.86503
7.22131
1.93253
3.9778
9.67711
2.86438
3.20192
3.99108
4.60166
0.486699
4.14229
1.10282
2.94535
6.27446
6.0148
4.93889
2.24884
0.71624
2.97149
0.257155
7.97461
0.967832
1.07761
1.2848
2.82495
4.58607
3.55675
6.53715
3.1102
3.33157
5.67622
4.12254
1.21531
5.04499
2.62929
5.67151
7.37965
5.84765
1.24446
1.96379
2.80675
3.69495
11.5685
5.71716
9.80627
10.2834
7.28956
5.519
3.02173
0.655457
0.694583
2.76201
0.944169
0.880155
3.68986
1.1042
3.74188
5.01325
3.84576
1.49933
2.58631
8.09583
2.97547
2.50263
0.318868
5.72415
1.80958
1.64479
0.272648
3.36349
1.51779
2.16081
0.373057
0.434503
5.38595
1.27423
3.64521
3.29464
1.6389
5.45118
1.5232
0.903185
4.36888
8.3139
8.08875
2.27646
0.278071
1.84265
1.94967
10.0439
5.44874
15.7712
2.12446
14.2897
4.28238
4.21248
1.29223
3.72252
0.562518
2.30453
4.37504
2.74047
1.40198
2.48268
3.53531
2.98095
2.08258
3.67452
3.26898
1.27879
0.282506
9.94932
4.30247
1.22999
1.3807
4.4327
2.08611
1.91178
5.48247
2.72248
7.45628
2.89497
1.76569
1.24327
3.40189
3.25236
3.2059
7.97965
0.820635
5.72569
3.46044
0.17512
3.62826
0.826797
2.19579
3.19024
0.737945
5.55315
6.79865
3.09239
1.75009
5.26695
3.02822
1.41679
13.1279
7.04871
3.78423
1.96696
4.69045
4.891
3.69385
0.707587
8.19631
7.86445
1.3174
3.53194
12.4692
3.73149
3.07245
3.20748
1.97301
7.88071
6.09231
4.39995
3.91246
9.88437
5.49698
5.2484
2.92813
11.3104
5.60396
1.52736
9.20195
1.41317
5.28337
5.5755
1.75099
2.9819
1.45166
4.26591
3.5649
4.33614
10.1651
0.498155
3.08632
12.0324
1.27504
0.577116
4.10116
2.75582
1.73056
1.53837
1.30084
3.64423
8.16307
4.64569
4.13172
0.977754
0.72417
15.3757
1.34225
3.14769
8.98857
5.84051
9.70038
9.48485
0.767853
1.0284
9.91707
4.73948
3.83563
7.93874
3.09874
3.79615
4.45781
2.9008
8.78941
4.10955
2.16168
2.19927
2.27399
4.95098
3.2016
5.49026
4.9446
2.00701
1.73005
3.82191
10.7603
6.10918
7.18536
1.53359
7.54637
2.83124
2.45823
2.55541
1.07998
11.9611
6.30356
3.42708
3.42532
4.26147
5.96493
1.77497
2.53312
4.16987
12.6404
2.79473
3.30437
6.1128
1.97047
4.76971
1.6974
1.40556
0.207196
2.78009
8.97103
0.418307
4.40993
9.79005
1.13835
2.44395
13.3954
0.41261
1.57191
8.83412
1.36688
2.64249
1.24864
4.41852
1.32916
3.70634
1.66926
2.76598
6.44757
7.46322
4.49705
7.25635
3.26233
8.35193
7.57617
2.15497
2.53695
5.77309
3.14702
1.50157
1.78675
1.63479
0.472477
1.75232
2.57719
1.73905
5.67863
2.06538
1.08036
0.110467
2.05924
3.91629
3.5411
1.39679
0.938977
4.58596
0.839469
3.06679
5.56152
5.0215
4.85835
2.6663
3.50611
2.92141
6.61365
4.87192
3.9812
1.38008
4.97286
2.37973
0.647758
3.26505
5.43896
3.04966
2.56702
2.65264
3.36098
1.76588
4.98877
1.86832
11.0764
10.0879
3.32766
5.71487
0.694641
5.7317
0.0628828
2.65009
1.10642
3.22359
3.33911
6.41191
5.39039
3.49048
1.6284
2.19673
2.44823
7.74644
0.615201
2.22644
3.58686
3.25284
2.92434
1.97689
2.60942
2.55822
2.99098
2.64577
2.92087
2.79383
5.93255
4.44787
4.08329
0.218033
0.213202
4.04591
5.64644
4.04757
12.0697
2.58108
2.61259
10.2243
4.82025
2.00241
1.67323
2.02466
5.37248
5.14675
4.49463
1.29842
3.02962
6.66612
5.82334
1.72451
5.92764
2.95001
2.72705
2.12805
4.99378
1.73613
2.57616
6.12167
5.12538
0.598253
6.15983
1.61635
1.35225
2.46646
0.596451
4.42627
3.48449
2.81699
6.95024
9.34999
2.80959
3.37313
8.1813
2.23846
3.33985
1.13537
8.32967
0.326861
0.912575
5.79387
4.29852
4.29534
3.35781
4.24911
2.29588
6.98886
6.15974
2.97079
4.24631
4.06955
1.00565
4.58376
2.25286
3.61264
1.87774
1.44864
4.25177
2.12071
2.63309
1.73322
5.87017
1.93248
2.26086
7.38715
0.853943
1.63561
7.54998
3.77829
2.24184
2.18333
4.88022
3.21403
6.21765
5.16879
7.46444
1.96111
6.09851
4.09501
4.09083
2.3466
2.44165
1.05283
6.40369
2.11234
9.38239
2.6073
8.73905
1.04614
1.75831
3.76187
0.542282
6.30399
3.0679
6.14521
2.50263
1.78524
2.28002
0.763489
3.88896
3.69694
0.325334
3.05502
5.4207
6.2227
2.73215
2.30745
2.11557
3.92695
3.27674
1.94648
3.7875
4.69066
1.49373
4.15353
5.08434
2.68206
5.52144
7.96591
2.63044
2.16977
1.27383
4.11492
6.44367
2.70472
4.2432
2.46645
2.8165
3.27196
1.57989
0.565909
5.44153
3.38116
7.94085
6.19194
1.49552
2.96804
3.71309
1.67518
1.99704
3.52825
4.62026
0.8442
3.98953
0.782942
6.29363
11.2244
12.0969
2.8083
2.2577
1.10437
4.70935
10.894
3.15225
1.14947
4.89833
3.96871
3.21862
3.44467
1.97723
6.03315
1.60186
1.22219
3.85532
3.84816
1.18695
3.36907
4.03236
6.61632
6.62629
8.77828
3.86851
4.46728
6.8468
3.95467
4.29596
0.863138
2.10626
3.71988
2.21806
6.88736
6.70213
4.46696
0.937744
2.86003
1.07588
2.87358
3.88873
6.43889
4.87296
3.77043
3.00899
1.45399
3.65505
4.05855
1.42518
2.12624
4.7713
4.58005
6.7822
11.4166
3.55631
7.46472
8.92631
1.62786
8.43066
10.1865
2.74912
1.42995
6.70235
2.02177
1.61249
1.08299
3.60345
5.04747
2.74213
3.37175
2.38013
3.58074
0.528646
2.26269
1.13825
4.23923
1.23827
3.67747
4.04082
3.43426
6.24161
6.02263
1.20344
5.07837
3.8058
16.7301
5.34854
2.11309
6.76896
3.37132
10.3111
1.04432
3.06442
2.04262
4.15399
6.70444
3.64372
0.667667
2.14122
0.620049
2.36725
7.67629
5.44684
0.836385
3.18086
2.13508
11.2355
1.55518
1.87316
7.34723
4.43143
2.2876
4.6388
4.0501
10.9539
2.0259
1.08177
8.39437
0.984954
4.55095
4.71671
0.428118
1.57175
6.40331
1.76202
0.767189
2.60664
2.02825
4.22296
4.95309
0.876028
2.01502
4.16391
5.74357
4.03575
4.11249
1.21296
5.24445
3.90287
1.66718
6.18913
5.22124
0.358415
4.45249
6.29187
3.30274
11.7127
7.28952
2.62016
2.56045
5.63029
1.42527
3.95907
7.51408
3.30901
6.13793
6.17329
4.05215
4.07451
5.24771
7.93785
1.0718
10.9453
3.76258
6.50473
0.812854
7.56517
14.4603
2.59497
1.14327
2.67061
3.34618
6.08123
3.03396
3.56192
7.80231
0.57373
2.41429
6.16049
1.2004
2.5374
6.44721
1.84077
7.14898
2.40035
1.11927
2.42326
1.82643
1.90421
2.81139
4.78375
3.47902
6.80226
3.07062
6.37991
2.9143
4.90907
1.35611
6.79304
4.93577
1.07217
6.99855
3.27609
2.83936
2.02619
2.4974
0.902138
1.95314
1.02565
2.54374
5.06856
6.74583
1.12344
8.09075
0.440525
7.89149
4.12289
6.99038
5.83132
1.34506
4.55827
4.41507
3.57773
2.14248
5.83023
10.6635
3.55691
2.43191
4.51054
1.03272
2.621
5.04368
3.2613
1.54337
4.00133
0.315444
9.04162
4.70463
1.11246
5.4649
4.79486
2.17598
3.45608
6.65106
2.42627
1.61731
1.85707
7.00916
4.75827
6.20011
4.59902
5.93963
4.54029
1.82679
5.67333
0.828556
3.46195
7.29347
2.28461
5.28378
2.85981
1.47554
0.42768
1.66361
10.6627
6.2713
1.35108
1.43868
13.8355
3.50409
0.663767
10.3689
9.21654
2.67085
3.00542
4.15586
3.81588
1.04464
1.573
1.11998
3.43822
1.23329
3.54035
2.25793
2.08755
3.52663
3.72076
4.44193
2.1843
3.27841
6.91305
3.40863
2.10312
6.167
1.7778
0.204504
1.44017
4.68878
2.56485
6.81549
0.980624
1.47291
4.01908
5.2134
3.33695
0.577088
4.50061
1.92669
4.32331
5.21682
0.488873
3.10205
3.90686
6.37602
8.25206
6.76055
3.4144
3.50405
6.42667
1.50473
4.97075
0.992958
6.31084
2.28725
4.71038
6.81769
1.21295
3.93623
2.49933
1.37537
7.35965
5.24049
4.07607
4.82585
3.13597
9.70432
3.16874
6.91372
2.02822
6.07993
2.76473
1.25929
2.97288
2.44112
1.89586
4.57093
7.06226
10.1042
0.678404
6.39368
2.90598
2.20013
8.2645
5.14861
2.01587
2.93044
0.699113
6.7323
6.71189
3.86533
0.738397
9.2604
5.18763
4.07258
4.19467
7.00253
0.665331
6.72242
1.19043
5.07423
9.13015
1.43422
7.09482
3.8818
0.965183
1.98957
1.34713
2.58964
2.58618
3.3082
0.850336
3.43595
1.81257
1.28309
1.02387
0.747866
1.50163
7.71608
1.41772
2.22568
10.3912
1.85306
9.23407
1.34462
15.4422
3.07143
12.2374
5.47417
0.675857
1.75008
5.3735
1.3829
6.45105
4.42367
5.63195
1.21155
2.04219
2.90591
4.73991
2.93223
8.99192
8.61578
7.07345
2.16353
4.64292
6.5111
7.02849
0.439584
7.97888
1.12347
4.92559
4.904
2.35745
8.42765
3.73451
6.39036
7.60371
3.12936
1.24382
4.27907
2.86682
6.80586
7.3826
2.66939
3.18871
8.13367
0.910628
4.95249
1.43556
0.512671
0.49675
2.67622
4.41596
0.587305
4.98577
1.6634
12.1934
12.2862
8.32754
4.86542
3.98283
2.50651
4.90933
6.45712
4.80751
5.71693
4.35833
4.15264
4.55547
5.04172
3.83786
12.0427
3.3888
12.7426
1.37175
4.67133
1.63992
2.83382
6.17777
5.5629
1.20018
6.08247
6.43074
3.016
3.72035
2.26631
0.86766
3.03645
5.03597
0.376172
2.55552
0.866318
5.07412
6.58248
0.9092
0.3526
0.720693
9.42356
2.60015
1.4388
6.08932
3.35074
3.96883
5.28388
2.04598
6.05005
1.40482
3.36334
1.7432
4.42658
2.29124
12.8695
5.05389
7.02715
3.09799
0.77065
1.27086
4.55903
2.22907
1.3939
5.03589
2.20319
6.07484
2.43736
2.2858
1.86419
7.10904
2.25641
1.15235
2.71256
2.03611
2.27311
7.32801
5.08218
5.67439
2.35714
8.22709
6.61046
7.32493
9.40925
5.95083
11.1255
7.48316
10.4626
1.08686
2.40442
1.99594
5.33641
2.53474
2.0809
7.71526
1.91984
5.025
3.16005
4.39843
1.4483
6.08641
1.71267
18.1338
1.9177
5.70602
1.15416
7.99676
3.20068
7.77514
1.93708
2.22022
3.31387
3.9187
4.44688
4.85378
4.82463
3.59793
2.38531
6.00541
2.33551
1.97006
2.74235
2.07474
2.98243
2.23723
2.64639
2.7681
5.74432
2.68854
2.21566
5.44206
0.329969
5.09075
5.17193
1.17243
1.58085
3.5329
5.67358
3.2254
0.992873
0.339877
2.08584
3.3476
6.25776
6.14291
1.49782
5.16975
4.64373
4.31361
2.31967
7.20824
3.99701
1.14564
1.61264
4.42511
4.81875
3.88657
1.92374
0.864167
1.01001
3.05876
6.67261
3.20906
4.40265
3.40507
0.961834
2.43896
2.18042
2.18158
4.2029
9.74039
4.83758
1.63454
2.31294
2.25868
2.99356
0.877557
2.72599
8.3525
4.19178
4.79408
5.35838
5.89816
2.1247
3.19752
1.83561
2.99782
2.42797
2.68168
1.32469
8.47862
3.35241
1.67074
4.94356
0.135553
4.77201
1.7883
2.69374
1.27044
5.92992
3.94622
1.62066
3.39385
2.00222
5.05808
2.9214
2.13645
4.02303
1.22758
3.87917
1.50318
1.63264
7.60358
1.15463
3.9657
1.73261
0.37019
1.32371
6.30797
2.55428
2.69327
2.12727
5.03405
3.60936
4.04894
6.14982
2.91798
3.87169
4.21721
3.3673
1.8412
3.87775
6.34704
2.47943
3.25278
7.06949
6.80952
2.36363
0.10227
1.85192
2.3967
1.74342
2.98655
6.35557
1.95133
4.17181
10.7101
12.3567
2.69248
9.49334
8.98241
1.31996
5.26453
1.7242
1.65941
5.30728
10.8629
1.86984
2.2997
3.28548
4.74977
8.24028
3.69563
2.78563
3.86166
3.32621
5.76327
8.20367
3.32429
1.71959
4.27512
4.68544
3.66145
9.0496
9.77312
1.97781
4.66095
6.43371
0.394204
2.81385
3.70445
1.70228
7.10922
7.0715
0.777475
4.21856
3.3774
5.73772
5.6853
3.86507
7.21778
7.12015
5.15908
1.06613
8.06517
2.61892
0.579482
2.72277
4.32649
2.61105
4.66353
3.76161
2.4742
3.98397
3.41723
4.88772
5.07207
6.30369
9.67484
2.99301
6.77964
5.62584
5.39339
1.91057
3.84194
2.82482
0.996587
8.35167
2.19297
0.904589
3.79168
5.57318
4.42186
7.86628
1.31619
5.44289
5.9135
7.74684
1.35394
3.98552
5.46595
3.54263
2.52449
3.27763
4.62838
5.00287
8.90975
5.41935
9.74718
2.81607
8.24837
1.53086
1.41047
3.30349
0.687605
1.78783
2.17843
1.67658
3.52616
6.34877
5.15267
0.647664
13.3169
6.09338
3.92325
3.84189
1.16388
7.95387
2.42809
4.27313
2.9496
3.65536
2.79204
3.13792
2.30058
11.0957
6.63269
1.3856
4.658
1.15126
6.36167
7.68825
3.44429
2.7314
4.08691
0.772303
10.5232
4.1589
1.8553
2.57857
4.03144
3.34981
1.50846
6.92967
1.11314
1.43913
4.3421
9.44964
1.09764
8.30054
6.08416
9.07672
0.883835
3.5368
7.56155
2.0955
0.516232
8.65381
2.73229
7.50367
2.14403
4.15532
2.90224
4.49437
1.22506
8.44277
1.35452
3.01949
5.21091
6.59103
2.89243
2.06468
9.20865
6.83206
3.67924
4.63803
5.1414
2.57424
1.60136
1.18037
1.28428
4.3386
5.45051
5.3413
1.71365
5.47851
1.691
0.417211
4.24401
1.4682
11.6838
5.43381
6.88418
3.76727
5.24379
6.68201
8.33374
3.34749
3.76092
0.686616
6.92179
0.383103
3.13902
5.58431
3.65587
5.25839
5.67725
3.6425
2.64199
6.09959
4.36965
3.65001
2.94725
2.52143
1.55352
4.31373
2.16874
6.93995
2.156
4.3658
2.87634
6.71984
3.65174
5.20273
1.43716
0.43536
2.33306
6.74306
2.92044
11.597
4.73714
14.318
2.28036
2.67178
2.64439
1.84999
3.89051
1.38775
2.19461
1.83038
6.37824
4.48465
7.25857
2.46575
1.95938
0.754814
4.01578
1.34181
3.52529
1.46846
9.01489
1.8202
4.61956
2.36003
2.10366
2.98597
4.35109
3.3596
0.228432
0.152485
1.7173
0.409289
4.04577
3.46382
1.23004
5.86467
4.7351
5.97629
0.399524
3.44336
1.86807
3.61311
6.21804
8.39466
3.86498
4.33879
7.32515
2.29498
2.09778
2.41762
0.465977
1.09878
0.0453463
0.53988
4.36213
9.68187
3.22981
3.37376
2.24978
3.9512
3.27092
2.82469
2.2221
5.42411
10.1322
1.42186
5.22861
13.5087
4.3894
3.9015
3.49287
5.77044
2.08987
3.04675
5.57311
7.07278
6.54743
1.8984
3.93844
2.84661
5.95661
4.02
8.34684
7.25318
2.28789
3.44797
6.47687
3.23767
9.15028
3.29008
4.58755
5.09128
8.83798
4.90602
6.88913
2.84754
2.62466
1.6422
7.52127
4.71764
1.59957
2.70497
1.92186
0.800881
2.28355
3.28218
5.52337
1.78837
2.94475
0.948852
2.01757
5.42796
7.03037
4.50555
1.50449
6.57871
0.0742075
2.02328
1.66056
2.01617
2.0395
7.07026
4.47272
7.58913
1.83012
2.31884
1.02513
10.1033
2.56754
4.31388
1.63364
2.39312
1.34933
2.94139
4.61713
0.706233
9.76643
0.768576
0.53214
11.0637
5.54225
2.81108
9.5725
1.90467
1.483
14.3515
4.52726
10.1271
1.33111
8.64251
3.29322
5.35583
3.38292
3.78697
6.13801
12.4347
2.57761
11.7868
2.76868
1.86244
0.264809
0.8963
3.36643
11.4404
3.44071
6.61873
0.90892
1.31909
0.438105
5.7211
5.67963
0.900667
0.645579
5.74481
2.03796
1.69305
5.89665
5.39927
4.2447
7.1623
0.493338
0.508799
2.33417
3.36557
5.42014
3.09167
2.86105
1.37945
0.543992
3.79561
3.17617
1.47989
4.43741
3.41042
2.27426
3.37519
2.41801
4.0929
0.638193
2.21124
3.03846
5.6363
1.22688
1.03464
5.9233
7.89645
4.74818
6.63825
1.18469
3.42772
11.5943
3.74545
3.16999
2.97507
7.80909
2.75316
5.69077
6.00943
3.93019
1.91035
3.93664
8.10421
1.25967
2.55701
7.53014
2.47325
11.8063
5.58366
2.18297
3.21365
15.8191
4.48599
7.11955
7.38972
2.44774
2.49818
3.37477
5.39075
5.22644
5.10222
3.9251
6.87845
2.93392
2.88594
0.697911
0.429749
10.2444
0.760724
4.68403
2.60231
8.65903
1.73598
3.2671
5.59418
3.3539
1.2543
1.72363
0.363204
4.62083
2.31626
0.255129
9.62385
3.96613
0.809074
2.16568
3.57361
3.29799
6.04173
4.78382
3.70477
11.1641
1.35225
3.20312
5.40809
1.5599
2.5074
2.51279
2.29942
5.15529
7.80475
4.41056
0.61348
4.69135
1.34843
3.8613
4.06775
2.136
1.19705
5.84926
0.846721
5.3691
2.28224
2.27424
2.63371
6.17982
10.5389
5.00537
2.45033
0.992457
8.49413
0.421321
4.82467
1.65302
1.29635
2.62628
2.54442
3.76589
3.37469
1.69174
2.79786
7.33728
11.4061
1.16296
7.01518
2.96034
4.84798
7.98055
0.269761
1.45554
1.48554
0.466937
2.29911
1.17784
1.06991
8.85984
2.94136
1.278
3.26377
3.00234
4.29496
1.45684
10.5666
1.11428
4.80457
3.19631
0.935047
7.43026
5.08305
1.26786
3.18197
4.35839
0.519489
5.3421
5.30823
4.67928
1.69924
7.17955
1.17881
5.16331
5.19375
6.62012
3.43176
3.80393
1.50723
1.39791
2.19009
1.69916
0.768233
3.10824
2.7364
2.32342
3.88529
6.25954
9.57888
0.158281
0.361194
4.28125
3.07909
10.5157
3.62168
8.77878
1.80415
3.34179
2.13846
4.61505
2.81672
2.02345
3.03077
4.59175
4.36068
13.1678
8.80191
0.796025
7.53984
6.99623
7.60515
2.68591
0.717346
4.95936
1.20339
3.5312
3.32538
1.69541
1.14504
11.2553
5.47419
3.972
3.18439
3.8847
3.41537
2.51988
0.820484
0.354348
4.90953
1.37971
2.40926
5.74626
4.4654
3.68887
12.3242
4.96381
4.86472
0.841021
3.8573
1.49907
0.797164
1.19383
10.0076
2.62729
1.73746
2.33993
4.72979
1.92259
5.56156
4.39303
0.896156
2.76436
2.81312
3.72545
3.52981
10.3998
10.0545
3.29319
2.70394
4.86652
8.03844
5.16407
1.43607
0.956508
0.955438
4.66135
1.00385
4.81968
0.90212
7.3326
6.46462
3.54319
0.572237
0.995608
6.91601
2.77075
3.75187
4.49384
2.58488
4.49367
2.8622
7.55272
6.71372
4.33312
3.7642
4.64334
9.0203
1.15704
9.22557
9.15171
2.38098
1.37072
2.03777
5.55527
6.64579
3.21819
3.33899
7.05099
7.14157
4.14492
3.79338
4.55779
2.6213
4.45994
6.68632
3.94261
3.2225
2.11977
4.14146
0.876602
4.07136
4.5658
3.72567
2.16365
0.95917
5.56711
0.592931
1.93422
5.64181
0.310784
1.21125
1.26705
3.28188
3.73686
10.4788
1.6573
0.350989
5.14378
4.7142
4.58508
4.68301
5.68323
1.9302
1.92121
6.06704
3.48765
3.96219
2.28252
1.13462
4.03706
2.89247
2.52408
3.04359
0.508225
7.84182
1.60293
8.73916
1.07496
1.59849
0.732728
1.50677
8.30334
5.39862
1.8497
4.21656
4.53595
2.01814
0.858602
0.744029
1.73496
3.19558
4.61909
6.95072
2.22117
2.03615
2.97199
4.83705
3.06138
9.66719
2.39477
8.05839
5.03319
0.501713
1.8446
1.3952
0.980011
1.55267
5.3867
1.78991
3.73233
2.67418
4.79291
6.6449
4.10172
3.93418
1.92284
7.61023
1.3583
8.2184
5.70903
3.27421
1.92164
3.26564
5.58106
8.1735
0.0986403
1.60486
1.4532
2.39794
6.48667
0.656159
1.35751
10.0788
0.801726
1.93103
3.43425
6.42131
1.57273
2.25597
2.69804
3.29537
3.27735
6.18084
7.98691
3.90602
7.20872
6.85451
8.23095
1.4966
6.76696
5.47361
2.16896
3.11428
1.15398
4.80228
6.94501
8.81219
3.19342
1.83079
0.579227
1.46982
2.61642
8.15816
1.266
1.09297
4.22757
1.98602
1.47032
2.12394
5.04686
4.06676
2.39867
1.87306
10.5581
3.66603
3.11995
1.12698
4.95079
2.48235
4.2733
0.913127
8.37448
3.32696
6.24397
4.711
3.07869
0.450459
6.61944
2.1762
1.79211
2.4136
0.475725
7.86489
6.00968
6.69792
2.85388
4.99604
4.12712
2.19749
3.94626
3.85841
2.46831
5.28871
2.78298
2.04731
2.37789
1.73748
5.64462
2.94355
4.09975
2.51507
5.52678
4.25519
4.95209
4.63814
9.37174
3.1729
5.55858
4.45231
3.00224
0.422563
0.767557
1.88386
8.4563
1.84712
1.66834
5.39987
5.35297
7.07978
1.03945
2.03991
5.40291
0.743571
1.73852
2.50057
3.49845
7.44302
5.99723
7.20807
5.74642
1.61366
3.51862
4.96695
3.09594
5.78734
8.41908
7.88163
2.71827
2.78365
5.43237
3.68227
1.25804
6.18727
2.20666
5.62502
4.30699
4.26728
4.66632
5.06976
5.58703
1.72107
2.31392
5.12286
5.26793
7.37753
6.01557
4.01838
3.43684
5.59898
4.60429
3.73811
5.42986
2.52171
0.899187
3.84001
7.28272
3.16362
8.31331
3.2775
4.57509
2.54871
2.54342
4.51035
6.45456
2.32914
1.12117
2.92292
1.82569
4.59823
7.2696
6.03292
5.8521
1.78639
5.91912
5.31433
2.4389
10.0527
0.732298
0.82127
4.15466
5.78006
0.916922
7.23711
6.19723
2.51436
0.997702
1.25175
0.879343
5.24859
3.7788
4.5776
0.667251
8.50264
4.87144
3.16235
6.13037
2.69885
1.69825
5.51767
4.87553
4.07132
8.22905
2.15181
3.97896
2.37708
3.33123
0.173104
9.76916
1.56231
2.36604
0.690386
8.70745
4.74971
2.08088
0.227645
5.40006
0.992938
2.85376
2.27742
1.00801
1.7253
0.413161
0.837493
6.89704
1.29449
1.02682
9.18636
5.17197
5.0667
2.86539
2.97484
4.62117
4.07868
4.74012
1.16093
17.3016
10.7376
1.82577
7.18071
4.16873
3.33082
7.47383
1.49078
5.77942
3.05195
3.71883
7.11863
1.64086
1.15124
2.31529
3.49738
6.53173
2.97065
2.59092
2.01278
7.87333
1.26186
0.594172
2.49956
0.588552
1.81822
11.7267
8.43764
2.31749
2.68765
13.0432
0.475226
4.16114
7.11441
2.39735
5.21433
6.09632
0.814718
3.67943
9.96291
2.12801
4.8334
2.9363
1.37325
8.93687
2.06538
10.633
1.62526
3.52946
6.848
1.83059
2.3538
1.66552
2.68034
1.56838
0.417596
6.08369
4.46036
4.6084
1.59725
8.56142
4.32677
3.05509
5.87811
1.78365
6.7241
5.98399
3.55473
0.987648
4.99889
2.16964
2.58464
5.77495
2.83334
7.90482
7.1753
3.32735
9.01792
1.08185
2.17205
1.97977
5.1529
2.19549
1.92236
12.4103
9.67775
5.58913
4.32877
5.3141
6.40136
0.70185
6.94798
5.06525
3.2887
4.53383
0.908005
6.28736
4.0148
14.2724
4.50898
8.2122
3.57564
2.64804
6.82105
1.52714
3.25078
1.7096
0.823355
9.59962
3.04027
2.59075
1.25514
0.996409
2.91149
4.25826
2.81006
1.38814
6.44029
8.38528
4.33947
8.18024
2.63578
1.87722
0.815439
2.99315
1.79637
6.25191
4.18963
6.4979
3.93412
2.15178
3.30157
3.84814
2.93442
5.96147
7.64004
5.92121
2.03952
8.32967
5.46475
6.85167
11.7075
9.81288
1.16774
1.47734
0.689138
21.0619
12.8688
3.53861
7.76834
2.49843
1.35918
9.43577
0.549502
1.3769
2.46391
1.85075
3.41182
0.594131
8.89509
2.79239
5.98125
5.6858
5.14187
7.4126
3.36699
4.18016
3.19467
3.54981
2.6571
3.73453
13.2638
3.92747
1.8722
0.981308
0.437957
1.56399
3.67076
2.54713
1.85371
4.14005
0.51121
5.29544
4.25299
2.88262
2.07222
4.1662
3.36073
2.86234
2.43452
0.77465
1.51048
3.90753
0.492306
5.52946
0.219427
2.39876
2.96996
2.79841
4.4219
0.819393
0.713822
3.02516
4.14007
3.95275
6.63877
2.00633
1.62866
1.38561
1.54011
2.60376
3.67433
3.15926
7.46037
0.888126
3.25708
6.81008
5.91611
8.72985
9.29099
2.49172
3.11873
9.97769
1.72545
1.70349
7.97689
1.62668
6.96471
0.853849
5.39528
12.6296
0.415033
3.76256
0.829749
8.92679
2.56757
3.42723
12.4229
2.64288
1.91518
2.08525
1.682
4.28381
3.68458
3.94446
1.33262
0.827894
1.0991
1.66243
4.96432
11.458
2.91973
1.7628
9.85671
2.32858
9.44548
0.324875
1.03055
0.773078
5.29577
6.24833
3.71707
2.00139
2.60552
1.77484
2.51911
1.41683
5.88979
1.7865
6.72341
1.0262
3.59049
6.5021
2.00314
2.46025
6.68388
1.17103
3.07464
3.30308
0.229663
2.81009
2.29236
3.48175
9.03951
1.84253
1.17125
6.30852
4.92207
2.4237
4.3011
3.43918
3.23038
4.21917
0.821716
3.93996
11.2565
3.81398
2.10795
2.79403
2.38446
2.89203
0.868834
0.284785
2.84955
3.91976
2.40858
5.2556
2.28124
4.49637
9.70093
4.25979
2.98842
4.94131
5.94845
0.372769
1.07128
2.48201
2.54672
0.381965
1.44905
3.1038
6.9146
6.43289
3.36193
8.10583
6.58297
3.76283
2.31682
0.135313
4.91932
3.17405
2.66197
2.78664
2.75638
1.68634
11.2423
4.46937
8.59237
3.90653
3.09454
2.09351
5.2207
4.64239
10.4469
1.09285
6.50355
12.4525
2.89837
14.2669
1.25858
0.905713
2.30614
1.90643
2.63888
3.8897
8.42587
5.82693
2.41178
3.29074
2.40996
3.92491
2.91214
4.17045
6.89036
1.56065
2.2897
7.98326
3.92317
1.54639
3.18842
0.631187
2.79509
3.9243
5.23645
2.92066
6.35102
11.9844
1.69371
4.68115
7.0544
7.17431
1.69118
2.51187
2.05531
0.565414
1.29994
5.69848
5.30209
1.25183
5.49832
3.69556
0.687839
4.78743
2.86641
2.68322
5.34819
2.83373
0.875147
3.93105
7.43572
6.94678
3.98449
2.50704
3.65157
2.76519
0.44911
2.22002
6.83351
5.87817
6.75132
4.04231
0.506755
7.51074
1.24679
13.3634
2.06557
5.86021
2.17303
3.13118
4.76568
0.150492
6.84564
5.52089
1.35253
3.4659
10.7691
5.134
0.182583
3.22848
4.31606
2.28124
2.73642
0.841738
3.43521
6.45097
2.37205
1.88805
5.73151
8.13467
0.435655
2.58368
3.1357
5.93054
14.3514
5.37775
2.79375
2.87047
3.5362
0.502984
4.36909
2.96341
12.8717
0.758373
1.20551
0.30933
6.49383
8.40944
4.5309
3.01209
5.03071
1.71753
4.57663
9.70708
17.4634
4.6858
5.20364
1.67233
2.97125
7.45746
4.83514
2.93814
4.48329
0.587994
0.839486
1.92198
4.90587
2.84356
0.0365799
6.06164
0.774039
1.39996
2.92966
3.27857
6.35607
13.7016
3.67032
1.69164
2.56741
9.85757
2.72221
3.51546
3.32444
4.38532
3.26182
0.270806
4.84448
3.18441
2.71007
3.86976
9.8091
0.229007
13.1871
1.91512
3.89065
2.73141
10.34
13.2086
5.06802
0.952777
13.6129
3.24959
1.38916
4.3421
0.223133
2.60383
2.06107
3.16615
1.69368
9.75248
4.75764
3.24958
3.08538
2.04088
2.40191
4.42866
1.6808
2.64697
3.52705
2.67194
10.2764
2.01424
1.51514
2.07887
3.21701
1.75213
8.64582
8.5205
5.2361
3.42124
3.68574
1.12757
0.79908
4.5577
2.93898
1.97958
2.88736
3.15724
0.459992
8.62737
5.17853
6.80924
5.64174
4.65995
1.72491
8.69931
1.46798
4.78915
2.86018
2.92923
2.1023
3.88285
4.7128
0.155256
9.96041
0.938302
4.77699
4.83402
7.48725
2.77946
0.946336
0.739042
3.22109
4.00369
2.81372
4.35501
1.4353
2.32591
4.63814
9.81213
6.0224
10.6451
2.78678
0.920157
4.07774
7.07556
0.416769
1.0722
0.745086
1.19129
1.60884
6.62399
8.06165
10.1917
9.01656
2.23605
0.62908
2.75325
2.1521
2.90314
0.593715
3.46409
4.91568
4.44701
0.994592
6.98773
1.00383
3.26943
2.29268
3.88488
5.26408
2.4841
3.15227
4.17929
1.37574
2.09594
12.035
4.14211
4.60708
5.00049
3.85502
6.2574
1.99283
0.38387
7.59622
4.46986
3.83934
0.85081
1.8041
4.82232
0.715042
5.27942
5.25408
3.11398
4.15695
4.80585
4.67587
5.35359
7.19299
2.85089
9.54185
4.8161
4.80676
4.25197
3.99358
0.387807
3.38167
2.22559
9.95502
0.840686
2.34909
4.55608
1.08749
1.81565
6.59644
7.15743
5.03691
4.46379
5.39508
1.58168
1.12889
4.47008
2.58768
15.1488
13.5753
1.95818
7.41844
1.23293
4.35232
3.91315
2.32694
0.753324
3.34397
5.48654
1.72128
7.10629
4.40082
3.38699
7.29955
1.87223
1.08391
2.45022
1.8365
6.31184
5.17658
1.63253
2.44774
5.02194
5.29779
3.97946
3.49127
5.6541
3.95161
3.44022
8.65939
6.16073
7.22089
7.14818
10.1023
2.43069
20.6968
3.20804
1.11636
1.93551
5.1964
3.52335
3.09639
3.0323
3.34656
3.43109
0.78166
1.34702
11.4855
1.75871
1.76642
6.445
5.09212
9.81333
6.65236
6.4595
1.7142
5.40718
3.90881
3.50522
1.53742
5.61925
2.09112
2.80299
3.17815
3.73745
2.10452
0.523482
2.22759
3.93053
6.09532
0.614589
1.36971
0.670336
7.42299
2.63556
1.48481
2.97568
3.7715
5.88913
4.3326
5.15792
4.20734
3.92105
3.72082
4.35432
2.10774
2.90165
0.86562
3.28132
8.25832
7.50205
7.62599
2.30812
7.72861
6.64218
0.888689
2.73967
1.30376
3.52042
1.94317
1.66436
2.83369
2.7081
1.37242
2.18526
4.53534
2.89893
4.44012
4.13435
4.12559
3.5202
2.92901
4.25973
2.10337
2.85931
1.74346
4.33848
2.53472
12.1202
4.88492
3.6411
4.43841
2.29832
5.06733
1.4942
1.54803
2.33457
3.09385
1.83525
4.88533
3.66021
1.3664
4.58028
1.39391
2.49817
0.736175
4.96471
1.45243
1.87751
6.05242
2.26433
4.65322
3.0565
4.60051
1.95123
2.44054
3.22772
8.24846
0.898747
5.78828
4.41772
3.34623
7.61178
4.1449
1.38963
3.18029
2.18359
1.48279
4.82072
10.8752
2.15402
8.61665
0.564272
3.43572
4.19482
1.41573
4.71896
1.37763
4.03101
9.86731
6.43156
2.55802
1.42628
1.95496
6.55523
1.10936
0.899226
5.87908
6.97452
7.10887
2.10972
6.14489
3.71428
0.881218
7.06329
5.63824
6.94328
2.62178
2.61799
5.36145
9.12091
1.132
3.27462
0.425003
3.80219
4.64601
5.37157
2.25386
4.17603
1.74036
5.0714
2.5834
2.2004
3.73526
4.73116
3.12488
5.58157
3.13515
3.17863
1.68094
1.32022
6.22785
0.386438
2.69999
3.38775
1.26877
6.04691
3.94201
1.51743
1.78858
5.59726
4.87121
1.65468
3.4868
5.2606
2.86555
3.62502
1.18137
1.94095
6.04751
3.18619
5.42887
6.66176
6.10928
2.17731
1.09255
2.76038
10.9855
5.82419
2.31952
2.34651
1.49639
2.68346
1.79952
4.35591
7.92262
3.30075
0.977516
0.633791
1.57807
3.58529
4.8234
8.57044
6.73477
5.99459
3.41748
2.7033
4.01052
1.0921
3.79753
1.723
4.71527
2.77167
4.46055
2.35754
0.997719
2.60559
3.87954
2.45657
1.73233
9.34951
3.24083
3.73463
8.83313
3.85776
9.85167
1.21441
7.04204
4.27068
5.31707
9.04747
1.61686
3.58009
1.62386
8.60427
1.83138
3.76586
2.92818
3.30119
1.20049
5.33825
3.80051
1.80266
2.31946
2.33173
1.15071
5.25621
5.81481
6.5294
8.56025
0.486841
1.60206
4.00205
0.418144
6.66967
1.53054
3.8406
0.152882
1.00951
2.20973
1.44358
2.99644
3.23922
0.79113
3.24245
1.96514
3.60109
9.2188
1.79944
12.462
3.86907
0.766792
0.99638
1.54756
1.42717
2.03773
0.854534
2.49506
4.63811
1.84267
12.3098
2.35134
3.05831
3.62213
9.10165
7.31751
1.40788
6.42556
2.82865
1.41676
3.18751
2.15747
4.1717
1.98813
2.44212
2.25665
1.5035
4.22053
1.1601
6.78463
6.42082
2.84999
1.91646
11.5599
5.23072
4.57724
3.67417
1.58929
3.79453
2.99503
3.90122
12.9463
2.6096
8.64395
6.57032
2.27979
9.02872
4.4642
1.75134
4.17747
2.31511
0.887659
8.28171
4.94003
12.7809
3.48341
5.61745
4.41579
2.13502
1.20718
2.25244
1.973
3.74742
2.51128
2.86721
3.78099
2.79491
5.66312
6.44014
2.52762
2.02705
3.58006
4.99747
0.642044
4.33805
6.25779
2.5185
2.80174
7.71814
1.67495
5.47336
3.77643
10.5857
0.819816
6.03484
1.95109
2.65756
3.06275
10.9471
3.05875
2.94518
4.73185
8.07651
2.93363
2.23997
8.4037
2.4694
16.6472
0.839393
6.37159
5.49685
0.723833
4.90801
0.855984
0.78246
4.05396
3.36734
2.36559
5.25138
1.23121
1.95995
1.01894
8.27647
6.90811
1.94316
1.55463
5.43068
3.05064
1.24056
3.28602
3.27739
0.912164
5.21016
3.4953
8.54482
9.95896
2.44347
2.54248
2.79146
6.23317
2.74041
0.715557
3.85353
1.65922
1.39816
9.16924
1.49369
3.95303
6.5824
4.78696
4.05216
2.63135
3.68733
2.34635
0.261357
3.48723
1.30956
2.26918
6.14557
4.61579
2.28093
6.94461
12.2333
5.1502
9.41964
3.80489
1.9154
5.82383
1.91592
7.88309
3.89149
4.31591
1.29221
3.92746
5.43523
1.13595
6.36487
7.47796
10.5521
8.99596
3.37361
2.72841
4.83043
14.1881
5.33413
4.31326
2.88908
1.07653
3.45539
1.10519
2.43472
2.92454
1.74307
0.439362
4.18783
1.70596
1.05396
1.6077
1.17869
3.87868
4.45546
0.464257
4.47262
6.21683
1.71
4.38558
2.15043
3.11667
2.86288
5.41606
2.7998
1.37785
5.71752
1.86302
4.44303
2.38539
2.14569
7.84788
1.59911
7.98111
0.129701
3.36107
5.83608
1.98816
0.995387
1.20998
4.87135
2.1322
5.03979
4.98316
1.71838
2.08088
4.07596
5.86746
13.9242
4.10407
4.47534
2.01579
6.41526
9.93338
4.01347
2.14671
6.13655
5.41741
6.69832
3.23455
1.62448
2.33959
3.5263
3.2712
3.22694
6.08324
0.903667
5.39613
7.0669
0.402173
2.66632
1.72229
4.4978
2.25983
4.19191
0.38913
0.956826
3.95906
1.64547
2.73357
5.68218
9.53835
1.87945
3.40162
1.92285
6.05124
3.01861
4.77405
1.74896
1.81848
5.09017
3.72575
1.82284
6.58446
5.27783
0.870523
2.36848
4.04212
0.606113
1.25881
2.38162
11.2958
7.06659
0.788641
5.17454
3.43561
5.25975
4.5788
2.33666
3.40338
2.66862
3.09266
2.37583
4.46243
2.94405
4.41304
6.83793
4.56775
1.85835
4.02648
7.42672
2.81502
7.26964
1.53849
3.36528
4.79113
8.14836
2.83437
1.71164
2.57315
8.04324
0.840065
3.44706
2.60395
4.37018
7.66306
3.58892
14.4272
6.3388
7.66353
9.20124
2.20278
4.04287
9.04749
3.08532
2.10972
0.971565
1.8881
4.05585
6.93813
9.3464
8.51484
0.457228
5.06293
5.18049
1.56612
5.08404
0.317627
6.12886
3.01602
1.69682
3.98242
1.67258
6.3152
3.48926
3.74265
1.54119
4.58981
5.32774
1.22878
3.51373
4.60455
3.11603
2.07701
7.08142
1.84831
2.1354
3.07318
5.04135
1.41749
1.81608
4.53396
0.728987
2.03461
1.12824
23.5474
2.06012
0.914978
4.22388
8.81949
4.94439
5.90476
4.53023
5.23866
1.57555
0.508346
6.59325
6.89218
1.56963
3.58467
14.3367
9.1166
0.640375
2.33952
4.13845
1.75435
6.03995
0.442272
2.15912
0.38935
5.9525
3.22051
1.8108
6.76433
11.7296
1.24102
5.36512
6.72858
1.95275
2.39207
7.65642
1.47185
1.78265
9.65636
5.84211
3.44715
3.83303
1.62008
5.01121
4.13357
2.13057
0.479781
9.02751
2.39092
7.95435
2.82304
1.23338
4.56987
6.65261
3.17404
2.78451
3.37292
3.62333
1.78881
3.05086
2.86564
3.52463
0.468953
3.44336
1.81675
6.50445
15.8302
6.75069
5.23347
2.42291
1.17274
4.5622
2.70403
5.55336
2.62423
3.09545
5.54486
11.7956
2.37859
3.27623
5.76695
5.88366
3.94656
3.61876
3.20894
3.78218
3.27625
0.358939
4.55991
9.49035
3.65713
6.31267
9.94097
2.95934
5.86227
4.04788
6.43299
9.0262
2.75297
1.84859
3.95798
1.31933
1.52655
5.92588
9.02475
3.54381
0.958028
4.04422
4.14105
8.12012
2.60623
8.61455
6.11338
2.10294
1.5395
1.53146
4.31606
3.56764
5.75173
4.04379
2.60161
6.07806
0.289727
3.13434
1.27696
12.7069
3.58526
8.29511
2.63505
1.57917
10.5043
10.4739
3.46935
4.07772
4.4692
5.99468
2.35268
14.4178
1.63393
3.60827
0.8682
5.18355
4.24252
0.801631
1.68636
3.67848
2.43589
3.60603
1.10635
1.28558
2.02154
3.9752
4.43185
0.956993
1.12111
8.9758
2.40632
1.03793
3.2632
4.23297
6.43795
5.02945
2.83945
3.25913
2.62245
8.88116
3.67641
6.01018
3.18826
4.26326
2.32701
3.21515
2.93254
14.3485
0.789781
5.29397
3.60126
1.40441
7.22768
3.47165
3.74473
1.74365
1.33506
4.95032
4.12558
5.37486
3.67201
15.353
1.84677
1.74253
1.20344
4.07864
6.45455
5.76607
5.42232
2.47391
2.24003
5.93548
3.69383
1.73702
7.89688
6.45149
7.59661
7.1614
6.60675
3.6618
4.24451
1.80647
1.50541
7.78252
7.70462
4.90042
1.61314
4.52594
3.73251
0.944552
1.53017
1.13349
4.41964
3.73746
2.4753
0.997801
7.62877
0.911797
4.51912
3.3133
2.94317
1.70854
4.14168
2.14952
4.11656
0.705108
5.18691
0.792474
10.8212
1.8058
12.9929
1.5963
7.88865
14.3618
1.37321
2.27137
1.56508
3.63821
1.0589
1.7686
2.27081
0.799486
4.66079
9.81951
2.52497
3.44841
4.00994
0.484136
1.68724
4.3495
7.81623
2.65469
3.5692
1.19837
1.24144
1.26195
0.690379
4.75427
4.26164
1.20306
1.5737
2.91291
8.51698
2.35959
15.617
7.18749
3.28207
3.33308
6.33466
0.393208
0.294961
0.50192
0.487259
5.0907
3.52389
7.99001
5.83605
4.06202
3.28541
1.01561
6.66276
0.597123
1.55152
2.75467
8.8369
4.94786
1.92947
2.13131
1.72094
5.56689
0.812299
2.53907
2.43424
2.4968
3.30108
1.00813
2.10619
3.13303
1.92205
2.04542
1.50462
1.66467
5.34866
6.52654
3.07034
4.82453
3.84532
0.507819
2.47045
1.30906
4.73606
2.65016
5.21038
5.33775
2.48528
2.97568
9.57042
15.7773
4.5545
2.4252
1.63788
1.3777
8.09092
8.10608
2.34352
3.75935
0.28327
7.70015
2.77811
2.68215
4.22096
8.34784
8.85696
2.05026
3.48616
2.93986
5.32096
3.97152
2.32669
2.3347
2.82111
2.31667
1.02818
2.82685
4.38224
6.93835
0.866439
2.00851
2.55969
6.6586
3.65662
1.749
2.76951
4.8105
7.64298
2.62853
1.49649
4.32866
5.11397
3.39833
3.65376
1.18531
3.90533
8.09588
2.86242
6.24042
3.1538
2.73506
2.08955
5.4643
0.852022
9.42898
3.40783
1.89172
1.11543
3.66046
1.31045
1.18638
3.6605
3.24894
1.01724
5.72861
5.96734
9.92346
7.97209
2.07548
1.50447
0.0595729
3.6474
4.04541
2.48458
1.68403
2.68772
2.189
4.04102
2.67285
4.03275
6.76647
4.24602
4.73651
2.8397
5.45345
1.24565
1.48962
1.19952
1.73648
1.45034
4.02346
0.560587
6.82154
9.61474
2.47495
2.32466
7.49999
4.13003
0.737448
5.93891
7.42541
3.00883
4.7804
1.579
3.88275
7.35986
0.510921
2.31904
6.22485
5.52418
7.8894
1.23147
1.45856
2.79975
1.61945
4.77539
1.83411
4.10669
1.8928
5.23794
0.721434
0.199577
7.10337
5.95857
12.8233
1.8497
2.68573
10.4069
1.94579
1.82082
6.21178
0.979854
3.37485
2.15095
8.23731
4.2627
5.83174
3.32303
1.89906
3.70642
2.56029
1.91578
3.64743
7.12285
7.67853
7.61569
3.02939
7.31689
7.19605
3.27092
4.12135
4.94736
1.9627
3.64758
3.40691
6.74503
1.35615
2.61421
0.803438
5.31521
2.48821
2.80925
2.22281
4.81289
5.89177
1.95594
7.2428
0.902662
0.642761
2.53644
4.19042
2.40292
0.38503
7.92254
7.30612
3.73785
5.57163
1.00365
0.164509
3.20422
3.6524
4.70793
7.7546
2.15733
6.02398
3.92696
3.24655
4.64805
3.93975
7.7382
4.09775
0.998651
3.21969
4.38077
2.79032
3.66187
0.594793
6.08134
0.483172
1.83112
8.72873
0.810256
5.80257
1.92463
2.54484
7.06387
5.62193
12.7887
2.57551
2.44723
2.39609
1.35324
2.98391
2.79662
8.16177
12.7318
1.62791
6.51024
0.511578
8.07506
1.84117
0.335677
7.22599
1.5996
3.38102
5.87106
14.4831
1.14908
5.48556
0.697586
2.26114
0.736407
4.00196
5.90853
11.0069
2.7917
3.02533
3.75897
5.81427
3.15327
4.24217
2.38588
1.98887
9.73882
1.3245
2.42761
1.22336
6.86343
6.90211
3.20722
4.93652
0.0618956
3.96603
4.68774
3.60529
2.19471
8.73493
2.98741
1.04739
2.6742
4.47229
1.80191
5.07688
2.52069
1.72693
1.97525
1.36614
3.00727
1.42698
3.36531
3.39798
5.05112
1.14981
5.14671
13.7767
1.71217
2.9516
3.07878
8.77275
1.08788
2.43599
4.50402
9.17156
1.45874
7.4136
4.04668
1.99323
4.82433
0.827229
3.43952
1.12206
0.897611
8.98396
8.62953
2.45252
9.05508
3.19368
2.60966
2.96114
4.58672
4.79057
5.00134
3.38126
2.66565
5.16219
0.755931
2.19442
5.04929
3.61327
1.43884
1.37553
6.62135
1.1561
4.21329
7.78464
6.94044
11.9966
17.1742
1.50531
1.94933
1.56111
3.77436
0.932551
1.11568
5.20806
6.7212
2.59051
3.82347
2.94297
7.76351
2.41837
2.60777
0.944609
1.04399
3.83002
5.0886
1.36645
1.0256
3.25333
1.07356
2.55095
0.858059
1.67988
2.94926
3.65707
8.73293
6.23872
3.25647
1.85982
1.43978
4.13209
3.32248
2.92796
3.33982
3.04819
5.19481
8.74011
8.01145
3.18631
0.709435
7.1269
2.73352
2.34316
0.650161
6.31146
3.32965
1.89665
4.73394
5.15235
7.32363
3.76369
6.18466
12.0886
3.08166
4.54724
2.40155
2.46218
2.70041
4.30501
4.39763
3.46288
2.02247
3.46796
1.40247
3.53274
2.19342
2.40171
2.66475
9.80031
10.3936
3.60109
7.84659
3.63099
4.7526
7.46316
5.15649
4.76718
1.10148
2.87722
0.796399
1.52382
3.25633
3.36754
5.41738
8.44651
1.78613
1.18432
2.12181
3.49324
1.03845
3.16904
1.60283
5.74555
4.4303
1.85071
3.06992
2.29948
3.82135
1.95454
5.34688
4.2924
3.5255
4.06138
9.02797
0.93703
1.45549
4.40164
3.22129
4.36057
4.80745
1.66516
3.79709
4.59669
5.16781
3.68311
2.56847
3.10237
5.341
2.49744
5.36584
4.49277
5.35944
2.99119
1.63946
0.93594
4.20475
1.62434
5.81221
7.45145
1.88065
2.0729
3.47183
5.84413
2.5172
3.59395
5.19316
5.27067
2.0995
1.0203
3.66902
3.70408
8.29907
3.84971
3.21578
4.61825
7.99916
1.91077
3.64198
5.64154
5.47816
4.53657
2.99272
3.10867
2.6525
6.06436
2.639
10.6122
8.09048
3.68964
3.57642
1.94311
5.25157
18.2747
6.71074
5.74722
0.717412
4.72996
2.6897
2.14764
1.03278
11.8765
5.56342
3.5695
4.73993
5.61376
2.4686
8.74973
2.98112
2.92177
0.932059
0.678476
3.10983
1.51389
5.06212
3.47435
3.44952
4.19019
0.425868
1.81356
13.3673
7.70673
1.46474
6.11224
4.30027
5.74902
1.18263
0.934169
5.43843
1.48356
0.946815
9.01673
3.74503
4.93795
2.23461
0.826377
2.44285
3.4229
3.48209
3.03804
8.87368
3.4161
7.30252
2.09316
7.08578
3.43636
1.59955
3.15275
5.71572
3.24384
3.48109
3.12282
5.95288
1.88009
4.40105
3.43749
15.4295
4.21794
2.79929
0.865984
4.33343
4.23425
5.40948
2.68039
2.98903
3.47817
1.80539
6.27156
2.20851
2.40529
3.43507
7.67044
0.261319
1.72799
2.35214
2.59407
4.47796
3.86653
2.18154
1.13071
5.98565
0.864136
5.29453
1.1527
0.986637
2.01234
1.78306
3.6604
2.1332
4.60167
11.5255
4.58972
11.4913
5.10127
6.20483
0.747931
6.43256
9.62447
4.00084
6.95255
5.56472
3.10897
3.22517
2.44107
4.84942
0.355222
2.14756
8.00718
2.87338
0.943197
1.72867
2.5416
7.30998
3.67217
1.03184
5.9169
0.507705
4.40064
8.35671
5.37801
2.44914
3.90803
10.5045
7.33078
1.89269
7.65805
5.28062
1.45995
1.73282
1.21105
1.31268
1.03999
7.33888
1.85193
1.24921
6.15469
5.19345
8.4884
10.2032
7.10499
6.52275
5.55135
1.92885
1.06334
5.91107
1.46318
2.60567
1.84526
2.25153
1.24178
2.41898
2.39618
2.0874
9.93503
5.36543
5.29627
2.2313
9.16675
8.07765
6.02223
3.69745
6.35344
1.17693
2.58688
0.93473
2.03611
2.69134
8.31339
1.07823
2.28076
9.93713
14.7291
6.87
4.45323
3.98838
3.11018
2.81087
2.63571
0.632103
3.13702
4.36532
5.41519
3.1443
0.574469
4.94943
0.171887
4.02104
0.992487
2.83288
6.00736
3.60028
5.94073
1.92169
4.73488
0.819233
5.24031
1.70062
4.01859
13.2549
6.56943
3.25864
7.88959
0.196901
7.59661
1.83286
0.596341
1.61514
4.33233
5.61115
1.87043
0.715024
1.22985
5.24261
1.59342
5.07227
9.22762
4.63947
4.70236
7.17924
3.21404
0.463261
4.24748
7.03641
4.29664
0.35494
0.468946
5.47443
6.61201
5.55281
1.43793
3.12158
1.66233
4.57211
2.67281
0.3832
1.20333
5.25476
4.00309
1.42511
1.49636
3.07873
2.7067
4.28769
3.16338
1.06328
1.47131
1.12511
5.55562
0.278471
7.08298
3.61541
4.49172
7.37462
3.48898
8.17198
8.44041
1.51491
3.12311
8.10755
2.87479
3.83495
5.78369
9.62176
1.27413
9.06394
9.53157
3.58506
2.98971
0.793195
6.56715
1.01674
3.79714
1.2271
3.18133
6.55811
5.1336
6.44924
2.19459
2.21714
3.94723
1.89458
2.21968
0.506508
1.41392
10.3057
0.489808
7.23104
3.96788
0.745307
0.942232
2.14551
3.70734
4.41237
1.61931
2.58494
2.82037
1.1273
1.39817
5.08961
3.02281
6.97456
3.12951
3.36891
3.95579
4.20625
4.86204
1.85983
4.07608
1.27602
3.25029
4.36482
2.86837
8.5137
9.49577
3.9882
5.13056
3.79529
2.22629
4.22999
1.15993
2.15179
3.36804
1.20078
4.55014
4.07356
2.89314
4.9168
6.06551
4.33084
4.92821
2.39974
0.713706
0.987785
3.57562
2.78188
1.52763
5.35025
2.84242
6.56773
6.0106
0.697551
6.17311
1.61738
1.26608
10.9516
4.13521
5.40602
5.87227
4.39308
8.23618
10.1924
3.60332
0.648333
2.88833
5.95076
7.53957
8.96912
2.2881
3.68668
1.4668
4.60118
3.67314
5.01391
6.07498
3.99031
4.52901
0.324252
2.44422
5.90862
2.69273
2.04581
4.1486
1.44359
0.871192
0.485334
2.67254
5.48914
2.34275
1.35994
5.02969
2.57885
8.4966
1.79799
7.70156
4.66545
0.564012
6.62145
4.09997
2.89147
3.6855
2.20802
3.60841
4.74779
1.5767
7.02493
0.597576
3.64364
5.21719
0.676927
0.655009
4.03699
2.89254
0.923948
5.22997
4.60027
8.23818
4.66803
3.99034
5.21485
1.21273
6.16197
1.49439
4.61304
1.18744
5.12717
7.54781
0.906638
7.20617
4.07372
1.28415
6.15216
5.55221
0.962567
4.19988
5.32001
3.69902
4.08704
4.48858
6.40395
4.59597
3.40709
5.17641
1.10754
1.05249
5.3952
4.91465
7.09643
4.35314
1.44171
5.9736
4.36041
3.616
4.47406
6.24353
6.69155
2.6965
0.637106
1.33587
8.07518
4.02399
3.59878
2.69797
1.49655
2.64707
0.512937
2.32834
2.62145
5.53975
7.30484
2.05682
7.57888
2.6681
1.47504
3.63872
4.39001
3.70198
2.84329
3.10823
0.912179
4.25381
3.18933
7.50563
2.34257
0.914716
8.4645
1.29812
6.57936
1.23589
4.91432
1.86199
0.173539
2.20682
7.79295
1.80765
6.74491
3.27278
2.78056
1.21723
15.2338
2.92419
3.01209
5.84736
13.9083
6.70655
6.43477
3.28242
13.1928
2.51516
0.709771
1.96808
4.52259
1.87324
4.67549
1.47865
3.05946
1.34139
2.00965
2.2657
6.64966
1.57022
8.21329
1.75844
8.03307
1.59876
2.12205
1.37552
10.041
11.2023
3.66954
4.40388
1.82628
2.12408
0.0259689
3.53479
5.00653
5.3252
11.8141
4.09792
4.39442
0.404679
2.97867
1.12372
3.74924
2.94718
1.77236
3.7239
4.93161
5.37525
9.11536
5.60742
1.93087
5.06211
1.84186
3.9197
1.23764
10.6656
4.25431
9.53722
3.5125
5.34146
2.35164
2.26728
2.0641
1.27822
4.36339
4.47096
1.50698
4.30986
1.87339
2.13764
1.16793
1.04452
6.53847
2.16228
0.141888
5.45144
4.49064
5.85972
1.05735
2.26131
2.81332
0.747426
2.94155
2.59336
5.87473
2.22621
4.34203
2.79961
1.59545
3.87622
4.48599
0.54851
2.06691
8.05184
0.924924
6.99049
5.29504
4.29554
5.02464
5.81091
0.643138
2.95956
1.43347
2.78216
8.29605
13.4602
0.327755
2.19487
5.30473
3.45052
5.4541
7.75368
3.48915
4.39712
3.79014
3.55837
3.08738
6.84509
1.47507
1.30679
6.94602
3.01923
13.7245
4.1505
9.89539
4.76275
2.18601
1.83647
6.82514
2.96033
1.17384
1.74919
7.88296
1.23359
1.43543
1.74509
3.30555
0.954865
6.18315
2.93702
3.55246
1.96826
6.20088
2.29524
1.18212
1.72919
2.29935
3.79221
2.43832
1.10315
0.901041
2.73833
2.96696
10.3207
0.78352
6.93326
3.91488
3.57813
4.21621
4.8224
1.48213
8.9657
3.72643
5.80971
1.00763
1.28528
4.02071
9.97056
0.429649
1.92768
2.47517
5.82831
2.35042
7.23157
2.34191
0.917454
1.93917
1.53032
3.04101
0.560745
4.81006
3.29697
3.75643
8.16014
0.991388
1.74458
4.4633
2.77898
1.56212
6.01672
2.28796
0.198627
3.3956
6.12267
1.01659
3.90876
2.02913
4.728
0.155953
2.43718
1.21981
4.15779
11.1154
15.0069
1.76224
10.7549
10.5138
5.27634
7.64934
4.36951
2.98977
1.84014
2.63946
2.60152
1.65116
4.84097
4.10476
5.27552
1.09205
3.14097
3.26422
3.59271
6.48398
6.43931
0.255925
7.97318
5.86947
2.63143
1.68916
3.43241
2.83499
4.40388
0.957377
4.25293
0.394468
2.33459
15.3158
5.2833
5.14504
0.4206
6.00249
3.15721
5.50471
5.28233
2.03084
7.28155
4.15092
4.23776
5.098
2.51591
4.04511
3.91426
7.47618
3.94507
0.503295
2.20639
2.76825
3.20666
11.594
3.69527
12.4608
3.91903
2.00494
1.92007
6.418
4.6614
10.2823
11.8269
1.23113
1.64069
5.79982
3.09002
1.25512
11.2041
4.49169
3.59684
3.36137
2.02192
5.09598
1.90825
1.58151
4.75405
7.68369
5.12856
7.12535
2.69146
2.648
4.89955
0.622359
1.95639
1.30827
7.60932
2.79377
3.55395
4.29548
3.31766
3.52194
0.908476
2.01944
1.60166
7.75362
1.14878
0.715546
3.216
8.10002
3.33556
2.54124
2.63158
2.47998
4.04347
2.59946
3.52035
4.37702
1.65142
3.01644
5.36757
2.83128
2.03939
2.29369
5.20496
2.5371
15.4227
2.51393
2.02769
4.01208
8.94897
3.35968
3.60032
1.61225
2.91944
8.5086
1.21711
1.57675
2.29324
6.26401
2.14576
4.4519
1.87202
3.18653
2.20845
11.2729
3.90223
8.39727
1.65649
2.20838
1.66648
6.03412
8.35731
2.47748
3.89615
2.48187
1.82685
2.45398
5.23313
1.38636
4.022
0.779725
4.14875
8.36212
1.61024
2.33397
2.12721
6.57507
4.97047
1.31884
0.584509
4.7488
4.5321
5.34754
3.29423
10.558
3.42013
2.34485
1.10731
3.64541
4.67739
6.23184
5.98309
0.766149
11.4668
9.86473
2.42483
4.33744
26.9925
0.850436
3.84394
7.0551
3.75969
2.92934
2.51543
5.65566
3.63374
4.45523
7.34854
6.38576
2.71785
6.84731
1.59765
3.66136
5.7652
2.95674
3.85794
2.44495
3.03066
2.48044
3.48431
1.04402
2.86651
7.58274
0.816948
1.60634
2.56676
6.66486
2.59207
4.00475
1.07736
10.2884
2.64293
2.71154
7.48406
5.38422
1.01801
5.05055
1.46234
4.04843
2.17649
8.45987
6.28543
2.86106
4.28892
10.9717
6.49494
4.71337
2.53739
3.02055
3.68418
1.6688
4.03823
3.09545
5.34678
3.68422
0.624895
4.71112
5.85645
3.10282
1.68965
6.61458
1.48008
7.90424
4.12181
7.21337
10.1193
1.2891
1.67725
2.84821
3.82624
4.08464
4.22325
7.34586
0.825089
1.47714
5.61536
1.00115
1.09719
1.15174
5.27409
2.15465
1.04513
1.88826
1.0891
9.02172
4.91506
8.40235
2.77756
0.395811
2.56679
1.84615
2.55845
0.714072
1.99387
7.02936
7.29844
4.61312
1.74717
5.74174
4.35374
5.20547
1.67202
2.89455
1.73462
1.76707
3.33541
3.47559
5.4663
1.41089
1.19296
2.88384
2.0298
4.99587
1.53128
4.78357
7.01247
3.12785
3.73322
4.17654
7.03826
4.19662
6.01912
3.21009
4.13567
3.75634
3.9405
2.55691
6.27017
7.05612
2.78112
9.3667
5.85239
9.87482
0.657171
1.89839
1.8783
2.45839
3.01637
3.36835
1.02481
8.18911
0.478112
5.04153
11.0941
6.94577
6.6978
3.00243
7.8248
2.91807
2.35463
5.27114
3.46377
1.38372
6.5225
5.05652
1.67756
2.26349
3.41607
2.34456
0.64766
4.88645
2.91792
1.22711
2.71732
5.07636
2.62214
0.728042
9.65517
3.09486
0.862452
4.39197
2.81936
3.65818
3.33409
7.76509
4.5453
3.24715
2.72135
2.07362
0.423756
7.33575
4.06942
0.687973
4.85033
9.50826
2.99445
8.18894
0.919559
3.621
1.84206
5.10722
7.9481
2.42457
3.90221
5.51922
20.7546
4.41435
6.07955
3.01492
9.18287
2.56278
8.06178
5.04048
4.04401
2.25013
0.953461
2.83909
7.3253
1.69679
7.41112
1.51145
3.2966
2.9775
2.4979
0.906049
4.95875
1.62757
1.85474
1.8822
3.28769
0.572993
5.03623
4.38468
3.96726
0.776593
3.91406
2.45411
5.91285
4.36623
6.74666
1.09428
1.72063
3.3913
3.81863
0.746204
1.3417
12.0413
0.413054
1.9856
5.26786
2.40791
4.5996
1.85461
3.72707
6.51716
0.755831
2.04705
4.7236
7.66534
1.6406
7.93287
4.26767
2.89897
5.94861
2.7477
4.56242
4.57868
2.29228
1.59605
3.45727
1.58308
1.47786
13.1106
6.67772
2.46398
6.92503
4.9148
3.75728
1.84064
6.05236
8.4237
0.915522
2.65347
0.946615
2.95242
2.45534
0.574711
1.38887
0.757794
2.814
4.77991
1.58618
6.20617
1.61542
4.76318
3.11664
5.02531
2.28854
2.84894
4.02624
1.52842
2.06213
4.49909
0.707597
1.94378
5.20385
4.77439
2.782
4.8298
5.28781
1.63947
2.26857
1.23813
6.53797
1.20466
1.9682
7.69035
11.1481
3.71487
2.24997
9.48088
1.6137
1.5756
2.94274
0.233634
0.835937
3.68253
2.882
1.43575
2.42253
0.205803
1.8581
3.2385
7.67904
0.769802
4.19808
5.72993
3.97083
0.773165
5.69821
4.34498
2.05171
7.22846
2.7837
2.38195
5.13914
5.67665
0.748359
2.79259
3.544
2.02957
4.91938
2.86474
1.97282
0.208437
3.16477
13.2655
3.38265
7.38671
9.852
8.87665
2.77979
9.85617
3.96397
0.957851
4.88244
6.29291
2.33156
4.23044
4.13909
3.15662
5.53748
3.99303
1.17862
7.18576
2.61316
3.42381
4.80251
3.97117
1.33199
8.34877
1.47928
2.55194
5.84232
0.138768
5.13972
0.324308
4.2513
3.04387
3.23446
4.03408
3.01935
3.42254
11.3538
12.1889
18.8577
4.37861
2.40224
1.76112
2.31521
4.31053
3.3062
0.0962319
2.19986
2.24198
4.73747
2.01222
3.3036
1.09562
2.63536
0.679121
0.539758
3.10229
1.80678
7.77897
1.57167
6.73618
2.09675
2.28018
6.95499
1.22156
3.64209
2.00669
3.15591
1.82662
3.59263
2.85064
2.38756
3.29379
4.7821
9.60437
9.46709
1.54358
6.68436
4.66867
1.38546
4.77952
3.83382
3.81035
6.11431
11.3576
7.05202
1.82184
1.70618
0.436473
13.5855
4.02044
2.68961
1.05906
2.08594
0.231713
3.0678
1.37846
2.30469
7.53831
4.84228
3.98764
1.58717
3.27097
9.48734
3.44547
0.410849
2.16752
2.46635
3.58042
0.528189
5.49781
2.13442
4.63168
9.42849
6.74372
2.82466
10.5186
2.79589
4.92055
3.96241
5.75656
2.95949
5.25098
1.30917
5.15149
10.1029
6.21665
4.94492
1.82358
1.63273
1.1052
11.3407
1.68352
2.85321
0.894074
6.11528
6.38752
9.83226
6.14566
4.9032
1.0108
3.81793
10.7937
3.26221
1.55904
1.30834
1.8972
4.09534
3.48855
11.0362
2.66837
2.42627
1.30682
5.02622
0.97286
2.10438
3.70085
2.60646
0.46151
3.21872
9.61343
6.72007
2.24262
1.56187
5.52889
2.08546
1.8546
5.76872
7.96867
3.9997
2.97189
5.06735
8.24592
1.75841
2.83603
3.61516
7.15225
2.87128
6.74044
3.08251
2.84793
2.80947
0.529332
4.49693
0.234544
