1.62142
1.53233
1.75015
1.53101
1.16159
1.1697
1.04444
1.30957
1.0586
1.28952
1.10574
4.38404
1.80679
1.29635
1.21516
1.08889
1.38404
2.64334
1.14003
1.02586
1.41568
1.46537
1.40386
1.24684
1.21209
4.48628
1.17298
2.16533
1.09636
1.05534
1.29031
1.11512
1.26677
1.63774
2.28162
1.06915
1.01611
1.1449
1.10455
1.05744
1.92597
1.81712
1.64393
1.28425
1.43941
1.70313
1.06888
1.24559
1.04086
1.12471
1.90101
1.22801
1.60496
1.71335
1.27537
1.26163
4.08023
1.1941
1.51266
1.04326
1.09305
1.00523
1.089
1.14194
1.29685
1.01695
1.26317
1.27871
1.1761
1.34861
1.20808
1.15077
2.51015
1.45791
1.01889
1.87756
1.22316
1.48101
1.07283
1.80887
1.74539
1.84129
1.55115
1.03575
1.08411
1.51078
2.6543
1.94379
1.13755
1.55051
1.50464
1.04008
1.79
1.16342
1.7159
1.94962
1.36073
1.68625
1.57501
2.89667
1.59594
1.08287
3.99364
2.46102
1.71599
1.01924
1.58011
1.51794
3.68253
1.49787
1.00295
1.05768
1.22497
1.33121
1.12034
1.18191
1.16356
1.24181
1.74191
1.1645
1.17531
1.00413
1.17152
2.50375
1.115
1.01605
1.19703
1.01391
1.25398
1.10322
1.0621
1.1028
2.13659
2.06189
2.2101
1.13626
1.06768
1.04788
1.14987
1.47471
1.01357
2.13285
1.1802
1.74753
1.12636
1.00556
2.82216
3.9695
1.08657
1.20463
1.023
1.28376
1.08158
2.05116
1.41078
5.24705
1.29425
1.19256
1.63523
1.05312
1.01618
1.05462
1.14443
1.35982
2.24258
1.04456
1.08003
1.01246
1.04406
1.64959
1.26907
2.19425
1.01919
1.36437
1.4771
4.02808
3.48577
1.14796
2.53767
1.33114
1.25582
1.01693
1.49579
1.95651
1.01616
1.33973
1.21741
2.25708
2.55604
1.54156
1.0686
1.08964
1.28232
1.99861
1.12038
1.07593
1.06711
1.7902
1.22361
1.17569
1.17023
1.02283
1.084
1.10997
1.11814
1.4506
3.11536
1.38495
1.15373
4.51163
2.67644
1.02999
1.01903
1.48156
2.65431
1.34474
3.64476
1.97048
1.29627
1.23031
2.49797
1.12503
2.18276
3.52976
1.39727
1.28597
1.10145
1.2327
1.52353
1.42017
1.67487
1.00796
1.41649
1.16903
1.20314
1.1285
1.34155
1.93211
1.51726
1.34412
1.12742
1.20033
1.27371
1.08309
1.23424
1.24442
5.29277
1.14463
1.22752
2.72104
2.55398
1.29976
1.13878
1.13196
2.22511
1.18652
1.29014
1.95613
1.33457
1.8755
1.31067
1.13189
1.32353
1.15259
3.5251
1.07266
1.0225
2.42445
2.28504
1.99208
1.10403
1.22317
1.02954
1.02534
1.07365
2.11873
1.01291
2.23478
1.29276
1.38288
1.36883
1.06328
1.83709
1.73518
1.80752
1.3152
1.05554
1.37629
1.02788
1.19791
1.6125
1.27996
1.01402
1.04935
1.19452
1.06417
1.09802
1.33356
1.83771
1.01745
1.08734
1.45449
1.06427
1.33113
1.36724
1.04538
1.01164
1.3818
1.86768
2.53799
1.4662
1.27213
1.14414
1.73539
1.15044
1.26697
1.31189
1.74601
1.04047
1.3896
1.16
1.46738
1.10499
2.05168
1.14972
1.67577
1.22347
1.15842
1.53852
1.219
1.16919
1.25552
1.02315
2.14813
1.60442
1.21257
1.51915
1.07761
2.05613
1.06512
1.21405
1.43125
1.068
1.54518
1.11359
1.18433
1.11873
1.02063
1.95615
2.45589
1.22748
1.59481
1.21076
2.5655
1.324
1.80918
1.8725
1.00365
1.0972
1.98868
1.06535
1.1135
2.0158
1.02474
1.6245
3.47439
1.1847
4.40944
1.25202
1.5261
1.2476
1.00741
35.3437
1.0572
1.07029
1.4743
1.17704
1.20653
1.01356
1.2562
1.22273
3.34151
1.86964
1.00931
1.88715
1.06793
1.17159
1.131
1.11648
1.14244
1.32165
2.45422
1.58604
1.54109
1.04606
3.33981
1.81649
1.12979
3.08227
2.68338
1.24399
1.14144
1.66037
1.1533
1.16333
1.39704
1.12146
1.65783
1.50384
1.10024
1.12212
1.10042
1.12204
1.5043
1.1772
1.33465
3.55783
1.30706
1.25199
1.58511
2.51754
1.47832
1.41892
1.79217
1.50601
1.55686
1.09364
1.11795
7.72066
1.27369
1.01491
1.01481
1.15107
2.41991
1.06649
1.21822
1.44602
1.09456
1.25106
1.37378
3.42541
14.1086
1.26711
1.4242
1.59423
1.22387
1.29827
1.11777
1.33736
1.00871
2.28482
1.52915
1.10717
1.03243
1.52711
1.19565
1.93966
1.13068
1.00512
1.23428
1.30805
1.21467
1.05922
1.02508
2.96852
2.24207
1.0032
1.2384
1.22542
1.02023
1.28296
1.04106
1.07699
2.26789
1.20658
1.07742
1.62414
2.77945
1.29308
2.05419
1.11982
1.00492
1.35526
1.02438
1.27977
2.17627
1.17546
1.48278
1.34375
1.24757
1.43736
1.69454
1.09401
2.04015
1.51118
1.88556
1.55497
1.03392
1.15053
2.00033
2.08154
2.88455
1.18923
1.55301
1.26946
1.05263
1.00136
3.16591
1.12917
1.05198
1.03996
1.33067
1.19183
1.15052
1.56168
1.39425
1.53743
1.00572
2.47166
1.03259
1.37002
1.08761
1.17186
1.58008
1.09656
1.39621
1.1491
1.05448
1.00503
1.29286
1.1114
2.17979
1.55283
1.07535
1.5987
1.51617
1.49133
2.14034
1.18347
1.87744
1.31255
1.30102
2.44349
2.34329
1.00766
2.47998
1.22414
1.12302
1.11006
1.48039
1.02529
1.26358
1.03105
1.31003
1.4037
3.85772
1.37667
1.34808
1.42646
1.01098
1.61296
1.19428
1.23447
1.22305
1.55237
1.06219
2.00897
2.26653
1.42149
1.0514
2.99835
1.13633
1.15973
1.05905
1.16597
1.47677
1.56635
1.04381
1.69288
2.0684
2.15246
1.60924
1.39115
1.05577
1.15829
1.27797
1.31775
1.00504
1.35115
1.00983
1.30916
1.52558
1.23019
1.12219
1.92187
3.00484
1.28574
1.50856
2.5381
2.29746
1.06447
1.46558
1.57457
1.66899
1.03332
2.29807
1.0006
1.36296
1.68574
1.34082
1.21795
2.25908
1.04059
1.1609
1.69161
1.0042
1.45932
1.34754
1.00061
1.82119
1.16248
1.10843
1.05515
1.13697
1.27968
1.02547
1.09552
1.13059
1.1336
1.20314
1.0359
1.39925
1.48761
1.28818
1.95608
1.74659
1.05223
1.21121
3.1197
2.24864
1.35186
1.37444
1.00185
1.00938
1.08756
1.90234
1.19902
1.06427
1.27161
1.68856
1.11222
1.19989
1.48314
2.09213
1.00441
1.37945
1.09456
1.01826
1.50429
1.20867
1.65308
1.03877
1.2767
1.11804
2.28534
1.48227
1.16563
1.19841
1.1809
1.23292
2.11179
1.17129
1.29844
1.44985
1.35689
1.71346
1.01577
1.60445
1.10473
1.65285
2.79568
1.23193
1.80615
2.17299
1.97527
1.0148
1.47071
1.04616
1.15909
1.25716
1.67302
1.20307
1.42942
3.24688
1.18203
1.26995
1.12863
1.07166
1.611
2.40049
1.0278
1.00028
1.0181
1.22032
1.77793
1.01515
1.13996
1.05207
1.52122
1.8937
1.00944
1.32665
2.16371
1.52248
1.21813
1.5597
1.38978
1.56732
1.11229
3.6179
1.09465
1.03585
1.8759
2.85342
1.07443
1.05356
1.58353
2.90639
1.65637
1.37672
1.2415
1.07966
1.50019
1.49687
1.03294
1.79226
1.39058
1.04184
1.40921
1.31834
1.99852
1.05927
1.36116
2.59674
1.0795
1.0924
1.38731
3.41665
1.67138
1.63157
1.61005
1.16969
1.28194
1.28179
3.14146
1.41426
2.31018
1.56117
1.72356
1.50654
1.52995
1.73507
1.22225
1.38476
1.2572
1.36668
1.33884
1.04219
1.21487
1.02766
2.42411
1.0898
2.54922
1.16649
2.35806
1.25396
1.09141
1.23924
1.50574
1.02413
1.43871
1.76625
1.0038
2.18922
1.27199
1.46603
1.22495
1.25474
1.24367
1.09038
1.17369
1.533
1.22426
1.27659
1.12048
1.48075
1.36302
1.16984
1.25123
1.65871
2.86734
1.24584
1.44808
1.01617
1.00082
1.09602
1.03736
1.05663
1.39268
2.74987
1.82048
1.35476
1.14724
1.15349
1.89734
1.18114
1.68819
1.37016
5.99051
1.31519
1.40652
1.24016
1.02171
1.2195
1.21465
1.29244
1.14559
1.04524
1.34304
2.79086
1.43694
2.02035
1.18794
1.24245
1.32318
1.53116
1.32645
1.39282
3.20679
1.12712
1.21382
1.60117
1.05119
1.61285
2.31671
1.08347
2.0558
1.10918
1.05689
1.15653
1.05713
1.54777
1.05775
2.44373
1.18736
1.48422
1.30331
2.24876
1.13942
1.01544
1.1016
1.7411
1.07743
1.31657
1.90624
1.10877
1.53378
1.95114
1.68812
1.38968
1.04656
1.00408
1.01167
1.11227
1.95604
1.0328
1.08851
1.42838
1.0706
1.13115
1.26332
1.29092
1.01528
1.0191
1.53352
1.58283
3.04444
1.25896
1.15202
2.00296
1.11166
2.41039
3.27281
1.08817
1.32964
1.13568
1.08229
1.59748
1.1166
1.0867
1.14601
1.17098
1.86097
1.30067
1.12178
1.12753
1.0134
1.84559
1.1512
1.2308
1.20019
2.18146
1.24478
1.11877
1.02934
1.11089
1.11744
1.41138
2.00873
1.90529
1.81488
1.10818
2.10032
1.04012
3.07726
1.16875
1.08326
1.08166
1.03816
1.16575
1.31056
1.13813
1.95072
1.15465
2.49303
1.14058
1.06532
1.09675
1.02601
1.28922
1.23365
1.04525
4.61855
1.09503
1.1963
1.20269
3.12939
1.70338
1.04089
2.17697
1.01516
1.04708
1.04023
1.03711
3.90858
1.0104
1.18717
1.24767
1.55667
1.86459
1.0575
1.33308
3.19299
1.12555
1.18763
1.34139
1.2326
1.04998
1.04677
1.00728
1.21947
1.04998
1.77374
2.00833
1.38109
1.41437
3.07828
1.00226
1.10916
1.1714
1.00426
1.35736
1.4706
1.39749
1.38185
1.74265
1.11962
1.61595
1.05053
1.14494
1.19835
2.13105
1.2166
1.94344
1.11951
3.14172
1.02528
1.24291
1.45969
1.24589
1.08516
1.36366
1.4891
2.07475
1.46186
2.36038
1.01691
1.09339
1.04131
1.10533
1.1536
1.33842
1.08135
1.76424
1.07221
2.4159
1.17824
1.31577
1.53296
1.15797
1.01289
1.17444
1.92413
1.06653
1.0882
1.3348
1.92972
1.44751
1.17808
1.16124
1.14159
1.00932
1.16817
1.07666
4.0483
1.57988
1.01574
1.63847
1.45471
2.68002
1.15246
1.2828
1.03767
1.29771
1.13793
1.1467
2.11743
1.12681
1.01298
1.00983
1.05314
1.05332
1.13774
1.23772
1.25081
1.2627
1.02566
2.05991
2.06308
1.26777
1.02672
1.58877
2.16792
1.3662
1.18592
1.59479
1.40343
1.54991
1.03966
2.08014
1.0136
1.48992
1.53313
1.25722
1.33199
1.17537
1.3396
1.0634
3.84713
4.22017
1.14373
1.01086
1.32901
1.09666
1.7325
1.0556
1.21353
1.22307
1.53334
1.06407
1.11807
3.76659
1.00008
1.23789
1.2312
1.41074
1.18711
1.48093
1.16315
1.32749
2.23513
1.04252
1.16483
1.33262
1.14418
1.21178
1.10612
1.33145
1.03124
1.95873
2.11706
1.04736
1.36061
4.84995
1.26043
1.66841
1.02333
2.50693
1.06434
1.09474
1.02403
2.05835
1.00103
1.15366
1.13039
1.86268
1.90648
1.04985
1.0656
1.30629
1.15928
1.15318
1.08473
1.4818
1.33523
1.23593
4.30388
1.78941
1.04586
1.27777
1.03433
1.37678
1.10509
1.51181
1.37692
2.09009
1.11581
1.45334
6.84072
1.32813
1.30189
1.45591
2.35876
1.91531
1.08458
1.05836
1.7174
1.43414
1.11445
1.29669
2.07579
1.1115
1.10422
1.05675
1.19344
1.06455
1.21171
1.24386
1.64755
1.38051
1.13881
4.00984
1.5956
1.04815
2.23165
1.11714
1.61992
3.2507
1.15265
1.08585
1.01617
1.43963
1.01114
1.61799
1.41832
1.14375
1.64281
5.39153
1.15632
1.02459
1.60086
1.25465
1.23944
1.04699
32.6506
1.20102
1.19754
1.08276
1.21471
1.05914
2.02173
1.1331
1.11065
1.58691
1.73515
3.30895
1.44732
1.13904
1.12457
1.42691
1.19198
1.58406
1.29106
1.624
1.3637
1.04054
1.07612
1.21845
1.13317
1.28768
1.3555
1.58863
1.16977
1.43069
1.32144
1.47268
1.31265
1.58104
1.18022
1.68059
1.37013
2.25925
1.03871
1.21028
1.04785
1.73807
1.49857
2.35268
1.34401
1.02752
1.25309
1.72617
1.28928
2.23642
1.02341
2.25114
1.00156
1.13674
1.83771
4.38589
1.06395
2.65617
2.50072
1.02763
3.02391
1.92629
1.55159
2.98012
1.21013
1.08941
1.08456
1.04764
2.50514
1.11673
1.48746
1.04914
1.49042
1.04235
1.28775
1.13024
1.20026
1.22177
1.79066
1.52638
1.16359
1.35644
1.63226
1.1064
1.00832
2.61501
1.37208
1.11635
1.02215
1.09616
1.21342
1.0442
1.75338
1.34386
2.21095
1.11559
1.28519
1.15195
1.29484
1.0455
1.10755
1.21878
1.21989
1.11881
1.01686
1.13425
1.40531
1.27008
1.19951
1.94252
1.09901
2.3895
1.46034
2.0595
1.19611
1.2631
1.06964
1.18462
1.05894
1.42152
1.53523
1.07378
3.555
1.20493
1.02737
2.01655
1.51612
1.50751
1.14577
1.29896
1.36422
1.71712
1.80421
1.32699
1.11184
1.06422
1.13941
1.01205
1.4234
1.47755
2.1189
1.09683
1.0128
1.09442
1.178
1.16619
1.09044
2.88909
1.11634
1.70954
1.45356
1.1462
1.27183
1.15671
1.52725
3.44543
1.35216
2.11094
1.08013
1.2967
1.14607
1.04712
2.29216
1.05482
1.39231
1.05146
1.12768
2.17759
1.84439
1.46346
1.12188
1.01014
1.15795
1.89201
1.16656
1.02815
1.52343
1.0802
1.66963
1.23126
1.15568
1.5627
1.35241
1.03522
1.22855
1.49253
1.63756
1.18075
1.11795
1.52836
1.32294
1.49476
1.52662
1.02109
1.42747
1.09689
1.17482
1.06447
2.41269
1.59439
1.19041
1.50151
1.19448
2.30525
1.7698
2.11359
1.01436
1.08738
1.47648
1.20623
1.65898
2.37371
2.56838
3.48015
1.00275
1.11307
1.60486
1.14716
1.13678
1.24099
1.36134
1.7762
1.33508
1.70103
1.02616
1.2388
1.38721
2.31309
1.33471
1.19254
1.04985
2.52249
1.17058
1.01737
1.5112
1.62212
1.2024
1.10019
1.04145
1.72956
2.92483
1.37926
1.72392
1.29315
2.06545
1.1079
1.38776
1.01836
1.11778
1.2208
1.39167
1.8611
1.0294
1.41317
4.78651
2.58137
1.1535
3.09491
1.04108
1.23833
1.08467
2.21774
1.05863
3.57088
1.6387
1.99745
1.0987
1.02133
1.75351
1.12646
1.12817
1.24023
2.2977
1.09609
1.27548
2.41852
1.02469
1.05357
1.01088
1.28097
1.8909
1.18704
1.13986
1.18793
1.268
1.02009
1.19766
1.52851
1.35078
1.24235
1.15258
1.21051
1.24395
1.26418
1.76308
2.30206
4.10838
1.14102
1.00556
1.06825
1.16498
1.593
1.17792
1.28024
1.01714
1.07909
1.0469
1.04184
1.05669
1.00474
1.06178
1.21977
1.58807
1.76178
1.83575
1.1129
1.02853
2.81131
1.49459
1.57083
1.42489
1.10626
1.4577
4.8504
2.825
2.7956
1.69747
1.44601
1.0047
1.15943
2.07573
1.73378
1.30184
3.11058
1.10059
1.24728
1.15849
1.33048
3.33606
1.10308
1.52728
1.09158
1.24316
2.14878
1.02684
1.25781
1.19585
1.01312
1.53551
1.01332
1.50898
1.13478
2.1972
1.25069
1.07109
1.49249
1.16999
1.04728
1.25747
1.04252
1.46695
1.12094
2.30252
1.02591
1.33651
1.31435
1.2628
1.50261
1.38716
6.54045
1.09786
1.13741
1.74505
1.7157
1.12589
1.12342
1.28682
1.04045
1.08018
1.13703
1.25058
2.16499
1.1467
1.39893
1.30802
2.87887
1.35997
1.11977
1.99526
1.26897
2.33064
1.80701
1.32225
1.53454
1.97958
1.14383
1.03269
1.24054
1.06748
1.01086
4.19107
1.32559
1.06141
2.20421
1.04563
1.07284
3.2393
1.00126
1.45846
1.98071
2.41932
1.07696
1.09793
1.33168
1.15047
1.57054
1.3624
1.48973
1.12544
1.23779
1.35713
1.15289
1.36621
1.47437
1.18128
2.03816
1.74412
3.02899
1.09834
1.05875
1.13736
1.40517
1.15303
1.0076
1.20383
1.38383
1.00829
1.16402
1.17079
1.22343
1.51574
1.19471
1.12429
1.59893
2.66232
1.54607
1.38748
1.01768
1.28555
2.04232
1.70313
1.33259
1.05132
1.07855
1.49113
1.04676
1.43045
1.56137
1.1095
1.07067
1.4193
1.01228
2.73116
1.0258
1.2008
1.39446
1.01747
1.09642
1.46326
1.30986
4.1855
1.05715
1.58646
1.04148
1.95224
1.25837
1.44163
1.44458
1.59073
1.34108
1.36638
1.11338
1.07214
1.42062
1.4
2.45432
1.51073
1.17375
2.8089
4.5661
3.80098
1.24058
1.01414
1.13585
2.95802
1.00622
1.47642
1.13449
1.09543
1.58682
1.04059
1.53891
1.26308
2.13404
1.19291
1.10421
1.21114
1.91102
4.5282
2.22779
1.17414
1.17673
1.17475
1.10537
1.12244
1.19065
1.17618
1.22078
1.36404
1.35489
1.29443
1.3344
1.33864
1.41157
2.22872
1.72949
1.01842
1.34018
2.6189
1.23452
1.02447
2.14459
1.3636
3.45801
1.043
1.26427
1.27516
1.94502
1.17416
1.0538
1.4846
1.49354
1.30792
1.13611
1.40469
1.37576
1.79592
1.14444
1.23233
2.1927
1.11495
3.15734
1.31202
1.00747
1.77623
3.1858
1.05969
2.24149
1.33858
1.43131
1.35721
1.16055
1.54621
2.55751
1.255
1.17718
1.14397
1.05117
1.55535
1.04699
1.20493
1.54764
1.21973
1.23126
6.35689
1.71619
1.57087
1.02413
1.45329
1.24203
1.28322
1.02876
1.02935
1.14713
1.09262
1.60179
1.25271
4.83033
1.98064
1.24009
1.00109
1.06511
1.05043
1.66694
2.06237
2.01088
1.17789
1.58699
1.36215
1.65768
1.20036
1.02656
1.52751
1.31225
4.11605
1.81428
1.52525
1.1383
3.89456
1.08637
1.20818
1.67951
1.18652
1.59467
2.15866
1.10592
1.38731
1.58362
1.03016
2.70882
1.2493
1.80725
1.70268
1.18088
2.75044
1.05631
1.50777
1.95023
1.30246
2.06697
1.65572
1.30937
1.23533
1.30137
1.06206
1.22089
1.50346
1.10155
1.36935
1.48759
1.07512
1.47065
1.67492
1.8055
1.35116
2.84397
2.11362
1.1821
4.19833
1.27093
1.51799
1.14552
1.37049
1.00185
1.07537
1.63784
1.19003
1.27106
1.35056
2.09196
1.48006
1.00813
1.29104
1.30255
1.0183
3.8899
1.02181
1.11726
1.64626
1.25169
2.84476
1.11981
1.28368
1.20153
1.25591
1.85803
1.01401
2.74816
3.40096
1.7164
1.03216
1.97428
1.30248
1.175
1.3019
1.42831
1.93162
1.00113
1.29837
2.61454
1.40518
1.25268
1.30254
1.01322
1.09802
3.80994
1.41731
1.70063
1.36806
1.43083
1.84487
1.06379
1.03188
1.00077
1.15229
1.09511
2.14927
1.02585
3.82964
1.41685
1.07825
1.13608
2.2435
1.06307
1.12986
1.62184
1.08287
1.62455
1.4105
1.50149
3.80891
2.14808
1.10963
1.01156
3.0287
1.1771
1.21198
1.21167
2.26426
1.4831
1.63587
1.38935
1.32847
1.09417
1.04223
2.3624
7.55041
1.22093
2.01555
1.26843
8.86592
1.76428
1.09219
1.93088
1.03585
1.23931
1.4909
1.51117
1.35034
1.53643
1.53385
1.59277
1.67789
1.19725
1.13385
1.02026
1.28909
1.43604
1.65948
1.14028
1.33973
1.13925
1.02353
2.11158
1.27965
2.0716
1.12958
1.10625
1.25361
1.01579
1.13931
1.56962
1.05009
1.08067
2.09741
1.75926
1.14268
1.41772
1.02235
1.19449
1.09676
1.75185
1.07184
1.08698
1.09346
1.09329
1.13994
1.85666
1.09792
1.60957
2.31356
3.24234
2.39553
1.35672
1.14908
1.52912
1.07608
3.29342
1.26896
1.13709
1.22537
1.52144
1.29298
1.00268
3.05377
1.05812
1.28538
3.01355
1.18967
1.26468
1.07454
2.09269
2.21946
1.22365
1.58213
2.13839
1.22701
1.75311
1.30355
1.03994
1.16924
1.18712
1.42483
1.03041
1.53159
1.38201
1.62529
1.34191
1.28692
2.4447
1.72089
1.07675
1.88893
1.57371
1.27278
1.45951
1.1262
1.08533
1.01862
1.04734
1.5079
1.42005
1.08038
1.04846
1.21985
1.61782
1.24466
1.59627
1.02769
1.24645
1.07803
1.00402
1.08738
1.22313
1.39652
1.27276
1.62353
2.76497
1.21948
1.10223
2.25422
1.28604
1.33833
1.79502
1.10611
1.05457
1.72192
1.08319
1.23125
1.67216
1.8
1.51306
1.04054
1.12276
1.13685
1.22611
1.2544
2.99371
1.56947
1.46456
2.19633
1.35915
1.86885
1.02411
1.73907
1.07201
1.27153
1.34643
1.68733
1.03728
1.0355
2.07339
1.32593
1.37819
1.73973
1.18355
3.2637
1.07607
1.15028
1.01026
1.24345
2.29048
1.26166
1.66722
1.35736
3.24886
1.2659
1.38189
1.85235
1.10849
1.28498
1.30663
1.03541
1.08114
1.18578
1.9908
1.12997
1.03999
1.33087
1.35132
1.0597
1.44239
2.18889
1.52102
1.27302
1.64797
1.86507
1.21531
1.53611
1.00324
1.1628
1.06172
1.42077
1.54014
1.5409
1.02998
1.21611
1.00573
1.07263
1.48504
1.14607
1.29597
1.16123
1.38006
1.22288
2.08115
1.56797
1.24928
1.05794
2.85901
1.25705
1.08298
1.09593
1.13946
2.01093
1.37526
1.00267
1.01555
1.1353
2.1515
1.07158
4.94518
1.15153
1.83745
1.6945
1.05852
2.08058
1.08015
1.64919
1.02679
2.28555
1.00672
1.3764
1.03092
1.00262
1.19316
1.34263
1.11388
1.28875
1.07568
1.42153
1.23454
4.39433
1.16031
1.63212
2.07466
1.16462
1.46774
1.11835
2.04326
1.4726
1.36063
1.77004
2.90467
2.47689
1.02159
1.11613
1.00004
1.02869
1.50316
1.18963
1.28248
1.88502
1.11943
1.02235
1.72311
1.19276
1.3843
1.37186
1.04062
1.36084
1.12171
1.47924
1.5702
1.75183
1.17382
1.63118
1.2034
2.09209
4.51771
1.37853
2.31648
1.02165
1.02212
1.0945
1.32923
1.03124
1.31841
1.46392
3.18483
1.24557
1.65852
2.04268
1.05787
1.55721
1.04733
4.25014
1.4703
1.38553
1.37922
1.39814
1.11382
1.12872
1.10936
1.40547
2.42697
1.32715
3.41242
1.67311
1.3179
1.11443
1.18735
1.36327
1.10821
2.98784
1.05612
1.54712
1.10383
1.24528
2.35182
1.42351
1.68354
1.06891
1.05186
1.13044
1.14642
1.31005
1.14448
1.33914
1.82951
1.23866
1.51736
1.36717
1.07893
1.11294
1.13941
1.43585
1.07399
1.42677
1.05268
1.15943
1.0729
1.36433
1.24005
1.25204
1.089
1.39897
1.07628
1.50859
1.0569
1.58576
1.06777
1.07911
2.18572
1.00562
1.4516
1.00081
11.624
1.63533
1.78451
1.6823
1.56198
1.58351
1.05714
1.00196
1.60561
2.08054
1.11438
1.53542
1.45992
1.0214
1.37935
2.22062
1.14186
1.1681
1.09379
1.04617
1.3221
1.00145
1.10266
1.00588
1.65665
1.12964
2.80026
1.54924
1.14915
1.52984
1.32195
1.51016
1.39194
3.07341
1.4451
1.03344
1.96163
1.24873
1.60833
1.09205
1.02162
3.97522
1.4279
1.31779
1.02091
2.20543
1.09149
2.41371
1.11163
4.52423
1.28863
3.26666
1.21699
1.57258
1.29447
1.18291
1.27423
1.32008
1.01003
1.67067
1.14153
1.07148
1.04882
1.17981
1.01363
1.1062
2.77901
1.02733
1.7491
1.12783
1.2598
1.53732
1.62476
1.25956
1.5271
1.25888
1.10547
1.02545
3.24791
1.31646
1.24165
1.09196
1.10675
1.20247
1.37716
1.81034
1.88503
1.02825
1.19996
1.0112
1.16406
1.25463
1.74411
1.56337
1.06106
1.07489
1.34951
1.30541
1.04851
2.48062
3.48857
1.27809
1.64893
1.16255
1.06815
1.04091
3.3357
1.05161
1.59301
1.00335
1.17257
1.00587
1.8142
2.04452
1.11294
1.19325
1.12145
1.14237
2.31405
1.07107
1.21741
1.0678
1.02399
1.98111
1.61734
1.4293
1.17617
1.23519
1.02354
1.09901
1.06972
1.07999
2.3101
1.59902
3.91542
1.13204
1.4523
1.06117
1.12106
2.27343
1.24453
1.09426
1.00343
1.09729
1.12308
1.37551
1.84977
1.81839
1.37574
1.63719
1.55575
1.00487
2.56265
1.49631
2.33385
1.22971
1.33332
1.34771
1.03396
1.65024
1.32577
1.10495
1.59918
1.22805
1.99775
1.18434
1.10397
1.28561
1.25652
1.62577
1.13006
1.83988
1.45943
1.09181
7.78256
1.11848
1.0528
1.05415
1.17033
1.63523
1.14593
1.1842
1.03737
2.11322
1.14526
1.18075
3.27018
1.96499
1.31554
1.48072
1.62292
1.04622
4.26309
1.34644
1.36629
1.40664
1.046
1.26882
1.01583
1.17285
1.12441
1.69361
1.25163
1.14964
1.11754
1.41754
1.34568
1.07723
1.49413
1.01278
1.20208
1.47706
1.59245
3.34657
1.05653
1.46871
1.29145
1.01283
1.30623
1.41284
1.89717
1.01529
1.37511
1.46715
1.02524
1.60859
1.07885
1.57088
1.05929
2.02435
2.03896
1.03712
1.80621
1.30975
1.09943
1.08029
1.17404
1.18374
1.00853
1.02705
1.492
1.62819
1.18014
1.67326
1.10482
1.45817
1.07257
2.38799
1.13668
1.08478
1.14299
1.1361
1.90765
1.3183
1.19337
1.02174
1.52122
1.73022
1.06083
1.05169
1.33398
1.01668
1.54345
1.22733
2.21458
1.0361
4.86781
1.56244
1.6621
1.2178
1.00522
1.0578
2.25475
1.31833
1.43947
1.00436
1.10144
1.05573
1.28178
1.5362
1.09645
1.2154
2.7231
1.83672
1.51295
1.0778
1.10775
1.95061
1.12473
2.46903
1.67245
1.10184
1.04061
2.00192
1.16916
1.51106
1.57539
1.42357
1.31413
3.48262
1.3338
1.04348
1.51691
1.03354
1.07412
1.00644
2.20897
1.83439
1.01685
1.37109
1.07072
1.36127
1.05271
1.16849
1.18173
1.03677
2.21234
1.57219
1.15471
1.48926
1.32268
1.38303
1.16249
1.1195
1.12205
1.15325
2.03055
1.25095
1.96861
1.22249
1.55308
1.23147
1.55754
1.04866
1.75084
2.91593
2.32135
1.06821
1.02651
1.60268
1.84534
1.65552
1.10433
1.01607
1.10295
4.12155
1.20316
1.60789
1.13642
1.3392
1.06095
1.17309
1.04779
1.14462
1.16703
1.36742
1.19695
1.50773
1.27805
1.71881
1.59643
1.00733
1.04516
4.50766
1.40608
9.39447
1.1095
2.45767
1.10844
1.56567
1.35583
1.38329
1.4939
1.47639
1.01531
1.54733
1.04937
1.04529
1.0014
1.61555
1.77017
1.70991
1.83991
1.13181
1.01131
1.01237
1.08292
1.64109
1.50657
1.25727
1.38099
1.14676
1.09453
1.10045
1.01796
1.40748
3.67324
1.42771
1.07805
1.02331
1.1729
1.53629
1.03647
1.00279
1.52947
1.44702
1.28387
1.03875
1.00486
1.50682
1.06853
1.36813
2.154
1.06653
1.08428
1.01359
1.09452
1.38632
1.75857
1.82314
1.11503
1.54935
1.0359
1.20997
1.37363
1.83488
1.48658
1.10401
1.08167
1.27112
1.31439
2.2191
1.07365
1.87715
4.87227
1.00128
1.38309
1.54919
1.03629
1.68385
1.06868
1.39878
1.12584
1.17131
1.1624
1.26112
1.64239
1.03215
1.15045
1.05782
1.0116
1.16831
1.36281
1.40139
6.14644
1.19665
1.01355
1.54658
1.07709
1.24556
1.24116
2.08594
2.18103
1.10139
1.25488
1.53789
2.36973
1.22055
1.23846
1.24302
1.05827
1.04405
1.02926
1.17347
1.60701
1.14212
1.10558
2.70718
1.2094
1.1348
1.0355
1.93858
1.12528
2.14499
1.37295
1.13231
1.03808
2.21145
1.25788
1.43911
1.62127
3.62444
1.03596
1.10985
1.54471
1.0225
1.02938
1.00491
1.07477
2.06989
1.57357
1.13905
1.09087
1.11884
1.10558
1.64322
1.04595
1.08574
1.19161
1.08989
2.22174
1.28079
1.36779
3.73997
1.20491
1.01424
1.29159
1.05347
2.23435
1.01978
1.04031
1.5028
1.01768
1.54634
1.37373
1.52059
1.888
4.12094
3.40487
1.45544
1.00339
1.54287
1.56419
1.15074
2.30308
1.03543
1.11818
1.37098
1.05737
1.24265
1.19668
1.5556
1.11192
1.34028
2.42578
1.56592
1.30098
1.36005
1.03974
1.3232
1.11033
2.20121
1.49595
1.02567
1.2344
1.32901
1.23816
1.55371
1.12171
1.09592
1.04006
1.75834
1.14633
1.16264
1.31722
1.01578
1.38642
1.38433
1.04283
1.37694
1.00434
1.44004
1.04106
4.63591
1.66074
1.04502
1.03588
1.38749
1.36082
1.02325
1.25397
1.23007
1.2087
1.65352
1.03907
2.47171
1.02094
1.36918
1.72055
1.26392
1.29252
1.57726
1.14852
1.18798
1.15492
1.78219
1.07029
1.01488
1.24007
1.45787
1.00535
1.08615
1.46291
1.11585
1.17176
1.52006
1.03018
3.01453
1.03159
1.39061
1.10281
1.15698
1.3049
1.00134
1.38363
1.54197
2.56389
1.16358
1.64497
1.31365
1.07204
1.14126
1.02948
1.24191
1.42444
1.32998
1.96582
1.68279
1.14361
1.12555
1.36867
1.08819
1.22411
1.18538
1.42434
1.05574
1.84663
1.15749
1.56365
1.00464
2.31837
2.09373
1.37683
1.24262
1.99503
1.0009
1.1487
1.27742
1.17342
4.06562
1.27766
1.03342
1.68524
2.14724
1.22257
1.28469
1.55007
1.58038
1.35158
1.47423
1.04447
1.07267
1.99641
5.77333
1.72724
1.46717
2.22164
1.2417
1.19104
1.46441
3.05336
1.10166
1.54231
1.36994
1.05941
1.11126
1.4192
1.32615
1.00898
1.06704
1.95123
1.39664
3.86235
2.35527
1.07041
1.78788
1.00037
1.7404
1.01968
1.05258
1.47232
1.48186
2.24622
1.42132
1.03308
1.59415
1.18196
1.04015
1.05409
1.06276
1.68068
1.07329
1.30774
1.1415
1.02082
1.19525
1.65264
1.48771
1.00138
1.02823
2.23431
2.50799
2.20329
1.31326
2.08886
1.24487
1.17305
1.76254
1.42518
1.06212
1.48088
1.3672
1.0223
1.43031
1.00707
1.14113
1.00625
2.04126
1.19131
1.24832
2.27751
1.09215
1.16435
2.75626
1.05365
1.11864
1.10922
2.77701
3.08192
1.25721
1.17639
1.5473
4.03741
1.10657
1.67622
1.43952
1.20218
1.06702
1.27925
1.02913
2.27809
2.50323
1.50221
1.02312
1.41792
1.25626
1.09268
2.50774
1.18793
1.69277
2.24537
1.19907
1.06786
1.41811
1.32637
1.07464
1.10674
1.15528
1.09443
1.53522
1.06504
2.30811
2.28076
1.00613
2.15242
1.59281
2.14801
1.60766
1.26755
1.01655
1.0354
1.12455
2.30745
1.27542
1.01008
1.57125
1.20674
1.02297
1.21791
1.08184
1.08307
1.28568
1.0734
1.1552
1.24846
1.11992
1.84284
1.53365
2.14568
1.05306
1.20852
2.45532
1.04259
1.82045
1.00444
1.14719
2.22407
2.98988
5.42517
1.05297
1.0143
1.67682
1.23026
1.64038
1.13188
1.17391
1.18279
1.95086
1.10098
1.24155
1.22566
1.17793
1.19884
1.11049
1.11774
1.66602
1.03302
2.22094
1.30734
1.4038
1.33648
1.18856
2.18593
1.35448
2.69085
1.24199
2.01173
1.36209
1.33486
1.13313
1.0026
2.16877
1.94467
1.057
1.02964
1.07411
2.14104
1.09437
1.22804
1.0228
3.67844
3.40886
1.60712
1.97636
1.01635
1.04131
2.05082
1.0785
1.28722
1.04462
1.22984
1.01745
1.62358
1.10222
1.95758
1.5115
1.01748
1.14464
1.28329
1.88657
1.11305
1.22592
3.30451
1.2024
1.88835
1.28572
1.11099
2.90072
3.62146
2.34922
1.25773
1.72965
5.64619
1.07615
1.65038
1.13238
1.10732
2.29168
1.08933
1.38691
1.06379
1.26243
1.32745
1.0111
1.2638
1.14469
1.45594
1.22486
1.07587
1.08403
1.33343
1.13602
1.04781
1.13617
1.10922
1.98922
1.08205
1.19783
1.16435
1.68137
1.09267
1.08106
1.4071
1.00972
1.47596
1.16471
1.39585
1.38627
1.04905
1.17039
1.17772
1.25887
1.30723
1.20174
1.39458
2.59366
1.3517
2.16154
1.10584
1.08949
1.7776
1.84066
3.28202
1.35197
1.20695
1.1996
1.23657
1.54908
1.34153
1.00943
1.3562
1.55869
1.46866
1.60246
1.60398
1.34597
1.17212
1.16012
3.34003
1.00165
3.292
1.07558
1.0908
1.02826
1.01004
1.14318
1.12509
1.23945
1.83325
1.43237
1.26236
1.06525
2.62694
7.86572
4.69856
1.00649
1.11857
1.11641
1.74178
1.03913
4.77372
1.03318
1.06619
2.00008
1.62629
3.40698
1.09051
3.26252
1.09547
1.35273
1.16038
1.63147
1.10469
1.56818
1.17268
1.39913
1.74548
2.1567
1.1153
1.25157
1.3773
1.76036
1.50567
1.32337
1.11231
1.46922
3.01046
1.021
1.42766
1.10832
1.11312
1.3527
1.04169
1.16981
1.40026
1.12957
1.20793
1.44853
1.81195
1.09146
1.57002
1.23871
1.0486
1.05067
1.13875
1.23656
1.19382
1.88986
1.6026
1.62484
1.42141
1.50811
1.20918
1.06499
1.28628
1.09923
2.5098
1.52171
1.25983
1.13965
1.3526
1.30401
1.07684
1.5498
1.49157
1.04151
1.06713
1.1475
1.26059
1.17384
1.00998
1.44101
1.16846
1.93796
2.02893
1.51552
1.5284
1.37051
1.96863
1.19033
1.16843
1.00999
1.0024
1.36126
1.04287
1.05601
1.50614
2.09445
2.44587
1.55719
1.12831
1.33508
1.1086
1.18185
1.0351
1.9511
1.23566
1.45362
4.25357
1.18982
1.42782
1.68267
1.21719
1.32838
1.5204
1.07003
1.62601
1.26836
1.29901
1.19704
1.89987
1.11213
1.05007
1.09636
1.6592
1.37442
1.047
3.96041
1.09739
1.30759
1.15783
1.17488
1.36624
1.04279
1.13412
1.42607
1.25655
1.10848
1.55373
1.17028
1.44199
1.63572
1.69909
1.04384
1.36644
1.19566
1.87077
1.12158
1.91365
1.35086
2.20667
1.16069
1.12093
1.45931
1.11712
1.16604
1.8239
1.07286
1.69245
1.06517
1.19576
1.07038
1.30479
1.51195
1.60936
1.23331
1.07131
1.36778
1.05143
1.39674
1.00176
1.06766
1.0701
1.02394
2.20581
1.27536
1.22189
1.16751
2.20851
1.36139
1.07271
1.03146
3.93884
1.38062
2.565
3.77816
1.07739
1.16524
1.46458
3.10492
1.04701
1.14663
1.87644
1.14196
1.09434
1.53891
1.70639
1.28622
1.02274
1.35954
1.06482
1.23516
1.04536
1.44481
1.05439
1.5355
1.18656
2.03382
1.15743
1.43189
1.17314
2.45427
1.26074
1.20884
1.71073
1.91207
1.04776
2.22206
1.33683
1.06118
2.50579
1.096
1.03956
3.48538
1.73473
1.53239
1.166
1.30396
1.07982
1.55873
2.00095
1.92885
1.14282
1.47792
1.07049
1.01306
1.06839
1.09211
1.80954
1.10118
2.48139
1.13819
1.10519
1.189
1.27447
1.85128
1.18168
1.35317
1.02678
1.94828
1.97873
1.6598
1.8079
2.86536
1.17524
1.23416
1.28707
1.15458
1.18416
1.06276
1.04572
1.21889
1.06883
1.15017
1.0887
1.97253
1.48362
1.76293
1.30337
2.24078
1.00808
1.40084
1.23958
1.03442
1.30455
1.66597
2.02879
1.26359
1.18088
1.26844
1.48578
1.58531
1.02965
1.05639
1.02184
1.29955
1.29179
1.0572
1.42908
2.31574
1.03528
1.62808
1.83818
1.12693
4.08585
1.83278
1.07812
1.3475
1.04989
1.21807
1.18271
1.03715
1.18808
1.44278
1.45256
3.44389
1.21428
1.56239
1.19673
1.1871
1.09021
1.25004
2.08713
2.23052
1.04978
3.35062
1.18402
1.07941
1.79968
1.17922
1.14281
1.48657
1.33874
1.7209
1.03934
1.09569
2.32529
1.42214
1.11958
1.1109
1.15792
1.49855
1.17146
1.42182
3.75948
1.00182
1.27455
1.50996
1.44454
1.73507
1.07528
1.04907
1.02691
1.58586
1.02421
1.03049
1.88478
1.21411
1.03623
1.41686
1.60171
1.79848
1.1576
1.25661
1.07116
3.08476
1.9007
1.18314
1.06208
1.70848
1.1043
1.04613
3.07185
1.74851
1.03292
1.04498
1.30126
1.04032
1.00634
1.26963
1.26395
1.56137
1.006
1.09497
1.23315
1.57841
1.16218
1.0011
1.05292
1.06414
1.87389
1.32804
1.25011
1.44299
1.28043
1.96484
1.27949
1.00462
1.34658
2.8563
1.65725
1.26841
1.57783
1.25183
1.09357
1.22189
1.35234
1.31709
1.33452
1.00162
1.02516
1.07886
1.04248
1.0943
1.20457
1.45453
1.06849
1.29386
1.65164
1.70321
1.29332
1.98265
1.8709
2.20108
1.51729
1.32259
1.08448
2.00567
1.15595
1.11337
1.07294
1.11407
1.52253
1.40045
5.13028
1.04298
1.00684
1.78577
1.17627
1.02396
1.70176
1.32135
1.08866
1.72905
1.01588
1.19033
1.48893
2.52321
1.63268
1.2572
1.05794
1.27152
1.00508
2.68567
1.50894
1.11682
1.10082
1.17521
1.1499
1.40863
1.72712
1.18945
2.06658
1.7978
1.11499
1.01176
1.80454
1.13787
1.09067
1.60737
1.03569
1.00699
3.34503
1.34914
1.10166
1.04644
1.2044
1.06333
1.45378
1.58422
1.38908
1.00013
1.23882
1.39673
1.86689
5.1866
2.20805
1.05464
2.12703
1.20761
1.16603
1.10173
1.20189
1.42286
1.82355
1.10131
1.46659
1.28853
1.78003
1.04312
1.2615
1.20887
1.00976
1.53044
1.18443
1.19506
1.23581
1.03095
1.06342
1.00652
1.18575
1.35573
1.41833
1.65206
1.09669
1.13775
2.13023
1.45231
1.28836
1.31847
2.30624
3.00511
1.87498
1.0338
1.97035
2.29772
1.33947
1.39174
1.23556
1.03751
1.1425
1.09475
1.19866
1.90969
1.06833
1.36482
1.14912
1.05132
1.04021
1.16914
1.19685
1.24553
1.00273
1.0247
2.43405
1.62582
1.01377
1.15996
4.78495
1.08555
1.09462
1.17394
1.28915
1.00182
1.29887
1.41406
1.48329
1.1803
1.08248
1.46863
1.51464
1.02135
1.13901
1.11828
1.06078
1.09017
1.12573
1.04542
1.70421
1.01997
1.28286
1.35461
1.63342
1.10587
1.23102
1.01411
1.4425
1.78677
1.09432
1.66835
1.84787
1.85919
1.90055
1.23544
2.11976
1.17558
1.1038
1.00143
1.08954
1.00501
2.49721
1.15363
1.09611
1.0484
2.84627
1.10222
1.6645
1.15316
2.02006
1.55919
1.78861
1.24562
1.59633
1.01012
1.04274
1.42008
1.41707
1.10555
1.39545
1.05067
1.03139
1.19049
1.00079
1.19551
1.63384
1.88588
1.32123
1.076
1.38537
1.24065
1.28649
1.37604
3.9
1.30241
1.17598
1.12081
1.29391
1.15141
1.06632
1.15727
1.87676
1.24883
2.73257
3.04552
1.65851
1.20648
1.03855
1.04056
1.06614
1.11281
1.07733
1.11882
1.75736
1.30754
1.86086
1.00931
1.05952
1.63565
1.02126
1.81936
1.11668
1.22074
1.07667
1.6967
2.06025
1.39038
1.17171
1.32166
1.27373
1.19412
1.24055
1.04137
1.43327
1.00436
2.25356
1.71162
1.01193
1.4988
1.36377
1.20523
1.642
1.16164
1.01707
1.17372
1.29249
1.0645
1.43282
1.48678
1.43703
1.28705
1.0339
1.20856
1.66122
1.06361
2.10809
2.08853
1.11013
1.56824
1.47672
1.11224
1.18149
1.0673
1.65725
3.05092
1.50338
6.48543
1.52758
1.97648
1.09557
1.12771
1.14345
1.11955
1.0599
1.39697
1.15417
1.71975
1.08802
1.06405
1.746
1.49094
1.25861
1.29593
1.11838
1.07439
1.0497
1.08618
1.03414
1.09715
1.27828
2.20913
1.85686
1.50522
1.07963
1.00715
1.14743
1.23265
1.09614
1.83629
1.32784
3.25554
1.26794
1.59817
1.72719
1.05445
1.0316
1.33191
1.68089
1.31472
1.58485
1.33076
2.91418
1.14402
2.71488
1.08843
1.38223
2.37891
1.22491
2.19089
1.31404
1.04583
1.63818
1.22933
2.0318
1.71695
2.01376
1.94971
1.31417
1.26607
1.12843
1.345
1.0949
1.00669
1.26392
1.29496
1.84835
1.01628
1.66691
1.02042
1.76874
2.83405
1.12937
1.54191
1.36111
1.10531
1.45365
1.35111
1.12875
1.83288
2.09579
1.11
2.32555
1.34892
1.01105
1.21066
1.14158
1.00008
1.33736
1.27506
1.09609
1.19098
1.2259
1.84848
1.01141
1.28535
1.39388
1.02749
1.15158
1.15516
1.28324
3.75469
1.23519
1.43722
1.06332
1.09652
1.32774
1.00624
2.6227
1.6349
1.34987
1.14392
1.69599
1.88092
1.10453
1.02137
1.59798
7.51466
1.06534
1.02458
1.50571
1.00976
1.60045
1.18987
2.07934
1.02151
1.37303
1.09955
1.13979
1.262
1.12087
1.10402
1.24863
1.07539
1.14505
1.22792
1.13121
1.10583
1.04783
1.04863
1.18007
1.06452
1.08136
1.08376
1.28282
1.05965
1.3811
1.37534
1.41175
1.42795
2.1321
1.04622
1.4903
1.09418
1.13987
1.2248
1.76175
1.37972
1.37306
1.05486
1.14201
2.86819
1.5853
2.5272
1.06737
1.83581
1.09933
1.01704
1.54777
1.34269
1.01153
1.40869
1.44907
1.05933
1.09503
1.21675
1.12841
1.00795
1.51206
2.05801
1.91807
2.21493
1.28751
1.66681
2.78962
2.07393
1.13063
1.07999
1.12177
1.59061
1.63158
1.10301
1.0068
1.17511
1.16829
1.07044
1.04712
1.23028
1.28619
1.00195
2.26482
1.17023
1.88867
1.04722
1.74698
1.3541
1.18245
1.12516
1.57137
1.1711
3.60608
1.00964
1.17076
1.35588
1.56884
1.47093
1.06687
1.02468
1.05696
1.02648
5.1837
1.40242
1.42517
1.31507
1.40529
1.08943
1.05759
1.10792
1.03976
1.64149
1.32747
1.7856
1.61382
1.35999
1.23687
1.40106
1.12707
1.55022
1.68211
1.65505
1.31474
1.01137
1.2069
1.28684
1.29104
1.23714
1.02433
1.00136
1.09222
1.74764
4.27514
1.86336
1.10511
1.44427
2.77944
1.1798
2.2219
1.30184
1.24052
2.40131
1.61814
1.12546
2.62169
1.322
2.06337
1.16699
1.14551
1.7589
1.59214
2.09857
2.05414
1.23378
2.05405
1.04457
1.08265
1.01771
1.0481
1.2309
1.69002
1.21568
1.90282
1.21335
1.85031
1.13846
1.13882
1.94294
3.58079
1.41052
1.36272
1.60766
1.5668
1.33294
2.81095
1.21341
1.90942
1.68137
1.02362
4.59701
1.19439
2.30267
1.07838
1.29302
1.81639
1.37286
1.04224
1.74839
1.03563
1.29518
1.09644
2.64714
1.3507
2.09849
1.03532
1.1841
1.1507
1.18518
1.90164
1.28253
1.0195
1.04217
1.01244
3.25104
1.32773
1.39148
1.22938
1.45481
1.38433
1.17545
1.03319
1.1597
1.19183
1.30317
2.47602
1.06959
2.5103
1.02913
2.00066
1.87205
1.07955
1.02184
2.28617
1.08603
1.53625
1.07926
1.19485
1.05549
1.53199
1.0209
2.08405
1.06633
1.25583
1.20002
1.62256
1.37065
2.32247
1.62704
1.09783
1.111
1.18091
1.00154
1.32908
1.15077
1.03902
1.94216
1.08082
1.13933
1.21126
1.52179
1.71399
1.33717
1.00939
1.24167
1.80505
1.09874
1.30752
1.36401
1.1585
1.22204
1.07854
1.03455
1.3756
1.60327
1.98542
2.39067
1.28313
1.34886
1.09282
1.18238
1.1844
1.20998
1.70661
1.03504
1.78452
1.70292
1.33732
1.22043
1.11416
1.25305
1.06041
1.28498
2.52325
1.16947
1.17133
1.83294
4.46359
1.39397
1.02035
1.18109
1.50625
1.01167
1.13776
1.18342
1.00677
1.49982
1.10605
1.25985
1.06606
1.35112
1.38294
1.02103
2.29193
1.3235
1.49983
1.17184
1.29483
5.72307
1.63023
1.40653
1.76001
2.10466
1.44084
1.12574
1.25458
1.25828
1.22473
1.17733
2.39193
1.14837
1.54334
1.14277
1.05808
1.06222
1.08756
1.01221
1.38579
2.07043
1.13632
1.23634
2.86835
1.40284
1.1614
1.03217
1.09704
2.7745
1.19576
1.96253
2.11805
1.03686
1.50615
1.10549
1.42859
1.06221
1.08628
2.89515
1.0107
6.00362
1.4708
1.14086
1.11997
1.12405
1.08792
1.0498
1.65325
1.80406
1.60806
1.27931
1.03635
1.21759
2.32098
1.00094
1.11416
1.12213
1.63599
1.40473
1.05252
1.41025
2.79096
1.17052
1.61797
1.68317
1.41739
1.35293
2.03982
1.18812
1.16984
1.51988
1.3284
1.49789
1.13533
1.50213
1.28095
1.05314
1.51435
1.55983
2.14295
1.35118
1.52453
1.18039
1.23325
1.26466
1.42289
1.23932
1.39374
1.15377
1.24003
1.22395
2.3016
1.2741
1.14226
1.07163
1.49692
1.09938
1.45939
1.70959
1.24491
1.42488
1.34379
1.06823
1.62181
1.478
1.36674
1.31774
2.24443
1.50039
1.60813
1.03126
1.18409
1.5494
1.52799
1.13792
1.26831
1.03621
1.03367
1.00533
1.2818
1.14352
1.1115
1.08212
1.26799
1.00294
2.45744
1.05625
1.16715
2.24711
1.72791
1.28809
1.1729
1.5946
1.12499
1.798
1.08603
1.11708
1.48757
1.14406
2.78827
1.803
1.07928
1.04231
1.56173
1.09346
1.47429
1.40647
1.10868
1.01403
2.11939
1.17995
1.47126
2.77847
1.7214
1.34257
1.08807
1.01851
1.01649
2.5592
1.62995
1.74506
2.10472
1.86775
1.0399
1.29134
1.10372
1.234
2.19823
2.82971
1.07403
1.03801
1.7474
1.12809
1.0163
1.11928
2.20415
1.71722
1.25069
1.65053
1.01721
1.13746
3.87325
1.3396
1.32972
1.65016
1.08979
1.23197
1.02995
2.75277
1.12342
1.83517
1.12638
1.25979
2.33099
1.30072
1.58864
1.04538
1.52519
1.44209
1.97041
1.24013
1.13155
1.04938
1.1595
2.07286
1.13354
2.19725
1.0771
3.03075
2.15285
1.12262
1.28007
2.1619
1.41746
1.13875
1.35251
1.20992
1.53118
1.159
1.83076
1.60093
1.41636
1.06965
2.40523
1.06585
1.12392
1.67169
1.80795
1.25309
1.04903
1.65112
1.36588
1.80206
1.12047
1.6793
1.06496
1.15162
1.87184
1.38357
1.613
4.47989
1.34604
1.21141
1.30668
1.40418
1.07872
1.03259
1.94788
1.04674
1.69225
1.38547
1.08164
1.31699
1.03851
1.77981
1.64794
2.75019
1.11842
1.07355
1.17897
1.62143
2.00587
1.19165
1.03895
1.85367
1.08544
1.27297
1.47115
1.13373
2.47432
1.09878
1.12835
1.33087
1.01924
1.8097
1.04346
1.42168
1.20645
1.06573
1.0034
4.22273
1.15154
1.0328
1.22723
1.41799
1.28649
1.20838
1.65468
1.33264
1.16292
1.47635
1.00026
1.6553
1.1917
1.25027
1.40256
1.10286
1.96149
2.02233
1.00624
1.06378
1.02235
1.64533
1.68131
1.36058
2.03471
1.07142
1.83437
2.44175
1.01469
2.93326
1.65625
1.05998
1.26668
1.49487
1.26051
2.33072
1.09115
1.00787
5.01681
1.51096
1.60444
1.41862
3.05965
1.08788
1.06116
1.48355
1.31779
1.11934
1.60661
1.00391
1.10442
1.37229
2.06946
1.24177
1.21211
1.32337
2.91509
1.79814
1.16386
1.07555
1.19808
1.37798
1.06691
1.15459
2.06426
1.12571
1.25942
1.18033
1.63029
1.94303
1.08731
1.42704
1.08296
1.0503
1.34012
1.29171
1.95646
1.20356
1.86761
1.21575
1.61493
1.04091
1.13579
1.14999
1.11664
1.05104
1.43588
1.32865
1.10991
1.00993
1.11427
1.37263
1.28619
1.03088
1.26014
1.40291
1.17079
1.12195
1.02568
1.0867
1.09026
1.28547
1.40071
1.02054
1.12555
5.06522
1.02026
1.52232
1.82869
2.35566
1.26474
1.25029
1.37422
1.27135
1.39755
1.33809
1.58611
1.06785
1.53928
1.56935
1.0489
2.31525
2.58018
1.27213
1.29903
1.00239
1.26474
1.04753
1.04664
1.33034
1.09433
1.48826
1.0885
1.59044
1.33441
1.40054
2.18587
4.6885
1.02492
2.44074
1.17758
2.12865
2.03824
1.0901
1.33262
2.53315
1.74657
1.08641
1.08801
1.73214
1.95111
1.24048
1.60882
4.06731
1.07077
1.29151
1.51298
1.32515
1.39706
1.28777
1.16213
2.50526
1.07341
1.46485
1.15102
1.52309
1.43291
1.14431
1.46713
1.21398
1.02817
1.08139
1.42282
1.15914
1.08383
1.25215
2.31598
2.25247
1.27283
2.06638
1.81765
6.5259
1.01424
1.184
4.2698
1.22417
1.01668
1.7542
1.90863
1.97683
2.85699
1.36082
1.30044
1.51775
1.3003
1.135
1.11647
1.30601
2.02679
3.64117
1.44234
1.83167
4.31536
1.15145
1.67456
1.07026
2.16139
1.95519
1.12453
1.01677
1.73334
1.12529
1.59945
1.10678
1.02596
1.41686
1.60112
1.10933
1.02824
1.28703
1.02912
1.19526
1.62577
1.05652
1.00665
1.01612
1.65951
1.40616
1.47184
1.44346
1.25576
1.06793
1.10137
1.04303
1.07401
1.66063
1.65702
1.2364
1.02108
1.31679
1.00479
1.07858
1.20615
1.09145
8.55866
1.03646
1.02499
1.33834
1.61784
1.2031
2.38884
1.0086
2.04457
1.07461
1.58202
1.78426
1.02369
1.56645
1.13169
3.71015
1.15906
1.18696
1.3328
1.46122
1.22081
1.69281
1.15816
1.02692
1.34144
1.25897
1.07241
2.78911
1.15531
1.41872
1.7034
3.37351
1.1925
1.60474
1.02883
2.00645
1.01279
1.08765
1.4271
1.10346
1.02977
1.08525
1.04539
1.08444
1.1407
1.10795
1.47868
1.3255
2.86653
1.07837
1.21478
1.06856
1.41533
1.00165
1.94206
1.31482
1.6932
1.03838
1.16566
1.15105
3.41778
1.23215
2.30592
1.44474
1.24825
1.12103
2.30926
4.0722
1.46586
1.23305
2.87148
1.32894
1.15566
2.56812
1.07653
1.86774
1.99562
1.06951
1.42008
1.33669
1.05341
1.03611
1.12687
1.11669
1.04096
1.28586
2.12039
1.09826
1.04428
1.97425
1.16097
1.96769
1.20964
1.07046
1.31395
1.13249
1.50471
1.65154
1.03016
1.11242
1.3413
1.81342
1.75429
1.16588
1.09956
1.79341
1.02643
1.82279
1.56675
1.32899
1.46272
1.32137
1.60144
1.69571
1.30836
1.25254
1.22859
2.08546
1.16229
1.07424
3.92254
1.07403
2.54702
1.02628
1.55697
1.00232
1.1442
1.1566
1.0206
2.89269
1.56236
1.47822
1.22015
1.0983
1.18565
1.99005
1.5845
2.51419
1.24259
1.08121
1.0286
1.65021
1.43625
1.27282
2.20111
17.756
1.01506
1.28592
1.26747
1.41789
1.28217
1.41256
1.06228
1.26031
1.29126
1.24656
1.05412
1.01998
1.38514
1.0097
1.196
1.25208
2.54502
1.07643
1.30403
1.06381
1.40422
1.32007
1.20727
1.0272
1.20992
1.00257
1.10469
1.12749
2.6482
2.04073
1.0933
1.5908
1.0867
1.75345
1.22585
1.16336
1.14332
1.38605
2.23606
1.03172
1.82978
1.61613
2.16137
1.06239
1.00432
1.99064
1.02401
1.6833
1.0878
1.07036
3.33137
1.14639
1.3001
1.78953
1.08849
1.18755
2.92703
1.03977
1.85628
1.05519
1.24099
1.86718
1.35298
1.48485
1.778
1.24107
1.2433
1.31682
1.24113
1.19032
1.42608
1.2
1.0773
1.35533
1.28508
1.358
1.18493
1.24298
3.9857
1.35478
1.13267
1.05534
1.08466
1.10723
2.49344
1.00322
1.08636
2.09888
1.09622
1.12957
1.17031
1.16752
1.16971
1.80905
1.4182
1.6393
1.06298
1.74674
1.52253
1.47426
2.1718
1.86929
1.055
1.94995
1.16308
1.06975
1.56775
1.54081
1.04967
1.49199
1.01552
1.12841
1.22142
1.04116
1.29375
2.36371
2.13412
2.98427
1.04073
1.67612
1.05226
2.34045
1.17528
1.25542
1.38531
1.06833
1.51709
6.39345
1.96901
1.59352
1.40234
1.10513
1.04789
1.8202
1.53419
1.5934
1.22251
1.17335
1.04255
1.14705
1.02854
1.33706
1.49389
1.15718
2.19382
1.09013
1.4275
4.74308
1.2603
1.20186
1.24581
1.03006
1.24112
1.04371
2.32776
1.17871
1.07153
1.05806
1.56431
1.74971
1.29961
1.02043
2.41451
1.12057
2.96899
3.70674
1.2457
1.90327
1.34937
1.6182
2.45602
1.01352
1.85502
1.18504
1.65844
1.08212
1.65161
1.65867
1.31971
1.41568
2.67707
1.24983
1.1507
1.30084
3.60903
1.11585
1.22059
1.34042
2.68724
1.96225
1.64961
1.46196
1.18645
4.0237
1.1
1.41512
1.1176
1.20263
1.12083
1.47894
1.02055
1.10562
1.52372
1.256
1.29904
1.06536
1.06881
1.75885
1.49639
1.22002
1.10083
1.1565
1.06951
1.25193
1.40529
2.08747
1.09627
1.73933
1.24149
1.00795
1.13738
1.36004
1.39075
1.07392
1.2294
1.06519
1.56144
1.07987
1.04262
1.04608
1.04414
1.29006
1.23335
1.07889
1.22422
1.74001
1.10582
1.36851
1.6103
1.0781
1.07881
1.02627
1.01306
1.15264
1.33145
1.13372
1.29526
1.29625
1.03086
2.00023
1.14939
1.12562
1.22005
1.49938
2.40761
1.03234
1.13859
2.09942
1.29171
1.07775
1.73571
1.21623
1.52908
1.06493
1.0412
3.25111
1.85081
1.03192
1.15149
1.00563
1.15084
1.03662
1.37939
1.14837
1.00242
1.05547
1.35343
1.2437
1.16477
1.29522
1.43178
1.10453
1.43762
1.44498
1.13923
1.59236
1.17611
2.28625
1.04529
1.01103
2.0758
1.30313
1.1335
1.05921
2.07012
1.99284
1.32153
1.42471
1.20789
1.11576
2.9873
1.48235
1.05494
1.35829
1.39159
1.13441
1.2588
1.18721
1.99755
1.5444
1.44664
1.76491
1.15864
1.25859
1.42654
1.56391
1.75547
1.14394
1.90232
1.31896
2.81505
1.1815
5.03223
1.00084
1.04265
1.34885
1.26867
1.02478
1.01111
1.07837
1.29236
1.10922
4.14225
1.74739
1.65047
1.02652
1.06663
1.33937
1.02519
1.31582
1.10914
1.10905
1.15316
1.20986
1.28886
1.03247
1.65402
1.17488
3.11469
1.05754
1.38611
1.12935
1.02119
1.66058
1.26565
1.56919
1.26038
1.37286
1.34172
1.04014
1.11645
2.69905
1.83597
1.11958
1.12982
1.10821
1.83333
1.31741
1.75942
1.42021
1.03298
2.04509
1.2042
1.07117
1.54591
1.05884
1.01331
1.0103
1.55029
1.78985
1.2087
1.18366
1.68875
1.46373
1.03171
2.72621
1.37066
1.01036
1.05757
1.42598
1.08741
1.19507
1.02987
1.77069
1.3519
1.08228
1.57403
1.35086
1.13802
1.10907
1.29903
1.19298
1.92121
1.04912
1.36312
1.46134
1.19262
1.67171
1.20823
1.13512
1.06335
2.00275
1.41196
1.75893
1.05308
4.35507
1.2626
1.70942
1.28237
1.08556
1.19457
1.36232
1.85591
1.06981
1.01854
1.02367
1.04387
1.18739
1.1172
1.20279
1.07087
1.12593
1.10721
1.32547
1.2267
1.21392
1.22989
1.0061
1.04859
1.29789
1.23409
1.55142
1.43684
1.32845
2.01891
1.17647
1.54995
1.59363
2.2537
1.37192
1.44814
1.11987
1.08943
1.33819
2.74691
1.79655
1.44549
1.02615
1.82036
1.2973
1.31501
1.33481
1.14374
1.34321
1.01949
1.00272
1.6065
2.01081
1.80549
1.27855
1.27039
1.50459
1.00978
2.03487
1.65182
1.72423
1.54562
1.19705
1.21873
1.00664
1.14474
3.95165
1.55285
1.71441
1.67993
1.52752
2.52143
1.47486
1.06702
1.03089
3.27445
2.16836
1.17066
1.00203
1.1363
1.13616
1.25941
1.7854
1.05226
1.251
1.82887
1.24949
1.21482
1.98193
1.06015
2.56819
1.01619
1.47882
1.02867
1.629
1.00221
2.32652
1.26896
1.07086
1.20456
1.02468
1.1594
2.56494
1.30348
1.24128
1.47344
1.30206
1.40982
1.86938
1.20913
1.01537
1.39392
1.25906
1.01453
1.12886
2.07643
1.23984
1.0257
1.26374
1.39673
1.12596
1.02863
1.19222
1.20707
1.53704
1.32943
1.25405
2.24148
1.59233
1.29257
1.57365
2.09264
1.24348
1.06974
1.08426
1.06683
4.33614
1.04188
1.42463
1.07334
2.10534
1.43723
1.2238
1.12913
1.37189
1.031
1.5802
1.29674
1.33309
1.08305
1.70085
1.67516
1.81346
1.05722
1.16724
2.37205
1.41432
1.12405
1.03205
2.33953
1.70484
4.26045
1.19569
1.64431
1.92017
1.03989
1.0026
1.85079
1.47466
1.67151
2.29252
1.15535
1.38706
2.44787
1.10694
1.07856
1.1806
1.37813
1.24741
1.26473
1.49742
1.36383
1.60762
1.21781
1.17778
1.98648
1.01116
1.47674
1.02496
1.04925
1.76309
1.44979
1.00917
2.06975
1.11011
1.17758
1.36264
1.2297
1.12035
1.31649
1.12266
1.39599
2.60441
1.34195
1.52431
1.13742
1.16282
1.95907
1.06845
1.53986
1.04097
1.07837
1.0626
1.03233
1.06306
1.17586
1.11645
1.12673
1.44689
3.78062
1.12255
1.13574
1.222
1.57712
1.0165
1.14604
1.41344
1.5848
1.05944
1.66154
1.14129
6.32337
1.17944
1.23176
1.10183
1.55128
1.03678
1.09339
1.04037
2.87663
1.12232
1.29463
1.28242
1.38133
1.11993
1.56443
1.87982
2.31698
2.38376
1.22501
1.59222
1.45349
2.06447
1.06569
1.59263
2.7575
1.03026
1.20687
1.31092
2.7156
1.05669
1.74927
2.17453
1.16797
1.45114
1.00931
1.17923
1.23557
1.36491
1.07787
1.11432
3.20332
1.2339
1.12063
1.06143
1.35314
1.17278
1.14936
2.09236
1.17299
1.14576
1.14604
1.00021
1.22897
1.03647
1.3402
1.12075
1.02047
1.55102
1.37758
1.09213
1.02957
2.93676
1.99531
1.16447
1.19939
1.02299
1.13911
1.59776
1.68012
1.14582
2.27851
1.36036
1.00891
1.3674
3.75991
3.33448
1.70295
1.00639
1.79436
1.56769
1.49074
1.21732
1.20415
1.01559
1.01472
1.26421
1.30022
1.32953
1.0693
1.13325
1.27035
1.47607
3.37532
1.09174
1.8606
1.49681
1.99901
1.01763
1.58591
1.21292
1.07176
3.11119
1.34886
1.2247
1.13054
1.01832
1.217
2.04145
1.04347
2.76202
1.13091
1.86975
1.81946
1.29777
1.09222
1.04285
1.07357
1.64908
1.13493
1.26597
1.9891
1.20986
1.10659
2.29109
1.00927
1.30069
1.66263
1.9029
1.13522
2.10666
1.14755
3.66638
1.29096
1.08132
1.04322
1.03407
1.05124
1.10909
1.66545
1.04689
1.07936
1.03081
1.20849
1.10605
1.17606
1.27664
2.33101
1.56065
1.60724
1.30494
1.04781
3.47441
2.26252
1.21343
1.07566
1.79455
2.13368
1.34956
1.90359
1.136
1.00853
1.05545
1.09156
1.11087
1.13109
2.35328
1.2105
2.00665
1.29266
1.02275
1.2968
1.22331
1.06347
1.78177
1.04384
1.66498
1.3144
1.46442
1.0082
1.00793
1.42568
1.08197
1.04148
1.49893
1.38643
1.48138
1.19205
2.66434
1.50111
1.01851
1.04656
1.0256
1.1082
1.18859
1.17263
1.1606
1.10447
2.22679
1.21915
1.06894
2.49478
1.5659
1.35224
1.08717
1.93982
1.8964
1.01737
1.36897
1.01897
1.1772
1.34613
1.45085
2.26996
1.84673
1.14135
1.18168
1.0987
1.34878
3.33951
1.09823
1.42067
1.04822
1.35623
1.54655
2.33003
1.05018
1.1393
1.87061
1.07448
1.04423
1.33111
1.12557
1.06306
1.10872
1.1817
2.26685
1.10941
1.05048
1.17317
1.21351
1.6988
1.22335
1.07402
1.41436
2.82688
1.70011
1.41061
4.09284
1.18605
1.21566
1.07434
1.54329
1.11231
1.42064
1.23045
1.10411
9.58435
2.6749
1.19464
1.59043
5.18034
1.14149
2.14402
1.06726
1.38095
1.33309
1.33287
1.6335
1.04819
1.06559
4.03141
1.75256
1.03499
1.14191
1.52798
1.0182
1.22904
1.20569
1.02326
1.20866
1.07871
1.44905
1.64601
1.01061
1.0201
1.09945
1.29569
1.45268
1.00012
1.50032
1.89661
1.42076
1.24699
1.45126
1.16786
1.19231
1.37148
1.05768
1.01818
1.07635
1.34629
1.04672
1.37159
1.79371
1.12914
1.26522
1.64689
1.19844
1.47909
1.14245
1.39063
1.09385
1.3201
1.03704
2.24514
1.18333
1.20673
1.03159
1.55924
1.04535
1.14243
1.06775
1.10001
3.75956
1.06105
1.11339
1.16826
1.38427
1.01711
1.02237
1.06876
2.30025
1.32674
1.90009
1.07915
1.50589
1.75148
1.39372
1.28401
1.73291
1.69761
1.23486
1.9426
1.12193
1.2237
1.02155
1.14026
1.48107
1.28458
3.21256
1.61163
2.79264
1.42712
1.33842
1.13877
1.01618
1.01233
1.46168
1.28716
1.06272
1.10623
1.02424
2.27579
1.29369
1.06572
1.54763
1.29541
1.32002
1.45433
1.23063
1.2805
1.12574
2.18544
1.4286
1.85134
1.07071
1.31634
1.20946
1.81049
1.76941
1.06909
1.27809
1.36851
1.84942
1.10569
1.62079
1.77205
1.33204
1.72195
1.90987
1.10835
1.27097
1.362
1.39833
2.13145
1.12999
1.161
4.48235
1.28925
1.01057
1.14377
1.19332
1.60289
1.19167
1.09755
1.45409
1.66728
1.33927
1.59446
1.13803
1.21043
1.21974
1.02867
1.1565
1.17849
1.06399
1.12756
1.24814
1.24061
1.06539
1.30792
1.02869
2.09933
1.55623
1.31292
1.23048
1.0704
3.50452
1.01579
1.05768
1.71621
1.72735
1.52443
1.39695
1.55886
2.58498
1.00855
1.86911
1.42227
1.78214
2.07648
1.03702
2.24121
1.92433
1.40854
2.13564
1.00762
1.81891
2.07263
1.16151
1.06982
1.03344
1.06642
1.44552
3.08384
1.6587
3.14857
1.36313
1.12556
1.18742
1.19046
1.26459
1.29647
1.2438
1.14692
1.13661
1.51359
1.73541
1.60635
1.37325
1.33309
1.10953
1.50414
1.94739
1.11619
1.3957
2.09803
3.28306
1.24581
2.02261
1.12438
1.1215
1.09347
2.44296
1.3567
1.59318
1.391
1.44784
1.18095
1.49765
2.43222
1.12248
1.05561
1.26358
1.02563
1.20435
1.35364
1.04926
1.35072
3.59126
1.5422
7.36742
1.1465
1.2375
2.10297
1.54636
1.06479
1.72326
1.03339
1.11816
1.30581
2.43303
1.36025
1.07935
1.2123
1.18022
1.33593
1.23825
1.11416
1.1368
1.28307
1.45464
1.23359
1.57699
2.34764
2.58378
1.12118
1.29961
1.44197
1.08687
1.17324
3.6786
1.22055
1.04753
1.22978
1.03171
1.09217
1.08232
1.34334
1.08883
1.09335
1.53915
2.60591
1.01036
1.2401
2.21613
1.01085
1.11377
1.01889
1.10697
2.45136
1.38246
1.11391
1.37407
4.0838
1.08564
2.11733
1.41532
1.18628
1.12105
1.78447
1.31964
1.70325
1.17456
1.29853
1.30401
1.09389
1.48863
1.11065
1.534
1.38386
1.7144
1.19902
2.15913
1.27697
1.17193
1.2827
1.42139
1.72698
1.07786
1.5884
1.02362
1.12859
1.02285
1.295
1.23161
1.33902
6.9008
1.01347
2.71259
1.32957
1.6255
1.11827
1.01259
1.20735
5.97278
1.3664
1.80608
1.236
1.80295
1.52106
1.87369
1.72612
1.26872
1.63394
1.06085
1.41787
1.18392
1.43812
1.12752
7.53286
1.11532
1.08499
1.64779
1.12524
1.1138
1.13088
1.42765
1.19943
1.17071
1.05925
1.20738
1.41246
2.0078
1.09484
1.27812
1.1533
1.46302
1.10896
2.66551
1.05772
1.29937
3.37183
1.31522
1.26804
1.00345
1.1811
1.27304
1.02867
1.46035
1.38029
1.04081
1.05807
1.49927
1.73343
1.01868
2.51378
1.264
1.46581
1.03647
1.15668
2.09517
1.02078
1.12818
2.71145
1.3888
1.14848
1.16279
1.41778
2.17213
1.34275
1.45344
1.32351
1.22705
1.13937
1.33356
1.25995
1.81654
2.80487
2.27122
1.24056
1.21232
1.28661
1.27495
1.02111
2.31646
1.11569
1.31895
1.17562
4.8743
2.43471
1.38923
1.10787
1.10473
2.20954
1.34651
1.75388
1.97487
1.31968
1.06182
2.02723
1.22022
1.0143
1.3938
1.22258
1.12455
1.09955
1.02414
1.61135
1.24609
1.38944
1.63218
1.09528
1.10547
1.22538
1.37878
1.11092
1.05962
1.26178
4.05868
1.05649
1.29908
1.10519
1.56439
1.16266
1.86496
1.62069
1.12005
1.76315
1.11466
1.09022
2.18961
1.19496
1.14922
1.01819
1.05061
1.15773
1.2664
1.07945
1.04604
1.74474
1.02787
1.07702
1.03475
1.75872
1.1296
3.06611
3.78431
1.06661
1.03618
2.62368
1.73861
5.80197
1.5435
1.44169
1.35768
1.05379
1.83515
1.17116
1.02402
1.12699
2.8344
1.202
2.29006
1.04051
1.1682
3.47267
1.31743
1.11205
2.08589
1.15569
1.23827
1.30586
1.64988
1.33549
1.16124
2.86728
1.16709
1.40561
2.27121
1.83885
1.01965
1.15959
1.03322
4.36397
1.00685
1.31274
1.48821
1.25443
1.50295
1.85671
1.7605
1.67862
1.0274
2.17198
2.72749
1.12467
2.40637
1.1234
1.82805
1.23316
2.23532
1.35702
1.06369
1.21203
1.26982
1.44712
1.2438
1.07893
1.15005
1.03662
1.04782
1.39674
1.04641
2.15343
1.02817
1.06053
1.21801
1.51586
1.18773
1.5508
1.3486
1.19497
1.03653
1.17535
1.49515
1.73487
1.04862
1.40683
1.16584
1.14562
1.17195
1.06792
2.63586
1.40768
1.08487
1.70279
1.15067
1.14668
2.28717
2.94967
1.29303
1.2303
1.54366
1.61585
1.17915
2.27621
1.09012
1.02552
1.04623
1.05969
1.14126
1.11932
1.15933
1.69582
1.21292
1.09014
1.1708
1.28315
1.53675
1.56562
1.21778
1.00465
1.20343
4.01062
1.2621
1.14986
1.21983
1.1165
1.43901
1.15193
1.1057
1.51983
1.08329
3.10897
1.20028
1.08211
1.61105
2.66293
1.63813
1.65998
1.06441
1.58457
1.43996
1.38806
1.61445
1.06998
1.17733
1.42764
1.01349
1.44473
1.14013
1.2532
1.07684
1.25813
4.9722
1.64112
1.21967
1.20383
1.10846
5.16771
1.40018
1.13822
2.36905
1.19559
1.16211
1.53744
1.08246
2.70128
1.71331
2.04772
1.61539
1.13736
1.00635
3.96918
1.49355
1.09021
1.2793
2.51222
1.70127
1.21868
1.12258
1.29692
3.41448
1.16934
1.27186
1.21129
1.06219
1.3345
1.62779
2.36154
1.24506
1.23227
1.07227
1.37896
1.00167
1.72178
1.04466
1.76327
1.04103
1.0191
1.53893
1.10527
1.05466
2.07935
1.0403
2.9606
1.215
1.4076
2.03901
1.11562
1.25173
1.21489
1.61322
1.40627
1.05471
1.73903
1.62533
3.94503
1.15113
1.1212
1.30717
1.03402
1.08884
1.17531
2.60204
1.27848
1.12033
1.04123
1.08497
1.03056
1.07122
1.16301
1.0943
1.85884
1.86553
1.17416
1.07369
1.45978
1.14813
1.03432
2.54733
1.00468
1.77807
1.07802
1.40315
1.49292
1.17814
1.3666
2.25733
1.32788
2.35355
1.32912
2.0783
1.24619
1.03551
1.22886
1.30909
1.63283
1.9506
2.00454
1.18183
1.04247
1.48122
1.04478
1.01731
1.1017
1.68402
1.18712
1.08916
1.07256
1.29473
1.15063
1.00837
1.02881
1.01919
1.83392
1.09386
1.1159
1.25374
1.01384
1.49714
1.08828
2.00635
1.03471
1.24494
2.27872
1.00489
2.24544
1.34767
1.17382
1.40948
1.84894
1.38045
1.27638
1.52446
1.09542
1.53173
1.08977
2.02199
1.10148
2.14073
1.03929
1.34379
1.44387
1.25649
1.14306
1.015
1.29822
2.54784
1.36977
1.03896
1.77948
4.44862
2.26993
1.31905
1.82986
1.04068
1.02102
1.54802
1.27842
1.16451
1.33606
1.04033
1.67275
1.23986
1.4924
1.06043
1.08136
1.00623
1.00813
1.58836
1.48225
1.54199
1.03641
1.76245
1.38015
1.71012
1.02378
1.13669
1.20312
1.43757
1.16636
1.19075
1.02336
1.15248
1.30173
2.87743
1.57065
1.04076
1.05257
1.16347
1.34187
1.09013
1.71668
1.91019
1.14384
1.01695
2.9687
1.07258
2.21116
1.50152
1.45354
1.10755
1.28988
1.37119
1.12394
1.3281
1.06754
1.33717
1.3362
1.0121
1.1184
1.64078
1.46315
1.41058
1.30772
1.29358
1.19017
1.01406
1.13072
1.14253
1.10338
1.14312
1.03708
1.82201
1.12623
2.01355
1.01626
2.42605
1.33404
1.01718
2.35165
1.00408
1.00782
1.77792
1.00891
2.85796
1.13013
1.00818
1.0126
1.58849
1.35494
2.16949
1.21372
1.06792
1.47481
1.31621
1.23478
1.1712
1.16589
1.15963
1.09114
1.56489
1.05688
1.22261
1.18446
1.00409
1.32407
1.23207
1.15651
14.3463
1.05878
1.30367
1.25098
1.22194
1.50585
1.62588
2.19551
2.19786
1.46902
1.04582
2.55145
1.22031
1.77463
1.16829
1.81869
1.02961
1.81714
2.62014
1.13292
1.26349
1.15656
1.32901
2.71831
1.04842
1.00383
1.04866
1.08625
1.16474
1.03208
1.62114
1.08403
1.19691
1.78979
1.81344
1.895
1.14281
2.12663
1.30227
1.21554
1.02359
1.02086
1.10022
1.0794
2.08901
2.67684
1.70551
4.08073
1.09675
1.00379
2.82362
1.57468
1.82107
1.05608
1.07484
1.30256
1.59035
1.04741
1.91249
1.0558
1.61205
1.16809
1.1419
1.18795
1.71461
1.77851
3.8378
1.43204
2.11802
1.01325
1.14012
1.14741
1.33944
1.87537
1.46906
1.45568
2.00732
1.01182
1.14007
1.14786
1.33125
1.61719
1.42197
1.30963
2.17386
1.15318
1.16753
1.03733
1.96606
1.4101
1.32092
1.42403
1.15421
2.64993
1.19163
1.00227
1.05198
3.21469
1.00512
1.96862
1.05957
3.22875
1.00855
1.0118
1.3661
1.12193
1.05174
1.21598
2.1559
1.7685
1.05788
1.00251
1.12809
1.01061
1.20403
1.09916
1.27522
1.31602
1.11695
1.01184
1.07227
1.09359
3.3141
1.07433
1.18844
2.45654
2.40594
1.43507
6.04107
1.73506
1.50407
1.60417
1.31846
1.38061
2.27394
1.01241
1.18727
1.22632
1.50019
1.01239
1.27015
1.3756
1.71397
1.51323
1.08393
1.10682
2.14864
1.01423
1.02273
1.25381
1.12241
1.34844
1.24679
1.11365
3.05394
1.4084
1.0282
1.04488
1.43418
1.8231
1.03349
2.79299
1.53455
1.09121
1.10752
1.06885
1.01472
1.18403
1.43361
1.25162
1.58557
2.17842
1.01525
1.57426
1.20055
1.0013
1.08174
1.26308
1.06398
1.68644
1.00435
3.27018
1.31702
1.56545
1.29
1.19903
1.07982
1.3186
3.1251
1.01509
1.03637
1.25465
1.23241
1.481
1.04748
1.41201
1.27373
3.58806
1.28274
1.0988
1.32145
1.20617
3.05952
1.24814
1.75085
1.60297
1.17858
1.19049
1.42491
1.65485
1.01258
1.15433
1.56309
1.7948
1.07863
1.05645
2.2248
1.82527
1.68167
1.10413
1.70111
1.35369
1.51754
1.41041
1.0649
1.28275
1.12521
1.23566
1.01676
1.08752
1.02582
1.02562
1.15045
1.39739
1.75778
1.03023
2.7554
1.09031
1.23454
2.08676
1.51163
1.31665
1.17888
1.72007
1.00682
1.4163
1.94096
1.26777
1.71336
1.15864
1.2098
1.16536
1.31647
1.00381
1.25531
1.55557
1.36627
1.20999
1.91371
3.04056
1.10705
1.01398
1.0071
1.20115
1.59827
1.02677
1.02709
1.31607
2.65019
1.15145
2.10937
2.15511
2.91255
1.07167
1.46601
2.18787
1.61582
1.20565
1.09665
1.22267
1.03363
1.03082
1.37142
1.00303
1.4756
1.91394
1.06731
1.33743
1.48155
1.41935
1.02516
1.2519
2.5419
3.12825
1.76126
1.04394
1.14271
1.15526
1.72522
1.12607
1.14848
1.87579
1.51502
1.29004
1.21519
1.07529
1.39129
1.57035
2.14546
1.42291
2.69308
1.62251
1.63441
1.06596
1.01131
1.37733
1.02117
1.29926
1.34114
1.48199
1.12471
1.15055
1.07778
1.17258
1.02894
1.06857
1.09043
2.22604
1.52291
1.03604
1.4064
1.49169
1.02497
3.35271
1.07652
1.00168
1.28724
1.09776
1.13984
1.25825
1.17513
1.03947
1.18192
3.73493
1.13739
1.27803
1.07927
1.2737
1.26873
1.01024
1.07903
1.10753
3.47405
2.21295
1.18079
1.14056
1.01361
3.8866
3.55429
1.46227
1.10419
2.59665
1.7182
1.84994
1.27543
1.21507
1.04063
1.11138
1.00294
1.15718
1.07234
1.81484
1.51642
1.80555
1.22433
1.12696
1.33273
1.16076
1.37036
1.4716
3.38818
1.43947
1.0188
1.0486
1.14149
1.02756
1.58839
1.65901
1.03459
1.95526
1.09323
1.19338
2.41078
1.16282
1.23478
1.24907
1.10986
1.19405
1.74926
1.74908
1.29034
1.23844
1.07791
1.21868
1.03452
1.10723
2.18989
1.22751
1.49394
1.21859
2.25033
2.95083
1.05415
1.76034
1.25818
1.06707
1.03392
1.5887
1.10324
1.27984
1.09464
2.37718
1.03764
1.24597
1.38546
1.10257
1.32597
1.14913
1.76825
1.36102
1.96203
2.0257
1.0519
2.10207
1.18694
1.6788
1.56839
1.9779
1.26498
1.00834
1.11385
1.25757
1.02331
1.13403
1.09451
1.11041
1.21836
1.16059
1.00481
1.75686
2.10734
2.04167
1.29525
2.46931
1.0107
1.24195
1.44592
1.40664
1.25217
1.12853
1.04751
1.89423
1.00563
1.14888
1.07525
1.60767
1.02029
1.44994
1.04245
1.11819
1.51826
1.31312
2.02656
4.95324
1.12594
1.3195
1.36681
3.1862
1.56764
1.03662
1.78991
1.06274
1.04379
1.67572
1.06515
1.07746
1.74827
1.25895
1.67838
1.2511
1.54337
1.05401
1.35656
1.07075
2.43257
1.54067
1.12948
1.26513
1.29641
1.7416
1.50871
1.01048
1.04631
1.20731
1.64209
1.66226
1.19654
1.01393
1.07113
1.08439
1.29592
2.57349
1.31906
1.14644
2.6166
1.02907
1.29387
1.23886
1.40504
1.89079
1.02293
1.98713
1.06676
1.08846
1.36117
1.2013
1.19868
6.70618
1.0858
1.25366
1.0784
1.33426
1.30903
1.08052
1.00135
1.20781
1.52295
1.13855
1.51672
1.42342
1.31583
1.7671
1.46786
1.26742
1.84138
1.0625
1.14691
3.41957
1.24889
1.87326
1.10686
1.09048
1.21731
3.25288
1.131
1.00327
1.68418
1.35462
1.36323
1.46612
1.0741
1.38708
1.25991
1.00342
1.35839
1.0624
1.4129
1.20111
1.00835
1.41017
1.09935
2.55808
1.391
1.23409
1.41452
1.20157
2.06491
1.15827
3.57328
1.3526
1.94213
1.60812
4.77387
1.21904
1.50962
1.58966
1.73738
2.3154
1.24338
1.36316
1.0418
1.40733
1.87393
1.63651
1.60185
1.20408
1.31362
1.08527
1.40714
1.00986
1.03816
1.92272
1.25234
1.10204
2.40158
1.00133
2.23818
1.28593
1.10809
1.24595
1.15483
1.18578
1.10456
1.37385
1.23197
1.04988
1.04238
1.18661
1.5888
1.02386
2.05759
1.15058
1.20616
1.26256
1.28219
1.19399
1.05515
1.05286
1.02644
1.03585
2.07358
1.18692
1.09275
1.12621
1.67043
1.1593
1.70598
1.54986
1.84425
1.21888
1.3261
1.17787
1.07253
1.88346
3.35957
1.10625
1.05046
1.21904
1.4536
1.09674
1.14529
2.71824
1.53294
3.49206
2.25613
1.33638
1.33064
1.4274
1.11326
1.32281
1.15796
2.51456
3.83496
1.15948
2.05755
1.35013
1.39301
1.04541
1.45402
1.1352
1.19611
1.16783
1.32648
1.45394
1.09227
1.04003
1.16472
1.23151
1.12795
1.51347
1.00961
1.69369
1.04124
1.25993
1.40742
1.37157
1.00041
1.39664
1.71462
1.30507
1.485
1.17114
1.24057
1.07748
1.21401
1.22869
1.14547
1.30915
1.88405
1.39038
1.27531
1.00983
1.16419
1.05485
1.11987
1.16073
1.03559
1.06928
1.22553
1.21443
1.05702
1.05395
1.78208
8.29301
1.47736
1.24494
1.38692
1.10573
2.77144
1.27037
1.87599
1.82256
1.05229
1.20965
1.19897
1.02769
1.58529
2.24785
1.32918
1.01996
1.01774
2.00697
1.02878
1.18225
1.62334
1.09753
1.62178
2.23189
2.11985
2.5457
1.47773
2.34917
1.05612
1.61119
1.3938
1.29479
2.86061
1.15676
2.25303
1.04665
1.42583
1.61962
1.15291
2.02398
1.64994
1.24187
1.15766
1.69523
1.2055
1.0712
1.22873
1.00367
1.01279
1.59092
1.27026
1.20628
1.1567
1.01073
1.00749
1.04237
1.24889
2.17905
1.09644
1.04075
2.50358
1.05313
1.53632
1.45224
1.30008
2.04158
1.49333
1.08785
1.02342
1.14422
5.72026
1.95808
1.01087
1.0364
1.29024
1.06384
2.38516
1.71531
1.41475
1.01371
1.25806
1.07395
1.48217
3.64924
1.71349
1.3314
2.89489
1.17075
2.48561
1.1182
1.00357
1.40802
1.77728
1.36373
2.82147
1.05032
1.81358
1.47109
1.34761
1.23324
1.76011
1.34708
1.22848
1.23335
1.51383
1.18797
2.38143
1.01641
1.0849
1.20324
1.95023
1.22396
1.19302
1.03743
1.3785
1.83337
4.26584
1.16345
1.09773
1.07614
1.00941
3.8591
1.74471
1.57477
1.10518
1.51323
1.30648
1.43826
1.11256
1.73358
7.01862
1.16482
1.39199
1.09308
1.50158
1.34918
1.00902
1.18855
3.07767
1.30879
1.0567
1.29391
1.19496
1.63568
1.83835
1.81215
3.11524
1.30937
1.23108
1.64733
1.48606
1.18446
1.21897
1.08125
1.05361
3.79434
4.20277
1.45016
1.01865
1.08982
1.26401
1.9229
1.08277
1.42758
1.31503
1.31621
1.30387
1.36707
1.14417
1.33423
3.174
1.00528
1.0579
1.26181
1.04458
3.86886
1.89966
1.37619
1.17042
1.86974
1.01053
1.0455
1.03831
1.31849
1.25042
1.31934
1.64056
1.12645
1.48363
1.06125
1.06532
1.09983
1.20384
1.2618
1.05603
1.39974
2.98445
1.53121
1.31076
1.18118
1.30118
1.28569
1.17536
1.69097
1.14228
1.15513
1.03528
1.00371
1.0545
1.17708
1.2992
2.01956
2.23633
1.32965
1.01009
1.07588
1.17552
1.17729
2.64329
1.02743
1.26094
1.19427
1.08527
1.0388
1.32365
1.1565
1.03016
1.51576
1.18977
1.13205
1.56896
1.081
1.41916
1.25209
1.68418
1.73548
1.25006
1.49781
1.8132
1.38289
1.31821
1.04057
1.31551
2.36479
1.90511
1.58757
1.49896
1.11013
1.62108
1.69892
1.12576
1.17185
1.37426
1.10207
1.02987
1.1744
1.55771
1.03645
1.68526
3.28554
1.11112
1.08887
1.24854
1.54041
1.14957
1.43119
1.18561
1.22821
1.17005
1.40828
1.02311
1.90498
1.11466
1.0687
1.12269
1.45353
1.06011
2.94478
1.07686
2.97389
1.23678
1.22711
1.06866
1.09963
1.21113
3.2225
1.28562
1.66653
1.06783
1.05805
1.14998
2.29349
4.65819
3.29585
2.65741
5.2887
1.17917
1.91003
1.08314
1.04113
1.03324
1.23934
1.39909
1.50995
1.41946
1.64751
1.72996
1.13158
1.95035
1.59715
1.05492
1.80838
1.12987
1.13083
1.02503
1.02171
1.06524
1.23204
1.31492
1.19135
1.087
1.57214
1.12003
1.62111
1.02025
1.27779
1.19995
1.12903
1.91
1.70724
2.06639
1.15419
1.36149
1.15118
1.23859
1.31145
1.1345
1.13018
1.25109
1.00734
1.36634
1.13119
1.07718
1.32572
1.74698
1.65599
1.53941
1.27622
1.19468
1.69749
1.35813
1.59267
1.66282
3.5337
1.31124
1.70264
2.31074
2.62104
2.47422
1.38025
1.20729
1.14135
1.23792
1.35409
1.76431
1.39251
1.30931
1.18109
2.02378
1.62036
2.11382
1.20582
1.91517
1.04118
1.00722
1.01942
1.12808
1.01484
1.05057
1.13508
1.32496
2.11143
1.80525
3.59858
1.01709
1.21796
1.85185
1.01919
1.01954
1.00241
1.01683
2.34692
3.47041
1.96973
1.15579
1.31736
1.13959
1.02967
1.73809
1.03747
1.17665
1.41809
1.0683
1.02715
1.01671
1.16347
1.04071
1.02905
1.33231
1.92797
1.03201
2.81032
1.18815
1.11273
1.02902
1.05995
3.64395
1.03497
3.20805
2.17651
1.10601
1.21856
2.19709
1.37796
2.10189
2.57128
1.59092
1.6723
1.55358
2.26929
1.12428
1.5971
1.26027
2.79088
3.01993
1.50876
1.29679
2.87922
1.17243
2.15001
1.10047
1.3506
2.82576
1.07026
1.13618
1.23203
1.75643
1.34213
1.0401
1.2317
1.01845
1.33016
1.14348
1.08059
1.0288
1.19654
1.02822
1.6224
1.19756
1.84246
1.41929
1.24629
1.02227
2.17839
1.28862
1.23677
1.21216
2.03952
2.52025
1.49652
1.02217
1.53706
1.01143
1.25478
1.41442
1.2034
1.01503
1.03324
2.40657
1.4665
1.21632
1.73183
1.27289
2.96023
1.10559
1.35452
1.42353
2.44487
1.82404
2.38832
2.08289
1.01765
2.95833
1.33118
1.35431
1.26214
1.7221
1.64698
1.20012
1.79764
1.21759
3.21701
1.089
1.23613
1.37232
1.24347
1.09032
1.14499
1.21479
1.70932
2.02743
1.05101
1.1876
1.96815
1.40525
1.11804
3.42828
1.08472
2.13292
1.59566
1.01654
1.47056
1.0148
1.38637
1.13243
1.06841
1.32565
1.03961
1.14495
1.40376
1.65071
1.11573
1.79184
1.1551
1.23894
1.77283
2.70911
1.18899
1.00166
1.00377
1.21565
1.54313
1.25321
1.27185
1.70185
1.1338
1.60196
1.704
1.01621
1.22485
3.73356
1.70142
1.15971
1.37568
1.12249
1.35317
1.04299
1.18788
3.86776
1.45593
1.08246
1.54802
1.0915
1.11461
1.04309
1.72767
1.04153
1.00396
1.08359
1.63697
1.00468
1.28837
1.39798
1.2878
2.42037
1.32614
1.03922
1.78975
1.06352
4.25105
1.34498
3.217
1.06043
1.11389
1.71159
1.93091
2.57633
1.13375
1.03154
1.22647
2.91978
1.45537
1.21244
3.89811
1.45344
1.58007
1.43346
1.29367
1.04705
1.14024
1.05401
2.11109
1.04209
1.31234
1.12693
1.60426
1.12173
1.70163
1.27173
2.68118
1.15391
1.06752
1.36387
1.06008
3.30285
1.13808
1.04962
1.66255
1.3591
1.55267
1.71395
3.89723
1.37626
2.27231
1.33463
1.34484
1.13596
1.12504
1.00614
1.31527
1.65933
1.07604
1.02687
1.30038
1.09245
1.46613
1.28069
6.26182
1.31061
1.15908
2.14057
1.37009
1.03228
1.16123
1.45425
1.02496
1.21346
1.5772
1.40053
1.13711
1.29724
1.72733
1.00334
1.47174
1.02674
1.11613
1.14704
1.1606
1.10931
1.26436
1.3318
1.13414
1.5146
1.44109
1.17881
1.44094
1.55259
1.02134
1.026
3.25097
1.21584
1.2363
1.06306
1.03581
1.15725
1.54116
1.06567
1.04001
2.03839
1.12659
1.72479
2.36019
2.25556
1.32737
1.37564
1.40065
1.09578
1.22862
1.19459
1.01238
2.99885
1.27454
1.1778
2.03631
1.35828
1.27145
1.20473
1.23503
2.70372
1.50731
2.06895
1.2414
1.32365
1.77492
3.0612
2.04637
1.4792
1.00579
1.03357
1.84624
1.11009
1.43302
1.09434
2.3334
1.95353
1.35647
1.20722
1.03721
1.14888
1.10541
1.29463
1.63696
2.04832
3.15087
2.26381
1.21888
3.06569
1.05128
1.18987
1.02477
9.93842
1.36905
1.03166
1.40838
1.48985
1.82084
3.06148
1.08124
1.17832
1.14115
1.54507
1.35981
1.03405
1.80289
1.76233
1.38745
1.73257
1.62804
1.45828
2.91126
1.09291
1.10818
1.83827
1.03562
1.52809
1.22887
1.17165
1.01511
1.45669
3.05892
2.89735
1.05004
1.17327
1.27438
1.4187
2.11335
1.25605
3.42328
1.53142
1.38414
1.37343
4.59289
1.19805
1.03191
1.41502
1.26622
1.6265
1.94358
2.05759
2.81969
1.20339
1.8004
1.13724
1.05568
1.07287
1.13567
1.05075
2.52689
1.35609
2.04195
1.39642
1.07296
1.17214
1.19502
1.17529
1.02298
1.0195
1.33436
1.33236
1.91825
1.36176
1.46779
1.53463
1.06984
1.49483
1.34758
1.16762
1.28319
1.06575
1.81743
2.39917
1.16201
1.14612
1.45165
1.30595
1.27469
1.68558
1.52869
1.11007
1.07917
1.03921
1.04015
1.05958
1.19128
1.85196
1.05889
2.12856
3.14137
2.11624
3.62322
1.8924
1.1212
2.21335
1.31937
1.08934
1.01935
1.15879
1.23162
2.44252
2.25295
1.13024
1.05794
1.31247
2.0223
2.29782
1.48435
1.0434
1.4029
1.36424
1.13689
1.32303
1.13803
1.30973
1.3656
1.12151
1.06559
1.02605
1.14007
1.40895
1.63188
1.21906
2.04133
1.09496
1.01675
1.7777
1.3042
1.41671
1.20321
1.84596
2.56722
2.32506
1.55331
1.06258
1.02513
1.55785
1.04865
1.31049
1.03158
1.66389
2.54542
1.66972
2.11359
1.21902
1.23274
1.36756
1.07351
1.02921
1.11562
1.08365
1.09831
2.16747
2.11578
1.27519
1.17955
1.63577
3.08078
1.24309
1.18799
3.1902
1.03978
1.25026
1.28222
1.77827
1.29982
1.15351
1.33761
1.00582
1.79514
1.61252
1.54334
1.10136
1.41491
1.93369
1.90847
1.1807
1.1727
1.41713
2.35701
1.34123
1.17216
1.02426
1.36075
1.90412
2.96891
1.28897
1.0986
1.4857
1.28064
1.972
1.23692
1.11984
1.24604
2.15098
1.49071
1.33187
2.16503
1.29494
1.73942
1.2036
1.14331
1.96936
1.41686
1.05157
1.11275
1.6048
2.11682
1.36697
1.22772
3.48809
1.62722
1.72489
1.51082
1.43733
1.27415
1.12122
1.02355
1.22639
1.3406
2.0428
1.42527
1.2409
1.16582
1.73037
1.15296
1.18479
1.08967
3.86378
6.91778
3.12915
2.01091
1.33687
1.02614
1.06853
1.02842
1.05752
1.07831
1.33609
1.3381
2.01499
1.01917
1.0867
1.10538
1.23347
1.45437
1.05001
1.0147
1.64507
1.51308
1.33693
1.42153
1.09167
1.28199
1.04792
2.00688
1.05029
1.20277
1.79309
1.28234
1.86444
1.02664
1.64934
1.04631
1.23339
1.36627
1.03902
1.84058
1.34694
1.17608
1.41435
1.11272
1.21155
2.43528
2.18148
1.11172
1.75477
2.15658
1.26948
1.5335
1.12016
1.5241
2.36673
1.23339
3.0872
1.14491
1.12098
1.1389
1.18591
1.05903
1.07255
1.23522
1.01997
1.08128
1.02054
1.15003
1.1283
1.77544
1.57075
1.51808
2.0667
2.45255
1.39598
2.8945
1.23392
1.17284
1.45151
1.08403
1.11728
1.0702
1.1794
2.52938
1.09751
1.10569
1.15293
1.02093
1.2935
1.0306
1.22656
1.20147
1.08342
1.73421
1.56259
1.2135
1.21125
1.49838
1.19596
1.48773
2.36183
1.07772
1.80318
2.00095
1.68954
1.37578
1.26194
1.19071
1.07362
1.00149
1.59068
1.29483
1.57471
2.7697
1.6558
1.01047
1.29139
1.57646
7.84093
1.11501
1.21671
1.46618
1.09984
1.21537
4.93687
1.09361
1.79313
1.87363
2.62447
1.2393
1.09374
1.92256
3.00279
1.1856
1.10259
1.36698
1.83706
1.96092
1.02411
1.55815
1.22966
1.28027
1.04751
1.06597
1.05169
2.00478
1.17095
1.28701
1.33074
1.08624
1.11758
1.10804
1.1781
1.16846
1.20002
1.94631
1.14766
2.52036
1.10572
1.4015
1.45928
1.75493
1.76854
2.38839
1.29994
1.45591
2.64343
1.18949
1.87824
1.17522
1.99629
1.0539
1.40901
1.07458
1.13762
2.19938
1.04904
1.57094
1.16836
1.31733
1.24799
1.0411
3.41104
2.02078
1.06098
1.28622
1.22688
1.1554
1.66066
1.45967
1.02709
1.67948
1.20329
1.97255
2.06921
1.17646
1.58807
2.17214
1.09283
1.15133
1.07333
1.5232
1.88777
1.19332
1.02371
6.93912
1.2814
2.16608
1.16776
1.03025
1.04831
1.24839
1.09724
1.38635
1.07527
1.10966
1.67525
1.12664
1.25013
1.03503
1.7044
1.05037
1.32403
1.08127
1.00338
1.18575
1.0388
1.0824
1.25452
2.89
1.05911
1.10676
1.3232
1.1859
1.15066
1.21913
1.27709
1.09036
1.64244
1.55756
1.37123
1.30811
1.21165
1.08782
1.19979
1.03944
1.11664
1.71009
1.98441
1.58766
2.05075
1.2359
1.00806
1.29494
1.71275
1.28184
1.86896
1.03109
3.12778
4.3647
1.08294
1.10257
1.1109
2.07881
1.9132
1.25209
8.77914
1.56777
1.68971
1.52083
1.56635
1.12297
1.10146
1.07411
1.20072
1.13559
1.0197
1.04085
1.70227
1.13288
1.06633
1.06105
1.56365
1.36305
1.03925
1.52866
1.42003
1.11247
1.44797
1.40744
1.25938
1.31267
1.18354
1.04558
2.25963
1.10825
1.66075
1.02866
1.80353
1.09287
8.1204
1.4409
1.17937
1.73931
1.05405
1.14199
1.1034
2.40972
1.28891
1.04985
1.93978
1.58308
1.09489
1.13633
1.04702
1.33173
1.16418
1.11998
1.48179
1.45986
1.07801
1.69797
2.54678
1.00305
1.23348
1.47098
1.62665
2.0294
1.2875
1.0486
1.29738
1.80892
1.83158
1.2047
1.85306
1.53207
1.46611
1.66799
1.06383
1.08312
1.69143
2.24084
1.04486
3.36107
1.04675
1.35356
1.83923
1.0547
1.79532
2.17805
1.01527
1.07301
1.26264
1.14327
1.76443
1.1495
1.02126
1.10352
1.72789
1.19667
2.05248
1.34055
1.69254
1.11696
1.31196
1.09875
2.84082
1.15912
1.31039
3.84032
1.20075
1.29966
1.04699
1.42503
2.12344
1.36074
1.00955
1.23445
1.14789
2.96758
1.83005
1.17516
1.16583
1.16119
1.24597
1.21007
1.79266
1.16418
1.27728
2.00631
3.85884
1.0548
2.32578
1.22699
1.03268
1.10143
1.20553
2.12653
1.24985
1.31932
1.01188
1.26331
1.12206
1.0869
1.48979
2.83988
1.49001
1.03603
1.03877
2.86485
1.45601
2.16411
8.27896
1.01791
1.19007
1.01522
1.89413
1.10885
1.22386
1.2042
1.1952
1.22188
1.91028
1.44217
1.01112
1.14331
1.17104
1.31868
1.25368
5.65486
1.04771
1.41025
1.0944
1.05032
1.18901
1.19555
1.56085
1.12551
1.37268
1.06511
1.25973
1.12586
1.03335
2.03851
1.09679
1.00631
1.13502
1.15671
1.33987
1.23314
1.51329
1.01402
1.17028
1.25867
1.30843
1.77803
2.19214
1.01136
1.80602
1.42275
1.12009
1.00131
11.4645
2.3109
1.77663
1.53241
1.37483
1.08255
1.00028
1.22826
1.02839
1.0649
1.86227
1.00308
1.31718
1.91036
1.86614
1.39059
1.21965
2.29609
1.21462
1.06744
1.58948
1.02069
5.41904
1.68271
3.21496
1.05595
1.24874
1.18046
1.12072
1.28754
1.17011
1.22593
1.37965
1.27129
1.5175
1.11602
1.79245
1.03675
1.17603
1.16142
1.1013
1.00211
1.03511
1.04938
1.63205
1.02404
1.64786
1.42889
1.02327
1.07907
1.56936
2.01306
1.02779
1.04885
1.62531
1.79353
1.19732
1.03243
2.34293
1.09884
3.2563
1.58234
1.19152
2.07821
1.07004
1.32395
1.26554
1.38278
4.12865
2.22233
1.02956
1.51035
1.18508
1.2633
2.56344
1.08346
1.06617
1.05108
1.51311
1.10096
2.78583
1.17499
2.20991
2.08256
1.50194
1.00677
1.38299
1.14858
1.50541
1.20384
1.2507
1.17011
6.04207
1.0358
1.00806
1.14504
1.10519
3.86259
1.22616
1.0237
1.14604
3.14262
2.36141
2.23843
1.40358
1.16409
1.64741
1.13634
1.76497
1.12893
1.05264
1.115
1.35895
1.10424
1.00571
1.89613
1.04427
1.15643
1.07105
1.00086
1.15875
1.66616
1.50277
1.23583
1.84147
1.24892
1.75579
1.56451
1.21207
2.8891
1.02257
1.37399
2.17955
1.36025
1.83155
1.17565
1.43533
2.20734
1.44413
1.18702
2.20496
1.0643
1.09672
1.08571
3.295
1.95073
1.13053
1.02403
1.7421
1.01538
1.18072
2.94669
1.32231
1.92154
1.33359
1.03422
1.03609
1.14212
1.17909
1.46404
1.02932
2.6993
1.45853
1.15099
1.3537
1.03327
1.00666
1.36368
1.29448
1.00936
2.18448
1.11314
1.11564
1.70086
1.22737
1.21388
1.05306
1.02958
1.48101
1.21041
1.2428
1.1243
5.9006
1.16261
1.20974
1.15474
1.00432
1.20823
1.15407
1.12836
1.27425
1.18398
1.25086
1.86821
1.4458
1.16285
1.06344
1.04191
1.46405
1.0849
1.28013
1.02639
1.0098
1.02763
1.08881
1.12039
1.11309
1.97179
2.20526
1.41213
1.77338
1.19859
2.28982
1.09713
1.9128
1.4057
1.10044
1.08134
1.1787
1.19391
1.60941
1.05316
1.2661
1.18312
1.82552
1.21387
1.02146
1.10469
1.16837
1.10214
1.77014
4.37543
2.12867
1.81286
1.03942
1.07236
1.12931
1.78541
1.34596
1.02007
1.31391
1.80433
3.02398
1.0127
1.80128
1.34281
1.46044
3.29074
1.25707
1.06114
1.11156
1.07546
3.71676
1.06876
1.94953
1.17909
1.8378
1.68184
2.9085
1.33072
1.03665
1.70328
1.78094
1.48416
1.34958
1.30387
2.25171
1.50531
1.39918
1.23021
1.48292
1.40284
1.81621
1.10917
1.15855
1.30918
1.87806
1.09459
1.24281
3.5988
1.0785
1.00012
1.115
1.02267
1.86797
1.49844
1.29641
1.77682
1.18637
1.30203
2.30474
1.39401
1.07743
1.32002
1.47807
1.31753
1.18831
1.14925
1.76863
1.42143
1.35415
1.21297
1.14329
1.3748
1.12111
1.551
1.83008
1.35235
1.00469
1.06886
1.96853
1.0819
1.34789
1.14599
2.37321
1.09095
2.59737
1.32438
1.59867
1.31176
1.01958
1.1355
8.0863
1.26882
1.11275
1.14839
1.91849
1.07833
1.28112
2.92327
3.65175
1.15893
1.71455
1.90133
1.38511
1.11313
1.20918
1.22194
1.04647
1.03895
1.46625
1.49944
1.33274
1.21292
1.27184
1.0687
1.02858
1.2541
1.82359
1.27606
1.12491
1.06932
1.46555
2.07077
1.53166
1.65973
1.18609
1.71455
1.34735
1.82743
1.55172
1.24154
1.13832
1.14359
1.22447
1.18903
1.46185
1.54208
1.24119
1.07257
1.6817
2.82943
1.21337
1.02812
1.15029
1.00282
1.02027
1.41742
2.86417
1.27666
1.40436
1.38149
2.26503
1.05143
3.02395
2.16436
1.19922
1.11625
1.40683
2.00214
2.16729
1.12111
1.17291
1.73617
1.30646
1.10982
1.45698
1.14252
2.32516
1.59843
1.28924
1.93891
2.66621
1.05095
1.13718
1.30867
1.00368
2.06028
1.93003
1.59306
2.58856
1.1586
1.21828
1.12467
3.32319
1.57174
1.02275
1.5577
1.10959
1.00949
1.69159
1.04536
1.77621
1.32711
1.06651
1.15869
1.04221
1.08568
1.49559
1.00283
1.07661
1.07985
1.00028
1.07977
1.31076
1.17047
2.67882
1.02121
2.16428
1.70679
1.22343
1.18225
1.06729
1.07654
1.01373
1.31751
1.16967
1.90915
1.07868
2.05939
1.01027
2.66758
2.8211
1.1164
1.78976
1.70818
1.22816
1.3647
1.19366
1.23347
1.00848
1.31288
2.27279
1.44773
1.01962
1.89406
1.05119
2.46672
1.03108
1.20748
1.0818
1.48041
2.34918
1.70345
1.51355
1.18245
1.13669
1.06417
1.00241
1.31315
1.36081
1.38464
1.58019
1.40894
1.25868
1.25679
1.29748
1.26064
1.36055
1.07767
1.16099
1.05975
1.09794
1.16056
1.03424
3.68656
1.26197
1.41975
1.14398
1.0724
1.06499
1.05559
1.16547
1.26938
1.59375
1.32163
1.15959
1.03499
1.12912
1.07781
1.09301
1.91158
1.38899
1.11103
1.05121
1.43627
2.71598
1.08473
1.19104
1.16284
1.00903
1.12377
2.1316
1.04918
1.47955
2.06185
1.08892
1.32172
1.0527
1.07741
1.21169
1.01344
1.24735
2.02036
1.42586
1.2088
1.01415
1.32586
1.66641
1.22754
1.23979
1.06456
1.22682
1.54491
4.26222
1.16837
1.86949
1.39189
1.2479
1.09333
1.57526
1.04401
1.96799
1.00196
1.09841
2.3724
1.3805
1.63341
1.71718
1.05007
1.08655
1.39995
1.02535
1.0923
1.15625
1.24459
1.10357
1.05305
1.27283
1.76344
1.15498
1.29891
1.06625
1.11152
1.04838
1.76992
1.15853
1.58704
1.1187
1.1201
1.11571
1.42314
1.1287
1.05905
1.05955
1.57072
4.39872
3.66992
1.68249
1.26408
1.13267
1.65784
1.48559
1.01352
1.84748
1.0041
1.73567
2.55309
1.45066
1.44309
3.08975
1.1814
1.17784
1.14301
1.07229
1.60378
1.07441
1.05897
1.10464
1.13649
1.76252
1.02931
1.31317
1.05024
1.18046
1.05652
1.26301
1.11274
1.48664
1.01033
1.15751
1.61193
1.15904
1.00822
1.01623
3.54911
1.44039
1.00092
1.28132
1.15424
1.2093
1.30721
1.15607
1.04673
2.67817
2.66653
1.77821
1.00319
1.1347
1.26286
1.04266
1.2444
1.72888
1.24439
1.40665
1.58045
1.15745
1.5996
1.99624
1.09901
2.48004
1.35387
8.71987
1.04302
1.61024
1.31285
1.7002
1.6209
1.23849
1.17294
1.04081
1.25357
1.04651
1.39794
2.34153
1.04924
1.08814
1.81045
1.33614
1.00539
1.0969
1.2935
3.33401
1.07672
2.75333
1.51432
1.40262
1.18374
1.10479
1.0939
6.34635
2.72897
1.17355
1.19754
1.25998
1.12175
1.57555
1.15917
1.45921
1.15459
1.11912
2.04281
1.33192
1.09919
1.10286
1.48807
1.21933
1.53241
2.68142
1.10745
1.30078
2.77439
1.16756
1.14868
1.17799
1.08136
1.85414
2.1673
1.09617
1.18347
1.03735
1.5702
1.01412
1.19333
1.57963
1.01097
2.80432
1.36972
2.42272
1.24042
1.84526
1.03926
1.29306
1.08026
1.57758
1.203
1.16674
1.57795
1.22886
1.42085
1.16594
1.68609
1.09889
1.61539
1.64935
1.25057
1.98622
2.3508
1.6191
1.4595
2.45963
1.01848
1.2223
1.81592
1.66557
1.42328
1.92937
3.1183
1.03862
1.76361
6.75801
1.11638
1.33017
1.16059
2.45593
5.52817
1.3949
1.07205
1.06527
1.80938
1.81626
1.73764
1.32086
2.52326
1.72595
1.10867
1.20437
1.00295
6.0183
1.57414
1.19245
1.12301
1.20918
1.20083
1.12595
1.07115
1.05215
3.10597
1.12855
1.5499
1.13985
1.18029
1.05287
1.18171
1.04899
1.11752
1.41335
1.45902
1.28976
1.12666
1.664
1.82347
1.45855
1.46434
1.18187
1.08653
2.88299
1.13869
1.06277
2.22231
1.31168
1.00669
1.13584
1.13284
1.41447
1.20011
2.67934
1.4584
1.1405
2.14049
2.81344
2.42056
1.08003
2.45783
1.34691
1.7386
1.15634
1.46262
1.36943
1.45636
1.13636
1.15964
1.35066
1.30089
2.61253
1.30276
1.45522
1.16508
1.23498
1.14335
1.1404
1.27243
1.16541
1.5849
1.00493
4.58951
2.2463
1.17248
1.08145
1.38546
1.31398
1.17741
1.21356
1.07503
1.60399
1.67296
1.12919
1.1395
1.47229
1.08848
1.02273
1.08123
2.69754
1.08105
1.08868
1.10656
1.19946
1.02767
1.14805
1.33292
1.41365
1.08721
1.05257
1.12718
1.93262
1.44824
1.42966
1.48725
1.37682
1.97557
1.52731
1.01249
1.02053
1.5957
1.22082
1.0766
2.88049
1.41997
1.26494
1.02436
1.15405
1.13322
1.26769
1.92848
1.04023
1.07592
1.20726
1.03544
1.59097
1.45813
1.07291
1.08431
1.05034
1.14945
1.72797
1.50228
1.14342
1.40597
1.22122
1.42263
1.4204
1.02087
1.83191
1.23524
1.06308
1.19464
1.58017
1.13976
1.13729
2.79465
1.01565
1.27664
2.87414
1.15347
1.01918
1.64284
2.76489
1.22263
1.00847
1.20772
1.02161
1.48148
1.03471
1.04243
1.04959
1.64772
1.00137
1.20281
2.05837
1.24799
1.03136
1.93463
1.03154
1.41128
3.00554
1.15812
1.1513
1.499
1.07928
1.02739
1.211
1.08751
1.27021
1.68264
1.11038
1.95065
1.17021
1.2528
1.30337
1.09224
1.04914
1.10815
2.05639
1.22883
1.97022
1.14578
1.58632
1.39742
1.1445
1.17116
1.36389
1.21506
1.87083
1.79585
2.32094
1.1979
1.26089
1.05794
1.09064
1.15647
1.10943
1.2138
1.1183
1.49728
1.3016
1.11181
1.05427
1.54999
1.34844
4.83953
1.29968
1.22812
1.20315
1.02385
1.36172
1.74213
1.00614
1.05882
1.13883
1.97338
1.45501
1.54709
1.77955
1.56401
1.77728
1.0398
1.73035
1.11204
1.18497
1.0509
1.25938
1.54443
1.08588
1.21728
1.02213
1.15582
1.43163
1.59905
1.36071
1.11559
1.48807
3.62705
1.09416
1.10002
1.18348
1.06706
1.19058
1.14031
1.28303
1.559
1.15757
1.04747
1.42006
1.18711
1.55324
1.09165
1.18577
1.30732
1.00371
1.24641
1.30733
1.70293
1.21194
1.02338
1.30839
1.02889
1.69163
1.2546
1.07502
1.92659
1.40024
4.14538
1.11645
1.32479
1.947
1.15059
1.11181
1.25073
2.45316
1.6283
1.31153
1.20985
1.06597
1.54788
1.03478
1.4515
1.22821
1.53245
1.17242
1.00202
1.30978
1.273
1.56523
1.39048
1.03477
1.16951
1.02031
1.81076
1.34355
1.75724
1.05689
1.06151
1.47608
1.04589
1.77038
1.19356
1.2066
1.24792
1.08045
1.65037
1.114
1.73091
1.11332
1.3321
1.00509
1.06128
1.09967
1.25492
1.86314
1.00741
1.35511
1.69965
1.28854
1.21406
1.38177
1.63748
1.25893
1.16652
1.36599
1.08945
1.42447
1.06806
1.04621
1.2536
1.14621
1.76317
1.99648
1.30139
1.00483
2.24965
1.34689
1.74833
1.09418
1.26023
1.16705
1.4854
2.30955
1.0135
1.22005
2.19807
1.02704
1.03192
1.02032
3.12584
1.01055
1.27945
1.42565
1.03645
8.86555
1.04425
1.39769
1.49736
1.6025
2.23964
1.0788
1.47922
1.53233
1.29277
1.16063
1.56382
1.12559
1.0246
1.18763
1.40654
1.77213
2.01071
4.74611
1.1389
1.04389
1.2298
1.24466
1.19682
1.3116
1.32667
1.24358
1.62934
1.17131
1.25364
1.19387
1.17726
1.48504
1.24664
1.41941
1.337
1.11385
1.08655
1.09074
1.12872
1.63703
1.7919
2.05044
1.12417
1.16007
1.24996
1.13519
1.1547
1.94814
1.63916
1.54948
1.95793
1.00916
1.08795
1.2995
1.2478
1.51854
1.52377
1.14199
1.04774
1.33942
1.42896
1.17563
1.56521
1.03154
1.29551
2.77063
1.11453
1.01374
1.58344
2.77596
2.97888
1.9221
1.05643
1.12257
2.16088
1.14856
1.1567
1.00038
1.41864
3.13639
1.65377
1.22133
1.38933
1.46052
1.16353
1.07681
1.72917
1.57186
2.96296
1.46831
1.85847
1.08368
1.00335
1.30668
1.48391
1.26357
1.51657
1.45108
3.64169
1.31622
2.45718
2.08818
1.16509
1.49839
1.1223
1.51062
2.42622
1.10184
1.23383
1.00709
1.64821
1.21689
1.06545
1.05442
1.27536
1.29504
1.00532
5.35335
1.46965
1.09282
2.51703
1.10125
1.26035
1.02884
1.21954
2.40507
2.58957
1.10981
1.15742
1.10805
1.41945
1.51336
1.27813
2.53054
1.05138
1.45689
1.0992
1.43082
1.94677
1.57118
1.0816
1.03177
1.00699
1.47312
1.41704
1.03901
1.68641
1.19733
1.77331
1.95038
1.08198
1.36712
1.12992
1.89807
1.33428
1.00278
1.41979
1.3832
1.53264
1.06745
1.09525
1.329
1.09509
1.02699
1.13636
1.30399
1.11397
1.23013
1.00572
4.26362
1.38067
1.06759
1.18898
1.04572
2.22943
1.37032
1.07128
1.34341
1.02168
1.91295
1.76748
1.49428
1.17856
1.00058
1.008
4.96314
1.22874
1.00115
1.0313
1.03376
2.26136
1.13817
1.0394
1.26112
1.32213
1.72956
1.2545
1.03876
1.18019
1.03708
1.92872
1.08291
1.24817
1.12637
1.27457
1.06033
1.36535
1.03926
1.04623
1.20694
1.40552
1.03127
1.1254
1.47968
1.07712
1.05208
1.10787
1.05717
1.03769
1.16032
1.33229
1.08577
2.60745
1.44487
2.11377
1.22919
1.82451
1.06909
2.31405
1.26546
1.34942
1.60409
1.11252
1.66635
1.04614
2.84093
1.56348
1.04709
1.02656
1.29246
1.70923
1.23139
1.02797
1.17417
1.79771
1.6162
1.60343
1.53062
1.06839
1.00792
1.09322
1.32769
1.10545
1.10921
1.10115
1.31643
1.14043
1.21395
1.20963
1.32363
1.28072
1.26292
1.36291
1.01381
2.23
1.41848
1.08004
1.06671
1.2406
1.31548
1.03323
2.46917
1.15113
1.00725
1.0664
1.99865
2.06395
1.07632
1.06548
1.06164
1.42367
1.0466
1.09949
1.21279
1.25422
1.01205
1.07927
1.44728
1.15617
1.13536
1.01826
1.54683
1.08697
1.12975
1.01235
1.55112
1.39664
1.37499
1.03012
1.24533
1.34465
1.82103
1.39489
1.22377
1.04548
1.17758
1.11757
2.00257
2.9172
3.08115
1.25721
1.83799
1.92106
1.23013
1.29939
1.4455
1.35332
1.20521
1.30652
1.23584
1.13965
1.01392
2.11611
2.68071
3.59345
1.1884
2.72126
1.05612
1.08997
2.56615
1.28069
1.02677
1.29978
1.69549
1.17123
1.09668
1.58836
2.49913
1.0358
1.20667
1.33574
1.19354
1.13553
1.1894
1.30819
1.18575
1.24387
1.53851
1.00035
1.13716
1.63948
1.05346
5.11515
1.00688
2.06864
1.26774
1.15229
1.33881
1.2892
1.39852
1.47131
1.30967
1.09412
2.1701
1.18861
1.35815
1.15718
1.34394
1.24235
1.35263
1.03031
1.39866
1.5209
1.89269
8.01159
1.10204
4.62049
1.15368
1.13906
1.97121
1.62149
1.14768
1.43903
1.41795
1.1323
1.58119
1.039
1.06302
1.58646
1.51689
2.50846
1.72238
1.16815
1.07079
1.56093
1.06808
4.35179
1.41755
1.06429
1.22855
2.48053
1.05328
1.42117
1.18989
1.00332
2.16569
1.25675
1.27103
1.43222
1.5874
1.8647
1.00456
1.49864
4.68885
1.20162
1.10992
1.12405
1.4128
1.42915
2.17678
1.01635
1.18981
1.06455
1.00102
1.4491
1.2469
1.35182
1.97458
1.60292
1.37712
1.94984
1.3846
1.04086
1.18328
1.81848
3.16474
1.16055
3.8771
1.37013
1.2089
1.26606
1.02636
1.15436
1.15182
1.17966
2.10023
1.53213
1.23935
1.65393
1.03383
1.01994
3.11446
1.24603
1.17628
1.02404
1.10393
1.3884
1.05068
3.81166
1.15579
1.96262
1.65465
1.15134
1.39157
1.23509
2.20867
1.16427
1.18355
1.34872
4.66189
2.2478
1.83809
2.11559
2.32154
1.02354
1.18719
1.24067
1.93966
1.02884
1.08303
1.15422
1.56382
1.09581
1.49129
1.03685
1.10341
2.8762
1.12692
1.16329
1.1065
1.05203
1.08259
1.01659
1.33434
1.27381
1.12291
1.91329
1.11243
1.05632
1.00404
2.44976
1.11535
1.21396
1.34951
1.07205
1.15478
2.06799
1.14562
1.16269
1.23202
1.50092
1.00113
1.32547
1.09802
1.04341
1.06901
1.25099
1.15931
1.004
1.17923
2.39075
1.16502
1.53106
1.06209
1.30137
2.24243
1.24959
1.05999
1.54645
1.07257
1.01286
1.16443
1.39308
1.29424
1.64473
1.01939
1.53862
1.84559
1.00939
1.08463
1.00162
1.08774
1.0824
1.2858
1.27397
1.03545
1.77051
1.62161
1.18711
1.22103
1.1765
2.50146
4.39658
1.1164
1.35737
1.10215
1.26892
1.08279
1.10917
1.3203
1.15138
1.21255
1.49373
1.76201
5.33282
1.3415
1.10645
1.09499
1.01669
1.88295
1.54693
1.05771
1.16861
1.0861
1.44718
1.05697
1.07526
1.06129
1.00913
1.88164
1.29209
1.21664
2.08568
1.12521
2.02705
1.00914
1.28158
1.42373
7.16412
1.10966
1.06349
4.51062
1.49241
1.84496
2.26523
1.10675
1.62558
1.86466
2.17178
2.23457
3.95476
1.41227
1.32269
1.42071
1.85875
1.06657
1.74497
1.05607
1.25571
1.01432
1.44567
1.13019
1.54726
1.5075
1.23056
1.70499
1.0359
1.00654
1.19742
1.08267
1.03265
1.2297
2.07579
1.2257
1.01465
1.47711
1.77638
1.32364
1.15314
1.33424
1.07321
1.07895
3.90222
1.00992
1.28127
1.32742
1.10468
1.20829
1.08247
1.8434
1.33538
1.10757
1.11343
1.01608
1.18996
1.93595
1.2663
1.2494
1.13149
1.42093
1.63879
4.4133
1.20912
1.8257
1.18753
1.34828
1.14747
1.26714
2.28967
1.46701
1.2455
2.02399
1.2435
1.10732
1.28965
1.46788
1.42834
1.01319
1.09441
1.24558
1.1848
1.17912
2.00252
1.03357
1.07656
1.45168
1.06836
1.1588
1.28935
2.08611
1.29038
1.75852
1.44568
1.84037
1.0124
1.19965
1.10189
1.21947
1.16612
2.20461
1.11645
1.11887
1.02039
1.18605
1.11974
1.16495
3.36967
1.0391
1.23877
1.16673
1.25991
1.175
1.2792
1.19499
1.15432
1.051
1.64327
1.00203
1.08058
1.09195
1.02172
1.23482
1.1756
1.20074
1.41879
1.10589
1.61586
1.50381
1.29873
1.40133
1.03929
1.06545
1.08951
1.43634
1.00841
1.13004
1.51211
1.00142
1.16287
1.48278
1.46416
1.39465
1.30873
1.20078
1.83849
1.43997
1.05529
1.03382
2.63418
1.04003
1.01528
1.78132
2.66262
1.02352
1.36346
1.2485
1.13765
1.32895
1.51522
1.10302
1.10842
1.02681
1.18256
3.11478
1.00598
1.28422
1.52193
1.56201
1.17192
1.0604
1.31602
1.65645
1.62636
1.6221
1.02285
1.96967
1.26698
3.05147
1.05796
1.69216
1.94143
1.22887
1.03413
1.68772
1.45332
1.17599
1.14894
2.03589
1.21853
1.37052
1.72481
1.42534
1.52334
1.6082
1.06334
1.31879
1.15734
1.01719
1.02744
1.0615
1.1254
1.0804
3.36493
1.44692
3.31223
1.55588
1.38821
3.19102
1.2138
1.4609
8.38917
3.66704
1.16803
1.30342
1.24313
1.16988
1.00519
1.02623
1.82266
1.21573
1.32887
3.92957
1.95015
2.91709
1.76484
1.22281
1.1471
1.07372
1.14195
1.19152
1.11385
1.81101
3.72206
1.13078
1.04025
1.31752
1.55502
1.13236
1.00448
1.25299
1.07837
1.77745
3.52996
1.73149
1.17972
1.07478
1.20162
1.31145
1.52851
1.5323
2.19737
1.36189
1.23001
1.49995
1.18285
1.0008
1.55904
3.00858
1.7842
1.00919
1.37492
1.02873
1.55848
1.0029
1.19389
1.10167
1.34143
1.14406
1.21389
1.25848
1.17492
1.22302
1.5404
1.16791
1.06326
1.2847
1.34987
1.66475
1.03231
2.36185
1.79089
1.20514
1.13885
1.26677
1.7413
1.09019
1.41499
1.34907
1.00386
1.26561
3.49472
1.01137
6.21364
1.02206
1.11417
1.92226
1.74714
1.01745
1.08147
1.04828
1.17764
1.01717
1.09447
1.05834
1.22337
1.09025
1.21682
1.95086
1.18049
1.53809
1.0129
1.09068
1.52344
1.55139
1.09963
1.03177
1.21188
1.20927
2.58867
1.27266
1.2914
1.01298
1.08963
3.4733
1.10547
2.34406
1.0425
1.01009
1.42084
1.1609
1.01479
1.28036
1.32811
2.00313
1.04319
1.83512
1.11805
1.29794
1.086
1.06766
2.6013
1.21123
1.21869
1.18642
1.26298
1.04447
1.00984
1.33954
1.34237
1.37048
4.14409
1.01401
1.04284
2.14353
1.40928
1.07393
1.12146
1.0721
1.69082
1.74456
2.71809
1.06401
1.06227
1.72013
1.49564
1.42531
1.29865
1.37965
1.04847
1.1243
1.12365
1.03516
1.13002
1.44405
1.0184
1.805
1.21229
1.04519
1.85179
1.38855
1.05838
1.99505
1.12042
2.07821
1.10779
2.06821
1.04878
1.16472
1.11989
1.00897
2.81505
4.48276
2.42588
1.8977
1.96614
1.7215
1.01522
1.50847
1.04148
1.24293
1.00437
1.42165
2.72435
1.15361
1.82263
1.74976
1.28219
1.61265
1.33798
1.45638
1.39792
1.90663
1.00135
1.09279
1.40175
1.29274
1.18235
1.90279
1.65811
1.0196
1.27015
1.22867
1.37539
1.14893
1.0088
1.76876
1.61815
1.01281
2.23279
1.10939
1.39466
1.70941
1.00902
2.65565
1.56355
1.04372
2.11908
1.20051
1.41829
1.3336
2.24338
1.05287
1.26749
1.60674
1.10095
1.9071
1.00604
1.14731
1.01388
1.20701
2.46023
1.0023
1.38314
1.09739
1.23892
1.13903
1.05042
1.37093
1.20751
1.92622
1.21041
1.37927
1.00837
1.59572
1.61748
1.04636
1.1662
2.19309
1.18312
1.75891
1.56896
1.67777
1.24107
1.931
1.93258
1.18613
1.18155
1.92335
1.53391
1.08888
1.1745
1.37985
1.06134
3.44847
1.02372
1.00542
1.52406
1.42421
1.42118
2.723
1.39525
1.62549
1.19682
2.24785
1.56401
1.02393
1.22234
1.32683
1.04037
1.31907
1.15644
1.02006
1.17904
1.70643
1.12485
1.08382
1.34411
1.61085
1.05834
1.01824
1.52308
1.38153
1.48833
1.88962
1.06489
1.18491
2.39992
1.02244
1.70173
1.37732
1.06289
1.00645
1.06829
1.2928
1.80129
1.07006
1.2427
1.40982
1.17634
1.15693
1.4438
5.80328
2.6303
1.21322
1.27736
1.54617
1.07774
1.15719
1.03682
2.00912
1.13345
1.80009
1.18348
1.25967
1.07017
1.52231
1.31146
1.07432
1.64809
1.1586
3.26886
1.29361
1.2414
1.18702
1.26317
1.11617
1.0749
2.31841
1.08965
1.07099
1.06685
1.15096
1.35304
1.25782
1.46023
1.13977
1.08187
2.00044
1.16586
1.029
1.42408
1.02962
1.53981
1.83362
1.78142
1.33896
1.14296
1.03165
1.98615
1.177
1.00251
2.85397
1.153
1.41608
1.14768
1.52163
1.16044
1.29577
1.92641
1.25381
1.27784
1.04605
1.17831
7.28506
1.16716
1.45894
1.14123
1.19579
1.01863
1.84061
3.77756
1.0098
1.4279
2.53929
2.90753
2.14896
1.34072
1.01154
1.57231
1.9172
1.04654
1.87397
1.64174
1.40534
3.58821
1.48706
1.58929
1.92672
1.93805
1.00448
1.58141
1.09832
4.13029
1.00407
1.74754
5.48335
1.112
1.25493
1.15969
1.37047
1.12128
1.59478
1.15161
1.68511
1.38134
2.27119
1.10326
1.55905
1.06678
6.77819
1.08826
2.46767
2.20124
1.01851
1.17349
1.04817
1.36473
1.10387
1.24866
2.54372
1.68103
1.07506
1.92668
1.13928
2.67432
1.49709
1.18176
1.69835
1.06161
1.00043
1.68217
1.37258
1.17666
1.53996
1.29869
1.21188
1.91702
1.05877
1.72274
1.44715
1.00668
1.04868
1.13164
1.67768
1.69942
1.41753
2.53672
1.7372
2.35215
1.00346
1.13841
1.08936
1.85705
1.09735
1.74299
1.5862
1.16474
1.12458
1.32953
1.55884
1.14286
1.03969
1.5988
1.05757
1.05974
1.75211
1.05745
1.12601
4.14351
1.37187
1.05518
1.15108
2.01208
1.93881
1.63999
1.03999
1.36932
1.14531
1.3283
1.36041
1.23984
1.36887
1.09908
1.31543
1.06737
1.2038
1.65391
1.10757
2.14088
1.39413
1.77437
1.18725
1.66045
2.13542
1.1731
6.18485
1.08806
1.03692
1.0623
1.45439
1.41944
1.48507
1.55546
1.36684
1.04432
1.05187
1.29012
1.24086
1.97876
2.21247
1.07948
1.19587
1.09205
1.09439
5.86137
1.21952
1.17502
1.23097
1.45329
1.03679
1.17453
1.52212
1.25217
1.2167
1.9359
1.1183
1.19269
1.30403
1.02131
1.04545
1.58696
1.63216
1.22335
6.5158
1.22066
1.16848
1.08355
1.56008
1.10686
1.19475
1.51671
1.02817
1.38802
1.19515
1.0631
1.25511
1.1475
1.0121
2.59101
1.088
2.03482
2.06743
1.58163
2.3936
2.64852
1.08911
1.12757
1.12179
1.46786
1.40581
1.05073
3.42316
1.18126
1.23781
2.14549
1.30441
1.07564
1.13634
1.09392
1.97766
1.19265
1.05539
1.16407
1.01277
1.01118
1.23077
1.61064
1.71896
1.73872
5.93572
1.0275
1.10145
1.29733
1.15921
1.24669
1.39039
1.0353
1.27412
1.81889
1.19413
1.15853
1.99694
1.0097
1.12444
1.02548
1.15459
5.3353
1.08614
2.25407
1.00595
1.30967
2.39432
1.41915
1.33423
1.13387
1.0522
1.13234
1.97303
1.07777
1.09064
1.35171
2.38438
1.12821
1.30607
1.15576
1.22821
1.1068
1.1049
1.00531
1.04198
1.4569
1.25085
1.18853
2.009
1.07363
1.12211
1.64033
3.73581
1.11711
1.10661
2.67917
1.32958
1.0769
1.78694
1.14883
1.76285
1.18725
1.0312
2.14863
1.30811
1.1764
1.01874
1.08171
2.11225
1.03772
1.19495
1.17481
1.81828
3.12692
1.6703
1.38509
1.02282
1.11885
1.38143
1.93643
1.63564
1.0698
1.07085
1.08782
1.98822
1.09686
1.2673
1.32246
1.96455
1.74218
1.08184
1.04665
1.00626
2.39735
1.15212
1.47576
1.07427
1.31596
1.15961
1.19013
1.24126
1.00023
1.00276
1.38997
1.40809
1.28613
1.21582
1.10534
1.46264
11.6128
5.3372
1.15082
1.13847
1.06
4.44243
2.18953
1.56681
1.048
1.54548
1.66573
1.2921
2.03347
1.92371
1.28743
1.66363
2.221
1.59526
1.21244
2.0732
1.47353
1.09048
1.34918
1.96326
1.09381
1.21265
1.471
1.7044
1.2302
1.13005
1.0911
1.86073
1.01114
1.06468
1.43605
1.12577
1.02839
1.31118
1.56764
1.75051
1.05728
2.41707
1.14488
1.20446
1.1567
1.14584
1.26494
1.22598
1.53597
1.58958
1.172
1.1983
1.41211
1.17893
1.03751
1.36233
1.78655
1.57972
1.66331
1.2719
1.15148
1.25865
1.05768
1.24332
1.03982
1.23962
1.45314
1.31146
1.29514
1.16489
3.68023
1.09675
2.17655
1.21599
1.74986
1.34735
1.14062
1.38878
1.53734
1.19388
1.14866
1.27374
1.7462
1.13816
1.45427
1.06471
2.08476
1.04032
1.11008
1.08713
1.27357
1.40482
1.7724
1.0423
1.18211
1.3682
1.04462
1.16035
1.4446
1.5087
1.99721
6.52593
1.09548
1.11553
1.44455
1.09524
1.27061
2.02616
1.05206
2.63323
1.29046
1.93337
1.03292
1.08997
1.25246
1.13517
1.01361
1.35277
1.19511
1.39332
1.37881
1.14213
1.45241
1.28645
8.41501
3.04082
1.05615
1.09785
1.65273
1.01643
1.34602
1.72916
1.98396
2.76466
1.14322
1.2234
6.90427
1.00938
1.55782
2.26901
1.1343
2.09172
2.33139
3.00885
1.43684
1.7416
2.30765
1.09077
1.63573
1.61837
1.15924
1.1816
1.99001
3.27381
2.96242
1.40401
1.12957
1.16051
1.01436
1.36227
1.04349
2.06475
3.97657
1.17472
2.04954
1.13165
1.06509
1.0768
1.13492
1.23526
1.74775
1.87224
1.02534
1.44608
1.20032
1.13476
1.76728
1.16236
1.01637
1.04753
1.85061
1.43318
1.16067
1.11779
1.10032
1.93386
1.0047
1.59689
2.28756
1.24092
1.42882
1.44875
1.461
2.51116
1.9418
1.20736
1.01738
1.33147
1.46834
1.15816
1.54675
1.00029
2.04104
1.66897
1.18528
2.06875
3.0175
1.08259
1.02425
1.67678
1.23989
1.93689
1.04055
1.07145
1.02101
2.76958
2.90175
1.15021
1.14434
1.61792
1.68365
1.15418
1.12932
1.11409
1.68751
2.26626
1.58667
3.61058
1.36897
1.07249
1.13334
1.60868
1.01295
1.05679
1.19713
1.31423
1.12737
1.29762
1.02482
1.07629
1.11249
1.12198
1.35528
1.02893
1.22778
1.24624
1.1152
1.36572
1.17183
2.99921
1.06548
1.13183
2.77528
3.33839
1.06132
1.01709
1.06373
1.27037
1.26999
1.10082
1.8077
1.23162
2.24724
1.5072
1.21364
1.24973
1.44881
1.09119
1.09338
1.03459
1.31293
1.18956
1.03954
1.15613
1.22634
1.29882
2.16797
1.20746
1.09397
1.83828
1.06414
1.04882
1.12484
1.19931
1.00976
1.42471
3.66745
1.34708
1.20658
1.13939
1.2021
1.9203
1.05723
1.06847
2.26776
2.00766
1.14847
2.18142
1.91678
1.75815
1.30316
1.42242
1.53365
1.22759
1.11438
1.10982
1.10062
1.67947
5.64498
1.1631
1.01282
1.09628
1.07837
2.32493
1.1502
1.1331
1.0474
1.29121
2.32488
2.24538
2.52795
2.41928
1.00524
1.00391
1.01167
1.15179
1.20127
1.64164
1.4404
1.18457
1.01646
1.33774
1.39094
1.26107
1.24152
1.31017
1.6118
1.03034
1.32538
2.02562
1.54872
2.01546
1.04432
1.67809
1.07339
1.16574
1.07544
1.26795
1.39572
2.87673
1.29307
1.09055
1.4067
2.9613
1.33752
1.09365
2.08075
1.3484
1.80419
1.27287
1.18911
2.46028
1.05843
1.68897
1.02954
1.07757
1.07052
1.33562
1.14063
1.10511
1.15826
1.15335
1.19704
1.21972
1.0805
1.06867
1.11949
2.07409
1.1783
1.0912
1.08936
1.01079
1.06446
1.30746
2.21102
2.12107
1.04587
1.99424
1.28218
1.14407
1.05619
1.21984
1.31984
1.20967
1.362
1.6666
2.46208
1.82199
1.15031
1.00208
1.12793
1.47869
1.03834
3.03079
1.96175
1.07426
1.14124
1.21601
1.02941
1.44322
1.82827
1.88431
1.03329
1.26736
1.38372
1.74846
1.27037
1.04436
1.73901
1.30488
1.50368
1.25853
1.30683
6.98032
1.67465
1.22339
1.09708
1.84127
1.30197
1.10156
1.47262
1.9982
1.02694
1.15056
2.14292
8.07082
1.10043
1.18337
1.00391
1.36482
1.52577
1.95583
2.11487
1.08386
1.21749
1.54993
1.38543
1.03856
1.29694
2.13051
1.02141
1.31749
3.17784
1.10063
1.00504
2.51126
1.40246
2.36621
1.00192
1.01107
1.49651
1.22742
1.04033
1.22599
1.02077
1.09869
1.50277
1.11428
1.2076
1.54698
1.01859
1.27539
1.11651
1.00506
1.46759
2.13257
1.42933
1.81242
1.0423
1.32523
1.06718
1.29102
1.09508
1.06852
1.09962
2.16241
1.56966
1.07854
1.09211
1.1533
1.23255
1.32827
1.00175
1.5887
1.03296
1.03108
2.85548
1.25065
1.03711
1.52706
1.17527
2.15751
1.61079
1.01804
1.9881
1.71366
1.06336
1.02035
1.49869
1.21893
1.49851
1.22284
1.02234
1.02789
1.46135
1.11108
1.18388
1.0058
1.32171
1.09416
1.13591
1.11259
1.16896
1.01128
2.69105
1.40985
1.17401
1.58624
1.17062
1.12327
1.96417
1.12779
1.60299
1.10584
1.16156
1.71209
1.52058
1.6109
5.04811
1.60088
1.6462
1.41295
1.01273
1.66041
1.30121
1.02172
3.21441
2.43717
1.45244
2.31327
1.05402
1.26136
1.12902
1.25536
1.36003
1.23755
1.10787
1.04674
1.63677
2.25827
1.74668
2.20531
1.5239
1.43855
1.34557
1.36115
1.52066
1.63464
1.14312
1.01752
1.44647
1.35491
1.01077
1.28165
1.27464
1.06325
1.10115
1.48725
1.18343
1.2253
1.48627
1.08078
1.15555
1.16837
1.48439
1.34159
1.0316
1.13457
1.24536
1.51482
1.09016
1.63665
1.08787
1.11638
1.10195
1.01823
1.0497
1.1425
1.05394
1.61151
1.00825
1.21261
1.01225
1.66643
1.0051
1.16087
1.22631
1.29755
1.38183
1.44366
1.28976
1.39727
1.1129
1.45732
1.1815
2.30865
1.00959
1.02524
1.47096
1.16634
1.94781
1.17914
1.80854
1.33266
4.60085
1.06925
1.10925
1.34075
1.07812
1.10343
1.07912
1.02825
1.02488
1.00458
1.22378
1.63212
1.26065
2.48487
1.44983
1.07946
1.08702
1.53848
1.19765
1.59137
2.51806
1.03716
1.55539
1.376
1.06769
1.04171
1.46275
2.12606
1.41244
2.04144
1.02639
1.25705
1.05334
1.22136
1.16415
1.39705
1.0478
1.01029
1.35011
1.19156
1.86683
1.20329
1.01455
1.44139
1.3483
1.27451
1.6355
4.22506
1.08183
1.03461
2.27849
1.19036
1.09027
1.0061
1.06327
1.02241
1.91404
1.01655
1.02102
1.16907
1.20019
1.00669
1.16007
1.07752
1.97429
1.13856
1.04617
3.35172
1.21312
1.32729
1.38114
1.92246
1.12583
1.23359
1.7018
1.08338
1.47228
1.2341
1.43863
1.87463
1.31775
1.3842
1.63601
1.31649
1.81892
1.30478
3.25917
1.53043
1.24058
1.32636
1.87355
1.29548
2.58109
1.75217
1.1206
1.19318
1.53987
2.40982
1.89182
1.19695
1.32538
1.40812
1.03994
1.42575
1.66154
1.07251
1.20688
1.18803
1.15888
1.46946
1.15257
1.13134
1.16268
1.45991
2.73876
1.25585
1.61476
1.96351
1.09782
1.10591
1.10785
1.18484
1.05191
1.07167
1.08828
1.47718
2.00123
1.10502
1.55149
1.41303
1.2165
1.80309
1.9201
1.1763
1.28855
1.16618
3.66542
1.77215
1.83449
1.58963
1.67726
1.44513
1.00437
1.74619
1.12826
2.04998
1.07559
1.04854
1.40426
1.00626
3.0948
1.54922
1.02969
3.23662
1.24075
1.09022
5.18709
1.06567
1.12371
3.91958
1.69823
1.93966
2.7788
1.63939
1.09281
1.40035
2.1295
1.13223
1.484
1.1792
1.87839
1.0065
1.26919
1.06493
2.78258
1.25456
1.93111
5.82842
1.1054
1.08537
1.70096
1.41584
1.14106
2.56794
1.72417
1.28725
1.00652
1.54273
1.00025
1.23726
1.23401
2.59578
1.09402
1.19691
1.93153
1.43944
1.41801
1.78759
1.11416
1.06022
1.56624
1.44136
1.96422
1.45467
1.15555
2.08492
2.10345
1.50844
1.69311
2.47463
1.06075
1.18812
1.30481
2.27298
2.60425
1.00066
1.02692
1.17484
1.38979
1.06935
1.03267
1.17049
1.11807
1.04101
1.43188
1.0051
1.03599
1.16198
3.05568
1.10709
2.03646
1.21691
1.57975
1.55286
1.12992
1.03378
1.28743
1.08576
2.51161
1.07229
1.50627
1.10081
1.06946
1.12386
1.02898
1.06563
1.14083
1.30852
1.38119
1.19791
1.11873
3.1834
1.21956
1.39525
1.97063
1.17239
1.752
1.00591
1.04573
1.12189
1.81471
1.00429
1.11612
2.90396
1.19808
1.58402
1.08235
1.20418
1.12828
1.67697
2.62893
1.35439
1.65279
2.55367
1.28643
1.77838
1.27707
1.05969
1.0606
1.63084
1.17813
1.36988
1.0499
1.82538
1.16816
1.54268
1.00168
1.013
1.09688
1.16832
1.56306
1.40674
1.14457
3.01714
1.2702
1.06648
1.62715
1.60967
1.12542
1.6245
1.28834
1.05814
1.45745
1.16183
1.3612
1.27954
1.95772
1.04296
1.13457
1.6196
1.34735
1.20102
1.09533
1.0202
1.06467
1.0321
1.26415
1.20807
1.18484
1.27439
1.93525
1.25529
1.12317
1.26289
1.83212
1.20922
1.29826
1.05731
1.35372
1.09435
1.00672
1.21182
1.15241
1.11428
1.11813
1.03474
1.01215
1.11579
1.01027
1.03282
1.11019
1.0313
2.81601
2.38636
1.34848
1.51335
1.20172
1.60513
1.02463
1.42271
1.68544
1.03593
1.13342
1.24731
3.11361
1.22279
1.69005
1.69897
1.76115
1.60926
1.52558
1.12769
1.13184
1.18294
1.23687
1.34634
1.02629
1.09539
1.39414
1.1153
1.51111
1.52663
2.95173
1.15996
1.2046
1.22213
2.33348
1.62707
1.24068
1.23547
1.314
1.07189
1.0082
1.04629
1.06918
1.04512
1.06967
1.56294
1.49502
1.38299
1.73675
1.03941
1.12096
1.10305
1.30912
1.84689
1.59054
1.04704
1.23863
3.68997
1.17263
1.99994
1.1163
1.5784
1.08383
1.91767
1.60328
1.20643
1.17481
1.6177
1.17127
1.41356
2.42578
1.2425
1.00712
1.0927
1.1728
1.4477
2.10244
1.91905
1.62559
1.62424
1.03012
1.12948
1.51953
1.00211
1.65618
1.00516
1.17617
1.08957
1.15876
1.02887
1.41614
1.22048
1.07873
1.21718
1.05183
1.05749
1.29807
1.87277
1.00393
1.39977
1.1408
2.17947
1.12842
2.20493
1.67582
1.6616
1.74697
2.22798
1.02655
1.5058
1.13523
1.30759
1.03564
1.40922
2.48786
1.68073
1.09639
1.25322
1.68357
1.20931
1.11002
1.09978
1.39933
2.00479
2.58541
1.68368
1.01719
1.12671
1.01292
1.06682
1.30946
1.19089
1.08197
1.15308
1.12765
1.28446
1.14755
1.31225
1.11902
3.21738
1.14574
2.20755
1.74159
1.39145
1.0619
1.20616
1.07243
1.24987
1.07733
1.22996
1.20679
1.16242
1.14688
1.87518
1.10918
1.24697
2.10992
1.47276
1.06994
1.40176
1.11205
1.993
1.00205
1.41343
1.01364
1.12031
1.03186
1.79267
1.20799
1.97481
1.35789
1.01305
1.24721
1.22182
1.40286
2.08534
1.44689
1.01957
2.66086
1.11383
2.06371
1.47168
3.47148
1.71863
1.04676
1.13131
1.08161
2.64225
1.07271
1.0012
1.47347
1.24234
1.18644
1.04348
1.10038
3.8458
1.1936
1.16146
1.0902
1.1102
1.63933
3.20732
2.53324
1.0232
1.12006
1.31628
1.27466
1.43829
1.00659
1.00079
1.38824
1.26295
1.11221
2.38341
3.12928
2.4067
1.48217
1.24221
1.56014
1.89446
1.0066
1.05414
2.82454
2.02193
1.02257
1.23623
1.08332
1.12388
1.2412
1.2693
1.17676
1.09408
1.00143
1.22138
1.09636
1.34415
2.2164
1.13261
2.3316
1.16677
1.69273
1.4187
1.79471
1.4699
4.26148
1.5164
1.37421
1.34501
1.22198
1.10273
2.36037
1.40226
1.2194
1.21879
3.02363
2.34978
1.09066
1.4277
1.23477
1.9641
1.06701
1.38429
1.07496
1.0639
1.45094
1.52779
1.37612
1.12015
1.21674
1.25385
1.71299
1.79489
1.0815
2.34044
1.30784
1.57819
1.55563
1.2548
1.4012
1.35312
1.02484
1.04749
1.28835
4.73436
2.3229
1.54596
1.06038
1.10063
1.45579
1.06306
1.59227
1.51521
1.00872
1.05463
1.2363
2.15019
1.83732
2.23561
1.00045
1.00259
1.01805
1.98851
1.28987
2.95283
3.59026
1.05393
1.16788
1.95923
1.16767
1.11685
1.20066
1.15411
2.87157
1.22179
1.38008
1.81783
2.60583
1.19697
3.37238
1.75096
1.16226
2.615
1.0147
1.20311
1.58233
1.16897
1.3696
1.08509
1.63426
1.08133
1.01445
2.27141
1.31694
1.07909
1.10013
1.30153
1.01659
3.18498
1.37028
1.32503
1.16017
1.76857
1.47849
1.03176
1.21479
1.58685
1.69279
1.3989
1.19819
1.14222
1.45021
1.58182
1.63523
2.04453
1.02968
1.1593
1.77452
1.0523
2.40355
1.14637
1.30078
1.09627
1.03695
1.47205
1.00277
1.29718
2.81134
1.28006
1.07493
1.01883
1.53562
1.39789
1.41749
1.0578
3.08552
1.19794
1.84231
2.40486
1.26061
1.02712
1.00263
1.58964
1.14223
1.14608
1.53124
1.35863
1.25521
1.01184
1.31666
1.01705
1.84554
1.05293
1.11145
2.58461
1.37011
1.42189
1.75124
1.164
2.27477
1.31762
1.22387
1.77348
1.03644
1.17244
1.69383
2.05
1.21444
1.24144
1.10871
1.30766
1.35991
1.24219
1.73647
1.34659
7.40491
4.20346
1.45847
1.23936
1.00958
1.08697
2.83101
1.40719
1.56236
1.64613
2.9487
1.31918
1.79414
1.08823
1.95196
1.45717
1.68776
1.0356
1.26578
1.29126
1.2295
3.25777
1.48397
5.56126
1.28476
1.0104
1.37918
1.04541
1.58323
1.01992
1.10384
1.11052
2.38704
1.14075
1.51635
1.35016
1.43202
1.2198
1.12492
1.07608
1.01569
1.35158
1.27745
1.12888
1.32353
1.32407
1.33858
1.18655
1.00299
1.97548
1.387
1.00335
1.38056
1.38567
2.04382
1.24422
1.26342
1.63405
1.67804
1.09047
1.0675
1.68867
4.0229
1.65343
1.49553
1.96655
1.25246
1.72301
1.17499
1.0382
1.33498
1.29768
1.6954
1.41603
1.70125
1.03346
1.70763
1.02286
1.58697
1.07066
1.58904
1.51479
1.2636
1.53379
1.00882
1.25152
1.07167
1.74541
3.10919
1.16562
1.23725
1.21651
1.20172
1.57186
1.03791
1.05361
1.24512
1.39254
1.22775
2.86518
1.0111
1.68838
1.00448
1.01342
2.14775
1.3001
2.07437
1.24122
1.09661
1.4625
1.07304
1.33605
1.80489
1.00899
1.14274
1.32102
1.45694
1.08768
1.41667
1.14886
1.57472
1.31693
1.45336
1.40228
1.10541
1.20642
1.06421
1.17059
1.44244
1.32932
1.33261
1.15715
1.35603
1.02899
2.16219
1.24257
1.48412
1.18223
2.24653
1.21725
1.69658
1.16493
1.54601
1.11111
1.42259
1.02725
1.7829
1.37482
1.4118
1.19966
1.55218
1.31279
1.159
1.00327
2.07922
1.12028
2.79874
1.17859
1.41837
1.78049
1.04131
1.85468
1.28779
1.25934
1.05888
1.17326
1.38014
1.29974
1.13174
1.20639
1.2129
1.06813
1.20804
1.09288
3.45213
1.18141
1.14813
1.06088
1.07462
1.2426
2.76355
2.88568
1.89451
1.22373
1.23825
1.82931
1.15852
1.74318
1.18622
1.04931
2.6162
1.4466
3.01058
5.12286
1.33032
1.19019
1.356
1.39311
1.10082
1.46244
1.33774
1.0135
1.3912
1.13117
1.0465
1.43294
1.63467
1.36377
1.15571
1.28607
4.75778
1.07191
1.12323
1.00823
1.11324
1.01811
1.21667
1.12533
1.07252
1.01493
1.36479
1.02351
1.00143
1.3655
1.06979
1.4561
1.43727
6.65958
1.84933
1.10637
1.35564
1.15711
1.24329
1.09202
1.21225
1.88213
1.11246
1.02435
1.50482
1.14297
1.03392
1.12433
1.4184
1.07878
1.02425
1.12513
1.83254
1.33415
1.01515
1.62467
1.18567
1.07905
1.02546
1.05635
1.05319
1.01068
1.14133
1.69963
1.09388
1.13822
1.33948
1.07175
2.04874
1.22762
1.20432
2.79957
1.09415
2.54264
1.22136
1.06996
1.10264
1.0223
1.66281
1.24791
1.02621
1.03525
1.16091
1.09229
1.08024
1.93376
1.59228
1.34895
2.27452
1.19939
1.46677
1.00029
1.0236
1.24441
1.02019
1.06052
1.07795
1.83323
1.80037
1.08204
1.64465
1.44952
1.39295
1.6591
1.02189
1.1288
1.05293
1.28941
1.05359
1.20568
1.03517
1.32217
1.02768
1.95411
1.77405
1.11021
1.12737
1.00927
1.11096
1.50278
1.35627
1.17339
1.08058
1.09532
1.3693
1.43639
1.91951
1.38307
1.07588
1.02102
1.54574
1.36223
1.43493
1.92278
1.34895
1.0616
1.34453
1.09555
1.56121
1.05324
1.23996
1.04238
1.14721
1.68096
1.23305
1.03975
1.65368
1.74741
2.56487
1.76652
1.10224
1.09371
1.14488
1.32351
1.14426
1.70063
1.013
1.10233
1.293
1.1326
1.13744
1.21408
2.38696
1.25207
2.08506
1.23723
1.69434
1.78832
1.06978
1.04573
3.48711
1.15241
1.04205
1.36507
2.86626
1.98546
1.43731
1.04437
1.09935
3.18907
1.10909
1.21498
1.35211
1.17517
1.62899
1.16047
1.01449
1.31069
1.4314
2.47065
1.42941
2.31178
1.94841
1.06479
1.05974
1.28611
4.75026
3.19642
1.11278
1.323
1.13792
2.67373
1.04158
1.91221
1.27378
1.93027
1.4233
1.1809
1.06183
1.17606
1.17114
1.57199
1.57248
1.10002
1.22467
1.78608
1.11893
1.14763
1.69741
1.42674
1.10211
1.55298
1.42328
1.22069
1.16574
2.21275
1.13567
1.42045
1.36422
1.39878
1.37596
1.11102
1.00889
1.00223
1.04316
1.01335
1.07412
1.75079
1.01539
1.12067
1.8024
1.21263
2.23772
1.10266
1.43491
1.14728
1.05973
1.37961
1.03564
1.01522
1.45253
1.89274
1.43985
2.31464
1.24764
1.03146
1.34208
1.16202
1.39908
2.55424
1.67037
1.40574
1.26251
1.11133
1.28129
1.16427
1.24418
3.34568
1.09968
1.03319
1.03233
1.49754
1.3073
1.2309
2.19971
1.17082
1.14441
1.05628
1.02217
1.11036
1.81775
1.51611
1.12665
1.12918
2.50747
1.10801
1.09619
1.32882
1.00328
1.1302
1.90703
1.36743
1.68592
1.45885
1.42319
1.10787
1.07797
1.73797
1.45989
1.0255
1.09305
1.14101
1.40658
1.07157
1.06836
1.05101
1.04077
1.01053
1.42213
1.22912
1.22538
1.19489
1.00513
1.01007
1.01077
1.22138
1.23272
4.26602
1.24306
1.43401
1.08026
1.11768
1.11294
1.02865
2.32724
1.0524
1.40683
2.39117
1.00393
1.16281
1.42113
1.2793
1.02575
1.49323
1.23411
1.20759
1.15824
1.52174
1.07865
1.34531
1.81227
1.39583
1.08954
1.26828
1.6314
1.07792
1.09407
2.7931
1.15416
1.17198
1.07537
1.48055
1.28206
1.71643
1.37717
1.2668
1.72429
1.20734
1.41236
1.03655
1.27557
1.703
1.02721
1.35826
1.26559
1.05641
1.04916
1.02546
1.53582
1.08039
1.329
1.28865
1.44014
1.05503
1.09549
1.13931
2.91324
1.08735
1.02565
1.38261
1.54623
1.36456
1.07112
2.62878
1.1665
1.0569
1.11571
6.78045
1.14012
1.10702
1.00305
1.52969
2.21374
1.32473
1.06751
1.03596
1.03892
1.12766
1.06644
1.1733
1.04531
1.64145
1.03653
1.14673
1.06759
1.57021
1.3104
1.57759
2.76564
1.3155
1.69245
2.48447
1.34583
1.18319
1.3909
1.4357
1.43917
1.05717
1.5506
1.66987
1.52877
1.0581
2.4653
1.28798
1.09634
1.20453
1.19695
1.00989
1.36981
1.71969
1.4607
1.28691
1.02557
1.2074
1.06708
1.51722
1.06472
1.26005
1.92618
1.14645
1.24373
1.00155
1.14174
1.07977
1.32165
1.30055
1.59212
1.02586
2.18648
1.0487
1.23433
1.17387
1.05642
1.16527
1.34685
1.12885
1.34369
1.07142
1.25219
1.19568
1.3665
1.32332
1.07728
1.29656
1.09266
1.10227
1.29047
2.34063
1.11528
1.55452
1.88078
1.0129
1.45487
1.43338
1.32434
1.13327
1.13469
1.07033
1.00016
1.89204
1.79272
1.46084
1.20954
1.74474
1.03623
1.38447
1.06434
1.19466
1.20627
1.07766
1.57346
1.28475
1.28734
2.93214
1.12262
1.15583
1.11266
2.14976
1.04875
2.39388
2.24876
1.50838
1.34237
1.13117
1.05107
1.27167
1.18274
1.02223
1.09709
1.2118
1.31755
1.18754
1.58626
1.00522
1.31798
1.44443
1.64633
1.31801
1.69626
1.1535
1.15585
1.09199
1.11831
1.15118
1.03049
1.09934
1.08682
1.11878
1.09061
1.28866
1.0867
1.10957
1.19984
1.01762
1.2363
1.12877
1.24353
1.26392
1.29931
1.59477
1.07503
1.12462
1.0561
2.06611
1.41712
1.00106
1.16335
1.14632
1.2184
10.6829
1.43275
1.19118
1.97781
1.07359
1.32206
1.42395
1.13203
1.35083
2.38144
1.13815
1.92687
1.46011
1.2048
1.14951
1.24814
1.22878
1.00168
1.63977
1.0562
2.28527
3.01451
1.15076
1.50536
1.12354
1.00434
1.01187
1.7541
1.11273
1.20847
1.01055
1.12529
1.25501
1.0282
1.40308
1.20845
1.00305
1.6138
1.49106
1.43704
1.12387
1.13254
1.4626
3.40491
1.11468
3.81175
1.20671
1.16914
1.11189
1.49184
1.09859
1.27611
1.4138
1.81268
1.03569
1.93574
2.18543
1.954
1.32615
1.05447
1.04409
1.56585
2.15364
1.13671
1.92942
2.50744
1.41193
1.10507
1.09769
1.08672
1.41624
1.08882
1.08489
1.98218
1.50774
1.71129
1.31922
1.19736
1.06929
1.90204
1.16817
2.03975
1.01987
1.15015
1.26136
1.04148
1.47096
1.16497
1.02003
1.49519
1.4342
1.01464
1.24557
1.12791
1.09123
1.68524
1.53477
1.05759
1.48487
1.37199
1.3174
2.09228
1.49555
1.05001
2.23144
1.79784
1.25599
1.02734
1.72597
1.02417
1.66513
1.82945
2.18067
1.15658
1.3015
1.09661
4.62094
1.05445
1.04556
1.05572
1.02845
1.09526
1.18304
1.19055
1.52373
1.30162
1.37776
1.31198
1.15958
1.35166
1.74944
1.04203
1.75423
1.04353
1.139
1.23647
1.87058
3.39323
1.29291
1.19005
1.39672
1.21399
1.3737
1.75574
1.08616
1.15387
1.03771
1.01525
1.24481
1.01388
1.39025
1.16267
1.42929
1.03832
1.43735
1.17086
1.02145
1.33475
1.73346
1.25338
1.08718
1.03569
1.2108
1.07753
1.06159
1.55452
1.57091
1.74051
1.09424
1.72491
1.38294
1.6367
1.09284
1.13397
1.46026
1.02689
1.3372
1.16721
1.11899
1.88124
1.03747
1.06376
1.41124
1.31643
1.33725
1.04436
1.08704
1.37024
1.57042
1.12504
1.08307
1.11243
1.47269
1.6992
1.4694
1.15321
1.46398
1.29186
1.32672
3.78516
1.19312
1.02847
1.55169
1.00032
1.14347
1.39837
1.35161
1.48842
1.50061
1.4214
3.23849
1.96104
1.25965
1.0169
1.06975
1.1261
1.11702
1.16671
1.00565
1.16021
1.28823
1.05085
1.26273
2.78387
1.07998
1.12204
1.36489
1.59777
1.43873
1.37102
1.03554
1.80022
1.59068
1.44156
1.06821
1.32733
1.55077
1.00365
2.31149
2.69315
1.864
1.82154
1.04095
1.58863
1.61879
1.00984
1.03427
1.0498
1.06417
1.75275
1.07529
1.30421
3.27286
1.58339
1.60086
2.68642
1.09481
1.06793
1.03612
1.18689
1.17978
1.79494
1.35007
1.09798
1.41253
1.71474
1.28325
1.01368
1.08907
1.06408
1.15405
1.09281
1.01067
1.41406
1.95165
1.12836
1.22509
3.50098
1.17104
1.59644
1.11343
1.47036
1.536
1.65209
1.917
1.81766
1.44435
1.13175
1.74117
1.27252
1.63287
1.04437
1.01406
1.05605
1.21793
1.05869
1.26017
1.13577
2.5378
1.45795
1.16339
1.04729
1.24278
1.19577
1.005
1.91645
1.19492
1.06328
1.84761
1.09631
1.03006
1.47282
2.25259
1.07169
1.61753
1.21949
1.06015
1.34244
1.78916
1.03184
1.69004
1.64017
1.68808
1.31598
1.26392
1.46613
1.20613
1.17702
1.55681
1.69973
3.52097
1.00067
1.32846
1.31454
3.97712
1.39147
1.07111
1.70959
1.26085
2.16824
1.07001
1.10487
1.13038
1.05362
2.10721
1.00325
1.31797
1.0279
1.88366
1.13119
1.34269
1.08695
1.26646
1.29534
1.16501
1.40211
1.06567
1.01769
1.20584
1.49362
1.64481
2.22768
1.0075
1.16225
1.20687
1.02746
1.51769
1.83532
1.85148
1.10875
1.43835
2.48687
1.41402
2.06452
1.13572
1.07264
1.68282
1.31629
2.44648
1.0383
1.30039
1.18315
1.53148
1.06265
1.39527
1.19572
3.27029
1.27407
1.45384
1.12636
1.56469
1.49646
1.02512
1.41528
1.51637
1.88118
1.17328
3.60347
1.06182
1.01536
1.15921
3.23242
1.98787
1.57838
1.26037
1.12554
1.92184
1.60926
1.07716
1.23247
1.99284
1.26408
1.54618
1.26639
2.01485
1.31372
1.18265
1.08438
1.05249
1.1567
1.33246
1.07796
1.38637
1.8364
1.05009
1.21696
1.89509
1.0496
1.35215
1.01403
1.22917
2.08775
1.161
1.0665
1.04945
1.08672
1.03584
1.22871
1.2509
1.20544
1.94782
1.20612
1.18747
1.46838
1.40414
1.17087
1.12148
1.04342
1.17636
2.06182
1.21703
1.54273
1.04636
1.57127
1.13012
1.06033
2.33265
1.34485
1.21964
1.72564
3.38038
1.24248
1.10517
2.25867
3.17377
1.16938
1.11481
1.43597
1.19731
2.88773
1.2077
1.12807
1.78524
1.38588
1.51808
3.2767
1.00894
1.00876
3.05288
1.09782
1.01522
1.07394
2.19055
1.34674
1.87876
2.78885
1.36951
1.36841
2.16493
2.86789
1.75293
1.37963
1.06373
1.38934
1.15191
1.12637
1.17529
1.08042
1.42882
1.22831
1.98987
1.09455
1.22487
1.14368
1.01441
1.12556
1.26337
1.82058
1.04682
1.29919
1.13769
2.03198
1.7551
1.51725
1.33434
1.0924
1.05242
1.32691
2.40554
1.06745
1.19642
1.55374
1.13423
1.37997
3.4998
1.27578
1.51746
1.47937
1.84389
1.36382
2.91887
1.03948
1.26049
1.11338
1.25613
1.20788
1.10279
1.23572
1.29551
1.35623
1.15842
3.04191
1.51846
1.03009
1.21332
3.60375
1.00823
2.28475
2.74822
1.09046
1.11141
1.16384
1.66112
1.01401
1.12461
1.09723
2.07768
1.0802
1.05245
1.07817
6.1353
1.14208
1.90857
1.10242
2.46527
2.34261
1.03174
1.08883
1.03254
1.83205
1.00038
1.03978
1.09347
1.33214
1.1607
1.21712
1.95328
1.31673
1.44682
1.20074
1.04786
1.05425
1.20742
2.15625
1.1297
1.28395
2.42834
1.23262
6.53435
1.41807
1.27808
1.09679
1.22182
1.32047
2.8142
1.12617
1.5546
1.18339
1.0519
1.04497
1.34853
1.04407
1.19134
1.62836
1.24849
1.09525
1.33995
1.27737
1.31939
2.0336
1.31697
1.07348
1.35521
1.08181
1.81338
1.23337
1.79817
1.22699
1.46022
1.12021
1.26491
1.05237
1.00423
2.20862
1.4757
1.06399
1.58005
1.65574
1.08585
1.03136
1.00989
1.5416
5.75547
1.22324
1.0789
1.00593
1.38084
1.03166
1.06322
1.12734
1.4476
2.40759
1.27195
2.198
1.73544
1.0093
1.08696
1.3776
1.18154
1.22917
1.03351
3.86523
1.42351
1.07715
1.35874
1.15633
1.25383
1.39365
1.48964
1.45175
1.23738
1.08529
1.60314
1.96346
1.04791
1.19579
1.22866
2.38614
1.76597
1.43757
2.55248
1.06771
1.07034
1.33804
1.21398
1.41956
1.01917
1.07447
1.1664
2.08811
1.11615
3.02961
1.16442
1.53573
1.28257
1.40834
9.51398
1.57373
1.10853
1.58076
1.70013
1.02042
1.24676
1.63455
1.8487
1.37607
1.26801
1.17765
1.56702
1.19819
1.66761
1.03649
1.19141
2.90436
1.14065
1.01081
1.12706
1.32647
1.10892
1.19244
1.98618
1.05983
1.35458
1.25507
1.08011
1.20184
1.21454
1.25337
1.14357
1.32505
1.17601
1.00509
1.01413
1.04668
3.92039
1.18265
1.04367
1.05151
1.1927
1.32894
1.59345
1.05894
1.06235
1.22872
1.12912
1.80265
1.64315
1.67083
1.12322
1.8415
1.26479
1.13253
2.72367
1.05472
1.08735
1.13383
1.11756
1.25573
1.04931
1.496
1.33164
1.08652
2.3463
1.23147
1.32174
5.3206
1.2767
1.01422
1.43493
1.22027
1.179
2.84624
1.13533
2.24714
3.91098
1.18786
1.01759
1.26523
1.16295
1.05298
1.14735
1.18359
1.29912
1.8845
1.76278
1.92015
1.04116
1.04017
1.28596
2.24813
1.07701
1.63293
1.04629
1.72571
1.92
1.12772
1.11606
1.05356
1.24252
1.14058
2.40586
1.16838
2.6787
1.01556
1.9426
1.14081
1.14159
1.57549
1.57695
1.05652
1.32709
1.40837
1.23713
2.8229
1.02139
1.07877
1.66742
1.80517
1.08688
1.23138
1.27762
1.12038
1.12917
1.15755
3.40879
1.14435
1.00477
1.01744
5.84734
1.44071
1.13003
1.24245
1.13317
1.76874
1.17939
1.45541
1.20792
1.1986
1.92089
1.20548
2.65489
1.27762
3.07304
1.05575
1.65201
1.34791
1.06087
1.46103
1.0663
3.58526
1.5584
1.28308
1.00313
2.16583
1.45375
1.24846
1.41384
1.30546
1.12156
1.07112
1.13698
1.25754
1.04758
1.00457
2.65658
1.40279
1.06941
1.00631
1.20618
1.45122
1.63166
1.09777
1.17672
1.28203
1.47123
1.05994
1.763
1.2658
1.06259
1.162
2.74978
1.04112
1.11334
1.57613
1.15016
1.16557
1.32335
1.17676
1.40993
1.03299
1.13014
1.83111
2.08528
1.0357
2.01249
1.11914
1.0358
1.19336
1.03788
1.52654
3.66642
1.3608
1.13073
1.62514
1.35408
1.03072
1.56294
1.25058
1.63445
2.05121
2.69469
1.49803
1.62321
1.16116
1.73224
1.01914
1.14243
1.05797
1.61289
1.1968
2.7746
1.04798
1.04748
1.36782
1.0549
1.05101
1.08506
1.09063
1.45633
1.11785
1.09242
1.08748
3.14481
1.29319
1.62645
1.03388
1.408
1.33378
1.38929
2.30857
1.11677
1.02232
2.10342
1.85616
1.12218
1.8563
1.43182
1.51226
1.27308
3.00584
1.14101
1.50284
1.02367
1.09658
1.52663
1.37726
3.79486
1.02419
1.01679
1.08706
1.11273
1.03349
1.04848
1.05013
6.77195
2.22489
2.77945
1.62365
1.33867
2.23755
1.10412
2.10111
1.42993
1.20523
1.01944
1.03121
1.21838
1.48435
1.83487
1.04774
1.66339
1.25002
1.11457
1.09628
1.24403
1.79604
5.53679
1.66277
3.34486
1.06802
1.09412
1.0637
1.87916
1.01281
1.18359
1.99786
1.44274
1.03857
1.77395
1.04846
1.73062
1.10491
1.11584
1.34048
1.17197
2.13618
1.35167
1.06597
1.0275
1.59077
2.94202
1.65118
1.40732
1.55488
1.57791
1.27605
1.48533
1.173
1.89742
1.03365
1.46275
1.34185
2.22726
2.67703
1.05553
1.48452
1.37016
1.06946
1.85024
1.08161
1.21968
1.11726
1.29356
1.48426
1.23798
1.68037
1.07417
1.58131
1.12428
1.45557
1.20656
1.15659
1.03545
1.02185
1.1261
1.56016
1.28772
1.01313
1.32444
1.0858
1.08565
1.55229
5.20869
1.32249
1.08429
1.12307
2.14349
1.46748
1.03519
1.25212
1.30571
1.5965
1.25541
1.00697
1.1721
1.12943
1.02412
2.13035
1.61421
2.81252
1.11149
1.06156
1.26663
1.51583
1.19741
1.123
1.24089
1.06256
1.54666
3.21806
1.06867
1.7502
1.27599
1.11284
1.18781
2.08915
1.13403
2.424
1.01568
1.0066
1.17926
1.49318
1.02385
1.11258
1.10518
1.69336
1.24
1.07913
1.56212
1.1476
1.18893
1.12095
1.4911
1.38626
1.81234
1.4116
3.73085
1.13503
1.00066
1.14422
1.26995
1.08728
1.33517
1.06284
1.13315
1.21183
1.04364
1.32576
1.02971
1.84414
1.22652
1.33449
1.10412
2.21671
1.006
1.05186
1.04143
1.63266
4.61122
3.71704
1.01573
1.56323
2.38114
1.80814
1.04446
1.02152
1.01009
1.02442
1.26471
1.03042
1.46769
2.08643
1.30864
1.06171
1.90559
1.16767
1.25642
6.7308
1.1611
1.71531
1.21328
1.26235
1.591
1.31966
1.05262
1.2891
1.18895
1.30919
1.62591
1.50942
1.2934
1.55979
3.901
1.554
1.18222
1.0357
1.21616
1.00831
1.16337
1.16101
1.08745
1.50677
1.31201
1.4608
1.09714
1.4079
1.06243
2.00816
1.23233
1.10971
1.26331
1.44911
2.17911
1.18376
1.07257
1.03276
2.33806
1.02149
1.08757
2.51601
1.49315
1.05224
1.19502
1.002
1.0312
1.558
2.29066
1.16966
1.28302
1.34161
1.00328
2.35004
1.72877
1.66537
1.26929
1.88406
1.07361
1.24191
1.34295
1.16663
1.40244
1.89497
1.1352
1.51054
3.43888
1.15272
1.01529
1.52791
1.58817
1.0582
1.0926
1.05971
1.88905
3.16497
1.33821
1.16429
1.26526
1.02976
1.65771
1.10545
3.45811
2.06523
1.15532
1.37037
1.15375
1.14429
1.34948
1.31521
1.29682
1.2382
1.21894
1.03024
1.0775
1.08661
1.1355
1.50971
1.06436
1.12437
2.16577
1.34987
1.61255
1.91296
1.50437
1.08686
1.17149
1.35372
1.00966
1.02426
1.24169
1.68283
1.732
1.74773
1.03522
1.3432
1.01383
1.41657
1.16958
1.02018
1.01122
1.1781
1.07411
1.44022
1.01674
1.54366
1.21633
1.06482
1.49827
1.22938
1.03887
1.43976
2.36926
1.97223
2.37861
1.06388
1.32291
1.04996
1.02877
1.15158
1.21724
1.00921
1.34679
1.1641
1.55469
1.38614
1.15647
1.44882
1.47859
1.22807
1.517
1.29445
1.27072
1.15193
1.13596
1.01363
1.04586
1.59859
1.80045
1.58191
1.20558
1.24009
1.27126
1.53234
1.07707
1.15319
1.19367
1.0168
1.53927
1.56666
1.14612
1.10857
1.28999
1.3603
1.43061
1.33234
1.24094
1.31512
1.54399
1.26645
1.76045
1.02889
1.10415
1.04011
1.01843
1.5396
1.48849
1.5373
2.01496
2.13782
1.09543
1.16929
1.23123
1.26006
1.33519
1.48041
1.27865
2.8378
1.21185
1.6053
5.5104
1.13873
1.02751
2.11541
1.01089
1.01665
1.37178
1.20578
1.1085
1.07951
2.17042
1.54915
1.55193
1.52349
2.16324
1.44504
1.04449
1.01423
1.05238
1.3538
1.35274
1.06459
1.41638
1.40726
2.59389
1.08536
1.08623
1.97403
2.52261
1.59014
1.3234
4.88834
1.33343
5.22974
1.73968
1.99538
1.14393
1.52328
1.16255
1.12021
1.25884
1.04722
1.27883
1.58498
1.27898
1.08746
2.0461
1.38666
3.63987
1.04186
1.13565
1.09911
1.19931
1.05945
1.06305
1.17202
1.0851
2.04309
2.13542
1.10435
2.23337
1.44502
1.58917
1.12586
1.47522
2.92191
1.75705
1.2434
1.41156
1.01304
2.16852
1.29232
1.03427
1.15443
1.01004
1.35941
1.20563
2.26358
3.90317
1.3897
1.78433
1.67357
2.12749
1.57529
1.76759
4.7993
1.00828
1.09597
1.7201
1.27636
1.33688
1.67243
1.38402
1.30639
3.69082
1.78225
1.0905
1.47299
2.54605
2.01653
1.2086
3.30323
1.49278
1.21094
1.3316
2.53653
1.02907
1.37325
1.57631
1.19544
1.19246
1.16267
1.73146
3.65217
1.35069
1.06677
1.30216
1.04038
1.87797
1.13047
1.66407
1.03259
1.26608
1.69014
1.08254
1.55854
1.32866
1.15548
1.02872
1.09058
1.10402
1.78141
1.61662
1.37327
2.53208
1.3615
1.64696
1.81498
1.00782
1.17189
2.99988
1.48768
1.00363
1.29389
1.16129
1.1666
1.03374
1.88596
1.9995
1.09474
1.14167
1.58149
2.08154
1.03595
1.35414
1.01976
1.24265
1.2154
1.06347
1.83894
1.04394
1.08511
1.46497
1.19317
1.34991
1.35306
1.71714
1.27702
1.01818
1.29012
1.96359
1.10307
1.176
1.23126
1.38735
1.02908
1.02662
1.86668
1.45523
1.1107
1.22802
1.3038
1.70877
1.17959
1.96302
2.15503
1.40362
2.2437
1.61209
1.53439
1.44281
1.02918
1.03709
1.77645
1.2243
1.08262
1.03409
1.07525
1.01952
1.51053
1.12129
1.37489
1.03354
1.69675
1.13321
1.22328
1.02092
1.05954
1.14124
1.35243
1.03475
2.26617
1.44384
1.43906
1.57057
1.00004
1.97505
1.24703
1.01594
1.00543
1.2397
1.01917
1.04644
2.09286
1.25593
1.16332
1.25164
1.13391
1.37913
1.55985
1.04076
1.60207
1.34842
3.14509
1.56538
1.0702
4.30484
1.35546
1.57034
1.14145
1.13229
1.16174
1.68215
1.07142
1.53787
3.11545
1.31292
2.52681
1.11547
1.05482
2.09945
1.23108
1.03179
1.11937
1.37585
1.15515
1.88711
1.15664
1.80502
1.49973
1.45654
1.28596
1.08968
1.81301
1.16745
1.24612
2.01377
1.05883
3.85078
1.20928
1.38081
1.77899
1.04997
1.22792
1.04555
1.01365
1.09754
1.32788
2.12325
1.15278
1.14498
1.25504
1.28764
1.16026
1.34447
1.08006
2.28502
1.16365
1.2328
1.47186
1.43404
1.58582
1.10484
1.09548
1.23809
1.0536
2.84781
1.79176
1.49814
1.13541
1.16288
1.45107
1.01694
1.41252
1.12171
1.45031
1.46989
1.08616
2.9645
1.43846
1.01405
1.03451
2.17729
1.31107
1.02015
1.21864
1.29753
1.02456
1.04365
1.09555
1.97493
1.37543
1.21192
2.64465
1.34233
1.26787
1.13175
1.93842
1.25147
1.28327
1.11285
1.41811
1.04703
1.67237
1.06173
1.19623
1.2591
1.06074
1.04856
1.20689
1.55172
1.18996
1.67032
1.65908
1.29697
1.12979
1.07307
1.81055
1.12866
1.17215
1.67899
1.4424
1.00829
1.00237
1.24333
1.04318
1.31902
1.0987
2.57425
1.17882
1.48261
1.80121
1.00526
1.07831
1.02775
1.15057
1.33978
1.10923
2.27786
1.89745
1.00754
3.79402
4.26194
1.25352
1.03593
1.58619
1.18793
1.14178
1.55622
1.2237
1.10461
1.31082
1.12163
1.13744
1.14071
1.21735
1.10587
1.88998
2.50125
1.05314
1.69863
3.80394
1.20676
1.01065
4.17664
1.11447
1.29364
2.50173
1.04514
1.06435
1.3496
1.03871
1.01497
1.31473
1.0317
1.93474
1.33085
1.4753
1.08238
1.21378
1.16772
1.38821
1.32658
1.33558
1.18283
1.38986
1.63216
2.02056
2.4073
2.97553
4.15704
1.09908
1.09388
2.60561
1.21627
1.3143
1.04835
1.34008
1.08901
3.21327
1.60638
1.48979
1.65454
1.5246
2.01836
1.12722
1.0465
1.32521
1.00738
1.56411
1.42686
1.16363
2.14695
4.38526
2.58008
1.13065
1.49289
1.56113
1.04076
1.08305
2.33853
1.0164
1.1152
1.19326
1.43343
1.05319
2.7256
1.37221
1.01837
2.0955
1.00742
1.00005
1.16955
1.94476
1.62693
1.27186
1.1079
1.09294
1.16814
1.5321
1.07816
1.08376
1.25109
1.22926
1.09582
1.26236
1.63172
1.002
1.03396
2.20804
3.97151
1.27826
2.39129
1.47516
1.35284
1.23412
1.67004
1.50374
1.20395
1.73515
1.17884
1.09289
2.0534
1.40975
1.48114
1.0778
1.23945
1.41692
1.07023
1.25688
1.18606
1.17703
1.05864
1.17931
1.14697
1.63034
1.03336
1.4853
1.03365
1.17903
1.179
1.20313
1.00577
1.74464
1.15814
1.14614
1.59382
1.00239
1.23202
1.83561
2.25418
1.2946
1.24422
1.57972
1.04893
1.65347
1.03528
1.0678
1.20929
1.87998
1.17796
1.72837
3.73476
1.41108
1.03844
1.78527
1.26871
1.36355
1.50521
2.11006
1.15933
1.83055
1.35374
1.62355
1.30741
1.01155
1.43238
1.06446
2.10959
1.57728
1.02822
1.03578
2.15876
1.75994
1.07816
1.60807
1.52177
1.03564
1.76452
1.39136
1.25797
1.10031
1.32238
1.31333
1.76407
1.13091
1.07993
2.20332
1.28755
1.09716
1.08693
1.31154
1.00242
1.00259
1.17782
1.45968
1.16804
2.31101
1.57936
1.18435
1.00638
5.95072
1.1938
1.17639
1.33384
1.24719
1.04524
1.72836
1.01449
1.06126
1.64909
1.01622
1.58764
1.07388
1.16627
1.14352
1.84564
2.16504
1.36356
1.51076
1.11866
1.07045
4.71504
1.04576
1.35194
1.00648
1.50058
2.11529
1.50609
5.02382
1.19455
1.19052
1.52614
1.16963
1.3534
1.08425
1.00644
1.21403
1.00155
1.03625
3.40094
1.22379
1.15373
1.02604
2.72969
1.39128
1.0423
1.47621
2.05674
2.01717
1.2173
1.01259
1.19611
1.50255
1.04447
1.84642
1.09023
1.23103
1.71626
1.01516
1.77054
1.03467
1.06093
1.53623
1.22061
3.36943
3.3671
1.44047
1.05645
2.15559
1.00659
1.01795
1.05984
2.89284
1.37226
1.37453
1.14045
1.45817
4.7264
1.5074
1.22376
1.42232
1.63303
1.02811
1.03027
1.25142
1.65408
2.65887
1.5958
1.02741
1.32966
1.48339
1.07413
1.45172
1.89881
1.29171
1.13604
1.56756
1.0175
1.81969
1.16861
1.10818
1.5519
1.03609
1.01435
1.37362
1.02891
1.61176
1.11485
1.17527
1.21464
1.42039
1.72362
1.06457
1.42095
1.47164
1.347
1.55589
1.02868
1.14681
1.004
1.82998
2.49022
2.69255
1.04566
1.09617
1.76113
2.17501
1.31712
1.82132
1.37153
1.26463
1.10329
1.30177
1.24593
1.13945
1.30771
1.952
1.30806
2.02528
1.07822
1.04929
1.05865
1.79741
1.06029
1.48908
1.29685
1.16494
1.12226
1.41917
1.0106
2.35885
6.14618
2.29136
1.47046
1.30412
3.76568
2.01109
1.19518
2.17168
2.3291
1.09624
1.78179
1.61861
1.07171
1.79427
1.07129
1.00563
1.21061
1.18947
1.3609
1.07387
2.87968
1.90205
1.05862
1.37975
1.29432
1.17943
1.11695
1.74169
1.08353
1.04431
2.171
1.08836
5.09067
2.30061
2.63915
1.4314
1.28717
1.09004
1.39525
1.76528
2.10604
1.85478
1.10948
1.18128
1.29522
1.91169
2.76031
1.25076
1.46202
1.41136
5.09974
1.076
1.04086
1.06958
1.23745
1.04552
1.02833
1.55137
1.79282
1.02731
1.35067
1.07548
1.06021
1.00196
1.42853
1.02115
1.02074
1.0453
1.08295
4.0206
1.04376
1.42444
1.12903
1.31378
1.16798
1.77615
1.95775
2.37228
1.31834
1.83336
1.13839
1.65172
1.23675
1.08948
1.9351
1.07398
2.88825
1.03838
1.12473
1.24433
1.08621
2.63415
1.2231
1.1614
1.48341
1.43139
1.55003
1.77763
1.13265
1.63424
1.0084
1.06534
1.28191
1.28957
1.37895
2.04646
1.31706
1.14032
1.30016
1.09686
1.06785
1.54845
1.14215
1.00819
3.51184
1.71149
1.73222
1.10005
1.5931
1.02719
1.14761
1.15951
3.00585
2.25465
1.30352
1.49227
1.01891
1.03972
1.04939
1.6256
1.03465
1.08468
1.16046
1.24557
1.04719
2.97514
1.29561
1.087
1.22497
1.07211
1.15032
1.10185
1.61956
1.26918
1.82546
1.83267
1.16172
1.21277
1.09347
1.0087
1.04502
1.30817
1.46378
1.08748
1.12705
1.26395
2.21026
1.18659
2.23746
3.57386
1.12883
1.14295
1.44161
1.21636
1.12454
1.18467
1.1514
3.9343
1.17774
1.19307
1.09361
1.15485
1.16351
1.50633
3.43995
3.99571
1.6027
1.11431
1.78642
1.63519
2.35631
1.36184
1.39068
4.92524
1.43014
1.04739
5.32918
1.03583
1.12721
5.02044
1.1205
1.339
1.27413
2.73317
1.30715
1.06646
1.09811
1.07285
1.06686
1.15905
1.69066
1.02516
1.01539
1.03032
1.29211
1.11191
1.19547
2.19296
1.33733
1.17721
1.00235
1.23765
1.23523
1.11183
1.57295
1.77044
1.18791
1.43399
1.04995
1.47043
1.28347
1.38498
2.38123
1.16587
2.61493
1.25197
1.04354
1.21586
1.49575
1.34043
2.59074
1.03959
1.14611
1.03027
1.21283
1.37758
1.33252
1.07369
1.60624
1.11382
1.18667
1.58851
1.16777
1.13394
1.58721
1.22372
1.12541
1.06656
1.02858
1.41345
1.08316
1.75623
1.12647
1.17961
1.01961
1.00075
1.16708
1.41034
1.40717
1.04089
1.19717
1.0933
1.06796
1.80477
1.18679
1.22054
1.01373
1.38581
1.11316
1.34232
1.66198
1.14475
1.04013
1.29435
1.04688
1.07636
1.58134
1.07824
4.85312
1.0666
1.05167
1.03709
1.05858
1.01648
1.39369
1.75635
1.24678
1.26482
1.71533
1.00687
1.17656
1.7368
1.83212
1.02094
1.3923
2.21383
1.06902
1.12989
1.10997
1.00278
1.0223
1.27811
1.15542
1.3407
1.03551
1.02402
1.13526
1.23771
1.05932
1.08835
1.49849
1.03795
1.14221
2.09443
1.13349
1.08615
3.39961
1.2981
1.15547
4.02581
1.25175
1.06109
1.24517
1.37523
2.11611
1.23894
1.92802
1.04832
1.66933
1.67165
1.19998
1.02218
3.17235
1.27389
3.43376
1.24469
1.23612
1.17883
1.05445
1.63159
1.82696
1.05841
1.04671
1.29664
1.02966
1.0032
1.58011
1.05113
1.01438
2.32241
1.9676
1.16217
1.54475
1.06433
1.16883
1.47938
1.1115
1.16751
2.12569
1.54046
2.00449
3.25406
1.20279
1.32263
1.3661
1.36948
1.63476
1.20142
1.08979
1.30101
1.04226
1.46089
1.46274
2.033
1.15381
1.71783
1.06759
1.02386
1.93596
1.17967
1.00289
1.37872
1.95143
1.00114
1.10152
1.01093
1.2407
1.10468
1.25258
1.51838
1.42737
1.12798
4.01984
1.1053
1.0287
1.4468
1.37412
1.044
1.40787
1.0312
1.07468
2.03347
1.35199
1.88961
1.88853
1.11168
1.14065
1.36062
1.08057
1.37219
1.13308
1.21602
1.2786
1.2804
1.57003
1.14046
1.01113
1.14712
2.23331
1.37808
2.02055
2.58438
2.79502
1.4295
1.68122
1.01029
1.33955
1.44354
2.15911
1.00831
1.07284
1.92504
1.3131
1.4638
1.38862
1.08717
1.04277
1.08361
1.04673
1.07338
1.08872
6.31934
1.81621
1.22442
1.05981
1.34611
1.95722
1.3986
1.30463
1.27455
1.03042
1.39513
1.01289
1.77087
2.27443
1.12918
1.12671
1.11863
1.39925
1.17828
2.2453
1.6565
1.37248
3.63311
1.52092
1.40493
1.06864
1.97868
1.09107
1.50099
1.0819
1.0017
1.32427
2.0234
2.79048
1.33733
1.49733
1.04243
1.33671
1.07974
1.18563
1.33075
1.18823
1.04824
1.24621
4.67448
1.20047
1.00217
1.06223
1.21679
1.94229
1.99787
1.16053
1.03856
1.21266
1.59734
1.05116
1.33298
1.47434
1.19785
1.78205
3.68767
1.32717
1.07109
1.02474
1.82082
1.00325
18.6556
1.0666
1.10317
2.27883
1.03042
1.96215
1.07779
1.16471
1.2493
1.134
1.56994
2.05375
1.37455
1.01864
1.06203
1.21654
1.28502
1.33513
1.42009
7.20557
1.28166
1.2925
1.05938
1.06785
1.62737
1.31458
1.15243
1.03239
1.25308
1.28974
1.34255
1.20443
2.29078
1.02238
1.06493
1.13266
1.8559
1.7854
1.07138
1.12426
1.18703
1.95613
1.21295
1.42505
1.03707
1.3756
1.52499
1.2865
1.64865
1.12133
1.48059
1.07036
1.17289
1.54415
1.23466
2.39138
3.53848
2.17191
1.31681
1.31685
1.36977
3.11293
1.03728
1.43448
1.10903
1.22928
1.14746
1.21505
1.06159
1.01204
1.00205
1.25142
1.9884
1.51198
1.25729
2.04969
2.27002
1.08158
1.61337
1.3549
1.07666
2.23659
1.46179
1.34599
1.64808
1.2784
1.19244
1.22892
1.79394
1.62626
1.15053
1.1047
1.0089
1.03232
1.38324
1.23793
1.77102
1.02686
1.20998
1.01468
1.0776
1.02674
1.57438
1.03727
1.0985
1.13344
1.58657
1.17366
1.62244
1.05056
1.09535
1.27052
1.11286
1.03977
1.10371
6.34036
1.61205
2.14043
1.18027
3.29225
1.00718
4.38069
1.38341
1.039
1.14356
1.57588
1.20133
2.19479
1.44189
1.06133
1.08012
1.23939
1.12091
1.00894
1.00155
1.67201
1.03285
1.19513
1.27731
1.01099
2.91651
1.31348
1.49548
2.19998
1.55809
1.08778
2.89031
1.68109
3.13674
1.11699
1.89689
1.32188
1.03365
1.0998
1.80867
1.83036
2.05434
1.09335
1.65095
1.50519
1.41162
1.13585
1.2973
1.32672
1.28096
1.68068
1.07895
2.97359
1.17402
1.75194
1.2017
1.64666
1.31672
1.08966
2.05197
1.48161
2.11145
1.7829
1.0278
1.2414
1.52425
4.20376
1.23635
1.74821
1.1444
1.93194
1.15851
1.10974
1.48158
1.16901
1.02264
1.16656
1.77348
1.98264
1.04369
1.05575
1.47012
1.11486
1.51407
1.33596
1.27528
1.03701
1.52021
1.04354
1.19355
2.17679
1.69812
1.0634
1.29812
1.20217
1.06382
1.9662
1.27461
2.76751
2.41806
1.72781
2.13101
4.15961
1.05644
1.02185
1.40969
1.56073
1.07403
1.0739
1.01061
5.22137
1.10774
1.85438
1.06209
2.82801
1.18712
1.60856
1.91996
1.3157
1.80487
1.59377
1.09143
1.52791
1.03496
1.81947
1.09244
1.81987
1.31037
1.17016
1.0205
1.10843
1.18865
1.6308
1.49136
1.01442
4.52569
1.0676
1.07632
1.1067
1.23333
1.09948
2.75973
1.0362
2.22594
1.04296
1.37654
1.01473
1.05388
2.05724
2.20658
2.19836
1.02719
1.0426
1.59316
1.65124
1.13691
1.22805
1.51074
1.02768
1.02411
1.33436
1.03672
1.41766
2.41444
1.35908
1.66274
1.31875
1.0572
1.05155
1.21389
1.07678
1.93397
1.4827
3.18122
1.13694
1.47645
1.10215
1.09224
1.21883
1.08237
1.04531
1.20927
1.13098
1.94448
1.14287
1.4707
1.01927
2.95285
1.5355
2.26242
1.02527
1.01375
1.91354
1.5866
1.09842
1.02105
1.16135
1.17494
1.10442
6.56219
1.00196
2.30291
1.47518
4.13824
1.15838
1.91056
2.48863
1.07547
1.00093
1.21074
1.7212
3.68018
1.02738
1.34928
1.12867
1.31879
2.17399
1.04208
1.31663
1.06039
2.53053
1.05099
1.24168
1.08936
1.05479
2.08334
1.06434
2.71827
1.25679
1.49281
1.27587
1.07746
1.18319
1.07667
1.48466
1.12661
1.031
1.092
1.02839
2.97233
1.2544
1.03066
1.03799
1.06398
1.2944
2.74584
1.06379
1.20805
1.16306
1.08027
2.32481
1.07466
2.19535
1.01915
1.4095
1.95405
1.53213
1.00529
1.14632
3.56956
1.32159
1.05709
1.23208
1.24475
1.06529
1.03569
1.13886
1.05484
1.0029
1.50603
1.73141
1.02363
1.11604
1.41066
1.80914
1.07314
2.10003
1.16553
1.31565
1.26353
1.43893
1.28341
1.03168
1.92931
1.94197
1.22575
1.58946
2.23726
1.01129
1.11581
2.57785
2.3285
1.81174
2.88394
1.09302
1.01832
2.03988
1.50343
1.99901
1.63272
1.90378
1.06249
1.2102
1.08129
1.29422
1.52165
1.14604
1.02807
1.0884
1.41984
1.58214
1.22809
1.02111
1.13534
1.27345
2.69623
1.25592
1.06777
1.54787
1.22579
1.31385
1.73908
1.0598
1.25519
1.01406
2.98363
1.47873
3.07639
1.26546
1.07811
1.10775
1.1607
1.68078
1.13883
1.50443
1.14713
1.02544
1.68524
1.48021
1.19901
1.04063
1.08021
1.00578
2.76303
1.15057
1.13316
1.34349
1.19909
1.37634
1.51393
1.60903
1.50759
2.34544
1.4171
1.49913
1.15096
1.17258
1.32871
1.0934
1.96107
2.47095
2.08035
1.6258
1.06997
2.3199
2.3591
1.00672
2.56677
1.56241
1.51629
1.08295
1.02552
1.23681
1.5396
1.15446
1.20584
1.50751
1.23542
1.00573
2.50616
1.39152
1.15273
1.14179
1.07058
1.52651
1.1164
1.28592
4.38053
1.15408
1.44556
1.6674
1.84645
2.24666
1.07531
1.48109
1.4702
1.48741
1.33317
1.44526
1.00912
1.12863
1.19626
1.15068
1.50862
1.86002
1.02141
1.13381
1.24387
1.06147
1.00738
1.14575
2.79605
1.30192
1.19916
1.02222
1.30847
1.38919
1.20627
1.65242
1.72871
1.03197
1.24315
1.23009
1.14645
1.4778
1.11578
1.14005
1.9005
1.61294
4.76827
3.74817
1.05411
1.3465
1.2693
1.12
3.51118
1.60805
1.00845
1.02971
1.37843
1.22291
1.00287
1.77159
1.31981
1.08995
1.32228
3.30884
1.55649
1.00396
1.2361
1.32425
1.38781
5.40984
1.0459
2.26575
1.09743
1.81761
1.17705
1.65717
1.07509
1.84913
1.0762
1.10856
1.16647
1.24672
2.45777
1.46103
1.19405
1.06052
1.37928
1.20986
1.8346
5.7424
1.02863
1.70542
8.11738
1.5326
2.75549
1.27816
3.24798
1.15512
1.19742
1.75865
1.40367
1.45331
1.29447
2.13354
1.76136
1.3672
1.05895
1.08623
1.24072
1.83866
1.18751
3.33106
1.72482
1.01757
1.95766
1.49674
1.02123
1.20483
1.24792
2.9075
2.058
1.18631
1.12913
1.06542
1.18244
1.0869
1.00959
1.39962
1.34043
1.07339
2.85649
1.06215
1.01118
1.72446
1.09052
1.33505
1.10778
4.60783
1.39162
1.61194
1.12192
2.14321
1.40278
1.09129
1.09638
1.10196
3.61046
1.18208
1.14978
1.55141
2.71846
2.55067
1.02233
2.74543
1.54336
1.70858
1.34385
1.5707
1.54279
1.22552
1.15597
1.16677
1.24554
1.42702
1.04024
1.22778
2.24639
3.06404
1.4231
2.74284
1.9138
1.09785
1.21028
2.30996
1.1609
1.0422
1.20422
1.18152
1.1593
1.27761
1.03745
1.15404
1.02494
1.17295
1.15533
1.05174
1.29924
1.00912
1.03106
1.23441
1.26516
2.3594
1.72461
2.22799
2.25363
1.33548
1.11661
1.03523
1.44925
1.0298
1.73763
1.76186
1.17699
1.32347
1.24921
1.16887
1.83163
1.56023
1.14918
1.13935
1.37491
1.21796
1.28485
1.06539
1.3484
2.14034
1.28104
1.10028
1.44891
1.71185
1.36049
1.11279
1.07054
1.20745
1.08373
1.14479
1.59296
1.99743
1.19208
25.2837
1.08466
1.22065
1.90735
1.01088
4.16108
2.64569
1.55589
1.17817
1.05183
2.4473
1.09107
1.03549
1.20099
1.05575
1.05398
1.28372
1.52056
1.00045
1.08562
1.01743
1.11996
1.51335
1.356
1.30835
1.22419
1.74267
1.05862
1.08926
1.06586
1.0251
1.29206
1.76613
1.21437
1.50873
1.17471
1.11267
1.31199
1.70079
1.57381
1.033
3.76506
1.28189
1.17313
1.5386
1.40942
1.12627
1.03542
1.68397
1.00186
1.08933
1.09861
3.0932
1.07613
1.85413
1.69514
2.97995
1.53919
1.68994
1.46069
1.87367
3.77939
1.58677
1.11397
1.01478
1.0155
1.00171
1.72043
1.2082
1.2456
1.0407
1.43916
1.06452
2.38642
1.0965
1.68102
1.48343
1.14808
1.05493
1.0438
1.25066
1.34153
1.52309
1.26481
1.07651
1.50045
1.05018
2.09375
1.01045
1.18587
1.19483
1.1589
1.14848
1.09638
1.02546
1.36283
1.14378
1.00462
1.10565
1.06667
1.12028
1.11405
1.82213
1.46036
3.39055
1.09275
1.48008
1.07222
1.22572
1.03683
1.05245
1.06875
1.6794
1.59503
1.67787
1.07908
1.20345
1.46162
1.58112
1.26989
1.63767
1.19279
1.28995
3.13079
1.04375
2.62998
1.2057
1.00327
1.27064
1.01319
1.22557
1.00393
1.09577
1.17731
1.34176
1.16531
1.07166
10.1755
1.02641
1.25603
1.35715
1.00966
1.30029
1.19954
1.20707
1.61173
1.90111
1.21726
1.05468
1.16429
1.0716
1.08265
1.00604
1.24923
1.22438
3.12482
1.22439
1.54957
1.44378
1.12242
1.46055
1.84365
1.35127
3.50004
1.08702
1.16701
1.006
1.12518
1.14824
1.51826
1.21877
1.83907
1.63753
1.02197
1.10621
1.97087
1.33185
1.0436
1.11483
1.22362
1.97005
2.02767
1.23923
1.05666
1.49027
1.75577
1.039
1.09767
1.17947
1.09813
1.45357
1.2074
1.21056
1.04716
1.41325
2.15849
3.17947
1.05729
1.10023
1.84924
1.17473
1.29723
1.72325
2.89812
2.73109
1.81715
1.12696
1.02645
1.08045
2.09095
1.11529
1.10723
1.45224
1.2021
1.01167
1.19159
1.3455
1.51114
1.74037
1.09028
1.03714
2.78341
1.67285
1.01266
2.04717
1.53468
1.64199
1.10503
1.16663
1.10954
1.21604
1.26268
1.14312
1.0556
2.50781
1.0847
1.09285
1.84423
1.56387
1.06446
1.09587
1.05547
2.12627
1.20531
1.06326
1.45955
1.86298
1.40914
1.00228
1.31412
1.12269
1.47355
1.40729
1.48224
1.20971
3.65015
1.13091
3.61429
2.40754
1.01105
1.04753
1.48066
1.64834
1.22109
1.31819
1.44176
1.87516
1.70018
2.94005
1.40755
1.35346
1.0715
1.2237
1.037
1.18147
1.37703
1.84957
1.34897
1.11378
1.08952
1.18215
1.61867
1.86925
1.15875
1.03052
1.46688
1.15567
3.32641
1.09066
1.5382
1.97581
1.36774
1.19365
1.02548
1.47788
1.10516
1.40048
1.11584
1.05056
1.07167
1.30291
1.34505
1.11417
2.75149
1.05946
1.03593
1.15227
1.11835
1.71192
1.21676
1.04455
1.06981
2.52369
1.64842
1.33726
1.69473
2.2075
1.99366
1.05773
1.00037
1.28057
1.03974
1.35324
2.78532
1.19243
1.10178
1.16073
1.0939
3.76892
1.43724
1.36426
1.82017
2.61954
1.17396
1.03457
1.46632
1.65804
1.29058
1.06152
1.31675
2.07795
1.22792
1.34263
1.08052
1.55434
2.05193
1.33607
1.16948
1.27071
1.30384
2.02459
1.30848
1.09664
2.50031
1.22857
1.69077
1.02047
1.52823
2.61174
1.02911
1.24545
1.1365
1.3335
1.10085
1.54881
1.09276
1.52872
1.83656
1.61361
1.19051
1.09448
2.59804
1.13567
1.8367
1.25035
4.33801
1.02627
1.29759
1.07422
1.30905
1.27577
1.34241
1.35647
2.82416
1.26412
1.05182
1.05888
1.12371
1.3756
1.302
1.06771
1.21797
1.10959
1.01715
1.70505
1.53518
2.19183
2.24599
2.3362
1.05528
1.22244
1.30833
1.25239
1.51768
1.03268
1.42429
1.4586
3.80233
1.02806
1.50785
1.87807
1.00479
1.80901
2.63396
1.40002
1.40887
1.2066
1.11047
1.12755
1.02009
1.24567
4.551
1.12692
1.06547
1.1911
2.45739
1.27559
1.0594
3.05063
1.18785
1.4551
1.01503
1.51054
1.01916
1.21767
1.32541
1.10758
1.29837
1.92185
1.65012
1.12094
1.5818
1.2786
1.04241
1.26288
1.3867
1.21523
1.62909
2.63152
1.44471
1.1397
1.47736
1.21788
1.22024
1.47654
1.28955
1.76617
1.73264
1.23657
1.54236
1.33217
1.19705
1.41579
1.10438
1.6754
1.50932
1.65322
1.12554
1.42621
1.02464
1.51433
1.04943
1.1022
1.09345
1.28627
1.28808
1.31767
1.15488
1.1283
1.97734
1.05737
1.65629
1.14349
2.18214
1.72414
1.50035
1.60459
1.11539
1.51737
2.64739
1.03678
1.35871
1.08757
1.05449
1.23216
1.63995
1.08872
1.06303
1.13457
1.10761
1.29287
1.16469
1.05977
1.42774
1.20864
1.04763
1.26899
2.69645
1.61629
1.04299
1.29942
1.47895
2.29231
2.21461
1.21543
1.26518
1.91324
1.53727
2.88845
1.04234
1.14388
1.11591
1.19053
1.19232
1.10432
1.65012
1.09209
1.01074
1.47451
2.28143
1.60232
1.21496
1.41733
1.00082
1.2591
3.86922
1.49408
1.36264
1.37069
2.22476
1.02193
1.09379
1.03352
1.08977
1.35046
1.15103
1.80386
1.05268
1.04213
1.20131
2.00792
1.04909
1.75647
1.2347
1.02348
3.82606
1.34579
1.27043
1.09218
1.00829
1.54193
1.00183
1.25459
1.59283
2.18808
1.17341
1.06075
1.04716
1.25017
3.4195
1.07318
1.10847
1.28468
1.02504
1.5426
1.01306
1.45208
1.02842
3.98283
1.57558
1.06893
1.17055
1.14052
1.11259
1.72843
1.21131
1.10645
1.02618
2.32284
1.70773
1.95321
1.34554
2.56349
1.32346
1.07965
1.2422
2.79108
1.13574
1.00771
1.08482
1.31642
1.17352
1.01726
1.06973
1.65632
1.08256
1.26047
1.57104
1.85713
1.44631
1.75708
1.30391
1.17439
1.25251
1.07711
1.04299
1.06986
1.23425
1.85294
1.04182
1.29713
1.25524
1.48969
1.10097
1.02828
1.6899
5.0938
1.22878
1.12102
2.96654
1.19458
1.0695
1.21126
1.32584
1.36755
1.51949
1.10579
1.50358
1.30563
1.13628
1.02604
1.10043
1.70399
1.36412
2.6573
1.22658
1.02276
1.09353
1.03538
1.6487
2.9415
1.59016
1.98438
2.31397
1.02532
1.14088
1.04407
1.10036
1.2415
1.04095
1.0182
1.09086
1.46798
1.69527
1.03748
3.55225
1.32592
1.04496
1.00461
2.13058
1.16922
1.3702
1.22476
2.26818
1.66477
1.28889
1.14999
1.15209
1.31288
1.20577
1.41754
1.34217
1.06021
1.12833
1.32111
1.68285
1.16829
1.01557
1.57442
1.04113
1.12057
1.03442
1.18918
1.12392
1.04174
1.02445
1.18251
1.51135
1.10306
1.4761
1.01296
1.92237
1.23045
2.14963
1.19076
1.17856
1.74283
1.0316
2.62788
1.13418
1.11244
1.17551
1.05137
1.19864
1.34257
1.64901
1.31808
1.63313
1.55152
1.21638
1.84282
1.60307
1.07829
1.1476
1.79036
1.39988
1.23876
1.13223
1.81235
1.43266
1.24408
1.1891
1.36421
1.02501
1.43996
1.3843
1.11517
1.02423
1.59377
1.3009
2.66413
1.08661
1.18744
2.14616
1.14024
1.14341
1.52535
1.29702
3.21766
1.12081
1.02191
1.31414
2.13313
2.68356
1.00867
1.22391
1.01308
1.32803
2.14238
1.40837
1.14016
2.34424
1.39033
1.26284
1.60603
1.53177
1.04357
1.49186
1.23295
1.07208
1.03574
1.95191
1.34
1.1901
1.12245
1.21626
7.51643
1.6656
1.08949
1.96292
1.12487
1.40975
1.0376
1.80444
6.82694
1.34711
1.44839
1.88815
1.00067
1.42626
1.60212
2.9192
1.21884
1.00177
1.21382
1.13853
1.13787
1.09692
1.61139
1.23743
1.22551
1.07774
3.32223
2.79819
1.02671
1.1728
1.11208
1.02038
1.39962
2.38394
1.73052
2.18951
1.44891
1.20437
1.07611
1.19513
4.02596
1.11144
5.61526
1.41834
1.69134
1.24776
1.13597
1.09302
1.42807
1.00853
1.30941
1.14163
1.17275
1.45778
1.17786
1.23658
1.00633
1.26393
1.40954
1.0469
1.05221
1.02158
1.03139
2.48037
1.08146
1.34784
1.13447
1.65959
1.08973
1.25717
1.0369
1.04913
1.2624
1.47882
1.56931
1.61696
1.0612
1.59712
1.08693
1.0136
1.1553
2.01185
1.14437
1.5141
1.01331
1.07481
1.61055
1.10154
1.40403
1.56339
1.64038
1.87359
2.45593
1.46841
1.0319
1.00981
1.17146
1.53998
2.03955
2.45311
1.40203
2.3286
1.27933
1.11268
3.12489
1.30659
1.0338
1.33809
1.02225
1.15026
1.45621
1.69885
1.61541
1.22275
1.34028
1.42591
1.08707
1.02173
1.10248
1.409
1.00558
2.2071
1.37802
1.20531
1.14118
1.24718
1.12853
1.21689
1.17711
2.46145
1.04478
1.05208
2.24446
1.5204
1.27555
1.12759
2.52478
1.54851
1.42016
1.26483
1.10972
1.11785
1.2565
1.74674
1.84255
1.11311
1.88027
1.44391
1.01374
1.22885
2.30194
1.06943
3.68073
1.47461
1.8778
1.85415
1.47071
1.02403
1.01512
1.02316
1.26439
1.0601
1.04278
1.00095
1.34516
1.02883
1.19515
1.83333
1.88632
1.08738
1.06632
1.32918
1.25315
1.14317
1.46248
1.41141
2.43104
1.03842
1.60009
1.12142
1.04036
1.73982
1.02127
1.13184
1.65781
1.0531
1.47135
1.75766
1.02034
1.03549
1.0223
1.65183
1.69062
1.38984
1.24533
1.16364
1.17576
1.08763
3.00344
1.0083
1.38821
1.25662
1.00227
1.56849
1.02488
1.95426
2.28436
1.43825
1.07672
1.38843
5.03537
2.03825
2.31342
1.33081
1.76719
1.36766
1.72625
1.02639
1.93871
1.00177
2.73884
1.87075
1.52501
1.11827
1.17744
1.16593
1.94166
1.50859
1.04835
2.34248
1.2695
1.48929
1.06495
1.54431
1.24363
2.55603
1.06582
1.32878
1.936
1.36062
1.45337
1.41027
1.28885
1.04387
1.28152
1.00755
1.0261
1.0521
1.15102
1.02861
1.05963
22.4842
1.8954
1.52471
2.17585
2.0655
1.32922
1.67251
1.415
1.3424
1.41604
1.69113
4.4642
1.37558
1.12217
1.00577
1.07535
1.37416
1.36672
1.05456
1.10167
3.26694
1.13283
2.26004
1.15535
1.05208
1.3664
1.01319
1.07262
1.46341
1.00413
1.7536
1.19366
1.7494
1.55864
1.65852
1.07944
1.2643
1.33893
1.07954
1.44561
1.7496
1.16644
1.2885
1.55139
1.10353
1.01574
1.98492
1.02535
1.98462
1.1333
2.03748
1.16647
1.12517
1.36548
1.02131
1.25838
1.72181
1.56415
1.12814
1.38744
1.64122
1.34335
1.04121
1.22832
3.19504
1.14904
1.29964
1.04439
1.57757
1.21838
1.33312
1.03271
1.0648
1.29356
2.30797
1.10286
1.97689
2.23576
2.00993
1.08318
4.84333
1.23065
1.10273
1.32941
1.02134
1.74479
1.30314
1.17383
1.00088
1.01295
1.34258
1.23473
1.02073
1.14433
2.60446
2.94712
1.12771
4.30171
7.67069
1.56134
1.43633
1.33348
1.34292
1.31846
1.59162
1.13783
1.03357
1.29911
1.04492
1.00511
1.69307
1.04243
1.04258
1.45924
1.72825
2.44692
1.4922
1.10685
1.0788
1.0233
1.30781
1.03974
1.06601
1.84896
1.34974
1.39955
1.62471
1.02193
1.1296
2.88731
1.25046
1.31101
1.02171
1.65901
1.09874
2.03468
1.52805
1.20149
1.26743
1.45248
1.28851
1.27289
3.15603
1.06901
1.78042
1.4007
1.24306
1.4122
1.16295
1.1382
1.19246
1.36742
1.39437
1.24361
1.2811
1.04957
1.23891
2.86553
1.14705
1.10635
1.52716
1.03833
1.13138
1.2362
1.10329
1.14351
2.0522
1.09933
1.0663
1.74437
1.1292
1.51233
1.61676
1.04605
1.18381
1.10853
1.00034
1.97251
2.25688
1.02021
1.07929
1.17914
1.38148
1.1601
1.15299
1.38145
1.09079
1.05761
1.51971
2.28854
1.08687
1.07492
1.59927
1.36013
1.05011
1.14048
1.03638
1.37954
1.16547
2.19691
5.59169
1.3209
1.12528
1.61233
1.24643
1.57079
1.26047
4.06627
1.94869
1.01556
1.21781
1.61552
1.22621
1.23038
1.21214
1.41216
1.00715
1.03112
1.12055
1.10834
1.03676
1.60331
1.80379
1.37492
1.02264
1.11644
1.59535
1.17926
1.16231
1.63908
1.43178
1.07882
1.30805
1.68959
1.14655
1.48557
1.34969
1.18118
1.43327
1.0312
1.51151
1.10293
1.10879
1.19844
1.05912
1.11393
1.48047
1.23615
1.50853
1.47949
1.39781
1.39451
1.36772
1.47773
1.34492
1.09868
1.10378
1.8491
2.58702
1.49062
1.00839
1.79552
1.01512
1.12712
1.06884
2.07517
1.08623
1.40093
1.26668
1.22977
1.11973
1.23315
1.30152
1.94381
2.16333
2.30316
1.22145
1.98407
1.60131
1.26748
1.12748
1.32341
3.698
1.10913
1.375
1.05507
1.02941
1.28922
1.64044
2.87151
1.0738
1.37607
1.04896
6.32904
2.73096
1.01542
1.06194
1.5455
4.47497
1.16349
1.84758
1.34817
1.09468
1.07642
2.44565
2.27896
1.15164
1.1659
1.10647
1.18476
1.038
1.05052
1.01284
2.02834
1.18879
1.28376
1.11338
1.37643
2.28968
3.05284
3.542
1.25594
1.0912
1.05727
1.67895
1.04616
1.3466
1.35927
1.21687
1.55921
1.04473
1.23319
3.11497
1.498
1.43284
1.09304
1.05531
1.13499
1.65405
1.29009
1.54586
1.03221
2.28664
1.25552
1.09714
1.32241
1.09289
1.40299
1.15241
1.00827
1.06302
1.9783
1.10055
1.26077
1.00973
2.15266
1.28201
2.83273
1.32177
1.44511
1.04608
1.20055
1.36809
1.47494
1.98406
1.1189
1.07693
1.01643
1.06774
2.34517
1.4005
1.00719
1.12357
1.0155
1.63388
3.04351
1.24052
1.45066
2.01505
1.73039
1.02457
1.12132
1.0432
1.14491
2.75045
3.77311
2.67713
1.03399
1.39659
1.02593
3.42472
1.79188
1.04812
1.48058
1.09732
1.07315
1.37844
1.05042
1.26989
4.39974
2.72332
1.06708
1.40095
1.0573
1.15122
1.4743
1.30744
1.75474
1.37452
1.01252
1.60764
1.02614
1.11194
1.25856
1.07297
2.14387
1.14176
1.26981
1.12223
1.22672
1.02932
1.92612
1.05109
2.6289
1.0984
1.09444
1.3073
1.51396
1.35957
2.7825
1.92468
1.1871
2.14239
1.17436
1.71737
1.45934
1.00137
1.38438
1.55298
2.08862
1.57071
1.1382
1.07023
1.23299
1.17595
1.21733
1.03979
1.94975
1.1138
1.22408
1.19607
1.43085
1.73705
1.11429
1.04694
1.47401
1.02707
1.01757
3.62334
1.4217
1.99592
1.05206
1.11598
1.05496
1.17855
1.3774
1.09994
1.15605
7.8953
1.17158
1.40328
1.10608
1.36064
1.0794
1.57584
2.90649
1.26018
1.18473
1.00029
1.17951
1.01747
1.05039
1.37388
1.31306
1.06015
1.13131
1.63724
1.17643
1.52806
13.9157
1.04165
1.52989
1.82197
1.37507
1.8635
1.07589
1.86492
1.28887
1.31436
1.91362
2.45911
1.39411
1.02076
1.86454
2.63127
1.26394
2.7319
1.14266
1.05755
1.05929
1.71953
1.52596
1.56538
6.2923
1.15863
2.77028
1.05482
1.54836
1.25374
1.03411
1.82829
2.15262
1.93942
1.01628
2.19533
1.02818
2.39951
1.05904
1.06151
1.18871
1.19378
1.10148
1.25885
1.14883
1.70525
1.32711
1.05603
1.42917
1.08844
1.29016
1.01038
1.32138
2.29264
1.49412
1.01401
1.05209
1.12552
1.02378
4.86479
1.00896
1.81125
1.07484
1.51004
1.04971
2.40734
1.39917
1.75764
1.01828
1.02387
1.01724
1.18338
3.03072
1.11676
2.0051
1.4937
1.05482
1.01181
1.4943
1.06269
1.2343
1.18309
1.01117
1.1003
1.50675
1.02754
1.0074
1.15759
1.13384
1.2876
1.0576
1.23648
1.42003
1.37206
1.12757
1.28616
1.21426
1.05861
1.00384
1.08327
1.42805
1.20804
2.5924
2.30365
1.19664
1.33236
1.55685
2.01394
2.57139
2.88301
1.37513
1.38529
1.64184
1.24778
1.30689
1.71279
1.07845
1.13521
1.12869
1.03861
2.78966
1.05527
1.15154
1.1649
1.11785
1.38326
1.0289
1.34039
1.99204
1.04661
4.42581
1.10113
1.5608
1.03937
1.41475
1.1799
1.15363
1.81955
1.05624
1.58944
1.12148
1.15104
1.51548
1.06368
1.01331
1.4132
1.76715
1.06509
1.22531
1.1738
2.21035
1.1579
1.0989
1.49816
1.07986
1.1853
2.78911
1.13223
1.03477
1.15002
1.04223
1.21165
1.69872
1.26822
1.88039
1.33103
1.44144
2.47002
1.04126
3.17265
1.25866
2.43205
1.01824
1.00739
1.48654
1.3016
1.39897
1.21878
1.42343
1.08742
1.20866
1.03882
1.31081
1.14198
1.46879
1.15246
1.2121
1.31
1.3812
2.00571
2.19441
1.95692
1.86875
1.22197
1.12107
1.41053
1.10217
1.01039
2.35798
1.36921
1.10037
4.25267
1.11976
1.38039
3.44183
1.0856
1.28187
1.22872
1.28112
1.1237
1.81397
2.24509
1.29447
1.29406
1.08107
1.38078
2.90684
1.02764
1.17816
1.0299
1.17879
1.05465
1.13139
1.79135
1.00239
1.50689
1.33615
1.66994
1.08345
1.09034
1.00615
1.19557
1.4077
1.03914
1.03585
1.08622
1.37275
1.25308
2.17173
1.02103
1.06776
1.22177
1.15799
1.63984
1.13297
1.06976
1.26048
1.76415
1.14029
1.7021
1.01117
1.10056
1.79461
1.56684
1.30905
1.16675
1.05097
1.2529
1.18735
1.1732
5.00126
2.63199
2.57875
1.49178
1.28206
1.34588
1.09443
1.96923
1.01283
1.01188
2.05853
1.03498
1.55109
1.02264
1.20399
1.17338
2.85856
1.10742
3.28825
1.1518
1.33643
1.13722
1.20053
1.11081
1.11651
1.17051
1.35587
1.09397
1.21221
1.82551
1.59346
1.39816
1.2561
1.51939
1.38005
1.29479
1.64461
1.05893
1.26813
1.11949
1.57065
1.39669
1.01845
3.72707
1.01464
2.25342
1.04286
1.7215
2.99624
1.04622
1.23274
1.37696
5.55149
1.33051
2.89386
1.4762
1.52713
1.38659
2.24002
1.66041
1.34083
1.80354
1.40231
2.01147
1.1712
1.05674
1.40632
1.15707
4.03769
1.45639
1.01977
1.15549
1.00625
1.34904
1.76611
1.43883
1.84859
1.96729
1.19114
1.17853
1.69463
1.01902
1.08614
1.00475
1.15195
1.01907
1.30199
1.01135
1.47057
1.32892
1.15528
1.65539
1.09864
1.08493
1.36905
1.77793
1.21631
1.27515
1.99406
1.38641
1.10838
1.24152
1.13064
4.05928
2.17768
1.47838
1.33498
1.06497
1.1156
2.01325
1.04453
1.48456
1.16029
1.56169
1.22335
1.40317
1.24115
3.00333
1.57155
1.11594
1.76197
1.12691
2.69141
1.14033
2.0888
1.49743
1.35974
1.04939
1.01214
1.30947
1.71659
1.02162
1.90158
1.17521
1.22794
1.01173
1.03376
1.09116
1.00917
1.42632
1.55724
1.44572
3.57791
1.59535
1.03111
1.33603
1.13341
1.27406
1.12086
3.79971
1.17913
1.08822
1.06088
1.38189
1.2565
1.50877
1.14216
1.03686
1.32376
1.27921
1.1846
1.02814
1.01789
1.28369
1.33799
1.92097
1.16719
1.07206
2.06077
1.39249
1.21952
1.87563
1.0987
1.11152
1.02777
1.84749
1.19035
1.61196
1.23163
1.25912
1.28363
1.03278
2.00612
1.18517
1.08918
1.14994
1.60548
2.47596
2.90782
6.40892
1.16676
2.228
1.07205
2.15792
1.05654
1.15643
1.01409
1.52707
1.3726
1.24479
1.14788
1.19369
1.26955
1.03852
2.02444
2.5029
1.6194
1.85959
1.34896
1.14288
1.13703
1.04165
1.76855
1.51653
1.03217
1.54889
1.21934
1.13977
1.08503
1.42651
1.74325
1.21289
2.07389
1.12082
1.00942
1.13199
1.03615
1.1599
1.2989
1.29429
1.05275
4.12364
1.12894
1.75193
1.88898
1.13265
2.76484
1.41396
1.15208
1.26088
1.03879
1.07452
1.41258
1.04562
1.30999
1.02652
1.02067
1.05624
1.80225
1.18283
1.19267
2.16709
1.06758
1.00748
1.16461
1.01039
1.08636
1.03944
1.0024
1.08321
1.19582
1.11036
1.34175
1.00211
1.10299
1.39881
1.30143
1.22268
1.8346
1.77428
1.30165
1.05335
2.09654
1.50807
1.49863
2.08883
1.32258
1.0486
1.02176
1.84457
2.1671
1.66658
1.35895
1.11271
1.0177
1.28497
4.88598
1.84325
1.06632
1.18317
1.02389
1.0866
1.18888
1.67343
1.34587
2.60513
1.19536
1.84611
1.3642
2.33315
1.05945
1.75222
1.68574
1.2865
1.1426
1.40911
1.14663
1.88284
1.59951
1.42644
1.71238
1.08596
1.42235
1.6103
1.30625
1.09173
1.28063
1.10884
1.1642
1.15784
1.06626
1.43355
1.11706
2.26318
1.40067
1.43
1.05046
1.43314
1.47158
1.11859
1.1284
1.67805
1.1765
1.71281
1.18596
1.23967
1.15334
1.16101
1.10823
1.72157
1.17568
1.07202
1.00277
1.78066
1.11913
2.10346
3.17514
1.4684
2.17011
1.22628
1.09146
1.04955
1.01172
1.29652
1.25928
1.36939
1.82198
1.8677
1.20243
1.33287
1.40183
1.01671
1.38049
2.539
2.03327
1.05198
1.04629
1.26922
1.01347
1.07023
3.47115
1.07327
1.23084
1.24451
1.47407
1.23411
1.05766
3.00819
1.04014
1.11888
1.42635
1.60914
1.38426
1.49538
1.28003
1.31875
1.52051
1.43322
1.06423
4.07834
1.25323
1.05937
1.07289
1.08059
1.27842
2.01595
1.15138
1.23791
1.47948
1.71835
2.09019
2.2375
2.39863
1.90674
1.04679
1.01562
1.12451
1.16318
1.40377
1.11827
1.33488
1.61666
1.19504
1.05968
3.1567
1.60108
1.32744
2.72818
1.22673
1.17487
1.42636
1.58272
1.05231
1.06845
1.14419
1.90562
2.33597
1.15694
2.23096
1.01682
1.10272
2.69734
1.01757
1.02904
1.23625
1.02695
1.15462
1.25701
1.14066
1.65123
2.25018
1.11752
1.68052
1.71376
1.53243
1.32127
1.1286
1.38724
2.12833
1.85544
1.01084
1.01811
1.21537
2.8108
1.5441
1.30967
1.40991
1.02373
2.69475
1.76445
1.19131
1.0268
1.33706
2.76226
1.58149
1.49444
2.08708
1.06336
1.37577
1.05626
1.71275
4.41269
1.18027
1.8654
1.5393
1.1804
1.45149
2.52425
1.43869
1.06175
1.10355
1.24173
1.02988
1.52891
1.29021
2.76851
1.77227
1.16488
1.0259
1.08775
1.50153
1.87658
1.13104
1.29395
1.33766
1.23995
1.79182
1.03438
1.08153
1.58974
1.08614
1.62789
1.35784
4.64052
1.14604
1.03143
1.27196
1.49096
1.04512
1.27409
1.04012
1.00773
1.12604
1.0948
1.32344
1.35672
1.46165
1.4222
1.29771
1.22834
1.23943
1.77377
1.24543
1.56671
1.33378
1.40289
1.41896
1.05603
1.51843
1.58257
1.28047
1.25649
2.37752
1.05294
1.51923
5.19038
1.14186
1.18647
2.06642
1.45928
1.15065
1.4678
1.89518
1.67206
1.0245
1.34437
1.03973
1.95655
1.05976
1.09788
2.30696
1.2665
1.25149
1.58323
1.00652
1.41317
1.00777
1.41125
1.0556
1.16926
1.02888
1.07247
1.03046
1.16504
1.12708
1.41482
2.26472
2.11842
1.31534
1.27851
2.95722
1.35012
1.19487
1.02384
1.13426
1.75189
4.02665
1.05289
1.75952
1.21707
1.14554
1.47013
1.29694
1.4024
1.27063
1.12502
2.37539
1.07494
2.08243
1.15415
1.2187
1.11514
3.53699
1.23415
1.01392
1.6726
1.9871
1.20054
1.26041
1.48025
1.18638
1.39988
1.02829
1.56794
1.58763
1.8942
1.58637
1.1695
1.05918
1.21391
1.82832
1.30694
1.1476
1.69812
1.74285
1.03097
1.55955
1.44134
1.29132
1.29456
1.08738
1.17593
2.75521
1.38274
1.04893
1.13188
1.03792
1.14169
1.18098
1.28722
1.08889
1.58641
1.48347
1.06162
1.00816
1.06023
1.24506
1.0238
1.64763
1.12376
1.46321
1.15401
1.04421
1.0161
1.27228
1.2991
1.57165
2.08168
1.45201
1.15912
1.1324
1.4287
1.54952
1.7664
1.26021
1.55252
1.87873
1.27113
1.48893
2.53766
1.10402
1.17529
1.5743
1.34416
1.06781
1.2213
1.2422
1.20812
1.17675
1.87988
1.09214
2.32601
1.11771
2.17759
1.22074
1.04349
1.15311
1.34742
1.09172
1.01569
1.06471
1.46033
1.39465
1.24114
2.22124
1.49611
1.72052
1.04826
1.58991
1.39044
1.12465
2.28398
1.15323
1.09772
1.26678
3.67228
1.17914
1.06626
1.01987
1.56341
1.83304
1.12229
1.30662
3.80238
2.24222
1.01756
1.51301
1.36811
4.32782
1.84296
2.08931
1.25746
1.05635
2.32394
1.07444
1.79587
1.24213
1.29436
1.29221
1.11652
5.55298
1.00944
1.18337
1.3469
1.14616
1.32382
1.19808
1.11823
1.55889
1.4245
2.81335
1.18297
2.06553
1.688
2.00599
1.03384
1.01272
2.26978
1.02695
1.02126
1.52495
1.06477
1.08884
1.10016
2.99883
1.77502
1.1955
1.11403
1.05424
1.22849
1.00479
1.93178
1.09154
1.19246
1.07841
1.38477
1.10446
1.39659
1.68711
1.19767
1.6134
1.30402
1.3057
1.55694
1.20334
1.01254
1.3589
1.28822
1.04654
1.04681
1.0906
2.94296
1.61851
1.52816
1.01162
1.23588
1.33914
1.11867
1.37977
1.04511
2.04915
1.10672
2.57366
1.57604
1.14751
1.17858
1.9449
1.19716
2.40135
1.63335
1.29773
1.32908
1.31783
1.2233
1.87171
1.35386
2.99655
1.11623
1.01797
4.40215
1.80629
1.55286
3.32161
1.26668
1.36986
1.48038
1.07196
1.8461
1.06709
1.06508
1.83429
1.69254
1.02974
2.00551
2.89905
1.49911
1.32131
1.06496
1.27329
1.07422
2.62277
1.10589
1.04396
1.00617
1.86812
4.02876
1.03931
1.14517
1.02414
1.79264
1.53879
2.17824
1.77804
1.10577
3.67008
1.0106
2.45852
1.09782
1.3728
1.34989
1.11014
1.37298
1.67764
1.3089
3.60654
1.543
1.05151
4.08655
1.03276
1.81917
1.1631
1.02658
1.50477
1.53658
1.19797
1.15364
1.56411
1.50927
8.46665
1.01187
1.53978
1.2168
1.12385
1.59826
1.29542
1.39144
1.17745
1.15015
1.5554
1.14511
1.49803
1.07014
1.09362
1.0869
1.0294
1.0141
1.31665
1.28642
1.17274
1.21497
1.35265
1.40438
1.14173
1.2772
3.66527
2.50532
1.70386
1.06131
1.30803
1.00481
1.06346
1.49365
1.82086
1.08008
2.68096
1.26997
1.41736
1.06068
1.07687
1.04528
1.62972
1.03599
1.04963
1.16828
1.34577
1.30899
2.19655
1.48106
1.05583
1.13482
1.34595
1.36955
1.01964
1.25377
1.27669
1.12642
1.03432
1.06455
1.3497
2.30827
1.75596
1.07137
1.08337
1.84874
1.97802
1.12722
1.90155
1.6424
1.09706
1.52538
1.23647
1.15919
1.26671
1.12708
1.2764
3.56705
1.71153
1.06633
1.52025
1.27405
2.67213
1.33589
1.58888
1.27893
1.47527
1.43174
1.12085
1.31753
1.26132
1.01254
1.08124
1.18227
1.11507
1.44063
1.13382
1.30091
1.44095
1.24958
1.15472
1.41958
1.03021
1.03567
1.63307
1.46385
1.21202
1.21497
1.11454
1.25708
1.123
1.22773
1.57345
1.00257
1.20716
1.1652
1.18507
1.53283
1.00817
1.09289
1.01539
1.15396
2.59708
1.01168
1.71367
1.27503
2.57854
1.29512
1.12607
1.08789
3.30168
1.22992
1.33116
1.39514
1.4342
1.18395
1.29818
1.62182
1.7004
1.23774
1.18787
1.27908
1.01317
1.18293
1.17313
1.30363
1.0045
2.53543
1.32283
1.69522
1.1051
1.384
1.84182
2.69273
1.18985
2.55798
1.29249
1.0745
1.57688
1.0844
1.07604
3.40066
1.26117
1.33691
1.10508
1.03203
1.95342
1.04877
1.13333
1.08342
1.87253
1.26168
1.01269
1.07585
1.04273
1.11955
1.00786
1.3753
1.11952
1.80702
1.1861
1.1581
1.5373
1.44328
1.06961
3.04356
1.04419
1.25626
1.12092
1.09869
1.1182
1.54972
3.8355
1.08242
2.28898
1.13114
1.00983
1.1074
1.0091
1.66033
1.1267
1.20643
1.3495
1.01255
3.20417
1.96809
1.13809
1.16847
1.68834
1.00935
1.53046
2.04745
1.83307
1.14108
1.23554
1.21799
1.14163
1.3705
1.26437
1.61676
1.34901
1.85945
4.23581
2.26271
1.14839
1.23554
1.90801
1.13582
1.26066
1.96623
1.06757
1.06306
1.29918
1.00806
1.0751
1.0816
1.09156
1.55402
1.1306
1.2397
1.0406
1.35835
1.42589
1.10233
1.04725
1.78889
2.89892
1.20774
1.23709
1.12117
1.08191
1.07155
1.48323
1.33912
1.08444
1.00788
1.08285
1.92655
1.03314
1.338
1.13689
1.68594
1.02153
1.16708
1.31535
1.11275
1.27096
1.24424
2.87976
1.21485
1.05568
1.50385
1.02389
1.15777
1.90605
1.00613
1.84146
1.38876
1.03203
2.33526
1.05125
1.12484
1.03111
1.14398
1.17135
1.07224
1.14773
1.04379
1.68448
1.5574
1.40623
1.22471
1.18949
2.37825
1.22339
1.15626
1.29214
6.54974
1.00393
1.17476
1.19915
1.26171
1.28836
1.00752
1.32799
1.01698
1.0002
1.97062
1.01845
2.11276
1.01132
1.24582
1.18259
2.61753
1.01462
1.58885
1.35621
1.02149
1.85334
1.04275
1.28506
1.2001
1.18776
3.80484
1.16772
1.57102
3.25851
1.01668
1.01724
1.16564
1.04668
1.34628
1.00336
1.01458
1.64399
2.09278
1.03437
1.01455
1.0047
1.00085
1.14132
1.18679
1.02606
1.59061
1.08646
1.12125
1.75142
2.0848
1.10869
1.61366
1.19264
1.47043
2.10674
1.27092
1.05602
1.24357
1.75332
1.93101
2.08834
1.14377
1.27158
1.2554
1.58938
1.85129
1.01971
1.08502
1.01641
1.00199
1.40363
1.12328
2.41852
1.04997
3.14785
1.49737
1.62666
1.25042
1.52647
1.34464
1.67637
1.0828
1.33381
1.51276
1.09806
1.88694
1.68109
1.60774
2.65291
1.42945
1.28288
1.16714
1.14651
1.33166
1.49582
1.57908
1.45267
1.60093
1.00448
1.48865
1.59382
1.16736
1.07853
1.5483
1.59267
1.40944
1.01861
1.38486
1.52372
1.66436
1.05682
1.11252
1.21008
1.08618
1.24666
1.05687
1.07135
1.23434
2.31358
1.0486
1.02891
1.27949
1.41707
1.09748
1.66138
1.86687
1.22064
1.50868
2.75859
1.42694
2.48186
1.01536
1.34666
1.0583
1.03371
2.19888
1.55256
1.87905
1.31407
1.43407
1.05451
2.89901
1.08091
1.34748
1.42339
1.52043
1.10358
1.43273
1.08477
1.09833
1.24877
1.53741
2.21589
1.32245
1.10919
1.04861
4.39782
1.34681
1.00872
1.36339
1.31719
1.00412
1.11391
1.17733
1.87374
1.91184
1.73485
1.10554
1.10862
1.01201
1.54185
1.41303
1.13123
1.01621
1.55988
1.57156
2.17039
1.04984
2.02769
2.13551
1.39908
1.00404
2.35991
1.18865
1.06431
1.01654
1.58759
1.08073
1.50229
1.51456
1.01836
1.00589
1.18861
1.19938
1.22579
1.00858
1.16336
1.11212
1.26736
1.28617
1.29928
1.38903
4.40553
1.03699
1.20019
1.21428
1.08621
1.91795
1.2775
1.11724
1.34489
1.08986
1.28695
1.05355
1.12072
1.22967
1.26136
2.31762
1.68604
1.32947
1.06276
1.08989
1.03066
1.05926
1.17064
1.26906
2.16111
1.03045
1.14384
1.85614
1.74537
1.25761
1.10328
1.85541
2.09765
1.02311
4.40876
1.02149
1.13338
1.26185
1.07821
1.10967
1.33563
1.32301
2.09386
1.09157
1.59949
1.22245
1.09672
1.3983
1.11184
1.01559
1.14284
1.0577
1.10661
1.02312
1.40047
1.3413
1.19884
1.02618
1.1461
1.07309
1.01911
1.10192
1.0675
1.09396
2.26165
1.17268
1.49218
1.0341
1.20928
1.71549
1.63426
1.03675
1.21332
1.09833
6.93332
1.3443
1.10164
1.20148
1.34643
6.21527
1.13735
1.10775
1.76964
1.26932
1.65414
1.24478
1.03732
1.05414
1.01721
1.05943
1.07582
1.02038
3.06193
1.03077
1.01019
1.27164
1.29913
1.82214
1.05245
1.26613
1.14609
1.26416
1.09541
1.11244
1.70648
1.17014
1.30966
1.01915
2.20235
2.03519
1.80476
1.12621
1.06643
1.04032
1.07392
1.48515
1.38588
1.26595
1.31161
2.11897
1.06368
1.25903
2.33715
1.43467
1.29507
1.23024
1.16997
1.11155
1.32818
1.81181
1.28569
1.18993
1.2273
2.44516
1.81335
1.33454
1.00607
1.23298
1.01268
2.1251
1.61861
1.06783
1.68053
1.3151
2.40658
2.42419
1.15552
1.36482
1.24618
1.39294
2.44855
1.07231
1.06436
1.01118
1.32897
1.01231
1.78885
1.35162
1.53483
1.13847
1.32812
1.05207
1.04684
1.35129
1.01707
1.11449
1.16513
2.33774
1.32112
1.55067
2.16136
1.09885
1.56238
1.33651
1.28187
1.74912
1.03231
1.42522
1.0281
1.86442
2.00125
1.79961
1.64746
1.21165
1.54115
1.01106
1.06718
1.41225
1.12984
1.02004
1.0862
1.35534
1.01989
1.83761
1.07499
1.09943
1.11851
1.12609
1.14886
2.99115
2.13417
1.32734
1.07396
1.11526
1.81539
1.23994
1.15996
1.18112
1.1397
1.11865
1.22683
1.93398
1.05328
1.30136
1.14638
1.37576
1.48953
1.50673
1.67127
1.43925
1.32225
1.87263
1.29521
1.02858
1.01634
1.98054
1.47051
1.36823
1.19407
4.19816
1.02812
1.32704
1.03086
1.27816
1.07674
1.83129
1.86289
1.06177
1.04901
1.35569
1.08775
1.52234
1.14232
1.09466
1.08485
2.06009
1.1576
1.06154
1.05791
1.05685
3.02093
1.12992
1.19848
1.21787
2.61405
1.74833
2.2693
1.6563
1.4619
1.31933
1.67582
1.52798
1.85397
1.57258
1.52367
1.22427
1.02054
1.23527
1.15865
1.96416
2.16265
1.05268
2.88376
1.12982
1.34614
1.07858
1.64452
1.31034
1.14361
1.65471
1.59266
1.22382
1.12441
1.15804
1.5445
1.21853
1.31442
1.14762
8.63572
1.29279
1.29837
1.00267
1.04104
1.42904
1.03202
1.23687
1.57398
3.52363
1.17673
1.08602
1.3029
1.45063
5.36573
1.20561
1.56589
3.47856
1.29581
1.60345
1.18689
1.32611
1.15011
1.14013
1.7406
1.33813
1.06543
1.10689
1.43548
2.52164
1.48305
1.54786
1.02107
1.11946
1.11966
1.33496
1.19829
1.10034
1.15962
1.15941
1.52219
1.91109
1.95018
1.05358
1.05598
2.41438
1.23568
1.20864
1.24289
1.66256
1.07946
1.42772
1.0855
1.62598
1.54288
1.02424
1.08614
1.06632
1.00072
1.23396
1.1165
2.09719
1.15944
1.00763
1.46224
1.2283
1.08703
1.0784
1.04074
3.67624
1.09434
1.74905
1.70688
1.02224
1.13083
1.30173
1.09175
2.40499
1.18753
1.3679
1.0565
1.30567
1.05673
1.0914
1.79826
4.53736
1.14318
1.1784
1.22257
1.29971
1.51561
1.3031
1.05278
1.3295
1.20661
1.02561
2.16929
1.73945
2.57791
2.09066
1.32237
2.38051
1.02684
1.25815
1.43015
1.29217
1.04369
1.22498
1.38977
1.87458
1.55436
1.63973
1.95277
1.55432
1.07383
1.12347
1.47394
1.6522
1.26102
2.46742
1.37171
1.1351
1.29659
1.11301
1.11697
2.73817
1.02453
1.07555
1.63313
2.65322
1.15037
1.68303
1.042
1.2852
1.03471
1.23235
1.1467
2.03174
1.73442
1.21913
1.18527
1.02275
1.14747
1.31732
1.03472
1.06243
1.67205
1.11996
1.17728
2.35604
1.02378
1.85995
1.46188
1.0124
1.27031
4.18671
2.08414
1.15658
1.14798
1.16066
3.98695
1.20367
1.33933
1.58965
1.17842
1.16249
1.79235
1.05015
1.28406
1.0066
1.13929
1.24191
1.00153
2.68304
3.77799
1.19907
1.03683
1.02771
1.31552
1.24599
1.23813
1.03832
1.01486
1.53742
1.51658
1.04119
1.42701
1.64279
1.38253
1.29598
2.05381
1.65417
1.02593
1.00762
1.26119
1.93137
1.68655
4.41553
1.17738
1.2688
1.1152
1.60524
1.23174
1.27807
1.09334
1.61165
2.03996
3.00114
1.65975
1.13374
1.21089
1.32468
2.41454
1.76276
1.25972
1.26948
1.03877
1.31479
1.28758
1.12332
1.12521
1.17011
1.06843
5.03959
2.2039
1.13342
3.45686
2.07864
1.45152
1.04449
1.31756
1.09634
2.16449
1.19914
2.85402
1.03284
1.2075
2.22327
1.2051
2.22106
1.11523
1.09648
1.23233
2.42719
1.26894
1.9516
1.41974
2.1954
1.32358
2.43953
1.34724
1.25346
1.01528
1.15783
1.47957
1.2443
1.24183
3.06971
1.01851
1.14161
1.10712
1.078
1.27322
1.60037
1.04649
1.09799
1.29023
1.13836
1.52783
1.62565
1.20339
1.22478
2.07416
1.08866
1.15828
1.85764
3.3471
1.15989
1.16796
1.08455
1.08297
2.14373
1.16146
1.0939
1.02471
1.34545
1.21337
2.97806
1.23379
1.21522
1.58843
2.38854
1.16556
1.32275
1.20763
1.44248
1.42575
1.02726
3.91735
1.2933
1.01638
1.15652
1.25415
1.03331
1.00683
1.23392
1.02547
1.12397
3.55104
1.41986
1.4453
1.02247
1.0853
2.00275
1.49088
1.88275
1.07574
1.13694
1.07195
1.28482
1.09324
1.17232
1.21453
1.10466
1.04671
1.28842
1.04984
1.763
1.46026
3.4593
1.01272
1.58413
1.17211
1.13812
1.06256
1.06513
1.04243
1.21212
2.25236
1.12291
1.46747
1.70461
1.88558
1.09056
1.007
3.85935
1.59672
1.16561
1.44199
1.03256
1.00974
1.40348
1.04073
1.34451
2.36585
1.35841
1.12528
1.12131
1.06723
1.89111
2.15308
1.03224
1.03345
1.17081
1.18953
1.36676
1.55637
1.16121
1.66597
2.24821
1.53502
1.01834
1.01498
1.02481
1.86357
1.83141
1.06887
1.06459
4.28205
1.80691
1.10451
1.62584
1.23106
1.11762
1.07182
1.06891
1.10406
2.27068
1.03472
1.35797
1.15729
1.44451
1.2776
1.01616
1.30881
1.46498
1.04628
1.9236
1.00362
1.87716
1.97719
1.09854
1.44582
1.07658
1.21369
1.19151
1.3236
1.09421
1.07253
1.27959
1.20693
1.09451
1.93888
1.07415
1.04635
1.40434
1.457
1.28577
1.18333
1.20282
1.18636
2.55069
1.07155
1.33243
1.08072
1.89949
1.00013
3.55148
1.08245
1.01172
4.95214
1.8566
1.32963
1.23389
3.47248
1.10862
1.38381
2.11347
1.13924
1.00388
1.42081
1.03621
1.11375
2.92356
1.13498
1.01805
4.88034
1.03825
3.4933
1.2424
1.15119
1.07271
1.00428
1.30468
1.31337
1.30568
1.10989
1.01011
1.2415
1.00709
1.75176
1.37493
1.12341
1.1447
1.64989
1.18846
1.06497
1.1422
1.10074
1.18999
4.73718
9.52213
1.02825
1.00773
1.00973
1.0206
1.84683
2.10832
1.63286
1.06137
1.07963
1.40752
2.28973
1.00754
1.78616
1.89268
2.25528
1.12912
1.35268
1.3561
1.00568
2.29295
1.56748
1.96698
1.21108
1.04551
1.01876
1.68083
1.61766
1.32129
1.1684
3.66835
1.37598
1.27409
1.27605
1.24285
1.31567
1.11209
1.2279
1.11401
1.31656
2.58035
3.50826
1.58746
1.97263
1.38275
1.29928
1.8415
1.2066
1.98791
1.59216
1.10987
1.9925
1.33845
1.04557
2.95866
1.48646
1.05053
1.21327
1.18579
1.32944
1.78321
1.87607
1.37499
1.75265
1.12632
1.58072
1.07165
1.22656
1.32851
1.14898
4.22814
1.16916
1.0676
1.04757
1.03443
1.02923
1.33933
1.30975
1.62871
1.12274
1.00812
3.42417
1.22385
1.10309
1.2362
2.24987
1.00177
1.09015
1.21571
1.55307
1.23286
1.07376
1.26442
1.04957
1.02088
1.19237
1.16904
1.04345
1.26016
1.0956
1.70373
1.04465
1.11044
1.27276
2.17827
1.35644
1.40938
1.6312
2.87781
1.06282
2.32916
2.24279
1.03807
1.29215
1.35265
1.16259
2.13887
1.39725
1.28034
1.10801
1.00798
1.54458
1.24992
1.32188
1.80027
1.15059
1.15761
1.88996
1.93657
1.83125
1.15606
2.85701
1.03923
2.11018
1.28867
2.7584
1.42545
1.15237
1.38727
1.90755
1.1177
1.60993
1.12664
1.09731
1.35482
1.31588
1.21914
1.28802
1.19534
2.10082
1.38497
1.71727
1.81497
1.23543
1.23722
1.3606
1.12135
1.10059
2.09655
1.33636
1.82556
1.72271
1.12736
1.70589
1.41192
1.26943
1.53513
1.14066
1.39076
1.87162
1.94481
1.11902
1.4405
1.05228
1.74138
1.21401
1.40686
1.01481
1.34999
1.12846
1.69697
1.9652
2.58123
1.62567
1.72395
1.1649
1.03619
1.03434
1.7797
1.5103
1.58558
1.00515
1.13067
1.16271
1.68356
1.46105
1.12334
1.13216
1.26187
1.00235
1.26284
2.79109
1.12844
2.02815
1.27104
1.13478
2.33032
1.03466
1.08768
1.3924
1.16553
1.05679
1.11579
1.92857
1.03172
1.38731
2.01731
1.14076
1.09812
1.06481
1.03976
1.08673
1.1031
1.09284
1.08243
1.17783
1.04535
1.19418
1.2514
1.66315
1.36985
2.06883
1.48529
1.27035
1.32311
1.62764
1.21271
1.86495
1.21303
1.10558
1.29456
1.4809
1.00392
1.07995
2.79528
1.17605
1.34862
1.29775
1.34397
1.1236
1.2307
1.32394
1.02565
1.22592
2.77663
1.40923
1.23217
1.41437
1.08862
1.4708
4.87694
1.00905
4.70916
1.0938
1.21608
1.48149
1.48707
1.59692
1.69005
1.30059
9.14202
1.16071
1.16177
1.14202
1.09606
1.17452
1.38402
1.00627
1.17041
1.198
1.33282
1.49799
1.36829
1.03986
1.05229
1.04969
1.69389
1.26411
1.20719
1.72732
1.32868
1.56512
1.31143
2.77987
1.40853
1.20806
1.21312
1.14532
2.48585
1.09829
1.16323
1.24761
2.08272
1.23305
1.62685
1.76494
1.92791
1.63715
1.98177
1.60225
1.51224
1.50497
1.05679
1.28824
1.05817
1.06386
1.14219
1.08007
1.06522
1.53318
1.03435
1.89859
1.05847
1.5791
1.86999
1.24755
1.03423
1.61871
1.0483
1.23118
1.0719
1.30561
1.21292
1.52904
1.63683
1.28891
1.27446
1.28831
2.8457
1.20724
1.94399
1.17024
1.0675
1.92035
1.08691
2.35019
1.57275
1.21613
1.01132
1.21815
1.36772
1.07642
4.129
1.22844
1.44209
1.07301
1.87819
1.08751
1.3154
1.80267
3.75334
2.10631
1.02526
1.40977
3.0657
2.23952
1.51649
1.12675
1.17695
1.16078
1.47441
1.10326
1.94892
1.134
1.07576
1.35902
1.46291
1.03797
3.29452
1.13239
1.28876
1.25127
1.02772
1.43245
1.31039
1.00581
1.88402
1.05685
1.06064
1.10639
1.12571
1.34002
1.65213
1.16101
1.2688
1.03386
1.93315
1.0219
1.54267
1.12174
1.17855
1.61099
1.50909
1.48922
1.20013
1.94226
1.7062
1.39918
1.00933
1.00018
1.24219
1.10174
2.18673
1.46765
1.55033
2.39243
1.37342
1.06132
2.6614
1.69269
1.38825
2.37582
1.72792
3.93404
1.15011
1.19251
1.17447
1.74101
1.28849
1.19262
1.05318
1.07567
1.60182
1.12829
2.1228
1.00199
1.57938
1.17799
1.11792
1.26603
1.91965
1.55395
1.12233
1.06843
2.21241
2.78938
2.00606
1.0025
1.01882
1.47238
1.67823
1.1152
1.1299
1.05669
1.05153
1.42631
1.29306
1.03664
1.15652
2.11351
1.62754
5.47064
1.1143
1.00835
1.27353
1.08468
1.61139
3.66875
1.36151
1.18539
1.34544
1.0878
1.38514
1.2903
1.302
1.59102
1.18569
1.01615
1.01953
1.01912
1.64151
1.16023
1.04932
1.08356
1.0899
1.08106
1.31306
1.41175
1.09512
1.29405
1.36641
1.07355
2.62597
1.13047
1.46857
3.0279
1.3839
1.13695
1.15343
1.34428
1.35331
1.19534
1.76717
2.10067
1.65536
1.11265
1.63258
1.2459
1.39881
1.16724
1.60742
1.63117
1.25704
2.27401
1.40923
1.01586
1.27152
1.31446
1.21741
1.07822
1.51739
1.49194
1.11293
1.04081
1.04403
3.754
1.53138
1.42637
1.04224
1.53169
1.00134
1.56454
1.36622
1.06887
1.71489
1.1445
4.74377
1.26767
1.01654
1.42583
1.23728
1.03395
3.96124
1.21988
1.06915
1.21011
1.03617
1.3504
1.33922
2.0605
1.59066
1.42543
1.22092
1.43473
1.032
1.4002
1.61248
1.1127
2.60015
1.34374
1.38124
1.89615
2.41116
1.62564
1.35258
1.13832
1.21369
1.16447
2.77715
3.089
1.44468
1.08933
1.07545
1.56482
1.18954
1.16935
1.35566
1.08628
2.11956
1.16056
1.01836
2.03535
1.07063
1.08187
2.1035
1.17188
1.31051
1.05525
1.01254
1.08745
2.33892
1.16307
1.1006
1.29026
1.66487
1.54027
2.2763
1.03144
1.36111
4.11199
1.45162
1.01606
1.10669
1.04109
2.20944
2.0604
1.16163
1.06388
1.05496
1.28487
1.26781
1.09361
1.97067
1.25184
1.02838
1.26777
1.44374
3.04003
1.06408
1.15411
1.13985
1.88113
1.0223
1.07989
1.03984
1.51408
1.14635
1.54274
1.26976
1.04605
1.13146
1.77888
1.4454
3.3033
1.03095
2.11285
2.05408
1.14842
1.99471
1.43756
1.15465
1.17604
1.29372
1.30805
2.94288
1.20765
1.25059
1.06187
1.27367
1.86083
1.02791
1.0958
2.35989
1.20336
1.04754
1.31024
1.13565
1.49856
1.05132
1.7864
1.22857
1.75964
1.26114
1.00779
1.10719
1.68844
3.2092
1.03244
1.20101
1.72212
1.36269
1.40956
1.02302
1.68182
1.04023
1.18745
3.59054
3.08911
1.11202
1.76233
1.0184
1.16727
1.09427
1.13605
2.94029
1.08691
1.21493
1.41581
1.37916
1.47764
1.11744
1.00061
1.05847
2.38678
1.19167
1.22472
1.10155
3.4509
1.3401
1.19646
1.3816
1.48689
1.36159
1.40397
1.04198
1.34487
1.02791
1.0922
1.5667
1.0572
1.06861
1.54594
1.2182
1.65826
3.58538
1.31558
1.08413
5.27392
2.05815
1.72074
1.30226
1.79012
1.08435
3.91207
1.23162
1.13852
1.12566
1.04463
2.49295
1.1019
4.50821
1.78274
1.03306
3.87
1.20818
2.98641
1.38967
1.32796
2.36763
1.00486
1.1873
1.87991
1.02834
1.12548
2.45328
1.26578
1.02724
1.03581
1.00038
1.22243
1.4248
1.09791
1.27288
1.23054
2.58796
1.13477
1.80116
1.91057
1.13612
1.00018
1.32069
1.45714
1.5108
1.11515
1.01537
1.41274
1.22462
1.45362
1.22216
1.0977
1.01511
1.58853
1.54112
1.34137
4.87389
2.06579
1.16432
1.81349
1.65112
1.78877
1.09927
2.98714
1.29039
5.11036
1.25168
1.16019
1.04287
4.06574
2.48517
1.00553
1.87821
1.92702
1.0804
2.90095
1.28549
1.22929
2.10261
1.98766
1.06013
1.57898
1.26852
1.13171
1.5477
1.3585
1.18498
1.03749
1.57568
1.02949
1.73996
2.05946
2.62056
1.76234
14.0695
1.03974
1.1293
1.74812
1.05077
1.71579
1.2403
1.17693
4.76305
1.67034
1.64174
1.2091
1.08964
1.23438
2.0804
1.36935
1.70883
1.02457
1.01767
3.73077
1.05539
1.40201
1.28115
1.53269
1.06724
1.00023
1.19432
1.01091
1.58315
2.44279
1.24044
1.19176
1.01255
1.27563
1.20071
1.3391
1.39752
1.30176
1.09268
1.49306
1.00631
1.01105
2.51246
1.61804
1.02178
1.5031
1.09358
1.21263
1.17583
2.05449
1.92915
3.97448
1.08661
1.36857
1.33723
1.26271
1.03811
1.02598
1.01674
7.07261
1.65321
1.16897
1.04143
1.11497
2.32128
1.39164
1.00361
2.02315
4.39286
1.25027
1.42878
1.32308
1.00761
1.03191
1.03424
1.12856
2.1435
1.08882
1.08282
2.30738
2.69745
2.21683
1.49547
1.44442
1.01981
2.17188
1.09258
1.06207
1.12074
1.63581
1.43045
1.00069
1.59876
1.37555
1.14681
1.02992
3.67464
1.51078
1.34067
1.61415
1.1587
1.05913
1.9512
1.42059
1.09692
1.06222
3.2344
1.21122
1.04061
1.19997
1.02741
1.04357
4.19643
1.76528
1.08693
1.06341
1.12176
1.1656
1.03784
1.80881
1.00483
1.08381
1.75998
1.35048
1.38706
1.42976
1.51258
1.44954
2.71047
1.15268
1.35121
1.69695
1.06439
1.20036
1.1403
1.24869
1.29108
1.07195
1.71604
1.41263
1.75703
1.66007
1.03443
1.8251
1.30174
1.76093
1.03752
1.33941
2.01689
1.43917
1.51799
1.94235
1.02185
1.16219
1.07925
1.46429
1.3895
1.17093
1.85406
1.08026
1.62306
1.16506
1.02906
1.16585
1.53422
1.01719
1.12187
1.55922
1.84212
1.06977
2.02604
1.47978
1.01057
1.07159
1.1511
1.05342
1.12101
3.16751
1.06626
1.20654
2.10003
1.4136
2.66107
1.16896
1.16097
1.05627
1.02894
1.62275
1.26314
2.06351
1.09525
1.03862
1.04391
1.01618
3.19015
6.61623
1.88113
1.80762
1.61284
1.00248
1.41419
1.0739
1.07101
1.17364
1.43935
1.01677
1.16058
1.53193
1.39264
1.06456
2.31701
1.02791
1.72618
1.02419
1.56977
1.39498
1.91734
1.10369
3.88276
1.41356
16.8466
1.1196
3.85584
1.02791
1.26309
1.18222
1.13288
1.62248
1.07002
1.13764
1.0815
1.06795
1.06571
1.00218
1.23831
1.48849
1.15847
1.09545
1.05512
1.12802
1.06873
1.27286
1.1982
1.2365
1.74336
2.00279
1.92629
1.34772
1.73056
1.09009
1.00802
1.09745
1.52602
1.64001
1.98891
1.00332
2.47139
1.22474
1.90319
2.27232
1.27229
1.28711
1.02374
1.17784
1.44683
1.61821
1.15787
1.09955
1.0429
1.2305
2.0034
1.04451
1.11171
1.11194
1.02778
1.49139
1.11071
1.1335
1.343
1.11696
2.37904
1.20345
1.27015
1.21306
1.05441
1.11774
1.43078
1.04567
1.13852
1.35124
2.87251
1.27341
1.61338
4.19855
1.26062
1.01283
1.14685
1.00838
1.26735
1.48605
7.37364
1.05301
1.05592
1.24033
7.01809
1.88546
1.0478
1.16112
1.7272
1.00959
1.2507
1.06784
1.34211
1.37354
1.41641
1.10878
1.19129
1.15496
2.6492
1.10449
1.38817
1.31333
1.63755
1.42559
1.07522
1.27059
1.37135
2.26046
1.72025
1.06789
1.11492
1.24897
1.60729
1.40913
1.31205
1.3389
1.10845
2.57729
1.4644
1.22487
1.1278
1.15563
1.01598
1.01814
1.47532
1.0128
1.34836
1.10632
1.36673
1.70539
2.99039
1.15988
1.15724
1.10023
1.71237
1.51026
1.5229
1.12805
1.70995
1.88957
3.92213
1.98628
1.11185
1.15105
1.22994
1.22747
1.37615
1.16824
1.5891
1.11686
2.24884
1.42476
2.23387
1.03629
1.09094
1.37188
1.07569
1.1398
1.0823
1.03175
1.09454
2.54767
1.32041
1.21281
1.07288
3.43164
1.21732
3.57823
1.08326
1.27906
1.08615
1.96797
2.22187
1.58171
1.2587
1.91732
1.00018
3.83214
1.09158
1.44841
1.23421
3.38483
1.1009
1.12318
2.55364
1.07641
2.40919
1.28282
1.11093
1.47918
1.3624
1.1698
1.20425
1.09927
1.17452
1.36363
1.17223
1.37047
1.52169
1.02299
1.31271
2.44832
2.08392
1.30107
1.8683
1.25687
1.35983
1.43356
1.1232
1.10771
1.05134
1.01639
1.19747
1.0194
1.00606
2.62837
1.20589
1.05225
1.23803
1.28257
2.27863
1.01871
1.41363
1.00556
1.40655
2.10809
1.40878
1.69884
1.25018
1.02301
1.19635
1.00389
2.59063
1.22797
1.38188
1.03759
1.26545
1.10486
1.6651
2.10034
3.58382
1.13661
2.10897
2.22956
1.03894
1.39462
1.02195
1.07455
1.26447
1.11688
1.04793
1.64867
2.50998
1.8987
1.27149
1.18414
1.05871
1.14466
3.73466
1.30442
1.57548
2.33355
1.29237
1.20889
1.16361
1.36396
1.09726
1.0104
2.42106
2.19744
1.21216
1.23957
1.603
1.52426
1.31424
1.06629
1.12078
2.37838
1.00567
1.02709
1.24802
2.14324
1.03935
1.13952
1.02831
1.70118
1.26045
2.49393
1.34014
1.17291
1.50957
2.8636
1.41303
1.53507
1.14098
1.35283
1.11516
1.23875
1.05956
1.4519
1.12894
1.00754
3.87219
1.00713
2.08493
2.16504
1.13977
1.04134
1.45005
1.05238
1.72388
1.13836
1.70396
1.00989
1.04023
1.12013
1.09655
1.93451
1.00422
1.24229
1.48514
1.35772
1.25848
1.58153
1.09696
1.59542
1.00251
1.03603
1.38853
3.13701
1.58568
1.29972
1.07157
1.00043
1.1885
1.95778
1.89682
1.28831
6.18971
1.03345
1.66666
1.27949
1.19418
1.32347
1.46413
1.27194
1.37049
1.41382
1.28803
2.59751
1.44956
1.0952
1.08679
1.17342
1.07844
3.3998
1.71496
1.06297
1.72424
1.47282
1.46421
1.2264
1.60757
1.45109
1.07442
1.04067
1.41072
1.6348
1.01506
1.58214
2.13038
1.03852
2.4114
1.07478
2.05093
1.06111
1.1525
1.10902
1.0969
1.21198
1.6827
1.08247
1.04201
1.00048
1.02339
1.11792
1.06938
1.54513
1.19683
1.22861
2.49174
1.29262
1.25239
1.35831
1.58306
1.08849
1.0949
1.25508
2.23848
1.11172
1.19299
1.12036
1.20623
1.27752
2.05917
1.05239
1.42472
1.31555
1.73251
1.35113
1.09364
3.165
1.25417
1.6793
1.5032
1.31476
1.05206
1.01382
1.25006
1.08148
1.48448
1.24275
1.87569
1.31099
2.24764
1.70763
1.36024
1.04562
3.26955
1.14296
1.59502
1.58373
1.00091
1.08206
1.72359
1.22151
1.18008
3.5116
1.06397
1.33681
1.02462
2.19706
1.75218
1.34567
1.16706
1.07838
1.13644
1.28722
1.47571
1.20792
1.93637
3.39061
2.27562
1.16408
1.14681
1.02591
1.87779
1.35058
1.23406
1.00243
1.78966
1.07539
1.01161
1.20801
1.78866
1.09674
1.13727
1.08464
1.01778
1.11123
1.30224
1.13862
2.58702
1.05408
2.13902
1.29584
1.37047
1.22244
1.38941
1.15767
1.90706
1.17853
2.0781
1.3226
1.10469
1.18674
1.10057
1.30043
1.00516
1.23844
3.64469
1.18979
2.87928
1.1806
1.35259
1.67914
1.00009
1.25882
1.26162
2.75105
1.17881
1.03404
1.26692
1.26907
1.3942
1.46261
1.15052
1.50899
1.05816
4.63634
1.55192
1.30844
1.49521
1.14795
1.55684
1.01952
1.04194
1.1547
1.00547
1.50704
1.20339
1.74657
1.29073
1.63059
1.1666
1.7189
1.07321
1.46061
1.09689
1.13978
1.29602
2.54076
1.47
1.03259
2.59678
1.17892
1.02957
1.12544
3.70747
1.16555
1.07238
1.13833
1.54411
2.00663
1.26458
1.34869
1.38276
2.08257
1.01794
1.00493
1.37189
1.01303
1.60178
1.07359
1.2187
1.46653
1.51963
1.45386
1.02319
1.87801
2.94219
1.77846
1.02039
1.81002
3.70463
1.26698
1.59187
1.36404
1.45391
1.14481
3.10334
1.01625
1.00341
1.00185
1.49323
1.26409
1.35332
1.33965
1.19309
1.11645
1.69775
2.34511
3.07483
3.07681
1.0059
1.13051
1.73316
2.1313
1.01049
1.62238
1.0021
1.9941
1.00061
1.54552
1.22219
1.04977
1.26309
1.13367
1.04929
1.15749
1.16369
1.0302
1.61976
1.36178
1.05582
2.89211
1.53629
1.03393
1.10131
1.21761
1.09576
1.00806
2.0353
1.17284
1.16564
1.49246
1.28729
1.86202
1.57399
1.33905
1.20243
1.74144
1.13983
2.65989
1.06798
1.07823
1.16837
1.03105
1.50483
1.37925
2.58235
1.4202
1.4593
1.66774
1.24758
1.11838
1.27429
1.67111
1.56823
1.39446
7.32392
3.17856
1.71486
1.16067
1.27503
1.03751
1.03247
1.40105
1.30762
1.02199
1.14857
2.36888
1.57391
1.05824
1.76567
1.85959
1.18937
1.16841
1.13493
1.18752
1.02947
1.03907
1.64534
1.0975
1.23182
1.68486
1.62632
1.38501
1.72916
2.19449
1.27746
1.02735
1.13374
1.39866
1.27988
1.03266
2.79344
1.61751
1.29881
1.04274
1.20629
1.12579
1.011
2.38599
1.71591
1.46788
1.04777
1.04339
1.28905
1.27247
1.00054
1.91718
1.40712
1.60286
1.31908
1.97396
1.06422
1.14417
1.23187
1.03222
1.15401
1.03369
2.43876
1.21909
1.01521
1.07249
1.36345
1.07407
1.5318
1.5307
1.03575
1.09861
1.20068
1.19776
2.25439
1.24399
1.00595
1.00762
1.39268
1.0586
1.00328
2.17406
1.09193
1.15903
3.98707
1.03521
1.06883
1.10705
1.13588
1.17471
3.67837
1.527
1.19399
1.07258
1.01419
1.14159
1.7887
1.06284
2.16707
1.0872
1.31853
1.10192
1.20327
1.16627
1.07696
1.34439
1.46696
1.06037
1.27625
1.14981
2.34493
1.45053
1.16825
1.63926
1.02097
1.09845
1.06924
1.16116
1.25258
1.38358
1.05343
1.56687
1.41192
1.29449
1.87502
1.35051
1.10187
1.00573
1.02329
1.72373
1.18465
1.67882
2.07477
1.08382
1.02506
1.20093
2.05302
2.62707
1.9991
1.02396
1.15288
1.20225
1.12145
1.00704
1.03839
1.26323
1.67754
1.04477
1.19842
1.23162
1.11305
1.1184
1.4672
1.04104
1.0433
1.08868
1.44635
5.90369
1.74396
1.07329
1.05393
1.2295
1.21917
1.05085
1.09724
1.42754
1.03041
1.14548
1.46393
1.4962
1.32032
1.00106
1.01921
1.06747
1.02417
3.42302
2.33088
1.23943
1.52676
1.74792
1.00064
1.01752
1.10473
1.78633
1.0521
2.00507
1.03865
1.23562
1.49509
2.15216
1.13339
1.04875
1.05125
1.03419
1.33603
1.27452
1.09739
1.13336
2.39794
3.15516
1.44185
1.25991
1.63905
1.01768
1.09868
1.8246
1.39893
1.42713
1.2649
1.18766
3.15677
1.19515
1.2557
2.00348
1.10923
1.03629
1.08157
1.06442
1.1326
1.70084
1.29286
1.21177
1.02885
1.25651
1.65976
1.09031
1.1389
2.02744
1.35198
1.40342
1.14898
1.0677
1.05818
3.91862
1.54206
1.52134
1.02563
1.29741
1.10548
3.53435
1.04881
1.2392
1.14065
1.01769
1.52318
1.49633
1.28762
1.15646
1.28387
1.06928
1.16562
1.4183
1.13682
1.26915
1.95491
1.63362
1.16277
1.41437
1.90725
2.00535
1.06131
1.26359
1.03944
1.10407
1.15136
1.30432
1.545
1.14523
1.56979
2.42614
1.04771
1.76999
2.22572
1.40584
1.04215
1.06306
1.07894
2.20803
2.68339
1.10067
2.80349
1.36245
1.21853
1.06801
1.21102
1.17176
1.46919
1.3807
1.28971
1.08773
1.56248
2.0062
1.21825
1.48809
1.40225
1.24445
1.03534
1.59428
1.76654
1.04891
1.80115
2.04618
4.83236
1.00731
1.61484
6.38299
1.4198
3.77584
1.0158
1.23698
1.04883
1.03223
1.39879
1.53929
1.04867
1.50848
1.01062
1.04222
1.03357
2.17009
1.60864
1.02575
1.20373
1.07138
1.27191
1.05379
1.21074
1.01117
1.57762
1.17969
1.19864
1.29638
2.04276
1.59604
1.06933
1.30078
1.68527
1.56027
1.06942
1.12981
1.3497
1.1064
1.58482
1.02439
1.14822
1.09597
1.00173
1.0213
1.23805
1.51627
1.87396
1.03529
1.59069
1.20762
1.05093
1.11526
1.28125
1.03847
1.305
1.13682
1.54163
1.01877
1.22155
1.01901
1.22364
1.12465
5.73291
1.5137
1.07655
1.1765
1.21919
1.04023
1.99252
1.06363
2.27255
1.12353
1.13896
1.10043
3.25271
2.41817
1.52207
1.31659
1.15908
1.56749
1.14831
1.03505
1.11835
1.29508
1.17234
5.61202
4.05535
1.20811
1.03015
1.99852
1.6169
2.80716
1.36125
2.33444
1.61856
1.11418
1.08399
2.52214
1.68906
1.01234
1.41874
2.14888
1.15104
1.27512
1.09077
1.16787
1.60987
1.78313
1.5925
1.53146
1.01242
1.06906
2.00379
3.37673
1.33661
1.14326
1.06502
1.71476
1.06923
1.05677
1.10417
1.25049
1.17597
1.22847
1.07497
2.1603
1.14895
1.08291
1.15278
1.18149
1.19376
6.05324
1.13726
1.20441
1.9557
1.70365
3.06991
2.87048
1.79294
1.04585
2.62576
1.46761
1.21423
1.18358
1.31636
1.06396
1.1304
1.0384
1.07764
1.03726
1.24338
1.79294
1.25837
3.09527
1.57161
3.51244
6.60488
2.8264
1.94903
2.07451
8.88367
1.72786
1.09017
1.27768
1.40058
1.17895
1.297
1.07671
1.14451
1.0327
1.56666
1.42084
1.23651
1.38116
1.07492
1.08864
1.13454
1.09175
1.32882
1.13201
1.0528
1.08254
2.52992
1.2646
1.42404
1.00508
2.04334
1.07187
1.19888
1.61871
1.0398
1.05283
1.17601
1.15656
1.03213
1.06585
1.90663
1.2358
1.67921
1.06664
1.54865
1.11636
1.24481
1.42306
1.79485
1.55249
1.53405
2.00944
1.28202
1.55651
1.04777
2.04681
1.03035
1.18503
2.07183
1.47977
1.52768
1.09649
1.58355
1.05094
2.21083
1.08763
1.44921
1.16599
1.10585
1.66446
1.10271
1.08992
1.0114
1.15334
1.37931
1.86933
1.01406
1.24056
1.48679
1.38761
1.1024
1.49619
1.30293
2.23075
1.51061
1.00802
2.6224
3.38573
1.02436
2.02936
1.19747
1.88694
1.20365
1.01336
1.01694
1.34588
1.44337
1.19252
1.01381
2.4033
3.21427
2.05323
1.62355
1.67416
1.0455
1.03761
1.12435
2.26017
1.20126
1.22717
1.50014
1.00195
1.51892
1.38873
1.70088
1.15937
1.38219
1.12221
1.92214
1.3545
1.20455
1.4977
1.07992
1.2578
1.52051
1.19248
1.06221
1.34348
1.14881
1.04765
1.81254
1.02199
1.14662
1.69265
1.04931
1.00089
1.66224
1.27552
1.71929
2.14096
1.29355
1.02573
1.71525
1.16585
1.47516
1.21149
2.04826
1.08775
1.08884
4.25855
1.13743
1.14668
1.59177
1.47845
1.87817
2.4103
1.28126
1.54961
1.82751
1.28794
1.17909
1.13091
1.61889
1.01526
1.34316
1.37782
1.07841
1.67461
1.62247
2.8288
1.32953
2.11122
1.15634
1.16051
2.73315
1.47663
1.15135
1.09073
1.16997
1.05661
1.06781
3.22784
1.08339
2.7756
1.02378
1.57163
4.50859
1.19744
1.06223
2.17558
1.24667
1.05893
2.21126
1.19155
1.89795
1.37766
1.10775
1.06858
2.38386
1.29334
1.18462
1.24804
1.43436
2.45142
1.22729
1.22094
1.57903
1.0552
1.36597
1.03316
1.42374
1.74545
1.86707
1.12893
3.40211
1.74943
1.15612
1.04235
1.77718
1.24784
1.55834
1.88944
1.86102
1.26133
1.34871
1.74941
1.43186
1.42469
1.18625
1.026
1.03074
1.52049
1.58324
1.25065
1.08774
1.80895
1.09083
1.10892
1.04367
1.1817
1.3217
1.42016
1.05239
1.62338
1.41441
1.02118
1.89265
1.5253
1.00414
5.85556
1.23877
1.3669
1.02089
1.24641
1.4268
1.15301
1.55598
1.12437
1.51382
1.90047
1.06399
1.22206
2.4765
8.50882
4.24893
3.09424
1.45215
1.02432
1.04241
1.25707
1.57837
2.42914
2.1867
1.4215
1.40034
1.01359
1.07218
1.01881
1.01851
2.31107
1.08951
1.19109
1.94329
1.14587
1.50989
1.36574
1.07316
1.03627
1.71593
1.5936
1.72466
2.57659
1.20511
2.50134
1.1465
1.05237
1.05094
1.35878
1.63897
1.46945
1.0436
1.26371
1.06641
1.56355
1.177
1.35581
1.37963
1.58969
1.09004
1.08585
1.19374
2.4318
1.60396
1.197
1.0474
1.07314
1.13223
1.18778
2.09951
1.07466
1.09503
1.12681
1.0624
3.33871
1.14938
1.77106
1.66347
1.11516
1.12959
1.38904
1.34214
1.22764
1.16799
2.17224
1.07044
1.30128
1.73214
3.85987
5.19484
2.31313
1.03176
1.17611
1.16871
1.19439
1.19259
1.08521
1.7683
1.683
1.03706
1.07306
1.47546
1.65678
1.31431
1.17856
1.19479
1.42864
1.71233
1.03494
1.22135
1.08328
1.0019
13.0196
1.10468
1.16214
2.9219
1.80123
4.31306
1.47723
1.1073
1.24329
1.06528
1.69421
1.00292
1.69614
1.03576
1.11168
1.46316
1.14332
1.14151
2.9272
1.42764
1.01304
2.26016
1.22439
1.37107
1.24233
1.2937
1.00333
1.64095
1.14278
1.17605
1.19066
1.56839
1.12517
1.69743
1.10564
1.03022
1.00698
1.02759
1.10875
2.72995
1.18486
1.03068
1.50829
1.05374
1.05742
1.51223
1.5322
1.4649
1.02036
2.1163
1.14909
1.0142
1.34318
1.0813
1.34474
1.14333
1.08816
1.08661
1.62838
1.42576
1.04338
1.14608
1.14171
1.06937
1.64146
1.02136
2.30773
1.98946
1.48179
1.57285
1.58873
2.51635
1.10993
1.35168
1.20327
7.54783
1.03857
1.4168
1.03325
1.03298
1.02024
1.30811
1.06277
1.04783
1.32533
1.22285
1.33413
1.30129
1.66353
1.12323
1.07652
1.04232
1.82015
1.49768
1.60686
1.17932
2.80224
2.25902
1.60092
1.32308
1.86438
1.29855
1.17793
2.04782
1.31016
1.36705
1.32233
1.22537
1.15089
1.09422
1.67621
1.13432
1.27899
1.12532
1.07819
1.33376
1.01543
1.09013
1.21295
1.58169
1.96599
1.22153
1.52571
2.46978
1.15472
1.30312
1.08923
1.23006
1.44318
1.03585
1.45411
1.12756
1.00892
4.23618
2.51185
4.02291
1.78468
10.8646
1.20702
1.20948
1.62768
1.39071
1.17083
1.58013
1.66208
1.35147
1.12292
1.12115
1.09059
2.18386
1.93309
1.17276
1.22476
1.40579
1.24114
2.00506
1.70329
1.09271
1.20041
2.69879
1.03765
1.56225
1.12564
1.14294
1.08077
1.24613
1.05866
1.55947
1.07264
1.49632
1.89581
1.13728
1.18925
1.08235
2.05076
1.21842
2.02056
1.04306
1.73743
1.04393
1.05795
1.0745
2.72701
1.06325
1.37777
1.3482
1.38249
1.13624
1.05
1.44458
2.42087
4.00614
1.13814
1.36497
1.02766
1.50925
1.60873
1.76058
1.06517
1.82325
1.12081
1.01169
1.05925
1.54659
1.17171
1.65324
1.41629
1.12505
1.68591
1.30033
1.74828
1.43988
3.18018
1.87417
1.19119
1.08587
2.08584
1.30443
1.01185
1.23154
1.04875
1.1196
1.12673
1.02768
3.83941
1.2407
1.11516
1.06129
1.19431
2.43213
1.07613
4.52312
1.15154
1.8774
1.31857
1.74523
1.12578
1.02251
1.31957
1.00257
2.11994
1.14165
7.41936
1.00313
1.00886
1.04738
1.45517
1.4282
1.47094
1.03657
1.11274
1.03054
1.57535
1.18442
2.03485
2.58348
1.00127
1.87845
2.49059
1.6729
1.12146
1.57903
2.67108
1.0347
1.01124
1.43554
1.28355
1.59983
1.25118
1.01822
1.00401
1.20581
1.64105
1.38564
1.02621
1.31867
1.05417
1.02759
1.26384
1.14978
1.01239
1.16417
1.27442
1.208
1.62796
1.26584
1.26367
1.49475
1.02722
1.37666
1.94557
1.83845
1.02316
1.16228
1.55253
1.61249
1.06909
1.4579
1.60372
1.67458
1.28129
1.4112
1.40405
1.07487
1.08141
1.24108
1.2725
1.07415
1.48802
1.81653
1.24466
1.32449
1.17141
1.03528
1.19846
1.68192
1.08157
1.13837
1.37294
1.43541
1.12412
2.48604
2.09519
1.12344
1.54579
1.5097
7.4858
3.20645
1.13015
1.02286
1.02495
1.11798
1.1637
3.03516
2.78512
1.06495
1.03293
1.95362
1.89875
1.2955
1.52108
2.43382
1.53264
1.52472
1.01573
8.62921
1.3183
1.28238
1.24837
1.31286
1.34842
3.13557
1.58491
1.26577
1.06072
1.30468
1.37992
1.09681
1.02974
4.08244
1.33466
1.37111
2.51088
1.13999
1.14213
1.08537
1.23175
1.05232
1.59436
1.82573
1.03767
2.80817
1.23456
1.10741
1.87066
1.50077
1.28308
1.2476
1.14953
1.85315
1.07865
1.04878
1.12445
1.18079
1.44043
1.65849
1.22766
1.02501
1.13097
1.38798
1.18715
1.04051
2.58701
2.13993
1.56527
1.04126
1.75108
1.02708
1.86663
1.41896
1.14521
1.06039
1.06848
1.03017
1.0538
1.2238
1.37067
1.18276
1.4245
1.20776
1.10098
2.1557
1.01705
1.13639
1.21806
1.25355
1.30809
1.11979
1.28089
1.83176
1.04601
1.49487
1.52594
1.26537
1.10249
1.15273
1.00614
2.05828
2.74074
1.50085
1.3925
1.52381
1.57944
1.02047
1.00793
1.34997
1.88658
1.16304
1.83519
4.61069
1.59271
2.36998
1.52878
1.70563
1.66667
1.2759
1.16465
1.34516
1.56358
1.46911
2.64116
1.47612
1.033
1.09606
1.66039
1.661
1.32613
1.11352
1.0205
1.0703
1.10974
1.4526
2.30654
1.06116
1.11238
3.96483
2.50733
1.36353
6.15879
1.3605
3.06449
1.73987
1.04853
1.63098
1.28359
1.95878
1.18068
1.30736
2.5352
1.99768
1.19919
1.63716
1.80543
1.15182
2.11603
3.09079
1.25198
1.48845
1.74141
1.09834
1.32691
1.21582
1.70734
1.1039
1.86467
3.99555
1.93417
1.17022
1.67126
1.1236
1.05673
1.2062
1.02573
1.13354
1.01058
1.09885
1.14513
1.51309
1.06913
1.12819
1.42023
1.1852
1.04999
1.16827
1.02765
1.32187
1.14694
1.43028
1.15366
1.01703
2.10196
1.06722
1.39981
1.15598
1.01133
1.09419
1.36695
1.1116
2.60042
1.10996
1.03076
2.84849
1.15332
4.42705
1.79238
1.05009
1.54624
1.18492
1.14602
1.23593
1.07117
1.49259
1.28898
2.56161
1.74829
1.9669
2.35535
1.037
1.03475
2.6828
1.01805
1.03291
1.17615
1.04033
1.42916
1.28093
1.08936
3.52962
1.36333
1.29801
1.06123
1.64085
1.14949
1.14916
1.117
3.87145
1.2067
1.01039
1.07915
2.18268
1.76237
1.27646
1.14484
1.51177
1.56547
1.48771
1.10016
1.35433
1.12645
1.51168
1.09958
2.08529
1.38046
3.05426
1.95122
1.48876
1.10028
1.09921
1.10511
5.1437
1.20729
1.23775
1.00086
1.04253
1.00157
2.30082
1.11972
2.04554
1.08378
1.10041
1.27698
1.04907
2.09851
1.5087
1.51107
1.05437
1.08882
1.13663
1.14983
1.763
1.02968
1.02353
1.37895
1.04706
1.28351
1.08405
2.56905
1.24134
1.90919
1.2835
1.1986
1.48659
1.85612
1.73726
1.14613
2.47126
1.08756
1.25444
1.08994
1.43595
1.03186
1.10283
1.56014
1.28057
1.13439
1.41543
1.36258
2.13343
1.62206
1.04872
1.286
1.70384
1.085
1.52217
1.5364
1.02787
1.14648
1.31652
1.11776
1.2587
1.09312
1.15678
1.43205
1.07972
1.31104
1.04938
1.00787
1.85402
1.02694
1.27329
1.45001
1.23277
1.11055
1.20611
1.26712
1.10009
1.31664
1.12398
1.61742
1.12599
1.99994
1.95549
1.70013
1.03546
1.15338
2.40847
1.09499
1.35324
1.05819
1.37886
1.046
1.08038
1.08085
1.10329
1.4643
1.02463
1.79088
1.3276
1.1417
1.32145
2.5531
2.40502
1.11425
1.18802
1.60511
1.0197
1.37428
1.87019
1.11274
1.01092
1.93026
1.60567
1.9102
1.1002
1.17452
1.68874
1.29124
2.48151
1.26185
1.46815
2.51771
1.07485
1.176
1.48157
1.06426
1.48346
3.06599
1.18092
1.44963
1.15654
1.0596
1.17554
1.95552
1.19505
1.3599
1.46352
1.21238
1.82884
2.76574
1.3128
2.017
1.04533
1.16771
2.32434
1.03747
1.18248
1.18823
2.24768
1.41818
1.62508
1.18045
1.11633
1.51496
1.06112
1.65413
2.58454
1.60258
1.08322
1.33719
1.03797
1.21791
1.13982
2.31401
2.03612
2.04144
2.50577
1.22628
1.05133
1.22802
1.0279
1.98125
2.10811
1.13652
1.04747
2.75382
1.21708
1.66733
1.67706
1.20587
1.4551
1.27455
1.1758
2.57819
1.26205
1.5024
1.32032
1.07184
1.12176
1.03406
1.95657
1.03421
1.18272
1.23887
1.07948
1.95484
1.2572
1.18882
1.56168
1.01198
1.69381
1.68263
1.01891
1.19018
1.30124
1.02149
1.34385
1.13183
1.14842
1.14517
1.7369
2.10288
1.56707
1.15658
1.22844
2.42921
1.03443
2.01341
1.41111
1.21048
1.07384
1.46683
1.00509
1.04955
1.91834
1.12501
4.41159
1.08524
1.72158
1.04824
1.4254
1.09351
2.22804
1.40016
1.18587
1.33831
1.0621
1.59052
1.26773
1.08151
6.13039
1.20873
1.02139
1.60761
1.89761
1.49615
2.30269
1.09351
1.05859
1.48952
1.04294
1.31953
2.35574
1.0953
1.14444
1.41517
2.40513
2.54437
1.48982
1.2318
1.09992
1.41899
1.02778
1.47452
1.09518
1.15036
1.35678
1.141
1.16367
1.12806
1.43147
2.49557
1.39229
2.35359
1.60405
1.28384
3.35202
1.2025
1.03294
1.16119
1.17365
1.29423
1.14448
1.05721
1.05456
1.27411
2.47415
8.51801
1.1732
1.33959
1.95638
1.56672
1.19838
1.10343
1.63681
2.19965
1.09656
1.25601
2.55325
2.17044
1.00172
1.04157
1.28101
1.68738
1.04126
1.16363
1.04636
1.09863
1.00525
2.49605
1.41242
2.28126
1.11114
1.33635
1.09298
1.0829
1.37353
1.09007
1.15162
1.05977
1.41407
1.36965
1.16182
1.00096
1.13869
1.11368
1.03273
1.17029
1.06381
1.05883
1.87895
1.09346
2.47751
1.31534
1.00136
3.31018
1.04021
1.74916
1.03197
1.48269
1.38842
1.35444
1.14617
3.5617
1.22398
1.83221
1.17827
1.22105
1.27606
1.64053
1.48589
1.04167
1.14642
2.56032
1.34479
1.44627
1.00422
1.0097
1.00701
1.14902
1.04657
1.47396
1.01007
1.14282
1.05732
1.42646
1.02578
1.43688
1.03519
1.42772
1.01032
1.01597
1.08478
1.23055
1.58428
1.2253
1.05376
1.07993
1.14759
2.84517
1.05982
1.43498
1.43815
1.11203
3.04809
1.04716
1.24893
1.33793
1.1037
1.22472
1.02971
1.0544
1.18306
1.06921
3.97028
2.34045
1.10045
2.51444
1.19646
2.69825
1.00807
1.31624
1.04842
1.47955
1.27688
1.20416
2.56546
1.25166
1.14575
1.0693
1.56634
1.47114
1.153
1.05202
1.54571
1.31621
1.19778
1.05473
1.01999
1.80696
1.04106
1.28152
1.14985
1.01557
1.03826
1.40375
1.14239
1.1311
1.08706
1.15015
1.1826
1.2613
1.44701
1.16713
1.06309
1.25113
1.01085
1.38023
1.55066
1.458
1.02439
1.11079
1.02614
2.35278
1.5753
2.893
1.65187
1.10681
1.0543
1.13027
2.28701
1.12437
1.00929
1.06867
2.16541
1.42606
1.1033
2.17975
1.13869
2.12121
1.32395
1.2356
1.25675
1.22753
1.92521
1.00192
1.51871
1.36735
1.4385
1.14765
1.10595
1.6902
1.1357
1.09161
1.31698
5.64552
1.41829
1.31884
1.83841
1.15107
1.53027
1.00145
1.07995
2.18071
1.86834
1.61498
1.02586
1.08102
1.13064
1.26014
1.01081
1.97567
1.13304
1.04537
1.65009
1.35194
2.53449
1.11298
1.2431
1.97205
1.15602
1.20074
1.03272
1.89318
1.55802
1.01384
1.42817
1.39561
1.57797
1.12233
1.30469
1.00159
1.01877
1.60714
1.01939
1.04788
1.04186
1.0203
3.6212
1.45546
1.02128
1.15021
1.08816
1.2407
1.63845
1.01685
1.26373
1.05261
1.19231
1.16928
1.15509
1.36403
1.47602
1.0755
1.2158
1.64429
1.4564
1.70728
1.1202
1.04672
1.49271
1.66645
1.04573
1.04362
1.62927
1.05286
2.3918
1.96151
1.21768
2.20037
1.46124
1.1475
1.26213
1.85636
1.06488
1.04294
2.77637
1.1108
1.07177
1.0044
1.19392
1.23778
1.04459
1.09209
1.36141
1.125
1.25114
1.27969
1.34201
1.01073
2.2753
3.86301
1.2607
1.24039
1.27336
1.29475
1.11914
1.91171
10.4759
1.43871
1.06309
1.73763
1.18947
1.92079
1.34264
2.04353
1.68732
1.39147
1.10502
1.19674
1.11108
2.29966
1.4315
1.09864
1.77457
1.05133
1.49121
1.16194
1.29226
1.07016
1.29548
1.01102
1.51215
1.26798
1.10514
1.76465
1.56551
1.20229
1.03678
1.20783
1.10987
1.52657
1.92929
1.02275
1.65534
2.11494
1.04252
1.04515
1.24427
1.25148
1.1181
1.01824
1.38325
1.07303
1.14327
3.05155
1.32369
1.46742
1.45714
1.05867
1.88971
1.34517
1.26796
1.13915
1.55922
1.07672
1.07256
1.12364
1.02442
1.24005
1.62003
1.76778
1.10651
1.76744
10.0931
1.0339
4.32571
1.31818
1.05123
1.46774
1.27308
1.1317
1.12556
1.25779
1.05683
1.0175
1.07759
1.17693
1.16538
1.09762
3.15521
1.45346
1.10125
1.18874
1.26611
1.30241
1.42768
1.96152
1.83835
1.02287
1.16237
2.22169
1.52304
1.01369
1.03029
1.38348
1.15434
1.46355
2.64678
1.51183
1.02978
1.03198
1.10638
1.31123
1.32541
1.02332
1.02558
1.05568
1.20568
1.61978
2.90111
2.7651
1.04101
1.02006
1.05863
1.42663
1.05989
1.11252
2.35954
1.25608
1.03271
1.39909
1.26474
1.45849
1.05658
1.11201
4.0928
1.4242
1.86692
1.21753
1.89865
1.98125
4.35421
2.21854
1.35421
2.69398
1.24883
1.35929
1.45799
2.04293
1.70467
1.50697
1.16948
1.51715
1.1147
1.28708
1.12401
1.04563
1.0085
1.43699
1.31672
1.66798
1.14971
1.00425
1.55315
1.0078
1.03222
1.73335
1.59656
1.0751
1.17569
1.13437
3.66284
1.18866
1.59649
1.15634
1.26482
1.56148
1.19228
1.23798
1.08143
1.84668
1.51888
1.21478
1.04417
1.02935
1.02559
1.02223
1.51493
1.35273
2.41516
2.62939
1.57858
1.09064
2.34816
1.15749
1.01582
1.08029
1.21282
2.99265
1.29503
1.25479
1.22682
1.02117
1.33904
1.03124
1.19089
1.35734
1.72605
3.8067
1.03207
2.0426
1.16053
1.68785
1.01633
1.31403
1.03081
1.40362
1.40364
1.06701
1.1395
3.20728
1.54958
2.89441
1.21718
1.11649
1.29788
1.33195
1.70748
1.13322
1.92869
1.31012
1.56589
2.06156
2.55713
2.06345
1.15427
1.41206
2.17908
1.45737
1.22472
1.32511
1.08927
1.17434
1.15754
3.05471
1.11654
1.06862
1.05753
2.49915
1.09106
1.3219
1.29004
1.10098
1.96513
1.41689
1.02974
1.07792
1.22683
1.67322
2.36348
1.03352
1.03647
1.73235
1.03319
1.15251
1.22485
1.28283
6.2895
1.42878
1.58992
1.01711
1.12919
2.21864
1.64597
1.38967
2.01184
1.03434
1.574
1.22941
1.06713
1.0866
1.38001
1.22681
1.07311
2.23216
1.45554
2.48899
1.26229
1.4751
1.13591
1.00885
1.5615
1.03078
2.32797
1.32971
3.15516
1.56759
4.70216
2.30852
1.17375
1.91247
1.1963
1.256
1.32731
2.6952
1.13904
1.29571
1.2637
1.46181
1.41444
2.067
1.05632
2.36757
2.10275
1.33372
1.4406
1.03165
1.06275
1.59626
1.17578
4.24859
1.21709
1.02677
1.00705
1.00203
1.08328
1.29097
1.37471
1.29248
1.18762
1.47212
5.44761
1.06447
1.2177
1.08509
1.22325
1.02574
1.34217
1.0046
1.34831
1.04419
1.15622
1.01154
1.27895
1.0057
2.24314
1.44539
1.0438
1.93548
1.27285
1.46889
1.65749
1.07171
1.20885
1.66323
1.14377
1.11806
1.11347
1.77671
2.8955
1.19585
1.25632
1.18162
2.10292
1.3809
1.06788
2.23848
1.09148
1.68442
1.04845
1.12212
1.39028
1.02646
1.42796
1.29487
1.17067
1.3464
1.02375
2.33091
1.26744
1.26467
1.50585
1.07892
1.38869
2.05259
2.21259
1.11382
1.09879
1.18701
1.01844
1.97496
1.09459
1.06821
1.34428
1.50139
1.34469
1.19846
1.53297
1.14427
1.46149
1.39779
1.09047
1.04328
2.28603
1.16336
1.43651
1.04769
2.4472
1.92825
1.13835
2.04898
1.24004
1.04169
1.02869
1.13386
1.0747
1.01123
2.30161
1.91896
1.10042
1.22545
3.43107
1.00113
1.05855
1.60865
1.8974
1.6555
1.03974
1.02955
1.14859
1.09613
1.02043
1.62135
1.09301
1.68619
1.11572
1.26583
1.50744
2.14699
1.33372
1.12633
1.12229
1.17392
1.71169
1.04514
1.9183
1.06639
1.32867
1.00896
3.55193
1.04359
1.04308
1.39384
1.11756
1.29899
1.40804
1.15706
1.18591
1.37709
1.56942
1.58664
1.36238
1.02717
1.67954
2.79883
1.14063
3.00213
2.41847
1.24855
1.05
1.09329
2.19409
1.31676
1.15549
1.04363
1.73579
1.11718
1.37026
1.17264
1.31299
1.0748
1.7859
1.30374
1.08072
1.10241
1.05134
1.73968
1.01092
1.24567
1.17068
2.61239
3.16105
1.03737
1.26732
1.04055
1.07032
1.47523
1.67219
1.24947
1.28406
1.0481
1.17383
1.25612
2.1632
1.13365
1.2665
1.72974
1.0857
1.8529
1.30183
1.01771
1.03708
1.28211
1.16792
1.1124
1.01063
1.64031
1.169
1.55258
1.55098
1.24619
2.50043
4.89398
1.03654
1.36543
1.04991
1.10488
1.47549
1.12337
2.05837
1.74013
1.62022
2.26758
1.43698
2.08312
1.00535
2.1956
1.05273
1.09012
1.20844
1.19978
1.55767
1.05154
1.68797
1.13668
1.00571
1.63149
1.17989
1.03262
1.16914
1.08859
1.51633
1.85781
1.36999
2.21198
1.46924
1.02477
2.941
3.23285
1.10008
1.08075
1.05212
1.04565
1.16519
1.68858
1.19397
1.15422
1.74605
1.25575
1.30814
1.40054
1.2261
1.13796
1.47347
1.19586
1.34268
3.37977
1.38107
1.3563
1.12774
1.39373
1.29139
1.23016
1.02196
1.03748
1.18167
2.93031
1.00767
1.1865
1.56846
1.15306
1.1503
1.22015
1.2752
1.27807
1.35475
1.86095
1.00667
1.03176
1.09902
1.0628
1.14607
2.22073
2.04252
1.05045
1.02352
1.48916
1.67
2.00283
1.44808
2.60349
1.51459
1.03134
1.06584
1.09414
1.65517
1.01515
1.03572
1.198
2.11782
1.33252
1.44
1.25483
1.27761
1.94101
1.08506
1.06904
2.31268
1.15217
1.89729
1.45475
1.95841
1.33028
1.01506
1.8106
1.03687
1.76255
1.06462
1.02651
1.10036
1.1079
1.18286
2.02855
1.13978
2.78504
1.69694
1.24309
1.25155
1.14533
1.27684
2.00268
1.51489
1.9519
1.26473
1.71706
1.15118
1.27071
1.45661
1.39489
2.20427
1.57536
1.22653
1.12496
1.03358
1.2947
1.01164
1.1781
1.10458
1.28714
1.53749
1.03276
1.23
2.4838
2.1716
1.02138
1.00838
1.09512
2.27495
1.09563
1.10225
1.36981
1.39491
1.7764
2.0744
3.15125
1.35694
1.15538
1.4414
1.00461
1.22559
2.25219
1.12153
1.03419
1.12109
1.22832
1.10443
1.27999
1.39602
1.03443
2.18401
1.06627
1.00426
2.56547
1.04035
1.16285
1.06647
1.015
1.56717
2.24187
1.43951
1.12046
1.39376
1.01136
1.04997
2.19165
1.03234
1.05591
2.06899
1.13893
1.19128
1.52605
1.80044
3.13483
1.08915
1.13264
1.4124
1.41548
1.01902
1.23041
3.78492
1.74249
1.26681
1.1628
1.06018
2.31128
1.40852
1.02826
1.30405
1.13617
1.02959
1.96002
1.73669
1.17866
1.90069
1.58946
1.42426
1.45523
1.40753
1.10482
1.67582
2.67933
3.62481
3.8937
1.04551
1.0539
1.09329
1.70391
1.25222
1.12428
1.57817
1.15641
1.04486
1.56026
1.03839
1.43148
1.25764
1.65494
1.0264
1.78678
2.78686
1.35787
1.24473
1.29615
1.42875
1.66703
1.04818
1.06876
1.15947
1.50929
1.94038
1.13451
1.12975
1.26816
1.12879
1.04377
3.42267
1.43
1.19848
1.21407
1.00537
1.09923
2.42825
4.40569
1.03401
1.56717
2.53654
1.2179
1.13379
1.05697
1.10049
1.75729
1.25293
2.22718
2.40234
1.93694
1.27378
2.73074
1.043
1.02759
1.54991
1.09154
1.75674
1.05128
1.85487
1.20317
1.15839
1.01949
1.0547
1.10938
1.14362
3.76509
1.6276
1.02777
1.36525
1.09397
1.38754
1.00718
1.26243
1.12734
1.0193
1.05434
1.03561
1.01622
1.16211
1.1405
1.19224
1.6019
1.60262
1.13764
1.03137
1.16029
1.41632
1.07342
1.46067
1.31054
1.05675
1.2891
1.07747
1.4749
1.126
1.23038
1.01403
1.03883
1.11953
1.7805
1.22967
1.07294
2.14597
1.09354
1.17701
1.0973
1.03257
1.08049
2.34322
1.06107
2.35464
1.08328
1.19231
1.00062
1.42798
1.40774
1.15546
1.89798
1.33632
1.62057
1.44823
1.05621
2.16115
2.07389
1.04991
1.00076
1.75395
1.02617
1.19377
1.01166
1.23441
1.13173
2.44235
1.15071
1.11046
1.2257
1.02624
1.20422
1.05458
1.22406
1.03933
1.02187
1.17651
1.20327
2.03891
1.28728
1.64339
1.19097
1.37694
2.10542
1.0632
1.31993
1.28405
1.19467
1.45196
1.27174
1.48688
1.21799
1.31185
1.04745
1.81449
1.25987
1.67668
1.20199
1.65183
2.10466
1.06929
1.17208
1.21737
2.02835
1.09162
4.82647
1.01357
1.36553
1.05212
1.03169
1.06713
1.00756
1.2823
3.15834
1.60073
1.17959
1.48925
1.06104
1.17934
1.04651
2.52304
1.19306
1.68218
1.05407
1.34322
1.15848
1.12115
1.41367
1.1926
1.10448
1.53924
1.21807
1.63581
1.16171
1.30879
2.31725
2.03229
2.20755
1.19233
1.19133
1.49486
1.53656
1.35062
1.126
2.98022
1.0336
1.06614
1.0926
1.32805
1.25453
3.05779
1.02155
1.61376
1.69069
1.04647
1.23409
1.02814
1.08756
1.58112
1.65139
1.22173
1.59564
1.21204
1.02657
1.12876
1.02297
1.0183
1.43552
1.87721
2.0614
1.0035
1.30617
1.23336
1.36044
1.07771
1.04203
1.95538
6.0741
1.31556
3.45237
3.22953
1.66489
1.43933
1.16194
1.69128
1.1581
1.26456
1.37738
5.98683
1.77682
1.35473
1.00607
1.09427
1.75782
1.54844
1.07393
1.53935
1.13012
1.07137
1.13252
2.33308
1.95591
1.49219
1.16745
1.80888
1.13893
1.27725
1.04017
1.02873
1.38827
2.10369
1.66206
2.16539
1.00244
1.31167
2.0693
1.07024
1.09908
1.24357
1.24162
1.0191
1.23317
1.34156
1.13204
1.00043
1.64174
1.76355
1.37127
1.01734
1.22784
1.53884
1.00283
1.06536
1.9486
1.2611
1.37403
3.93024
1.04325
1.1423
1.27952
1.05988
1.31354
1.06509
1.67964
1.67381
2.35518
1.06618
1.45878
2.3945
1.47158
1.21523
1.20321
1.04855
2.72551
1.27763
1.35129
1.20887
1.09559
1.54214
1.68841
1.00937
1.32985
3.22195
1.91121
1.53754
1.06019
2.02781
1.60913
1.03335
1.40859
1.18209
1.25019
2.04177
2.1319
3.29698
1.08193
1.12612
1.3099
1.34528
1.07562
1.13297
1.06788
1.31314
1.50186
1.27059
1.04634
1.22491
1.038
1.18024
1.14251
1.05173
1.00611
1.54864
1.98753
1.10971
1.04629
1.09732
1.05387
1.18204
1.04465
1.25602
1.03395
1.22419
1.36126
1.7409
1.10328
1.39867
1.33301
1.17024
1.18633
1.56553
1.67732
2.07615
1.31071
1.40127
1.03292
1.15108
1.39271
2.53316
2.5885
1.68687
1.1324
2.32276
1.05166
1.66359
1.41958
1.09452
1.12232
1.75296
1.00303
1.17469
1.69468
1.12111
1.23677
1.17611
1.09542
1.44864
1.63766
1.05264
1.00619
1.08747
1.67502
2.8794
1.05532
1.22351
1.03807
1.52896
1.00223
1.40335
1.03898
1.41929
1.23289
2.50473
1.02366
1.10097
2.33068
1.14411
1.12086
1.19909
1.1544
1.10561
2.11737
1.07895
1.11511
1.286
1.01885
1.2146
1.35322
2.143
1.13989
1.05371
1.83133
1.03341
1.40312
1.35962
1.24789
1.05271
1.01935
1.04263
1.75036
1.18208
1.41459
1.37738
1.32616
1.51963
1.55333
1.13701
2.33463
1.01164
1.05411
1.05501
1.4075
1.74679
1.12881
1.1401
1.07844
3.68091
1.07382
1.34473
1.05435
1.01344
2.49991
1.45612
1.30267
1.00331
1.11281
1.06162
1.17516
1.10406
1.42021
1.00591
1.3046
1.22443
1.02448
1.62983
1.41994
1.02591
1.79455
2.1646
1.17917
1.15753
1.59318
1.01646
1.14046
1.4633
1.72516
1.91772
3.63105
1.0736
1.68955
1.13434
1.94761
1.55295
1.2171
1.03709
1.09124
1.16658
1.00782
1.01642
1.12658
1.44425
1.1458
1.75412
1.51053
1.34327
1.23565
1.00127
1.24518
1.09982
1.19878
1.10023
1.8257
2.41392
1.21317
1.59461
1.1349
1.09145
1.0342
1.218
1.07575
1.15206
2.00669
1.4665
1.16344
1.0506
1.23379
1.72059
1.09012
1.43233
1.05712
1.30156
1.01334
1.07658
1.01524
2.6663
1.8922
2.99271
1.37376
1.39515
1.24755
1.17279
1.43792
2.49139
1.11738
1.32965
1.10973
1.36137
1.03606
1.14264
1.14094
1.57855
1.18428
1.26058
3.7249
1.06279
1.49118
1.76241
1.03219
1.50637
1.71124
1.18261
1.50403
1.06556
1.05513
1.99514
1.08615
6.92298
1.06838
1.46824
1.06121
1.0841
1.39579
1.07281
1.31459
1.01384
1.12208
1.1527
1.08246
1.25328
1.2458
1.23173
2.64008
1.09752
1.50652
1.36284
1.12092
1.1172
1.8073
1.14378
1.97129
1.06675
1.3458
4.02334
1.80658
1.09787
1.21432
1.01733
1.13611
1.51768
1.49558
1.40027
1.22228
1.31074
1.13011
1.431
2.27742
1.09929
1.03635
1.32301
1.87909
2.07306
1.80187
1.2907
1.42315
2.09472
1.31212
2.50436
2.09499
1.30149
1.02721
1.01264
1.41823
1.01941
1.29226
1.09178
1.53837
2.50336
1.19691
1.04753
1.59421
1.00298
1.20464
1.32075
1.2748
2.63946
1.14574
1.19445
6.13123
1.17114
1.5256
1.01919
1.21249
1.04028
1.11248
1.3619
1.35761
1.64543
1.03631
1.09174
4.55105
1.04906
1.35579
1.30812
1.03465
1.1306
1.10513
1.2456
1.35035
1.73672
1.56286
1.30913
1.36262
1.42883
1.21693
3.21529
1.09403
2.4085
1.11716
1.0311
1.01031
1.22332
1.36189
1.01976
1.32933
1.00115
2.50518
1.05839
1.02697
1.10464
1.0975
1.55242
1.82828
1.09011
2.14753
1.09509
1.35106
1.17821
4.04643
1.84579
1.14005
1.21952
1.07636
1.555
1.13563
1.47621
1.03358
1.4652
1.46869
1.06457
1.17002
1.08873
1.28151
1.25166
1.06603
1.08058
1.15923
1.14317
1.66209
1.13072
1.22627
1.33173
1.04796
1.05413
1.19008
2.45455
2.80844
1.30191
1.20986
1.07664
1.09331
1.41187
1.00932
1.27053
1.54556
2.33514
1.82259
1.12838
1.89239
1.28285
1.16712
1.02906
1.07147
1.16941
1.05416
1.3177
1.53677
2.03908
1.29212
1.31332
1.29384
1.77843
1.13169
1.21712
1.31694
1.27632
1.04098
3.39138
1.37904
1.78502
1.35822
1.08888
1.07177
1.0698
1.48275
1.56672
1.29415
1.0811
2.97171
1.52543
1.11102
1.1696
1.43097
1.09045
1.23182
1.76799
1.23945
1.12127
1.77796
1.26546
1.24508
1.19993
1.01809
1.04642
3.26841
2.99694
1.23522
1.13572
1.12639
2.79216
1.11478
1.12229
1.44685
1.94748
1.70332
1.04048
1.35857
1.16698
3.01389
1.41166
1.81091
1.1007
1.01047
1.6974
1.05092
1.16906
5.37497
2.12563
1.28282
2.09766
1.55027
1.10777
1.14772
1.38563
1.15363
1.39667
1.15811
3.74112
1.03095
1.94899
1.13799
1.77855
1.06026
1.25971
1.25624
1.71259
1.02269
1.11613
1.0604
1.14174
1.51354
1.05837
1.2466
1.32496
1.04548
1.48247
1.84768
1.12146
1.0509
1.53278
1.26398
1.28177
1.05021
1.07368
1.10511
1.82978
2.05538
1.0869
1.03659
1.26159
1.02811
1.17322
1.0218
1.36947
1.05898
1.31337
1.0468
1.1154
1.06607
1.30918
1.27134
1.8423
1.32036
1.05589
1.1044
6.52525
1.4189
1.06099
1.00104
2.33759
1.07269
1.25399
1.68927
1.23931
1.81576
1.10792
2.14146
1.01648
1.2546
1.09375
1.11567
2.50325
1.34637
1.00894
1.37431
1.93754
1.19839
1.55478
1.68024
1.0432
1.66338
1.16002
1.21176
1.61814
2.19789
1.65954
1.12749
1.63751
1.20326
1.2041
1.09477
1.97534
3.64722
1.33691
1.15215
1.04093
1.12635
1.14037
1.87289
4.26808
1.19877
1.19805
1.00442
1.19342
1.73051
1.13549
4.11128
1.45981
1.24351
1.51998
1.30425
1.66093
1.17276
1.01736
1.36064
1.01167
1.29692
1.17049
1.03488
1.21234
2.01211
1.02697
1.37026
1.07127
1.09114
1.139
1.54369
1.01804
1.0365
1.1584
1.08988
1.10917
1.00485
1.36318
1.04606
1.4152
1.14464
1.39239
2.13504
1.13942
1.46455
1.02382
1.17882
1.12719
1.11455
1.12452
1.34718
1.2726
2.47803
3.08883
1.1985
1.04401
1.05222
1.10863
1.61056
1.01861
1.02845
1.22313
2.31607
1.32688
1.10793
1.35265
1.09952
1.18181
1.18533
1.42541
1.08449
1.08373
1.20072
1.28697
1.13675
1.62451
1.0317
1.22959
1.50663
1.07693
1.1659
1.18907
1.24199
1.28083
1.16037
1.65405
1.1242
4.00309
1.16046
1.0753
1.05606
1.17514
1.29389
2.19173
2.37864
3.87768
1.78486
1.05845
1.25958
1.22444
2.43133
1.13225
1.55226
1.48834
1.5992
1.73538
1.23966
1.02086
1.8401
1.3255
1.14598
1.1194
1.3341
1.31446
2.08549
1.15544
1.25629
1.36774
2.42655
1.1567
1.64114
1.1339
1.10672
1.17921
1.02579
1.89566
1.17592
1.15704
1.90125
1.20748
1.09295
1.15261
1.73427
1.13431
3.11637
1.3289
1.01027
1.30169
1.06854
1.07296
1.30617
1.04477
1.41911
1.2397
1.31723
1.61658
1.20425
1.5259
2.74882
1.20234
29.3734
1.76436
1.54166
1.29963
1.29622
2.36626
1.3193
1.16982
1.23822
1.05405
1.23184
1.09987
1.23895
1.36723
1.88964
1.06675
1.03049
1.27131
1.86339
2.05043
1.49409
4.3752
3.6987
1.21169
2.81058
1.36765
1.19116
1.01907
1.44333
1.56937
1.35508
1.09641
1.07221
1.01649
1.24227
2.59785
1.8365
1.05733
1.03202
1.04762
1.40093
2.2771
1.09441
1.08463
1.0567
1.33784
1.3136
1.11314
2.58065
1.83071
1.4581
1.29574
1.68333
3.25005
1.31004
1.18929
1.14492
1.07335
2.02574
1.25154
1.15868
1.34903
1.40637
1.41791
1.62526
2.97315
1.00466
1.17362
1.10765
1.05772
2.22375
1.05405
1.14887
1.27567
1.64709
1.04626
1.93496
1.33811
1.53182
1.31367
1.25641
1.29153
1.43322
1.13801
1.10318
1.01084
1.39237
1.14561
1.32727
1.3137
1.81442
1.54586
1.15718
1.31582
1.57599
1.32206
1.17111
1.52158
1.00535
1.5069
1.30081
1.05017
1.04244
1.44162
1.09717
1.13648
1.10764
1.14178
1.41595
1.0617
4.37097
1.53593
1.18126
1.29919
1.36547
1.26343
1.23242
1.95397
1.19571
1.02875
1.11657
1.15499
1.07754
1.8315
1.41136
1.24509
1.05479
1.20006
1.39337
1.80933
1.07811
1.52568
1.40188
2.12853
1.06914
1.76579
1.24621
1.0938
1.23093
2.37127
1.28571
1.87723
1.60718
1.18394
1.89254
1.33067
1.7933
1.82381
1.68844
1.74293
1.7608
1.1369
1.14725
1.24632
1.7576
1.46409
2.85209
1.38433
1.65389
1.14424
1.00877
1.14192
1.05705
1.42971
1.15033
1.43928
1.02881
1.19349
1.19019
1.00293
1.08998
1.97254
1.74326
1.03109
1.20909
1.35987
1.07344
1.07528
1.46666
1.09044
1.06209
4.49583
1.33855
1.39604
1.3428
1.08795
1.26659
1.40476
1.19638
1.61702
1.46366
1.60416
1.01546
2.2647
1.55309
1.35574
1.5941
1.4588
1.74901
1.56319
1.23595
1.18453
1.0253
1.7777
1.00689
1.06884
2.92083
1.53668
1.11636
2.53699
1.06092
1.07205
1.40085
1.31746
1.01551
1.14159
1.73012
1.22378
1.02305
1.31029
2.63552
1.02869
2.50598
1.3268
1.36508
1.25067
1.01702
1.52909
1.05872
1.00622
1.27039
1.80164
1.4704
1.92497
1.39491
1.02261
1.34096
1.0317
1.08567
1.97995
1.05212
1.25263
1.04195
1.20167
2.76157
1.09493
1.28842
1.05035
2.89252
1.63614
1.93337
1.02027
1.76941
1.14279
1.22033
1.40169
1.47296
1.21523
1.45284
1.0666
1.41189
1.14896
1.33039
1.42935
1.50036
1.38483
1.32352
1.12965
1.6023
2.01887
1.92971
1.10459
1.35546
2.7522
1.05861
3.87593
1.02117
1.02669
2.73104
1.11803
1.07916
1.42059
1.3283
1.34034
1.05456
1.03707
1.11898
1.34717
1.0833
1.70479
1.27906
1.3724
1.82182
1.30541
1.57612
2.2328
1.03544
1.02726
1.04582
1.01239
1.02574
3.30387
1.64723
1.05015
1.40885
1.20969
1.03886
1.63838
1.13074
1.74348
1.00462
1.25478
1.2517
1.02548
1.16608
1.00137
1.26059
1.62644
1.25252
1.08696
1.12013
1.46468
2.67634
1.14547
1.13717
1.22337
1.15353
6.53823
1.45251
1.44888
1.97154
1.04879
1.171
1.50778
1.03701
1.03585
1.1839
1.01749
1.48143
1.35198
1.02071
1.35787
1.40579
1.46632
1.01282
1.15936
1.25925
2.41757
1.00413
1.2074
1.32975
1.04352
2.10532
1.1789
1.41653
1.37081
1.29235
1.03962
1.06274
1.39579
1.33378
1.47396
1.09172
1.34935
1.84614
1.11946
1.81797
1.02263
1.1222
1.29508
1.22965
1.51744
1.10981
2.17856
2.82449
1.30704
1.60596
1.9436
1.84719
1.41594
1.62587
3.58669
1.00426
1.00879
1.02224
1.24409
1.85291
1.24939
1.47663
1.15283
1.97012
1.88038
1.09811
6.14686
2.41514
1.20566
1.26792
2.33135
1.01016
1.10421
1.18629
1.08124
1.20626
1.55365
1.98444
1.67408
1.8699
1.45538
1.03147
1.10363
1.05498
1.15649
1.38741
1.1374
1.57128
1.30417
1.23034
1.08544
1.09803
1.86313
1.24468
1.01943
1.91747
1.2979
1.03755
1.03272
1.43862
1.06113
1.33788
1.27729
2.14415
1.73537
2.05282
1.19938
1.20667
1.59163
1.3874
1.12806
1.10692
1.16405
1.22719
1.10369
1.22798
2.40878
1.23658
1.40941
1.01818
1.48252
1.36146
1.15918
1.27246
1.81324
2.15114
1.01737
1.1598
1.73546
1.90413
1.1086
1.20507
1.02932
1.13465
1.42863
1.38243
1.11151
1.03043
1.00792
1.30189
1.59987
1.07861
1.80506
2.47878
1.01437
1.30076
1.37761
1.30349
1.41536
1.38154
1.09532
1.04688
5.06789
1.26716
1.10262
1.08014
1.55815
1.74884
1.00584
1.47988
1.65921
1.10893
1.00535
1.12359
1.19933
1.07735
1.20662
1.69813
1.62108
1.17034
1.18388
1.03436
1.10894
1.02387
1.02899
1.00487
1.37831
1.04461
1.11281
1.03461
1.01609
1.66857
1.15787
1.39768
1.18521
1.2311
1.67999
1.16776
1.32726
1.04424
1.25535
1.14149
1.38246
2.50983
1.7165
1.09888
1.13776
1.14608
1.58005
2.12583
2.04534
1.2618
1.07565
1.48535
1.94379
1.07252
1.58189
1.51682
1.56469
1.5826
1.31726
1.14977
1.0555
2.60963
1.39191
1.42733
1.08862
1.42366
1.87448
5.10104
1.23439
1.28186
1.04158
2.92577
1.2659
1.36094
5.21264
1.06959
1.64344
1.68177
5.79647
1.04855
1.15598
1.3622
1.46018
3.2861
1.27684
1.00562
1.05387
1.16812
1.81773
1.46988
1.11193
1.01481
2.54809
1.26347
1.01452
1.35877
1.4626
1.59628
1.04608
1.30392
1.02643
1.60995
1.36967
1.23625
1.20532
1.24786
1.01593
1.48291
1.55893
1.226
1.36419
1.84348
1.69456
1.00152
1.06679
1.06351
1.03943
1.20815
1.08465
1.85989
1.07455
1.1104
1.26196
1.08123
1.2093
1.71186
1.00281
1.00287
1.08363
1.03684
1.02134
1.01036
1.67192
1.01664
1.30304
1.20213
1.22421
1.48219
6.23223
1.05162
1.91876
2.07744
1.2146
1.04322
3.49484
1.06573
1.11337
1.16548
4.48075
1.15607
1.06054
2.99334
1.07573
2.37522
1.19824
1.03885
2.4379
1.05518
1.03793
1.32544
1.06208
1.19637
1.33992
1.01056
1.66914
1.73186
1.14815
1.57596
1.0001
1.12852
2.00409
1.28419
1.03634
7.7396
1.60377
1.14491
2.94366
1.15825
1.93107
1.39873
2.49614
1.1092
1.66212
1.09593
1.38829
1.21768
1.09079
1.08511
1.76663
1.03474
1.01604
1.36671
1.17038
1.10281
1.14384
1.06143
1.22056
1.12111
1.03864
1.54538
2.30612
1.42314
1.33561
1.23081
1.1928
1.63636
1.02618
1.22929
1.2923
1.01743
1.60251
1.18139
2.06125
1.06282
1.32776
1.05732
1.21192
1.20259
1.39342
1.44747
1.16157
1.16933
1.06534
1.13514
1.0086
1.32022
1.0292
1.46642
1.86304
1.21843
1.36162
1.59953
1.34679
1.8214
1.28799
1.761
1.13287
1.34753
1.18235
3.39572
1.14436
1.37
1.0057
1.20631
1.4097
1.26116
1.20948
1.3818
1.16697
1.00336
1.09082
1.48047
1.00782
2.15078
1.54855
1.06772
1.33892
1.3351
1.13731
1.00533
1.04091
1.03585
2.50415
2.09012
1.55416
1.13395
1.70342
1.24247
1.2334
1.27082
1.05656
1.19777
1.1145
1.13959
1.44568
1.31545
1.11611
1.16677
1.16242
1.68407
1.17725
1.09226
1.08483
1.27347
1.70008
1.02181
1.20681
1.30525
2.03062
1.28043
1.02101
1.58244
1.03419
1.16869
1.70278
1.37757
2.32789
1.04263
1.24193
1.03665
3.30479
1.83266
1.00108
1.02253
1.09116
1.03505
1.42861
2.19017
1.00717
1.25807
1.01283
2.45695
1.01878
1.03006
1.07518
1.47762
2.45392
3.62736
1.13563
1.08888
1.9115
1.45252
1.4949
1.33363
1.24409
1.21975
1.21444
1.7839
1.07902
1.12359
1.12132
2.11637
2.63553
1.06011
1.62315
1.78609
1.01604
1.47288
1.31245
1.17413
1.29535
1.3868
1.22005
1.05884
1.93213
2.25864
1.07264
1.2211
1.02449
1.09976
1.18643
1.06732
1.6403
1.52998
1.15363
2.34201
1.31129
1.55248
1.67814
1.39357
1.14003
1.43091
1.71189
1.07555
1.04304
1.92508
1.0761
1.0737
1.13974
1.21043
1.00635
1.19195
1.34968
1.13775
1.08832
1.10141
1.41314
1.09275
1.54551
1.03843
1.22842
1.30766
2.21449
1.75907
1.15988
1.12515
1.57368
1.36618
1.6368
1.50648
1.09903
1.33262
1.18968
1.17179
1.09969
1.24912
1.10933
1.20489
1.29396
1.33198
1.9102
1.07697
1.07567
1.0261
1.48881
1.92401
1.38494
1.00309
1.37538
1.47915
1.22652
1.17544
1.57345
1.2084
3.95161
1.27028
1.26589
1.1011
1.01707
1.79606
1.4202
1.36548
1.48832
1.22576
1.03575
1.42227
1.93284
1.78283
1.03569
1.27865
1.15778
1.67929
3.4783
1.23623
1.01504
1.58518
1.14131
1.48604
1.05775
1.79993
1.06433
1.57337
1.49913
1.3242
3.93604
1.86066
1.66908
1.00972
1.1243
1.22642
1.03942
1.2749
1.06411
1.50746
1.04934
1.01408
1.39629
1.67533
1.06503
1.00044
6.14264
2.61904
1.0371
1.34067
1.02458
1.92832
1.17871
1.73076
1.2661
1.12654
1.85637
1.50279
1.59435
1.16178
2.26325
1.17296
2.66887
1.40009
1.05687
1.09975
1.04299
2.0088
1.22202
1.0577
1.11889
1.05707
1.16357
2.22478
3.3535
1.51396
1.35077
1.6837
1.98652
1.70753
3.45357
1.8494
1.12215
1.06505
1.02761
1.3762
1.09786
1.53321
1.77518
1.47828
1.08064
1.1085
1.51865
1.34012
1.03383
2.27616
2.30357
1.37198
1.03222
1.19734
1.45554
1.43331
1.2773
1.8779
1.31683
2.1844
1.47714
2.34722
1.14094
1.55967
1.0015
1.2397
1.10988
1.63794
2.00594
1.20432
1.05394
1.18555
3.51551
1.1947
1.00142
1.24258
1.83779
1.27837
1.42992
1.05725
1.64841
1.50861
1.02062
1.28284
1.01016
1.19277
1.07302
1.24228
1.32605
1.37297
1.99352
1.96993
1.28176
1.34729
1.19973
1.06712
1.21656
1.42627
1.29732
1.46093
2.0394
1.03079
1.56096
1.03829
1.29446
1.02049
1.4259
1.70094
1.16014
2.56874
2.63979
1.06083
1.01899
1.65465
1.26105
1.25675
1.03831
1.10663
1.05048
1.37955
1.03733
1.92482
1.13451
1.12472
2.19625
3.57244
1.74738
1.30813
1.17608
1.06069
2.27883
1.2012
1.07701
1.24749
1.03551
1.06944
1.14014
1.48971
1.08386
1.08081
1.02037
1.12901
1.42983
1.32371
1.30149
1.01584
3.19075
1.48064
1.1575
1.61846
1.02088
1.15582
1.84018
2.01234
1.16039
4.88637
1.76413
1.24406
1.32612
1.2288
1.11059
5.46838
1.41567
1.20836
1.03859
1.11455
1.19534
1.55162
1.51991
1.13492
1.17382
1.02899
1.42506
1.37535
1.00585
1.40186
1.03156
1.27136
1.30305
1.48619
1.38726
1.02894
1.10757
1.15815
1.8468
2.2538
1.15194
1.055
1.01678
1.8383
1.03443
1.04429
1.62767
1.31489
1.51709
1.24332
1.38414
1.02993
1.37487
1.20467
1.16409
1.00396
1.12319
1.00673
1.37265
1.07243
1.07595
1.84488
4.26733
1.1901
1.14001
1.14434
2.10635
1.71282
1.3141
1.53633
1.01577
1.37458
2.43741
1.13254
1.57225
2.52662
1.30576
1.11987
1.24275
1.06785
1.04015
1.01662
3.59803
2.04827
1.17213
2.04291
1.13348
1.5124
1.65072
1.71061
1.4595
1.58583
2.20241
2.06939
1.1367
1.27284
1.08161
1.00788
1.06893
1.42967
1.21263
1.54313
1.60145
1.52296
1.90068
1.14966
2.33488
1.08471
1.01043
1.05826
1.16011
1.09118
1.53034
1.04079
1.47222
1.28694
3.94304
1.11126
1.12749
1.18835
5.06798
1.25345
1.17106
1.11129
1.37685
1.60595
1.30056
1.10415
1.04069
1.52936
1.21911
5.74279
1.46173
1.63548
3.29949
1.18215
1.09571
1.69178
1.10754
1.04033
1.16459
1.60855
1.11508
2.4186
1.22363
1.93105
2.83796
1.03619
1.00104
1.64529
1.85768
1.02909
1.03502
1.48188
1.27537
1.14339
1.05441
1.96961
2.7047
1.1014
1.17058
1.462
1.4672
1.33834
1.45354
1.09768
1.53109
1.58286
1.91579
1.34067
1.44324
1.01668
2.32561
1.10901
1.0595
1.01609
1.01214
1.78957
2.45696
1.39677
1.67704
1.03982
1.00563
1.51984
1.07602
2.16572
1.4021
1.16727
1.38052
1.0727
1.49054
1.12395
3.19947
1.51566
1.04382
1.1501
1.07729
1.21856
1.08011
1.14256
1.23609
2.1095
1.2203
1.91416
2.04999
4.07361
1.08191
1.02752
1.10387
1.01755
1.01429
1.16952
1.14328
1.17902
1.39313
1.4495
1.20592
1.00669
1.48454
1.04507
1.53479
1.26195
1.67465
1.07168
1.10981
1.07567
1.09495
1.12209
1.13636
1.19314
2.01508
1.30717
1.86567
1.01146
1.07913
1.38699
1.46056
1.06598
1.84205
1.61283
1.4005
1.14732
1.49664
1.01515
1.16449
1.01482
1.6612
1.20956
1.01657
1.02395
1.06448
1.06821
1.31844
3.62994
1.02092
1.03258
1.14326
1.08235
1.18992
1.58784
1.40518
1.11907
1.2389
1.14695
1.19874
1.37254
1.00792
1.42948
2.00522
1.00403
1.30025
2.36148
1.1938
1.08702
1.82908
1.43557
1.33999
1.80688
1.61241
1.18206
1.04564
1.37521
1.11677
1.07298
1.61466
1.24784
1.34473
1.11111
1.05376
2.90754
1.02349
1.12862
1.13845
1.08629
1.076
1.0532
1.33217
1.29723
1.03279
1.00737
1.04265
1.00048
1.51164
1.10299
1.7143
1.66874
1.08233
1.10129
1.74153
1.14302
1.43645
1.02061
1.29522
1.88172
1.12632
1.3185
1.26415
1.12
2.29972
1.3407
1.00158
1.52009
1.03348
1.11547
1.0902
1.12574
1.44051
1.01505
1.18657
1.30067
1.15809
1.41245
1.6313
2.73413
1.33214
3.46518
1.40822
1.71525
1.29664
1.00379
1.01224
1.47584
1.67757
1.13657
2.33407
1.97403
4.47208
1.11866
1.43521
1.06751
1.45163
1.02268
1.03218
1.12746
1.74107
1.85405
1.30397
1.27624
4.05018
1.11078
1.65732
2.30713
1.10879
1.55164
1.85166
1.01401
1.02772
1.25129
1.2782
1.09635
1.00573
1.01241
1.1343
1.08395
1.25943
1.83744
1.45082
1.22356
3.51631
1.08126
1.33076
2.33044
1.24456
1.09489
1.80526
5.45424
1.4321
1.87076
1.46528
1.0272
1.11396
1.92031
6.62447
1.11128
1.02824
1.23586
1.08067
1.04125
1.16662
1.69888
1.32936
1.81843
2.12678
1.66974
1.75062
1.02021
4.53374
1.16874
1.40215
1.01129
1.05376
1.15595
1.33017
1.78455
1.52811
1.18705
1.22505
1.17017
1.12314
1.52764
1.57329
1.11649
1.05792
1.25047
1.1758
1.69043
2.63694
1.45879
1.18454
1.0786
1.08603
1.91196
1.1034
1.59273
1.45113
1.28787
1.50063
3.16442
1.2721
4.60053
1.5786
1.21262
1.30635
1.72774
1.53135
1.22751
1.47992
1.65133
3.10442
1.00875
1.71229
1.05367
1.09696
1.33613
1.16967
1.03349
1.77256
1.96242
1.16194
1.0108
1.07469
1.70061
1.04666
1.0688
1.1006
1.12652
1.05009
1.28046
1.02118
1.08803
1.28216
1.07915
1.15805
1.01168
1.26627
1.1261
1.46101
1.03981
1.06376
1.25388
1.10441
1.054
2.19148
1.58481
1.20286
1.36451
1.66773
1.25204
1.06338
1.2162
1.40237
1.85995
1.17244
2.77948
1.40496
1.32854
1.15585
2.01359
1.01389
1.2894
1.2974
1.19639
1.47104
2.40716
1.35005
1.00147
1.30985
1.06055
1.73773
1.21667
1.03648
1.2688
1.35111
1.23023
1.48986
1.06077
1.1142
1.11215
1.0158
1.07307
1.37403
1.0448
1.18764
1.29322
1.21457
1.17148
1.2348
1.68724
1.08337
2.01008
1.07786
1.21159
1.136
1.6604
1.4958
1.08967
1.29193
1.17843
1.10555
1.0038
1.10572
1.95115
2.46283
2.08901
1.21193
1.99407
2.50182
1.74265
3.44214
1.46597
1.32724
1.09102
1.29676
1.0846
1.8159
1.4375
1.701
1.14303
1.29842
1.96908
1.59299
1.26356
1.30681
1.81547
1.10622
1.06046
1.01354
1.54833
1.4111
1.10715
1.07158
1.45023
1.13572
1.09617
1.18586
1.42597
1.11556
1.34087
1.61543
1.62433
1.71205
1.38433
1.21865
2.99479
1.57361
1.32357
1.25349
1.05482
2.10873
1.0814
1.09659
1.37151
1.43134
1.91966
1.08706
1.20474
1.10712
1.58515
1.73684
1.6671
1.38434
1.47751
1.0351
1.72558
1.45332
1.62828
1.09506
1.16151
1.72379
1.05577
1.11687
1.29475
3.11018
1.62865
1.5529
1.07076
1.23138
1.18415
1.25741
1.26701
1.86297
1.47967
1.45445
1.395
1.07359
1.41178
1.0004
1.4482
1.20227
1.13881
1.23477
1.80581
1.83607
1.00735
3.56914
2.20688
1.75902
1.30363
1.12705
1.35657
1.71685
1.00169
1.06254
1.27956
1.08832
1.28284
1.03435
1.06874
1.01018
1.14815
1.38475
1.56158
1.3055
1.08443
1.70333
1.02112
1.05077
1.1965
1.07762
1.2833
1.09977
1.36325
1.08999
1.44121
1.0518
2.70435
1.69694
1.22733
1.28654
2.68085
1.10754
1.4096
1.05176
1.17244
1.58747
4.38171
1.13879
1.44904
1.28112
1.36467
1.57089
1.77006
1.05952
1.00896
1.01312
1.04987
2.43844
1.60638
1.18555
1.24602
1.08694
1.0341
1.2405
2.3693
2.08523
1.14926
3.83779
1.63705
8.63141
1.58292
1.1858
1.19225
1.18311
1.24891
1.0696
1.01752
1.19533
1.99326
1.21089
1.08576
1.66009
1.15918
1.24595
2.51377
2.34016
1.43639
1.00917
1.45718
1.11018
1.11395
1.50908
1.20436
2.60715
1.74315
1.02223
2.89045
2.06112
1.2528
1.09347
1.80223
1.01895
1.0628
1.1462
1.07993
1.34654
1.81017
1.03135
1.53179
1.14994
1.0873
1.74214
1.01503
1.96225
1.03291
1.5207
2.37415
1.19803
1.02145
1.00904
1.42847
1.34994
1.31391
1.34983
1.47838
1.28449
1.08134
1.37882
1.15205
1.01088
1.0751
1.26983
1.6011
1.26329
1.00594
1.2018
1.46494
1.54665
2.06993
1.67744
1.95407
1.04039
1.17159
1.92751
1.17947
1.15304
1.2919
1.68348
1.68732
1.07797
1.37169
1.07851
1.45731
1.57695
1.43278
1.25357
1.05504
1.45309
1.07815
1.53899
1.00857
1.27455
1.28669
1.28142
1.16086
2.20737
1.61901
1.30075
1.10578
1.08993
1.54738
1.05416
1.15749
1.09705
3.04568
1.20618
1.86884
1.47988
2.54579
2.66292
2.54599
1.16545
1.27072
1.2774
1.19778
1.50006
1.27608
1.43077
2.3069
1.17251
1.03248
1.21016
1.09498
1.08842
2.03486
1.04232
2.00538
1.51307
1.31656
2.26654
1.14845
1.09882
1.07351
1.38851
1.39364
1.58209
1.71524
1.51577
1.37685
1.25085
1.18747
1.33792
1.02403
2.29629
1.11165
1.10917
1.13488
1.26765
1.25018
1.02826
1.44066
1.0148
4.27827
1.12027
1.47366
1.05449
2.52417
1.0246
1.10883
1.56335
1.06684
1.18043
1.03093
1.13364
1.23831
1.00594
1.02401
1.04326
1.19904
1.23489
1.16243
1.17424
1.89041
1.11828
1.62198
2.29001
1.02481
1.01756
1.20293
2.84609
1.1971
1.14435
2.37273
1.85332
1.89911
7.63377
1.22999
1.58152
1.09751
2.48213
1.0757
3.10012
1.07606
1.50079
1.17047
1.4691
1.65954
1.20556
1.06468
1.26755
3.36891
1.15962
6.70876
1.20105
2.11245
1.08186
1.44185
1.21937
1.35868
1.00576
1.42341
1.2372
1.13857
2.59152
1.19392
1.06841
1.05714
1.14539
1.42792
1.14333
1.00062
1.02914
1.27058
5.43651
1.16232
1.30017
2.05942
1.34727
1.07233
1.15352
1.78952
1.56821
1.8224
1.10854
3.78382
1.02726
1.21058
1.1448
1.09063
1.10674
1.1036
1.41265
1.62635
1.02698
1.22916
1.04462
1.15341
1.44938
2.06793
1.15816
1.11642
1.02078
2.44993
1.17965
1.03792
1.3902
2.0193
1.80071
1.39686
2.67147
1.98649
1.41202
1.08523
1.58349
1.28392
1.05213
1.35119
2.5063
1.167
1.06134
1.48585
1.37515
1.08258
1.11513
1.86691
1.7895
1.03398
1.74025
1.09329
1.02757
1.45491
1.5231
1.14887
2.38363
1.81375
1.32821
1.28411
1.04063
1.65574
1.23691
1.14934
1.02129
1.00142
1.26784
1.08894
1.00402
1.17865
1.16348
1.23455
1.03196
1.19267
1.56333
1.6004
1.90785
1.29308
1.06934
1.48396
1.10641
1.07541
1.56016
1.60393
1.40891
1.13232
1.312
1.26348
1.17312
2.57173
1.13731
1.31624
2.42601
1.06428
1.07196
1.40429
4.51713
1.32889
3.83173
1.31406
1.23689
1.61866
1.3716
1.30539
1.11267
1.52749
1.42411
1.06138
1.38188
1.01911
1.31816
1.13185
1.07678
1.77671
1.33966
1.07142
1.03628
1.17165
1.062
1.27744
1.20176
1.00248
1.48141
1.12456
2.81625
1.0431
1.01152
1.11414
1.20874
1.14603
1.10031
1.12185
1.19532
1.46981
1.13481
1.24754
1.43358
1.48388
1.10913
1.69616
1.07713
1.19967
1.58801
1.24448
1.31886
1.22104
1.02308
1.13326
1.08661
2.03889
1.16515
1.00755
2.13109
1.30423
1.84771
1.25117
2.70632
2.85966
1.31027
1.13789
1.37364
1.37207
1.06331
3.4749
1.91367
1.06327
1.05527
2.1615
1.05871
1.27224
1.68796
2.55604
1.27196
1.30621
1.08776
1.17906
1.96951
1.0232
1.06542
1.13147
1.54038
1.06571
1.34583
1.03674
1.14213
2.22168
1.15753
3.03591
1.00074
1.38521
3.37881
1.3324
1.30875
1.68007
2.2096
1.1876
1.10542
1.1606
1.35062
1.25493
1.0656
1.32311
1.03735
1.857
1.03136
1.23682
1.04775
1.86257
1.00927
1.45243
1.0405
1.18983
1.08285
1.09496
1.13408
1.02898
1.03222
1.06078
1.31342
1.37888
1.35552
2.05603
1.56034
2.2267
1.42839
1.07134
1.70631
1.23696
1.30181
1.04993
1.09419
1.24301
1.03633
1.33504
1.13412
1.75406
1.50901
1.09134
1.36527
1.05656
1.00151
2.54921
1.37006
1.09067
1.93144
1.38061
1.10647
1.51952
1.22725
1.17182
1.38492
1.21454
1.38534
1.74121
1.30082
1.49648
1.49609
1.33849
1.2033
1.09531
1.22271
1.20087
1.0375
1.01677
1.14833
1.67228
1.58412
1.35341
1.97198
1.39841
1.347
1.01376
1.37556
1.12031
1.00751
1.06376
1.42106
1.04657
1.09974
1.14448
1.5632
4.79012
1.03322
1.06153
1.50078
1.34545
1.58022
1.02558
1.2847
1.19816
1.42159
1.03295
1.15136
1.27415
1.17911
2.17369
1.65235
1.28957
1.72828
1.16686
1.17704
1.0082
1.15649
1.63315
2.09843
1.26113
1.42679
1.63161
1.9041
1.14059
1.08399
2.16683
1.48152
2.93603
1.26808
1.76162
1.32173
1.39551
2.09846
1.20355
1.25388
1.08305
2.23425
1.03398
1.2056
1.0202
1.44363
1.00143
1.01078
1.57743
1.00547
1.02934
1.41178
1.46718
3.03576
2.06531
1.49807
1.03396
1.43735
1.23412
1.15154
4.52677
1.93673
1.22214
1.30725
1.02181
1.08902
1.16655
1.46598
1.29876
1.1124
1.64977
1.45523
2.28706
1.50975
1.03081
1.45578
1.29113
1.73099
1.52749
1.24763
1.01849
1.4494
1.82313
1.11749
1.2884
1.53003
1.86622
1.78887
2.49383
1.20551
1.36888
1.38332
1.19658
1.02016
1.60235
1.10411
1.00953
1.35028
2.38367
1.24186
1.83957
1.45857
1.02091
3.58144
1.46729
1.19954
3.33033
1.20059
1.02379
1.37158
1.02336
1.00455
1.79527
1.61523
1.07221
1.44601
1.07349
2.3447
1.18092
1.82692
1.06191
1.90884
4.71883
1.24902
3.03903
1.03429
1.50824
1.07095
1.2139
1.41993
1.6948
1.41092
1.2821
1.1858
5.63053
1.38563
1.53949
1.15866
1.39554
1.03632
1.05986
1.25667
3.61628
1.61003
1.10476
2.47848
1.0581
1.54289
9.01622
1.22724
1.85188
1.68121
1.16192
1.79883
1.23092
1.31455
1.01529
1.39438
1.46736
1.50752
1.02871
2.10296
1.03316
1.25629
1.26955
1.30425
3.06294
1.06745
1.09161
1.17031
1.86952
1.02482
1.08773
1.47678
1.01949
1.57732
1.02216
1.54786
1.03317
1.93364
1.22016
1.08815
1.71586
1.58847
2.09245
1.27737
1.03574
4.4919
1.16742
1.19589
2.8295
1.8003
2.96786
1.31394
1.38182
1.26094
2.14833
1.2505
1.75447
1.27323
1.00025
1.41439
1.53628
2.13678
1.97649
1.07726
1.15534
1.66061
1.2942
1.84735
2.50384
1.12703
1.87277
1.4417
1.34258
1.06881
1.04891
1.29232
1.24286
1.03218
1.12801
1.26804
2.58247
1.25879
1.48317
1.10077
1.01825
1.68242
1.05566
1.36739
6.39617
1.94316
1.52196
7.09614
1.02947
1.38894
1.92605
1.12037
1.37363
2.33857
1.20839
2.95234
1.28342
1.13582
1.33053
1.54559
1.03631
1.09106
1.90826
2.06369
2.62442
1.21967
1.03081
1.53109
1.48682
1.06981
1.46933
1.12962
1.30333
2.25762
1.43124
2.66339
1.06848
1.06044
1.31521
1.00962
1.30343
1.28677
1.57932
1.73631
1.79815
1.16441
1.09792
2.13834
1.50129
1.2167
1.01603
1.2874
1.39017
1.34401
1.51847
1.82529
1.02609
1.43097
3.50395
1.47085
2.01548
1.02917
1.10173
1.21276
1.2889
1.01911
2.37269
2.86544
1.28535
1.38753
1.07645
1.05838
1.1948
1.74778
1.02425
1.55275
1.09873
1.16114
2.50118
1.07312
1.14086
1.69013
1.145
1.17093
1.87184
1.01599
1.10135
1.10105
1.29482
1.08295
1.47815
1.17435
1.46271
2.00718
1.2543
1.4039
1.02484
1.0466
1.27795
1.9389
1.0353
2.96033
1.12767
1.05111
1.37348
1.40154
1.25967
1.15944
2.71101
1.23662
1.0597
1.0456
2.35767
1.55269
1.13361
1.06372
1.02119
1.15299
1.08574
1.42479
1.0158
2.37503
1.18743
1.04636
1.7463
1.59605
1.02201
1.01247
1.12772
1.88702
2.19475
1.23818
1.44201
1.13217
1.11978
1.6399
1.50238
1.11648
1.06982
1.0855
1.09408
1.79457
1.04056
1.46595
1.03599
1.13925
1.16659
1.38998
1.00151
1.10937
1.61639
1.38647
1.70658
1.1704
2.00041
1.15956
1.06134
1.22309
1.35136
1.75029
1.18069
1.32174
1.16894
1.19801
1.02372
1.04462
1.05324
1.07784
1.06244
1.66751
14.1834
1.30825
4.16282
1.27657
1.20306
1.87115
1.05065
2.71844
1.12413
1.38761
1.69662
1.57444
1.06526
1.47705
1.10037
1.19461
1.57458
1.12785
1.91728
1.41438
1.23786
1.50432
1.10576
1.08349
1.0719
1.40202
1.00568
1.13143
1.86839
1.37274
1.36294
1.16071
2.09382
1.31262
1.2317
2.70693
1.46182
3.05538
1.05723
1.32222
2.51141
2.08337
1.05078
1.05526
2.07818
1.09988
1.20913
1.0219
1.34162
1.35558
1.23766
1.63114
1.48751
1.66761
1.32539
2.81149
1.52515
1.18905
1.19502
1.05915
1.19761
1.39743
2.10921
1.39168
1.02323
1.15351
1.45925
1.34761
1.67574
1.10436
1.2463
1.29094
1.12778
1.01082
1.066
1.11252
1.09321
1.49993
1.06257
1.81009
1.00794
1.21083
1.24318
1.82778
1.23625
1.00845
1.02175
1.22876
1.01016
3.14107
1.02772
1.21045
1.14131
1.33553
1.07452
1.02025
1.04373
1.30735
1.1808
6.03985
1.14699
2.28729
1.09319
2.26988
1.03422
1.26267
1.48409
1.39564
1.55752
3.54016
2.03968
1.56686
1.82565
1.18946
1.39418
1.14883
1.59691
1.15209
2.66767
1.79871
2.57339
1.88619
1.77001
1.3558
1.1559
1.1683
1.03382
1.12431
1.0334
1.32066
1.06231
1.10734
1.0264
2.78311
1.264
2.14057
1.16234
1.22147
1.55344
1.1888
1.06015
1.43503
1.90473
1.03752
1.19605
1.23533
1.00107
2.33238
4.37903
1.44772
1.58267
1.18084
1.15454
1.18595
1.4856
1.6499
1.19304
1.89825
1.46389
1.59413
2.61387
1.03562
1.08756
1.6857
1.026
1.30781
1.26563
1.06814
1.07328
1.72085
1.30823
1.52757
1.34177
2.25732
1.01136
1.05233
1.10486
1.0092
1.03931
1.40099
1.09398
1.26508
1.01248
1.02627
1.03845
1.19782
1.22365
1.13844
1.31719
1.30783
1.13246
1.09085
1.85353
1.03036
1.12101
1.15812
1.1535
1.16838
1.36967
1.62659
1.07514
1.15099
1.01246
1.31016
2.19951
1.25832
1.46285
1.65278
1.1286
1.01914
1.01463
1.06054
1.03996
1.37536
1.94933
1.5752
3.03539
1.332
1.55377
1.95138
2.49961
1.42826
1.01798
1.68338
1.36641
1.01491
1.25852
1.02161
2.64691
1.05614
1.38028
1.69541
1.43518
1.76118
1.318
1.49636
1.11211
1.05178
1.00574
1.25008
1.12114
1.1247
1.46933
1.71479
1.47735
1.01682
1.07956
1.08116
1.36307
1.09726
1.56859
1.10283
1.59128
1.45762
1.01599
1.81564
1.01096
1.0303
1.15977
1.30003
1.14006
1.3485
1.13011
1.0782
1.45133
1.54265
3.68846
1.84117
1.35276
1.06913
1.44552
1.022
1.09645
1.79364
1.39664
1.13217
1.34948
1.11021
3.1385
1.14736
2.74179
1.03472
1.13516
1.26338
1.46902
1.48548
1.72204
1.03145
1.27234
1.26879
1.12052
2.42614
1.02709
1.15952
1.40656
1.08103
1.2708
3.36323
1.3274
1.50805
1.20853
1.18512
1.5777
1.90043
1.47222
1.83307
1.69376
1.31991
1.3743
1.15423
1.00846
1.01004
2.16307
1.32616
1.06513
1.09676
1.5831
1.62084
1.20688
1.48061
1.03704
1.29962
1.20232
1.31067
1.03076
1.54088
4.68248
1.97781
1.2401
1.17204
1.05336
1.63861
1.46273
1.13275
1.86011
1.15239
1.18315
1.23668
1.80239
1.62978
1.65366
2.70769
1.1125
1.38036
1.57665
1.86483
1.45688
1.91815
2.42428
1.72241
1.07042
1.06468
1.21241
1.28223
1.12463
2.15228
2.53473
1.57116
1.1913
1.17992
1.39295
1.10812
1.81725
3.43533
1.10288
1.81817
1.37804
1.10099
1.47268
1.97829
12.019
2.70735
1.16796
1.96591
1.08075
1.25613
1.21455
1.14063
1.07518
1.26378
1.21669
1.07344
1.28068
1.08112
1.70229
1.34478
1.03504
1.1427
1.0464
1.41843
1.22958
1.44534
1.08392
2.8092
4.3537
1.80235
1.2945
1.27614
1.1208
1.07324
1.1668
1.08748
1.78375
1.08111
1.12211
1.38563
1.05565
1.26254
1.02769
1.0631
1.1792
1.57888
1.26808
1.03528
1.14011
1.31033
1.66429
1.00098
1.56409
1.05337
1.00118
1.89248
1.05023
1.00652
1.41582
1.34368
1.85066
1.38417
1.24256
1.07182
1.19503
1.09848
1.29747
1.04102
1.27398
1.72237
1.26542
2.02568
1.42599
1.55984
1.16839
1.5152
1.08169
1.00684
1.19985
1.21042
1.04246
2.69479
1.10419
1.09737
1.04105
7.08289
1.34615
1.21093
1.98213
1.37574
1.02543
1.07546
1.07449
1.09285
1.10877
1.53691
1.94039
1.08221
1.38885
1.25399
1.50871
1.02985
1.28124
1.25199
1.00956
1.87376
1.06005
1.12174
1.28844
2.01277
1.13371
1.07502
2.19303
1.1407
1.85405
1.90592
1.14756
1.38107
1.0247
1.78497
1.5546
1.44953
2.09843
2.43675
1.97067
1.14932
1.16793
1.64843
1.48524
1.24419
1.11174
1.11251
1.91745
1.23997
5.18543
1.93511
1.37026
1.12864
1.09443
1.00382
1.01328
1.19807
1.01891
1.01373
1.03791
2.0627
1.07972
1.34701
1.51544
1.31712
1.04574
1.54729
1.29882
1.21533
1.20126
1.11434
1.64424
2.2514
1.40102
1.10129
1.20727
1.1296
1.25916
2.10804
1.17773
2.30748
1.42946
1.6065
2.08867
1.5844
1.39065
1.2576
1.27653
1.09933
1.20469
1.31915
1.05612
1.05545
1.17668
2.28666
1.1109
1.25371
1.19219
1.08329
1.78665
3.09226
1.00423
1.49396
3.49128
1.06709
1.00361
2.04289
1.36909
1.01503
2.0294
1.93526
1.21664
1.0435
2.04439
1.42422
1.041
1.46785
1.10196
1.25584
3.06123
1.17148
1.37964
1.31834
1.16456
1.54448
1.28646
2.88376
2.36601
1.04408
1.07389
2.00622
1.35683
1.07466
1.05199
1.07998
1.04635
1.06808
1.06023
1.62599
1.27351
1.79725
1.42712
1.17878
1.27025
1.2117
1.09812
1.0291
1.26733
1.26325
1.11097
1.02158
1.43774
1.22272
1.13707
1.28035
1.93493
1.15574
1.03337
1.16533
1.14377
1.23669
1.24379
1.94042
10.2287
1.00248
1.2691
1.17137
1.0609
1.12948
1.23437
1.78607
1.84474
1.57551
1.0407
1.1957
1.21276
1.29687
2.22157
1.28672
1.06053
1.2678
1.0447
3.66418
1.88929
1.06733
1.48916
3.06636
1.19724
1.17435
1.01059
1.50524
1.46857
1.07456
1.55929
1.88909
1.41945
1.17741
1.2059
9.79954
1.05332
1.78217
1.28667
1.21129
1.59549
2.31108
1.78654
1.00508
1.51746
1.73805
1.3259
1.03466
1.13827
1.14712
1.01144
1.20244
1.32584
1.26165
1.00436
1.89062
1.03722
1.10201
1.53948
1.05186
3.3409
1.42622
1.06677
1.35387
1.30732
1.50371
1.09794
1.03527
1.30478
1.08866
1.72858
1.06946
1.27691
1.10907
1.51488
1.13313
1.24281
1.04167
1.28708
1.24634
1.14212
1.50951
1.45602
1.04861
1.4253
1.07802
1.11323
1.02581
2.09019
1.21058
1.97928
1.10451
2.14865
1.49123
1.35383
1.02109
1.49109
1.0815
1.18909
2.18135
1.05791
1.52915
2.20828
1.98545
2.75705
3.76672
2.03188
2.1299
1.00929
1.01762
1.90222
1.06311
2.87359
1.41781
1.77832
1.01832
1.43554
1.23183
1.46935
2.51314
1.7242
1.11022
1.1405
1.21285
1.26009
1.18387
1.24886
1.27807
1.04907
1.10957
1.03116
1.67137
1.4841
1.0985
1.98376
5.35366
1.57141
1.03396
1.66052
1.0436
1.01952
1.27623
1.50958
1.33056
1.104
1.05024
1.28069
1.29646
5.4032
1.15285
1.04153
1.53338
1
1.10089
1.38213
1.14381
1.37255
1.37572
1.11587
1.48061
1.17668
1.23114
1.33722
1.01873
1.33586
1.445
1.27217
1.41538
1.05283
1.00132
1.53514
1.33049
1.43987
1.03827
1.55801
1.07652
1.51354
2.69303
1.12324
1.1647
1.05588
1.26603
1.24842
1.16148
1.42467
1.12936
1.49314
1.43897
1.65141
1.16076
2.12923
2.41601
1.83923
1.06185
1.85909
1.94788
1.11442
2.03816
1.10937
1.13456
1.52931
1.59911
2.72535
1.40617
1.34958
2.03526
1.19734
1.40324
1.35988
1.56385
1.57566
2.01943
1.0453
1.72694
1.04349
1.41107
2.38082
1.06268
1.91023
1.07202
2.23913
2.6084
1.63744
1.53402
1.1678
1.63517
1.05538
1.42731
2.44071
1.24808
1.14681
1.15258
1.53741
2.07829
1.06244
1.03448
1.09596
1.03321
1.06101
1.56138
1.11471
1.05512
2.52801
2.39313
3.658
1.31195
1.21132
1.03526
1.1583
1.19811
1.18769
3.3515
1.14906
2.34036
1.44032
1.05524
2.20066
1.13411
1.35352
1.06357
1.02013
1.30629
1.00345
1.49548
1.28872
1.32886
1.65005
1.39613
1.01928
1.33869
1.016
1.15863
1.14542
1.67515
1.76056
1.06018
3.0785
1.98743
1.28748
1.1883
1.02978
1.59602
3.25477
1.08723
1.02725
1.11591
1.17018
1.12699
1.38929
1.09794
1.25493
1.0203
1.16123
1.08122
1.14665
1.18205
1.12066
1.26236
1.19404
1.03578
1.1044
1.02217
2.38346
1.37193
1.04937
1.59828
1.05719
2.6222
1.01443
3.35024
2.41865
1.10947
1.04122
1.04669
1.1189
1.1734
1.00957
2.41338
1.10534
1.65145
1.28493
2.69497
1.06783
1.01052
1.72132
3.20163
1.07662
1.25186
1.01962
1.31814
1.21579
1.0123
1.18224
1.35576
2.21015
1.18743
1.03537
1.83928
1.15433
1.03445
1.08837
1.01443
1.12617
1.14734
1.14097
2.03635
1.07759
1.39494
1.02861
1.00249
1.33717
1.21026
1.095
1.32549
4.36515
1.08406
1.2336
1.17871
1.21077
1.25983
1.24093
1.03838
1.04526
1.81817
1.10833
1.02203
2.18241
1.81539
1.23423
1.19355
1.1686
1.27861
1.18514
1.20989
1.02513
1.80705
1.13751
1.29367
1.62339
4.44532
1.40867
1.08589
3.19059
1.37282
1.04839
1.07652
1.19907
1.08845
1.29158
1.01519
1.69331
1.62056
1.19854
1.5223
1.10176
1.23482
1.528
1.20076
1.42054
1.83926
1.11749
1.07991
1.22183
2.87584
1.20221
1.1534
1.55724
1.28181
1.2091
1.12545
3.55729
1.16691
1.21995
1.05191
1.00868
2.08514
1.32574
1.01078
1.23038
1.47206
1.23559
1.05756
1.30123
1.04941
1.02284
1.22156
1.45835
1.21272
1.36513
1.12179
1.89394
1.05959
1.4464
1.4534
1.43674
1.82463
2.75278
1.67745
1.16703
1.10257
1.19306
1.18501
1.01215
1.2166
1.03109
1.04873
1.12906
1.31683
2.50346
1.76085
1.40377
1.22238
1.01111
1.13779
1.10695
1.06879
2.68753
14.0781
1.03791
1.88561
1.25428
1.30772
1.13295
1.25384
1.53731
1.6168
2.22656
2.87329
1.11867
1.06532
1.22705
1.33821
1.4633
1.0058
1.33116
1.13617
1.56846
1.16989
1.27064
1.11104
1.17644
2.93309
1.10849
1.17899
1.24676
1.0123
1.09449
1.44088
1.69993
1.2729
1.43486
1.88908
1.29047
1.51308
1.38963
1.20863
1.32881
1.18637
1.42279
1.18795
1.08422
1.0011
1.19978
1.00173
1.25663
1.05669
1.09661
1.53096
2.02479
1.36563
1.08042
1.326
3.09838
1.57379
1.06839
1.22506
1.11593
1.21055
1.03952
1.09615
1.32779
1.2591
1.79342
1.00737
1.03475
1.44361
1.93133
1.7899
1.38887
1.09959
1.38842
1.15819
1.28141
1.40948
1.16021
1.78239
1.18269
2.07015
1.4286
1.4492
1.04651
1.08647
7.17551
1.03885
1.23959
1.04326
1.25042
1.22844
1.08245
1.06299
1.19859
1.17405
1.40179
1.06345
1.50969
2.30052
1.90937
1.15542
1.03532
1.41002
3.92131
1.46825
1.183
1.14523
1.77038
1.38883
1.27079
1.43958
1.30839
2.33567
4.78739
1.10707
1.09984
1.00344
1.35036
1.36936
1.56347
1.49476
1.05381
1.00616
1.12656
1.01425
1.10961
1.34456
1.06271
1.40873
1.1545
1.14279
1.09223
1.04495
1.25356
1.04779
3.00148
1.98193
1.18212
1.14207
1.70315
2.30716
1.09344
1.09857
1.04933
1.6237
1.5795
1.41037
1.03945
2.47391
1.01602
1.02436
1.07154
1.11392
1.23474
4.53462
1.05049
1.12759
1.73757
1.27793
1.38576
1.88614
2.04988
1.22741
1.55391
1.09164
1.04214
1.29969
1.03737
1.00133
1.17374
2.22715
1.29932
1.11303
1.52404
1.21544
1.28259
1.27732
1.05838
1.55216
1.02204
1.00621
1.91644
1.12074
1.22983
1.19755
1.13218
1.79543
1.06687
1.08893
1.22355
1.1771
1.112
1.20232
1.26357
1.29855
1.72526
1.39989
1.00251
1.29911
1.04634
1.06257
1.06594
1.0398
1.00409
1.39235
1.95329
1.48874
1.06742
1.35876
1.02867
1.104
1.2888
1.03289
2.06559
1.92137
1.45069
1.44299
1.84109
1.3639
1.37145
1.01499
1.04385
1.09974
2.15525
2.67759
1.12272
1.09639
2.08454
1.20164
1.15141
1.27311
1.0859
1.12542
1.32868
1.82555
2.51744
1.27851
1.04173
1.11987
1.24767
1.3418
1.75806
1.00746
1.26141
1.89161
1.79541
1.15696
3.04335
1.29752
1.02139
1.35346
2.57594
1.16408
1.25009
1.01029
1.44275
1.23696
1.12069
1.72705
1.47349
1.54823
1.20848
1.10918
1.43323
1.25569
1.09123
1.38578
1.03129
1.0214
1.10758
1.38601
2.05689
1.09126
1.09372
2.37737
1.19239
1.57519
1.14095
2.33282
3.24889
1.87955
1.17376
1.98002
1.16689
1.04157
1.37807
2.30048
2.43844
2.68054
1.46485
1.15551
1.63534
1.04515
1.50104
1.41002
1.13035
1.15171
1.1872
1.28212
9.72662
2.23949
1.35134
1.72663
1.23612
1.74054
1.13595
1.89969
1.03678
1.15048
1.30565
1.27099
1.0062
1.19805
1.00364
1.70582
1.10062
1.1493
1.91725
1.76424
2.13405
1.42744
1.24208
1.04691
1.32529
1.13445
1.09366
1.54364
1.17918
1.00976
2.77529
1.10362
1.05773
1.2447
2.68568
1.15352
1.18149
1.13248
1.71057
1.00342
2.03643
1.07599
8.49026
2.26377
1.30128
3.44306
1.38537
1.06027
1.48541
1.18769
1.0688
1.26835
1.24146
1.437
1.20007
1.24296
1.30391
1.09514
1.61421
2.11177
1.2681
1.0757
1.38527
1.13817
1.02387
1.00302
1.19503
1.07667
1.31794
1.12311
1.55011
1.19674
1.23538
1.12165
1.05744
1.20564
1.12142
1.13325
1.0086
1.47831
1.37894
1.66102
2.43637
1.61123
5.03281
1.1908
1.04649
1.10247
1.75624
1.4928
2.12972
1.22403
1.07472
1.18422
1.15986
1.05811
1.40699
1.32813
1.00137
1.16578
1.59195
1.29854
1.37616
1.54233
1.14296
1.23452
1.05423
1.22506
1.06494
1.0589
1.35625
1.31371
1.11658
1.08516
1.09332
1.13375
1.07805
1.10542
1.42856
2.52276
1.63042
1.7365
1.34196
1.0919
1.09539
1.95641
1.88036
1.31522
1.20094
1.80701
1.67467
1.45649
1.32565
1.13187
1.1356
2.34051
1.01832
1.11127
1.32411
1.03475
2.25034
1.47337
1.03133
1.07838
1.15312
1.33749
1.33324
1.66727
1.00371
1.09402
1.00598
1.12141
2.51207
1.20193
1.15743
1.33332
1.11396
1.82447
1.09378
1.80354
1.70857
1.23695
1.50843
2.69913
1.04267
1.05056
1.50891
1.04333
5.60492
1.70572
1.24027
3.8253
1.00813
2.04124
1.03137
1.27341
1.12252
1.80187
1.78296
1.024
2.03191
1.20756
1.14099
4.01826
1.16193
1.08727
1.35204
2.31341
1.4249
1.01765
1.17438
1.5457
1.25895
1.16146
1.14904
1.08196
3.08101
1.41961
1.6157
1.14728
1.46765
1.3359
1.08917
1.13883
2.78102
1.37193
1.23306
1.112
1.66527
3.03997
1.32441
3.08822
2.05609
1.19849
1.36112
2.83699
1.15597
1.64561
1.03458
2.32042
2.24373
1.5132
1.00067
1.03325
1.23121
1.39851
1.09219
1.80062
1.53658
1.24796
1.05239
2.89567
1.0759
1.506
3.10806
1.26468
1.52295
1.1397
1.03451
2.06579
1.04035
1.23674
1.86926
1.08088
1.59944
1.81589
1.02289
1.59787
1.20935
1.1112
1.47995
1.66732
1.34623
2.36003
1.1868
1.68599
1.46611
1.01551
2.01713
1.51916
1.03227
1.07532
1.62885
1.07165
1.3625
1.95979
1.13902
1.02025
1.94007
1.00881
3.27455
1.15205
1.44488
1.1844
1.33768
1.05647
1.04416
1.13733
1.55561
2.31048
1.13088
1.02898
1.03347
1.08802
2.60914
1.58449
1.01175
1.00335
1.05297
1.18374
1.76504
1.80719
2.49329
1.32867
1.08654
1.08686
1.70726
1.62527
1.1355
1.19782
1.09145
1.11411
1.06591
1.28126
1.14467
1.7931
2.6689
2.98302
1.05947
2.04605
1.08399
1.66268
1.00016
1.30198
1.21852
1.12798
3.41379
1.09401
1.7023
2.01705
1.37254
1.08606
1.67534
1.07214
1.20237
2.8639
1.51552
1.52687
1.47559
1.17577
1.20653
1.24202
1.19519
2.55461
1.07855
1.69278
1.29154
1.04368
1.08097
1.11928
1.18252
1.18126
1.14704
1.03523
1.10105
1.09961
1.33443
5.51747
1.15205
1.16115
1.37868
1.0525
1.07046
1.00387
1.21834
1.24272
1.0887
1.02321
2.30835
1.15739
1.21952
1.55527
3.1224
1.29048
1.27168
1.06781
1.41846
1.05997
1.90828
1.03012
1.75718
1.5767
1.19545
1.41139
1.16826
1.06372
1.70292
1.41663
1.01576
2.98359
1.27566
1.44231
1.14891
1.25792
1.11489
1.25746
1.10967
1.9478
2.30246
1.05008
1.1488
1.87698
1.68896
1.00389
1.27107
1.684
1.5555
1.01172
1.14098
1.19023
1.03623
1.02147
1.14625
1.11641
1.56651
1.1777
1.81202
1.02895
1.89097
1.0424
1.182
1.10235
1.08618
1.27332
2.49499
2.70067
1.28699
1.53138
1.15757
1.31412
1.41862
1.27815
1.04174
1.48228
1.60257
1.36741
1.21216
1.40837
1.11589
2.42671
1.99084
1.88994
1.12224
1.05262
1.41876
1.03612
1.17118
1.16137
1.02276
1.08699
1.38821
1.00063
1.0003
1.00567
1.50182
1.87222
1.04205
1.54479
1.15729
1.60072
1.73736
2.08953
1.24178
1.02984
1.18454
1.03527
1.15737
1.14606
1.05686
1.94919
2.96823
1.18209
1.20603
1.37647
1.40034
1.04666
1.04446
2.2709
1.70502
2.05335
1.02625
1.27513
3.87735
1.16634
1.07084
1.13732
1.12296
1.45407
1.26538
1.2256
1.05353
1.08635
1.77917
1.28323
1.0271
1.76089
2.07477
1.09019
1.83201
1.12965
1.67585
1.07134
1.11851
1.41022
1.10889
1.33924
1.05813
1.10906
1.25333
1.98143
1.41473
1.62133
1.29843
1.20415
1.05502
1.03825
2.17688
1.32628
1.14724
1.17393
1.48087
2.84037
1.08198
1.31802
1.1551
1.1792
1.2624
2.31391
1.69658
1.12181
1.38798
1.18148
1.91123
1.26783
1.35926
1.03011
1.02068
1.82003
1.00998
1.1815
2.4281
1.07016
1.05068
1.96765
3.62822
3.58456
1.1948
1.13888
1.39179
2.08286
1.26342
1.22822
1.15569
1.23092
1.07784
1.0724
1.52401
1.03571
1.04698
1.64237
1.2331
1.06454
1.63852
4.27033
1.12061
1.12023
1.15362
1.28729
1.15092
1.90868
3.19253
1.37069
1.08448
1.16797
2.70451
1.10881
1.06521
1.15049
2.33228
1.09437
1.94676
1.00573
1.06804
1.33073
1.40585
2.51476
1.10415
1.03141
1.17848
1.14561
1.23499
1.21818
1.36305
1.13673
1.24981
1.42187
1.32022
2.7405
1.23736
1.69725
2.69789
1.09926
1.19966
1.16256
1.12742
1.04166
1.19663
1.50031
1.09525
1.09007
1.31409
1.31274
1.27233
1.05385
1.34733
1.41731
2.1701
1.50924
1.3713
1.53776
2.60181
1.65076
1.18642
1.10874
1.15025
1.23654
1.34608
1.05654
1.54991
1.2933
1.13153
1.09236
1.57073
1.15351
1.49732
1.28848
2.00263
1.47003
1.24172
1.0283
1.19712
1.02084
1.31708
1.01625
1.0228
1.18082
1.36505
1.22049
1.2509
1.09571
1.10569
1.59925
1.08236
1.18864
1.01664
1.19497
1.07458
1.70396
2.09823
1.03887
1.06267
1.11417
1.02384
1.51253
1.41741
1.31179
1.73229
1.74461
1.08202
1.15007
1.82513
1.48537
2.11052
1.22181
1.01637
1.24788
1.08401
1.68654
1.08133
1.97139
1.8238
1.68798
1.0121
1.35692
5.18589
1.44118
1.0473
1.09056
1.00967
3.35837
1.0703
1.25031
1.56338
1.07444
1.22441
1.02079
1.02153
1.13136
1.10493
1.58228
1.60588
1.05565
2.27321
1.15462
1.49469
1.02597
1.23348
1.04332
2.20337
1.10333
1.51034
1.17177
1.67854
1.11826
1.47067
1.57699
1.19616
2.45629
1.19032
1.05886
1.84189
1.00762
1.16361
2.11006
2.02165
1.65224
1.01728
2.05339
2.48524
1.97952
1.20896
1.6894
1.35869
1.04724
1.66282
1.06687
1.72398
2.58324
2.37081
1.13073
1.03224
1.03605
1.13055
1.81802
1.41312
6.36225
1.07992
1.38822
1.22951
1.19066
1.12518
1.04532
1.1405
1.01121
1.67882
1.11025
1.27144
1.32637
1.30023
1.05574
1.24599
3.19495
1.23492
1.13379
1.00994
1.14694
1.08739
1.00457
1.29203
1.0453
1.42654
1.4015
1.06505
1.75741
1.09497
1.22977
2.7779
1.31804
3.42089
1.34283
2.00421
1.35732
1.19894
2.47589
1.15948
2.32292
1.44633
1.24523
1.15721
1.67678
1.12591
2.65651
1.05705
2.12604
1.29394
1.43588
1.03496
1.88014
1.10695
1.75081
1.06631
1.05357
1.0383
1.12647
1.31587
1.52105
1.73054
1.18501
1.71058
1.13537
1.65412
1.07479
1.16596
1.00014
1.09749
1.14186
3.01548
1.13598
1.6607
2.12024
1.27472
1.15971
1.12274
1.06615
2.08917
1.75641
1.02537
1.29949
1.10327
1.04403
1.26529
1.51194
1.10877
1.47757
1.09149
1.05323
1.09893
3.68019
1.07459
1.11786
1.17275
1.04519
1.30978
1.20317
1.0586
1.41067
1.04326
1.19103
1.0829
1.00349
1.85337
1.45108
1.12499
1.08515
1.19958
1.26837
1.72827
1.29291
1.0195
1.98012
1.12165
1.00022
1.09216
1.53953
1.23391
1.85642
2.31731
1.70553
1.19345
1.41668
1.21116
1.12956
1.40893
2.48433
1.09212
1.76874
1.96776
1.95132
1.79125
1.12966
1.57745
1.22339
1.05722
1.22171
2.29746
1.01593
1.75762
1.18292
1.16816
1.87379
1.14208
4.42109
1.0377
1.15356
1.21378
2.90899
1.07571
1.00025
4.60718
1.05409
1.20732
1.00417
1.02447
1.41774
1.04263
1.1347
1.04506
1.12483
1.65193
1.08669
1.04412
1.46214
1.42873
1.0467
1.01965
1.22157
1.19983
1.54689
1.01644
1.02558
1.02758
1.00702
1.31543
1.46305
1.10738
1.09739
1.02347
1.00268
1.05422
1.00605
1.39661
1.22217
1.33131
2.43258
1.23866
1.24342
1.63014
1.0037
1.49788
4.35992
1.21137
1.03617
1.04519
1.14027
1.06743
5.91732
1.07501
1.19148
1.35847
1.39107
1.08939
1.07282
1.86019
1.36645
1.11592
1.33783
1.03461
1.97126
1.55859
1.31339
1.17095
1.0095
1.62604
1.00584
1.69727
1.09258
2.86716
2.31298
1.10044
1.30903
1.23401
1.14801
1.19418
1.61292
1.06123
1.02851
2.27589
1.48837
1.39114
1.26923
1.0092
1.17925
1.05599
1.0135
1.05986
1.67432
1.17739
2.2329
1.52721
1.11616
1.30797
1.94884
1.86723
2.00054
3.69484
1.318
1.52287
1.93838
1.31751
3.07699
1.12483
1.88383
1.1055
1.19992
2.05572
1.34176
1.13122
3.44015
1.78216
1.14494
1.24127
1.0747
2.33039
1.21942
1.10162
1.52333
1.15021
1.05075
1.0795
1.68603
1.35355
1.11758
2.7044
2.5924
1.43491
1.94863
1.05061
1.07272
1.03907
1.00847
1.91312
2.06759
3.13943
3.00122
1.13958
1.45699
1.17911
1.74474
1.11896
1.25872
2.02786
2.34784
1.16523
1.76317
1.31094
1.25657
1.192
1.0962
1.09439
1.28607
1.34732
1.59512
1.69802
1.08562
1.30379
1.03345
1.54477
1.02803
1.48283
1.12206
1.19308
1.24362
1.30828
1.00955
1.21562
1.06918
1.69479
1.77017
2.03195
1.33957
2.02954
1.29995
1.00909
1.17255
1.21293
1.69249
2.07765
1.31886
1.02145
1.09324
1.2847
1.17082
1.05683
1.0026
1.14522
1.0528
1.42725
1.3491
1.14839
1.07441
1.11612
4.27527
1.13465
1.22823
1.33533
1.22512
1.25901
1.32
1.34222
1.58054
1.40281
1.61588
1.09477
1.00169
1.00343
3.10869
1.01596
1.2342
1.05361
1.51016
1.78305
1.2865
1.19851
1.76907
1.07268
1.76239
1.25179
1.5945
1.56057
1.36919
1.73179
1.39813
1.06561
1.00254
1.00254
1.01586
1.04851
1.07555
1.09679
1.06846
1.09455
1.53901
1.82537
1.03442
1.47355
1.2714
1.17389
1.06258
1.21617
1.19417
1.61545
1.49528
1.00119
1.06233
1.35349
1.01872
1.48085
1.31719
1.60484
1.10065
1.02228
1.62766
1.38522
1.00507
1.04585
1.0304
1.47161
1.77193
1.04564
1.23867
1.27236
2.73635
1.31608
2.45641
2.6925
3.41029
1.65434
1.34223
1.15036
1.22881
1.15972
2.45738
1.12066
1.30117
1.04818
1.3539
1.37546
1.02372
1.15098
1.01422
1.99337
1.49535
1.29005
2.77169
1.53935
1.10669
1.26375
1.19598
1.02699
1.06681
1.13748
1.02824
1.8379
1.09171
1.04082
1.78116
1.19839
1.28493
1.18703
1.31397
1.37743
1.3276
1.01529
1.39389
1.17366
1.12798
2.35678
1.06928
1.36638
1.84279
1.22768
1.132
1.14627
1.40707
1.4342
1.12363
1.56226
1.22147
1.38576
2.80255
2.71277
3.14263
5.76762
1.02338
1.76953
1.22305
1.42915
1.41755
1.14712
1.59421
1.38397
1.06337
1.48815
1.25823
1.20699
1.08412
1.40256
1.06964
1.36505
1.10487
2.51883
1.48583
1.35258
1.1226
2.19081
1.15309
1.1389
1.83005
1.00138
1.643
1.25366
1.14492
1.28987
1.0582
1.13943
1.06298
1.30507
1.07912
1.82147
1.51505
1.15831
1.35964
2.51143
1.0358
1.44243
1.20077
1.48159
2.0755
1.15398
1.0238
1.1254
1.45715
1.16131
1.05432
2.6264
1.4049
1.21993
1.27174
1.36546
1.42483
1.03878
1.74473
2.1897
1.02713
1.34133
1.06377
1.78034
1.43769
1.54182
3.17393
1.00818
1.26631
1.15346
1.57328
1.80959
1.68203
1.22083
1.87525
2.27972
2.80173
1.02237
1.14441
1.03883
1.04613
1.20358
1.0744
1.17533
1.13169
1.48027
1.00437
2.57765
1.33659
1.02996
2.3567
1.07808
1.01657
1.33152
2.70154
1.07326
2.09276
2.00442
1.40338
1.86843
2.42975
1.00849
4.41219
1.00601
1.02017
1.0343
1.10776
1.12114
2.13772
1.20955
1.13479
1.22188
1.15808
1.43547
1.04754
1.69329
1.59941
1.7819
1.17903
1.87887
1.08844
1.15471
2.87083
1.43613
1.51802
1.10961
1.06501
1.3665
1.20507
1.53672
1.63259
1.39695
2.64581
1.9505
1.13812
1.51395
2.41638
1.62334
1.22743
1.0117
1.08538
1.44735
1.12861
1.04949
1.51441
1.39669
1.21038
1.21086
1.05207
1.0957
1.30672
1.10647
2.54492
1.36268
1.02641
1.33677
1.04083
1.09629
1.38427
1.08024
1.74063
1.34781
1.53361
1.00453
1.38463
1.89664
1.15387
1.16584
1.48835
1.01352
2.17989
1.44737
1.06965
1.13206
1.40544
9.93455
1.04718
1.107
1.35692
3.23234
1.14614
3.00645
1.21691
1.01382
2.99184
2.3371
1.42541
1.71242
2.22453
1.47325
1.39543
1.26271
1.30996
1.18168
1.12919
1.03482
1.59343
1.19162
1.48565
1.99184
1.7574
1.34048
1.90109
2.82632
1.11792
1.03503
1.3924
1.20091
1.11231
1.40026
1.23194
1.03086
1.08181
2.21865
1.14607
1.01749
1.29829
1.06989
1.11109
1.02079
2.1741
1.22929
1.70851
1.15838
1.30464
1.73138
4.03419
1.44573
1.34357
1.4008
1.26309
2.10696
1.07954
1.89072
1.6052
1.91888
1.13728
1.0659
1.35333
1.36284
1.25182
1.12212
1.69222
1.05604
2.48718
1.66305
1.77365
1.03904
1.25389
2.99217
1.03813
1.2557
2.23856
2.16051
3.21289
2.25555
1.02936
1.1281
1.14184
1.11937
1.1167
1.32261
2.9145
1.17034
1.93375
1.4431
3.56886
2.81668
2.50116
1.06348
1.29199
1.27226
1.86145
1.1459
1.88145
1.36278
1.93105
1.7127
1.0347
1.75263
1.16216
2.92919
1.16812
1.27519
7.42425
1.01005
1.65592
1.12098
1.06928
1.59234
1.10385
3.31255
1.22407
1.77264
1.07968
1.11506
1.05958
1.81386
1.10226
1.02907
3.61113
1.44168
1.45177
1.5934
1.22072
1.96276
2.16773
1.14858
1.00402
4.07454
2.21033
1.61974
1.10225
1.07149
1.29029
1.04827
1.27032
1.07482
1.54121
1.20955
1.01096
1.02964
1.13973
2.21742
1.02156
1.46614
1.06819
1.04637
1.36413
1.003
1.00976
1.48274
1.40931
1.84961
1.71844
1.04682
1.28884
1.72643
1.07733
1.19411
1.05251
1.3403
1.08913
1.32133
1.02926
1.06618
4.10486
1.53881
1.39526
1.0342
1.19105
2.24015
1.58495
4.29079
1.00736
1.14646
1.2581
1.74284
1.5986
1.26995
2.17829
1.10689
1.06654
1.43867
1.01588
1.5895
2.0138
1.7158
1.39198
1.10917
1.85348
3.71872
1.0772
1.35098
1.03929
1.06648
1.0409
1.98733
1.62407
1.03506
2.30612
1.78388
1.05243
1.50008
1.07186
1.13947
1.25296
1.38622
1.06412
1.04529
1.3122
1.13279
1.55497
1.01616
1.06338
1.36267
1.06053
1.07583
1.96807
1.28234
1.01567
1.02994
1.09512
1.62567
1.4842
1.29
1.51326
1.12653
3.61935
1.08904
1.63401
1.51093
1.07754
2.05985
6.90984
1.1297
1.14364
1.27777
1.32845
1.86809
1.54966
1.13888
1.42645
1.04617
5.60165
1.36199
1.30578
2.62035
1.43178
2.41115
3.40569
1.21543
1.424
1.31204
1.0937
1.59486
1.73134
1.15996
1.04176
4.98385
1.03131
1.54158
1.05984
1.20582
1.02702
1.45309
1.04509
1.01569
1.54668
6.30864
1.9419
1.54468
1.74516
1.0101
3.11922
1.56744
1.07054
1.0018
1.21448
1.29829
1.2074
1.20187
1.21121
1.08047
1.10559
1.18925
1.00521
1.41547
1.11093
1.10226
1.17298
1.07175
4.00148
1.46551
2.24178
1.0545
1.57421
1.05163
1.32862
1.02688
1.60957
1.14182
1.22004
1.50845
1.20985
1.04777
3.02076
1.1664
1.05895
1.95612
1.14734
1.11558
1.01337
1.07624
2.20748
1.02922
1.71586
1.25824
1.07505
1.92588
1.23847
2.83889
1.20937
1.79479
1.04458
2.69239
1.29088
1.40285
1.34439
1.52082
1.24272
1.2708
1.27335
2.68478
1.00124
1.13977
1.39817
1.04466
1.32307
1.12645
1.04091
1.04372
1.4675
1.13683
2.13571
1.89943
1.00778
1.22738
1.56238
1.43617
1.13714
1.14547
2.37462
1.26053
1.85877
1.01153
1.16997
1.516
1.3099
1.51626
1.22995
1.32052
1.66085
1.19255
1.23866
1.09053
1.06565
1.23683
1.43767
1.25871
1.86274
1.03212
1.80754
2.65984
2.0078
1.28372
6.13019
1.20907
1.0918
1.00297
1.69569
1.001
1.28585
1.35639
2.05125
1.0413
1.14309
1.34354
1.45489
1.19677
1.21056
1.77757
1.18212
1.25226
1.1254
1.25402
3.37518
1.57327
1.53691
1.14423
1.17199
1.31324
1.79199
1.91199
1.41487
1.13905
1.03735
1.31951
1.07391
1.2185
1.0575
1.47573
1.12187
1.57023
1.68144
2.34467
1.35336
3.08804
1.08475
1.53134
1.37925
1.48541
1.52812
1.156
1.22472
1.70961
3.40132
1.04277
1.30656
1.12301
1.10059
1.43837
1.06327
1.63374
1.01257
1.37538
1.0252
2.07547
1.13061
1.14628
1.40171
1.71761
1.19541
1.14314
1.00895
1.43184
1.5329
3.82701
1.2417
1.25142
1.66917
1.03988
1.13404
1.13657
1.8448
1.38969
1.16748
1.40702
3.71873
1.79061
1.06739
1.06332
3.0765
1.32555
1.35339
1.09289
1.4013
1.43582
1.05104
2.62427
1.17378
1.23743
1.08941
2.03399
2.90434
1.45705
1.47734
1.04106
1.28813
1.73845
1.89432
1.1239
1.00083
1.20235
1.24368
1.2961
1.43043
1.12962
1.62844
1.10451
2.37663
2.90208
1.05912
1.09249
2.20922
3.48448
1.35765
1.21444
1.33874
1.36053
1.17921
1.25583
1.20571
1.01133
1.12758
1.77995
1.9018
1.51466
1.48861
1.01809
2.21863
2.09418
1.29592
10.9919
2.60482
1.63739
2.05131
1.23116
1.47193
1.1218
1.07313
1.62882
1.00919
1.09513
1.39896
1.09293
1.18952
1.07659
1.53251
1.23065
1.05409
1.76575
1.33651
1.10811
1.57254
1.08359
1.46436
1.05578
2.039
1.61186
1.44697
2.83531
1.0304
1.81228
1.09854
1.04792
1.32659
1.51743
1.68527
1.02501
1.04086
1.05765
1.02205
1.1446
1.34294
2.50271
1.7426
1.53976
1.77181
1.0067
1.04809
1.00098
1.51766
1.31905
1.12342
1.30236
1.69586
1.15766
2.66511
1.10207
1.21341
1.27305
1.64825
1.59517
2.19529
1.70846
1.0789
1.00729
1.54467
1.16032
1.11415
1.98351
1.08832
1.95064
1.2375
1.31816
1.02811
1.36396
1.38364
1.9318
1.23351
1.35488
1.70453
2.72247
1.60946
1.40675
2.82273
1.64852
1.48841
1.00152
1.70461
1.01382
1.62917
1.05527
1.17181
1.37332
1.07287
1.2432
1.30442
1.02558
1.78413
1.10924
1.31474
1.09491
1.19257
2.04954
1.61764
2.20177
1.05476
2.60305
2.24855
1.00818
1.31298
1.35074
1.72536
1.07742
1.01936
1.55148
1.00849
1.49897
1.34897
1.00008
1.08035
1.14276
1.24009
2.10458
1.48779
1.07677
1.1409
1.01074
1.4158
1.477
1.06665
1.73335
1.07586
1.65034
1.00862
2.03895
1.03306
1.27547
1.06626
3.61273
1.05834
1.34099
1.32701
3.29911
1.26469
1.0735
1.31171
2.18405
1.0281
1.06328
1.08664
1.34087
1.05577
1.06095
1.10795
1.14907
1.02872
1.4576
1.01366
1.20114
1.04636
2.41804
1.21781
1.61399
1.07656
1.01539
1.31004
1.80433
2.01366
2.26205
1.21999
1.50983
5.88587
1.10305
1.04142
1.11259
1.12094
1.42201
2.13647
1.27155
2.30217
1.03004
1.05626
4.31518
1.35548
1.00029
1.13979
1.10087
1.24828
1.553
2.86849
1.04096
1.51196
1.21524
1.48513
4.1044
1.05779
1.11449
1.11112
1.05051
1.48968
1.02729
1.14302
1.16754
2.08997
1.57426
1.295
1.05317
1.22494
1.04329
1.14221
1.09685
1.32183
1.4901
1.11262
2.38475
3.67995
1.01966
1.11835
1.4917
1.29301
1.04064
1.171
5.75049
1.36166
1.03152
1.0308
1.06723
5.44718
1.24181
1.35177
1.03639
1.08831
1.34311
1.04589
1.02605
1.23277
1.01077
1.15539
1.06553
2.36799
1.47479
1.22271
1.11667
1.00814
1.68049
3.55989
1.70351
1.19077
10.6233
1.80606
1.24945
1.00515
1.16357
1.61998
1.04545
1.03916
1.17528
1.26295
1.1865
1.26852
1.21839
1.0431
1.02496
2.93757
1.47645
1.25714
1.25551
2.17625
1.06907
1.5075
1.62359
1.24288
1.88053
1.07411
1.07036
1.10178
1.21733
1.08378
1.8961
1.67035
2.50622
1.31188
1.37959
4.26012
1.36076
2.27744
7.75054
1.03298
1.04856
1.45388
1.03774
1.15125
1.00165
1.19974
1.04169
1.47802
1.51987
1.56162
1.33162
3.63478
16.7065
1.4431
1.12732
1.15049
1.02919
1.27674
1.53071
1.10526
1.40743
1.12907
1.39235
1.05967
1.35289
1.09159
1.30405
2.18719
1.83857
1.04041
2.0683
2.12696
1.12815
1.08999
1.0268
1.04312
1.98159
1.68387
1.03612
1.2735
1.52016
1.05465
1.48981
1.3782
1.1021
1.03022
3.42372
1.37604
1.57169
2.40507
1.27084
1.13473
1.27127
1.1053
1.7703
1.50283
1.40915
2.44299
1.17841
1.13652
1.49536
1.47434
1.56183
1.12974
1.02976
1.36978
1.44555
2.24433
1.23073
1.29468
1.35682
1.67466
1.3662
1.40931
1.00981
3.3473
1.36102
1.4925
1.67019
1.01119
1.26199
1.07276
1.07743
1.41336
1.01004
1.11567
1.37637
1.03739
1.24248
1.8056
3.15807
1.60442
1.55111
1.07862
1.38509
1.43043
1.47876
1.10948
1.08073
1.50431
1.18095
1.65255
1.00412
3.90364
1.21022
1.53185
1.91018
1.07727
1.03943
2.04888
1.01156
1.26869
1.31157
1.28396
1.70114
1.29924
1.01599
1.01001
1.31153
1.13647
1.16143
1.51236
2.02224
1.3933
1.03626
1.19618
1.30172
1.01176
2.5936
1.19297
1.04576
1.49331
1.63617
1.07177
1.14965
1.44143
1.23432
1.14785
1.60046
1.56411
1.12232
1.54768
1.08314
1.50547
1.00295
1.17689
1.03393
1.23888
1.02342
1.0308
1.51955
1.72043
1.78512
2.17159
1.20498
1.88223
1.78322
1.4469
1.07443
1.17037
2.76531
3.93306
1.0022
1.62873
1.24984
1.07079
1.29508
1.62016
1.98508
1.1005
1.35396
1.36895
1.024
1.43927
1.01141
3.39148
1.67095
1.01357
1.10874
4.42389
1.16413
1.149
1.19487
1.16162
1.17875
1.92978
1.59654
1.91887
1.28387
1.14372
1.134
1.3376
1.478
1.10254
1.01549
1.25617
1.04133
1.166
1.02507
1.13931
1.7942
1.62512
1.11502
2.20983
2.03947
1.95766
1.56045
2.35777
1.2534
1.16173
1.50968
1.15213
1.05412
1.12812
1.16301
3.31341
1.64778
1.086
1.34166
1.74697
1.02763
1.90883
1.56506
1.0172
1.78587
1.07106
1.20632
2.76497
1.61086
1.16972
1.17829
1.80137
1.36692
1.04291
1.20941
1.04472
1.86546
1.32586
1.1876
2.45649
1.26706
1.57424
1.04024
1.40998
1.00018
1.6488
1.09222
1.02091
1.03543
1.04418
2.7068
1.19183
1.05967
1.20387
2.25207
1.05504
1.06552
1.57674
1.00251
1.04459
2.11098
2.58503
1.50987
1.26442
1.50451
1.01313
1.45955
1.01118
1.20413
1.08768
1.35332
1.04435
1.71
1.33287
1.28255
1.09397
1.28258
1.25722
1.26086
2.17049
1.21415
1.21608
1.17226
1.2603
1.18732
1.51084
1.27504
1.3002
1.32946
1.02998
1.08769
1.10736
1.0489
1.32418
1.2648
1.82638
1.04282
1.12517
2.02016
1.41307
1.06234
1.03823
1.65512
1.26096
1.00085
1.05822
1.94821
1.61675
1.21717
1.19555
1.14661
2.13889
1.09847
1.05582
1.03787
1.43192
1.18037
1.35454
1.18555
1.19576
1.53189
1.77302
1.23067
1.40398
1.08082
2.38836
1.05071
1.62832
1.00397
1.35394
1.5707
1.13652
1.05136
1.12613
1.08205
1.16743
1.19575
1.06543
1.70948
1.19151
1.44787
1.16868
1.18763
1.30953
1.17752
1.09133
1.34418
1.40248
1.97909
1.14275
1.04588
1.92591
1.07139
1.38075
1.2168
1.17904
1.10939
1.85876
1.0737
1.12147
1.01834
1.06423
1.55174
1.01659
1.15377
1.19389
2.01024
1.40622
1.01306
1.19606
1.29045
1.34402
1.39073
1.05518
1.2393
1.17704
1.00336
2.34944
1.44446
1.11638
1.03477
2.34408
1.76639
1.17821
1.03801
2.35178
1.00925
1.25132
1.35093
1.57078
1.5047
1.08467
1.33342
1.33185
1.16239
1.02312
1.66817
2.37231
1.82186
1.32345
1.21497
1.41243
1.42938
1.38588
2.21689
1.28091
1.19797
1.38329
1.00467
1.22894
1.69745
1.01295
1.14203
1.26255
1.34395
1.17923
1.00368
1.50393
1.10693
1.07039
1.03671
1.04863
1.22752
1.65572
1.00545
1.17891
1.43288
1.42835
1.8739
1.91568
1.28674
3.32214
1.17192
1.74161
1.76887
2.93173
1.19496
1.35648
1.70238
1.35746
1.26276
1.48412
1.03745
1.49142
1.14997
1.07036
1.67785
1.00569
1.01477
2.0439
1.21026
1.1737
1.2035
4.02462
1.25795
2.17479
1.38978
1.70809
1.27223
1.74934
1.29265
2.38733
1.96219
1.47133
1.28079
1.0655
1.24736
1.07047
1.28809
1.16282
1.2342
1.35672
1.19918
1.49901
1.16923
1.23218
1.5294
2.24828
1.06233
1.29028
1.29709
1.09802
1.5339
1.27978
1.06942
1.24195
1.08013
1.02233
3.27906
1.21136
1.162
1.25607
1.21295
1.81954
1.23605
1.46517
1.09352
1.8587
1.08904
1.35483
1.19313
1.15394
1.22598
1.39144
1.52957
1.0501
1.09605
1.02034
1.0328
1.01394
1.34098
2.24022
1.20008
1.61364
1.2883
1.68308
1.16395
1.01428
1.17619
2.11382
2.13255
1.87718
2.39645
1.05154
1.11974
2.61369
1.12832
1.47959
1.87055
2.18758
1.0515
1.395
1.31678
1.02143
1.30989
1.00373
1.09875
1.11367
1.17812
1.38595
1.21686
1.13749
1.02322
1.20109
1.78019
1.32425
1.6222
1.10574
1.05861
1.09613
1.21213
2.3367
1.26393
2.41123
1.2707
1.00157
1.37508
1.37725
3.09134
3.21103
1.03767
1.16406
1.17422
1.35764
2.30902
1.42505
1.30871
1.49136
1.59609
1.98985
1.18277
1.58186
1.86181
1.38753
1.25192
1.25411
1.08252
2.01546
1.20872
1.05859
1.38527
1.34876
1.12069
1.40975
2.69219
1.17172
1.50298
1.18148
1.25023
1.06157
1.29809
1.49869
1.56438
1.74578
1.83579
1.02028
1.02148
1.83501
2.68079
1.10164
1.09138
1.01918
1.07958
1.04276
1.34746
1.01127
1.10503
1.0046
1.23064
1.26459
1.48554
1.10279
1.11663
1.56526
1.13109
1.16573
1.1903
2.01248
1.51444
1.58427
1.96304
3.46029
1.0367
1.27864
1.01133
1.12873
1.16102
1.23274
1.49234
1.03759
1.63316
2.68662
1.74539
1.06855
1.55381
1.01825
1.05935
3.3274
1.45399
1.20499
1.03843
2.11697
1.0121
1.17529
1.32998
1.74956
1.49829
1.41061
1.1018
1.76771
1.04501
1.50988
1.11038
1.00572
1.20906
1.2109
1.13048
1.48007
1.30884
5.07232
1.69841
1.28587
2.02479
1.71547
1.10185
1.22401
1.16201
1.37034
3.83717
1.18178
1.25197
1.01373
1.47905
1.18442
1.20226
1.09644
1.62935
1.42966
1.76934
1.0153
1.05791
1.05648
1.07411
1.70825
1.06409
1.17457
1.02354
1.47867
1.83328
3.45124
2.97748
1.06679
1.22761
1.20065
2.64265
1.46212
1.42196
1.24289
1.18572
1.04359
1.90516
1.36385
1.06133
1.93267
1.70181
1.32934
1.26133
1.10124
1.02344
1.90056
1.36114
1.09855
1.57707
1.28527
1.40041
1.02761
1.34628
1.62442
1.79034
2.30825
1.10511
1.58736
1.81653
1.07673
3.22032
1.42704
1.18581
1.02185
1.73123
1.25977
1.04058
1.44677
1.0172
1.29033
1.79727
1.3084
1.21689
1.14222
1.06363
1.14342
1.04395
1.04494
1.11354
1.07292
1.84871
1.042
1.5395
1.1713
6.08357
1.34664
1.31165
1.71143
2.45574
1.55323
1.53598
1.0204
1.22038
1.0829
1.14934
1.12286
1.09152
1.61941
1.72874
1.58423
1.5413
1.3094
1.07572
3.04245
1.20348
2.28333
1.75171
1.09367
1.19392
1.95084
1.38744
1.39293
1.44228
1.07634
1.60778
2.94353
1.24679
1.15815
1.02233
1.1461
1.71696
1.07781
1.07445
2.35061
1.01007
1.30873
3.90539
1.13897
1.81201
1.17412
1.0905
1.01457
1.03325
1.06
1.07968
1.41529
1.32102
1.26056
1.41012
1.18563
1.45435
1.06688
2.96621
1.27664
3.34763
1.19254
2.06882
1.04794
1.33699
2.68058
1.07199
1.40559
1.03763
1.31447
1.97094
1.47765
2.37473
1.2986
1.60579
1.03103
1.47183
2.22924
4.01553
2.75713
1.39348
1.18729
2.16359
1.57648
5.52347
1.22057
4.50859
1.03581
1.0782
1.07359
1.14954
1.27141
1.13488
1.10001
1.03172
1.07608
1.23679
1.95269
1.4863
1.05073
1.30877
1.05083
1.00501
1.08738
1.30974
1.0286
1.02222
1.43482
1.68595
1.08092
1.50113
1.08184
1.01803
1.05305
1.12812
1.02779
1.09496
1.98925
1.62015
1.09051
1.82439
1.18299
1.20125
1.8269
1.04757
1.1019
1.86932
1.25077
1.55604
8.95011
1.22374
1.21158
2.93686
1.15034
1.49826
1.05292
1.1905
1.9512
1.4721
2.0136
1.04873
1.24476
1.52927
4.91637
1.20065
2.06842
1.19444
1.09963
1.03899
1.92787
1.13742
3.55956
2.1234
1.02894
1.66599
1.48737
1.17197
1.00162
1.29566
1.06515
1.18634
1.05521
1.01837
1.66181
1.3247
1.02201
1.73719
1.00412
1.03536
1.60789
1.38835
2.85017
1.74948
1.18565
1.56235
2.2709
1.0189
1.04844
1.39952
1.25828
1.53946
1.31733
3.02108
2.95892
1.04772
1.21316
1.57117
1.06243
1.02782
1.65429
1.01063
1.01305
3.08104
2.11363
1.33886
1.55807
1.46028
1.06559
1.34841
1.4198
1.37926
1.74072
1.17031
1.13266
1.18921
1.18397
1.06531
1.24096
1.30275
1.46655
1.01245
1.92665
1.06163
1.82567
1.00088
1.19759
1.0356
1.00496
1.11616
1.01267
1.01965
1.40779
2.08192
1.09333
1.00897
1.14238
1.16963
1.42177
1.15003
2.48579
1.38116
1.0174
1.03757
1.91958
1.78804
1.36146
1.5483
1.43954
1.05853
1.23187
1.73165
1.00618
1.21955
1.74328
1.07219
1.10389
1.08325
2.16379
1.45592
1.26638
1.26111
1.59644
1.17376
1.22427
1.00126
1.06198
1.17236
1.91774
3.48801
20.7201
4.83588
1.33661
1.36983
1.2282
1.27522
1.14542
1.30515
1.43802
1.08919
1.50172
1.08304
1.03651
1.58095
1.08497
2.23833
1.05389
1.03552
1.16757
2.37558
2.59784
5.62776
1.20407
1.41359
1.15949
1.21594
1.4943
1.02364
2.47656
1.93877
2.50405
1.98353
1.5494
1.0747
1.37655
1.13506
2.72219
1.06566
1.10746
1.05773
1.19006
1.43249
1.81413
2.36148
1.05294
1.55688
2.18594
1.14392
1.06135
2.03819
1.87379
1.00756
1.02104
1.31384
1.23557
1.24021
1.28087
1.01752
1.62614
1.17955
1.11977
1.00221
1.39001
2.21252
1.60816
1.2776
1.08013
2.82729
1.21727
1.10598
1.43851
1.32829
1.17878
2.06386
2.38686
1.87035
1.08964
1.55554
1.8227
1.86567
1.05313
1.01431
1.05857
2.75776
1.05404
3.84397
1.25959
1.39507
1.03347
1.16783
3.75822
1.18008
2.73261
1.18425
1.02547
2.04872
1.01436
1.11874
2.06002
1.4022
1.05237
1.01245
1.23528
1.23029
1.40151
1.93543
1.04872
1.17286
1.17998
1.54783
1.14487
4.66685
1.25769
1.17506
1.13425
1.23132
1.08669
1.28411
1.20039
2.03605
1.22391
2.1667
1.30279
2.46126
1.10427
1.01695
1.60899
1.50032
1.12091
1.23144
2.01322
1.36973
1.25931
1.1475
1.40149
1.01588
1.71768
1.09504
1.14745
1.11053
1.20205
1.28314
1.02072
1.48088
2.25222
1.38191
1.00835
1.05359
1.08861
2.45926
1.0068
1.02489
1.14738
1.13034
1.40031
1.68501
1.44106
2.71377
1.02835
1.59066
1.01802
1.50225
1.24239
1.04953
1.19714
1.5463
1.23068
1.27903
1.18083
1.46376
1.13455
2.20896
1.22615
1.57767
1.01399
1.5307
1.26666
1.28859
1.17699
1.25726
1.73139
1.06068
1.67007
1.29959
2.17094
1.02367
1.05226
1.90523
1.22382
1.15829
2.63382
1.31443
1.0308
1.12691
1.09295
1.04838
1.22734
1.30302
1.00892
1.02649
1.00203
1.42986
1.02776
1.87797
1.54515
1.15412
2.34872
1.23406
1.15809
1.15856
1.3671
1.00529
1.51364
1.17804
1.54579
1.04225
1.33185
1.72242
1.5278
1.15944
1.47491
2.83695
1.00136
1.44731
1.6426
1.01721
1.26224
1.12738
1.2365
1.53482
1.06284
1.02826
1.23423
1.19022
1.68325
1.17704
1.19731
1.37842
1.06719
1.54258
1.19079
1.05299
1.08609
1.32573
1.66043
1.07934
1.27119
1.39172
4.97409
2.96735
1.32125
1.24601
3.21579
1.00188
1.31794
2.05571
1.66551
1.05245
1.14494
1.12127
1.05716
1.15641
1.01962
1.38363
1.65474
1.94114
1.71573
1.13457
1.35716
1.07531
1.38668
1.69491
1.07155
1.44298
1.2444
1.78311
1.29606
1.78853
1.42086
1.28184
1.2858
2.27743
1.47692
1.28584
1.0619
1.52368
1.19185
1.00177
1.12373
1.53356
1.05581
1.7379
1.35761
1.88805
1.35392
1.05933
1.47324
1.06806
1.04922
1.01975
1.13605
1.03628
1.76676
1.49795
1.45443
1.43426
1.63405
1.45383
1.07049
1.09984
1.11544
1.31289
1.05681
2.7583
1.0704
1.76671
1.01884
1.01555
1.29702
1.26526
1.69734
1.53394
1.50986
3.50266
1.11737
1.21659
1.07599
1.0073
1.36585
1.29067
1.03743
1.07274
1.54221
1.03361
1.65373
1.3785
1.00147
1.10359
1.17717
1.01528
1.01139
3.05319
2.19659
1.48818
1.95263
1.41324
1.46286
1.00018
1.12535
1.094
1.25069
1.18352
1.46979
1.45985
1.10129
1.1574
1.13575
2.16957
1.46134
1.67914
1.22631
1.01239
1.41853
1.55958
1.03108
1.06595
1.09277
1.0299
1.83976
1.04479
1.25807
1.52644
1.72145
1.30601
1.17581
1.01256
1.16241
4.74648
1.0036
1.05768
1.84025
1.23951
2.63234
1.44168
1.04175
1.21807
1.2925
1.09893
1.18846
1.24501
1.06953
1.52688
1.09428
1.16236
1.1605
1.05969
1.23484
1.04492
1.53569
1.13595
1.32948
1.18314
1.36649
1.59297
1.35889
1.00071
1.16222
1.74151
2.21662
1.04323
1.1011
1.10428
1.25624
1.0277
1.18164
2.38038
1.01668
1.17526
1.03933
1.2266
1.58832
1.04055
1.06497
1.14462
1.31073
1.11857
1.0482
1.83948
1.11947
1.13798
1.00068
1.47876
2.41926
1.01163
1.16758
3.49855
1.43905
1.7392
1.02968
1.22158
1.00478
1.47765
1.02444
1.02561
1.17429
1.16341
1.3697
1.20357
1.42087
1.46758
1.36617
1.65805
1.05246
1.05537
1.03309
1.32691
2.00811
5.91912
8.79359
1.74127
1.5276
1.35301
1.04027
1.90539
1.28925
1.01873
1.08587
1.00156
1.12778
2.81105
1.14735
1.16708
1.09288
1.75883
1.35757
3.3219
2.32077
1.68082
1.42722
1.02364
1.21105
1.5966
1.75761
1.27833
1.46192
1.92238
1.01408
2.20202
1.28949
1.1198
1.17402
1.09151
1.4731
1.04116
1.01511
2.05057
1.0241
1.12589
1.84883
1.72054
2.59523
2.82784
1.61783
1.39285
1.12132
2.05933
1.24396
1.05551
2.57398
1.51119
1.90278
1.17931
1.06097
1.105
1.23961
1.45461
1.08764
1.19118
1.06805
1.5848
1.03091
1.0512
1.18011
1.12851
1.0336
2.61136
1.77576
1.52613
1.24323
1.24302
1.00528
2.27407
1.23779
1.0691
1.0222
1.16596
1.67151
1.54598
1.39854
1.21835
1.59183
1.10682
1.02258
1.20326
1.08687
1.53351
1.2809
1.38338
1.64568
1.42356
2.18157
1.02992
1.87114
1.38237
1.38859
1.12238
3.56963
1.49743
1.35463
7.55383
2.0642
3.62266
1.49301
1.27558
1.02994
1.03948
1.32356
1.16039
1.60261
1.12294
1.42984
1.984
1.7896
1.07267
1.00995
2.34204
1.13112
1.33511
1.01112
1.50332
1.30635
1.04988
1.17854
1.01564
1.19785
1.03811
1.35176
1.18588
2.03551
1.69275
1.34661
1.60855
1.47364
1.02574
1.32388
1.00645
1.84084
1.18594
1.09889
1.38167
1.28376
1.04652
1.10512
2.95845
1.24187
1.07068
1.15397
1.24489
3.46085
1.14645
1.52513
1.03657
1.14337
1.24421
1.21454
1.15303
1.02416
1.42359
1.49873
1.24143
1.05651
1.17463
1.13138
1.38413
2.48627
1.32962
1.06951
1.00616
1.16145
1.46705
2.72309
1.15328
2.41372
1.20939
1.21755
1.21053
1.04279
1.4313
1.00714
1.32157
1.14363
1.44827
1.65789
1.07486
2.18905
1.69716
1.24527
1.14818
1.17004
1.67085
1.04318
1.1796
1.01934
1.05611
1.4145
1.01775
1.15939
1.10816
1.27765
1.13305
1.18229
1.07912
1.31329
1.01395
1.48144
1.111
1.70161
1.31978
1.42285
1.11716
1.34072
1.65511
1.64332
1.18153
1.00141
1.43234
1.27476
1.25965
1.08548
1.58182
1.32012
1.25708
1.32216
1.09202
1.63451
3.50661
1.0902
1.0056
1.08385
1.17304
2.69631
1.04415
1.00013
1.19296
1.41875
1.57904
1.21588
1.25817
1.70884
1.03043
1.18521
1.20098
2.8895
1.24243
1.10022
1.07096
1.06215
1.21392
1.00459
1.33107
1.63081
1.03221
1.1892
1.09839
1.06325
2.93918
1.16865
1.84439
2.09911
1.21729
1.28605
1.64363
1.50695
2.54242
1.06905
1.47543
1.15804
2.76099
1.19952
1.78345
2.12485
1.12346
2.66946
1.11108
1.12381
1.29839
1.21004
1.37466
1.16361
1.39256
1.11631
1.43109
1.11782
1.35556
1.41611
1.28582
1.77188
1.03892
1.02212
1.37028
1.06478
1.19645
1.19063
1.11452
1.78673
1.55772
1.05187
1.09952
1.24976
1.98924
1.44602
1.21462
3.0701
1.02871
1.20211
1.31246
1.23076
1.67517
1.26743
1.30184
2.09009
1.99303
1.66636
1.01745
1.87868
1.099
1.45167
1.01325
1.66221
1.01899
1.28568
1.25526
1.22627
1.00723
1.04843
1.71547
1.71165
1.40322
1.16231
2.82508
1.10504
1.41163
1.02906
2.16984
1.02725
1.61704
3.22633
1.46147
1.63441
1.07118
2.44262
1.57521
1.57962
1.10494
1.01029
1.66917
1.06425
2.01846
1.19115
1.32302
2.55875
1.32482
1.47812
1.11635
1.25728
3.2207
1.52602
1.15703
1.51498
1.04674
1.10327
1.06087
1.00216
1.07863
1.47318
1.22673
1.10949
1.09971
1.12681
1.58015
1.09129
1.00837
1.05717
1.76766
1.06267
1.00462
1.05507
1.45606
1.5706
1.03081
2.55845
1.55872
1.14125
1.33848
1.10224
1.02039
1.20912
1.42991
1.27894
1.0402
1.27675
1.27021
1.03037
1.57146
1.13424
1.13126
1.39144
1.23271
1.07698
1.08238
1.34743
1.31017
1.09281
1.15935
1.39063
1.24829
1.13106
1.04113
1.43815
1.09429
1.1746
1.499
1.1407
1.21498
1.16113
2.13761
1.06234
1.91586
1.12218
1.17236
1.05618
1.02231
1.08135
1.05434
1.5319
1.17363
1.57037
1.54532
1.74968
1.5226
2.01287
2.05857
2.24163
1.12324
1.02593
1.73073
2.44091
1.30641
1.54561
1.03851
1.06395
2.64214
2.961
1.06759
1.22094
1.34028
1.19552
1.10624
1.05585
1.1662
1.62511
1.07585
1.84409
1.82269
1.06789
1.10234
1.16545
4.0989
4.01268
2.53051
1.50608
1.10532
1.40611
2.02094
1.00874
1.28071
1.0066
1.65324
1.06537
1.00146
1.11477
1.05845
1.507
1.12378
2.30265
1.26357
2.22017
1.09567
1.31917
1.42627
1.76817
1.94272
1.36984
1.38608
1.03539
1.13064
1.04396
1.00548
1.06002
1.0877
1.3369
2.49699
1.75506
2.39906
1.68927
1.29657
1.5235
1.03059
1.05569
1.63618
1.02257
1.56857
1.25715
1.46294
1.17151
2.17401
1.01029
1.41635
1.69288
1.03121
1.15328
1.00806
2.24388
1.05094
1.19991
1.10869
1.46125
1.11844
1.22157
1.3439
1.17185
1.36051
1.44678
1.06492
1.07115
1.16216
1.05476
1.10559
1.7393
1.27241
2.92876
1.20984
1.9173
1.51047
1.02532
1.40573
1.85715
1.1897
1.72415
1.20102
1.03411
1.11928
1.12312
1.161
1.14597
1.54294
1.00384
2.75634
1.23117
2.08482
1.06186
1.65325
1.46252
1.85442
1.69411
3.19772
1.21206
1.2438
1.29186
1.19056
1.03279
1.01987
1.3459
1.24251
1.65541
1.49546
1.59299
1.07322
1.64879
1.12294
1.63806
2.6194
1.03747
1.02911
1.16033
1.64174
1.03081
1.22502
1.08158
1.07832
1.0214
4.23635
1.41491
1.95877
1.60918
1.05927
1.45454
1.06875
1.32487
1.51323
3.27073
1.73271
1.16832
1.41472
1.15271
1.15631
1.15619
1.25349
1.03579
1.03403
3.61035
1.02815
1.01823
1.51479
2.78673
1.06289
1.86369
1.27806
1.39691
1.18036
1.38251
1.05149
1.78611
1.00887
1.08303
1.76696
1.83784
1.42631
1.14414
1.36201
1.06302
1.09013
1.01344
1.17837
1.36265
1.66109
1.04786
1.16189
1.13611
1.04191
1.37688
1.22164
1.30997
1.16126
1.40983
1.29959
1.55061
1.32093
1.01879
1.2798
1.33094
1.29265
1.85526
1.04083
2.3052
1.75027
1.33899
1.19412
1.08324
2.435
1.81016
1.73773
1.67715
1.33869
4.708
1.00245
1.0612
1.03305
1.33577
1.46237
1.30531
1.18089
1.23092
1.37812
1.15
1.01698
1.34585
1.05292
1.25597
1.38972
1.01812
1.61882
1.1695
1.01585
1.27268
1.14966
1.17174
1.15829
1.1732
1.02664
1.31287
2.22606
1.04823
2.21901
1.38983
1.00083
2.91588
1.00447
3.27175
3.37925
1.33557
1.17843
1.07395
1.11257
1.08755
1.00282
1.18934
1.17508
2.71005
1.19528
1.02499
1.0556
2.00697
1.84599
1.54354
1.56962
1.50313
1.56041
1.36275
1.61293
1.28783
1.07612
1.951
2.37009
1.03473
1.07009
2.99709
1.41802
1.03042
1.06801
1.61685
1.10833
1.18321
1.45473
1.07314
1.06449
2.08309
2.16145
1.17182
1.37478
1.1049
1.41936
1.12254
1.01036
1.08355
1.79941
1.94129
1.08669
4.28382
1.23164
1.32988
1.34071
1.61497
2.17693
1.16393
1.01974
1.53409
1.78344
1.0773
1.11375
1.61756
1.13871
1.71109
1.64121
1.41298
3.18517
3.55472
1.11871
1.12405
1.11154
1.03862
1.13607
4.37027
1.35933
1.7461
2.43133
1.0288
1.00399
1.42371
1.72033
1.38656
1.22422
1.27303
2.24278
1.46381
1.07659
1.79101
1.00437
3.47692
1.82903
2.76107
1.5405
1.01008
5.2953
1.31367
1.01886
1.02481
1.09787
1.24103
2.28699
1.09223
1.84107
1.37048
1.0941
1.07691
1.01518
1.51805
1.18294
3.09225
1.34587
1.36295
1.07338
1.85793
1.36422
1.15459
1.41286
1.09616
1.42415
1.01162
1.13587
1.2019
1.20815
1.28701
2.31129
2.03583
3.64912
1.05171
1.03595
1.36219
1.52015
1.15086
1.20349
1.12079
1.78248
1.00017
1.62933
1.96463
1.02459
1.00637
1.06151
1.22999
1.10332
1.21616
1.09022
1.31847
1.17477
3.09846
1.00229
1.50362
1.70026
2.9021
1.02576
1.15725
1.48127
1.0083
1.15107
1.03834
1.05547
2.31957
1.31523
1.31884
1.06852
1.8581
1.53316
1.18284
1.11929
1.03482
14.4177
1.38437
1.5541
1.27135
1.84928
1.17365
1.22718
1.1893
1.23959
1.60954
2.27078
2.52893
1.26456
1.04312
1.14891
2.19954
1.16416
1.161
1.92136
1.30623
1.39084
1.33687
1.47205
1.17348
1.02915
1.12077
2.28786
1.38363
1.11035
1.02275
1.71666
1.38207
1.80991
1.068
1.07593
1.01169
2.05857
1.26277
1.73655
1.16566
1.80489
1.0901
1.16717
2.35438
1.31229
1.61032
2.27966
1.69107
1.19077
1.20899
1.26949
1.26279
1.91819
1.72736
1.21943
1.13744
1.07734
1.06546
3.76111
1.70482
1.01451
1.16577
1.0463
1.01012
1.14701
1.87629
2.30481
1.28027
1.00265
1.3283
1.82835
1.18408
1.03997
1.68105
1.49658
5.87097
1.21875
1.30486
1.90325
2.00494
1.00297
1.19228
2.52871
1.65846
1.3746
1.1406
1.00993
1.15989
2.12304
1.73353
1.2158
1.00981
1.07785
1.14372
1.65528
1.17542
1.08875
1.45303
1.86863
1.21383
1.55364
1.08644
1.09707
1.02798
1.2689
1.09224
1.28187
1.2914
1.02154
1.11851
1.05642
2.12941
1.04659
1.00765
2.06576
1.32374
1.23471
1.08083
1.07515
1.24216
1.6642
1.22897
2.14417
1.3314
1.10627
1.08129
1.07633
1.31905
1.60991
1.33923
2.71884
1.78078
1.83969
1.18536
1.02613
1.12564
3.19853
1.20126
2.09619
1.01385
1.0194
1.49701
1.07679
1.18956
1.07699
1.99746
1.06732
2.02962
1.07741
1.23917
1.5893
1.32419
1.66801
1.09633
1.03122
1.46813
1.54536
1.12407
1.90784
1.19703
2.48148
1.24561
1.01006
1.6805
1.36396
1.05017
1.12364
1.20045
1.50844
2.17743
1.7017
1.72892
1.56521
1.02559
1.00239
1.11617
1.18856
1.17177
2.30966
1.05207
1.35519
1.46752
1.65625
1.15571
1.15442
1.41862
1.16851
1.30368
1.02086
1.01978
2.22077
1.08864
1.12511
1.41061
1.71655
1.13123
1.20752
1.23594
1.12366
1.23942
1.12768
1.14843
2.86868
1.17134
1.11977
1.49211
1.00149
1.80701
1.09276
1.4038
1.00543
1.01239
1.16223
1.33729
1.00736
1.26695
1.16925
1.08703
1.44682
1.18425
1.50401
1.03496
1.12513
1.74433
2.07277
1.11312
1.49846
1.32222
3.1682
1.01276
1.06806
1.88086
1.074
1.43017
1.09253
2.14346
1.53833
1.94343
1.02288
1.10081
1.20589
1.01737
1.16341
1.74927
1.07357
1.28646
1.38221
2.17752
1.19653
1.08736
1.03812
1.21487
1.16226
1.98156
1.21048
1.83129
1.04614
1.03644
1.03052
2.03082
1.28744
1.90881
2.48406
1.31355
1.50182
1.32424
1.39884
1.71649
1.07822
1.1769
1.55582
4.62738
2.38238
1.07467
1.16115
1.07464
1.05574
1.13349
1.02698
1.16227
1.18215
1.19783
1.58408
1.06946
1.09183
1.94237
1.03958
1.18569
1.4341
1.36664
1.00162
1.28334
1.08513
1.17461
1.09195
1.14489
2.29771
1.87475
1.46862
1.9634
1.37345
3.11426
1.32002
5.41894
1.42654
1.03423
1.15103
1.01029
1.22023
1.69941
1.09704
2.81364
1.53058
1.16891
2.1259
2.64304
2.36625
1.29808
1.23947
1.13023
2.33316
1.08346
1.35668
1.09856
1.6139
1.36188
1.07589
1.36075
1.8418
1.21007
1.53314
1.34139
1.78418
1.27523
1.0404
1.43085
1.03703
4.96838
1.38326
1.48795
2.09776
1.17072
1.57398
1.8214
1.60339
1.81631
1.07815
1.0121
2.91165
1.0442
1.13431
1.41375
1.00935
1.10142
1.37058
1.33376
1.60974
1.42022
1.86082
1.00639
1.04193
1.21346
1.25502
1.96601
1.08955
1.59073
1.3763
1.60843
1.0349
1.33103
1.07066
1.18207
1.42282
2.05562
1.49849
1.10705
2.44496
1.63614
1.80173
1.03188
1.12875
1.12396
2.90046
1.04756
1.0893
1.409
1.58438
1.08564
1.11617
1.14112
1.38272
1.25426
2.41169
1.0329
1.05086
1.54327
4.02258
1.0623
1.05538
1.27252
1.1306
2.44784
1.32252
1.1404
1.27676
2.64396
1.04457
1.06256
1.01732
1.13625
1.03614
1.05312
1.06895
1.51674
1.48439
1.45727
1.11003
1.2601
1.07804
3.74518
2.79181
1.13363
1.20939
1.09099
2.23628
1.65477
1.12517
1.00408
1.67939
1.05263
2.11702
1.31778
1.22055
1.19932
2.43641
1.70092
2.62138
1.3472
1.33101
2.13882
1.07135
1.96356
2.10391
1.73367
2.64951
4.78782
1.20814
1.47155
2.16205
1.24954
1.39132
1.13164
2.71922
1.62828
2.3671
1.02869
1.03201
1.87105
1.2002
1.04995
1.13715
1.23924
1.69202
1.45775
1.09136
1.5844
1.12342
1.45237
1.05209
1.43585
1.21169
1.11607
1.07162
2.72547
1.74739
1.10747
1.03852
1.53178
1.06821
1.8836
1.16221
1.3924
1.37347
1.23564
2.87642
1.0775
1.65078
2.72374
1.0557
1.41083
1.23593
1.18629
1.00776
1.27908
1.08452
1.15995
1.26378
2.83708
1.51535
1.0423
1.48406
5.37285
1.45815
1.22452
2.67486
1.07803
2.19165
1.11408
1.57357
1.20352
1.01996
1.27708
1.85732
2.06478
1.46275
1.29049
1.98182
1.20512
1.23358
1.61821
1.23383
1.04364
1.09043
1.95608
1.86577
1.08854
1.19706
1.30917
1.20719
1.47773
1.60085
1.51483
1.00267
3.87331
1.20286
1.34446
1.20315
2.09251
1.04824
1.0251
1.24108
1.66279
1.03049
1.006
1.00298
2.31218
1.47168
1.22138
3.09537
2.03558
1.23208
2.50712
1.79203
1.26467
3.00513
1.38893
1.18639
1.5006
1.53798
1.39531
1.28499
2.71012
1.09272
1.00259
1.20543
1.69163
1.21837
1.34151
2.09429
1.00103
1.84639
1.14132
1.12959
1.11472
1.1687
1.11858
2.87048
2.63616
1.20166
1.10004
1.15747
1.16853
4.39535
1.05925
1.11061
2.50394
1.40948
1.60456
1.3821
1.11617
1.33561
1.16492
1.16321
1.10603
2.32203
1.46926
3.60438
1.47308
1.01098
1.19295
2.26787
1.04554
1.16418
1.1414
1.28409
1.65569
1.61454
1.20664
5.757
1.01295
2.59851
1.33479
1.13579
1.02574
1.0407
1.07617
1.36153
1.32609
1.0368
1.07864
1.05071
2.04965
1.29052
1.11316
1.18
1.05134
1.28111
1.50162
1.32949
1.2179
1.04112
1.23046
8.08647
1.35852
1.08689
2.64286
1.83464
1.17491
1.88195
1.23994
1.1612
1.27043
1.37317
4.54882
1.0569
1.29354
1.46437
1.42245
2.31203
1.35812
1.43184
1.59267
1.09265
1.23151
1.56424
1.00859
1.04057
1.48518
1.14827
1.758
1.96402
3.0077
1.02468
3.2983
2.44337
1.54948
3.15629
1.73108
1.95648
1.029
1.72361
1.28547
1.27753
1.52633
1.37802
1.59251
1.20635
1.74765
1.09705
1.30064
1.0306
1.03108
1.02766
2.01143
1.43569
1.56534
1.15719
1.41118
1.4388
1.42772
1.13729
1.52713
1.15603
1.4391
1.10718
1.0612
1.12689
1.25067
1.20047
1.2732
1.28945
1.17234
1.2263
1.06571
1.15446
1.05499
1.05796
3.90958
1.8846
1.25334
1.59208
1.26202
1.05403
1.10197
1.58473
1.54617
1.46564
1.7881
1.07015
1.5127
1.30553
2.81792
1.25775
1.01994
1.24628
2.24356
1.32403
1.06544
1.04271
1.21294
1.13612
1.43949
1.08772
1.06355
1.01383
1.12848
1.24129
1.2468
1.48496
1.07558
1.25776
2.42737
1.10229
1.97835
1.24684
1.34432
1.57756
1.03063
1.30055
1.21398
1.91688
1.45543
1.00234
1.3025
1.07829
1.02412
1.09711
2.01413
1.19055
1.03826
1.47506
1.10507
1.0894
1.47118
1.07749
1.46202
1.09511
1.0621
1.0197
1.39827
1.43328
1.18999
1.6355
1.67988
1.36248
3.0724
2.03885
1.03044
1.4959
1.06542
1.01067
1.19711
2.01186
2.49876
1.47438
1.30999
1.09557
1.48093
1.01508
1.07998
1.18073
1.19023
1.13984
4.70852
1.45541
1.12649
1.20437
2.3561
1.78817
1.42523
1.05704
1.36137
1.60696
1.77426
1.11559
1.82588
1.28242
1.82902
1.43323
1.04406
1.06413
1.01803
1.25764
1.05388
1.4209
1.01005
1.39417
2.21237
1.90624
1.19918
1.05349
1.07799
1.24183
3.01903
3.03611
1.24785
2.45074
1.11689
1.03326
2.58475
1.42634
1.55304
1.11452
1.749
1.42472
1.45532
1.03662
1.04937
1.11391
1.20271
1.16733
2.00429
1.11705
1.2393
1.72335
1.94404
1.13972
1.19423
1.10173
1.13841
5.91588
1.87759
1.06904
1.16589
1.02517
1.36173
1.13512
1.41803
1.15703
1.93595
1.01729
1.25583
1.13281
1.31349
1.14844
1.00212
1.09246
1.03076
1.00267
1.9718
1.82867
1.18958
1.04247
1.19029
1.29263
1.0722
1.02268
1.18411
1.03673
1.04033
1.00764
1.01093
2.09473
1.00004
1.50506
1.04528
1.80996
1.00569
1.90557
1.02779
4.46173
1.00115
1.06706
1.08712
1.00572
1.68318
1.00755
1.5908
1.35423
1.19025
1.1468
1.02774
1.37126
1.36985
1.17729
2.05064
1.23581
1.20173
3.11692
1.13408
1.19648
1.19235
1.26975
1.24297
1.17299
1.85201
2.89213
1.27231
1.03814
1.10413
1.308
1.2941
1.30402
2.34867
1.08487
1.04498
1.68636
1.11305
1.25905
1.66997
2.61732
1.21761
1.07616
4.33845
1.02093
1.60372
2.02077
1.02519
1.17887
1.02072
2.7387
1.14788
1.15777
1.23043
1.48294
1.0859
1.14278
1.04705
1.85426
1.00683
1.05059
1.16557
1.14817
1.00221
1.29578
1.13616
1.21659
1.94361
1.03937
1.06233
1.01486
1.78449
2.64923
1.18501
2.99795
1.27572
1.33094
2.0485
1.25273
1.87992
1.04648
1.81159
1.09076
1.17299
1.91711
1.66306
1.04338
1.78933
1.1076
1.36843
1.82737
1.02152
1.22597
1.10528
1.05784
1.23353
1.06196
1.62124
1.22573
2.52785
1.26728
1.44325
1.01795
3.59397
1.21899
1.1038
1.10275
1.49052
1.14609
1.10855
1.10044
1.03216
1.09766
1.71414
1.41377
1.13098
1.15639
2.4419
1.05286
1.45668
1.15358
1.06385
1.24326
1.10612
1.14729
1.39556
1.11962
1.78731
1.19885
1.00743
1.07445
1.04664
3.62294
1.46106
3.8134
1.36086
3.35824
1.75607
1.12433
1.44033
1.00907
1.09446
3.13547
1.8004
1.19264
2.08902
2.02129
1.3063
1.30441
1.10444
1.54669
1.08962
1.16036
1.00012
1.40208
1.14282
1.54937
1.0789
1.19519
1.00932
1.48045
4.04141
1.07034
1.61708
1.18836
1.03236
1.34723
1.27585
1.16833
1.23674
1.05497
1.3145
2.31977
1.04606
1.15984
1.05676
1.40855
1.70005
1.07581
2.41631
1.09158
4.85265
1.37158
1.97856
3.31335
2.15017
2.15283
1.46777
1.14519
1.07866
1.07326
1.5653
1.02275
2.52534
1.34046
1.05266
1.13245
1.73318
1.51638
1.21222
1.30562
1.15952
1.47724
1.83347
1.0306
1.30604
1.15894
1.10133
1.29292
1.20178
1.40159
2.02977
1.5306
1.525
2.48743
1.0723
1.41798
1.24651
1.61848
1.22464
1.93385
1.27931
1.18584
1.17978
1.75719
1.05084
1.49305
1.1102
1.11165
1.48309
3.45935
1.34254
1.56151
1.25262
2.00403
1.22238
1.68283
1.0442
1.05274
3.18213
1.51201
1.01967
2.01383
1.05503
1.77703
1.3516
1.28545
1.36389
1.29201
1.14536
1.16509
2.04502
1.09491
1.00196
1.09698
1.00883
1.2983
1.41064
14.4203
1.35816
1.63704
1.20624
1.10626
1.41508
1.12753
1.56997
1.44897
3.1655
1.03236
1.03266
1.04882
2.28704
1.81758
1.0568
1.91038
1.00984
1.89653
1.57281
1.03092
1.04439
1.20722
2.33217
1.55461
1.13244
1.2282
1.20409
1.30016
1.22569
2.05694
1.19364
1.09319
1.45846
1.15043
1.26373
1.67141
2.47583
1.07964
1.12387
1.40075
2.28127
1.88223
1.19232
1.25842
1.16648
1.393
1.30541
1.00983
2.67133
1.1188
2.7626
1.16897
1.17576
1.35738
1.62608
2.18
1.07387
1.23147
1.06321
3.69412
2.27476
1.00124
1.21332
2.082
1.65375
1.15227
1.48796
1.03844
1.8155
1.4659
1.20237
1.22849
1.34611
1.57582
1.24244
1.00688
1.08721
1.32047
1.09938
1.21634
1.70026
1.60015
1.04723
1.69625
1.25529
1.20855
1.0138
2.35367
1.52573
1.15074
1.48881
1.05505
2.01895
1.1506
1.37925
1.31865
1.43539
1.24734
1.06558
1.13352
1.09388
1.20975
1.20333
4.16142
1.07949
1.03085
1.15656
1.01678
1.17087
1.0582
1.02913
1.32323
1.32877
1.11286
1.08761
1.0358
1.0325
9.07004
1.05679
1.41786
3.53459
1.4805
1.29284
1.22411
1.44571
1.06294
1.07506
1.56043
1.03518
1.44038
1.19707
1.74948
1.95125
5.21194
1.29456
1.02462
1.01667
1.42306
1.37887
1.19376
1.14285
1.04434
1.49316
1.08249
1.28328
4.35176
1.03063
2.58833
2.09801
1.39998
2.03216
1.28488
1.05119
1.45569
1.35915
1.55992
1.90425
2.40949
1.28105
2.83696
1.93882
1.28516
1.12002
1.0617
1.65135
1.25815
1.37094
1.10838
1.02214
1.41824
1.00411
1.02883
1.1645
1.56051
1.56958
1.3579
1.58581
1.50084
1.51959
1.1258
2.19952
1.5886
1.3138
1.56548
1.02059
1.34922
1.08022
1.28144
1.04166
1.28361
1.00819
1.25855
1.05831
1.12692
3.38272
1.18777
3.22647
1.38937
1.28543
1.07249
1.44601
1.51332
1.11273
1.11926
1.20449
1.07728
1.16441
1.01718
1.2842
1.02409
2.67335
1.26354
1.07278
1.04208
1.51103
1.23151
1.07935
2.03674
2.93895
1.2403
1.20052
1.08466
1.83975
1.08885
1.09461
1.05666
1.72566
1.24841
1.00105
1.01221
1.87188
1.1729
1.22401
1.42159
1.84365
1.06991
1.00133
1.6008
1.12011
1.1582
1.93993
1.16101
1.44553
1.02119
2.34254
1.18269
1.82881
1.04156
1.06467
2.41596
1.00724
1.01211
1.14227
1.0304
1.05726
1.87904
2.38333
1.29477
1.47203
1.34443
1.8656
1.33459
1.03932
1.09892
2.24739
1.19419
1.09563
1.01715
1.00401
1.75063
1.15383
1.36174
1.46409
1.10596
3.05598
1.12437
1.87245
1.20199
1.13918
1.34344
1.08722
1.04043
1.19414
1.25001
1.54005
3.19616
1.74574
1.16096
2.05716
1.02201
2.21608
1.00039
1.09843
1.30147
1.35562
1.32337
3.69032
1.65387
3.98007
1.21648
2.8578
1.55461
1.40719
1.44165
1.26342
1.12077
1.40731
1.42243
1.13786
1.01412
1.26117
1.30578
1.52738
1.56272
1.12111
1.5435
1.00135
2.89393
1.15638
2.04198
1.05183
1.03385
1.55192
1.48651
1.20764
1.06473
1.73049
1.18576
1.04704
1.0093
1.10864
1.05968
1.76849
1.04115
1.27905
3.0515
1.74766
1.35607
1.41407
1.39476
1.25452
1.19634
1.66565
1.15359
2.17796
2.32237
1.30041
1.30415
1.10215
1.37769
1.26136
1.25452
3.12126
1.21885
2.29541
2.09562
2.63786
2.36598
1.23366
1.16017
1.64046
1.13054
1.23418
1.02027
1.27133
1.15548
1.05746
1.3144
1.04612
1.03261
1.33491
1.53677
1.10784
4.70432
5.13462
1.4261
1.16548
1.75963
1.0407
1.04602
1.64368
1.06928
1.99097
1.01229
1.71168
1.75336
1.1515
1.17383
1.25578
2.08692
1.16681
1.6509
1.04851
3.6578
1.04827
1.51107
1.80943
1.33859
1.58011
1.53236
1.01474
1.09299
2.42689
1.17462
1.1696
1.00561
1.02086
1.14113
3.01259
2.05979
1.40545
10.24
1.35377
1.19285
1.05471
1.48434
1.43997
1.23051
1.64633
1.58107
1.23428
1.13596
1.13139
1.49106
1.01804
1.40416
1.44673
1.00484
1.06919
1.16344
1.01184
1.59183
1.14688
1.09261
1.31556
2.60099
1.06644
3.92481
1.49978
1.25547
1.32668
1.3751
1.01667
1.57524
1.02338
1.30245
2.99165
2.3892
1.26439
1.30916
1.04141
1.05176
2.00009
1.08284
1.08082
1.10801
1.63812
1.49821
1.1904
1.16086
1.31851
1.00598
1.55526
1.34287
1.17629
1.20848
1.59079
1.26256
1.96348
1.29401
1.51819
1.06288
3.71582
2.32386
1.96098
1.64781
1.03906
1.12393
1.89422
1.21499
1.38409
1.04574
1.67756
3.74301
1.5369
1.20167
1.7369
1.68508
1.05536
2.90334
1.10179
1.39695
1.01013
1.71894
1.35619
1.05115
1.30042
2.6041
1.13035
1.2441
1.12826
1.21256
1.18729
1.01881
1.04003
4.8273
1.24514
2.53851
1.15504
1.11326
1.27619
1.13238
1.4727
1.1565
1.07455
1.01199
2.76419
1.24687
1.22203
1.19833
1.39363
2.56456
2.12492
1.06081
1.17891
1.1
1.03486
1.89576
1.0046
1.06692
1.42249
1.11274
1.19596
1.08627
1.80287
1.16794
2.38202
1.12636
1.29354
1.00664
2.57592
1.05803
1.03193
8.7873
1.72655
1.38341
1.13558
1.57937
1.91219
1.07659
1.00993
1.4031
1.46034
1.53453
1.00544
1.33665
1.27137
1.04519
1.35967
1.25178
1.52618
1.08067
1.51666
1.60426
1.03304
1.52625
1.03254
1.1605
1.0236
1.35011
1.45453
1.20913
1.33396
1.0618
1.34591
1.23676
1.27301
2.23061
1.35226
1.74613
1.19774
1.27767
1.05029
1.00437
1.53789
1.21672
1.00426
1.17459
1.10718
1.02246
3.22514
1.05691
1.36909
1.12553
1.11843
1.68999
1.1679
1.86501
1.60572
1.01436
2.09838
1.00154
1.20549
2.05675
1.17523
1.43549
1.24514
1.91568
1.75556
1.08948
1.01875
1.96499
1.0295
3.02422
1.44723
1.03561
1.08434
1.24321
1.23662
1.3958
1.14904
1.34447
1.41481
1.4407
1.69239
1.29083
1.50434
1.01148
1.12086
1.59782
1.19036
1.02548
1.12287
1.17192
1.24502
1.04777
1.66565
1.90495
2.10981
1.16631
1.43347
2.292
1.17469
1.07768
1.12999
3.19612
2.35456
1.62079
1.24221
1.06312
1.52273
1.19373
1.20868
1.64491
1.36469
1.40048
1.12378
1.07405
1.31867
1.51463
1.08445
2.20519
1.34096
1.76766
1.84447
1.94949
1.0228
1.2162
1.56897
1.19655
1.22727
1.10674
1.52512
1.78497
2.37156
1.08155
2.59248
1.56555
1.46748
1.01603
1.18833
1.11107
1.09581
2.40753
1.15269
2.55029
1.38713
1.43083
1.69732
2.78054
1.08539
1.0471
1.43815
1.62951
1.14532
1.34475
1.0974
1.3864
1.0835
1.0647
1.29502
1.20942
1.5402
1.00047
2.39434
1.19223
1.57825
1.03833
1.29696
3.27245
1.17347
1.36352
1.38187
1.3693
1.18056
1.34845
1.18044
2.21754
1.72458
1.23272
1.12365
1.23163
1.03059
1.21529
1.2634
1.72064
1.12505
1.21181
1.3837
1.41099
1.79409
1.08588
1.61966
1.2696
1.74608
1.42256
1.13705
1.90139
2.04089
1.14045
1.86403
1.00003
1.10243
1.06342
1.47765
1.11835
1.16859
1.02447
1.19208
1.04778
1.05169
1.97056
1.79411
1.04853
2.53531
1.01848
2.29066
1.42841
1.07165
1.01949
1.02144
1.00434
1.35032
2.48743
1.58756
1.08863
1.1195
1.01858
1.08121
1.4545
1.87059
1.20722
1.3469
1.12057
1.59438
1.33466
1.17699
1.04901
1.16915
1.15845
1.35193
1.11797
1.94402
1.15261
1.01925
1.41909
1.00409
1.1683
1.1978
1.29274
1.59145
1.54378
2.91589
1.28193
1.20065
1.54636
1.14241
4.36985
1.23603
1.05782
1.35907
1.10192
2.69317
1.04322
1.30635
1.30204
1.65874
1.23111
1.02328
1.04559
1.42642
1.53499
1.45019
1.64482
1.51929
1.27833
1.1576
1.38666
1.21254
1.40298
1.01495
1.26941
3.90579
1.15953
1.19338
1.00792
1.1815
2.06467
1.02928
2.26432
1.12638
2.41787
1.94645
1.14984
2.25591
1.50186
1.24287
1.9303
2.74101
1.42206
2.65472
1.3251
2.21425
1.6563
1.00869
1.10563
1.09195
1.05942
1.09257
1.26419
1.15165
1.60109
1.56327
1.58952
1.26393
1.01545
2.09086
1.72094
1.6369
4.39106
1.03842
1.73016
1.54108
1.28411
2.51858
1.09402
1.06426
1.79365
1.70441
1.23097
1.12156
1.30764
1.19632
1.15288
1.16487
1.14959
1.06587
1.03241
2.1622
1.68401
1.0196
1.01643
1.60765
1.03003
1.0056
1.14978
1.27398
1.47502
1.01877
1.04798
1.69793
1.12491
1.02417
1.46888
1.54326
1.22533
1.02016
1.47255
1.16452
1.64518
1.09687
1.2854
1.13197
1.09102
1.03344
1.30856
1.07087
1.5812
1.7087
1.44951
1.39155
1.67051
1.19995
1.26994
2.56975
1.07809
1.23371
1.17047
1.62244
1.14191
1.37561
1.33048
2.36103
1.26434
1.00731
1.00049
1.11784
1.35074
1.16508
1.26908
1.04886
1.97572
1.28819
1.24748
1.19015
1.2823
1.98437
1.04105
1.23341
1.14159
1.20853
2.08322
1.07717
1.22618
1.372
1.29822
1.16707
1.00269
1.35604
2.53381
1.01115
1.04703
2.23925
1.44432
1.79064
1.1581
1.15227
1.05458
1.02976
1.02378
2.05567
1.08265
1.23182
1.12842
1.32415
2.83467
1.13186
1.08384
1.15429
2.33881
1.23624
1.1369
1.1109
1.31712
1.02196
1.2594
1.7406
1.34063
1.05873
1.17086
1.19143
2.22541
2.26113
1.25836
1.66025
1.06357
1.05347
1.19924
2.25897
1.82764
1.39512
1.29347
1.00209
1.01131
1.19647
1.30049
1.14178
3.88745
2.29826
1.84445
1.12898
1.01779
1.16997
2.05479
2.13226
1.61236
1.30683
1.19495
1.58297
1.28019
1.82733
1.19561
1.28787
1.39353
2.27073
1.01186
1.04773
1.23971
1.82185
1.53655
3.1019
1.49355
1.55646
1.15944
1.56064
1.36713
1.5415
1.00707
1.36874
2.3759
1.16147
1.80962
1.03466
1.13529
1.64622
1.09955
1.82142
1.83615
1.64118
1.06918
1.00705
1.31135
1.15666
1.25768
1.23857
2.1494
1.58592
1.6485
1.32215
1.15179
1.05507
1.58815
1.00611
1.04778
1.49839
1.7463
1.02666
1.5114
1.14701
1.05482
1.27262
1.3242
1.18752
1.02553
3.0645
1.07945
1.07124
1.01697
1.30912
1.25737
1.57984
1.12838
1.05707
1.37823
1.62964
1.0406
1.22307
1.91614
1.08405
1.03644
1.28418
1.24172
1.71667
1.31442
2.20664
1.32486
1.16524
1.83443
1.12884
1.37009
1.45182
1.14895
1.0561
1.3776
1.06803
1.21126
1.02288
1.1259
1.05266
1.01771
1.09419
1.33685
1.85917
1.44287
1.00027
1.57294
1.73452
1.08328
1.18517
1.24459
1.84025
4.01853
1.10143
5.13837
1.74611
1.18005
1.174
1.34736
1.43239
1.49069
1.30093
1.82766
1.6752
5.16166
1.15638
1.1417
1.088
1.47503
1.10808
1.18346
2.92455
1.14743
1.94688
1.14023
2.3115
1.05915
1.00663
3.67248
1.97411
1.21132
1.58917
1.22746
1.11738
1.84001
1.44088
1.21586
1.01159
1.01445
1.13973
1.74497
4.80901
1.06282
1.05723
1.58102
3.30003
1.39146
1.56561
1.22264
1.02511
1.16457
1.04807
1.29319
1.45756
1.5366
1.01539
1.048
1.30275
1.08298
3.78124
2.03303
1.18545
1.40657
1.32888
1.98808
1.57159
1.14513
1.18947
1.01641
1.20735
1.13825
1.29063
2.20949
1.01277
3.5041
1.10055
1.53526
1.8122
1.64761
1.52576
1.15613
1.44307
2.07359
1.10495
1.5657
1.28122
1.30731
1.15167
1.22246
1.10335
2.24631
3.9478
1.25074
1.05359
1.63425
3.68921
1.08338
1.07612
1.10206
1.16538
1.1544
1.38917
1.02232
1.0006
1.11822
1.11584
1.128
1.01619
1.27431
1.01145
1.18126
1.00623
1.77741
1.14852
1.28484
1.99917
1.17641
1.26148
1.99233
2.14314
1.27197
1.2046
1.2506
1.03383
1.16147
1.20643
1.00184
1.08202
1.96488
1.8099
7.53799
1.04871
1.22336
4.59675
2.43246
1.02807
1.12034
1.11759
1.28018
1.35897
1.57979
1.59462
1.05578
1.92546
1.7649
2.69977
1.14281
2.38072
1.1546
1.09872
1.06517
1.08455
1.35012
1.26069
1.02255
1.38446
1.00153
1.7157
1.0126
1.40209
1.09487
1.08051
6.80133
1.09306
1.25588
1.17161
1.21794
1.16408
1.25362
1.77224
1.42315
1.57607
1.1811
3.12198
1.43513
1.00675
1.06051
1.39784
1.9198
1.99628
1.02216
1.12063
1.53196
1.17499
1.03403
1.21503
1.21629
1.14558
1.92421
1.07769
1.05872
1.16054
1.34644
1.46155
1.45272
1.13477
1.0362
1.18988
1.45036
2.28972
1.45038
1.03078
1.5589
1.29262
1.51762
1.21305
1.41492
2.0632
1.26451
1.05923
1.73314
1.07326
1.20448
1.17446
1.08361
2.61564
1.03907
1.06582
1.36855
2.29831
1.06555
1.07963
1.10931
1.43608
1.03682
1.39412
1.2729
1.67306
1.05858
1.16447
1.27109
1.18888
1.41731
1.01839
1.08385
1.06544
1.30611
1.19178
1.55807
1.04379
1.34631
1.90033
1.27155
1.2364
1.2208
1.01777
1.18026
1.3807
1.61832
1.26595
1.09993
1.14612
1.07389
1.07846
1.0407
1.09225
1.15501
1.47038
1.00582
2.04974
1.10847
2.62859
1.61632
1.7805
1.18648
1.01558
1.83405
1.11443
1.65407
1.32741
1.18737
1.27494
1.29134
1.23741
1.03029
1.48569
1.28171
1.27577
1.06011
1.05174
1.47002
1.06544
2.4919
1.33342
1.02118
2.04024
1.14349
2.44688
1.16898
1.03388
1.90321
1.13644
1.0517
1.036
1.45117
1.11039
2.11774
1.09171
1.45715
1.85496
1.09804
2.58202
1.38074
1.20521
1.03247
1.30534
1.39288
1.03854
1.48521
1.1647
1.14511
1.58317
1.00373
1.05419
5.53047
1.1134
1.07249
1.10329
1.54719
1.19095
1.11084
1.31116
1.21115
1.34038
2.41949
1.5531
1.00089
1.30157
1.46341
1.50088
1.04265
1.16924
2.56783
1.86028
1.47029
1.0225
2.76105
1.3133
1.156
1.50022
1.41452
2.33731
1.15465
1.70057
1.79184
2.12151
1.18669
1.40647
1.50059
1.01037
1.21357
1.13685
1.11203
2.32099
1.13446
1.08748
1.6331
2.63095
1.4992
1.43891
1.01498
1.21221
1.09645
1.67984
1.03256
1.18071
1.64185
1.56998
1.92698
1.06048
1.23815
1.54038
1.36859
1.53611
2.00126
1.21721
2.92773
1.15353
1.31542
1.3363
1.19462
1.31311
1.40823
1.24631
1.29358
1.56855
1.06639
1.11764
1.17576
1.11985
1.12885
1.60024
4.87867
1.02448
1.33529
1.2387
4.72809
1.01901
1.04389
1.04957
1.03951
1.90124
1.6948
1.07866
1.01374
1.31993
2.08343
2.06654
1.3352
1.18229
1.11335
1.74812
2.18515
1.08747
3.00921
1.01047
1.00837
1.46671
1.22491
2.28571
1.10939
1.04036
1.175
1.25106
1.20695
1.11707
1.0271
1.26582
1.49181
1.02297
1.05105
1.3192
1.35941
1.22885
1.18537
1.07053
1.79726
2.32397
1.82535
1.06725
1.0453
1.83988
1.73546
1.1098
1.10283
1.01604
1.51851
1.2141
1.65444
1.01485
1.80715
1.00569
2.42997
1.00448
1.0025
1.18404
1.37671
1.98912
1.18574
1.19558
1.10026
2.17693
1.68415
1.36921
1.08151
1.09878
1.26965
1.07653
2.66125
1.24207
1.05795
1.17919
3.79396
1.38781
1.52257
2.52717
1.28186
1.79798
1.56765
1.21048
1.4269
1.32759
1.10234
1.02854
1.28075
1.00057
1.32826
2.16916
1.05995
1.15764
1.1147
1.92827
1.03256
1.0678
1.01524
1.15412
1.36476
1.05771
1.26475
2.87222
1.13884
1.44454
1.03014
1.42991
1.07372
1.03208
1.2247
1.23889
1.50875
1.46827
1.14303
1.28246
1.15969
1.08402
1.55922
2.34376
1.13835
1.3551
1.08525
1.17887
1.1625
2.11686
1.50217
1.30391
1.6059
1.46464
1.40651
1.3718
2.40328
1.24059
1.16227
1.15005
1.29579
1.11502
1.41921
1.19538
1.23734
1.47802
1.13181
1.26295
1.04371
3.20143
1.41793
1.1886
1.22732
1.24479
1.34687
1.057
1.1621
1.9387
1.73922
1.06316
1.22122
2.43121
1.15449
1.92972
1.02723
1.13264
1.14478
1.03375
1.11677
2.20037
2.35361
1.53224
1.21781
1.37486
1.02122
1.0514
1.34403
1.4644
1.18469
1.6816
1.15068
1.05465
1.42562
1.23909
1.84197
1.6795
1.54367
1.24717
1.13086
1.00261
1.25131
1.20007
1.27436
1.14152
1.36975
1.0773
1.13319
1.0527
1.10274
2.92266
1.86508
1.066
1.14919
1.30394
1.02229
1.95629
1.12415
2.28192
1.12087
1.05834
1.10853
2.05658
1.00079
1.32636
1.01145
1.71781
1.01591
1.2559
1.03162
2.01973
1.07113
1.08186
1.38754
1.06948
1.0842
1.1339
1.18386
1.09453
1.18047
1.89305
1.08583
1.6194
1.05885
1.02124
1.06781
3.1809
1.57242
1.3579
1.74898
1.21577
2.05699
1.56599
1.0383
1.10971
1.11587
2.99037
2.92747
1.27847
1.00366
1.18354
1.12591
1.12122
1.00922
1.5269
1.45944
1.85963
1.9442
1.05384
1.05098
2.37166
1.13511
1.08112
1.05097
1.10713
1.06679
1.96925
2.40947
1.1242
1.26021
1.26488
1.0559
1.01161
1.26844
1.01599
1.23578
1.16979
1.27972
1.68355
1.90201
1.28355
1.21754
1.90458
1.13768
1.21751
1.76576
1.13226
1.12668
2.17634
1.09684
1.01769
1.57467
5.90586
1.10728
1.65936
1.14975
1.66091
1.07582
2.15961
1.40631
1.03211
1.02931
1.01096
1.63354
1.17706
1.01541
2.07109
1.17014
1.15284
1.49888
1.37637
1.90007
1.23234
1.40057
1.04989
2.23947
3.09239
1.23164
1.78166
1.49629
1.61984
1.4783
1.37408
2.00373
5.16488
1.14157
1.85629
1.11114
1.18367
2.02144
1.54769
1.08434
1.23114
1.61373
1.28055
1.32948
1.01483
5.35763
3.19105
1.10625
1.887
1.04307
1.40071
1.04273
2.45972
1.03245
1.51211
1.05557
1.79762
1.02197
3.47527
2.07042
1.29325
1.10906
1.50993
1.15244
1.45459
1.2925
1.76141
1.23447
1.88002
1.05772
1.62685
1.29162
1.15604
2.18026
1.46262
1.13629
1.28463
1.1964
2.54853
1.13674
1.23658
1.58846
1.29579
1.22092
2.05942
1.10058
1.52583
1.35612
1.01996
1.29548
1.21074
1.4042
1.6619
1.91303
1.64744
1.5227
1.12149
1.01368
1.55549
1.15696
2.19954
1.01767
1.81522
1.21671
2.20278
1.57702
1.39064
1.13245
1.12961
1.08456
2.82647
1.29045
1.54543
1.5792
1.1181
1.92715
1.00772
1.12159
1.51989
1.03225
1.27653
1.06164
1.14343
2.39205
1.19158
1.011
1.85037
1.01102
1.39045
1.13469
1.04789
1.35151
1.18364
1.11129
1.44236
1.06541
1.23023
1.16244
1.32053
1.32948
1.05775
1.49002
2.5447
1.11632
1.02383
1.20869
1.19612
1.04151
1.85105
1.27021
2.08721
1.14132
1.00188
1.36751
1.10192
1.24055
2.79878
1.17493
1.4061
1.83606
1.93903
1.23349
1.78715
1.29914
1.23464
1.29452
9.21149
1.0596
1.02158
1.21997
1.96694
1.47542
1.45446
2.09896
1.60124
1.26768
1.62971
1.24069
2.97822
1.38635
1.11112
1.26579
1.76752
1.59905
1.48692
1.17882
1.39096
1.13265
1.77171
1.07646
1.18116
1.04909
2.1419
1.14518
1.33488
1.34058
1.0027
1.35102
1.21797
1.42075
2.47376
1.46874
1.01614
1.44092
1.16105
1.17204
1.25781
1.13411
1.70777
1.09648
1.18671
1.08879
1.50205
1.45183
2.17921
9.27501
1.44568
1.12336
1.43046
1.34354
1.10611
1.73289
1.27944
1.11634
1.58252
1.6025
1.32555
1.97357
1.82971
1.0344
1.14316
1.11774
1.58316
1.35566
2.62562
1.26171
1.26017
1.42108
1.11813
1.04303
2.5396
1.46143
1.28591
1.30775
1.71655
1.88194
1.05641
1.5927
1.1383
3.10843
1.09846
1.29451
1.22937
1.07644
1.3807
1.31231
1.14935
1.22931
1.27133
1.04131
1.22736
1.23002
1.55398
1.28277
1.02816
1.49716
1.22645
1.26552
1.07162
1.43918
1.14457
1.01435
1.04493
1.38204
1.00203
1.01469
1.49312
6.11314
1.03761
1.43124
1.31708
1.60486
1.28973
3.54611
1.22314
1.1823
1.68355
1.78417
1.04204
1.14295
1.0905
2.07769
1.52935
1.34464
2.4006
2.69445
1.00818
1.43424
2.51424
1.28049
1.15201
2.05366
2.77484
1.00478
1.17703
1.81087
1.09011
2.20269
1.20789
1.06251
1.94077
1.23047
1.61908
1.72883
2.20579
1.17124
1.04494
1.0299
1.04023
1.70393
1.06835
1.3018
1.18314
1.19993
1.228
1.00396
21.0101
1.47245
1.46918
1.02845
1.19463
1.13273
1.09667
1.51235
1.13516
1.38094
1.17052
1.13989
1.50025
1.27507
1.08657
1.07055
2.49341
1.26405
1.67792
1.31699
1.22771
1.47506
1.46925
1.02244
1.41147
1.09532
1.84419
1.35417
1.4763
1.09693
1.09296
1.12309
1.51457
1.25436
3.68324
1.17454
1.53846
1.00592
1.37018
1.40211
1.11819
1.45309
1.09469
1.01987
1.18117
1.48604
1.21321
1.04065
3.46435
1.11574
1.21027
1.46105
1.60307
2.18192
1.52231
1.0819
1.21974
1.26214
1.00601
2.33172
1.56277
1.6407
1.15225
1.63397
1.68989
1.07985
1.10993
1.44542
1.07494
1.47845
1.22336
1.96002
1.14676
1.12417
1.9264
1.44127
1.80217
1.67128
1.14598
1.47238
1.11664
1.08144
1.169
1.19058
1.47917
1.63077
3.67205
1.36259
1.42461
7.17288
1.09199
1.24767
3.80739
1.24119
1.09721
1.25206
1.05224
2.0633
2.88826
1.26954
1.45179
1.06336
1.63207
1.37249
1.47703
1.14092
1.54844
1.25562
3.29723
1.0219
6.65393
2.13876
1.12778
1.5574
1.53977
1.13526
1.10146
1.07741
1.1478
1.07192
1.17588
1.12184
1.35469
1.17465
1.52823
1.66358
1.13699
2.42807
1.32494
1.8022
1.12428
1.43337
1.20834
1.17463
1.98333
1.33042
2.86173
1.11232
1.28673
1.15881
1.01762
1.0439
1.13315
1.15639
2.77155
1.07429
1.73125
1.14686
1.08867
1.00242
1.84386
1.56562
2.06274
3.16315
1.27431
2.17088
1.35744
1.22096
2.29707
1.05551
1.2815
1.23705
1.15253
1.16418
2.69594
1.28101
1.38164
1.06226
1.19247
1.21935
1.25221
1.19812
1.2216
1.02498
1.00204
1.46212
1.09923
1.12019
1.30646
1.09998
1.18243
1.31517
1.38707
1.04834
1.30402
1.77896
1.07497
1.39852
3.86142
1.03453
1.19676
1.10118
1.82679
1.81727
1.0287
1.12973
1.48353
1.16327
1.10436
1.09917
2.75128
1.04812
1.61397
1.06963
1.15254
1.28044
1.15943
1.17338
1.56465
2.76737
1.0442
1.41788
2.68903
1.30156
1.34201
1.10633
1.13439
1.39582
1.39501
1.12008
1.33926
1.20585
1.45366
4.3383
1.40595
1.50694
1.25845
1.0122
1.17662
1.23583
1.10526
1.88472
1.10972
1.09712
1.50997
3.02024
1.10337
2.05001
1.51193
2.01637
1.13443
4.28752
1.07276
1.76559
1.25732
1.08192
1.4438
1.57649
1.42754
1.19456
1.03469
1.08
1.5829
1.01618
1.83117
1.10693
2.08488
1.59659
1.34792
1.28168
1.36623
1.48804
1.07839
1.15502
1.08268
1.69645
1.13395
1.03265
1.39058
1.0116
1.11619
1.08072
1.00406
1.33296
1.44565
1.68169
1.43374
1.37148
1.50877
1.0215
1.58725
1.13536
1.01396
1.36299
1.44055
2.28896
1.51055
1.63431
1.24168
1.4668
1.44528
1.19274
1.23827
1.07254
1.1718
1.05588
2.60177
2.7162
3.06654
1.09215
1.06588
1.56397
1.31594
1.12494
1.59287
1.73358
1.14604
1.44182
2.16498
2.04439
1.24061
1.34221
1.00944
2.40253
1.00688
1.06838
1.05251
1.26315
1.20655
1.00795
2.55844
1.29196
1.07404
1.31257
1.08958
1.70526
6.22646
1.63396
1.39685
1.10697
1.14267
2.12228
1.5221
1.86086
1.85323
1.41538
1.05431
1.81087
1.03204
1.12374
1.08665
1.69005
1.24698
1.04979
1.4416
1.49547
1.14035
1.34133
1.37319
2.24726
1.07137
1.24518
1.03211
1.00966
1.50301
1.10128
1.66192
1.08441
1.64784
1.33499
1.08736
1.07854
1.02543
1.4432
1.59591
1.12437
1.28184
1.00285
1.66933
1.05726
1.20161
1.50341
1.88682
1.40443
1.65361
1.67969
1.06962
1.02025
1.30473
1.23154
1.53466
1.30233
1.5307
1.00902
1.23085
1.75431
1.36997
1.18437
1.12427
1.48577
1.48523
1.23602
1.12305
1.03282
1.14734
1.06045
2.01804
1.6594
1.1676
1.01988
1.04123
1.0652
1.03588
1.73584
1.00122
1.68456
1.22019
1.17716
1.19957
1.02092
1.16235
1.56652
1.07221
1.32458
1.13416
1.08751
1.12517
1.35518
1.04141
1.45392
1.26825
1.13891
1.30796
2.96911
1.25026
1.51261
1.41022
1.04669
3.28985
2.10512
1.34699
1.23532
1.00369
1.24281
1.01205
1.2735
1.1089
1.95149
1.61876
1.00301
1.6916
1.69329
1.11795
1.01263
1.79312
1.09653
1.05773
1.00234
1.04236
1.13071
1.20433
1.32257
1.50443
1.60916
1.41898
1.06486
1.2891
1.19809
1.38808
1.1648
1.08485
1.29173
1.00381
3.03528
1.08258
1.50595
1.14727
3.00142
1.46616
1.08123
1.29355
1.16108
1.02892
1.08598
1.52773
1.32215
1.00908
1.09991
1.19355
1.04313
1.37241
1.15159
2.16335
1.62234
1.0715
1.04506
1.45036
1.4718
1.16857
2.47963
1.25138
1.18505
2.40151
1.08944
1.07016
1.50417
1.9887
1.0171
1.00668
1.02601
1.64846
1.89934
1.01808
1.28164
1.13438
1.75968
1.17469
3.53693
1.53938
1.32271
1.45883
2.51356
4.27636
2.04049
1.10111
1.05851
1.16435
1.86285
1.1595
2.54678
1.19556
1.08143
1.56247
1.33274
1.14377
1.11442
1.18137
1.41249
2.27492
1.39586
1.13898
8.23637
1.08371
1.05055
1.02568
1.35235
1.18679
1.02389
1.12162
1.00411
1.00009
4.48543
1.33043
1.37258
1.00119
1.07137
1.18629
1.823
1.24789
2.34599
1.60423
1.68762
1.49144
1.60878
1.20958
1.36193
1.868
1.22636
1.28678
1.11573
1.02589
2.1018
1.41626
1.13041
1.43565
1.43478
2.0208
1.26298
1.80324
1.01233
1.0178
1.4896
1.03541
1.60432
1.25204
1.47112
1.02046
1.03354
1.57852
1.01824
1.13443
2.44595
2.08108
1.43748
1.19435
3.24254
1.12554
1.02174
1.46492
1.12469
1.61679
1.60068
1.3125
1.00385
1.09786
1.07341
1.03763
2.15979
1.67096
1.44471
1.25747
1.83956
1.38453
1.17748
2.18687
2.40644
1.14169
1.44371
1.88781
1.03322
1.03153
1.83553
1.42822
1.16153
1.46474
1.03013
1.27936
1.20285
4.13283
1.63615
1.44499
1.0486
1.129
1.06791
1.12733
2.16561
1.07187
1.11967
1.59603
2.21754
1.88608
1.11506
1.46753
1.73622
1.15392
2.37672
1.52457
1.00093
1.4234
1.41036
2.47625
1.01442
1.41186
1.0396
1.05779
1.00023
1.74955
1.09412
2.64421
4.20621
1.17224
2.09234
1.11205
1.43361
1.27671
1.68898
1.02508
1.10405
1.38641
1.34176
1.14804
1.91083
1.1586
1.05096
1.12697
4.86496
1.01679
1.13107
1.04555
1.6668
1.1134
1.16497
2.10928
6.06024
1.39994
1.04676
1.62232
1.13955
1.00033
1.22104
1.53878
1.31291
1.24368
1.13185
1.12643
1.90701
1.07486
1.66567
1.06889
1.47782
1.69919
1.03639
1.09978
1.36717
1.32837
1.13663
1.46799
1.415
1.12818
2.03832
1.39997
1.59344
1.71841
1.77169
1.09443
1.48416
1.52616
1.75384
1.0525
1.59098
1.70379
1.24032
1.37044
1.01151
1.17021
1.02408
1.82021
1.31747
1.20684
2.22714
1.1194
1.85661
1.00223
2.27548
2.24834
1.9828
1.14041
2.18854
1.21673
1.12678
1.14155
1.43322
1.52038
1.18179
1.14852
1.19703
1.09394
1.07443
1.96632
1.09236
1.00461
1.42725
1.10621
1.22612
1.22994
1.75685
2.07062
1.36084
1.26627
1.60283
1.43367
2.62769
1.12303
1.80814
1.04335
1.82088
1.01641
1.24029
1.20614
2.55382
1.23457
1.13723
1.78718
1.2389
1.42193
1.13003
1.40945
1.13964
1.03206
1.53279
1.14772
1.56403
1.18148
1.00433
1.31858
1.5412
1.17522
1.23121
1.97497
1.13611
1.18456
1.8113
1.4366
1.12677
2.46708
3.45891
1.26488
1.00039
1.61542
1.12603
1.11615
1.28849
1.00399
1.2018
1.06146
1.31782
1.24421
1.65281
1.08422
1.12931
1.01385
1.04502
1.21661
1.3408
1.23542
1.54908
1.89811
1.18327
1.02707
1.06599
1.05877
2.1969
2.06714
1.09053
3.48921
1.17315
1.13645
1.0675
1.64144
1.79297
1.69495
2.40016
1.13112
1.10951
1.18689
1.05419
1.08333
1.08031
1.04658
1.08014
1.07085
1.01158
1.03899
1.0422
1.78697
1.10789
1.07474
1.06394
1.67945
2.38921
1.04761
1.43275
2.56032
1.31977
1.52168
1.15515
2.14904
1.98563
1.00586
2.15494
1.06441
1.41513
1.43172
1.22602
1.43644
1.16318
1.05658
1.04946
1.81292
1.12058
1.43169
2.17466
1.12473
1.23903
5.4162
1.1905
1.39718
1.46084
1.07568
1.05969
1.24178
1.63196
1.703
1.4666
1.27861
2.62033
1.2109
1.30024
1.8854
1.02032
1.09179
1.58572
1.06834
2.35113
1.4159
1.32972
1.60958
1.04592
1.03154
1.62942
1.81185
1.07626
1.134
1.11201
1.14388
1.69756
1.18503
1.07938
1.14872
1.70849
1.00523
1.09066
1.11535
1.26356
1.09426
1.20245
1.01198
1.07563
1.5652
2.3656
1.36632
1.15041
1.00537
1.47181
1.00289
1.47653
1.05019
1.5677
1.06888
1.42406
1.00517
1.73586
1.15491
1.15185
1.11754
2.23264
1.34831
1.55559
2.62673
1.1126
1.01742
1.13276
1.01787
1.37386
1.35457
2.5755
1.00348
1.20355
1.00167
1.1835
1.44827
1.3512
1.34493
1.14057
1.47771
1.17322
1.32667
4.09233
1.25809
1.31233
1.51022
1.14957
1.16368
1.45034
1.82939
1.08648
1.36196
1.45688
2.397
1.39766
1.38133
1.15497
1.22808
1.02489
1.36051
1.0671
1.04737
2.70351
1.06208
1.00944
1.24644
1.49235
1.38342
2.62762
2.47977
1.4216
1.31714
1.2146
2.50103
1.01227
4.08415
1.00108
1.17366
1.14011
1.27833
1.52691
1.09028
2.32143
1.8777
1.34848
1.49441
1.45118
1.25655
1.12065
1.70116
1.63144
1.19417
2.03584
1.14205
1.31639
1.19444
1.50371
1.01111
1.27152
1.173
1.22575
2.28478
1.25766
1.00505
1.20091
1.16416
1.7451
2.18505
1.53178
1.0722
1.20931
1.63922
1.83988
1.00182
1.09248
1.06118
1.50565
1.38638
1.14383
1.77333
1.44781
1.58347
1.09481
1.65037
1.49273
1.93422
2.68699
1.50803
1.2413
1.08416
1.16793
1.09387
1.0273
1.00645
1.5984
2.30485
1.4139
1.38402
1.11664
1.27033
5.53343
1.77097
1.18022
1.32427
1.20743
1.20823
1.21772
1.2583
1.56673
1.10164
1.04578
1.39309
1.1452
1.14935
1.17295
1.27928
1.07792
2.8002
1.28574
1.18204
4.7049
1.01858
1.83758
2.1736
1.46541
1.71079
1.02283
2.76648
1.26776
1.51701
1.17159
1.86004
1.51347
1.5875
1.63039
1.38437
1.11444
2.15895
1.83116
1.51635
1.38103
1.05041
1.0017
1.21702
1.23356
2.00309
1.02197
1.43836
2.38309
1.14174
1.97885
2.13071
1.20476
1.66233
1.18927
1.01959
2.34808
1.2278
1.44974
1.06335
1.35059
1.27382
1.95982
1.98166
1.07263
1.42773
1.6578
1.27221
1.10502
2.53624
1.17327
1.0482
1.30904
1.25649
2.82061
1.59152
1.01148
1.46041
1.35318
1.37735
1.4274
1.22144
3.01639
1.02296
2.27692
1.07053
1.19307
1.13391
1.10934
1.00519
2.15569
1.01891
1.04545
1.37421
1.28339
1.73463
1.22777
1.18591
1.06779
1.33697
1.40903
1.14422
1.27275
1.00059
1.00774
2.15044
1.17536
1.23867
1.39203
1.71736
1.60904
1.01499
1.53124
1.29507
1.69311
1.19966
1.11281
2.87065
1.17719
1.38581
1.11992
1.64935
1.13918
2.98235
1.28057
1.13141
1.30091
1.36912
1.13048
1.09507
1.35922
1.26704
1.44021
1.87167
1.66136
1.0304
1.36412
1.17793
1.09633
1.18917
1.35415
1.95907
2.00893
1.70039
5.83368
1.33814
1.14281
1.07104
1.39439
1.73127
1.31331
1.25898
1.72653
1.08897
1.2272
1.00711
1.32604
1.06057
1.30396
1.09772
1.47182
1.11301
1.19763
1.09109
1.8738
2.96556
1.57422
1.21204
2.28396
1.08416
1.00456
1.13443
1.07918
1.11314
1.31825
3.37421
1.22026
1.12352
1.29377
1.75077
1.12068
2.62822
1.03683
3.88056
1.25424
1.92669
1.73502
1.05515
1.16938
4.45278
1.82699
1.01682
1.1256
1.10473
1.7074
1.8747
1.18678
1.24016
2.41759
1.77902
4.15374
1.80586
1.03854
1.26486
1.15663
1.35978
2.61486
1.07384
1.10622
3.51661
1.05214
1.70134
1.18693
1.51214
1.25793
1.17148
1.53041
1.11906
1.25015
1.05232
1.35062
1.2307
1.08791
1.02487
1.13577
1.12174
1.11217
1.04105
2.0437
1.85516
1.83543
1.58588
1.65358
1.22841
2.8297
1.5312
1.13158
1.26572
1.1639
1.20622
1.18311
1.94578
1.05784
1.008
1.10747
1.47568
1.88827
1.08717
1.2554
1.44946
1.00816
1.0527
1.62127
1.62011
2.94572
1.06815
2.5257
2.46586
1.1258
1.53056
2.27278
2.52755
1.65612
1.42612
1.54016
1.19426
1.02875
1.57761
1.0244
2.27414
1.44122
1.23717
1.148
1.39962
1.44114
1.70639
1.12218
1.68705
1.05655
1.3164
1.16736
1.5014
1.5114
1.23142
1.3869
1.02893
1.09571
3.32523
1.07594
1.09435
1.72005
1.17254
1.30223
1.43699
1.05742
1.70922
1.06641
1.31941
1.02414
1.0533
1.02797
2.50914
1.02864
1.19063
1.74736
2.41458
1.18097
2.09079
1.05148
1.91929
1.03734
1.00273
1.18316
5.58138
1.00264
1.0998
1.05976
1.01871
1.12566
1.18667
1.16639
1.18253
1.12377
1.03876
1.38613
1.05493
1.4025
1.20783
2.78177
1.45443
1.04635
1.02391
1.644
1.25059
1.54097
1.859
1.19948
1.00811
1.13575
2.00457
1.16512
1.04024
1.35156
1.43976
3.03099
1.75434
1.05616
1.46468
1.31675
1.2962
1.46409
1.06353
1.51174
1.19189
1.0713
1.32757
1.58957
1.5236
1.04736
1.52724
1.10937
1.30847
1.03275
1.63859
1.08268
1.364
1.13939
1.03727
1.31112
1.26455
1.07772
1.3784
1.00971
1.007
1.49539
1.11174
1.19684
1.13544
1.66141
1.17459
2.07249
1.0434
1.11757
2.29426
1.66378
1.87582
1.14322
1.13558
1.31042
1.10967
1.05096
1.02027
1.17089
1.0923
1.13332
1.40222
1.00029
1.47918
1.13304
1.11863
1.08664
1.24381
1.14551
9.21149
1.18573
1.04148
1.09633
1.48379
1.27012
1.3501
1.15406
1.97523
1.19308
1.08219
1.02209
1.23643
1.03972
1.55749
1.41376
1.00677
1.67761
2.60734
1.35409
1.45086
1.7311
1.20029
1.52534
1.45594
1.22838
1.24557
1.05837
1.26754
7.6499
1.04338
1.52857
1.31591
1.58551
1.00697
1.28133
1.0393
1.14091
1.13471
1.4482
1.2703
3.03467
1.21774
1.11339
1.14005
1.35638
1.43122
1.64451
2.50925
1.04818
1.15715
1.61461
2.33034
1.11532
1.28966
2.07499
1.0275
1.0404
1.32308
1.04617
1.0145
1.32002
1.84686
1.21256
1.66191
1.65939
1.58304
1.60832
1.34383
1.65835
1.42119
3.65521
1.63761
1.15792
1.87566
2.78827
1.16867
2.39603
1.89831
1.01987
1.90254
1.68863
1.49614
1.10264
1.13722
1.69102
1.37725
1.61056
1.62138
2.21104
1.67365
1.01705
1.11022
1.30495
1.04574
1.88671
1.27608
1.14926
1.65343
1.07132
1.13909
1.17893
1.29382
1.62901
1.09135
1.09559
1.12236
1.49537
1.26222
1.14699
1.66309
1.10547
1.81157
1.18755
1.15055
1.36806
1.814
1.30548
1.07589
1.03119
1.45471
2.34948
1.2156
1.41709
1.15522
2.01376
1.10056
1.06065
1.10866
1.14432
2.3795
1.7015
1.14983
1.66832
1.45191
1.04167
1.19181
1.16507
1.87308
1.12592
1.05846
1.57369
1.11665
1.44728
1.14197
3.92344
1.12564
1.15837
1.08655
1.02952
1.4437
1.11168
1.03706
1.34557
2.97438
1.19453
1.28755
1.45015
1.08327
1.13745
1.557
1.64743
1.49296
1.13478
1.47574
3.60385
1.17095
1.34183
1.49598
1.85757
1.07031
1.74688
1.05736
1.27242
1.06982
1.3051
1.85952
1.01602
1.10811
1.18655
1.57303
1.46956
1.21768
2.0518
1.13145
1.15447
1.09164
1.36673
1.28857
1.62937
1.05066
1.10717
1.68678
2.95333
1.40897
1.57526
1.12224
1.11098
1.6069
1.4339
1.52751
1.04619
2.09251
1.01592
1.04474
1.02634
1.36137
1.39945
6.41803
1.1539
1.14062
1.09043
1.20064
1.10066
1.15073
2.03585
1.30852
1.07861
1.08758
1.2927
1.46491
1.79746
1.5849
1.36376
1.09102
1.63019
1.40306
1.02821
1.01007
1.3188
1.64352
1.59683
1.364
1.32711
2.28792
1.39552
1.20722
1.03854
1.62012
1.03972
1.24878
1.61382
1.05203
1.1832
1.02495
1.95112
1.01333
2.27672
1.48641
1.24738
1.60413
1.92227
1.20544
1.10961
1.59059
1.33277
1.23954
1.378
1.26862
1.10968
2.76246
1.08531
1.24431
1.5687
1.44912
1.3383
1.53623
1.27961
1.33405
1.51717
1.02389
1.59764
1.30544
1.22205
1.4336
1.06431
2.27519
1.46319
1.08647
1.10189
1.23279
3.61298
1.82978
1.0077
1.01996
1.02564
1.10089
1.16223
2.67021
1.04529
1.19918
1.10554
1.06012
1.06768
1.04155
1.04969
2.11513
1.53077
1.58458
1.13611
1.40756
1.37706
1.23244
1.62526
1.26695
1.008
1.54096
1.12488
1.06968
1.37096
1.44615
1.39136
1.36587
1.07311
1.191
1.2329
3.14181
1.49588
1.27836
1.05822
1.06521
1.01512
1.25538
8.76139
1.5798
1.24621
1.13994
1.08454
1.65984
1.04471
1.51287
1.01267
1.44982
1.25076
1.12787
1.01518
1.10112
1.15291
1.53756
1.97671
1.05596
1.23246
1.09096
1.09877
1.33027
1.34469
1.32047
2.7105
1.16404
1.8631
1.19514
1.15793
1.26364
1.08682
1.42486
1.06201
1.20633
1.45616
1.07236
1.24272
1.04993
1.13101
1.09343
1.74195
1.77232
1.13228
1.28092
1.91368
1.32245
2.61229
1.76115
1.52831
1.46079
1.00739
1.00331
1.28275
1.1205
1.46627
1.00642
1.9096
2.20761
1.03026
1.37056
2.04877
1.18023
2.04884
1.70629
1.25029
1.28518
1.04954
1.02814
1.1577
1.12682
1.29335
10.063
1.82841
1.39983
1.19565
1.14948
1.34991
1.85221
2.00771
1.40231
1.04175
1.03568
1.04349
1.29301
1.57148
2.72472
1.00984
1.56893
1.15755
1.32282
1.08167
1.66308
1.0512
1.03371
1.0094
1.86653
2.06586
1.41242
1.46819
7.61163
1.14298
1.68409
1.34011
2.27486
1.00184
1.22684
2.54906
1.40399
1.44376
1.54118
1.26156
2.29425
1.19526
1.23326
1.12413
1.57977
1.14096
2.22585
1.21152
1.46272
1.36138
1.02859
1.00054
1.06213
1.59353
1.27854
1.39332
1.40027
1.22849
1.13947
1.00627
1.02986
1.43809
1.12379
1.09634
1.13796
1.00865
1.25623
1.12564
1.1315
1.14359
1.14932
1.48996
3.11415
1.20096
1.03873
1.00391
1.2486
1.52311
1.42729
1.05173
1.46188
1.02773
1.09899
1.1905
1.0123
1.32819
1.41759
1.51313
1.35169
1.12431
1.59657
1.4008
2.4013
1.10474
1.55905
1.08193
1.1116
2.68429
1.03213
1.19752
1.71058
3.40493
1.12986
1.10728
1.19081
1.37037
1.23307
1.05318
1.11427
2.52946
2.61667
1.86219
1.03376
1.099
1.10069
1.30559
1.9172
1.30055
1.31423
1.09614
1.00206
1.01948
1.37358
1.50759
1.12778
1.24711
1.08451
1.25346
1.17673
1.04487
1.2591
1.55084
2.52458
1.45548
2.47521
1.13247
1.5165
1.9624
3.52739
1.42168
1.13914
1.36461
1.03258
2.94007
1.69883
2.61773
1.08765
1.2282
1.18223
1.01387
1.14693
2.33395
2.06435
1.23791
1.76477
1.12831
1.09198
1.90876
1.02075
1.23852
1.76704
1.16568
1.28995
1.21381
1.36854
1.0844
1.39227
1.17217
1.26248
1.50135
1.30606
1.57406
1.01791
1.28298
1.04343
1.58242
1.42768
1.06808
1.01999
1.15202
1.69654
1.09593
1.07222
1.57579
2.16244
1.6454
4.45342
1.86076
1.17345
1.0818
1.07374
1.41513
1.1744
1.18022
1.49663
1.0069
1.07731
2.08888
1.74805
1.1662
1.64074
1.31368
1.17546
1.13659
1.15655
1.2765
1.08009
1.29285
1.08986
1.2193
1.11448
1.36796
1.04882
1.66848
1.31025
1.07694
1.29927
1.21391
1.47745
1.79005
1.43414
1.26699
1.18913
1.35335
1.12998
1.21888
1.15506
1.74405
2.65373
2.69837
1.12101
1.06164
1.1807
1.02989
1.04821
1.22752
1.69981
1.18903
2.26633
2.4015
2.41839
1.05917
1.03866
1.22383
1.24681
1.27571
1.91714
1.40144
1.64207
1.02779
1.38205
1.83352
1.14789
1.05376
1.03305
1.06167
1.17618
4.11542
1.30263
1.03062
1.04364
1.42253
1.21168
3.5969
1.61092
1.00496
1.8014
4.86664
1.02398
8.25474
1.30966
1.02771
1.0845
4.13348
1.10733
2.43309
1.20138
1.23175
1.03111
1.18786
1.20173
1.21048
1.13393
1.88681
1.28504
1.45655
1.10792
2.12577
1.4665
1.07641
1.33636
1.3885
1.14561
1.19047
1.68335
1.33027
1.27217
1.46578
1.92227
1.1328
1.3609
1.40539
1.46142
1.06389
4.27661
1.08089
1.01249
1.0685
1.0882
1.53924
4.07327
1.01503
3.26938
1.55922
1.63272
2.03025
1.02526
1.5835
1.12304
1.33621
1.96802
2.87067
1.05807
1.16364
1.01703
1.33472
1.51761
1.08487
1.58007
1.27024
1.26025
1.59237
1.05911
19.1875
1.34691
1.32356
1.19401
1.14302
3.42784
1.05403
1.21187
1.03957
1.57913
1.51802
1.3385
2.66881
2.77264
1.04916
1.34686
1.63415
1.19826
1.87507
1.45148
1.1548
1.08717
1.23025
1.53908
1.09678
1.05421
2.07163
1.61593
1.10849
1.18735
1.39916
1.18916
1.19901
1.02481
1.3337
1.28728
2.35601
2.11734
1.13464
1.48684
2.45317
1.93086
2.16244
1.05576
1.04913
1.54744
1.06199
1.23468
1.54439
1.08668
1.01669
1.72251
1.38356
1.19628
1.29791
2.76978
1.21315
1.01294
1.24815
1.09475
1.24852
1.40196
1.12465
1.02425
1.00986
1.01267
1.02516
1.25579
1.20848
1.13124
2.1995
1.00726
1.07596
1.04583
1.13325
1.40816
1.03251
1.44562
1.26713
1.38123
2.81923
2.45608
1.33643
1.04888
1.12751
1.37872
1.52625
1.24801
1.32317
1.17042
1.37589
1.22587
2.76519
1.3602
1.15444
1.51081
1.44759
1.75763
1.92178
1.36649
1.20498
1.06976
1.07695
2.20482
1.50131
1.0292
1.63344
1.18151
1.15468
1.08922
2.24645
1.02457
1.46973
1.64597
1.85441
1.49078
2.2489
2.40491
1.00518
1.1522
1.20526
1.31454
1.08896
1.2836
1.47589
1.20672
1.80779
1.08407
1.0204
1.28445
1.06986
1.23723
5.60889
3.9946
1.53761
1.0916
1.2442
1.1252
1.51023
1.0224
2.6389
1.10362
2.21217
1.10304
2.50237
1.84377
2.3842
1.18615
1.29173
1.38258
1.03428
1.05639
1.05669
1.11083
1.05576
1.99415
2.57997
1.29967
1.91216
1.01937
1.07099
1.05805
1.1264
1.04334
1.70649
1.14152
1.01661
1.16793
1.26278
1.90694
1.00154
1.10791
1.50421
1.24156
1.14183
1.23827
2.88111
1.08961
1.00481
1.6014
1.77761
1.3139
1.15713
1.36295
1.23241
1.10737
1.32399
1.63095
1.1323
4.28669
1.82565
1.16731
2.34779
1.11403
1.25564
1.06685
1.42495
1.05937
1.72744
1.76193
1.03726
1.82071
1.46213
1.51537
1.47612
1.52396
1.07104
2.04511
2.36229
1.3751
1.62287
1.1255
1.38976
1.92413
2.04724
1.41704
1.14922
1.89178
2.07223
1.72638
1.02295
1.26823
1.11286
2.42314
1.26558
1.0563
1.12319
2.54929
1.52108
1.09874
1.5396
1.66997
1.07081
1.04405
1.28306
1.21847
1.14435
1.14418
1.19873
1.38935
1.03016
1.20291
1.29955
1.0249
1.08117
1.24435
2.3058
1.1395
1.11969
1.46275
1.0947
1.36649
1.31792
2.00703
2.35124
1.00028
1.55125
1.12794
1.00188
1.3217
1.18589
1.48712
1.19147
1.06417
1.1313
1.02248
1.04494
1.52954
1.63995
1.80249
1.35637
1.03407
1.26862
1.78264
1.27964
1.01409
1.11553
1.79954
1.24309
1.08427
1.18305
1.06714
1.60981
1.77063
1.10728
1.04271
1.32911
1.25395
1.30473
1.00089
1.50453
1.02963
3.36339
1.24487
1.26516
1.25123
1.2824
1.14732
1.485
1.54677
1.27464
1.4834
1.24367
1.38894
1.29868
1.09057
1.11374
1.06225
1.02854
2.87915
1.19306
1.34558
2.24019
1.20725
1.32589
1.01608
1.3325
1.81765
1.11835
1.27026
1.48388
1.23408
1.97679
1.11596
1.04642
2.4017
1.06131
1.21113
1.80198
1.9444
2.12449
2.11547
1.29408
1.25701
1.05125
1.90838
1.45328
1.0398
1.05413
1.0699
1.41845
1.5626
1.16783
1.26999
1.14229
1.7133
2.33647
1.54382
2.03805
1.53893
1.08702
1.26235
1.95847
1.41048
1.47805
1.36808
1.18812
2.21569
1.03341
1.30481
1.09936
1.34036
1.13262
1.02481
2.22598
1.24813
1.1234
1.24358
1.11571
1.22385
2.35884
1.17332
1.28503
2.27776
1.05552
1.1591
1.15565
1.09845
1.24943
1.18493
1.13503
1.47943
1.67482
1.51156
1.38304
11.8377
1.33752
1.32847
1.13341
1.00281
1.19561
1.18708
1.26402
1.04295
1.63493
1.075
1.28096
1.75046
1.06955
1.40615
1.46764
1.66317
1.1053
1.06098
1.10825
1.50941
3.58998
1.56962
1.156
1.12664
1.29517
1.24506
1.1241
1.34331
1.39832
1.82931
1.26157
1.03271
3.56105
1.17163
1.49167
1.13266
1.07366
1.15905
1.12372
1.32043
2.8266
1.53744
2.2459
1.52149
1.22402
1.05485
1.26203
1.27545
1.98978
1.10243
1.03805
2.11541
1.00835
1.05869
1.49802
1.029
1.65692
1.35344
1.02491
1.52829
1.1687
1.80499
2.76094
1.0912
1.91869
1.53891
1.01399
1.11981
1.10401
1.14495
1.3447
1.29295
1.02411
1.07515
1.65637
2.0553
3.23392
1.29828
1.46088
1.30594
1.32923
1.19876
1.92881
1.03645
1.20025
1.83373
1.60339
1.20196
1.03146
1.37988
1.25248
1.06943
1.41721
1.02084
1.13655
1.43389
1.46557
4.13003
3.2171
1.08179
1.54452
4.25479
1.0575
1.21257
1.00294
1.06438
1.2053
1.0596
1.31151
1.63337
1.23395
1.11348
1.34515
1.1507
1.29154
2.16104
1.27784
1.08453
1.24729
1.25618
1.16224
1.69394
1.07104
1.01238
1.0185
1.86389
1.16534
1.06275
1.4948
1.0508
1.25508
1.03074
2.00267
1.03339
1.39977
1.73896
1.31622
1.22238
1.03215
1.009
1.85313
1.398
5.0383
1.97826
1.34841
1.1445
1.0596
1.10669
1.08902
1.00322
1.58453
1.16349
1.89797
1.12025
2.42481
1.86075
1.59807
1.76545
1.08465
1.00912
1.0169
1.30973
1.46714
3.05577
1.00408
2.73775
1.14973
1.37011
1.28518
1.08646
1.26536
1.0004
1.19896
1.20839
1.20705
1.21998
1.11523
4.2558
1.41487
1.07587
1.2199
1.07531
1.15594
1.52989
1.71081
1.40062
1.30793
2.40224
1.7651
1.01263
1.00437
1.10268
1.06248
1.37177
1.11586
1.3487
6.5191
1.24265
1.05135
1.21813
3.79345
1.43035
1.39568
1.84142
1.01039
1.35858
1.13138
1.04766
1.29677
1.19966
1.88515
2.88849
1.2494
1.54931
2.26893
2.14755
1.06043
1.04048
1.37881
1.63933
1.34535
1.46204
1.06906
1.53902
1.37639
1.01355
1.841
1.67104
1.66044
1.61557
1.00461
1.146
1.31738
1.78397
1.22169
1.96439
1.37506
1.2943
1.51833
1.57394
1.55489
1.0131
1.24496
1.27444
2.40103
1.22325
1.36168
1.58311
1.31454
1.37262
1.04458
1.06586
1.19704
2.76353
1.12094
1.01092
1.62686
1.44238
1.08424
1.40575
1.0562
1.14032
1.06586
1.13448
4.1191
1.32963
1.11537
1.29793
1.30698
5.43303
1.04103
1.22732
2.6965
1.13064
1.99541
1.24317
1.36402
2.10373
2.17619
1.32122
1.1998
1.84837
1.27028
1.34561
2.10883
2.35267
2.47402
1.06813
1.07561
1.5088
1.1446
1.08074
1.11637
1.58708
1.13936
1.47623
1.09767
1.06132
1.63335
1.0068
1.24313
1.54405
1.85783
1.15845
1.09195
1.38541
1.39889
1.03651
1.06647
1.25797
1.69399
1.69112
1.67864
1.44196
1.22716
1.01827
1.41404
1.01466
1.26351
1.38875
1.36425
1.22877
2.34887
1.00501
1.96805
1.05646
1.34835
1.97908
1.34978
1.04676
1.45287
1.07374
1.85819
1.01321
1.10017
1.10306
1.12045
1.05402
1.11635
1.38634
2.37563
1.28741
1.0003
1.89339
1.0868
1.10436
1.16293
1.30743
1.41102
1.25627
1.18782
1.28839
1.87083
1.08239
2.01338
1.07125
1.00048
1.09258
1.04454
1.06405
1.13934
2.38314
1.28913
1.03318
1.4718
1.14816
1.22608
1.11433
1.06419
1.24315
1.06342
3.52995
1.00557
1.48852
1.76411
1.55811
1.03259
1.03003
1.05306
1.41557
1.255
1.40633
1.10346
1.06252
1.23325
1.3373
1.34425
1.00524
1.09836
1.66869
1.0744
1.14467
1.01629
1.02459
1.44164
1.14737
1.05364
1.04526
1.39955
1.23757
1.71498
1.25636
1.82583
1.03984
1.22064
3.80086
1.09191
2.22897
1.31261
1.46409
1.127
1.07194
2.25358
1.93061
1.63437
1.38686
1.4222
1.25586
1.10377
1.02461
1.28931
1.30503
1.18376
1.21973
1.01993
1.39123
1.57436
2.33987
1.11899
1.19213
1.22836
1.17255
2.21873
1.08046
1.33563
1.30282
1.49218
1.12154
2.9158
1.38553
1.12053
4.28893
1.4437
1.12406
1.32421
1.10325
1.97821
1.3611
1.25149
1.20779
1.00748
1.11471
1.13171
1.71163
1.05396
1.21133
2.93581
1.04463
1.04477
1.08368
1.767
1.4996
1.00422
4.68371
1.00465
1.26863
1.37014
1.00267
2.06415
1.35573
1.05513
1.02141
1.2406
1.02726
1.52511
1.56631
1.56225
1.19038
1.29796
1.04398
1.00196
1.21175
1.06147
2.13007
1.00632
1.01903
1.15318
1.00228
1.58935
1.26548
1.35586
1.23353
1.20824
1.15435
2.10418
1.3964
1.00489
1.45584
1.4437
1.16569
2.02557
1.36
1.20002
1.1662
1.42138
1.36422
1.29469
1.00455
1.21331
2.04275
1.00614
1.46136
1.17113
2.12779
1.03204
1.15551
1.20634
2.37385
1.09922
1.02099
1.11042
1.11744
1.00435
1.30183
2.23106
6.25938
1.22166
1.06263
1.18438
1.17788
1.53864
1.16737
1.06808
2.1324
1.087
1.28616
2.4626
1.20741
1.07474
2.00781
4.7301
1.11523
1.11979
1.00911
1.05928
1.05983
1.57849
1.25337
1.02069
1.06618
1.37779
1.1234
1.00071
1.09747
1.36993
3.23026
1.7554
1.20537
1.51016
1.40524
1.08971
1.4603
1.20381
1.65787
1.08669
1.01305
1.26743
2.2179
1.80571
1.12236
2.4195
1.21409
1.00354
1.72122
1.51377
1.20832
1.11074
1.65087
1.10186
1.12525
1.88052
1.89683
1.10025
1.60578
1.02107
1.18181
1.27648
1.08026
3.31347
1.77907
2.05204
1.08637
1.96204
1.05417
1.57443
1.3053
1.48222
2.21481
1.23922
1.08461
1.75586
1.01521
1.49191
1.06118
1.41767
1
1.10236
1.41379
1.08519
1.09497
1.03765
1.04117
1.15379
1.48863
1.18917
1.64942
1.06233
1.12013
1.24204
1.03275
1.26669
1.04965
1.06266
1.03817
1.0625
1.04125
4.24098
1.5479
2.26131
1.21359
1.07039
1.09652
1.61514
1.06669
3.04803
1.07102
1.19839
1.13363
1.19067
1.08632
1.32906
1.13806
1.04362
1.39819
1.34524
1.58349
1.13865
1.62205
2.0445
1.09528
1.36485
1.37976
1.20864
1.00824
1.04042
1.19424
1.20846
1.04971
1.05463
1.98925
1.06612
1.12387
1.01543
1.39579
2.04631
1.3643
1.14201
1.76475
1.12073
1.40217
1.21447
1.63592
1.32681
1.37915
1.0414
1.02756
1.30203
1.08149
1.59891
1.43865
1.10154
1.81571
1.16625
1.5893
1.22138
1.92746
1.09023
1.07128
1.54688
1.02928
1.1454
1.56192
1.1503
11.1909
1.3606
1.02015
2.8249
1.30535
1.28352
1.15298
1.4623
1.1977
1.49701
1.28182
1.01018
1.18977
3.40933
1.49907
1.57222
1.02441
1.81684
1.10795
1.31461
1.39494
1.2548
1.28193
1.37895
1.36129
1.203
1.02698
1.00791
1.03584
2.5818
1.12769
1.15168
1.26812
1.46094
1.06247
1.52054
1.13913
1.02128
1.09204
1.97386
1.74749
1.16854
1.80661
1.40586
1.00359
1.41802
1.439
1.24252
1.37765
1.23377
1.37597
1.18051
1.96452
1.22678
1.05862
1.39969
1.37518
1.61918
1.00941
1.45878
1.23055
1.76452
1.67447
2.17614
2.18467
1.1087
1.11034
1.19027
1.26574
2.4022
1.22157
1.76242
1.14028
1.09273
1.52819
1.20027
1.01875
2.37644
1.15015
1.38174
1.27951
1.05482
1.1157
1.18691
1.12049
1.02159
1.63168
1.02728
1.09733
1.19021
4.90269
1.19649
2.01143
1.85497
1.14218
1.07397
2.90746
1.17032
1.0883
1.01713
1.3458
1.83043
1.3159
2.24254
1.19384
1.04625
1.02185
1.03069
1.06413
1.69729
1.40037
2.15418
1.19559
1.11404
1.13176
1.0048
1.02988
1.08029
1.11616
1.94607
1.09591
1.02612
1.06708
1.08613
2.83551
1.3775
1.06534
1.11849
1.15623
1.49771
1.52036
1.93147
1.30694
1.79006
1.30192
1.03802
1.06015
1.06134
1.08632
1.23525
1.22022
1.44344
1.61077
2.38042
1.27921
1.03232
2.00469
1.01937
1.4683
1.00728
1.80085
1.713
1.18092
1.16417
1.19158
1.58548
1.24492
1.11067
1.03911
1.02327
3.20593
1.25992
3.17724
1.56763
1.11938
1.32245
1.1145
1.29024
1.02496
1.08886
1.3009
1.21282
1.30756
1.21075
1.21282
1.09343
1.17922
3.7453
1.0496
1.45513
1.63229
1.28593
1.19311
1.29085
1.16511
2.24984
1.15626
1.08916
1.32064
1.00164
1.24993
1.57634
1.07924
1.65472
1.45865
1.22233
1.27725
1.3265
1.44626
1.26424
1.04631
2.01077
1.03846
1.09303
2.21758
1.06164
1.40386
1.04636
1.04946
1.37813
1.11184
1.6925
1.54864
1.25429
1.28574
1.17119
1.07903
1.3165
1.25327
2.59191
1.32278
1.75446
1.0891
1.2056
1.17401
1.18705
2.38802
2.24967
1.01483
1.00581
1.44176
1.0264
1.58547
1.41386
1.02114
1.04595
1.23374
5.70437
6.04584
1.34889
1.77465
1.15051
1.8111
1.25493
1.42623
1.46709
1.17768
1.35491
1.49038
1.16533
1.06821
1.47083
1.36191
1.37785
1.33583
1.21084
1.8271
1.23474
1.13086
1.24386
1.00161
1.14939
1.17462
1.50134
1.14954
1.16445
2.36783
2.12551
1.06066
1.12113
1.32335
1.03401
3.15392
1.43501
1.25811
1.06838
2.22055
1.56333
1.06932
1.14007
1.0129
2.20636
1.08186
1.18986
2.36331
1.21673
2.74082
1.25841
1.45809
1.88893
1.32631
1.76857
1.28318
1.14198
1.443
1.09888
1.17088
1.16277
1.05675
1.64264
1.54432
1.2527
1.00847
2.30943
1.13283
1.63721
1.15092
1.16301
1.00007
1.31651
1.52488
1.81863
1.37694
1.26936
1.04669
3.16225
1.07432
1.08714
1.03904
1.05252
1.1728
1.03174
1.31808
1.06898
1.21289
1.13914
1.22445
1.93506
1.079
1.16211
1.66174
1.129
1.08227
1.04342
1.71295
1.0357
1.19569
1.48446
1.07859
1.03181
1.16612
1.30827
1.14686
1.00863
1.00962
1.43589
1.3053
1.25842
1.86767
1.09675
1.72438
1.01148
2.36801
2.56026
1.22899
1.39196
1.42879
1.25419
1.26551
1.19961
1.02846
1.28688
1.34484
1.05441
1.04677
1.35665
1.89862
1.83869
1.75347
1.51111
1.2532
1.29044
1.12941
1.31602
1.16762
1.07395
1.22472
1.04531
3.20478
1.69609
1.16997
1.91081
1.08299
1.12722
1.08591
1.13428
1.83887
1.14434
1.03408
1.04765
1.1471
2.94239
1.82957
1.38795
1.16753
1.07021
1.08944
1.3308
5.11928
1.15358
2.00093
1.17791
1.33601
1.23275
2.10015
1.15885
1.18297
1.22536
1.28109
1.1898
1.03194
1.28305
1.30143
1.12789
1.04689
1.11083
1.26848
1.71341
1.16779
1.20497
1.13122
1.39267
1.19195
1.52871
1.11716
1.02823
1.05507
1.5104
1.00766
1.30585
1.09304
1.10084
1.12265
1.68761
1.25212
1.06233
1.59601
1.2312
1.45518
1.39794
1.02841
1.36102
1.5026
1.80767
1.39929
1.97313
1.09366
1.22758
1.57977
1.03579
1.33046
1.27139
1.38528
1.15892
1.00518
1.38882
1.26022
3.46698
1.06479
2.1331
1.36976
1.19843
1.88883
1.4463
1.39647
1.24599
1.16707
1.657
1.40986
1.7037
1.06901
1.12664
1.09795
1.20325
1.28143
1.6032
1.20888
1.44328
1.34802
1.12998
1.24031
1.37536
1.5422
1.07099
1.70775
1.07186
1.01202
1.09156
1.73769
1.75247
1.02491
1.02908
4.78421
1.04103
1.02614
1.1309
1.12973
2.06676
1.28841
1.15495
1.5133
1.08318
1.00704
1.28011
1.13331
1.24669
1.87414
1.13341
1.24813
1.143
1.01605
1.00137
1.42376
1.48666
1.23168
1.1732
1.80059
1.61867
1.01054
1.66345
1.1213
1.05724
1.5151
1.14425
1.12787
2.56364
1.69067
1.02885
2.06691
2.03232
1.20761
1.65042
3.10579
1.03375
1.23812
1.07198
1.01888
1.78513
1.12315
1.39077
1.45584
1.15811
1.19005
2.51123
1.28169
1.31977
1.63599
1.26427
3.13435
1.23038
1.50886
1.27224
1.22083
1.21265
1.36739
1.2414
1.74721
2.36844
1.31605
1.37427
1.05617
1.75993
1.02259
1.15667
1.13608
1.40987
2.10281
1.09753
1.08542
1.10174
1.18756
1.31674
1.0615
1.22036
1.54554
1.18305
1.07167
1.10143
1.13478
1.83512
1.20978
2.71951
1.35126
1.1153
1.25858
1.50737
1.90085
1.24783
1.02068
1.51454
1.36177
1.28293
1.50313
1.09649
1.12717
1.22911
1.13345
1.18152
1.61197
1.64209
1.24164
2.04295
1.16624
2.97418
1.0482
1.13058
1.25606
1.47323
1.77797
1.06561
1.18816
1.77404
1.30499
1.05416
1.08237
1.00614
1.24051
1.26926
1.04928
3.27361
1.00927
1.02449
1.08386
1.1237
1.22485
1.92967
1.04589
1.4507
1.00789
1.07254
1.55457
1.78062
1.09594
1.46261
1.11573
1.03924
1.03021
1.01613
1.94082
1.71979
1.95835
1.16696
1.69789
1.04986
1.0251
1.02134
4.32069
1.55311
3.92361
1.35236
6.81122
1.09744
1.65614
1.18459
1.28366
1.08081
1.86613
1.11996
1.25339
1.20155
1.0272
1.12912
1.16693
1.16919
2.05018
1.09107
1.08314
1.03043
1.25156
2.97389
1.4478
2.14559
2.28221
1.69105
1.84923
1.10706
1.09998
1.665
1.01265
1.60886
1.28404
2.05604
1.36369
1.31043
1.06519
2.17528
1.12105
1.04271
1.00611
1.79356
1.19913
2.0085
1.95522
1.39655
1.34485
2.07632
1.85951
1.79336
1.12265
1.21453
1.10517
1.35998
1.19751
1.25019
1.24839
4.59598
1.42612
1.58214
1.20412
1.83116
1.28466
1.00105
1.30181
2.53209
1.14884
1.17889
1.01273
1.18312
1.08337
1.06406
1.03096
1.00683
1.23474
1.00306
1.19838
1.75001
1.34693
1.36762
1.08156
1.02067
1.89352
1.15882
1.50813
1.18363
2.01071
1.31802
2.46836
3.96163
1.13106
1.65804
1.07265
1.63484
1.91541
1.17329
1.02075
1.01554
1.29871
2.26258
1.75705
1.21612
1.20035
1.0261
1.69024
1.29856
1.52968
1.53682
1.44889
1.02239
1.57708
1.12187
1.52765
1.85649
1.00357
1.03803
1.03852
1.08929
1.04135
1.71272
1.38968
1.07368
1.00725
1.52237
1.50179
1.28467
1.07245
1.14139
2.00176
1.21106
1.83862
1.42412
1.189
1.9449
1.23111
1.04558
1.05869
1.01511
1.28341
1.41898
1.02102
1.35864
1.40759
1.59112
1.81574
1.04997
1.47611
1.62415
2.52607
1.4167
1.36463
1.30034
1.02019
2.09466
1.15294
1.54437
1.52344
1.05197
1.1493
1.51602
2.26307
1.10332
1.26515
2.13724
1.19026
2.04074
1.37461
1.2233
1.17762
1.21371
1.29709
1.41165
1.00275
1.17805
1.02964
1.76793
1.62646
1.44085
1.58214
1.21116
1.07431
1.27153
1.14328
1.36177
1.97043
1.31944
1.11439
1.58655
1.68766
2.0213
1.06677
1.09301
1.10279
1.2909
1.72975
1.85674
1.34228
1.68758
2.90565
1.26446
1.07055
1.15946
1.66116
1.28699
1.51296
1.35664
1.07553
1.20573
1.3262
1.47757
1.27547
1.28826
1.06848
1.11628
1.00247
2.47233
1.33385
1.0843
1.07814
2.32132
1.98436
1.20282
1.02144
2.11376
1.21576
1.84698
1.34488
1.40138
1.56917
1.03482
2.57286
1.70472
1.18712
1.1653
1.05158
1.72061
1.75239
2.06123
1.00971
1.03441
1.06996
1.08706
1.01437
1.26319
1.02914
1.22129
1.0959
1.01494
1.43818
1.18563
1.05322
1.36442
1.99003
1.64209
1.38971
1.66427
1.02965
1.69182
1.7557
1.08603
1.70743
1.39888
1.28384
1.07044
1.14695
1.15156
1.20335
1.02118
1.15379
6.49601
1.66299
1.10587
1.18569
1.57998
1.24005
1.15709
1.29935
1.48448
1.10382
1.00019
1.39457
2.75047
1.0498
1.47652
1.15276
1.10411
1.64192
2.03676
1.0114
1.02924
1.13189
1.16867
1.38766
1.0291
1.07901
1.02664
1.57016
1.14605
2.06868
1.39222
1.42362
1.58087
1.30324
1.21659
2.07931
1.78892
1.02527
1.21777
1.17323
1.67065
1.01223
4.69853
1.15895
1.25527
1.27143
1.43558
1.21604
1.18492
1.09444
2.96211
1.12042
1.42733
1.01312
1.13067
1.05653
1.37035
1.59463
1.52225
1.024
1.44842
1.46444
1.21852
1.01775
1.65033
1.4066
1.00835
1.14929
2.94708
1.02424
1.52497
1.00343
1.08034
1.39457
1.11798
1.03594
1.16911
1.07636
1.60981
1.3618
1.20311
1.93053
1.02404
1.20132
1.93472
1.03291
1.05316
1.09899
1.54339
1.9484
1.06778
1.22218
1.00393
1.65618
1.04846
4.06194
1.06123
1.08898
1.11511
1.42411
1.21997
2.67189
2.03693
2.61461
1.02093
1.06999
1.9234
1.1461
1.35007
1.81969
1.69769
1.31716
1.12118
1.3009
1.79752
1.2772
1.15152
1.62019
2.0235
4.79413
1.03555
1.29287
1.14004
1.18601
1.40832
1.01583
1.18246
2.15364
1.00021
2.05612
1.75503
1.12608
1.262
1.18982
1.23654
2.12322
1.10444
1.23852
1.33777
1.09908
1.46588
1.02223
2.19152
1.06783
2.37237
1.10894
1.64156
1.22955
1.10909
1.13524
1.02974
1.53471
1.08267
3.13147
1.31369
1.27498
1.02569
2.15224
1.12404
1.51805
1.00421
1.55528
1.96051
1.05664
2.26987
6.01372
1.089
3.17585
1.61786
1.09297
1.80499
1.70423
1.89744
1.30379
1.12251
1.25305
3.04183
1.02646
1.16305
1.22972
1.05501
2.95453
1.11643
1.11991
1.16808
1.54673
1.32249
1.27856
2.68932
2.49289
1.05461
1.10428
1.37654
1.36097
1.61748
1.25981
2.56223
1.12566
1.74346
1.04359
1.71004
1.96632
1.26838
1.02069
1.30508
1.14451
2.79762
1.18704
1.19352
1.04574
1.02276
1.88653
1.10112
1.67074
1.01133
1.08507
1.29159
1.08304
1.05843
1.01717
1.5503
1.20224
3.88619
1.08567
1.27614
1.58063
1.35445
2.38674
2.11519
1.64292
1.32099
1.17962
2.20859
1.05293
2.58692
1.1658
1.19486
1.205
1.77884
1.23263
1.14062
1.31671
2.43387
1.28411
1.04183
1.65232
1.13873
1.50231
1.85631
1.17739
1.71209
1.0247
1.59531
1.45336
2.35606
2.06922
1.09068
1.55421
1.0896
1.3616
1.03539
1.21261
1.51036
1.4432
1.07723
1.25692
1.33071
1.05742
1.17739
2.05618
1.18535
1.14258
1.52941
1.17667
1.35428
1.06886
1.01438
1.43144
1.16813
1.91272
1.1348
3.07717
1.48039
1.09346
1.39089
4.56038
1.20076
1.01108
4.53724
1.00983
1.15284
1.01617
2.07821
1.10545
1.35021
1.92668
1.37832
1.03533
1.81558
1.23793
1.00382
1.30486
1.08568
1.06556
1.29908
1.15567
1.3299
2.095
1.17466
1.00014
1.30971
1.33583
1.07197
1.10308
1.0914
1.39003
2.35864
1.45563
5.90335
1.82794
1.30671
1.44503
1.98037
1.004
1.06776
1.3222
2.86803
3.39089
1.38912
1.47874
1.20627
1.53335
1.02609
1.32087
1.00548
1.12282
1.8378
1.19043
1.06491
1.04982
1.12716
1.1465
1.26157
1.07869
1.49771
1.37647
2.25266
1.28827
1.1517
1.56116
2.3004
1.02368
1.6939
1.93562
1.7237
1.25474
1.55607
2.33669
1.44508
2.17651
1.08156
1.155
1.54272
1.03354
3.39651
1.03237
1.8899
1.53456
1.22312
1.29559
1.21814
1.10613
1.31716
3.79765
1.45171
1.46154
1.17999
2.02505
1.13203
1.32805
1.27184
1.21762
1.02775
1.2918
1.01771
1.42602
1.43113
4.46402
1.03793
2.73215
1.16621
1.24337
1.36872
3.16007
1.15565
1.59695
1.45226
1.16181
1.29161
2.60626
1.11164
1.22142
1.31242
1.02614
2.0124
1.02008
1.30379
1.12404
1.00768
1.56862
1.40347
3.0692
1.1988
1.62833
1.10909
1.56731
1.16181
1.1072
1.37188
1.23994
1.10057
1.11536
1.57319
1.32456
1.05353
1.05405
1.69685
1.00905
1.02864
1.04189
1.58242
1.60567
1.29315
1.68718
1.41321
1.97786
1.25551
1.25363
1.5345
1.02039
1.44402
1.27861
1.05619
1.69667
1.91808
1.06058
1.28098
1.28298
1.09639
1.4539
1.00677
1.07483
1.09207
1.2927
1.58185
1.84631
1.59865
1.1533
1.53516
1.53444
1.17385
1.28424
1.1698
1.17696
1.72014
1.4981
1.50734
1.30047
2.50352
1.02479
1.25154
1.01959
1.78092
1.74819
2.47333
3.29242
1.59955
1.10218
1.04782
1.18296
1.03211
1.00882
1.09315
1.06616
1.16572
1.58014
1.33121
1.81512
1.64328
1.66537
2.73664
1.14236
1.34122
1.01516
1.10603
1.20598
2.12504
1.22125
2.38892
1.22183
2.73109
1.01171
1.04726
3.60577
1.80128
1.71259
1.0321
1.17899
2.76606
1.02106
1.43494
1.07173
1.7485
1.18136
2.36762
1.03497
1.30432
2.58754
1.21788
3.49189
1.3445
2.4584
1.85819
1.10663
1.00768
1.778
1.07712
6.42587
1.3995
1.08033
1.1353
1.24865
1.471
1.97846
2.47571
1.17505
1.31508
1.27306
2.12551
2.04553
1.38997
1.02305
1.84341
1.62919
1.39016
1.98121
1.18948
1.51342
1.21173
1.1124
1.1729
1.97145
2.8511
1.02925
1.3627
1.70228
1.20398
1.74713
1.47281
1.40549
1.30727
1.13942
1.03159
2.28307
1.44495
1.47059
1.06262
1.37831
1.2785
1.04796
1.38997
1.5181
1.39594
1.15318
1.06771
1.04856
1.06649
1.39078
1.63515
1.24378
1.07351
1.26437
1.14523
1.22598
1.17192
1.70923
1.88297
3.28842
1.06252
1.68277
1.31294
1.31762
1.59067
1.51348
1.07868
1.06392
1.12693
1.10773
1.2937
2.55925
1.24332
1.71906
1.04761
1.0028
1.55931
1.35177
1.21528
1.05683
1.44138
1.01825
1.04455
1.38366
1.29679
1.38209
1.38378
1.00624
1.90685
1.68723
1.09189
1.43844
1.08507
1.32682
1.86457
1.12126
2.04347
1.30353
1.80932
2.00283
1.21089
1.33546
1.25376
2.22549
2.22491
1.39434
1.02186
1.08002
1.04519
2.02125
1.05317
1.17025
1.2927
1.08435
1.04832
1.90966
1.09502
1.9292
1.21895
1.28626
1.14802
1.16727
1.04835
1.47413
2.65369
1.46636
1.12557
1.21669
1.17235
1.13283
3.05811
1.60243
1.57967
1.18085
1.32237
1.03986
2.0305
2.50842
1.04733
1.12172
1.48948
1.3649
1.00055
1.28586
1.84479
1.15092
1.27056
2.0044
1.2646
1.30675
1.32322
1.04032
1.19322
1.63965
1.26902
2.11914
1.21161
1.37122
1.27475
1.59855
1.06141
1.22038
1.11146
1.70842
1.01222
1.01069
1.21966
1.20764
1.29155
1.21217
1.00145
1.33833
1.6653
1.57147
1.0301
1.08272
1.88007
1.14875
1.79995
1.02845
1.11373
1.12428
1.01497
2.06385
1.69241
1.20801
1.36278
1.17982
1.24043
1.04421
1.0723
1.13336
3.2462
1.10566
1.07051
1.65673
1.03333
2.45466
1.20318
1.3497
2.30283
1.82195
1.00378
1.14157
1.13509
4.68919
1.25215
1.06503
1.38448
1.21574
1.07242
1.19012
1.10708
1.23391
1.52585
1.0117
3.5847
1.60821
1.55021
1.28443
1.43921
2.02478
1.10084
2.16256
1.20297
1.63183
1.17778
1.83696
1.86763
1.18374
1.14495
1.05843
1.03296
1.20663
2.55793
1.10852
2.32757
2.10464
1.01513
1.00994
1.13725
1.82425
1.93737
1.49437
1.49423
1.37012
2.07865
1.20743
1.40472
1.36633
1.10458
1.39988
1.22155
1.11032
1.64868
1.00826
1.32518
1.00388
1.03916
1.18875
2.52471
1.37885
1.03823
1.51296
1.30141
1.27014
1.12602
1.8427
1.98994
1.74787
1.26883
3.1205
1.12585
1.25779
1.08013
1.05347
1.05851
1.52868
1.80747
1.60438
1.00515
1.10285
1.12164
1.26462
1.29422
1.04627
2.00038
1.00479
1.31658
1.56859
1.03137
1.29051
1.46069
1.08751
1.7363
1.24085
2.37723
1.03038
2.67594
1.36025
1.52816
1.3248
1.42218
1.27351
1.10181
1.11556
1.2241
1.09252
1.06046
1.47688
1.1289
1.29792
1.77493
1.09887
1.45102
4.48772
1.22231
1.01135
1.27481
1.44717
1.12023
1.82153
1.06059
1.1588
1.1111
1.11655
1.14715
1.5614
1.18598
1.30383
1.05815
1.16464
1.2835
8.46125
1.18243
1.03012
1.02308
1.05616
1.6301
1.36147
1.14894
1.09313
2.55944
1.86932
1.24773
1.04504
1.10829
1.1362
1.23402
1.2125
1.82252
2.04454
1.14783
1.2608
1.19492
1.05423
1.13726
1.23538
1.18865
1.91254
1.21922
1.27891
1.51124
1.03505
1.90238
1.17609
4.67373
1.62708
1.30554
1.37817
1.72508
1.39053
1.91694
1.30061
2.37161
1.21458
1.10454
1.09592
1.10957
1.28366
1.04258
1.8433
1.13077
1.69282
1.57428
1.10366
1.54799
1.05539
1.50125
1.14625
1.0357
1.03042
1.11184
1.35391
1.46339
1.02475
3.63707
1.02329
3.15258
1.42271
1.07006
1.03589
4.24668
1.04995
2.16974
1.17041
2.31934
1.11524
1.17553
1.17593
1.28428
1.03452
1.71082
1.13819
1.04504
1.6475
1.15309
1.63471
1.43763
1.62581
1.18427
1.50839
1.87037
1.39726
1.06212
1.01205
1.01441
1.78795
1.41998
1.0007
2.42505
1.08388
1.96483
1.75049
1.17892
1.46115
2.31048
1.15061
1.69733
1.08987
1.07238
1.4535
1.40449
1.18847
1.02769
1.23251
1.02629
1.7454
2.22572
1.3534
1.18467
1.60854
1.01661
1.87819
2.24697
1.49112
1.08635
1.24273
1.38326
1.42985
1.13192
2.6516
1.13498
1.64871
1.18142
1.31687
1.35429
1.35241
1.20617
2.37846
1.12981
1.60777
1.07369
1.2986
1.15008
1.66523
1.85107
1.30675
1.99758
1.39466
1.00764
1.01633
1.03239
1.59945
1.07956
1.65842
1.05877
1.19823
4.47628
1.78506
1.04029
1.83181
2.4601
1.10122
1.46605
1.02411
2.53757
1.27184
2.01009
1.06629
1.18763
1.5299
1.37534
1.0214
1.16039
1.158
1.94885
1.66482
1.08552
1.50426
2.24887
2.22548
1.2045
2.61283
2.21333
1.1587
1.01363
1.22779
1.26173
1.1062
1.0228
5.50614
1.08504
1.19471
1.12819
2.9452
1.98394
1.98999
1.29609
1.25044
1.57599
1.31079
1.14406
1.26315
1.0051
1.05788
1.24161
2.05134
1.24495
1.10836
2.73851
1.46183
1.01105
2.42756
1.0171
1.28004
2.71596
1.0268
1.01886
1.17898
1.2697
1.09393
1.25293
1.11614
1.9643
7.2118
1.2375
1.0296
1.48788
1.07459
1.24234
1.18918
1.2359
1.12469
1.04312
1.46761
1.31806
1.24217
1.0405
1.10173
1.43845
1.17756
1.18794
1.30727
3.27037
1.26301
1.01887
1.19845
1.25343
1.21786
2.2535
1.12733
1.23314
1.17683
1.06432
1.03452
1.09402
1.20071
1.10588
1.30987
1.29234
1.69438
5.9116
1.47504
1.58914
1.2974
1.76288
3.70941
1.18975
1.96895
1.35425
1.01592
1.46531
1.2824
1.70592
1.79071
1.05079
1.0059
1.45977
1.37296
1.99435
1.03737
2.11555
1.69546
1.17479
1.06261
1.88705
1.82014
1.12684
1.3335
1.07972
1.24602
1.27301
1.50584
1.60404
1.72081
1.30732
1.97728
1.69259
1.03514
1.13202
2.59248
2.05935
1.37879
1.12955
1.46416
2.58614
3.57591
1.05493
1.24065
1.14553
1.28657
1.32947
1.06715
1.13105
1.14147
1.12437
1.29934
1.92627
1.07204
1.10221
1.36086
1.37335
1.80424
1.32847
2.44447
3.38119
1.02642
1.05397
1.28724
1.04139
1.79025
1.00804
1.55257
1.15329
1.19419
1.74207
1.32673
1.1166
1.0821
3.14442
1.26702
1.7793
1.0072
1.17736
2.09663
2.0429
1.04297
1.77893
1.09622
1.56695
1.02155
1.90593
1.17965
1.24597
1.52925
2.1419
1.11542
1.06683
1.0662
1.08724
1.15196
1.07143
1.04591
1.73852
1.0012
1.04623
1.23009
1.04236
1.46468
1.70982
1.58531
1.48154
1.03506
1.00171
1.07003
2.29773
1.30981
2.43397
1.173
1.12495
1.02314
1.12998
1.6465
1.18482
1.0647
1.01331
1.31888
2.90265
1.23283
1.00986
1.1308
2.13177
1.92891
1.09718
1.77337
1.21368
2.22355
2.39124
1.24131
1.49707
1.01321
1.13606
1.41095
1.10887
1.06017
3.93157
1.50894
1.56979
1.16521
1.25117
1.27199
1.12507
1.09529
1.02753
1.78827
2.30696
1.68753
1.11502
1.15363
1.64414
1.63824
1.05031
1.09164
1.14511
1.02607
1.14755
4.7962
2.53409
1.42234
1.09301
1.32371
1.02014
1.00213
1.0563
1.32012
1.04878
1.383
1.57501
1.06984
1.03704
1.03298
1.06024
1.10308
1.45285
1.11359
1.10425
1.11858
1.72125
1.09681
3.79367
1.34819
1.06277
1.03908
1.00334
1.09246
1.22194
1.38904
1.20963
1.08319
1.73291
1.15533
1.81582
1.40937
1.043
1.18949
1.6797
1.28651
1.03251
1.29819
1.95298
1.18745
1.82437
1.46373
1.07608
1.47055
2.15267
3.31717
1.59826
1.29846
1.27308
1.12636
1.19403
1.29187
2.01143
1.0086
1.01514
3.14552
1.21286
1.33798
1.09874
1.01206
1.1484
1.32116
1.01379
1.05949
3.64839
2.13672
1.17792
1.12035
2.10275
1.40387
2.01633
1.49715
1.03686
1.08111
2.82507
1.59005
1.6283
1.17169
1.65172
1.24317
1.05503
1.03602
1.09856
2.377
1.27109
1.65175
1.23257
1.07221
1.50239
1.31278
1.10097
1.07434
1.17006
1.1635
1.01363
2.04398
1.18554
1.22929
1.2492
1.92223
1.00472
2.38858
1.06936
1.15918
1.26416
1.36984
1.06038
1.94987
1.02064
1.08971
1.0811
2.30841
3.6549
1.28442
1.94781
1.00248
1.50507
1.36995
1.07236
1.16027
1.44828
1.30606
1.31976
1.14438
1.10447
1.66
1.39852
1.6704
5.23491
1.89925
1.20558
3.17506
1.18551
1.43247
1.43816
2.02354
3.62895
1.64419
1.40453
1.01088
1.07902
1.06142
1.43159
1.02683
1.03183
1.24096
1.18949
2.64507
1.2453
2.21742
1.06125
1.07378
1.03851
1.39379
1.06716
1.00941
1.50391
1.1119
3.63419
1.48593
1.11695
1.11696
2.01014
1.97314
1.33468
1.14874
1.07537
1.12893
1.03068
1.9534
2.85392
3.38369
1.98143
1.24658
2.0485
1.56671
1.54262
2.62248
1.04979
4.17639
1.01218
1.01634
1.08442
1.93281
2.80965
1.01445
1.03064
1.16509
2.57958
1.25074
1.26831
1.85518
1.14893
1.03741
1.3859
1.33748
1.2665
1.04667
1.05115
2.34343
1.07698
2.59874
1.08514
1.88832
1.3017
2.60189
1.27918
1.08966
1.29336
1.36728
1.04695
1.12872
1.15319
1.24893
1.06819
1.30241
1.19455
1.16838
1.15082
1.52994
1.58149
1.02767
5.0478
1.16081
7.11686
1.23203
1.45613
2.98535
1.67715
1.00547
1.1312
1.27435
1.13726
1.38053
1.6797
1.03013
1.39424
1.58339
1.09099
1.49321
2.44866
1.65746
1.00137
1.02714
1.12043
1.025
1.08267
1.31983
2.01638
1.08043
1.36392
1.07163
1.07764
1.71112
1.06237
1.90345
1.03903
1.39992
1.00863
1.72372
2.22705
1.03624
2.01191
1.31769
1.24572
3.39769
1.24355
1.74631
1.47556
1.74334
1.06753
1.21503
1.00319
1.49944
1.33228
2.5544
1.63348
1.59952
1.78391
1.08707
1.68031
1.21584
2.08249
2.8612
1.67759
3.13609
1.08638
1.03821
1.68711
1.37165
1.07848
2.77935
1.88995
1.06436
1.11357
2.73453
1.10413
2.11221
1.25588
1.13518
1.00581
1.57694
1.10136
1.00983
1.72431
3.99188
1.02062
1.33478
1.49289
2.10166
1.44848
1.0699
1.30037
1.06458
1.01682
1.26952
6.43263
1.21284
1.30666
1.11595
1.80956
1.11461
1.04952
1.30764
1.25506
1.61079
1.96587
1.37744
1.10839
1.24478
1.26447
1.08223
1.20377
2.28537
1.04289
2.12226
1.20811
1.17963
3.25787
1.33624
1.19706
1.09897
1.06603
1.15728
1.62272
1.39356
2.02297
1.14426
1.38262
2.40015
1.27388
1.02133
1.08899
3.55284
1.31087
1.18727
3.25048
1.00727
2.5059
1.28996
1.55016
1.17071
1.06795
1.31081
1.13571
1.4971
2.09995
1.55567
1.44252
1.63384
1.45128
1.00398
1.47329
1.11697
1.45442
2.9399
1.04757
1.70285
2.53978
1.09233
1.14473
2.46069
1.38128
1.20359
1.37792
1.12656
1.07747
1.14905
1.59804
1.41351
1.05104
1.27734
1.85359
1.39492
1.10902
1.17457
1.03659
2.92503
1.39556
1.07616
1.1059
1.53299
1.49826
1.19506
2.03992
1.57554
2.2962
1.16287
1.16113
1.00003
1.00503
1.10146
4.42242
1.44565
1.50292
1.18975
1.28588
1.95309
1.034
3.24031
1.0897
1.06196
1.15257
1.01695
1.27801
1.31344
1.02099
4.39869
1.13614
2.61352
1.73631
1.6122
1.61546
2.01888
1.69951
2.6455
1.18465
4.61901
1.19669
1.08043
1.04666
2.60907
1.11221
1.00978
1.42192
1.10164
1.19323
1.02842
2.5974
1.4211
1.07527
1.05333
1.1315
1.18549
1.37416
1.27646
2.89621
1.53151
1.10822
1.06366
1.41784
1.8838
1.20826
2.15651
1.17413
1.84408
1.23158
1.42649
1.06149
1.36513
1.26498
1.03479
1.49938
1.30872
1.17096
1.01936
1.00623
1.32406
1.08878
1.37845
1.97454
1.5513
1.21681
1.14359
1.15003
2.22508
1.20531
1.53492
1.03576
1.28039
1.34707
1.12233
1.47911
1.65937
1.92043
1.04275
1.28735
1.07662
1.01526
1.30566
1.41371
1.26606
1.04376
3.37321
1.16514
1.04342
1.28159
1.02305
1.20143
1.27448
1.5655
1.18012
1.49261
1.20067
1.01038
1.0884
1.12647
1.05585
1.03324
1.61586
1.11913
1.03555
1.04396
1.30043
1.25505
2.06224
1.49855
1.71501
1.0181
1.033
1.07726
1.31035
1.10296
1.10478
1.50662
1.73122
1.01033
1.25291
1.19948
1.31643
1.13304
1.15371
1.27748
1.39228
1.11924
1.1168
1.10094
1.08919
1.30938
1.02041
1.13414
1.87591
1.21388
1.40316
1.41163
2.2119
1.01452
1.58853
1.85799
2.08873
2.33548
1.40904
1.01696
1.07027
1.17958
1.29614
1.20409
2.11649
1.58897
1.22697
1.06765
1.00337
1.14582
1.51206
1.01568
1.34632
1.37308
1.13459
1.08845
1.06049
2.31666
1.29546
1.3506
1.40661
1.87257
1.03375
3.07426
1.08956
1.11922
1.01599
1.42806
1.02113
1.1323
1.03159
3.48976
1.14874
2.13413
1.10116
1.06518
1.56692
1.92271
1.4695
3.92014
1.05878
1.20481
2.29681
1.17504
1.15602
1.07587
1.87975
1.44443
1.72955
1.65764
1.92395
1.95315
2.81461
1.66834
1.41789
1.36247
1.11904
1.06329
1.3096
1.53673
2.15503
1.76422
2.16396
2.23632
1.05239
1.08175
1.67122
1.26277
1.52242
1.00796
1.4574
1.14502
1.58967
1.43327
2.07784
1.27718
1.17726
1.38576
1.41915
1.66771
1.29132
2.8932
1.52564
2.04178
1.20167
1.03371
2.08397
1.01823
1.09543
1.45995
5.59445
1.60081
1.36524
2.77631
1.00717
1.07201
1.15015
1.34506
1.15461
1.06041
1.08701
1.11016
1.05482
1.57549
1.11821
1.44776
1.56835
1.37962
1.31136
1.19945
1.0839
1.32681
1.15659
1.04307
1.60924
1.06922
4.54031
1.24307
2.44388
1.04064
1.43805
1.16236
1.32939
1.03719
1.15246
2.35705
1.23653
3.01522
1.23343
1.02888
1.15156
1.48597
2.37785
1.32931
1.1054
1.30007
1.03061
1.34379
1.06961
2.49475
1.39603
1.45907
1.22955
2.36598
1.19896
3.39243
1.40396
1.07897
1.1299
1.64807
3.05409
1.61663
1.84083
1.63521
2.49519
1.13389
1.04024
1.20822
1.21163
5.15115
1.4008
1.03933
1.14382
1.26627
1.88531
1.24312
1.23495
1.45172
1.04121
1.25904
1.07357
1.14832
1.08406
5.39117
1.78036
1.31551
1.14711
1.05586
1.75051
1.55504
1.00576
1.1133
1.12634
1.37818
1.02129
4.47456
1.18186
1.5317
1.51725
1.42545
1.83452
1.19826
1.34517
1.11174
1.22854
1.49137
1.04344
1.20593
1.09173
1.14212
1.26843
1.12227
1.80364
1.01433
1.65886
1.1549
1.02863
1.63342
1.14744
1.14907
1.28002
1.10336
1.19319
1.59889
1.05678
1.03207
1.17052
1.25301
1.30246
1.17496
1.55265
1.42158
1.29335
1.37169
1.34825
1.39589
2.70155
1.04683
1.18865
1.07794
1.03856
1.36106
4.25062
1.94977
1.70527
3.0232
1.18403
1.94885
1.03553
1.02916
1.26575
1.29771
2.39325
1.11881
1.53382
1.08246
1.20356
1.10077
1.01562
2.56814
1.04776
1.74576
1.73501
1.48754
1.04208
2.19223
1.84152
1.00809
1.09983
1.28112
2.05132
1.66407
1.84144
1.23386
1.35998
1.02239
1.0687
1.37123
1.13496
1.21777
1.32892
1.50164
1.10214
1.45727
3.63057
1.33992
1.18277
1.08041
2.01482
1.2206
1.01496
1.17209
1.62029
1.01196
1.02161
3.31116
1.14499
1.16204
1.17162
1.02415
1.58647
2.02095
1.28652
1.64047
1.49909
1.76842
1.2264
1.03595
1.01488
1.7978
1.05057
1.11554
1.12256
1.1356
1.56622
1.21257
1.18122
1.54608
1.60471
1.04185
1.45794
1.22569
1.01688
1.13313
1.49561
1.63441
1.01855
1.97054
1.0968
1.96085
1.46722
1.09158
1.53304
1.18849
1.04014
1.43223
1.65232
1.00659
1.11775
3.06368
1.15596
1.09536
1.12203
1.01673
1.05759
1.10164
1.02427
1.00911
1.10668
1.88438
1.08235
1.68056
1.08411
1.36145
1.13398
1.5672
1.01313
1.36075
1.1036
1.00509
1.70328
2.09196
1.15597
1.02799
1.01681
1.04052
1.74375
1.28114
1.11956
1.40567
1.59964
1.42525
1.24789
2.47119
1.2968
1.62758
1.43584
1.19843
1.0104
1.51305
1.3661
1.30771
1.26648
2.03051
1.2295
1.13534
1.45518
1.00829
1.24582
2.54399
2.71871
1.30165
1.09035
1.96864
1.2061
1.54946
1.01587
1.89968
1.24941
1.91088
1.1688
2.47426
1.54661
1.59359
1.16376
1.44901
1.95019
1.21329
1.22916
1.06649
1.82795
1.00098
1.33058
2.36785
1.02109
1.02014
1.22204
2.00246
2.13417
1.02735
1.26151
1.02349
1.69486
1.38669
1.15432
1.1208
1.11001
1.20876
1.32618
1.18354
3.50176
1.00313
1.26925
2.71186
1.27893
1.5004
3.47699
1.10604
1.12591
1.55035
1.1828
1.46314
7.11309
1.3098
1.13053
1.01088
1.88161
1.69828
1.05623
1.44728
1.09376
1.09986
1.4174
3.00976
1.30621
5.64246
1.15726
1.96025
1.32227
1.25876
1.08439
1.5047
1.21618
1.01363
2.12253
1.19933
1.2784
1.84867
1.02494
1.6422
1.26858
1.06593
1.38135
1.89803
1.12052
1.25964
1.63463
1.28153
1.11283
1.01292
1.08787
1.33636
1.50548
1.22426
1.34722
1.24747
2.78062
1.23736
1.97517
1.01766
1.06966
1.01434
1.0787
1.1151
1.05311
1.01813
1.29211
2.20508
1.00918
1.59148
1.55975
1.52883
1.32768
1.07803
2.06779
1.72917
1.20304
1.14922
1.03428
1.26772
4.57186
1.04638
1.68043
1.02302
6.69142
1.65007
1.12398
1.49644
1.08184
2.05295
1.21652
1.7971
1.41192
1.13996
1.33814
1.34232
1.20063
2.1411
1.42686
1.3937
1.7713
1.10569
2.80522
1.35759
1.25356
1.08012
1.46191
1.35464
1.03026
1.18959
1.21218
1.56901
1.02641
1.01869
1.67061
1.67759
1.19389
1.24176
1.01211
1.01683
1.09295
1.31276
1.01479
1.22663
1.05433
1.11452
1.09107
2.12064
2.42511
1.20897
1.66972
1.11962
1.56232
1.07289
1.0867
1.77738
2.75385
1.26043
1.16611
1.14763
1.07156
1.01217
1.01696
1.90351
1.12777
1.81874
1.14444
1.65958
1.51324
1.16608
1.48418
1.02492
1.45502
1.48544
1.19598
1.58004
1.42817
1.42383
1.03715
8.49854
1.98516
1.00995
2.36678
1.10091
2.03478
1.11232
1.0027
1.22803
1.36669
1.34686
1.03485
1.20098
1.85741
2.25634
1.12761
1.15966
1.42051
1.08788
2.50818
1.18473
2.24619
1.16576
1.35461
1.11857
2.11024
1.10034
1.0424
2.20306
1.05868
1.07435
1.18804
1.05148
2.61051
1.05518
1.24286
1.72382
1.0113
1.22187
1.11547
1.50163
1.23414
1.20025
1.89157
1.15821
1.15443
1.25234
1.03934
1.4951
1.07036
1.02266
2.13823
1.00426
1.02602
2.64428
1.60539
1.73461
1.02385
1.19651
1.04861
1.10443
1.11295
1.02168
1.33434
1.06301
4.71447
1.02854
1.05477
1.38906
1.58219
1.08257
1.27077
1.14949
2.07834
1.44922
1.91224
1.36006
1.09521
1.06838
1.0647
1.38652
1.19772
2.81044
1.95701
1.07652
1.04777
1.05797
1.03728
1.15167
1.35412
3.99471
3.84421
1.21565
1.09066
1.17597
1.12012
1.93552
1.07119
1.81096
1.42951
1.14703
1.23337
3.41773
1.59284
2.94296
1.1473
1.00175
1.56421
1.79663
1.49036
2.91938
2.70969
2.16129
1.40774
1.22059
1.13271
1.2559
3.72716
1.53661
1.69408
1.07155
2.27615
1.1247
1.03445
1.36391
1.0634
1.74153
1.11229
1.15312
1.3581
1.13473
1.00403
1.31483
1.14779
1.59887
5.91707
1.00325
1.24944
1.16589
1.06426
1.46004
1.56219
1.22521
1.02926
1.09138
1.22296
1.11155
2.99101
1.35382
1.43876
1.04175
5.27151
1.10297
2.54452
2.04794
1.03766
1.40108
2.23107
1.26104
1.02308
1.33843
1.14617
1.18878
1.2236
1.00126
1.04153
1.10061
1.17697
2.05913
1.21585
1.50621
2.55524
1.35478
1.06764
1.19216
1.05712
1.18377
1.24608
1.06383
1.66572
1.05694
1.15261
1.1474
1.1543
2.4881
2.14725
1.02815
1.5977
1.17518
1.01442
1.1083
1.68371
1.11826
1.78576
1.3776
1.56657
1.48848
1.14519
2.04401
1.35291
1.69217
1.19626
1.67928
1.74029
1.06143
1.28777
1.18535
1.97402
1.48462
1.03683
1.12954
1.06308
1.57033
1.25347
1.14911
1.42058
1.3793
1.12586
1.42835
1.03511
1.68867
1.18076
1.41295
1.05953
1.13065
1.14336
1.05013
2.0344
1.1068
1.20023
2.28383
1.43881
1.67442
1.03905
1.16816
1.01238
1.17947
1.01459
3.98574
1.10318
2.22372
1.01282
1.25238
1.01174
1.8796
4.45052
1.17976
1.00994
1.03593
1.11167
1.27688
1.49686
1.44132
1.40279
1.23492
2.1634
1.50655
1.12004
1.07058
2.23599
1.00719
2.15403
1.34541
1.43973
1.42285
1.17283
1.50433
1.17847
2.46641
1.35069
1.11755
4.99697
1.39066
1.24478
1.19505
1.37205
1.08259
1.02422
1.19482
1.65026
1.30489
1.25255
1.03156
2.50274
2.56969
1.25874
1.02987
1.21034
1.33371
1.17613
1.07905
1.01081
1.22116
1.68819
1.06895
1.50989
1.03241
1.85999
1.31562
1.51464
1.57462
1.49473
1.16261
1.25672
1.7024
1.94901
1.09934
2.44947
2.94335
2.92375
2.04677
1.19309
1.12639
1.01543
1.22667
1.66471
1.26028
1.21048
1.11713
2.06578
1.39544
1.56336
1.77569
1.22964
1.00541
1.01531
1.10191
1.26591
1.21907
1.45897
1.24445
2.47086
2.41168
1.01539
1.75024
1.798
1.45625
2.14018
1.05605
1.30505
1.15017
2.50649
1.01265
1.65989
1.11687
1.43019
1.63737
1.22535
1.28815
1.13426
1.01399
1.06619
1.20691
1.35115
1.27564
1.09622
1.14779
1.1145
1.03005
1.7251
1.13524
2.26415
1.11293
1.03923
1.12227
1.06327
1.46404
1.8397
1.3193
1.28267
1.01899
1.08282
2.00544
1.14977
1.02455
1.06386
1.02801
1.56354
1.34251
2.36402
1.42787
1.27144
1.09431
1.13108
1.37089
1.1637
2.00228
2.54047
2.49408
1.02934
1.01074
1.1592
1.50618
1.15602
1.14762
1.62491
2.16511
1.07864
1.07513
1.17576
1.27793
1.32454
1.20972
1.35842
1.20448
1.21894
2.15528
1.16152
1.26807
1.26343
1.04826
1.09794
1.46216
3.96825
1.07929
1.18683
1.07388
1.10598
1.0743
1.67643
1.44765
1.04274
1.04759
1.28789
1.60015
1.49477
1.60725
3.61941
1.00194
1.02198
1.10106
1.72365
2.69219
1.44648
1.12798
1.32137
2.36267
1.45075
1.7818
1.16372
1.55479
2.89537
1.03505
1.81159
1.03304
1.27057
1.01831
2.35961
1.09906
1.15782
1.2678
1.1351
2.8186
1.42266
1.1173
3.71493
1.11844
1.63027
1.11027
1.53071
1.04136
1.0333
1.77046
2.20797
1.48881
1.05747
2.0395
1.16093
1.2276
1.59136
1.07657
1.04202
1.33647
1.01669
1.04428
1.02307
2.31666
1.55836
3.96091
1.09821
1.07016
1.70262
1.58657
1.653
1.22598
1.63665
1.69176
1.06744
1.55148
2.18004
1.39838
2.4887
1.02613
1.25206
1.57116
1.26238
1.09905
1.19152
1.1101
1.30051
1.85617
1.37487
1.46443
1.10149
1.0665
2.36728
1.86564
1.16993
1.1234
2.05785
1.0126
2.43928
2.0974
1.10527
1.40822
1.58473
1.14695
2.3103
1.08029
1.54613
2.85687
1.0418
1.18441
2.16003
1.05784
1.85146
1.23614
1.84227
1.36716
1.44679
1.15298
1.07594
1.01797
1.10808
1.38408
1.31122
1.03154
1.15453
1.70536
1.25024
4.32563
5.55619
1.48263
1.10058
2.04051
1.74305
1.066
1.36941
1.95832
2.48361
1.1274
1.00986
1.13533
1.26197
1.22864
1.18658
1.09096
1.44401
1.17314
1.31435
1.02628
1.56506
2.19037
1.36894
1.3504
1.24574
1.14329
1.04021
1.05432
1.06484
1.07988
1.22202
1.53879
1.10838
1.2125
2.91564
1.09665
1.20253
1.17709
1.1315
1.18982
1.27127
1.13021
1.31424
1.20346
1.2675
1.14253
1.1793
1.16309
1.27837
1.24453
2.47161
1.35482
1.28013
1.06925
1.08161
1.30125
1.28903
1.66344
1.81382
2.13067
1.61283
1.10646
2.02011
1.3856
1.26273
1.70246
2.32966
1.23521
1.68222
1.03093
1.44243
1.01815
1.12204
1.0263
1.88278
1.72019
1.0994
1.19464
1.16315
1.64498
1.62882
1.18955
1.09178
1.54189
1.07602
1.68604
1.17064
4.32775
1.03316
1.41088
1.20782
1.50822
1.1844
1.02296
1.30156
1.91486
1.038
1.09204
1.3209
1.16265
1.03526
1.15746
1.12232
1.14026
1.0862
1.02154
1.38873
1.37961
2.68036
1.09967
2.31398
2.02147
1.54348
1.05304
1.92361
1.71406
1.10462
4.7709
1.27089
1.28119
1.36194
1.641
1.08833
1.49896
1.08498
1.30634
1.40951
1.20258
1.16733
1.03914
1.01638
1.11713
2.85305
1.20106
2.28249
1.0468
2.19857
1.3436
2.01083
1.00765
1.40039
1.26469
3.0538
1.0751
2.00061
1.2285
3.81153
1.46114
1.12402
1.1468
1.57009
1.82447
1.20554
1.18693
1.42353
1.255
1.71287
1.57495
1.24898
1.04783
1.24973
1.14063
1.10405
1.46496
1.56263
1.03143
2.22429
1.31425
1.61916
1.0699
2.16556
1.38699
1.09894
1.87512
1.00493
1.71017
1.25643
1.21431
1.08228
1.09928
1.23923
1.63236
1.24267
1.43796
1.27221
1.47012
2.72463
1.04783
1.11612
1.79642
1.04769
1.11651
1.4894
1.1972
1.70392
1.0626
1.15317
1.44058
1.25666
1.38169
1.16269
1.60983
1.17909
1.22932
1.13341
1.06813
2.07228
1.36018
1.50398
1.58424
3.24003
1.18011
1.34771
3.09369
1.22701
1.66433
1.44107
1.95143
1.02932
1.30976
2.08096
1.01455
1.03132
1.6538
1.08593
1.21951
1.24995
1.23397
1.10951
1.78373
1.09773
1.9135
1.39018
1.18111
1.11926
1.03331
1.42548
1.1753
1.04674
2.28956
1.15157
1.05938
1.11397
1.30706
1.14608
3.32273
1.1479
3.8025
1.29632
1.04737
2.00286
1.10254
1.06817
1.06596
1.16618
1.03393
1.12991
1.20404
1.06589
1.10527
1.13881
1.83951
1.0015
1.48533
1.01162
1.24153
1.902
1.76106
1.43379
1.29776
1.07743
1.03753
1.05457
1.23271
1.55882
1.09629
1.16654
1.02589
1.25602
1.08385
1.23461
1.2316
1.04301
1.65646
2.01548
1.55862
1.04673
1.21157
1.09309
1.45918
3.83265
1.63766
1.54595
1.26975
1.78537
1.13819
1.38048
1.30006
1.00885
1.53201
1.41728
1.31565
2.88898
1.01446
1.10627
1.7128
1.69005
1.17457
1.23853
1.86643
1.92134
1.10115
1.6404
1.30103
1.20209
1.7453
1.64064
1.2199
1.52752
1.34917
1.19616
1.39117
1.32204
2.09478
1.68319
1.29941
1.37388
2.2289
1.60711
1.41129
1.00165
1.23905
1.13048
1.41629
1.60059
1.03344
1.06148
1.12314
1.03185
1.37441
1.09334
1.98458
1.01792
1.09775
1.06108
1.07195
1.78195
1.29551
1.83371
1.0174
1.16979
1.00786
1.07113
1.03996
1.08519
1.05161
1.16487
1.18656
1.76802
1.31444
1.19358
1.30935
1.02248
1.49417
1.26838
1.13728
1.12391
2.64784
1.38443
2.28793
1.14685
1.38187
1.05375
1.96377
1.66697
1.02461
1.20256
1.02726
1.24868
1.15851
1.00359
1.01536
1.36754
1.06126
1.10644
1.14203
1.04187
2.39877
1.21425
1.15292
2.94118
1.69774
1.0102
1.04528
2.61097
1.11159
1.38124
1.08841
1.0635
1.68707
1.36022
1.49295
1.186
1.71658
1.05535
1.3329
1.30559
1.31438
1.35138
1.09071
1.01658
1.21051
1.07264
1.69387
1.11129
1.17459
1.21593
1.41866
1.45819
1.14878
1.70527
1.14383
2.33668
4.12926
1.69004
1.27292
1.13227
1.01996
1.82609
1.46849
1.17964
2.05112
1.20617
1.19534
1.20384
1.16924
1.18235
1.13451
1.12916
1.55907
1.74777
1.19917
1.15475
1.00472
1.10807
1.834
3.36617
1.4885
2.20999
1.48348
2.28284
1.45903
1.14186
1.01454
1.45048
1.5153
1.04597
1.23679
1.38048
1.01868
1.01121
1.04157
2.81773
1.54525
1.13291
1.18161
1.2326
1.17712
1.29433
1.03945
1.10937
1.36785
1.28667
1.65674
1.32845
1.01051
4.43859
1.50246
3.13634
1.43921
1.3379
1.28274
1.01211
1.37773
1.46088
1.05615
1.47332
1.09623
3.0062
1.0127
1.23009
1.51063
1.072
2.11126
1.12133
1.45549
1.71071
1.79348
1.0821
1.01423
1.13269
1.22019
2.42928
1.52333
2.01265
3.21501
1.47877
2.05647
2.00284
2.31235
1.46691
1.54936
1.30421
1.25878
1.95584
3.94158
1.29973
1.35895
2.09052
2.12674
1.05898
1.26656
1.74054
1.20792
1.15721
1.16412
1.70767
2.06104
1.1512
2.04296
1.19892
1.26819
1.58816
1.08991
1.08137
1.5173
1.57244
1.43933
1.39976
1.33351
1.20795
1.16407
1.43634
1.1829
1.7039
1.07619
1.70224
1.51617
1.3927
1.60406
1.0604
1.72046
1.15922
1.02288
1.37501
1.27551
1.14869
1.47633
1.53233
1.2551
2.16414
1.40647
1.99749
2.15219
1.25789
1.32875
1.049
1.83847
2.17514
1.0708
1.0454
1.4102
1.9904
1.25497
1.33901
1.20489
1.7281
1.06179
1.01836
4.91638
1.11575
1.25181
1.83042
1.04574
1.1103
1.13507
1.18594
1.02819
1.04036
1.31181
2.21682
1.3666
1.00146
1.74278
1.11163
2.04477
1.07693
1.11591
1.28819
1.09687
1.45791
1.10812
1.70256
1.49568
3.86544
1.11451
1.85667
1.45944
1.31285
1.25388
1.11626
1.13094
1.09073
1.12243
5.87588
1.06219
1.28849
1.83537
6.95587
1.52885
2.1584
1.3211
1.04398
1.88272
1.26541
1.15068
1.28317
2.2199
1.12354
1.02991
1.12921
1.5315
1.1183
1.12998
1.21219
1.13015
1.75749
1.29634
1.08593
1.236
2.44125
1.0819
1.02925
2.00705
1.25027
2.27845
1.14624
2.89196
2.45549
1.16533
1.20998
1.21186
1.15397
1.03889
1.24222
1.32123
2.46135
1.99506
1.01641
1.1158
1.0426
1.23577
1.15939
1.10615
1.54269
1.48331
1.30331
1.08029
2.06534
1.47767
1.02095
1.02432
1.37757
1.16674
1.28093
1.28961
1.23562
1.25246
2.24756
1.05127
1.03118
1.95865
3.93517
1.2692
1.1173
1.17489
1.26509
1.00331
1.78146
1.01297
1.0194
1.56541
1.25095
1.04232
1.20583
1.2404
2.03845
1.02579
1.42317
1.81288
1.75069
1.12694
1.07593
1.05981
1.65353
1.03916
1.15285
1.42034
2.09722
1.35477
1.18233
1.76869
1.66713
1.06095
1.0645
1.2837
1.05494
1.50667
1.0399
1.45731
1.2093
1.34747
1.24023
5.29976
1.01454
1.29229
1.05076
1.23652
1.11623
1.00895
1.22409
2.47723
2.77824
1.13552
1.02092
1.2271
1.17905
1.03153
1.45276
1.11682
1.18689
1.14721
1.08809
1.05431
1.22856
1.16054
1.2265
1.354
1.68264
1.20789
1.09095
1.44769
1.44769
1.29535
1.07818
1.00352
1.34683
1.02857
1.49425
1.0501
1.38542
3.6151
1.47918
1.24208
24.1578
1.18043
1.7862
1.10475
1.08437
1.58147
1.29622
1.19142
1.27593
1.07585
1.00447
1.51356
1.10114
1.12224
1.90966
1.089
1.5443
1.26351
2.07499
1.29454
1.18816
1.23963
1.03037
1.11588
1.27339
1.22328
1.1221
1.05255
1.04029
1.10475
1.46814
1.4537
1.00835
1.11198
1.13773
2.67812
1.02345
1.26046
1.14607
1.99174
1.6838
1.03378
2.37376
1.07651
1.34847
1.08508
1.9329
1.59903
1.21574
1.11994
1.09343
1.0378
1.80606
2.04382
1.00655
1.70414
2.90333
1.41205
1.36963
1.00956
1.09751
1.04733
1.24602
2.32474
1.01919
1.19199
1.30373
1.0296
1.2236
1.61548
2.30184
1.02886
1.16844
1.20915
1.39585
1.18672
2.05048
1.05689
1.08703
1.0012
1.1345
1.2036
1.32958
1.2568
1.02578
1.11344
2.05847
1.83767
1.10184
1.38147
1.24929
1.10998
2.08343
2.34979
1.18374
1.92936
2.03884
1.16947
1.74244
2.58572
1.10209
1.09009
1.7616
1.22073
1.26367
3.05331
1.60875
1.23892
1.10831
1.07931
1.7349
1.00048
1.33355
1.29784
1.14736
1.6501
2.14117
2.27707
1.47101
1.05114
1.456
1.06866
1.47555
1.33656
1.69694
1.13598
1.42148
1.42967
1.24487
1.15399
1.09705
1.03009
1.20128
1.4589
1.02373
1.15805
1.31059
1.58862
1.46851
1.24135
1.02443
1.27809
1.02317
5.15509
1.20776
1.23106
1.26314
1.63203
1.00443
1.79356
1.04039
1.09568
1.19543
4.26282
1.16896
1.2182
1.64841
1.13307
1.29864
1.18176
1.91204
1.32203
1.35605
1.60151
1.52353
2.14961
1.29053
1.00173
1.78581
2.15683
1.04916
1.26399
1.56033
1.38811
1.00188
1.01635
1.25474
3.07172
1.89994
1.34344
2.43546
1.34818
1.11286
1.1876
1.21428
1.0093
1.07607
1.16379
1.2096
1.33395
1.33329
1.54886
1.75662
1.21261
1.57946
1.14758
1.02253
1.01922
1.52428
1.09036
1.67427
1.00459
1.1518
1.39593
1.13411
1.2723
1.19265
1.22323
1.37902
1.15881
1.13201
1.36886
1.09711
1.57251
1.82384
1.66648
1.47176
1.12899
1.35982
1.30177
1.01676
1.46784
1.01287
1.10764
1.87853
1.9215
4.13674
1.13355
4.54488
1.17247
1.39935
2.06463
1.2631
1.14156
1.40413
1.13094
1.73022
1.1454
1.02762
1.06731
1.86679
1.31714
1.80804
1.18792
1.08986
1.2587
1.00906
1.01223
1.22996
1.34653
1.44851
1.62486
1.21464
4.00752
1.0643
2.33842
1.09568
2.37459
1.68239
1.11278
1.1118
1.10352
1.47225
1.01812
1.79571
1.20821
1.56144
1.03811
1.63584
1.53842
1.08573
1.00704
1.0793
1.51205
1.07424
1.9221
1.28936
2.05815
1.06596
1.15826
1.45327
1.01287
1.29835
1.31839
1.84669
1.00948
1.32958
1.47225
2.13411
1.15313
1.71632
1.13102
1.0245
1.0774
3.59721
1.26362
1.43798
1.24083
1.05741
1.58981
1.16015
4.93439
1.04201
1.91927
1.55749
1.32215
1.01872
2.02757
1.40493
1.61916
1.15799
1.41031
1.13357
1.17917
1.11217
1.61384
1.14219
1.37596
1.08495
1.14964
1.87799
2.83008
1.19122
1.08733
1.23507
1.02736
1.01284
2.76419
3.01428
1.12388
1.40886
1.35453
1.55058
1.02418
1.65302
1.7793
1.28759
1.27694
1.28576
1.75183
1.12343
1.49759
1.36329
1.04752
1.32201
1.20792
2.10649
1.10094
1.17301
1.15267
7.63863
2.14948
1.18292
1.82776
1.16072
1.12243
2.00503
1.15442
2.12779
1.45969
1.24959
1.70856
1.14921
2.18549
2.17856
1.31681
1.03196
1.07787
1.80993
1.03819
1.2158
1.64459
1.62984
1.16473
1.62866
1.01401
1.08204
1.24838
1.15146
1.36785
1.40043
1.1548
1.97308
1.21455
1.05392
1.50473
1.11531
1.30484
1.50659
1.22115
1.08517
1.41873
1.06517
1.00209
1.02993
1.07347
1.08678
1.12159
1.5726
1.17063
1.62679
1.55764
1.57656
1.04386
1.26698
1.1941
1.89765
1.03859
1.13921
1.25446
1.22165
1.21401
1.32054
1.90681
1.18609
1.25328
1.09892
1.36603
2.49145
1.00522
1.10847
1.02773
1.1286
1.54802
1.02615
1.08563
1.23562
1.00942
1.3234
2.41757
1.15859
1.79388
1.08589
1.10368
1.08079
1.22651
1.02856
1.02288
2.22052
1.36733
1.43918
1.04089
1.046
1.1373
1.30507
1.03731
1.08253
1.00421
1.00705
1.17497
1.39257
1.34072
1.05149
1.1546
1.13819
1.12823
1.95355
1.592
1.03417
1.28265
1.42214
1.16302
1.36577
1.0088
1.15235
1.36088
1.20097
1.17986
1.41794
1.74539
1.79473
1.27038
1.9221
8.47822
1.34011
1.53225
1.02749
1.00391
1.30901
1.89138
1.02907
1.55404
1.69774
1.01423
1.82356
1.11013
1.11156
1.05753
1.75521
1.03805
1.12653
1.07904
1.17604
1.2189
1.38584
1.41473
1.16664
1.19374
1.21505
1.11732
1.08345
1.5049
1.13402
1.09327
1.37808
1.71643
1.48752
2.02215
1.02792
1.14248
1.07423
1.20314
1.27503
1.15162
1.94695
1.3411
1.15637
1.68443
1.09945
1.04162
1.11398
1.01126
1.13828
1.15141
1.35408
1.46525
1.18489
1.90084
1.38386
1.10756
1.61242
1.0954
4.20751
1.74562
1.40403
1.69339
1.09659
1.19726
1.18714
2.25682
1.07557
1.03355
1.05003
2.00884
1.4179
1.52087
1.19266
1.08158
1.46308
1.10151
1.1054
1.02004
1.47867
1.52476
1.26399
1.39534
1.00295
1.01979
1.15614
5.74128
1.09663
1.34836
1.23089
1.24453
1.25625
1.20126
1.05508
1.01438
1.26477
1.29637
1.25131
1.18389
1.50913
1.23147
2.90525
1.20334
1.14846
1.01257
1.03201
1.23146
1.04914
1.08748
1.24922
1.0358
1.36476
1.04155
1.17754
2.45186
1.13863
1.88998
1.31658
1.07451
1.04856
1.49417
1.6206
2.34854
1.05692
1.136
1.01096
1.13131
1.08146
1.47511
1.53125
1.11416
2.73994
1.16065
1.20224
1.60871
1.24531
1.50687
1.48312
1.35116
1.00533
1.58696
1.3749
1.09395
1.22779
1.53559
1.16924
1.3355
1.0673
5.18329
1.01533
1.24563
1.67003
1.11054
4.7787
1.19051
1.22552
1.19235
2.30862
1.78047
1.36409
1.04199
1.32822
1.12926
1.15966
1.47683
1.02594
1.13623
1.5817
1.18875
1.02524
1.87483
1.09259
1.89691
1.27121
1.40919
1.19098
1.17689
1.07367
3.9752
1.67854
1.95316
1.25208
1.04382
1.4519
1.16839
1.18244
1.09644
1.88243
1.37404
1.45321
1.32845
1.86764
1.82002
1.43815
1.28962
1.15676
1.01832
1.06313
1.14494
1.21307
1.1255
1.11603
1.00143
1.24581
1.90131
1.01334
1.23759
1.37978
1.24662
1.16073
1.23132
1.43055
1.06139
1.45671
1.03817
1.37414
2.25063
1.07496
1.41728
1.82888
1.67706
1.53792
1.15806
1.0339
1.52107
1.21982
1.06077
1.35671
1.23449
1.3794
2.17165
1.09097
1.29331
1.95644
1.0419
1.0332
1.23663
1.44995
1.25974
1.0926
1.41077
1.03422
1.03711
1.45233
1.43692
1.45574
1.57454
1.68512
1.41547
1.20301
1.12715
1.01886
1.10415
1.24617
1.03403
1.94683
1.70058
1.78426
1.15391
1.58928
1.09957
1.00551
1.1309
1.14862
1.4025
1.81925
1.02734
1.53358
1.20546
1.0529
1.33363
1.01306
1.09553
1.00667
1.21847
1.05616
1.82452
1.45788
1.00297
1.5533
1.01754
1.07183
1.13776
2.67819
2.10925
1.3228
1.37482
1.11763
1.38949
1.12913
6.75594
2.61548
1.04155
1.55238
1.62368
1.78187
1.23691
1.56019
1.13925
1.21882
1.63794
1.31795
1.1547
1.8698
1.13686
1.60465
1.11112
1.15944
1.34178
1.06658
1.16373
1.55091
1.49378
1.16778
1.06482
1.35881
1.05383
1.11905
2.06202
1.76995
1.36742
2.53448
1.00843
1.12549
1.58632
1.14391
1.42472
1.30658
1.53651
1.21486
1.35191
1.16501
1.03994
1.20383
1.00583
2.15563
2.90747
1.28705
1.93077
1.74373
2.8248
1.86353
1.07373
2.34854
1.20137
1.21012
1.01816
1.13288
1.57032
2.77835
1.14537
1.08258
1.38074
2.16925
1.33294
1.13285
1.03979
1.86962
1.12657
1.13586
1.6814
1.63142
1.11002
1.72756
1.54442
1.38443
1.45995
1.10823
1.189
1.85538
1.03877
1.35392
1.43473
1.10401
1.68679
2.22901
1.00038
1.08843
1.33337
2.11943
2.45183
1.38625
1.37465
1.18289
1.12661
2.62552
1.1596
1.56579
1.09905
3.48273
1.91554
1.35225
1.10761
1.44826
1.24028
1.35952
1.067
1.02654
1.01031
1.01958
1.39988
1.0038
1.43205
1.10843
1.40462
1.29621
1.12527
1.70788
1.09645
1.30635
1.09406
1.14063
2.21938
1.42867
1.0899
1.39438
2.00651
1.34568
1.07171
1.01086
1.2144
1.26516
1.10799
1.23873
1.55162
1.7328
1.35022
1.49277
1.39822
1.078
1.06549
1.05928
1.55214
1.01794
1.76412
3.89404
1.02757
1.10228
1.31711
1.11625
1.92774
1.7616
1.05824
1.20565
3.93209
1.05297
1.32087
1.06782
3.32869
1.41125
1.62306
1.55392
1.21124
1.43645
2.15194
1.32188
2.23728
1.29272
2.58928
1.21542
1.20784
1.08703
1.56899
1.1215
1.24721
1.07746
1.58368
1.02926
1.04318
2.0422
1.44623
1.23024
1.12901
1.32497
1.21593
1.44775
1.56113
1.0851
4.28819
1.00088
1.86024
1.17191
2.31854
1.17499
1.12749
2.37095
1.04041
1.08896
1.53886
1.18301
1.37441
1.17528
1.1941
1.42801
2.68929
1.15161
1.10358
1.35754
1.46021
1.02127
1.18118
1.40442
3.39772
1.93018
2.03836
1.9241
1.37617
1.31825
2.98904
1.16517
1.04399
1.29675
1.14913
1.16493
1.34584
1.45297
1.01597
1.11695
2.15578
1.33926
1.25191
1.34922
1.08928
1.74305
1.15828
1.10586
1.11954
1.21594
1.14123
1.09417
1.01517
1.64561
1.0804
1.85007
1.25058
1.20928
1.73454
1.27099
1.22143
1.35386
2.08847
1.08216
1.47445
1.6005
1.03008
2.40503
1.14961
1.41022
1.19073
3.86849
1.03314
1.09255
1.14847
1.26923
1.06675
1.0659
1.00847
4.59843
1.02644
1.15249
1.00803
1.47131
1.17323
1.06009
2.35918
1.04722
1.71188
1.1371
2.09398
1.13097
1.27277
4.08729
2.0788
2.19298
1.5624
1.10493
1.34523
1.68788
1.0135
1.16319
1.23352
1.1058
1.05304
2.23575
1.87511
1.55691
1.28797
1.22455
1.29712
1.50074
1.059
1.29108
2.76412
1.54847
1.01024
1.11927
1.16386
1.25499
1.0579
1.01376
2.04168
1.15445
1.09686
1.2
1.99246
1.04925
1.62114
1.21473
1.18243
1.4781
1.38787
1.48829
1.1363
1.07621
1.06163
1.04605
1.04796
1.42377
1.21384
2.19114
1.30558
1.44823
1.04269
1.02824
1.12596
3.14105
1.29032
1.8682
1.13778
1.13454
1.13295
2.00609
1.43698
1.14083
1.18029
1.05362
1.10303
1.54854
1.16871
1.60536
1.70896
1.11144
1.25875
1.20601
1.28444
2.2856
1.27602
1.07094
1.39984
1.00698
1.04636
3.28306
1.02563
1.02584
1.58204
1.09141
2.08886
2.19988
3.84673
1.40294
1.3445
1.19137
1.28083
2.35982
1.02268
1.1667
1.18188
1.28132
1.19024
1.00242
1.1185
1.05693
1.09609
1.44564
1.00465
1.1915
1.12819
1.74292
2.47738
1.71506
2.51117
1.02296
2.67206
1.29742
1.23971
1.15562
1.3414
1.82576
1.07934
1.0066
1.06796
1.26506
1.55763
1.36594
1.26444
1.99327
1.84142
1.31171
1.1836
1.59503
1.12631
1.34885
1.38526
1.02065
1.41141
1.0959
1.34156
1.06041
2.31468
1.8137
1.37705
1.21196
1.03403
2.46853
2.71043
1.03787
1.52104
1.8286
1.17582
1.06733
1.21596
1.30225
3.6308
1.6994
1.15303
1.47386
2.51188
1.45878
2.05016
1.13072
1.01779
1.1904
1.04126
1.05998
1.13414
1.42189
1.43941
1.07727
1.29097
1.92188
1.89556
1.39572
1.62811
2.34328
1.53908
1.15439
1.07296
1.53597
1.2239
1.02334
1.7982
1.15389
1.29992
1.24602
1.63762
1.76778
1.33057
1.20922
1.38147
1.41328
2.904
1.13392
1.96704
1.09485
2.53091
1.31209
1.72012
1.7489
1.14376
1.48908
1.24949
1.62691
1.94134
1.88416
1.31554
1.79856
1.8322
1.98004
1.03661
3.94439
3.16215
1.42158
1.09745
1.17358
1.52563
1.34785
1.00795
1.23859
1.55105
1.54664
10.4481
2.56738
2.43443
1.427
1.04858
1.0351
1.73943
1.85156
1.69589
1.53971
1.39638
1.55417
1.89286
2.88402
1.37959
1.22194
1.55234
1.81199
5.31724
1.6297
1.15571
2.18474
1.69625
1.17762
1.27111
1.12029
1.06631
1.1561
2.55619
1.52268
1.00777
1.45388
1.06069
1.83385
1.04693
1.3242
1.01037
1.88419
1.63825
1.06648
2.39383
1.07309
1.29258
1.26334
1.64747
1.00652
3.07638
1.33894
1.34194
2.19552
2.58423
1.19818
1.11311
1.09359
1.45451
1.0358
3.48917
1.15026
1.48352
5.28988
1.0765
1.09483
1.10432
1.15317
1.04375
1.88886
1.14756
1.35582
2.19646
1.01139
1.204
1.05897
1.12803
1.64234
1.52912
1.70654
1.72344
1.63075
1.89594
2.40251
1.13179
1.29185
1.06342
2.03306
1.93625
1.11411
1.22182
1.18984
1.01014
1.06514
1.0257
1.45691
1.19642
1.06425
1.62575
1.02441
1.01183
1.24643
1.27452
1.01613
1.24509
2.25665
1.45984
1.54466
1.56104
1.01218
1.01059
1.54873
1.063
1.34124
1.52646
1.11411
1.38322
2.37083
2.47114
1.25764
2.8667
1.18062
1.02254
1.2742
4.83808
1.66743
1.08878
1.08816
1.09993
1.08734
1.0847
1.003
1.3752
1.22515
2.53516
1.26539
1.47185
2.38294
1.13271
1.17002
1.74073
1.55547
1.36525
13.8919
3.24404
1.1205
1.24162
2.38455
2.25759
1.57617
1.69223
3.437
1.4406
1.69415
1.58043
1.75329
1.36416
1.57589
1.16679
2.15887
1.19743
1.09041
1.31157
1.1543
1.96538
1.41581
1.82456
1.98248
1.0655
1.11488
1.48522
1.00301
1.32531
1.2414
1.33257
1.31796
1.37601
1.12879
1.34699
1.26093
1.33827
1.02194
1.72341
1.60135
1.41704
2.08599
1.14646
1.06074
1.04587
1.40775
1.28743
2.13615
1.15416
1.01028
1.15018
1.00553
1.16967
1.08561
1.56972
3.72274
1.28767
1.00267
1.06284
1.07131
1.5083
1.24159
1.40474
1.04925
1.36067
1.3171
2.34248
1.76603
1.05711
2.12363
1.32391
1.12787
1.00901
1.38431
1.48108
1.37118
2.08137
1.52114
1.03543
1.1281
1.05663
1.9219
1.92859
1.36177
1.14606
1.08659
1.04464
1.32174
1.45167
1.05315
1.17158
1.01478
1.05102
1.2575
1.03906
1.35234
1.52512
1.34808
1.69154
1.23775
1.34767
2.55654
1.06424
1.03205
1.4856
1.0141
1.08518
1.89136
1.52519
1.11816
1.24047
1.12796
1.1071
1.48945
1.02728
1.14518
1.36118
1.27659
1.69889
1.46906
1.77014
1.12604
1.25158
1.28728
1.18445
1.37195
2.09852
1.02128
1.22666
1.0688
1.14645
1.21578
1.09676
1.20055
1.5254
1.18397
2.23852
1.58588
1.05219
2.26771
1.44538
1.04533
1.04676
1.14006
1.00844
2.20392
1.27006
1.9051
1.32647
1.02054
1.30299
1.49001
1.26305
1.30594
4.44193
1.0664
1.117
1.52699
1.9899
1.07887
1.07495
1.1293
1.38822
1.34277
1.13667
1.07223
1.69135
3.01277
1.41946
1.11087
1.46457
1.19263
1.28909
2.17615
1.08043
1.08678
1.07679
1.03487
1.19455
1.09626
3.04066
1.08331
1.13648
2.07118
1.40842
1.06167
1.23984
1.17741
1.50333
1.15197
1.16178
1.98921
1.24912
1.11119
2.29282
1.09695
1.35514
1.26792
1.03289
1.05627
1.00526
1.08572
1.49167
1.05501
1.71244
1.18394
1.08834
1.0694
1.01232
1.55829
2.03892
1.52023
2.39899
1.42013
1.05455
1.31084
1.26911
1.01957
1.14652
2.4887
1.85786
1.43429
2.62345
1.08102
1.01306
1.59587
1.13109
3.51501
2.01032
1.12968
1.4239
1.22682
1.54245
1.60169
1.22767
3.19331
1.05843
1.08179
3.74198
1.11303
1.20071
1.15679
1.27634
1.43927
1.36945
1.86451
3.14243
1.07151
2.68149
2.43893
1.00486
1.61435
1.04783
1.02434
1.18707
1.41297
1.26746
1.12275
1.55531
1.13937
1.21267
1.06166
2.3846
1.35825
1.03291
2.15383
1.00435
1.24822
1.01978
1.05095
1.21981
1.17733
1.0514
1.16412
1.10047
1.79627
1.36616
1.42119
1.24039
1.70579
1.71672
1.30453
1.14805
1.22535
1.68092
1.27251
1.56808
1.86418
1.36034
1.03743
1.31323
1.19463
1.30839
1.04372
1.79208
1.5099
1.11862
1.10248
1.17042
1.58425
1.63817
1.33066
1.00405
3.07031
1.01102
1.41936
1.70824
8.0491
1.23352
2.94805
1.30211
1.99907
1.01869
1.73828
1.13721
1.00594
1.12153
1.08476
1.24942
1.22248
1.05296
1.14917
1.1851
1.24989
1.05463
1.19659
1.00471
1.52609
1.20595
1.10024
1.21339
1.16007
1.02327
1.72991
1.04794
2.57205
1.18292
2.1901
1.64274
1.10029
1.48447
1.20308
2.64661
1.0057
1.2114
1.20308
1.29654
1.12883
1.16182
3.12593
1.24962
1.04933
1.06422
1.44554
1.12034
2.54882
1.09655
1.2907
1.33834
1.04957
1.4725
4.67992
1.19927
1.45041
1.04442
1.05186
1.19489
1.21478
1.10531
1.16237
1.12347
1.03232
1.04422
19.5394
1.60651
1.38407
1.34168
1.07169
1.21034
1.77114
1.01822
1.40764
1.10613
2.19702
1.1793
1.31985
1.95783
1.52866
1.20638
1.28866
1.11812
1.81749
1.74774
1.04214
1.40859
1.13071
1.22025
1.00958
2.21783
1.15039
1.05481
1.19009
1.77545
7.6081
1.29199
1.29551
1.04074
1.3114
1.02344
1.19013
1.13399
3.42309
1.17411
2.12613
2.54449
1.21572
1.69413
1.19877
1.20968
1.13759
1.25884
1.10667
1.05064
1.53663
1.23293
1.05955
1.33098
1.11576
1.06884
1.98047
2.10811
1.00218
1.11087
1.93813
1.71725
1.90107
1.08575
1.94976
1.312
1.80855
1.01538
1.28536
1.22293
1.2716
1.92613
1.37983
2.03624
1.09209
1.16699
1.17202
1.86508
1.01408
1.29896
1.41412
1.05651
1.04466
1.38895
1.6184
1.05599
5.71516
1.10023
1.86788
1.03913
1.12978
1.44425
1.14808
2.4247
1.08744
1.36436
1.01412
1.49619
1.33212
2.57159
1.757
1.34745
1.06097
2.94986
1.47078
1.01923
1.38689
1.00624
2.57312
2.0168
1.0885
1.11872
1.39277
1.37571
1.01023
1.40132
1.17161
2.13882
1.16143
1.03545
1.0141
1.28072
1.24945
1.17258
1.24534
1.43389
1.39499
1.03986
1.17357
1.05145
1.79176
1.04553
1.00116
1.07216
1.04026
1.56649
1.26667
2.43544
1.24052
1.30727
1.45494
1.12667
1.27398
1.10761
1.34206
1.48189
1.75701
1.32678
1.32946
1.37837
1.09873
1.13674
1.36013
1.09953
1.17339
2.41439
1.02224
1.08499
1.49779
1.42474
1.47446
1.10706
1.42744
1.13183
1.20973
1.178
1.37653
1.24249
1.00395
1.41011
1.28354
1.70709
1.00012
1.12686
1.16317
1.15324
1.00417
1.07702
1.25184
2.24546
1.2781
1.30547
2.62788
1.24922
1.05269
1.35062
1.15211
1.19282
1.05865
5.17266
1.22494
1.60967
1.17347
1.16722
1.23926
1.27368
1.51868
1.91126
1.15101
1.13473
1.08929
2.1419
1.18252
1.54017
1.02736
1.20675
1.35192
1.28777
2.19394
1.67658
1.02678
1.62206
1.23838
1.2157
1.24397
1.18998
1.29275
1.94334
1.27348
1.43816
1.92173
1.09776
1.23768
1.95232
1.46158
1.43028
1.27576
1.25009
1.81179
1.03588
1.07389
1.70604
1.10217
1.9853
1.06999
1.12895
1.02514
1.1407
1.03978
1.1337
1.11859
1.4333
1.15247
1.08494
1.6659
1.80071
2.00691
2.25243
2.5729
1.09697
1.16491
1.09122
1.04536
1.03486
1.02014
1.41512
1.10146
2.33923
1.07757
1.06634
1.44576
1.1038
1.33908
1.56525
1.7437
2.40722
1.39635
1.12679
1.19121
1.25122
1.08888
1.25304
1.16519
1.02927
1.20448
1.06526
1.2101
1.05986
1.13289
1.08393
1.35975
1.00432
1.05878
1.19776
1.00668
1.09007
1.46322
1.25804
1.25245
1.04079
1.2124
1.19073
1.32406
1.16018
1.04972
1.76085
1.25909
1.31923
2.59798
1.11141
1.0665
1.80317
5.28551
1.01942
1.22796
1.31619
1.15243
1.07879
1.09222
1.01244
1.24003
1.4159
1.36198
1.15982
2.3611
1.27614
2.53407
1.18345
3.94877
1.95201
1.16115
1.07209
1.6764
1.157
1.42567
1.51359
1.61141
2.32916
1.36699
1.36026
1.21651
1.66537
1.05217
1.92836
1.03362
1.32762
1.0568
1.04254
1.51302
2.29975
2.75124
2.16931
2.10131
1.94693
1.81605
1.11295
1.03998
1.08167
1.27071
1.17748
3.49859
2.06203
1.1251
1.14607
1.15926
1.69471
2.4809
1.69553
1.98306
1.01743
1.80625
1.35999
1.31776
1.43009
1.14308
1.15791
2.22066
1.83099
1.05268
1.38412
1.36321
1.1443
1.02573
1.13586
1.39856
1.10772
2.0564
1.76066
1.15729
3.42081
1.10215
2.09538
1.27121
1.10909
1.17918
1.09869
1.43924
1.04562
1.66191
1.26156
1.05728
2.60049
1.29641
3.28974
1.20244
1.18068
1.41411
1.50494
1.22868
1.45627
1.24235
1.27037
1.32781
1.09446
1.28684
1.22707
1.27621
1.14468
1.58238
1.28835
1.31939
1.08513
1.5603
1.23094
2.17379
5.35561
1.09386
1.00305
1.17593
1.09913
1.58909
2.42091
1.41399
4.43077
1.0337
1.38414
1.03362
1.73052
1.21179
1.05584
1.45002
1.72084
1.7727
5.21148
1.06328
1.02754
2.67939
1.19897
3.74099
1.04654
3.15149
1.13912
1.0887
1.75598
2.12438
1.15345
1.10599
1.03455
1.06293
1.07561
1.04084
1.55244
1.04592
1.20478
1.02402
1.0963
1.63124
2.61215
1.23769
1.0806
1.52618
1.69251
1.03544
1.32241
2.57487
1.1557
1.30418
1.60648
1.16192
1.10157
1.15471
1.27934
1.19773
3.28466
2.27166
1.10377
1.18276
1.62154
1.17557
1.28997
3.0997
1.2235
1.38193
1.44153
1.53086
1.1569
1.40249
3.107
1.09655
1.01672
1.07656
2.05872
1.16793
1.80255
1.90179
1.34453
1.11882
1.12116
1.19023
1.03295
1.08766
1.68592
1.49291
1.42978
1.51838
2.22638
1.0091
1.04164
1.34392
1.08659
1.13787
1.82989
1.20629
1.02401
1.13539
3.95962
1.22167
1.02467
1.25941
1.09309
1.19945
1.47341
1.12145
1.25943
1.06509
1.09092
3.01903
1.15727
2.04469
3.77885
1.72025
1.03866
4.05938
1.55654
1.0296
1.30824
1.69543
1.02978
7.01968
1.09191
1.1278
1.34889
1.78206
1.2142
1.81379
1.45271
1.05678
2.01895
1.08137
2.27489
1.43012
1.24706
3.74756
3.02439
1.27474
1.1049
1.77432
1.12744
1.50257
1.98286
1.19878
1.13685
1.3249
1.24892
1.18258
1.68073
4.78658
2.04548
1.06791
1.23572
1.5125
1.54326
1.71904
3.77041
3.41275
1.04273
1.09501
2.03836
2.76142
1.43785
1.15254
2.11662
1.55536
6.17514
2.13054
1.21104
1.03115
1.06249
1.75824
1.06221
1.02713
1.3278
1.51479
1.28962
4.20459
1.00141
1.91351
2.33885
1.16293
1.03921
2.11899
1.02116
1.02616
3.42523
1.33676
3.44994
2.18629
2.04659
1.53832
1.22163
1.9983
1.39919
1.16848
3.86878
1.18123
2.14232
1.04251
2.16939
1.75364
1.08195
1.14409
1.1222
2.36076
1.66467
1.01291
1.11469
1.01695
2.30357
1.24491
1.20061
1.48931
2.05592
2.22777
1.90851
1.17349
1.08051
1.37782
1.0601
1.17333
2.1488
3.41041
1.95542
1.45637
1.07829
2.87824
1.01622
1.83802
1.45313
1.25523
1.1792
1.40622
1.50977
1.06329
2.91755
1.29556
1.02902
1.00669
1.1204
1.60666
1.6731
2.27815
1.78549
1.12505
2.03206
1.03417
1.0165
1.21208
1.00119
1.1501
1.38779
1.28523
1.1403
2.05637
1.17303
1.19886
1.33178
1.36797
1.04272
2.15536
1.86864
1.27096
1.16234
1.2075
3.10557
1.22845
1.12031
2.0723
1.08359
1.17597
1.23169
5.98882
1.90209
1.26683
4.0887
1.54021
1.71456
1.64171
1.18347
2.43714
1.07233
2.37478
2.14885
1.45718
3.35808
1.27084
1.04767
1.26841
2.8497
1.06652
1.04317
1.29563
1.07645
1.07858
1.36381
2.30019
1.32204
1.07416
1.94327
2.41821
1.10745
4.0997
2.00981
1.07033
1.01033
1.61999
1.14588
1.2103
1.06199
1.18048
1.28079
1.20367
1.34274
1.42113
1.83488
1.30323
1.20903
1.07572
1.46981
1.07688
1.39039
2.06673
1.0515
1.22744
1.00975
1.36021
1.20364
1.48691
1.53065
1.44979
1.46418
2.04559
1.23959
1.12205
8.618
1.12489
2.1428
1.1358
1.10553
1.4062
1.08632
1.36272
1.16286
1.03332
1.19737
1.04595
1.44996
1.03718
1.12293
1.16575
1.05121
1.0836
1.06764
1.30514
1.4719
1.26294
1.36705
1.15975
2.43736
3.45425
2.47068
1.02969
1.30351
1.08304
2.05076
1.27748
1.01309
1.12382
1.0326
1.03359
1.41445
1.25965
1.20559
1.49065
1.05819
1.38843
1.04215
1.38878
1.22337
1.44734
1.06784
1.83126
3.6355
1.38818
1.14336
1.05376
1.04214
1.62863
1.68401
1.02835
1.3087
1.00521
1.24368
1.68734
1.05163
2.39166
1.76276
1.08527
1.48704
1.72385
1.25735
1.14378
1.01677
1.57506
1.06941
2.28385
1.00091
2.02324
1.12023
1.66501
1.06861
1.04654
1.3969
1.39055
1.15896
1.02314
1.18807
2.32139
2.39273
1.37725
1.91186
1.87368
1.00031
1.45988
2.28043
1.03384
1.87004
1.01022
1.68337
1.48582
1.48136
2.11702
1.11358
1.38214
1.24545
1.13387
1.02791
1.4988
1.34895
1.51677
1.17903
1.84412
1.34828
1.68275
1.03391
1.11054
1.62088
1.04712
1.04865
1.01707
1.15601
1.10114
1.65104
2.11135
1.68843
1.05695
1.12434
1.24462
1.99523
1.12587
1.15417
1.12651
1.00716
1.08761
1.14638
1.38518
1.21187
2.85734
1.42547
1.91518
1.45139
2.07128
1.30074
1.21309
1.15096
1.27189
1.13272
2.97571
1.31315
1.09509
1.04044
1.08277
2.48469
1.15131
1.01599
1.33673
2.36588
1.67042
3.53034
1.40517
1.09008
1.44344
1.82114
1.04963
1.12244
1.42302
1.22546
2.01969
1.63255
1.25587
1.18081
1.05759
1.63985
3.02461
1.0942
1.0253
2.96935
1.26539
1.02737
1.50246
1.17198
1.10159
2.12495
1.04113
1.2506
1.13948
1.09985
1.09393
2.42745
1.46856
1.02846
1.05307
1.21098
1.0171
1.01476
2.61869
1.24486
1.15782
1.00996
1.47952
1.10073
1.43951
1.00796
1.10047
1.44863
2.62006
1.91204
1.60243
1.68702
1.05972
1.36544
1.35965
1.15039
3.7376
1.23781
1.12019
1.29733
1.0416
1.09272
7.75427
1.50207
1.06042
1.05085
5.77079
2.06794
1.30689
1.18726
1.14031
1.66975
2.11994
1.1759
1.82622
1.05103
1.36171
1.17804
1.15446
2.30446
1.12035
1.23191
1.03794
2.01716
1.48136
1.04082
1.03293
1.05858
1.67845
1.07113
1.97321
1.25633
1.48632
1.97098
1.07123
1.4079
1.00327
3.45664
1.01303
2.96352
1.42445
1.09415
1.03353
2.38749
3.98471
1.02943
1.00297
1.79568
1.7061
1.31352
2.17935
1.43605
1.14916
1.54808
1.00306
1.37034
3.09371
1.33485
1.13742
1.03882
1.17177
1.57984
1.03631
1.31456
1.35341
1.01889
1.19497
1.36883
1.24788
1.0943
1.0801
1.01339
1.40173
1.00039
2.60495
1.30369
2.17043
1.03978
1.02687
1.21429
1.24183
1.93549
1.30601
1.01051
17.6294
1.03941
1.41935
1.91
1.06742
1.11668
1.16647
1.00607
1.04691
1.05936
1.16983
4.25173
1.12134
1.14653
1.3294
1.46564
1.01009
3.00951
2.21226
1.07859
1.64344
1.7619
2.4454
1.23335
1.05231
2.07403
1.20686
1.2524
1.09196
1.29269
2.05749
1.07406
3.2114
1.02681
1.74853
1.43189
1.29284
1.0355
1.83526
1.43923
1.06941
1.475
1.19814
1.42649
1.06834
1.36362
1.34776
1.07518
1.16347
1.19002
1.23804
1.36725
1.17861
1.32585
2.68887
1.38597
1.107
1.88065
1.19159
3.06388
4.83503
2.78856
1.08611
1.54987
1.35747
2.21783
2.17141
1.75393
1.05271
1.06422
1.16803
1.92183
1.10971
3.45147
1.72341
1.041
1.12218
1.44478
1.73261
1.0186
1.03255
1.0923
1.23978
1.25103
1.35868
2.18765
1.10712
1.18081
1.30559
1.01386
1.38584
1.3997
1.1454
1.12099
1.00472
1.09399
1.08221
1.45143
1.5005
1.15805
1.0323
1.20544
1.05861
1.26528
2.25504
1.43298
1.17496
2.79634
1.15005
1.19049
1.1962
1.42144
5.31116
1.25536
1.15441
1.04417
2.04846
1.08427
1.03785
1.14682
1.44836
3.97657
1.4924
1.47287
1.68604
1.00727
1.18233
1.45633
3.00334
1.04544
1.35063
2.87954
1.092
1.80893
1.50936
1.00253
1.07299
1.02524
1.26034
1.30721
1.91227
1.83627
1.49812
1.70866
1.15274
2.8803
1.1791
1.43557
1.26905
1.18092
1.32097
1.15969
1.0616
1.01541
1.55932
1.53951
1.01283
1.14718
1.42859
1.25496
1.26838
2.65617
1.54963
2.02214
2.26385
1.07001
1.09256
2.15159
2.1016
1.0188
1.50759
1.16386
1.14165
1.94136
1.14234
1.08347
1.32153
1.00967
1.01415
1.0592
1.74247
1.12642
2.69786
1.00091
1.21853
2.1537
1.29271
1.20802
1.57306
1.00638
1.08034
1.92181
1.18145
1.29454
1.11391
1.3591
1.20357
1.52877
1.14927
1.22579
1.02293
1.2171
1.56794
1.03183
1.02635
1.26735
1.48636
1.99151
1.1844
1.78058
1.0274
1.15663
1.4999
2.49797
1.11967
1.17356
1.05566
1.20158
2.19995
1.26071
2.87514
1.66886
2.70517
1.63308
1.19138
1.19946
1.56688
1.86433
1.09796
2.37287
1.32101
1.03633
1.26954
1.87883
1.10982
1.28222
1.50594
1.17207
2.09714
1.0111
1.17144
1.00905
2.49098
1.08136
1.08695
1.00032
1.50863
1.16621
2.60954
1.82326
1.55924
1.21294
2.24185
1.10791
1.14089
1.04235
1.05473
1.04624
1.18689
1.25417
1.23277
1.69345
1.02724
1.52375
1.37348
1.03545
1.02141
1.04079
1.25726
3.20973
1.85138
1.23903
1.18787
1.10719
1.06869
1.29892
1.15107
1.20065
1.02118
1.16453
1.43367
1.33421
1.0513
1.3601
1.49497
1.69864
1.2379
3.24457
1.70423
2.80386
1.40626
1.11216
1.7107
1.05109
1.01604
1.20414
1.15642
1.48352
2.1707
1.23502
1.08311
1.06796
1.80653
7.54944
2.57107
1.17969
1.17519
2.03584
1.07441
1.38904
1.20338
1.01277
4.37718
1.48243
1.57867
1.51809
1.25784
1.01035
2.86631
1.00703
1.43221
1.44359
1.40922
1.44609
1.05269
1.53603
1.11038
1.24852
1.05981
1.28891
4.03428
1.0617
1.66788
1.12384
1.98081
1.04641
1.94546
1.0071
1.0327
1.72683
1.09862
1.82398
1.16419
1.08405
1.24487
1.89439
1.05175
1.13333
1.12872
1.81144
1.04801
1.12145
1.42375
1.43468
1.02691
1.09986
1.11723
1.07904
1.00685
1.3958
1.90842
2.29043
1.0069
1.28675
1.00469
1.18608
1.30643
1.42613
2.16933
1.19719
1.15697
1.82701
1.08912
1.1272
1.00998
1.09807
1.09477
1.17799
1.34351
1.78233
1.5854
1.16636
1.33026
1.18166
1.15796
1.27902
1.17723
1.49717
1.67292
1.88203
1.37537
1.805
2.57138
1.02888
1.06237
1.29604
1.14169
1.62515
1.28494
1.26032
1.38066
1.01032
1.13654
1.51843
1.10067
1.13977
1.80634
1.40286
1.3955
1.08508
1.31564
1.64013
1.85871
2.00937
1.2554
1.05078
2.02512
1.51243
2.73262
3.02828
1.58246
1.00044
1.03728
1.05364
1.15598
1.39333
1.20354
3.04691
1.15841
1.65917
1.53317
1.01816
1.07775
1.63715
1.25405
1.25335
1.36808
1.8012
1.106
1.11867
2.57048
1.09356
1.04056
1.27772
1.36106
2.50886
1.18918
1.19519
1.89665
1.68089
1.15815
1.84666
2.27363
1.56677
1.39851
1.20367
1.24706
1.10437
1.05789
1.10448
1.80563
1.06723
1.12399
2.04406
4.91708
1.52157
1.31454
2.12301
1.20304
1.07684
2.61968
1.16831
4.97362
1.0358
1.17046
1.08579
1.03905
1.52152
1.08844
1.1788
1.08521
1.02364
1.02291
1.05339
1.25773
1.66807
3.87108
1.33272
1.12929
1.13563
2.06417
1.39714
1.16674
1.21603
4.3377
1.27468
1.34778
1.11135
1.04984
1.07862
1.44803
1.03451
3.31372
2.08897
1.00816
1.83473
1.06073
1.91054
2.0318
1.15132
5.01873
2.65069
2.08233
1.15177
1.15247
3.83807
1.01297
1.22998
1.08119
1.30671
1.23876
9.39184
1.13392
1.75368
1.92894
1.44365
1.61948
1.5256
1.48063
3.34565
1.99416
1.41929
1.37575
1.015
1.79233
1.60575
1.39834
1.13595
1.09367
1.23052
1.12732
1.07239
3.76724
1.01661
1.04733
1.65736
2.47617
1.91429
2.81835
1.47545
1.09888
1.75395
1.2543
1.14273
1.03281
1.0052
1.47978
1.05936
1.91523
1.19852
2.02914
1.324
1.22798
1.02173
1.1357
1.51969
1.70327
1.36157
15.2131
1.23822
1.01031
1.36587
1.15919
1.02891
1.3496
1.10176
1.5907
1.00873
1.00822
1.23403
2.81635
1.16011
1.27116
2.69917
1.01446
1.23478
1.78682
1.65821
1.98685
1.58399
1.09072
1.7975
1.16698
1.1134
1.07436
1.35514
1.9218
1.23812
1.32567
2.42863
1.35331
1.36013
1.03024
1.92869
1.06719
1.2512
1.04159
1.15839
1.05174
1.58604
3.47559
1.79501
1.69011
1.31434
1.85209
1.5658
1.56612
2.28061
1.45198
1.01557
2.16269
1.81768
1.61694
1.14922
1.09795
2.01465
1.71591
1.15551
1.07217
3.33711
2.20183
1.43714
1.15128
1.58895
1.79651
1.02462
1.06755
1.11217
1.30067
1.23438
1.07242
1.487
1.13089
1.42289
1.01043
1.65392
2.57872
1.40903
1.08411
1.81014
3.56428
1.8769
1.73502
1.1241
1.56657
1.27401
1.08293
1.29143
1.55803
1.30107
1.29189
1.38228
1.10202
1.44195
1.02072
1.17062
1.08628
1.02474
1.06101
1.37618
1.19361
1.00075
1.21251
2.15826
2.63462
1.42454
2.21268
1.5789
1.04572
1.01106
1.17801
1.25246
2.06624
1.14993
1.03072
1.07876
1.59993
1.91464
1.67933
1.23304
2.51302
1.29147
1.16687
1.21839
1.12479
1.10782
1.61026
2.82122
1.07247
1.22201
1.17823
1.23972
1.06187
1.11965
1.09426
1.17917
2.4714
1.25564
1.84013
2.79055
1.27862
1.22563
1.32452
1.64846
1.03564
1.01327
1.3715
1.46394
1.07164
2.90464
1.08797
1.14532
1.06146
1.01385
1.11316
1.995
1.21441
1.51923
1.15891
1.00781
1.13543
1.26917
3.1839
1.16502
1.05857
1.76882
1.181
1.36978
1.0041
1.34844
1.10294
1.11003
1.01571
1.15344
1.36184
1.7454
1.09451
1.77347
1.4448
1.01185
1.32104
1.10459
3.62772
1.19979
1.04905
1.47907
2.35038
1.09005
1.06425
1.6776
1.12796
1.46233
1.33921
1.36877
1.63409
1.18777
2.6604
1.12471
1.32365
1.3565
1.50459
1.3709
1.37522
1.91782
1.10751
1.32944
1.01498
1.46463
1.70744
1.61413
1.15746
3.83881
1.07007
1.56597
2.36963
1.49598
1.31719
1.6732
1.03502
1.00444
1.49166
1.36085
1.56389
2.23705
1.40819
1.39463
1.49829
1.3065
1.12443
1.63525
1.16812
1.23239
1.07428
1.06011
1.02178
1.21139
2.1781
1.3651
1.04735
1.06671
1.35301
1.00846
1.76833
1.50181
1.01397
1.18499
1.14236
1.64352
1.19163
1.07503
3.08992
2.25056
6.8294
1.75586
1.02303
1.11824
1.27688
1.64205
1.4002
1.37304
1.54772
1.47227
1.61163
1.69383
1.13298
1.11166
2.3036
1.18835
1.18353
1.13877
1.2214
1.15692
1.24259
1.12897
1.0071
1.17834
1.6318
1.24317
1.28141
1.18816
1.0915
1.29484
1.04222
1.91574
2.36399
1.09329
1.30208
1.74622
2.38483
1.27951
1.14355
1.15589
1.83463
3.58141
1.22881
1.00892
2.86521
1.66792
1.11809
1.05064
1.25439
1.31189
1.20618
2.57078
1.15588
1.425
1.49796
1.1376
1.04989
1.14809
1.39051
1.12599
1.34023
1.21073
3.13769
1.11963
1.2204
1.41873
1.10934
1.03025
1.41168
1.12713
1.2757
1.66149
1.13209
1.46411
2.75194
1.38872
1.17762
1.6948
1.40419
1.10129
1.56591
1.37933
1.05861
1.12994
1.58906
2.84099
3.92673
4.08026
1.11273
1.09917
2.23676
1.0569
2.08709
1.06613
1.00909
1.48227
1.01667
1.17853
1.08436
1.21924
1.97343
1.20915
1.44631
2.32902
1.53457
1.48374
4.44871
1.03387
1.06791
1.29203
1.03807
1.76804
1.41329
1.03847
1.41032
1.18772
1.09881
1.18408
1.00906
1.21398
1.58655
1.49744
1.1729
1.1735
1.55407
1.07435
1.06956
1.12879
1.52084
1.18742
1.14701
2.19527
1.13558
1.73705
1.26819
1.23222
1.04259
1.36944
1.16024
1.01786
2.67547
1.1163
1.27186
1.02094
1.1261
1.3542
1.42153
2.26026
1.26943
1.45283
1.03666
1.08126
1.16091
1.43936
1.02013
1.24265
1.31848
3.03796
1.1647
1.47376
1.09225
1.51318
1.0608
1.13163
1.06123
1.44778
1.66138
1.08838
1.55746
1.14302
1.13886
1.27896
2.84979
4.36275
2.4427
1.88078
1.67576
1.32747
1.81391
1.03553
1.42891
1.64814
1.03875
1.18966
1.26359
1.19684
1.28977
1.38497
1.07819
1.00164
1.62811
1.11549
1.07254
1.107
1.21835
1.06655
1.37614
2.17798
1.0073
1.35805
1.11205
1.0913
1.06445
1.12241
1.50154
2.14259
2.11208
1.53527
1.11623
1.14455
1.06758
1.1505
1.38335
2.30234
1.18762
1.00195
1.08676
1.04829
2.62429
2.00707
1.60222
1.25367
1.13394
1.48747
1.06627
1.36372
1.13974
1.09532
1.20358
1.16443
1.19028
1.94845
1.65937
1.5821
1.05474
1.05206
1.08093
2.23792
1.03407
1.04382
1.05338
1.28276
2.26111
1.28801
2.12022
1.03195
1.53316
1.30883
1.17001
1.20643
1.20485
1.06281
1.01302
1.05043
1.23955
1.62847
1.60693
1.14846
1.08875
1.27609
1.29538
1.18437
1.49655
1.58175
1.15337
1.16067
1.18528
1.06614
1.01212
1.25627
1.08939
1.32793
1.19571
1.06359
1.14843
1.00303
1.01216
1.49273
1.01784
1.46943
1.36583
1.18009
2.44878
1.23752
1.57529
1.1939
1.03872
1.37872
2.46048
1.21296
1.39052
1.28263
1.28896
2.13098
1.42298
1.05481
1.52781
2.61359
1.1231
1.34123
3.13719
1.08327
2.46126
2.03988
1.14824
1.15483
1.24885
1.29257
1.83726
1.20895
3.51099
1.47798
1.59662
1.20592
1.23258
1.0435
5.46925
2.37611
1.11499
1.15303
1.01875
1.38717
1.48759
1.04782
2.18519
1.09345
1.53306
2.88213
6.98864
1.25008
1.59599
1.56756
1.13365
1.08211
1.3928
1.16252
1.10251
1.17649
1.37241
1.29483
2.57156
1.00599
1.05823
1.93028
1.17783
1.12173
1.03986
1.54678
1.72863
1.53892
4.56378
1.36508
1.18225
1.06959
1.22856
1.61331
1.28281
1.15612
1.15761
1.87956
2.62697
1.15979
1.41079
1.34738
1.48865
1.00836
1.16521
1.04181
1.72033
1.02878
1.04381
1.05673
1.15884
1.0162
1.29343
1.32755
1.88606
4.95321
1.919
1.38547
1.53155
1.1994
2.17669
1.02555
1.01055
1.23315
1.03084
1.94643
1.04435
1.03977
1.1582
1.2263
1.07947
1.00378
1.49012
1.11214
2.49728
3.75044
1.03724
1.27024
1.68697
1.58739
1.7672
1.05809
1.04016
1.16611
1.10946
1.21096
1.10863
1.1958
1.2079
1.93637
2.96222
2.53191
1.28337
1.09677
3.3053
1.11346
2.18613
1.96717
1.17827
1.41798
1.09698
1.67205
2.15438
2.20853
1.13857
4.33685
2.59937
1.46798
1.00581
1.1901
1.36825
1.01452
1.08227
1.81083
1.07042
1.11012
2.24135
2.23822
1.10648
1.09701
1.36414
1.73087
1.23521
1.69408
1.14141
1.02334
1.31309
1.80841
1.03659
2.31588
1.17618
2.65525
1.02155
1.56203
1.60544
1.46588
2.80351
1.05372
1.57003
1.04828
1.00993
1.41187
1.13893
1.00845
1.32864
1.20505
1.28067
2.11979
8.85112
1.17097
1.08103
1.20159
1.08325
1.16432
1.26709
1.11061
1.54198
1.11819
1.1152
2.60816
1.20868
1.10739
2.41546
1.17555
2.35264
1.26681
1.0309
1.12603
1.12684
1.39519
1.05173
1.21691
2.31047
1.41441
1.19313
1.20788
1.09088
1.03919
1.08777
1.18203
1.34326
1.08975
1.5967
1.1409
1.3383
2.33164
1.02536
1.46756
1.18186
1.10461
1.26257
1.65198
1.07546
1.43013
1.358
1.42451
1.33564
1.14293
1.19946
1.03017
2.30935
1.37557
1.12188
1.19258
1.02696
1.56046
1.8198
1.45827
1.04143
1.21623
1.06316
2.78031
1.00341
1.22039
1.83532
1.1494
1.71175
1.25094
1.11888
3.78815
1.09979
1.00312
1.05994
1.2608
1.66131
1.00967
1.11658
1.08096
2.09861
1.33485
1.18873
1.04513
1.59024
1.34175
1.10266
2.33669
2.48997
2.28907
1.19736
1.11244
1.10111
2.50553
2.11114
1.17144
1.10781
1.56039
1.13169
1.52505
1.2317
1.5008
1.16634
1.05467
1.15813
5.04456
1.46537
1.02351
1.19834
1.05053
1.18665
1.60264
1.69151
1.39398
1.53909
1.39545
2.40293
1.30015
1.18485
1.41237
1.2164
1.15622
1.50997
1.00576
3.12756
1.16174
1.07917
1.51527
2.06534
1.26195
3.24006
1.18218
1.33986
1.22261
1.04121
1.69081
1.32129
1.42016
1.00677
2.81188
1.42085
2.12853
4.39296
1.06677
1.0951
1.24755
1.22655
4.01261
1.41662
1.27817
1.27915
1.38163
1.6901
1.78949
1.60964
2.13022
1.35941
1.23136
3.79374
1.08846
2.33399
2.63436
1.55197
3.62994
2.18633
1.10009
1.51769
1.01533
1.60169
1.2493
1.03434
1.02765
1.00811
1.59946
1.20753
1.15364
1.55272
1.13829
1.05781
1.18091
1.3297
1.72848
1.11799
2.45591
1.24753
1.13986
1.05228
3.78572
1.81533
1.12991
1.14776
1.17806
1.10717
1.84904
1.10259
1.27286
3.75212
1.52046
2.24701
1.77812
1.23857
2.1248
1.20512
1.16495
1.24243
1.08528
1.20387
1.00522
1.08809
1.01106
1.39777
1.29466
1.89037
1.69754
1.00763
1.05074
1.64377
1.21352
1.14957
1.41351
1.68433
1.13509
1.12186
2.17043
2.24858
1.1172
1.02209
3.58741
1.16986
3.02549
1.12815
1.39128
1.48586
1.03918
4.13494
1.0422
1.36532
1.51547
1.02146
1.52045
1.03457
1.30616
2.35946
1.48768
1.60037
1.13805
1.93618
1.0884
1.18486
1.14384
1.43199
1.19192
1.42103
1.15116
1.26855
1.1445
2.10078
1.15826
1.67048
1.12794
1.09097
1.03257
1.00941
1.07388
1.22116
1.01468
1.05172
2.35281
1.22547
1.49949
1.26731
4.64608
1.10358
1.10079
1.18538
1.74564
1.9125
1.22874
1.20557
1.2041
1.75142
1.12648
1.41563
1.20966
1.05307
1.02544
1.06827
1.0459
1.25309
1.31698
2.24327
1.14944
1.15288
2.4571
1.08337
1.02519
1.05579
1.16034
1.4436
1.39657
1.05167
1.69036
1.87109
1.09719
1.09694
1.24646
1.83549
1.00666
1.14483
1.28357
1.00798
1.16538
1.04098
1.70146
3.4552
1.32451
1.03715
1.03909
2.20059
1.02429
1.01997
1.62202
1.71899
1.49451
1.25313
1.63507
1.04069
1.08767
1.48982
1.00924
1.12326
1.0116
1.38682
1.73599
1.01684
1.0637
1.59804
1.01959
1.31269
1.07585
1.43364
2.3177
1.10874
1.35761
1.2375
1.12599
1.38842
1.49699
1.02336
1.27752
1.18976
1.06355
1.64954
1.04044
1.38491
1.23058
1.235
1.13144
1.88893
1.566
1.18234
1.10956
1.25248
1.45549
1.21229
1.08348
1.78044
1.41535
1.22196
1.46717
1.07911
1.02392
1.48251
1.27852
1.23894
2.25653
1.46613
1.0293
1.19329
2.26543
1.50908
1.10264
1.30404
1.84775
1.35198
1.22221
1.11211
1.01666
1.04779
1.05619
1.06496
1.43365
1.52712
1.02826
4.12125
1.17466
1.0644
1.08586
1.36999
1.61812
1.04992
2.33824
1.05879
2.58973
2.53151
1.23998
1.98147
1.49603
1.45368
7.93216
1.31359
1.36237
1.24646
1.14896
1.01908
2.70083
1.93687
1.09767
1.16195
1.11061
3.93037
1.05915
1.35034
1.20302
1.04321
2.14717
1.17414
1.46282
1.23623
1.05817
1.13345
1.017
1.58916
3.61361
1.15652
1.48764
1.09147
1.14833
1.57408
1.78467
1.23452
1.13103
1.13035
1.13063
1.02258
1.68422
1.4549
1.44887
2.41634
1.10728
3.25039
1.07465
1.24511
1.01788
1.11524
1.4179
1.78206
1.06311
1.96716
1.30071
1.03152
2.30258
1.66935
1.12276
1.02909
1.27095
1.07268
2.03788
1.35041
1.15807
3.59409
1.49471
1.18716
1.31341
1.01705
1.04811
1.3325
1.03428
3.72069
1.24632
1.00962
1.46733
1.36103
1.03107
1.64132
1.50621
1.49107
1.1965
1.56161
1.15559
1.22213
1.21091
1.51392
1.07697
5.10835
1.26221
1.17269
1.07053
1.06813
1.7959
1.18007
1.21861
1.7724
1.64741
1.17421
2.18368
1.01851
1.09296
1.94734
1.0273
1.0898
1.1199
1.10506
1.08843
1.09276
1.67097
1.0876
1.04981
1.32081
1.50267
1.02733
1.16327
1.34138
1.2963
1.13648
2.64553
1.35693
1.25265
1.00122
1.49098
1.04453
1.61712
1.14921
1.84944
1.22169
1.16714
1.10227
1.15097
1.18629
1.0185
1.06486
1.04078
1.0674
1.16071
1.04685
1.12199
2.1065
1.21093
1.23225
1.08381
1.40672
1.14192
1.28904
1.4616
1.58023
1.15143
1.06133
1.08856
1.7542
1.04057
2.00411
1.07366
1.08819
1.33872
1.14397
1.03583
1.75159
1.03031
1.57681
4.70617
1.16698
1.12426
1.12614
1.01912
1.29354
1.11119
1.06192
1.32314
1.00859
1.00971
2.07144
1.48535
1.1847
1.02585
1.00902
1.30158
1.24814
1.59491
6.80333
1.00934
3.01416
1.06745
1.20425
1.05629
2.09009
1.55112
1.3488
1.00643
1.49739
1.42691
2.07696
1.32608
1.16566
1.26254
1.00718
1.39681
1.04511
1.03943
1.10863
1.94991
2.09842
2.02955
1.08253
1.07336
1.0345
1.26177
1.08107
1.58832
1.04177
1.21457
1.05121
1.18041
1.22498
1.01008
1.31663
2.72554
1.02827
2.94669
1.00564
1.22302
1.55739
1.40968
1.48394
1.00032
1.0382
1.02373
1.41305
1.14288
1.12867
1.45825
1.47932
1.47806
1.17723
1.13169
2.0867
1.70901
1.09484
1.75042
1.35081
1.64384
1.00266
1.22318
1.27406
1.89456
2.01833
1.79158
1.03144
1.75334
1.2158
2.15658
1.04938
1.71686
1.23037
1.44429
1.21366
1.25662
2.9976
1.24308
1.03439
1.01014
2.17812
1.16816
1.60268
2.28977
1.28878
1.05074
1.58493
1.5444
1.73844
1.19629
1.06751
1.06967
2.88798
1.00666
2.57168
1.04795
1.14205
2.52627
2.14364
1.19715
1.31674
1.31477
1.28148
1.78556
2.6253
1.04462
1.23096
1.09641
1.23634
1.08419
1.9304
1.38392
1.11325
1.21128
1.01669
1.10044
1.24151
1.11397
2.20676
1.92524
1.14698
1.12858
1.45391
1.24169
1.39775
2.04125
1.25607
1.50162
1.4518
2.27381
1.14316
1.47355
1.69284
1.57996
1.56546
1.05534
1.04196
1.26843
3.88853
1.47913
1.06805
1.43131
1.40275
1.06995
1.08733
1.33921
3.38049
1.02745
1.19268
1.1629
4.74193
2.08662
2.28313
1.05214
1.16076
1.23368
1.39507
1.09589
2.67194
1.08208
1.08506
2.32648
3.83873
4.69994
3.68076
1.48387
3.80703
2.33607
1.34962
3.20254
1.47705
1.3714
4.28793
1.12336
1.66806
1.44464
1.29589
1.1226
1.01299
1.16571
1.40608
1.42519
1.18324
1.25897
1.25132
1.31718
1.58565
1.6789
1.53276
1.55015
1.50594
1.24898
4.9177
1.13844
1.74453
1.42464
2.63233
1.33128
1.022
1.01129
1.04131
1.3213
1.78423
1.63305
1.05231
1.49456
1.08856
1.16442
1.86905
1.04485
1.46176
1.18855
2.37954
1.02014
1.0476
1.66151
1.20205
1.12321
4.26928
1.32083
1.00616
1.0956
1.0782
2.80327
1.8337
2.32376
1.58998
2.10751
1.18906
1.49539
1.12519
1.0246
1.07225
2.05864
1.21765
1.0454
1.12029
1.08371
2.21952
1.03512
1.41432
1.10024
1.00572
1.11091
1.03337
1.85876
1.34163
1.16609
1.19389
1.0897
1.05241
1.01623
1.62259
1.63725
1.25488
2.35291
2.89661
1.02242
1.23667
1.19333
1.09333
1.02587
1.30801
2.43496
1.4097
1.22188
1.00222
1.51756
1.18996
1.09937
1.0188
1.0955
1.59411
1.50891
1.91814
1.08015
1.80129
1.5823
2.59001
1.06191
1.04959
1.24814
1.39383
1.00001
1.42542
1.27015
1.22575
2.22051
1.46444
1.31942
1.10025
1.24565
1.06354
1.07783
5.54623
1.52591
1.19674
2.3387
1.202
1.57648
1.26266
1.67732
1.44467
1.58603
1.83424
1.26076
1.9508
1.09255
1.48791
1.7758
1.35012
1.12502
1.81659
3.17335
1.1554
1.58493
1.42201
1.41334
1.02448
2.40396
1.16078
1.14189
1.05613
1.14806
1.56095
1.63903
1.1337
1.6665
1.01454
1.76293
1.03998
1.20482
1.06577
1.37706
1.36667
1.23334
1.19168
1.13812
1.12797
2.28283
1.08069
2.30536
1.0682
1.73788
2.54786
1.2364
1.15403
1.03701
1.10177
1.13996
1.82586
1.02639
1.06343
1.48853
1.1109
1.37896
3.98004
1.86727
1.20624
1.51577
1.25803
1.77135
1.07462
1.00319
1.05307
4.14044
1.72568
1.30257
1.1185
1.01612
1.44143
1.51176
1.13008
1.08178
1.0196
1.08622
1.49995
1.25701
1.45442
1.11587
1.69633
1.4931
1.17477
1.15056
3.31364
1.12248
1.01065
1.22128
1.17872
1.47211
1.49302
1.05492
1.02834
1.61669
1.09603
1.16257
1.21398
2.60219
1.01257
1.66715
1.2082
2.23139
1.2585
2.32065
1.30426
1.0535
1.12739
1.89186
1.15145
1.00452
1.62575
1.43298
1.26368
1.42422
1.73098
1.07811
4.041
1.16025
2.6254
1.09912
1.15926
1.11037
1.1677
1.31241
2.63047
1.40287
1.19389
1.20782
1.19787
1.03941
1.03143
1.69503
1.07686
1.53203
1.9036
1.05117
1.48506
1.01444
1.13744
1.10267
1.58917
2.47752
1.33869
1.56612
1.30263
1.24571
1.98646
1.73393
1.14886
2.53622
1.28853
1.02177
1.50452
1.02286
1.31979
1.12742
1.15318
1.1604
1.0012
1.26259
1.03324
2.75984
1.51305
1.09417
1.27693
1.42632
1.67303
2.74764
1.09721
1.27135
1.67562
1.07258
1.1099
1.26407
1.07442
1.14769
1.06588
1.76553
1.0533
1.47678
2.53172
1.87604
1.03353
1.2377
2.279
1.4291
1.97811
1.04452
1.47181
1.00635
1.73923
1.42346
1.03303
1.114
1.07722
1.39855
1.52569
2.67683
1.2128
1.21591
1.30513
1.19419
1.10056
1.19247
1.38645
1.09812
1.07512
1.11157
1.35555
1.32752
1.32136
1.57342
1.30811
1.11357
1.28855
1.5388
1.27594
1.54221
1.00778
1.32663
1.30131
1.32682
1.51388
1.07589
1.05752
1.7258
1.13177
1.00395
1.00737
1.35138
1.04956
1.06943
1.22297
1.33993
1.31827
1.50033
1.33271
1.13168
1.02842
1.70144
1.05441
1.12724
1.17626
1.10603
1.00783
1.21005
1.00501
1.62635
1.0262
1.24102
1.7868
4.88407
3.12198
1.03847
1.60798
1.29601
1.11904
1.10956
2.26294
1.42348
1.04242
1.31082
1.05024
1.22388
1.27506
1.29838
1.63105
1.20579
1.07273
2.65905
3.09539
1.33035
1.80038
1.38929
1.08125
1.36443
1.02711
1.42039
2.47168
1.25809
1.17816
3.9969
1.13861
1.01271
1.0795
1.11972
1.17735
1.26662
1.33315
1.18447
1.24161
1.17603
1.55152
6.59335
1.19432
1.23125
1.09501
1.37709
1.16836
1.159
1.46245
1.71438
1.04003
1.30954
3.56969
1.51998
1.09143
1.38041
1.37782
1.25697
9.41499
1.16208
1.08502
1.57485
1.02487
1.50966
1.77206
1.10272
1.36526
1.47677
1.07741
1.39929
1.03365
1.11871
1.19842
2.65897
1.40678
1.02891
1.43363
1.2255
2.58705
1.10391
1.3277
1.30898
1.27362
1.59019
1.08193
1.00878
1.60325
1.55749
1.13186
1.10605
1.18702
1.20836
1.04067
1.00783
1.01856
4.09878
1.37595
1.32076
2.14351
1.29118
1.38307
2.01365
3.70961
1.25863
1.49727
1.24495
1.18447
1.56428
1.11966
1.20913
1.07161
1.03519
1.28544
2.7723
1.76426
1.62037
1.33161
1.03921
2.7456
1.31738
1.64168
1.22615
1.00495
1.69561
1.00529
1.39284
1.14439
1.09046
1.03736
1.36729
2.11985
1.21705
1.51781
1.34791
1.25976
1.03783
1.7868
1.35282
1.07854
3.03123
1.13496
2.97406
1.70064
2.52694
1.15618
2.06786
1.0754
1.0995
1.27693
1.6525
1.1547
1.27384
2.26679
1.63615
1.07158
1.08494
1.63394
1.01163
4.09552
1.1667
1.023
1.35344
1.01389
1.03083
1.44701
1.48818
1.69895
2.02217
1.01238
1.2997
1.0415
1.30552
1.66606
1.48666
1.0418
1.15954
1.1468
1.72901
1.65962
1.13019
1.07797
1.00907
2.20589
1.10319
1.03711
1.21902
1.36276
1.01698
3.72212
1.47501
1.11697
1.34852
1.19535
1.037
1.65628
1.44229
1.60222
1.05587
1.92677
1.19782
1.29926
1.36875
1.65049
1.01235
1.33527
2.20001
1.87895
1.09673
2.27243
1.77628
1.3529
1.14
2.44821
2.55231
1.11744
1.25879
1.51816
2.56236
4.46217
1.34645
1.02091
1.23048
1.35426
1.70212
1.554
1.23719
1.30788
1.07742
1.15857
1.21444
1.24196
1.74786
1.52606
3.28748
1.11064
1.2529
2.79454
1.088
1.34673
2.32467
1.57529
1.93074
1.11167
1.04766
1.03397
1.92343
1.07743
2.31384
1.5116
1.87764
1.54539
1.73085
1.40848
1.32919
1.11106
1.07389
1.00764
1.82084
1.83363
1.08975
1.16813
1.1649
1.26911
1.28767
1.47935
1.29211
1.50425
1.20153
1.00038
1.03911
1.29322
1.18388
1.06535
1.00386
1.37673
1.09041
1.0075
1.09488
1.49036
1.50517
1.35137
1.09249
1.06236
2.4081
1.05352
1.40888
2.72726
1.8695
1.07777
1.87455
1.36533
1.01779
3.47444
1.20569
1.15008
1.2332
1.00239
1.40013
2.52843
1.70152
1.93313
1.61219
1.4993
2.07941
2.21732
1.26206
1.31497
2.85204
1.02619
3.98717
1.05291
2.12614
1.07662
1.30169
1.74266
1.13636
1.32074
1.12127
1.76974
1.02767
1.41384
1.09537
1.06496
1.37739
1.41571
1.00988
1.24145
1.04871
1.5897
1.15888
1.00502
1.57116
1.79816
1.09273
1.45158
1.0969
1.21622
1.41491
1.06472
1.10077
1.34546
1.05339
1.08531
1.02379
1.31794
1.03831
2.25135
1.41967
1.0532
1.17476
1.01063
1.25381
1.60367
1.03864
1.061
2.07791
1.0928
1.57513
1.70686
1.09975
2.35022
1.01826
1.07328
1.34189
1.46366
1.14379
1.92435
1.11776
1.26146
1.08432
1.10798
1.39188
1.05408
1.13408
2.02247
1.54027
1.78973
2.7229
4.73429
1.27925
1.01766
1.28062
1.43337
1.46096
1.22099
1.26266
1.19896
1.44241
1.45957
1.70238
1.07546
1.7597
1.48666
1.27449
1.10305
1.43389
1.74735
1.04016
1.3963
1.17414
1.25806
1.64358
1.28213
1.08607
1.36572
1.53326
1.29669
1.02791
1.95169
1.05286
1.97903
1.49717
2.54518
2.07996
1.33109
1.20388
1.30864
1.20475
1.08909
1.06223
2.19912
1.1401
1.07972
1.41173
1.11336
2.88869
1.70567
1.04739
3.2542
1.25499
1.0608
1.1415
1.02924
1.0194
1.21224
1.05857
1.34813
1.39104
2.92829
1.123
1.08264
2.80981
1.18143
1.2269
1.01489
2.29365
1.03546
1.37441
1.35552
1.96606
1.05151
1.16527
1.13641
1.07632
1.00587
1.70677
1.02893
1.02226
10.3909
1.18064
1.68959
1.08249
1.05452
1.15055
1.11216
1.80921
1.14593
1.07828
2.85061
1.1008
1.06412
2.42309
1.00934
1.29356
1.96802
1.06956
1.28386
1.25134
1.21328
1.65926
1.35592
1.00845
1.59553
1.12503
1.03119
2.00225
2.7397
1.03121
2.06873
1.49917
1.54116
3.70474
4.78203
1.60396
1.05025
1.32017
2.19797
1.50311
1.0683
1.0971
1.06268
1.48703
1.45365
1.76278
1.58515
1.4112
1.04239
1.23763
1.08767
1.00048
2.49783
1.42479
1.85603
1.49778
1.75804
1.41445
1.71435
1.11841
2.88127
1.0053
1.67144
1.11613
1.11195
2.4329
1.0319
1.12379
1.02984
2.69016
1.12007
1.45387
1.14291
1.30126
1.12938
1.15463
1.18652
1.27704
1.68078
1.67473
1.32294
1.18902
1.24761
1.28878
1.48562
2.39625
1.14796
1.46436
1.40155
1.40611
1.48135
1.23176
1.01973
1.31314
1.29367
1.20616
5.201
1.1707
2.69294
1.72875
1.12396
1.60683
1.01156
1.09078
1.15308
1.15729
8.00147
1.6928
1.5489
2.36674
1.0671
1.02914
1.43007
1.41679
1.32903
1.27067
1.1398
1.2192
2.66303
1.24269
2.07265
1.23743
1.18388
1.21579
1.05413
1.5504
2.21271
1.54311
1.09381
1.17171
1.13026
1.87159
1.07911
1.58651
1.43787
1.39473
1.89338
1.00913
1.54414
1.37614
1.40922
1.02908
1.11799
1.09342
1.59205
1.10309
3.01896
1.37476
1.58113
1.35574
1.1238
1.50509
1.08093
1.61057
1.50581
4.58451
1.51223
1.48233
1.66804
1.38408
1.01121
1.63807
1.73724
1.07975
1.0385
1.08395
1.04127
1.00822
1.02549
1.13739
1.56869
1.09697
1.07752
1.67819
1.03635
1.66728
1.34126
1.12576
1.26818
1.05811
1.00452
1.10111
1.35481
2.64154
1.25738
1.5088
2.41683
1.16417
1.35185
1.00115
1.08392
1.32038
5.91151
1.11067
1.09183
1.17291
1.02607
1.10331
1.14804
2.146
1.09686
1.00305
1.40582
1.1325
2.18307
1.01764
1.46285
1.54778
1.00281
1.03718
1.64813
1.27457
1.3515
1.34328
1.58323
1.16823
1.45793
1.17019
1.13517
1.17963
1.07735
1.14681
1.15562
1.19226
1.00061
1.02264
1.01932
1.57601
3.0616
1.11479
1.09138
1.02514
1.38612
1.47759
1.22697
1.03374
1.74192
1.52305
1.02947
1.15717
1.10814
1.26558
1.77372
1.23222
1.49148
1.39852
1.06717
1.13093
1.38441
1.71474
1.24508
1.20967
1.32101
2.9139
1.00433
1.33494
1.38877
1.24613
1.40433
1.91382
1.05139
1.17861
1.28858
1.61581
1.01559
1.05025
1.28402
2.67162
2.15012
1.32631
1.28848
1.26183
2.22747
1.08918
1.74743
1.39887
1.67172
1.18955
1.74915
1.02017
1.1027
4.11491
1.12341
1.08226
1.51002
1.46944
1.14077
1.54034
1.40559
1.17513
1.05056
1.46719
1.08206
1.82274
1.31086
1.41581
1.06533
1.06178
1.26406
12.1035
1.33674
1.04488
1.68765
1.1779
1.11645
1.62372
2.56248
1.04533
1.26287
2.09345
1.59571
1.01411
1.13946
1.73894
1.27808
1.02213
1.21802
1.55927
1.10176
1.32297
1.18863
1.31562
1.56727
1.3625
1.6837
1.79957
1.88619
1.07775
1.41752
1.12523
1.57437
1.12379
1.64513
1.05155
1.49281
1.09304
1.07468
2.0447
2.80437
3.33303
3.36206
1.0612
1.11918
1.07231
1.12424
1.53223
2.93866
1.03127
1.16707
1.48279
1.16348
1.00715
1.34098
1.06848
1.57492
1.64328
1.2339
1.03096
2.12322
1.03413
1.00844
1.19443
1.16719
1.91856
1.04638
3.98503
1.25511
1.24829
1.09197
1.25436
1.987
1.04083
1.27043
1.32275
1.07925
1.36218
1.05846
1.0827
1.05594
2.73982
6.4103
1.99969
1.36332
1.02589
2.77557
1.00972
2.10251
1.3453
1.1632
1.026
1.30067
1.09104
4.12
1.19758
1.02312
1.01294
1.00058
1.82153
1.64097
1.06683
1.5577
1.00906
2.5774
1.06459
1.30257
1.78482
1.47307
1.35981
2.769
1.01062
1.0376
1.34014
1.12144
1.29681
1.13123
1.31113
1.47218
1.22468
2.4526
1.21892
2.4713
1.16979
1.06868
1.13686
1.74372
1.91022
2.04706
1.8319
1.20475
1.08672
1.4596
1.04036
1.01388
1.34969
2.81133
1.45882
1.12383
1.17328
1.92496
3.14472
1.01169
1.13643
1.3935
2.97314
1.09679
1.61235
1.15472
1.21111
1.20008
1.74246
1.47512
1.54891
1.6948
1.20557
1.15271
2.88771
1.17092
1.00153
1.77521
1.02871
1.61819
1.60516
1.00138
2.81194
1.07631
1.59531
1.63906
1.18942
1.13734
1.43028
1.37572
1.12178
1.08455
1.10691
1.12721
6.80388
1.11461
1.04415
1.93795
1.37107
1.37427
1.59144
1.18019
1.35002
1.77351
2.28727
1.45414
1.12324
1.00923
1.03875
1.38523
1.11345
1.69688
1.16341
1.12954
1.01142
1.17117
1.53303
1.04555
1.10131
1.05999
1.07536
1.64846
1.96632
1.15957
1.89681
1.25112
2.4455
1.69983
1.13861
1.28871
4.81959
1.00362
1.12545
1.01111
2.08314
1.5512
1.23311
1.53716
1.89587
1.11604
1.042
1.13337
1.70228
1.18851
1.03016
1.95373
1.66228
1.28285
1.1702
2.02884
1.08998
1.043
1.86046
1.04377
1.25825
1.78815
1.04145
2.45787
2.44387
2.14726
1.0526
1.19253
1.494
1.74435
1.2757
1.12005
1.38072
1.10672
1.01702
1.81958
1.51989
1.93392
1.18361
1.05451
1.11034
1.26774
1.08226
1.0785
1.23901
1.8313
5.3138
5.12148
1.05635
1.61075
1.23227
1.23925
1.34766
2.7516
1.19479
1.42319
1.50148
1.03749
1.88876
1.12726
1.77115
1.24675
1.36845
1.23388
1.29514
2.79048
1.0889
1.18874
1.34376
1.28537
1.56645
6.11489
1.01639
1.02484
1.07321
1.48986
1.179
1.81203
1.3815
1.19363
1.58185
1.3445
1.09125
2.34932
1.89092
1.12158
1.03526
1.14679
1.21376
1.42643
1.12888
1.46543
1.45856
1.11363
1.15941
1.37327
1.13011
1.21955
1.00802
1.05937
1.22946
1.54319
1.24913
1.58347
1.13303
2.43442
1.18771
1.15773
1.10127
3.01262
1.90422
1.69068
1.22033
1.09833
1.13993
1.07477
2.51807
2.6505
1.06463
1.60934
1.08009
1.48651
1.27197
1.03158
1.31717
1.07308
1.07756
1.06275
2.71169
1.09314
3.67999
1.23635
1.43393
2.26925
2.3011
1.64762
1.00679
1.10471
1.25896
1.01039
1.01521
1.21215
1.07004
1.30369
1.27203
1.76797
1.13678
1.6403
1.55024
2.1639
1.15418
1.21046
1.46532
1.47016
1.40137
1.0188
1.17785
1.22162
1.73734
1.50735
1.41689
1.94872
1.01491
1.65298
1.10082
1.26876
1.38195
1.15076
1.97498
1.15582
1.40924
1.54735
1.03919
2.03104
1.27
1.46353
5.40452
1.15562
1.71867
1.17144
1.03076
1.16916
5.54634
2.10682
1.0307
1.00901
1.21048
1.00592
1.15646
1.32876
1.36762
1.30907
1.27425
1.26627
1.335
1.00411
1.01562
1.06086
1.23222
1.08067
1.021
2.02725
1.06876
1.62782
1.03867
1.50434
1.13785
1.00758
1.47718
4.56203
1.17607
1.09293
1.23105
1.08692
1.05043
1.9285
1.17399
1.58634
1.16376
1.00651
1.34071
1.02947
1.27922
1.66806
1.87355
1.02438
1.02203
2.09778
1.02564
1.27552
1.05274
1.07091
2.45309
1.36182
1.38812
1.61827
1.12739
1.03646
1.00592
1.11205
10.2417
1.0719
1.11727
2.02689
1.01248
1.34322
1.67845
1.41914
1.41522
1.27379
1.40443
1.14744
1.11953
1.3255
1.4084
1.17269
1.06814
1.07458
1.04846
6.11134
1.14733
1.43524
1.07825
1.11741
1.43453
1.01646
1.09085
1.55821
1.3208
1.34704
1.01337
1.02295
1.88203
1.074
1.55925
1.05558
1.0682
1.00703
1.0147
2.08325
1.24559
1.60062
1.30689
1.48861
1.0773
1.36939
1.24222
1.4358
1.91916
1.00685
1.0585
1.3743
1.50888
1.16063
1.17834
1.36255
1.13771
1.04931
2.52243
2.57777
1.29394
2.49779
1.79962
1.01724
1.07724
1.28474
1.04856
1.02155
1.1461
1.0791
1.42467
1.15364
1.02008
1.07033
1.10245
1.05974
5.00749
2.52587
1.01057
1.23042
1.64512
1.0955
1.3083
1.34286
1.08222
1.70431
1.06842
1.44263
1.06357
1.20533
2.50143
1.04474
1.7265
1.34313
1.2152
1.17838
1.82577
1.29067
1.32331
8.36588
1.34289
1.0536
1.63991
1.28208
1.0348
1.13189
1.16565
1.1236
1.01739
1.96891
1.49171
3.59547
1.7645
1.37359
1.143
1.52273
1.33027
2.40429
1.65637
1.2932
1.63253
2.42018
1.79809
1.06984
2.03854
1.19984
1.08125
1.58787
1.10081
1.73961
1.01319
1.42171
1.07306
1.35102
1.19787
2.18422
1.11775
1.14449
2.07845
1.31181
1.27129
1.88681
1.35998
1.12288
1.39156
1.75854
1.46429
1.22435
1.0605
1.33012
1.03799
2.89019
1.79512
1.32708
1.21066
1.2867
1.81966
1.27433
2.3971
1.64475
1.00022
1.17574
1.51278
2.7972
1.29984
1.06252
1.15796
1.54921
1.58182
1.00702
2.23072
1.00276
1.70606
1.26421
1.55964
1.0331
1.13896
1.04067
1.68019
1.08708
1.33026
1.9494
1.04019
2.52827
1.85245
1.22132
1.38793
1.05305
1.07122
1.93694
1.16781
1.17884
1.52022
3.28077
1.05255
2.5221
1.08114
1.05566
1.47673
1.24551
1.21389
1.38633
1.01637
1.18002
1.00937
1.26386
1.13785
2.5826
1.04283
1.03947
1.63324
1.25719
1.49977
1.097
1.11133
1.38393
1.28981
1.59662
2.0641
1.03768
1.06491
1.34847
1.39059
1.02071
1.33481
1.99012
1.51024
1.15137
1.15929
1.42117
1.04731
1.16115
1.08891
1.36502
2.5952
4.36346
1.22917
1.12543
1.07819
1.02775
1.3607
1.42138
1.01988
1.83747
1.95037
1.06797
1.30005
1.12825
1.19028
1.53486
2.11703
1.11075
1.23799
1.42288
1.99987
1.49679
1.2898
1.29669
2.02792
1.20414
1.41236
1.17945
1.02579
1.33709
1.01778
1.95001
1.12437
1.02332
2.47774
1.06572
2.63552
3.39912
1.6746
1.1829
1.03322
1.35606
1.06742
1.21944
1.90895
1.1301
1.11104
1.54545
1.03265
1.66087
1.02731
1.36718
1.22057
1.96884
1.57391
1.66992
1.10994
1.14229
1.17243
1.16413
1.27386
1.35698
4.03401
1.19765
1.08487
1.38817
5.62006
1.05487
1.26876
1.15782
1.33544
1.49302
1.25222
1.02424
1.13453
6.00931
2.43129
1.62202
1.03444
1.02525
1.20175
1.08335
2.00788
1.84286
3.73112
1.08168
1.18271
1.45539
1.42751
1.76669
2.15915
1.11529
1.82183
1.14016
1.0951
1.01727
1.82115
2.40057
1.66203
1.61141
1.13629
1.22339
1.03405
1.41713
1.06003
3.07839
1.61888
1.17493
1.14298
1.40902
2.47602
1.03143
1.37486
1.24473
1.07516
1.15243
1.7288
1.76616
1.19623
1.0846
1.53504
1.62925
1.07718
2.42741
1.07068
1.37046
1.40248
2.473
1.42482
1.42452
1.25204
1.45332
1.16309
1.04709
1.06935
1.93331
1.54314
1.10662
2.60253
1.31126
1.35057
1.47517
2.45108
1.21927
1.78516
1.68225
1.3249
1.34037
1.02934
1.10522
1.55361
1.14565
2.04252
1.30742
1.54928
1.19154
1.49206
1.32571
1.0637
1.64313
1.46032
2.05724
1.49516
1.15596
1.04572
1.85557
1.1235
1.19773
1.15813
1.74532
1.28124
3.1294
1.10272
1.14087
1.18437
2.46762
2.11092
1.3317
1.09643
1.14717
1.16671
1.46329
1.28788
2.71205
1.01993
1.34218
1.15811
1.07603
1.26251
1.06309
1.51807
1.24285
1.06305
1.13857
2.64015
1.19817
1.37222
1.23902
1.5814
5.40575
1.19091
1.55167
1.55758
1.32273
3.6223
1.19323
1.61466
1.0199
1.20338
1.46331
1.00656
1.12592
1.74711
1.20079
1.27346
1.17876
1.39382
1.29496
1.15733
1.73958
1.13143
1.88255
1.2202
1.08918
1.04302
1.26772
1.09994
1.18566
1.44399
1.64767
1.94341
1.09846
1.83268
1.01305
1.03723
1.11426
1.10685
1.26804
1.83957
1.98612
1.1274
1.04451
1.29471
2.39109
1.22179
1.34746
2.69515
1.43984
1.20204
1.88373
1.0327
1.38654
1.06388
1.04745
1.5966
1.21526
1.24628
1.32939
1.7624
1.15338
1.1069
1.04323
1.00367
1.13642
1.04073
1.73948
1.08793
1.78131
1.25599
1.09393
1.29455
1.35807
1.01161
1.25473
1.33813
1.05994
1.51096
1.31591
1.09778
2.371
1.3404
1.73219
1.44303
1.46134
1.5262
4.49494
1.19207
3.55611
1.14741
1.05077
1.29542
1.04252
1.33436
1.06922
1.08631
1.09232
1.05666
1.09988
2.20901
1.09369
1.09296
1.39586
1.07753
1.96279
1.24669
1.05016
2.08522
1.66605
1.37611
1.10408
1.25156
2.02749
1.27672
1.14616
1.65654
1.0636
1.45151
2.25428
1.09279
1.25374
1.26775
2.23645
1.13667
1.32547
1.16399
1.15871
1.05973
1.10628
1.45969
1.95671
1.07275
3.07058
1.34782
1.64635
1.14667
1.29837
1.00066
1.47836
1.294
1.00358
1.39988
1.56168
1.1445
1.36547
1.31334
1.443
1.17452
1.27794
1.17493
1.18966
1.17393
1.47486
1.189
1.05256
1.58947
2.76662
1.12467
1.51602
1.13365
1.43061
1.32736
1.09822
1.06661
1.04252
1.4185
1.92631
1.25317
1.23351
1.24102
1.12364
2.47127
1.08708
1.53623
1.18704
2.59734
1.09031
1.15805
1.29836
1.4079
1.12453
1.0568
2.60467
1.07488
1.11829
2.75569
1.1897
1.07779
1.74609
1.39179
1.04859
1.44609
1.77455
1.46661
1.06881
1.16759
1.31629
2.62391
1.32723
1.1967
1.15948
1.52421
17.6971
1.02163
1.17311
1.57728
2.3057
1.10924
1.1516
1.28644
1.12163
1.08791
2.02814
1.3735
3.22813
1.09218
1.52302
1.05925
1.33277
1.10545
1.93681
1.56032
1.69264
1.18374
1.25873
1.11057
1.35035
1.25093
1.24048
1.90374
1.06679
1.4272
1.71839
2.23865
1.12592
1.63015
1.15591
1.00139
1.47309
2.15994
1.03937
1.10202
1.24768
1.44541
1.13174
1.11687
1.42001
1.08839
2.92395
1.10644
1.1544
1.25723
1.07828
1.25364
1.11187
1.58546
2.2493
1.99731
1.13497
1.33587
1.42899
4.23678
1.16049
1.52696
1.1503
1.77151
1.08878
1.91945
1.65685
1.69841
1.01628
1.17028
1.0707
1.00254
1.00959
1.10441
1.03495
1.49122
2.06403
1.679
2.72764
1.11678
1.18417
1.02646
1.14199
1.9761
1.63607
1.17988
1.52619
2.16111
6.20475
1.17504
1.12575
3.34018
1.04857
2.08514
1.29166
1.89829
1.0208
1.45612
1.0689
1.40707
1.0809
3.0987
1.05223
1.89203
1.50483
1.38689
1.0873
1.1207
1.25185
1.19945
1.29906
1.56352
1.01328
1.4664
1.29827
1.95172
1.66873
1.25041
1.21375
1.27375
1.63946
1.29267
1.10605
1.84964
3.19979
1.71978
1.50023
1.00053
1.07134
1.56048
1.07213
1.69924
1.60834
2.29681
1.50838
1.93442
1.1873
1.71326
1.12861
1.07805
1.01955
1.03259
2.4862
1.35406
2.74105
1.06528
1.00582
1.34764
1.98642
1.07878
1.56073
4.72996
1.35378
1.14447
2.29749
1.47642
1.04037
1.18846
1.20934
1.74399
1.13675
1.25826
1.00403
2.56165
1.65055
2.11578
1.16922
1.26444
1.18712
1.76954
1.01515
1.2507
1.24157
1.44008
1.01055
2.29065
1.01428
1.83625
1.32827
1.66919
1.73271
2.00304
1.13716
1.00685
1.06269
1.07345
1.3829
1.00357
3.11472
1.95694
1.16916
1.92308
1.37965
1.11074
1.22139
2.2406
1.53838
1.85032
1.42846
1.05015
1.31943
1.08027
1.11273
1.68972
1.12245
1.05596
1.3673
1.25298
1.34095
1.0701
1.57921
1.4756
1.82906
1.7455
1.0595
1.20664
1.3679
1.10651
2.68936
1.49224
1.30064
1.16299
1.07717
1.19629
1.04547
1.10126
1.44929
1.57121
1.20001
1.26845
1.54997
1.59674
1.10951
1.32264
1.88758
2.60686
1.18396
2.05102
1.13147
1.07277
1.18167
1.11635
1.01491
1.07256
2.16159
1.26479
1.13867
1.14323
1.01061
3.16483
2.23678
1.10649
1.37759
1.62911
1.46657
1.06064
1.30111
1.26005
1.15455
1.57297
1.20328
1.74783
1.45654
3.16426
1.90065
1.68543
1.88015
1.15238
1.3115
1.17651
1.05258
1.00234
1.38745
2.14569
1.07502
1.10186
1.43215
1.26676
1.23591
1.70366
1.85098
2.0642
1.36258
1.50845
1.01549
1.88006
1.19022
1.21908
1.04736
1.08676
1.92376
1.30762
1.17348
1.23509
1.18427
1.27378
1.81702
1.41582
2.48537
2.54724
1.25374
1.10718
1.10856
1.08096
1.191
2.15394
1.04372
1.41661
1.08767
1.02208
1.07705
1.24639
1.00993
3.70842
1.0273
1.37842
1.05544
1.17005
1.07409
1.10082
2.01817
1.08454
1.81667
1.24572
2.37408
1.12265
1.5325
1.32514
1.70754
1.36835
2.06796
1.22508
1.20106
1.15818
1.29678
1.24836
1.20101
1.18411
1.87554
1.33955
1.78513
1.23847
1.78076
1.02549
1.17693
1.26078
1.47484
1.15202
1.48206
1.41121
1.05841
1.14115
1.09971
1.13125
1.03884
1.04891
1.04714
1.52435
1.28887
2.78998
1.26865
1.3574
1.27955
1.04672
1.18417
1.20487
1.40065
1.20193
1.60999
1.07992
1.97968
1.20095
1.13553
1.34676
1.37892
1.05024
1.03501
4.2215
1.21087
1.8655
1.35514
1.17412
1.19831
1.16207
1.4866
2.5945
1.25792
1.04905
1.43998
1.40851
1.99262
1.05271
1.01929
1.43379
1.05302
1.0282
1.35694
1.23749
1.10071
1.65989
1.79463
1.80642
2.62293
3.0039
1.18395
1.31646
2.75733
1.15775
1.11242
1.05127
1.1896
1.16209
1.50994
1.29269
1.93776
1.9473
1.00242
2.06319
1.71323
1.24476
1.39415
1.15744
1.04768
1.13182
1.00521
1.1048
1.84201
1.05145
1.37973
1.31032
1.09335
1.04689
1.09105
1.05761
1.19069
1.05364
1.29834
1.07684
1.4871
1.36626
1.77212
1.23088
1.07446
1.07832
1.26414
1.11985
1.57047
1.16072
1.54526
1.7659
1.96177
1.05154
3.05894
1.05317
1.29939
1.03612
1.39287
1.36571
1.75981
1.04575
8.8259
1.02091
1.12272
2.83717
1.09294
2.16868
1.40683
1.51578
1.11477
1.99232
1.64311
2.35117
1.5661
1.48075
1.44321
1.32822
1.16121
1.68841
2.31388
1.20821
1.06943
1.43111
1.78472
1.35701
1.03282
1.16313
2.26472
1.27415
1.07059
3.33418
1.06073
1.6163
1.24675
1.64228
2.76476
1.08308
1.01862
1.16035
1.78374
1.199
2.00174
2.4013
1.27613
1.28166
3.97766
3.81717
1.19414
1.15598
1.38201
1.56452
1.46807
1.10873
1.04078
1.29296
1.04136
1.07184
1.27034
1.32721
1.16751
1.22707
1.38029
1.22639
1.23759
1.27021
1.69842
1.2031
1.08801
1.03759
1.42073
1.30817
1.21795
1.74317
1.51581
1.25158
1.49463
1.02367
2.02172
1.55565
1.66783
1.04087
1.05507
1.93675
1.24213
1.14304
1.08767
1.2477
1.81455
1.37557
1.19059
1.25931
1.60436
1.26867
1.46697
1.45095
6.27587
1.55708
1.41025
1.17994
1.91008
1.02061
1.0424
1.50967
9.27398
1.17121
1.09208
1.52083
8.51926
1.31161
1.07315
1.17282
1.09456
1.19263
1.14341
1.13311
1.35413
1.15656
1.04063
1.38546
1.1693
1.09114
1.31453
1.20012
2.1656
1.67241
1.20686
1.14576
1.55093
3.27617
1.56808
1.21626
1.18223
1.77342
1.25749
1.5022
1.14831
1.52884
1.32419
1.03845
1.71291
1.02207
1.29483
1.58679
1.05303
1.16642
1.0371
1.07309
5.52593
1.07592
1.06221
1.34124
1.00283
1.09369
1.27227
1.02326
1.50936
2.10718
1.16231
1.10315
1.58972
1.29241
1.08618
2.09393
2.51189
1.42279
1.06723
1.28174
1.13644
1.32303
1.31142
1.00639
1.68245
1.28877
1.66853
1.3507
1.05891
2.54448
1.47051
1.31625
1.69556
1.93543
1.02354
1.26735
1.11709
1.63251
1.71012
1.39645
1.0326
2.65286
1.08994
1.1054
1.49953
1.20241
1.9097
1.35371
1.05467
1.00075
1.38434
1.30518
1.20182
1.49141
1.50031
1.05634
1.03087
1.0257
1.26685
1.64531
1.67059
1.14416
1.07401
2.65645
1.46439
1.08951
1.15837
1.00919
1.20877
1.37616
1.34203
1.88577
1.13028
1.25476
1.16235
1.24111
1.46101
1.52571
1.07378
1.15059
1.49328
1.00343
1.4724
1.21762
2.88092
2.32799
1.15761
1.03141
1.03718
3.24381
1.74466
1.13553
1.01385
1.00252
1.14721
1.12198
1.42853
1.44819
1.02659
1.24966
2.18544
1.24793
2.3233
1.91541
3.4808
3.5936
1.10906
1.18556
1.89086
1.28111
1.08338
1.10103
1.08098
1.26829
1.04678
1.2049
1.10023
1.19841
1.2522
2.9512
1.41312
2.4898
1.32043
1.56541
2.22746
1.79567
1.92131
2.17199
4.2884
1.13685
1.08322
1.03951
2.81205
2.85978
2.98893
2.26407
1.92741
1.5784
1.4118
1.36994
1.24935
1.09214
1.06362
1.88711
1.46929
1.41088
1.19097
1.10214
1.75051
1.00137
1.06758
1.45267
1.23353
1.19284
1.04675
1.92691
1.65191
1.06848
1.2997
1.1686
1.38891
1.07984
1.33548
1.51123
1.56541
1.09788
2.81246
1.22971
1.05761
1.29142
1.00793
1.54601
1.66606
1.02968
1.32761
1.08099
3.71142
1.02464
1.456
1.04673
1.00657
1.16959
1.36375
1.18362
1.36502
1.54476
1.0997
1.34657
1.04092
1.21225
1.82528
1.08686
1.19564
1.48624
1.01647
3.7081
1.42134
1.17793
1.06533
1.1866
1.45888
1.35259
1.03275
1.20933
2.75676
1.011
1.42234
1.4057
1.23881
1.01361
1.26887
1.1359
1.54346
1.24634
3.16447
3.54738
1.02659
1.88038
1.09076
1.50807
2.03646
1.56656
1.28276
1.55979
2.00012
1.06312
1.04308
1.346
2.40556
1.82721
1.23919
1.04609
1.34879
1.15201
1.07773
1.12314
1.23485
1.12715
1.02046
1.0058
1.06889
1.14701
1.6211
1.01361
2.30319
1.01622
1.08663
1.00495
1.12741
1.16692
2.85993
1.17413
2.13817
1.01885
1.14522
1.02497
1.22154
1.91649
5.92237
1.14797
1.8239
1.09406
1.43585
1.19566
1.32604
1.31551
1.59204
1.0392
1.00004
1.6257
1.22815
1.03165
1.24519
1.12688
1.08753
1.29135
1.35434
1.57482
1.55642
2.8711
1.14058
1.36514
1.13322
3.47647
1.55087
1.57008
1.24287
2.20824
1.19828
1.0449
3.08779
1.2456
1.00709
2.13731
1.58054
1.10629
1.92898
1.03273
1.25918
1.0921
1.46889
1.66294
1.65644
1.49644
1.00416
3.00295
1.37521
1.30042
1.0417
1.47016
1.26178
1.64475
1.12209
1.24884
1.79555
1.13013
1.63937
1.02882
1.00427
1.0115
1.0349
1.08671
1.20417
1.17548
1.02434
1.64287
1.75685
1.73443
1.10652
1.03382
1.4232
1.32854
2.10118
1.32396
1.05048
4.28534
1.24138
1.16186
1.00045
1.16443
1.14466
1.06184
1.05571
1.06013
1.06126
1.05871
1.23148
1.07365
1.35178
1.03158
1.02489
2.04506
1.30839
1.13285
1.33384
1.26374
1.03361
1.07218
1.05482
2.6041
1.10114
1.15224
1.49007
1.18537
1.59549
1.40498
1.12808
1.14716
1.25142
1.07232
1.24986
1.0374
1.10835
1.04835
1.26146
1.13226
1.07307
1.14456
1.14913
2.22638
1.0354
1.16867
1.05353
3.13859
2.02084
1.32129
1.39591
1.41731
1.05778
1.37386
1.55324
1.45081
1.1546
1.03971
1.55763
1.25424
1.14688
1.37403
1.07986
1.28547
1.20745
1.02302
1.18106
1.08035
1.11083
1.09186
3.5171
1.2596
1.03351
1.6154
1.91081
1.42519
1.59253
1.00161
1.31495
1.38928
1.34389
1.52075
1.93196
1.59747
1.97155
1.35065
1.46807
1.30771
1.16196
1.25701
1.23319
1.26757
2.74196
1.16447
1.11959
1.04785
1.15032
2.23513
1.03016
1.27789
1.1298
1.5528
1.07674
1.28069
1.01735
1.33896
4.53876
1.09967
1.06263
1.18373
1.90729
1.74556
1.69493
1.03744
1.52999
1.44427
1.07126
1.14504
1.33236
1.75452
1.06197
1.33786
1.04431
1.54533
1.41289
1.50232
1.32317
1.91571
1.02293
1.31186
1.36548
1.01843
4.68775
1.14808
1.12397
1.21945
3.06903
1.20013
1.11747
1.52514
1.44105
1.89077
2.21138
2.02673
1.01546
1.54957
1.22001
1.30898
1.0356
1.08868
1.75866
1.30275
1.45257
1.34659
2.55584
1.1631
1.30518
2.85877
1.14639
1.02944
2.35856
2.03748
1.14382
1.17788
1.27581
2.02424
1.03196
1.10853
1.07361
1.22305
1.00429
1.34992
1.19068
1.57431
1.08791
1.25394
1.05751
1.51554
1.15596
1.95759
1.09778
1.51285
1.71037
1.16855
1.26883
1.46883
3.2153
1.26866
1.30534
1.58898
1.03665
1.0037
1.03189
1.20059
1.09252
2.88127
1.28361
1.96847
1.06235
1.53364
2.00683
1.24143
1.03555
1.08983
1.11181
1.0072
4.703
2.59842
1.50127
1.04857
3.28516
1.12117
1.09937
1.12199
1.40758
1.04511
1.01917
1.35324
1.11871
1.23885
1.57465
1.96904
1.20977
1.87319
1.00149
1.5652
2.18979
1.29798
1.36555
1.13025
1.79457
5.95571
1.1449
2.70201
1.07001
1.35532
1.01074
2.12291
2.11999
1.41331
1.17024
2.6194
1.02306
1.89454
1.15095
1.80345
1.29798
1.06678
1.09076
1.88496
1.03493
1.36401
1.20925
1.01641
1.73213
1.48865
1.12197
2.16365
1.01701
1.01027
1.08853
1.31254
1.52975
1.01965
1.18623
1.54939
2.05499
1.25373
1.02122
1.05841
1.01596
2.86971
1.08805
2.27256
1.11715
1.30912
1.14291
1.12067
1.1006
1.2249
1.98725
1.19552
2.16447
1.579
1.03494
1.36824
1.24598
1.281
1.07669
1.06145
1.73232
1.17226
1.23818
1.00389
1.57423
1.32494
1.20411
1.04631
1.139
1.47217
1.10993
1.07681
1.50524
1.17648
1.14061
1.04805
1.38545
1.31855
2.03791
1.11411
1.59536
1.26761
1.05634
1.05079
1.16893
1.00671
1.34636
1.15161
1.0641
1.08256
1.08296
1.16783
1.15757
2.02353
1.20035
1.32794
1.04989
1.05184
1.18207
2.20398
1.09962
1.11637
1.25438
1.3589
1.56181
1.59507
1.36099
1.76063
3.33154
1.66469
1.16811
1.18355
2.71405
1.16988
1.07882
1.3688
1.00335
1.11357
1.33899
1.48182
1.21832
1.00599
1.29014
1.26402
1.80929
1.56515
1.46647
1.39505
1.69674
1.1227
1.78705
1.47244
1.0681
1.18724
1.09055
1.54854
1.30437
1.76837
1.67939
1.37422
1.05965
1.09846
1.36334
1.54516
2.18115
1.13706
1.01308
1.23849
2.51808
1.01117
1.28254
1.24213
1.09211
1.45718
1.45722
1.5762
1.81263
1.10301
1.15825
1.29599
1.24149
1.0183
1.06188
1.01339
1.43274
1.26879
1.17885
1.25949
1.00363
2.68671
1.01573
1.05932
1.85558
1.02038
1.40317
1.02498
1.26259
1.0841
1.46343
2.32522
1.04736
1.1425
1.19087
9.19993
1.10215
1.06227
1.10796
1.07218
1.38307
3.42179
1.12214
1.17748
2.9258
1.0516
1.73291
1.90686
1.08713
2.89285
1.07555
1.31424
1.0752
1.57228
1.36532
1.36778
2.69388
1.34655
1.59884
1.78701
1.07559
2.20865
1.03204
1.60599
1.37091
1.02709
1.63796
1.77546
1.03121
1.49953
1.41355
1.14185
1.01869
1.16465
1.02156
1.04769
1.17449
1.20206
1.27094
1.35419
1.08449
1.24048
1.01634
2.19488
1.09319
1.41201
1.10706
2.17485
1.04135
1.22105
1.03147
1.19903
2.08196
1.55617
1.19036
1.1405
1.37879
1.18972
2.1274
1.27808
1.92904
1.20413
1.17168
1.08472
1.0225
1.21569
1.09344
1.05778
1.20662
3.17178
1.02977
1.33342
1.06383
1.04828
1.12618
1.28248
1.63773
1.0362
1.22592
1.30918
1.43546
1.07496
1.09666
1.1568
1.03262
9.36601
1.65763
1.17376
2.28081
1.36776
3.55596
1.84311
1.03282
1.78109
1.00406
1.22684
1.19697
1.45238
1.22484
1.15624
3.3014
1.01598
1.0964
1.05761
1.05283
1.08124
1.02916
2.0063
1.02709
1.14753
1.52846
1.77733
1.022
1.01592
8.28195
1.104
1.1782
4.55893
1.24563
1.0469
1.76586
1.33493
1.39602
3.31088
1.07937
1.05924
1.01261
1.0002
1.12577
1.12751
1.13212
1.99229
1.18057
2.06409
2.15294
1.03273
1.81503
1.09709
1.76081
2.25483
1.06319
1.16004
2.16587
1.17061
1.54239
1.08242
1.0273
1.24296
1.42551
1.229
4.44989
1.39804
1.05014
1.03778
1.15652
2.52514
1.33827
1.28542
1.1213
1.13252
1.18236
1.52596
1.0008
1.37227
1.02161
1.01118
2.49813
3.9102
1.02042
2.18901
1.94736
1.94749
1.14701
3.00649
2.58048
1.10679
1.14045
1.39152
1.14003
1.0485
1.02151
1.70276
2.53746
1.84398
1.40265
1.13585
1.06285
1.3769
1.43672
1.9489
1.97171
1.04024
1.7477
1.06181
1.1123
1.1594
1.60056
1.73654
1.58933
1.4092
1.05261
3.33023
1.16279
1.1382
1.20808
1.11667
1.8897
1.39926
1.97489
1.08759
1.43414
1.04686
1.08217
1.01091
1.61342
1.66872
1.1633
1.36324
1.02124
1.33012
1.11435
3.30771
1.16518
1.47799
1.33465
3.3915
1.4066
1.69701
1.11877
1.21651
1.47576
1.10426
1.39476
1.13088
1.05568
1.14074
1.45772
1.25462
1.06365
1.03292
1.37412
1.77063
1.02677
3.02514
1.03334
2.94009
2.85397
1.05937
1.43499
1.21378
1.0913
1.69552
1.00381
1.1468
1.1509
5.06604
1.2531
1.54616
1.85565
1.51735
1.33049
1.32491
3.45557
1.07199
1.00968
1.9004
1.51211
3.28633
1.82945
1.48312
1.83602
1.76116
1.24161
1.34472
2.24632
5.24221
1.38887
1.01553
1.1314
1.31994
1.57019
1.53098
1.30929
1.30303
2.73355
1.00337
3.63356
1.06894
1.94077
1.74147
1.51546
1.08807
1.41725
1.38154
1.53763
1.01053
1.04717
2.14397
1.01173
1.29417
1.51448
1.49308
1.13115
1.76555
3.25358
1.56673
1.1545
1.0911
1.37636
1.67126
2.10899
1.00057
1.25314
1.42732
2.48998
1.38419
1.44424
1.39634
2.10217
2.08443
1.0231
1.27946
1.33597
2.00708
2.50518
1.35565
1.03122
1.91898
3.04596
1.48233
1.74102
1.26388
1.1849
1.3259
1.30385
1.40309
1.48914
1.25268
1.11943
1.01557
1.35237
1.06015
1.03132
1.34052
1.13777
1.17225
1.34232
1.0537
1.3566
1.15818
1.89629
1.34537
1.18769
1.12169
1.45932
1.42109
1.15895
1.15967
1.35689
1.42277
1.47976
1.3981
1.15889
1.53342
1.04016
1.1247
1.7491
1.54458
1.07753
1.44563
2.0191
1.04458
1.55489
2.44551
1.00672
1.27652
1.17656
1.89857
1.76626
1.53468
1.71878
1.02505
1.0096
1.17526
1.02599
1.63829
1.57751
2.26879
1.60831
1.47486
1.28652
1.13792
1.93966
1.23296
1.30112
1.00004
1.13365
1.4978
1.01818
1.14782
1.04027
1.08798
1.65116
1.79939
3.5453
1.14764
1.32451
1.30864
2.33524
1.45748
1.03507
1.75121
1.12166
3.16524
1.14775
1.20118
1.6539
1.37127
1.13844
1.17787
1.08867
1.93494
1.85415
3.72276
1.96234
1.12445
1.65014
2.22568
1.79972
1.68577
1.08654
1.27627
3.68902
1.24119
1.06684
1.1086
1.25496
1.4198
1.76261
1.05852
1.11228
1.11787
1.43284
1.89514
1.6954
1.0275
2.36125
1.02193
1.08621
2.48103
1.10638
1.37708
1.98639
2.25086
1.33449
1.04822
1.05399
1.827
1.27439
1.02172
1.37801
1.55016
1.02667
1.30146
3.44884
1.13544
1.5874
1.03073
1.02109
1.83723
1.13308
1.03814
1.53474
1.03256
1.19577
1.18214
1.03324
1.74997
1.20237
1.8561
1.1258
1.16882
1.04783
1.47843
1.66428
3.94785
1.54594
1.17982
1.44149
1.0083
1.16948
1.49469
1.83869
3.15052
1.65618
1.07208
1.14411
1.21413
1.15635
1.10098
1.45086
1.1948
1.06256
1.22208
1.04389
1.25331
3.49923
1.00728
1.01067
1.03757
2.37672
1.62566
1.27387
1.41544
1.37992
1.2627
1.53465
1.30253
1.12648
1.23127
1.37193
1.68782
1.13959
1.08209
1.30072
2.91082
1.48946
1.43002
1.38337
1.10689
1.54702
1.00336
1.00539
2.1031
1.05079
1.37622
1.58238
1.08071
1.22746
1.41976
1.33364
1.0034
1.82243
1.16371
4.92185
1.28983
1.00769
2.28272
1.41787
1.06837
1.20815
1.044
1.34983
2.05883
1.05014
1.14071
1.26088
1.09897
1.37445
1.28178
1.84632
1.10492
1.04006
1.28213
1.29489
1.06823
1.09922
2.26978
1.52062
1.0981
2.32101
2.35229
2.99025
1.32173
1.23983
3.00158
1.00902
2.57165
1.42375
1.02075
1.05463
1.47845
1.69711
1.44519
1.22965
1.00411
1.07496
1.04195
1.10784
1.47627
1.08028
1.10691
1.38055
1.05579
1.49181
1.35767
1.03184
1.08208
1.71119
1.05844
1.04539
1.2501
1.85344
2.51379
1.67496
1.77142
1.28642
1.47802
1.09135
1.27025
1.03278
1.02158
1.10537
1.67893
1.49476
2.03505
2.39801
1.0389
1.5818
1.65348
1.09743
1.17029
1.00848
1.02693
1.11913
1.41375
1.30505
4.71557
1.02997
1.33869
2.26552
2.38138
1.06928
1.53675
3.02245
1.62883
1.38235
1.01927
1.47937
1.00902
1.44002
1.31424
1.88823
1.15912
1.06849
1.14779
6.00731
1.0094
2.00362
1.5563
1.55403
2.3083
1.81531
1.60713
1.20245
1.00891
1.07354
1.10794
1.08926
1.53703
1.63668
1.02209
1.06923
1.65851
1.2104
2.1237
1.11044
1.04708
1.00137
1.52599
1.16768
1.50741
1.00389
2.14795
1.05835
1.03716
1.0886
1.77349
1.35161
1.34785
1.62079
2.6483
1.20267
1.27723
1.69033
1.83805
1.12382
1.07333
1.03076
1.08719
1.17772
1.08903
1.42643
1.97584
1.10182
2.03531
1.22345
1.02336
1.28318
1.32866
1.30027
1.57621
1.18388
1.09709
7.65815
1.53608
1.14425
1.20248
1.07922
1.31119
1.11133
1.11811
1.03969
1.76173
1.23118
1.01694
1.06179
1.27796
1.21912
1.02583
2.29541
1.08024
1.8063
1.19667
1.01535
1.56212
1.10138
1.01277
1.00233
1.14676
1.02329
1.70096
1.13697
2.1222
2.62062
4.75053
1.39805
2.23308
1.20595
1.79611
1.81523
1.12103
1.32401
1.13124
1.15884
2.87966
1.23813
1.19772
1.39118
1.1403
1.0457
1.32702
1.16059
1.02503
1.17099
2.54804
3.30885
1.00973
1.09475
2.72384
1.02985
1.26776
1.54305
1.18844
1.0214
1.26516
1.33333
2.21339
1.17263
1.30307
1.05213
1.19149
1.63616
1.15422
1.16829
1.23896
1.29031
1.15657
2.71232
1.07132
1.02372
1.81258
1.37164
1.37433
1.36081
1.20759
1.0604
1.9506
1.24335
1.33986
1.47284
1.00766
1.62894
1.19553
2.12543
1.38012
1.43973
2.76406
3.37599
1.04666
1.17313
1.48619
1.22849
1.00521
1.26352
1.55227
6.48941
1.52287
1.02652
1.08955
4.68493
1.19634
1.12371
1.92457
1.55255
1.10106
1.25209
4.42413
1.01965
1.1922
3.47472
1.04481
1.11881
1.04353
1.3738
1.23309
1.19744
1.35105
1.2124
1.44099
6.0827
1.04644
1.02747
1.4447
1.0163
1.70923
1.20821
1.60427
1.03342
1.39913
3.70451
1.2975
1.40112
1.28083
1.12436
1.11027
1.2233
1.26356
1.01648
1.03891
4.87034
2.69191
1.13297
1.02691
1.82645
1.25414
1.16447
2.07139
1.02093
1.67381
1.00518
1.36929
1.12683
1.15985
1.12651
1.3519
1.1136
1.09277
1.45424
1.91477
1.0625
1.06173
1.0234
2.17613
1.09745
4.7892
1.1109
1.28004
1.10354
1.14975
1.59804
1.4364
1.3684
1.86175
1.12648
1.26581
1.21426
1.35707
1.65067
1.61114
1.86719
1.26444
1.04778
1.20261
1.25726
1.47929
1.12004
1.39736
1.25344
1.17964
1.28651
1.10244
2.17563
1.46245
1.00398
1.34319
1.10544
1.07605
1.15895
1.21468
1.27065
1.56864
1.00391
1.03674
1.08987
1.55474
1.44579
1.86137
3.11069
1.48475
1.36827
1.21051
1.07607
1.39833
1.02219
1.58164
1.14399
2.14823
1.1134
1.22944
1.96124
1.63439
1.79799
1.30046
1.407
1.4371
1.59491
1.02695
1.364
1.27354
1.44694
1.03469
1.14684
1.70053
1.08657
1.2628
1.14339
1.18189
1.77734
1.04849
1.05084
2.46154
1.41827
1.15085
1.80668
1.07415
1.36239
1.20223
1.39701
1.4614
1.0456
1.35982
1.18821
2.18244
1.08546
1.53579
2.5309
1.619
1.1847
1.59137
1.03911
1.09872
1.07644
1.73727
1.12179
1.15982
3.01271
4.50726
1.1405
1.11898
1.07671
1.04123
1.54014
1.07691
1.21451
1.49945
1.10882
1.64713
1.07536
1.05373
1.40687
1.58543
1.01541
1.06198
1.20228
1.81829
1.11643
1.42977
1.00357
1.04624
1.17415
1.22139
1.18411
1.0674
1.08378
1.33304
1.04188
1.15854
1.02291
1.06423
1.38327
1.15769
1.20451
1.1087
3.9193
1.18188
1.25759
1.38621
1.30938
1.26252
1.93097
1.2676
1.78564
1.20477
1.35882
1.59497
1.12787
1.21826
1.25789
1.53406
1.43632
1.03294
1.81545
1.26632
1.00406
1.21712
1.44233
1.6534
1.3469
1.83338
1.31446
1.12145
1.38806
1.32196
1.76631
1.21821
1.48147
1.06394
1.51899
1.25836
1.05261
1.04926
1.16124
2.29753
1.46019
1.0698
1.61521
1.39569
1.2171
1.09689
1.01722
1.57077
1.33867
1.28861
1.25084
1.21304
2.4027
1.04393
1.03962
1.15562
2.09208
1.82029
1.16779
1.21917
1.08326
2.11008
1.09747
1.22916
1.22445
1.17373
1.04111
1.26666
1.06181
1.07674
1.8981
1.22306
1.14744
1.79345
1.61028
3.20682
1.49435
1.96392
1.071
2.76911
1.01656
1.00816
1.19075
1.51028
1.15196
1.70438
1.12749
1.46875
1.4014
1.02737
1.06399
1.05831
1.00397
1.05429
1.09546
1.44366
1.07629
1.82286
1.6018
1.44282
1.26154
1.39511
1.76625
1.29328
1.24195
1.29769
1.2968
3.9805
1.0147
1.01226
1.2911
1.4093
1.43332
1.37001
1.82584
1.08008
1.54436
1.40801
1.03852
1.53899
1.3206
2.22758
1.25635
1.10113
1.06682
1.10321
1.0976
1.13423
1.07577
1.15423
2.03671
1.29559
1.28958
1.13866
1.23569
1.70082
1.16116
2.36972
2.69746
1.02672
1.06201
1.17167
1.0215
1.60342
1.22232
1.11213
1.15231
1.12319
1.02579
1.10675
1.16031
1.09882
1.84922
1.31645
1.10674
1.11096
1.0726
1.13274
1.36221
1.15911
1.3548
3.0761
2.68112
1.04959
1.25266
1.04945
1.14223
1.14183
1.8806
1.21308
2.00352
1.3467
1.22728
1.20187
1.21964
1.16537
2.69739
2.38671
1.04809
1.2518
1.00324
1.04241
1.99301
1.22293
1.03772
1.96623
1.13661
1.1174
1.03153
1.18634
1.86569
1.34693
1.02076
1.44218
1.69976
1.75064
1.60207
1.81735
1.40715
1.36019
1.05881
1.85466
1.2142
1.09284
1.11819
1.39446
1.016
1.12924
1.05692
1.68222
1.39944
2.88073
2.24282
1.6
1.36173
1.37597
1.62495
1.25578
2.61487
1.15854
1.24208
1.12142
1.08681
1.1927
1.04762
1.15247
1.3852
1.47409
2.23508
1.30553
1.08656
1.10636
2.77685
1.0964
1.45517
1.09376
1.0246
1.00848
1.71999
1.10444
1.44748
1.21606
1.53219
1.13582
1.11668
1.87395
1.19557
5.05215
1.20473
1.01629
1.86167
1.4744
1.10446
2.95174
1.10128
1.87355
3.00529
1.60403
1.52297
1.22652
1.55323
1.26165
1.06027
1.11504
1.7256
1.65596
1.15561
1.15236
1.08808
1.18714
2.20549
1.10039
1.15407
1.25869
1.58754
1.73708
1.80132
1.29177
1.54893
1.0309
1.25342
3.02875
1.31609
1.44835
1.16948
1.22641
1.89617
2.33378
1.21974
1.49607
1.00357
1.05969
1.35991
1.92234
1.17428
1.26925
1.33036
2.6928
1.07921
1.42903
1.09861
1.24439
1.1076
1.06299
1.09275
1.72294
4.54741
2.42936
1.29679
1.98628
1.35068
1.04965
1.14622
1.77126
1.06165
1.80616
2.36223
1.68648
1.40521
3.30554
1.34304
1.38002
1.33916
4.60071
1.1397
1.66704
1.94461
1.09583
1.10528
1.23152
1.81197
2.43504
1.16561
1.27885
1.14291
1.35629
1.34621
1.18828
1.59049
1.21136
1.77208
6.76899
1.31726
1.7285
1.30592
1.34404
1.3926
1.1799
1.12114
1.3701
1.90176
1.06498
1.17359
1.31845
1.27078
1.00537
2.03666
1.13609
1.18155
1.12431
1.15742
1.28378
3.11187
1.69562
1.05506
1.33786
1.19945
1.0034
1.11512
2.0545
1.06073
1.02847
1.06806
1.76532
1.66726
1.37956
1.19966
1.03561
1.25664
2.52577
1.58281
1.70472
1.70828
1.19589
1.09975
1.12337
1.14694
1.15134
3.98287
1.01037
1.34081
2.46557
1.48453
1.10158
1.12237
1.21157
1.53966
1.75644
1.47645
1.88351
1.45324
1.04131
6.26892
1.09049
1.10163
1.11002
1.28889
1.07962
1.04873
1.37932
1.1169
1.11412
1.0823
1.24299
1.75653
1.28721
1.0261
1.5817
1.61672
1.90343
1.10543
1.18696
1.6273
1.33602
1.12651
1.30975
2.42046
2.34392
1.38823
1.19989
1.20012
3.11075
1.02072
1.85842
1.23074
1.07044
2.20532
1.08082
1.38514
1.89376
1.24935
3.70528
1.02268
1.07642
1.03379
1.1667
1.1302
1.56911
4.37086
1.04113
1.14796
1.9145
1.64057
1.72959
1.14353
1.07648
1.06014
1.83101
2.39853
1.1309
1.04533
1.57829
1.24133
1.96278
1.04445
1.80104
1.28011
1.36628
1.03404
2.39513
1.36369
1.27078
2.43405
2.3926
1.0129
1.06412
3.42038
1.01113
1.11775
1.84399
1.30582
1.37314
1.01879
1.0824
1.5045
1.04742
1.15447
1.23535
1.11214
1.16117
1.50972
2.1344
1.06152
1.10079
1.17549
1.15727
1.53298
1.13406
1.70339
1.03107
1.13497
1.12054
1.61351
1.23299
1.54534
1.29773
1.16616
1.09922
2.55551
1.10116
1.37862
1.81712
1.01899
1.52645
1.07145
3.25944
1.283
1.27246
1.23745
3.50438
1.03743
1.17577
2.20183
1.68426
1.35027
1.00042
1.1085
1.1378
1.24405
1.04206
1.08313
1.21689
3.30253
1.13032
1.13743
1.58418
1.09102
1.03004
1.34376
1.292
1.06402
1.76581
1.66528
2.42617
1.02816
1.03849
1.23728
1.19929
1.121
1.27706
1.44507
4.28187
1.31852
2.50897
1.63879
1.28336
2.53132
1.4221
1.01422
1.40886
1.13486
1.3091
1.40868
1.80188
1.91394
1.18855
1.94683
1.20102
1.0467
1.61227
2.11118
1.24599
1.12922
1.0072
1.03484
1.16038
2.69458
1.36209
1.03189
1.09502
1.12683
1.48076
1.64676
1.25638
1.01358
1.57707
1.10371
1.72859
1.17342
2.14519
1.23728
2.92857
1.54057
1.81137
1.13791
1.45644
1.00232
1.54479
1.05003
3.01071
1.28047
1.35571
1.73925
1.09752
1.01263
1.44816
1.14344
1.05909
1.65084
1.08438
1.74121
1.12569
1.07322
1.16318
1.20781
1.04712
1.10652
1.88959
1.40657
1.24018
1.04131
1.12111
1.55879
1.1914
1.64542
1.19843
1.15187
1.03803
1.20869
1.12292
1.33483
1.03061
1.46933
1.09105
1.00191
1.04013
1.16546
1.25377
1.48801
2.82114
1.19836
2.50963
1.21587
2.25994
2.42495
1.30372
1.2075
2.63508
1.10187
1.34493
1.03501
1.19029
1.47889
1.64664
1.08708
1.03435
2.48799
1.43309
1.06199
1.60566
1.00263
1.21074
1.58431
1.25936
1.32454
2.0212
1.07163
1.28248
1.0023
1.06013
1.94068
1.011
1.9051
1.11406
1.11196
1.02909
1.0667
1.23356
1.45645
1.97808
1.16382
1.02058
1.10002
1.0546
4.69277
2.58763
1.71862
1.89201
1.12146
1.84066
1.52315
1.48649
1.62954
2.05661
1.05178
1.94918
1.08255
1.11923
1.02732
1.83451
1.07361
1.29068
1.51866
2.01014
1.76576
1.03591
1.07276
1.57902
1.74716
1.73287
2.6666
1.28868
1.48757
2.89012
1.10125
1.36759
4.21452
2.3013
1.0968
1.10612
2.32708
1.16484
1.24282
1.25199
1.24656
1.17498
1.23615
2.78934
2.29621
1.11194
1.52613
1.30194
1.475
1.48536
1.01939
1.21514
1.01028
1.66455
1.02106
1.16804
1.0039
1.43485
1.0226
1.16922
1.3619
1.30369
1.03627
3.8499
1.72621
1.10168
1.05505
1.0982
1.11663
1.05186
1.18908
2.16364
1.13219
1.10342
1.04632
1.05965
1.02194
1.46062
1.12971
1.30101
1.26423
1.12277
1.76735
1.45252
1.7945
1.70868
1.19547
1.37214
1.2331
2.72105
1.01966
2.76767
1.01783
1.10688
1.06744
1.80513
1.19785
1.47187
1.14613
1.30982
1.70471
1.38403
1.02827
1.40364
1.01895
1.19135
1.2611
1.1992
1.25162
1.64765
1.03726
3.33298
1.60699
1.18946
1.08844
1.08171
1.17362
1.11184
1.27792
1.22523
1.48209
1.15814
1.21121
1.34847
1.11206
1.39173
1.18983
1.00416
4.38257
1.49672
1.18448
1.09092
1.01883
1.00125
3.24754
1.06518
1.16043
1.03325
1.19368
1.06063
1.40895
1.56953
1.57668
2.23416
1.52618
2.1329
2.97179
1.18812
1.37585
1.10303
1.42672
2.29474
1.24532
1.04975
1.16192
1.41061
1.30219
2.87591
2.45606
1.08602
1.11636
1.09734
1.26747
1.11063
1.11953
1.21788
1.2808
1.19784
1.36215
1.57394
1.09639
1.19955
1.04439
1.44365
1.05232
1.00063
1.00158
2.42613
1.22431
2.44836
2.06342
1.11295
1.07492
5.30843
1.03683
1.38275
1.38673
1.34574
1.18365
1.3788
1.01355
1.15542
1.20041
1.02398
1.59298
1.10425
1.51657
1.02293
2.52228
1.78437
1.03983
1.37512
1.0509
1.05862
1.94529
1.09084
1.3621
1.03684
1.40656
1.05176
1.04659
1.13315
1.07627
1.17398
1.77046
1.06212
1.47269
1.26746
1.31126
1.16053
1.76304
1.30177
1.05336
1.06424
1.27015
1.46908
1.01954
1.01701
1.20928
1.59495
1.37797
1.11202
1.89451
1.0115
1.72554
1.35372
1.25036
1.01522
1.18328
1.01876
1.29574
1.32219
1.229
1.30141
1.00345
1.30506
1.07786
1.43641
2.47701
1.61669
1.22648
2.18792
1.71566
1.54963
1.88421
3.62133
1.33741
1.4726
1.08053
1.523
1.68937
1.45743
1.2508
1.00019
1.30982
2.82431
1.07006
2.08637
2.82745
1.30421
1.06439
1.12479
1.37792
2.40395
1.25932
1.63925
1.05657
1.15177
1.12984
1.16663
1.2874
1.10017
1.05018
1.16079
1.06732
1.0671
1.29476
2.54598
1.15191
1.08593
1.45786
1.53724
1.15834
1.0372
1.6582
1.20871
1.16816
1.12075
5.15582
1.84788
1.33732
2.3039
4.70201
1.39292
1.01943
1.17217
2.44146
1.55757
1.31757
1.05008
1.5674
3.30339
1.47554
1.01016
1.24108
1.57811
2.75469
1.03215
1.0594
1.66735
1.11252
1.00096
2.0207
1.16335
1.25208
1.0436
1.09404
2.04156
1.07811
1.22223
1.14568
1.19673
1.56703
1.21671
1.38508
1.25794
1.25333
1.82129
1.24162
1.35472
1.33227
1.04
2.12951
1.01541
3.67854
1.29751
1.10159
3.23668
1.10318
1.23561
1.25178
1.36298
1.2805
1.08833
1.18475
1.34691
4.53928
1.55679
1.50553
1.04045
1.39768
1.05994
1.08688
5.75519
1.48407
2.37232
1.34092
1.20371
1.10396
1.41207
1.1231
1.18836
1.00893
1.53462
1.0141
1.73771
1.14298
1.0413
1.27056
1.20088
3.26376
1.91803
1.02381
1.30827
2.12022
1.74679
1.02773
2.56948
1.76919
2.97445
1.2923
1.22555
2.88111
1.56521
1.58351
1.03962
1.10417
1.24478
1.05098
1.0331
1.30434
1.03665
1.2039
1.04425
1.13626
1.36752
3.17459
1.28669
2.46982
1.28022
1.74583
1.0032
1.70341
1.23532
1.24096
1.18038
1.06501
1.1584
1.69715
4.74128
1.1291
1.3995
1.4511
1.09825
1.20324
1.8158
1.69268
2.0211
1.0605
1.22465
1.03673
1.10618
1.37562
1.21982
1.09218
1.06871
1.86757
1.49533
1.39247
1.0377
1.0053
6.98784
1.12696
3.08079
1.03127
1.6851
1.05046
1.02054
1.1305
1.09944
1.06688
1.38132
1.29875
1.03348
1.20066
1.17619
1.52802
1.21714
1.05435
1.15648
1.23236
1.24704
4.84856
1.07388
1.592
1.46001
1.13382
1.41695
1.61757
1.2259
1.16655
1.479
1.04062
2.5139
1.78917
1.07419
4.55577
1.5827
1.05166
1.29022
1.25171
1.01953
1.05228
1.69319
1.35683
1.77732
3.09235
1.08828
1.01666
1.58992
1.78345
1.30259
1.15719
1.30604
1.89599
1.07905
2.01505
1.01731
1.36888
1.21938
1.65404
1.01898
1.12451
1.07627
1.34704
1.0896
2.55764
1.73496
1.06491
1.10563
1.10661
1.55146
1.31887
1.61506
1.79888
1.24016
1.06497
1.35015
1.02549
1.10722
1.03304
1.14925
2.02222
1.64908
7.60937
1.07184
1.05705
1.14909
1.09063
1.28574
1.56802
1.24399
1.09376
1.11386
2.62987
2.98077
1.12041
1.01136
2.26795
1.26959
1.17278
1.38873
1.56505
1.58932
4.09326
1.87237
1.1807
1.49499
1.02816
1.21751
1.08572
1.22681
1.34167
1.06688
1.06471
1.8563
1.41894
1.45111
1.43124
1.06648
1.37144
2.15994
1.72983
1.1032
1.34954
1.04093
1.40305
1.3036
1.10333
1.07958
1.24649
2.28452
3.2971
1.01283
1.75338
1.12047
1.3128
1.40533
1.2919
1.12768
3.00593
1.0919
1.8772
1.47396
1.66997
1.24664
1.21103
1.52117
1.08308
1.52431
1.12654
1.15588
1.08359
1.05544
1.45637
1.28107
1.0693
2.52022
1.0157
1.05324
2.51486
1.25302
1.04013
2.81863
2.07631
2.47377
1.00662
1.09645
1.08285
1.627
1.07888
1.08841
2.5752
1.01756
1.40377
1.18305
1.32047
1.53871
1.03829
1.18644
1.28741
1.00131
1.14545
1.67041
1.79235
1.26138
1.12429
1.35048
1.03071
1.72481
1.04242
1.42968
1.00218
1.22558
1.46278
1.01816
1.53285
1.51275
1.07904
1.03342
1.59517
1.22416
1.14229
1.2597
1.30903
1.02373
1.09983
1.16909
1.11634
2.7166
3.02655
1.5118
1.35291
3.89509
1.29714
1.02387
1.10953
1.56936
1.16498
1.01007
2.38143
1.01583
1.00524
1.05558
1.40548
1.40852
1.17106
1.31623
1.20903
1.12765
1.04333
1.32232
1.02948
1.08181
1.15997
1.24504
1.05119
3.39383
1.19059
1.08553
1.44745
1.11134
1.25955
1.78281
1.55362
1.531
1.36122
2.33766
1.09798
1.71155
1.08543
1.00026
1.10059
1.40921
1.03344
1.03307
1.00157
1.03529
1.48722
1.07816
1.19341
1.4338
1.29851
1.03798
1.02268
1.0492
1.48015
1.15911
1.25254
2.68887
2.15286
1.729
1.58083
1.05996
1.10333
1.45398
1.8986
1.62066
1.18092
1.15286
1.59656
1.22402
1.24809
1.16689
1.25241
1.94347
1.06726
1.34517
2.07709
1.17664
1.13991
1.50591
1.14214
1.01576
2.19508
1.06994
1.13404
1.2159
1.13099
1.06408
1.27003
3.55569
1.41953
1.06874
2.36343
1.18932
1.89787
1.34186
1.07833
1.11608
1.30413
1.04406
1.04227
1.00554
1.38893
1.01704
1.56085
1.63532
1.11117
1.12199
3.21962
1.10911
1.14771
1.31541
1.53142
1.31751
1.08611
2.40596
1.3132
1.10334
1.46056
1.67756
1.47198
1.54101
2.21229
1.23095
1.05687
1.22937
1.20341
1.17624
1.00728
1.3453
1.40639
1.00425
1.02516
1.32684
1.10073
1.51705
1.84498
1.60446
2.22155
1.58965
1.29697
1.04964
1.08861
1.07641
1.02312
1.08602
1.6532
1.06206
1.12478
1.29135
1.37583
1.03442
1.0529
3.38144
1.1615
1.19708
1.42541
1.19275
1.34259
1.38528
1.83472
2.35349
1.05834
1.05063
1.07777
1.1952
1.41939
1.0032
2.63257
1.07989
1.06714
1.19643
1.51414
1.77301
1.16738
1.16384
1.64507
1.68593
1.0705
1.69025
1.18787
1.37402
1.88019
1.09429
1.16951
1.08189
2.06009
1.43105
1.27767
1.34697
1.14535
3.14726
1.3494
1.08194
1.38971
2.55619
1.31099
1.08251
1.78279
1.45224
1.01452
1.02875
1.00066
1.53097
1.09119
1.14554
1.27802
1.38538
1.29738
1.61738
1.22616
1.02537
1.19496
1.9747
1.21724
1.37586
1.44982
1.69898
1.13425
1.00509
1.33285
1.77691
1.04477
1.84728
1.46112
1.60983
1.06695
1.12543
1.04047
1.07517
1.04925
1.12205
1.25786
1.75802
1.76054
1.22932
1.274
1.25939
1.07467
1.43591
1.5106
2.13087
3.15838
1.25797
1.12919
1.74568
1.53938
1.17685
1.03399
2.21269
1.04826
2.11527
3.2118
1.01285
1.72489
1.13232
1.03727
2.60311
1.07776
1.04502
1.47969
1.22796
1.10052
1.33215
1.33872
1.01456
2.59533
1.02228
1.52821
1.35558
1.73675
1.99377
1.08349
1.98001
1.20361
1.03263
1.18575
1.36502
2.00635
2.38989
1.64458
1.21516
2.06498
1.27877
2.18693
1.56601
1.02359
1.14867
1.39921
1.02513
1.26664
1.70051
1.07061
3.12437
1.53089
1.03427
2.10024
1.13431
1.04057
1.00495
1.52861
1.08137
1.24306
1.84191
2.55337
1.24385
1.81768
1.21079
1.83839
1.13592
1.06249
1.0388
2.39847
1.11961
3.04084
1.42896
1.49549
1.08644
3.12561
1.023
1.05506
1.95136
1.14074
1.4555
1.18357
1.84712
2.70659
1.12039
1.0007
1.31967
1.70014
1.06598
1.02168
1.00221
1.11466
1.5451
1.10325
1.31741
2.45951
1.37859
1.69268
1.41157
1.95806
1.27291
2.3866
1.84495
1.61551
1.84044
1.02833
1.47143
1.30789
1.47539
2.67741
1.15103
1.11806
1.34211
1.25348
1.12875
1.28841
1.72367
1.22435
1.26652
2.40224
1.14529
1.06706
1.09943
1.14988
1.07545
1.18303
2.08465
1.89739
1.06175
1.73381
1.14215
1.10368
1.19016
1.64625
1.02964
1.39856
1.34292
2.26298
1.32195
1.08527
1.18271
1.02844
1.34865
1.04672
1.5764
1.12371
1.5605
1.55053
2.17144
4.0698
1.31618
1.45008
1.27649
1.29075
1.45865
1.81929
1.16646
1.27785
1.76778
1.17285
2.26168
1.72871
1.88938
1.15867
2.06349
1.01213
1.10503
1.08369
1.76167
1.12861
1.05254
1.46645
1.32944
2.2905
1.1555
2.10444
1.13299
1.02337
1.11659
1.27919
1.20032
1.11844
1.30679
2.60416
3.12088
1.07525
1.23715
2.27457
1.08786
1.36696
1.07515
3.48106
2.02632
1.02201
2.86138
1.77331
1.06641
1.0234
1.09947
1.94002
1.46389
1.04362
1.93436
1.17645
1.46185
1.02011
1.01942
1.02909
1.74452
1.38448
2.93214
1.2969
1.09816
1.16836
1.14698
10.011
1.07545
1.12555
1.05623
1.0817
1.09555
1.048
1.1822
1.15605
1.28731
3.10121
1.35748
1.00171
1.01983
1.11656
1.03959
1.27651
1.16563
1.64043
1.79512
1.45115
1.41753
1.13005
1.21426
1.67805
1.15691
1.73318
1.19344
1.70363
1.11573
1.08096
1.51622
1.17199
1.07571
1.14181
1.0257
1.44458
1.29886
1.11621
1.02117
1.82815
1.77249
1.60254
1.15704
1.17717
1.43825
2.56621
1.25429
1.30627
1.41656
1.32484
1.13843
1.12908
1.22131
1.73551
4.10718
1.58351
1.03917
2.65839
1.67859
1.28625
2.34093
1.47752
1.01552
1.60792
1.06623
2.02656
1.02171
1.26555
1.01797
1.14373
1.02569
1.18764
1.08015
1.05664
1.07549
1.42049
1.48099
1.57935
1.42472
1.28571
2.28657
1.7055
1.44531
1.04086
1.103
1.20114
1.73009
1.22132
1.28316
1.26612
3.79442
1.77058
1.76982
2.07057
1.33004
1.06658
3.00245
1.4823
1.11995
1.04754
1.23937
1.08845
1.15727
1.3029
1.0187
2.49106
1.42188
1.44485
1.51195
1.01836
1.16672
1.17209
1.14733
1.66972
2.04771
1.05901
1.00197
1.08815
2.20828
1.10579
1.03512
1.19731
1.88034
1.58349
1.08104
1.35612
2.00339
1.07098
1.18238
2.41913
1.02213
1.98206
3.60054
1.11021
1.27994
2.47451
1.0545
1.9314
1.23051
1.71866
1.75687
1.20304
1.15132
3.79127
1.17477
1.06216
1.06282
1.41092
1.34247
1.11702
2.5897
1.33354
1.44748
1.671
1.28001
1.04956
1.33708
1.08391
1.18994
1.92964
1.26508
1.12969
1.66485
1.20414
1.12471
1.03521
1.20848
1.00313
8.44592
1.02462
1.36763
1.01122
1.93689
1.26899
1.94004
1.72008
1.13794
1.12228
1.00349
4.56617
1.19057
1.06168
1.0265
2.26929
1.32085
1.37494
1.22073
1.13274
1.01833
1.22995
1.36004
2.03196
1.31125
1.45897
1.00883
1.12217
1.17783
1.0714
1.19835
1.32621
2.87701
1.00028
1.88504
1.03776
1.57557
1.01808
1.69588
1.24804
1.71424
2.22389
1.00903
1.98528
1.15196
1.53115
1.0313
3.5114
2.78766
1.14229
1.31411
2.38173
1.40237
1.01156
1.0617
1.50559
1.13644
2.78697
1.39487
1.22078
1.0273
2.1494
1.1342
1.04937
1.233
1.92612
1.09424
1.13545
1.03712
1.07262
1.88689
1.58423
1.31686
1.1125
1.30661
1.00478
1.02573
1.53534
1.04174
1.01569
1.04458
1.34661
1.01697
1.35009
1.22111
1.31784
1.16128
1.08129
1.23558
2.29624
1.10651
1.27266
1.1757
1.25523
2.71814
1.01276
1.05535
1.10488
1.02138
2.38444
1.12218
1.00699
2.05884
1.18866
1.04273
1.32965
5.11542
1.00517
1.10161
1.1462
1.06875
1.73729
1.27732
1.86285
1.39389
1.10478
1.34244
1.08501
1.75026
1.68614
1.88694
1.04187
1.46292
1.24522
1.12043
2.50338
1.33618
2.02667
1.0984
1.154
1.06048
1.04853
1.07202
1.52206
2.83767
1.13983
1.5527
1.98153
1.02385
1.17101
2.48906
1.30847
1.0616
2.58566
1.47762
1.20265
1.17674
7.03299
1.14292
1.40386
1.35203
1.31908
1.09918
1.08505
1.19995
1.43144
1.44047
2.32645
4.54757
1.21449
1.0612
1.58835
2.12108
1.39225
1.20928
2.28785
1.10796
1.06235
3.02131
1.73941
1.42191
1.12037
3.27561
1.06927
1.3222
1.477
1.51823
1.78109
1.00124
1.24834
1.28708
1.21765
1.29627
1.80727
1.40296
2.50563
1.0754
1.09809
1.02419
1.01808
1.04126
1.07015
1.43492
1.12528
1.37345
1.90626
1.0188
1.00066
1.25811
2.0766
1.21141
1.00958
3.24277
1.14392
1.40034
1.07842
1.93674
1.03512
1.57901
1.57755
1.52346
1.74317
1.33738
1.13829
1.0775
1.13195
1.30194
1.01161
1.03286
1.75809
2.75757
1.09841
1.09816
1.63396
1.03987
1.389
1.00771
2.13096
2.20451
3.44415
1.31926
1.09649
1.07128
2.25785
1.29953
1.04526
2.14216
1.00113
1.81278
1.30022
1.38513
1.19649
4.20142
1.15781
1.22418
1.41128
2.89388
1.57665
1.02923
1.54962
1.83118
1.29129
1.01
1.02526
1.13147
1.00142
1.03413
1.27751
1.30132
1.48204
1.2542
1.62371
1.10918
1.0517
1.03077
4.03916
1.26754
1.22687
1.14742
1.32259
1.2265
1.0811
1.69868
1.07778
1.85203
1.09945
1.48414
1.00922
1.21135
1.30449
1.02473
1.9729
2.40289
3.30501
1.12281
1.13375
1.57856
1.00925
1.21771
1.40973
1.18868
1.54664
1.9726
1.26542
1.58396
1.50798
2.05264
1.58659
1.17823
1.01838
1.73772
1.31684
1.23796
1.68225
1.28029
4.36143
1.05749
1.63391
1.15868
1.07696
2.22839
1.6995
1.37545
2.33186
2.05193
1.2356
1.38352
1.06302
1.2407
1.02415
1.84413
1.52102
1.18524
2.28537
1.10968
1.40273
1.04008
1.01193
1.37646
1.52498
1.12926
1.00623
2.05766
1.37664
1.067
1.01015
1.18543
1.62144
2.26312
1.08592
1.07118
1.85864
1.45954
1.6735
1.82158
1.07261
1.02347
1.53187
1.11906
1.03171
1.13358
1.12634
1.59235
1.36697
1.10174
3.35551
1.26754
5.04895
1.45208
1.63046
1.02884
1.25913
1.38556
1.14524
1.38441
1.12913
1.10098
1.23967
2.49547
1.01901
1.28626
1.78139
1.08354
1.09019
2.32875
1.48073
1.91389
1.19393
2.55366
2.24187
1.53625
1.0469
1.02805
1.7022
1.85502
1.01544
1.08272
2.06139
1.32629
1.09647
3.21028
2.36752
1.02716
1.07893
1.06291
1.20195
1.25929
1.52107
1.05029
1.03447
1.1037
1.38919
1.42534
1.72246
1.29775
1.42587
1.91772
1.88924
1.06861
1.0104
1.38889
1.69334
2.36685
1.00752
1.58049
2.52228
1.52205
1.75407
1.1287
2.63906
1.14684
1.64558
1.18836
2.19467
1.39215
1.18607
1.09785
1.59381
1.63414
1.0971
1.13314
1.02521
1.71296
5.25189
1.05313
1.48036
1.12266
1.40099
1.09218
1.54087
1.65638
1.43766
1.10998
1.02388
1.22094
1.36983
1.0687
1.02121
1.16317
1.07685
1.02289
1.13862
1.37171
3.67243
1.51989
1.2633
1.10198
1.39493
1.00068
1.24576
1.09486
1.17974
1.6777
1.23304
1.18706
1.06957
1.16241
1.11371
1.12867
1.35944
1.14678
1.06296
2.09424
1.01054
1.44259
1.00167
1.01906
1.1071
1.0664
1.60916
1.47404
1.10992
1.37488
1.54742
1.23018
3.23929
1.92562
1.42806
1.23476
2.9028
1.04912
1.0362
1.39524
1.06274
1.09415
1.35944
1.47274
3.5808
1.14458
1.0978
1.41535
1.06272
1.56125
2.74068
1.01993
1.74808
1.08392
1.22354
2.58584
1.32879
1.05078
1.39425
1.02227
1.19934
1.32539
1.26118
1.59262
1.22837
4.32526
1.52676
1.01807
1.07114
1.31343
1.75723
1.67765
1.16154
1.19717
2.13031
1.67311
1.15184
1.22974
1.03843
1.06318
1.65913
1.09294
1.88059
1.12391
1.01139
1.06432
3.39636
1.13321
2.08326
1.13523
1.02147
1.68185
1.21509
1.00329
1.30144
1.00471
4.14878
2.92382
1.64656
2.0829
1.13587
1.31985
1.06446
1.21683
2.27879
1.279
1.71263
1.53493
1.31363
1.78722
1.32203
1.03844
1.1044
1.33738
1.2345
1.34972
1.05491
1.1504
1.15604
1.66849
1.16518
1.01555
5.32898
1.10268
1.76489
1.29774
1.39757
1.36137
1.88349
1.87256
1.38297
1.15004
1.15059
1.2696
2.3597
2.1715
3.20906
6.26672
1.67309
1.14978
2.46041
1.27821
1.59621
1.61859
1.225
1.33259
1.04663
3.45387
1.69952
1.43795
2.2085
1.4274
1.67937
1.94715
1.21931
1.22757
1.49324
1.10542
1.0192
1.19534
1.0545
2.36914
1.02266
1.09598
1.35958
2.35367
1.2661
1.14695
1.07859
1.05211
1.23748
1.97707
1.26796
1.69208
1.35206
1.10457
2.41493
1.33382
2.82181
1.13245
1.41726
1.17528
1.11804
1.04734
1.4858
1.20906
1.20973
1.39452
1.15357
1.26302
1.30084
1.06927
1.00346
1.31535
1.49444
1.61952
1.01742
1.05531
1.05353
4.76099
1.01199
1.52406
1.07759
1.06782
1.32386
1.07673
1.21317
1.09328
1.22126
1.05678
1.0055
1.00179
1.1958
2.72456
1.06029
2.57724
1.41028
1.09952
1.02108
1.17267
1.02798
1.36826
1.41463
1.6651
1.10676
1.95413
1.95228
1.18595
1.07821
1.07024
1.95852
1.37141
1.02197
1.21158
1.00613
1.8026
2.02653
1.08908
1.21923
1.00567
1.00951
1.09213
1.38335
1.32385
1.19308
1.00325
1.11519
1.15394
1.08329
2.42168
1.09674
1.34683
1.26309
2.13256
1.08375
1.24057
1.02427
1.08325
2.51795
2.80339
1.0609
1.51094
2.42822
1.0895
1.17328
1.12802
1.21586
1.30171
1.05423
1.15408
1.13561
1.02511
1.01927
1.0312
2.27755
2.31705
1.01235
1.45148
1.57204
1.10931
1.00484
1.03113
1.21306
1.39704
5.62955
1.13535
1.34558
6.14069
2.89503
1.68628
2.93386
1.03988
1.34665
1.20056
1.51449
1.20253
1.20414
1.01444
1.19568
1.53398
1.3672
2.4506
1.49269
1.80166
2.13053
1.57946
1.13982
1.06481
1.49407
1.04209
2.04871
1.70139
1.19104
1.52174
1.46587
1.48652
1.02839
1.03496
1.35064
1.88006
1.08416
1.37252
1.74639
1.05498
1.08061
1.22042
1.09306
1.00702
1.26163
1.09346
1.06561
1.15798
1.01568
1.02707
1.32418
1.09299
1.3428
1.19566
1.34544
1.06908
4.65634
1.02235
1.04903
1.73995
1.07862
1.14684
1.21858
1.01943
1.01455
1.27881
1.61554
1.20349
2.04826
2.36869
1.41819
2.73043
1.16229
1.40723
1.08479
1.91708
1.35246
1.01388
1.03597
1.24198
1.05464
1.43951
1.09136
1.27217
1.0696
1.16175
1.56509
1.93218
1.36445
1.17784
1.03286
2.24943
1.03151
1.05444
3.66673
1.98304
1.34866
1.68616
1.46998
1.01304
1.11851
1.06807
2.48977
1.45034
1.09482
1.17644
1.03386
1.04567
3.07191
4.03938
1.16623
5.54512
1.0457
1.22078
1.24128
1.62482
1.12159
1.48727
1.26419
1.88191
1.15161
1.23681
1.08727
1.27269
1.02192
1.41401
1.16092
1.71485
1.26897
1.2708
1.1064
1.84111
3.73202
2.53987
1.36287
1.12865
1.08717
1.07621
1.04429
1.07422
1.12439
1.69004
1.35162
1.5285
1.03373
1.99939
1.58313
4.84558
3.5729
1.46998
5.33025
1.14769
1.19372
1.20879
1.74613
1.99983
1.25538
1.13273
1.14712
2.54771
1.07794
1.05937
1.45775
1.19799
1.00203
2.23899
1.08662
1.57233
1.17732
1.09207
1.00678
1.5058
1.11518
1.70789
3.05647
2.00887
2.4628
1.60255
1.20612
1.01762
1.99865
1.22661
1.00377
2.74188
1.0244
1.30261
1.21365
2.05861
1.03137
1.33379
2.96561
1.07533
3.45661
1.47306
1.00243
1.06376
1.60784
1.32884
1.02235
1.01012
1.03525
1.11477
1.13292
1.18652
2.10408
1.88124
1.82967
1.23251
1.18365
1.0194
1.77031
2.14269
1.05091
1.09797
2.29039
1.09117
1.33607
1.89004
1.06344
2.1331
1.23926
1.09977
1.04448
2.16408
1.65438
1.15308
1.164
3.92511
1.44577
1.53033
1.11286
1.10723
5.843
1.12602
1.35399
1.05334
1.1197
1.20923
1.01565
1.03835
1.06179
1.07753
1.09668
1.21004
1.27999
1.04615
2.76149
1.28711
1.13295
1.09102
2.22326
1.36374
1.70541
1.65617
1.52381
1.0634
1.61698
1.31515
1.90641
1.07097
2.1251
1.21443
1.47015
1.08384
4.5292
1.07423
1.65931
1.05854
1.81218
1.29624
1.00999
1.39013
1.04265
1.26891
1.43451
2.26351
1.00377
4.67369
1.03552
1.43965
1.16154
1.29961
1.09261
2.21458
1.32449
1.78908
1.51976
1.00158
2.68331
1.40887
1.12246
1.00505
1.12606
1.80155
1.11272
1.08217
1.53917
1.02819
2.39879
1.88717
1.04201
1.12764
1.60365
1.00333
1.28195
1.08081
1.08389
1.10961
1.15043
1.14468
2.15775
1.00602
1.45791
3.20906
1.41081
1.34653
1.16499
1.04434
1.56136
1.77982
1.14649
4.84836
2.59989
1.39566
1.04098
1.23503
1.8496
1.07752
1.15796
3.39528
1.2067
1.20812
1.71803
1.25832
1.38617
1.08842
2.47341
1.0672
1.83423
2.43363
1.11041
1.01682
1.05458
1.11979
1.34489
1.10322
1.08822
1.30122
1.35613
1.04723
1.1928
1.34946
2.04676
2.49217
1.08479
1.72842
1.40377
1.09247
1.7657
1.40682
1.82801
1.39029
1.29099
1.52985
1.21514
1.21923
1.05782
1.1145
1.07367
1.19153
16.3408
1.01324
2.15781
1.22026
1.31238
1.19537
1.26385
1.00895
1.15956
1.37552
1.00232
1.41678
1.08174
1.35104
1.13703
1.51836
3.21467
1.0041
1.21328
1.05072
1.23224
1.04557
3.58595
1.14033
1.15997
1.37018
1.01625
1.60606
2.67894
1.08363
1.51339
1.09165
1.01837
1.41105
1.37021
1.55561
1.02851
1.25743
1.36032
2.74575
1.94212
1.01936
1.06918
2.46133
1.46553
1.6023
1.15103
1.07458
1.57705
1.05769
1.12062
1.58209
1.11764
1.26892
1.11678
1.36508
1.22741
1.26883
1.02884
1.49646
1.39766
1.3484
1.39482
1.12479
1.12028
1.32924
1.46885
1.08046
1.39997
1.05116
2.27909
2.30692
1.02128
1.0473
1.64102
3.01013
1.11098
2.2284
1.15494
1.20254
1.0316
1.0249
1.12661
1.04933
1.06169
1.35469
1.006
1.59791
1.32825
1.10986
1.56426
1.02831
1.41986
1.3831
1.50143
1.46083
1.01033
1.38258
1.1802
1.00234
4.77936
1.15963
1.31155
1.01435
2.23954
1.08564
1.04628
1.36931
2.24475
1.00358
2.10571
1.0898
1.00251
1.34528
1.15053
1.9059
1.3478
1.28355
1.61976
1.00694
1.23468
1.1984
1.0713
1.27942
1.23839
1.6909
1.04939
1.7441
1.82691
1.40114
1.19523
1.40352
1.08772
1.01772
1.15971
1.0567
1.68939
1.14258
1.65924
1.1653
1.65921
1.40687
1.23083
1.80602
1.4708
1.30602
2.03852
1.27064
1.0294
1.92372
1.58519
1.15243
1.05754
1.42848
1.08491
2.40173
1.31531
1.05122
1.03587
1.49114
1.03801
1.01655
1.07195
1.04964
1.21591
1.67465
1.01769
1.18965
1.09733
1.07486
1.47004
1.12342
1.54967
1.49717
1.09883
1.31213
2.49874
1.0232
1.09331
1.43491
1.12429
2.99005
1.09443
1.12915
1.66998
1.6223
1.05733
2.10728
1.06735
1.75325
1.31233
1.15403
1.61527
1.13456
1.3181
1.05609
1.22376
1.55806
1.01421
1.15636
1.05012
1.15445
2.41405
1.66737
1.28261
1.46701
1.01467
1.22006
1.62693
1.08501
2.17303
1.1035
1.38836
1.20369
1.01843
1.2522
1.30854
1.40616
1.10725
1.42301
4.50612
1.29641
1.09189
1.40279
1.45758
1.13248
1.48684
1.25122
1.96442
1.34597
1.14447
1.22711
1.00655
1.03473
1.09774
1.21615
3.08549
1.47625
6.51684
1.21772
1.0092
1.2854
1.55279
2.23796
2.59386
1.45188
1.62575
1.79904
1.52139
1.11891
1.0896
1.13518
1.23583
1.32925
1.31457
1.53386
1.1539
1.16826
1.41597
1.13337
1.26226
1.00629
1.11519
1.43008
1.47764
1.70911
1.10532
2.07647
1.02321
2.03437
1.36407
1.13062
1.27097
5.00615
1.43913
1.02169
1.20234
1.39131
1.11886
1.11976
2.55151
1.5991
1.0163
2.12867
1.02833
1.0111
1.18977
1.33841
1.11733
1.33212
1.11063
2.14928
1.29872
1.57623
1.03067
1.29313
1.4641
1.10368
1.02489
1.0319
1.01947
1.45649
1.05605
3.17675
2.77609
1.09024
1.32019
2.04981
1.99008
1.00324
1.01983
1.62369
1.03792
4.69083
1.01887
1.45199
1.23943
2.52173
1.45345
1.35309
1.30418
1.08601
1.48202
1.23677
2.15544
1.25155
1.16659
2.19494
1.03659
1.27491
1.90885
1.21196
1.22738
1.94986
1.40657
1.02317
1.49549
1.00459
2.30874
1.07032
1.81561
1.17009
1.90372
1.17168
1.01508
1.12969
2.5112
1.15683
1.05989
1.08899
1.35799
1.69753
1.05691
1.4605
1.33314
1.00532
1.01204
1.11338
1.18835
4.11618
1.37781
3.98209
2.00443
1.02337
1.68165
1.5088
1.7382
1.04146
1.12643
1.23912
1.28095
2.35418
1.79929
1.24439
1.44638
2.11619
1.85716
1.73503
1.64993
1.08657
1.05646
2.02074
1.77235
1.06094
1.18024
1.52746
1.05234
3.78848
4.84599
1.20104
1.47514
1.17305
1.37502
1.13376
1.64774
1.02108
1.00891
1.02248
1.06968
1.37675
1.0944
1.37484
1.03184
1.03669
1.62291
1.00045
1.47917
1.78451
1.30515
5.27046
2.83906
1.55313
1.13344
1.10005
1.40325
1.31317
1.70261
1.95314
2.07914
1.05413
5.65805
1.21112
1.18044
1.30096
4.43471
2.29494
1.32823
2.5289
1.07475
1.2142
1.20217
1.03495
1.27652
1.05619
1.12589
1.7842
1.46152
1.04475
1.45241
1.20104
1.59714
1.86565
1.08189
1.0647
1.13326
1.58865
1.00294
1.47265
1.18237
1.15739
2.03974
1.04899
1.14415
1.26656
1.12401
2.09751
1.03954
1.36279
2.07341
1.01728
1.03811
1.54033
1.20727
1.15315
1.19863
1.1928
1.6279
1.27992
2.16981
1.48888
1.13266
2.02797
1.19585
1.08362
1.4556
1.18115
1.14949
7.87136
1.07515
1.45779
1.03772
1.24488
1.58362
1.57296
1.07202
1.13045
1.21715
2.23065
1.36771
1.19766
1.1388
1.10569
1.06445
1.04523
1.10468
1.12986
1.13309
1.11669
1.1418
1.59378
1.11587
1.22478
3.61868
1.28802
1.72071
1.09984
1.19923
1.127
1.22944
1.25248
1.05748
3.50748
1.77877
2.72158
1.32645
1.4305
1.37075
1.62319
2.04435
1.22213
3.1484
1.8099
1.39503
1.4699
2.25564
1.12487
1.40576
1.06571
1.09949
1.29855
1.06643
1.13366
1.53592
1.01664
1.22668
3.72506
1.07201
1.16226
1.12264
1.0932
1.08731
1.02066
1.11249
2.02141
1.25886
1.13328
2.66618
4.96752
1.5832
1.73873
1.04833
2.32131
1.30705
1.02934
1.25249
1.35004
1.02554
1.53041
1.55598
1.01818
1.16516
1.17509
1.04704
1.60342
1.85446
1.06057
1.07047
1.24991
1.28503
4.24222
1.1173
1.06271
1.29965
1.07447
1.139
1.20718
1.53456
1.34994
1.1922
1.06439
1.29075
1.39193
1.92538
1.35115
1.27779
1.78905
1.01931
1.30295
1.47034
1.13646
1.05215
1.77417
1.11996
1.07092
1.02811
3.36181
1.43918
1.1246
1.12577
1.51421
1.50402
1.02629
1.13055
1.55073
1.34221
1.45076
1.01
1.62921
1.24105
1.00519
1.20857
1.06267
1.51994
1.64897
1.20631
1.03749
1.1432
1.74334
2.26202
1.48879
1.59642
1.0642
1.26713
2.92832
1.10221
1.39422
1.9156
1.26387
1.00168
1.80676
1.3796
1.68201
1.62846
1.00586
1.44063
1.0165
1.31127
1.75768
1.68753
1.20594
1.96743
1.43282
1.24119
1.42429
1.01779
1.65975
2.15116
1.44272
1.1162
4.75295
1.02991
1.68103
1.4416
1.28237
1.12562
1.23294
1.88126
1.08638
1.32068
1.10205
1.72697
1.1864
1.35709
1.36659
1.15497
1.9451
1.08138
1.00242
1.0235
1.12021
2.73363
1.30353
1.15504
1.29576
1.20028
1.30211
1.29537
1.52859
1.09566
1.79577
1.11014
1.02526
1.081
1.13485
1.56888
1.08106
1.11186
1.67398
1.28075
1.26583
1.04893
1.32292
1.01157
1.01568
1.44764
1.17003
1.02408
1.0312
1.11513
1.74173
1.15554
1.01168
1.51539
4.10869
1.80428
1.36154
1.91493
1.03183
1.03736
1.0128
2.40726
1.03195
1.59196
2.55112
1.78009
2.01843
1.10209
1.44213
3.01782
1.20755
1.03915
1.33385
1.36973
1.39431
1.10072
1.08218
1.60903
1.24207
4.47882
1.0813
2.28589
1.11515
1.04232
1.79012
1.3957
1.36208
1.16775
1.06508
1.03491
4.03721
2.74515
1.37365
1.09493
1.69162
1.0537
1.2532
1.00534
1.00299
1.565
1.4777
1.00081
1.00674
1.10087
1.04277
2.46817
1.07731
1.03203
1.08236
1.13589
1.89257
2.23282
1.27701
1.4246
1.05866
1.46898
1.06925
1.544
1.44289
1.15911
1.14481
1.10484
1.09001
1.05211
1.63028
1.05802
2.22263
1.43374
1.13655
1.29337
1.02194
2.4175
1.02917
1.00408
1.01809
1.02368
1.2017
1.04792
1.11994
1.54666
3.82815
1.1725
1.83352
2.69541
1.24923
1.09658
1.68604
1.15603
1.16361
1.0433
1.24417
1.41431
1.29114
1.87625
1.19128
1.20092
1.12901
1.37728
2.54333
1.32606
1.60595
1.06311
1.14385
1.19239
1.72216
3.23388
1.17648
1.22313
2.69102
1.62531
1.45159
1.19218
1.07361
1.50472
2.79406
1.39274
1.74098
1.58776
1.79864
1.54689
1.73093
1.90258
2.05517
1.45062
3.03973
1.64275
1.37886
2.35544
1.53714
1.32079
1.52631
3.04814
1.54235
1.16029
1.88661
1.0191
1.118
1.43303
1.0753
1.1613
1.33638
1.72299
1.22802
1.15397
1.62807
1.48451
1.44626
1.02923
1.06915
2.78563
2.15027
1.06424
1.40214
1.2466
1.10912
1.73345
1.26314
1.82542
1.36702
1.01779
3.1234
1.32433
1.57894
1.04422
1.14672
1.06156
1.14101
1.29602
1.28162
1.05608
2.08431
1.12582
1.13958
1.39206
1.85196
1.20422
1.03869
1.45549
1.10644
1.12303
4.0213
1.28606
1.19131
1.14822
1.38819
1.54135
1.09786
1.16045
1.00679
2.37589
1.67979
1.09991
1.5471
1.29206
1.12309
4.32146
1.10977
1.29159
1.06084
1.0616
2.04178
1.12975
1.70633
1.17834
1.14662
1.26135
1.38051
1.63353
1.69086
1.56823
1.31939
1.18386
1.24502
1.35899
1.95506
1.16085
2.07325
1.12388
1.08596
1.64759
2.67482
1.65151
1.39838
1.95838
1.22451
1.02127
1.00939
1.24854
1.48493
1.99185
1.46688
1.21823
1.44048
1.27199
1.73697
2.36266
4.79311
1.56742
1.41899
1.40426
1.1514
1.28762
1.09872
1.08578
1.6206
1.13455
1.57114
1.00254
1.19228
1.00985
1.90674
3.1875
1.39946
1.45013
1.02983
1.048
1.31455
1.29055
2.11826
2.24236
1.67605
1.00165
1.80931
1.10275
1.10346
1.13211
2.90662
3.06215
1.47937
4.49977
2.01135
1.33454
1.49973
1.08108
1.13071
1.36104
1.10328
1.23611
1.75243
1.94826
1.11829
1.03646
1.43126
1.93285
1.91289
1.39792
2.27011
1.18975
1.64393
1.32666
1.01821
1.37141
1.0254
1.37511
1.30678
1.4481
1.22101
1.32045
1.01208
1.38153
1.12692
1.34886
2.55961
1.44041
1.18352
1.32368
1.44031
1.22489
1.0925
1.30217
1.31208
1.11335
1.04425
1.15728
1.15847
1.05269
1.12605
1.38918
1.16007
1.06001
1.04208
1.95911
1.1365
1.05778
1.72609
1.26201
1.15538
1.11512
1.17554
1.56673
1.0008
1.19412
1.18982
1.29223
1.43727
1.51892
1.55342
1.38563
1.07416
1.03652
1.01975
1.01214
3.75973
1.16785
1.33726
1.17879
1.31104
1.22617
1.87188
1.56148
1.12936
1.38629
1.80172
1.28661
1.09027
3.15134
1.02877
1.01841
1.25374
1.2053
1.08725
1.17071
1.33222
1.5642
1.01907
1.41474
1.94895
1.18025
1.39141
1.08559
1.72747
1.52681
1.07186
1.25547
1.40316
1.21874
1.12066
1.36381
1.14975
1.15138
1.74322
1.58677
1.30911
1.51172
1.16467
2.49411
1.19706
1.06315
1.1609
1.33114
1.31071
1.04218
1.27494
1.78662
1.90114
1.18214
1.46007
1.30964
1.24621
1.52532
1.05295
1.08401
1.57275
1.04869
1.92032
1.02144
1.06543
1.0154
2.39294
1.41658
1.11479
1.08374
1.17159
1.35311
1.03722
1.27299
1.32053
1.12553
1.40935
1.22136
1.16014
1.1951
1.26713
1.13566
1.00096
1.04989
2.40334
1.02216
1.02208
1.76572
1.44409
1.40175
1.00809
1.17445
3.95495
1.00505
2.31892
1.06787
1.59932
2.95309
1.07506
1.63723
1.11465
1.21509
1.07612
1.23423
1.12322
1.16011
1.6627
1.14419
2.54766
1.00972
1.11102
1.08642
1.16504
1.10154
1.27254
1.05894
2.76551
1.01176
1.47115
1.23665
1.40688
1.52381
1.00169
1.02449
1.27148
6.93783
1.05963
2.11482
1.39604
1.03887
1.01041
1.2875
2.18944
1.18094
1.38366
1.19024
1.05044
1.3047
1.06414
1.02854
1.42299
1.22187
3.03337
1.69471
1.17129
1.82394
1.48251
1.54505
1.92773
1.49846
1.24549
1.60309
1.116
1.13142
1.00515
1.00268
1.09595
8.05511
1.04472
1.15937
1.16956
1.26924
2.26985
1.17061
1.93488
1.11593
1.00244
1.71237
3.42107
1.00252
1.35968
1.31549
1.65071
1.65329
1.05988
1.04989
1.23139
1.76117
1.06615
1.1739
1.50534
1.0189
1.13328
2.62024
2.18512
1.18074
1.11499
2.48661
1.32745
1.44014
1.06383
1.06029
1.04206
1.07337
1.05296
1.06034
1.03494
1.00815
5.09653
1.04986
1.33735
1.08597
1.86859
1.78825
1.16002
1.79374
1.35059
1.00772
1.33309
1.00285
1.47278
1.282
1.00008
1.28625
1.34984
2.00957
1.16728
1.27405
1.89175
1.91056
2.19228
1.11469
1.115
1.20728
1.51233
1.08353
1.7091
1.6349
1.90595
1.1527
1.464
1.06636
1.16378
1.042
1.53075
8.78517
1.00558
1.05407
1.53812
1.1933
1.29681
1.01554
1.04656
1.06116
1.34064
1.21696
1.04527
1.16559
1.66402
1.28571
1.16207
1.31415
1.02546
1.40304
1.01977
1.12376
1.26075
2.15556
1.04266
1.08133
1.27068
1.73097
1.04246
3.65646
1.03949
1.41129
2.09398
1.38554
1.19497
1.46283
1.43022
1.04591
1.13859
1.41853
3.44613
1.08459
2.07614
1.27161
1.46649
1.40753
1.52767
3.42189
2.29901
1.67288
1.77551
1.48762
1.2702
1.30493
1.16925
1.43694
1.24029
1.03496
1.43172
1.10641
1.33936
1.06185
3.29485
1.28286
1.04245
1.34123
1.23402
1.7241
2.42848
2.61914
2.18846
1.47333
1.05757
1.26419
1.48479
1.05017
1.01326
1.13105
2.64926
1.11814
1.99377
2.15517
1.03978
1.12555
1.27711
1.13951
1.60215
1.03242
1.01835
1.03468
1.02066
1.3238
2.4435
1.07683
1.30585
1.52757
1.11626
1.03851
1.01333
1.36996
1.04198
1.01978
1.11733
1.19267
1.82633
1.41381
1.13917
1.03284
1.2111
1.21529
1.01225
1.10472
1.59724
2.63949
1.24419
1.53283
1.14264
1.02584
1.00368
1.02683
1.71584
1.08554
2.67359
1.14262
1.00127
1.9359
2.01454
1.15156
1.09675
1.90659
2.31922
1.12446
1.19565
1.29541
1.34361
1.05802
1.4175
1.06892
1.04873
1.14061
1.91924
1.71524
1.06085
1.63792
1.0658
3.30351
1.53101
1.05019
2.4989
1.41617
1.34372
1.00306
1.02701
1.54815
1.79338
1.1211
1.09496
1.01345
1.55639
1.02167
2.44785
1.49816
1.26473
1.71652
1.2321
1.34594
2.81554
1.95472
1.04105
2.33802
1.37505
1.03674
1.46735
1.89851
1.84107
1.05523
1.18091
1.63498
2.01255
1.36036
1.18902
1.07245
1.04302
1.53945
1.15245
1.65053
1.50276
1.01605
1.39397
1.50706
1.61493
1.05052
1.01539
1.68192
1.46237
1.09178
1.14816
3.40454
1.61599
1.0246
1.32027
1.22021
1.93602
1.04264
1.00157
1.57374
2.40265
1.00584
1.23811
1.07019
1.23768
1.52274
1.20564
1.06804
1.34929
1.28731
1.46496
2.53433
1.05576
1.13278
1.09296
1.4442
1.20415
1.49275
1.0879
1.74463
1.37013
1.04253
1.99932
1.01691
1.89437
1.25155
1.4398
1.09116
1.08207
1.06282
1.98931
2.84627
1.25497
1.24855
1.31306
1.49963
1.10328
1.5046
4.22418
1.03827
1.23388
1.37227
1.32797
1.44717
1.23974
1.66417
1.24153
1.08528
1.18463
1.11706
1.25567
5.55302
1.02993
1.06569
1.81196
1.39596
1.62309
1.22181
2.20902
1.16488
1.11876
1.53176
1.04392
1.2243
1.37137
1.7468
1.47195
1.25025
1.18513
1.0299
2.18999
1.18002
2.59018
1.00544
1.3922
1.14169
1.19634
1.70184
1.18755
1.59494
2.21194
1.50065
1.10149
1.23095
2.0652
1.15765
1.10073
1.27502
1.07481
3.0874
1.09108
1.64051
1.15351
1.07048
1.60138
1.19785
1.06073
1.18367
1.0144
1.00968
1.62102
1.66777
1.29029
1.63405
4.00676
1.09544
1.64858
1.05145
1.22234
1.00159
1.31637
2.90061
1.18329
2.88593
1.08198
1.15588
2.03044
1.47806
2.25287
1.68489
2.73491
1.25336
1.13681
1.66557
1.49316
1.17215
1.16047
2.16167
2.56213
1.28178
1.40292
1.21386
2.86085
1.62204
1.60944
1.59161
2.10609
1.27685
1.21071
1.11743
2.27215
2.58813
1.20376
1.51647
1.33747
1.68707
2.08671
2.13924
1.02638
4.70471
1.29516
1.3188
1.201
1.07287
1.72884
2.91296
2.24367
1.00873
1.39193
1.37287
1.01091
1.39668
2.98187
1.22202
1.3914
1.16967
1.25536
2.40096
1.0914
1.27717
1.01858
1.08127
1.01584
1.53749
1.29299
1.08941
5.21058
1.3538
1.45234
1.00508
1.62023
1.1727
1.08221
1.01493
1.78408
1.37031
2.13754
1.27652
1.28679
2.14846
1.03124
1.12765
1.00141
1.59928
1.07083
1.00073
1.09372
2.46435
1.12894
1.06267
1.09424
1.2712
1.28302
1.13444
1.38919
1.50712
1.12768
1.06031
2.50912
1.18785
1.21329
1.11963
1.02013
2.09153
1.18804
1.05176
1.21318
1.1025
1.69747
1.30428
1.36755
1.06226
2.1607
1.33871
1.41802
1.15291
1.54978
1.17756
1.00258
1.56944
4.28517
1.3074
1.21864
1.32346
1.24327
1.1126
1.19545
1.13409
1.04868
1.1641
1.44355
1.13993
1.42534
1.25702
1.11317
1.24882
1.17059
1.09218
1.37474
3.07254
1.4706
1.23871
1.78946
1.95735
1.01195
1.10845
1.02941
1.74016
1.35422
1.09565
1.64878
2.56116
1.08052
1.86688
1.44646
1.14741
1.7877
1.16532
1.97108
1.25044
1.04417
2.06856
1.72386
1.04524
1.06351
1.15455
2.3226
1.38311
1.0538
1.25248
1.59054
1.30432
1.42564
1.01868
1.00098
1.25366
1.59537
1.09387
1.02551
1.08065
1.09989
1.23716
1.60192
1.49061
1.15115
1.13133
1.03926
1.9195
2.84441
1.20279
1.56463
1.0727
1.09974
1.40519
1.49511
1.62019
1.08443
1.52633
1.94289
2.89205
1.19988
1.52554
1.08478
1.05915
1.31343
1.68762
1.31001
1.29377
1.55147
2.74409
1.65731
1.09422
2.19421
1.20253
3.50444
1.45077
1.15665
1.09516
1.28238
1.01015
1.19699
1.05165
1.13842
1.3691
1.57468
1.05985
3.40033
2.58675
1.30315
1.61179
2.41303
1.04662
1.34507
1.00765
2.33562
1.00464
1.59071
1.00846
1.73419
1.35578
1.10322
1.01507
1.00185
2.62408
1.01119
1.09515
1.205
4.52981
1.00154
1.32707
1.29463
1.30785
1.13879
1.07341
1.1934
1.12749
1.5667
1.36918
1.03893
1.61882
2.14956
1.08426
1.20681
1.42447
1.21254
2.29083
2.57518
1.30568
1.13722
2.45042
1.13848
2.61255
2.19648
1.09491
1.32742
3.46315
3.03582
1.13939
1.31544
1.11017
1.1376
1.30397
1.21595
1.65302
1.20588
1.47204
1.11565
1.14685
1.04613
1.08076
1.10304
1.04116
1.14253
2.36351
1.17803
1.48799
3.36761
2.12699
1.02035
1.23424
2.83347
1.51041
1.46455
1.50714
1.05246
1.14361
2.05171
1.54771
1.25525
1.07523
1.07138
1.12724
1.09976
1.10266
1.68378
2.31192
1.37642
1.38458
1.40823
1.182
1.49961
1.38973
1.35289
1.50868
3.37744
1.2749
1.19887
1.19718
1.18355
1.50578
1.20653
1.22568
1.0234
1.02933
1.22635
1.08171
2.7265
1.10808
1.07871
1.91095
1.18393
1.32606
1.39744
4.74435
1.18684
1.34952
1.1119
1.43393
2.38046
2.05945
1.03614
1.80318
1.24152
1.31617
1.01003
1.10401
1.30876
1.4795
1.43424
1.71808
1.06614
1.21916
3.8072
1.17525
1.22963
1.48119
1.85646
1.10645
1.30698
1.08311
1.08992
1.42154
1.06265
1.11391
1.76644
1.20135
1.24365
1.38069
1.34966
2.89409
1.16876
1.19568
1.19517
2.12501
1.12484
3.77508
1.50604
1.07242
1.4341
2.47812
1.49127
1.05706
1.34114
1.00483
1.17195
1.51836
1.25893
1.28749
1.00967
1.24683
1.07243
1.28866
1.37075
1.59028
1.44792
1.07476
1.22488
1.08184
2.03696
1.45731
1.04022
1.01436
1.16701
1.19777
1.16993
4.14797
1.03339
1.2393
1.46969
2.38163
1.06527
1.38069
1.87893
1.32234
1.5502
1.04285
1.34716
1.08721
1.14982
1.09847
1.06998
1.70991
1.00089
1.30907
1.03545
1.35564
1.01364
1.02258
1.01611
1.28991
1.79895
1.38923
1.20588
1.05681
2.44402
1.06851
1.10257
1.99303
1.60007
1.08006
1.48323
1.23898
1.05982
1.63736
1.41602
1.83564
1.22809
1.15251
1.17004
1.16405
1.64306
1.06657
1.47335
1.59983
1.67763
1.02531
1.58477
1.25733
1.02976
1.45499
1.66657
1.19693
1.06468
1.36762
1.33317
1.0425
1.42331
2.18508
1.24133
1.08113
2.34614
1.60944
1.02428
1.11662
1.32987
1.79112
1.12156
1.35398
1.04283
1.89948
1.06407
1.76376
1.39372
1.76087
1.27184
6.09329
1.72624
1.14634
1.20545
3.72536
1.04639
2.36518
1.01376
1.44281
1.45961
1.05534
1.2581
1.43421
1.06987
1.51515
1.03591
2.62455
1.28512
1.00636
1.26993
1.39273
1.04491
1.95162
1.1774
1.19946
1.43587
1.54551
1.13665
1.46341
1.83951
1.80802
1.15895
1.26147
1.60259
1.53684
1.0727
1.14218
1.28363
1.09376
1.10145
2.29059
1.03272
1.40108
1.00109
1.83936
1.00457
1.12761
1.17722
1.79051
4.10292
3.1282
2.15488
2.67124
1.82835
1.09883
1.4064
1.5251
1.49347
1.22072
1.11728
1.2506
1.29266
2.90149
1.13828
1.18451
1.04707
1.10245
1.23388
1.01163
1.5093
1.8157
1.02133
1.16791
1.13309
1.83187
1.0048
1.01363
1.00538
1.0869
1.49133
1.32024
1.15444
1.69087
1.41056
1.36371
1.0712
1.09103
1.24732
1.04914
1.69379
1.3711
1.07056
1.09066
1.11956
1.23726
1.49241
1.28786
1.05255
1.54111
1.34069
1.25392
4.61293
1.39955
3.05039
2.80469
1.05732
1.20083
1.08969
1.51102
1.02389
1.30116
2.3201
1.07367
1.02654
1.35065
1.14626
1.61126
1.36669
1.42317
1.6317
1.07341
1.4357
1.30856
1.31243
1.58366
1.0314
2.62959
1.38252
2.01002
1.2227
1.50648
1.2959
1.03595
1.1429
1.16698
2.31948
1.0808
2.26913
1.10243
2.84371
1.14789
1.05135
1.08531
1.0649
1.45471
1.00404
1.10609
1.52742
1.88395
1.04839
1.29714
1.092
1.04868
1.74415
1.00928
1.94534
1.55296
1.0164
1.02768
1.0317
1.32976
1.11767
1.16593
1.2704
1.82144
1.66285
2.06334
2.21884
1.62857
1.47381
1.11439
2.86606
1.23252
1.10364
1.92852
1.23255
1.49465
1.22903
1.45844
1.38296
1.09635
2.7475
1.24182
1.10989
1.19446
1.08218
1.03853
1.70291
1.8695
1.56634
1.95973
1.24092
2.28882
1.4021
1.43114
1.13459
1.81013
1.14242
1.23302
1.20972
1.29286
1.00357
1.60647
1.05741
1.10526
1.06089
1.71846
1.08088
1.09624
1.35104
1.06488
2.51742
1.24756
1.94896
1.30462
1.34895
1.02804
2.78428
1.01671
1.20872
1.44861
4.00858
1.03586
1.05231
1.05062
1.25691
1.17404
1.21265
1.17863
1.01297
1.18409
1.61232
1.10018
1.31954
2.2804
1.62437
1.00478
1.29135
1.16959
3.23167
1.171
1.04279
1.21054
1.22747
1.46105
1.01655
2.75262
1.52805
1.86619
1.39241
3.59697
1.01824
1.46903
1.18827
1.2796
1.05802
1.41898
2.47289
1.04972
1.84015
1.08787
1.17842
1.15184
1.11878
1.24652
1.43836
1.60976
1.21774
1.25127
1.00204
1.53646
1.17584
1.01865
1.05493
2.7433
1.54176
1.25605
1.5302
1.0441
1.0836
1.59006
1.10082
1.71453
2.68607
1.12279
1.08292
1.4294
1.602
1.49951
1.07512
1.61764
1.12801
1.01735
1.01424
1.01592
1.37203
1.01922
1.00622
2.72817
1.51033
1.10059
1.29021
1.00844
2.686
3.37878
1.50426
1.1277
1.3852
1.05728
1.19188
2.34129
1.24368
1.53463
2.52277
1.2147
1.30847
3.71919
1.3552
1.23416
1.6851
1.03086
1.27397
1.17928
2.23569
1.41597
1.13839
2.52049
2.90779
1.14444
1.00526
1.26361
2.08621
1.33087
1.14919
1.49197
1.20546
1.27741
1.08023
1.072
1.43833
2.26065
1.0934
1.10451
1.0505
1.44894
1.83258
3.60558
1.57058
2.09175
1.00748
1.54187
1.11236
1.70466
1.13295
1.31557
1.14403
1.17057
1.23016
1.2483
1.4218
1.63447
1.11022
1.04839
1.24318
2.32748
1.14738
1.11538
1.54466
2.07832
1.16619
2.27339
1.07831
1.74394
1.00263
1.50255
1.22332
1.41006
1.09602
1.34241
1.23099
1.20048
1.05011
1.44421
1.08226
1.06312
1.04607
1.01415
1.00219
1.69196
1.17172
1.63134
1.66128
1.89244
1.16327
1.03102
1.13793
1.55306
1.13944
1.38238
1.30348
1.2233
1.23191
2.15688
2.151
1.0322
1.1754
1.02421
1.03308
1.23448
1.00158
1.12035
1.20033
1.26191
1.31022
1.43464
1.05361
1.1699
1.71508
2.83392
1.13261
1.78287
1.23889
1.00029
1.07502
1.06527
1.19598
1.12938
1.18818
1.23918
1.58663
1.08781
1.60542
1.27433
1.13957
1.07724
1.37441
1.22949
1.58656
1.20945
1.59503
1.04172
2.13876
1.44317
1.38127
1.88497
1.19242
1.24895
1.33553
1.64198
1.17674
1.00875
1.00174
7.96787
1.072
1.07208
1.34725
1.45261
1.85576
1.11735
1.0067
1.70048
1.33867
1.1145
1.34088
1.45903
1.10709
1.17165
1.03519
1.6727
1.16263
1.17903
1.1314
1.22139
1.10717
1.18753
1.93009
1.50863
1.53273
1.21256
2.27137
1.02622
1.2559
1.32822
2.0626
1.05894
1.40073
3.04242
1.15875
1.55291
1.48192
1.56337
7.27335
1.08256
2.04124
1.34765
1.19834
1.14274
1.17333
1.15809
1.1357
1.01538
1.22035
1.27576
1.02216
1.05848
1.23352
1.09905
1.67642
1.11897
1.71463
1.40818
1.0235
1.51557
1.01418
1.24768
1.39546
1.76467
1.65039
1.03337
1.48947
1.63668
1.19343
1.07025
1.08527
1.17501
1.08877
1.21086
1.05532
1.12752
1.5809
1.20641
1.30909
1.24039
1.02673
1.04866
1.028
1.07619
1.03545
1.02447
1.18879
1.3279
1.71181
1.50189
1.05476
1.10512
1.92191
1.28037
2.16631
1.55587
1.07104
1.09951
2.15473
1.0756
1.68397
1.24101
1.03502
3.60891
1.10156
4.11371
1.04444
1.20818
1.95352
2.2912
1.07015
2.59352
1.10351
1.44892
1.2629
1.17162
1.09089
1.1881
1.08619
1.34384
1.25638
1.09459
1.01046
3.65129
1.16878
1.27141
1.04723
2.13607
1.07819
1.08961
1.33258
1.45963
1.24295
1.14282
1.97712
1.15185
1.19716
1.23274
2.13778
1.11727
1.04969
1.78283
1.08078
4.05332
9.76859
1.77497
1.06036
1.10018
1.16132
1.06491
1.39864
1.03848
1.1965
1.05544
1.17776
1.14596
1.16905
1.04562
1.36185
1.15822
1.54098
1.53448
1.07718
1.23251
1.02305
1.09754
1.05194
1.02618
1.38513
1.11352
1.01469
1.02287
1.52071
2.0554
1.77356
1.0672
1.33335
1.31702
1.8274
1.06118
1.3953
1.38506
2.29911
1.1519
1.00231
1.228
1.16228
2.27351
1.01866
1.51995
5.54949
1.04823
1.10742
1.43213
1.10652
1.1395
2.05867
1.26322
1.78461
1.53248
1.02965
1.14175
1.46569
1.32698
1.01468
2.80491
1.65648
1.18926
1.07448
2.55075
1.06798
1.56094
1.90965
1.06737
1.09058
1.31294
1.07335
1.87064
1.21593
1.22125
1.79075
1.00611
1.11233
1.88316
1.68761
1.73799
1.14276
1.23073
1.28311
1.09023
1.09595
1.10158
1.10095
1.0205
1.25893
1.15497
1.2063
1.14354
1.76913
1.38335
1.04553
1.82507
1.18739
1.16513
1.93216
1.2326
1.20172
1.51835
1.17812
1.31172
2.41949
1.6624
3.50086
1.59145
1.70336
1.12137
1.06175
2.27808
1.27948
1.72086
1.33845
1.03354
1.03439
1.48488
2.03227
1.40236
1.88406
1.04209
1.48256
1.18421
1.49802
1.75145
1.01367
1.26988
1.05382
1.03253
1.08414
1.90828
1.14786
1.06609
1.00859
1.32998
1.32638
1.66675
1.0324
1.18201
1.17106
1.02393
2.28661
1.04049
2.06135
2.32247
1.80851
1.27173
1.44193
1.02826
1.22069
1.78599
1.7054
1.02811
1.1235
3.91625
1.17392
1.25367
1.34893
1.06743
1.05903
1.24832
1.27716
2.25591
1.93526
1.79636
2.16506
1.046
1.16441
1.16045
2.62594
1.18985
1.00058
1.28279
1.57662
1.07526
1.98709
1.16663
1.02092
1.63758
1.55702
1.63799
1.06801
1.15606
1.52817
1.48931
1.12249
2.00445
1.02851
1.00241
1.65708
1.98552
1.32422
1.97898
1.40169
1.06988
1.3751
2.26192
4.03042
1.17157
1.89111
1.07112
2.25957
1.11242
1.26184
1.42221
1.13852
2.36245
1.10359
1.66466
1.0293
1.11015
1.91007
1.01388
1.06465
1.01424
1.02911
1.42436
1.08551
1.12166
1.50314
1.81626
1.78185
1.18585
1.06783
1.3018
1.03637
1.22394
1.16106
1.00466
1.15998
1.41973
2.4698
1.04498
1.32819
1.44212
1.08931
3.08484
1.22748
1.63878
1.53218
1.36974
1.36567
1.28825
1.10783
1.05205
3.17714
1.02333
1.33065
1.11688
1.17744
1.22507
1.05333
1.13326
1.81085
1.17317
1.86355
1.38761
1.07827
1.33081
1.42162
3.05198
1.32481
1.17781
1.1277
1.06986
1.05535
1.19125
1.1017
1.18124
1.18268
4.55987
1.51892
1.17996
1.1396
1.81231
1.19065
1.45637
1.25592
2.58929
1.28314
1.19426
1.16426
1.16928
1.45296
1.78618
1.04025
1.0537
2.21217
1.75059
1.33044
1.01022
1.86291
4.92297
1.17476
2.09003
1.41567
1.2421
1.05259
3.29217
1.0622
1.19258
1.05371
1.62867
1.00138
1.27158
1.49726
1.3484
4.90226
1.59103
4.46099
2.08821
1.38116
2.16343
3.90773
1.38413
1.37481
1.40863
1.07808
1.55747
1.01136
1.21408
1.09398
1.10327
1.04402
1.36292
1.41654
1.85946
1.20724
1.14085
1.13632
1.97788
1.94257
1.07082
1.51731
1.53848
1.16232
1.33289
1.54385
1.2115
1.85015
1.22639
1.01149
1.12927
1.23162
1.16263
1.56446
1.27607
1.04847
1.57193
1.33418
1.65152
1.9167
1.63525
1.80399
1.10522
1.84523
1.52601
1.16427
1.14825
1.14317
1.23397
1.12335
1.0409
1.2726
1.03912
1.04559
2.21641
1.05844
1.74273
1.06469
1.0144
1.05004
1.5956
1.31402
1.53628
1.19995
1.21053
1.18536
1.35349
1.02011
1.23028
1.50955
1.39644
1.39869
1.65646
1.34143
1.44069
1.61143
1.18247
1.66465
1.09767
1.4006
1.29356
2.30049
1.93396
1.0402
1.36585
1.32056
1.80698
1.01306
1.25693
1.6671
1.06881
1.18704
1.01605
1.00414
2.25231
1.38538
1.2332
1.25444
1.18302
1.28928
1.35456
2.10548
1.21907
1.68811
1.18606
1.9748
1.16229
2.29568
1.21076
1.15095
3.74159
1.30018
1.10964
1.37817
1.44825
1.00109
1.6336
1.01184
1.2426
1.95914
1.28376
1.25471
1.17816
5.57568
1.11024
1.04723
1.50019
1.29246
1.1396
1.11913
1.14192
1.19605
1.03862
1.47828
1.05735
1.64311
1.25354
1.70516
1.04979
1.00821
1.04288
1.63874
1.56478
1.01049
1.39461
1.52323
1.06191
1.36433
1.33015
1.16502
2.61585
1.99761
1.21975
1.33926
1.03232
1.20941
1.11865
1.11415
5.10421
1.33731
1.03508
5.385
2.59122
1.02904
1.5135
1.8508
1.52396
1.03814
1.78724
1.17966
1.80631
1.72897
1.16948
1.14112
1.19476
1.05038
1.22931
1.53196
1.22944
1.19844
1.02751
1.16362
1.30037
1.02544
1.66116
2.50029
1.01444
1.29331
1.54059
3.68537
1.14135
1.03856
2.42402
1.42617
6.28853
1.2216
1.99606
1.0735
1.40112
2.32598
1.45785
1.32489
1.10409
1.41612
1.03007
2.25825
1.37657
1.64078
1.7134
2.31264
2.02544
1.69971
1.93696
1.58776
1.91573
1.02653
1.42576
1.14008
1.69031
1.40267
1.1204
1.68464
1.58945
1.07256
1.73093
1.79215
1.28552
1.13096
2.02464
1.10757
1.07642
2.94424
1.18568
1.09231
1.24937
1.12613
1.75019
1.3261
2.73117
2.90746
1.09402
1.40363
1.12108
1.25294
1.382
1.35862
1.36525
1.54721
1.48595
1.05748
2.06172
1.03829
1.14634
1.00582
1.05324
1.0925
1.13523
1.40211
2.10428
1.30929
1.00706
2.69123
1.18949
1.03494
1.94514
1.24812
1.01135
1.01129
3.23941
1.3495
1.0839
1.35777
1.515
2.62955
1.79283
1.20784
1.15883
1.27596
1.01819
1.18222
2.53345
1.0432
1.08055
1.04081
3.42667
2.30718
1.2287
1.61847
1.38374
1.10966
1.46172
4.45411
1.67537
1.56081
3.11194
1.27518
1.11018
1.13118
1.04595
1.49751
1.30695
1.01764
1.13055
1.40118
1.00172
1.36682
1.33161
1.10155
1.45049
1.10579
2.05103
1.43949
1.38282
1.28544
1.05326
1.11608
1.98829
1.7562
1.83967
1.26889
1.38525
1.39961
1.02938
1.20434
1.02107
1.20713
1.12075
1.11434
1.07215
1.52019
1.10984
1.13648
1.3934
1.35554
1.81404
1.04566
1.2101
1.10608
1.8599
1.0315
1.01253
1.56362
1.44446
1.19546
1.72395
1.32694
1.48984
1.22208
1.74656
1.45034
1.56949
1.46687
1.08676
1.17878
1.30393
1.45169
1.01546
1.26819
1.51722
1.23796
1.04154
1.00051
1.16973
1.26001
1.16037
1.02847
1.83672
1.27169
1.14207
1.49181
1.17917
2.23291
1.07818
6.62134
1.24014
1.0771
1.25586
1.18815
2.06862
1.5952
1.27567
1.36983
1.13818
1.01516
1.4517
1.62811
1.69593
1.00885
1.46527
1.47032
1.37522
3.85343
1.02038
1.0455
1.00385
1.15868
1.13978
1.35548
1.07347
1.5091
1.14282
1.57709
1.57707
1.53251
1.65705
1.49748
1.27717
1.43193
1.00299
2.20449
1.11814
1.0848
1.55704
1.5733
1.14995
1.20666
1.0876
1.01042
1.24062
1.87292
1.79258
1.29091
1.08955
2.41008
1.08209
1.06905
1.28831
1.02669
1.51447
1.0611
1.40146
2.16158
1.2436
1.86961
1.59113
1.00664
1.46735
2.02373
1.1296
1.03208
1.89292
1.49349
1.01838
1.19621
1.17796
1.62718
1.00951
1.66539
1.17973
1.04335
1.36334
1.3039
1.00902
1.33864
1.06835
1.19633
1.0051
1.07666
1.01843
2.56608
1.51197
1.6701
1.09483
1.12055
1.394
1.54398
1.07162
1.44352
1.39974
1.17534
1.15427
2.18979
1.2765
1.3687
1.29832
1.11921
1.16633
2.0311
1.22377
2.30943
3.57903
2.67099
2.35545
1.21848
1.09442
2.55563
2.92889
1.80586
1.02514
3.69151
1.37349
1.04233
1.50877
1.02651
1.44069
1.53528
1.4277
3.29445
1.03002
1.02044
1.72308
1.22022
1.1588
1.00619
2.86636
1.22606
1.3014
1.49601
1.05967
1.89679
1.3778
1.16533
1.68324
1.10616
1.31562
1.15882
1.02727
1.33868
1.34458
1.25693
1.67545
1.08364
1.02673
1.07058
1.89575
1.04912
1.07051
1.3366
2.38279
1.01509
1.63064
1.10836
1.3912
1.29675
1.69951
1.17905
1.63591
1.93542
4.11596
1.05134
1.12423
1.05741
2.48798
1.14685
2.01157
1.72458
1.287
1.01852
1.08729
1.4485
1.34246
1.22716
1.04745
2.33182
1.10888
1.26205
1.04344
1.49345
1.09461
1.45033
1.33091
1.74943
1.00283
1.03207
1.06397
4.18697
1.05912
1.71217
2.00187
1.06811
1.09593
1.54211
1.63903
1.01355
1.03142
1.2004
2.08565
1.34682
1.65182
1.02203
1.47644
1.28353
1.60616
1.0197
1.36586
1.71217
1.03918
1.64753
1.55059
1.04876
3.31771
1.17646
1.09209
1.32271
1.25939
1.64317
1.05901
1.05301
1.65709
1.03253
1.98972
1.51462
2.18239
1.37697
1.42536
2.71325
1.09216
1.43794
3.71266
1.52629
1.01925
1.42745
1.00739
2.74437
1.36893
1.11467
1.08063
1.47678
1.38673
1.89821
1.53593
1.50104
1.33774
1.34278
1.31418
1.02908
1.06482
2.14955
1.02649
2.20764
1.09905
1.03345
1.72693
1.35291
1.00356
1.38445
1.06942
1.062
1.25203
2.20136
1.35064
2.3329
1.60448
1.29377
1.43615
1.01444
1.36916
1.47021
2.12935
1.04559
1.24778
1.20421
1.2652
1.63015
1.23811
1.10106
1.22751
1.06974
1.00697
3.10786
1.12869
2.34734
1.15381
1.0703
1.05547
1.36819
1.04895
1.54579
1.261
2.50935
1.19482
2.70985
1.07427
2.54414
1.63703
1.17283
1.42383
1.15115
1.05924
1.13444
1.78307
1.90442
1.22322
1.19728
1.04537
1.02904
1.62651
1.624
1.4073
1.06838
1.15171
1.17029
1.35159
1.67335
1.61589
1.05602
1.25898
2.01768
1.17533
1.08972
1.88774
1.18537
1.61045
2.8038
1.35097
1.10919
1.11061
1.10236
1.04985
1.53995
1.89046
1.68036
3.27109
1.49701
1.41491
1.55664
1.69456
2.02614
1.02252
1.65162
1.55488
1.00335
1.14823
1.07927
1.17335
1.70131
1.05854
1.41797
1.28294
1.16018
1.16362
1.73094
1.11164
2.43761
1.1023
1.33149
1.16816
1.34999
2.10997
1.24636
1.0447
1.48817
1.15016
1.8326
1.36104
1.25995
1.012
1.37957
1.20293
1.13041
1.02206
1.6418
1.39012
1.25101
1.13096
1.10711
1.06908
1.51403
1.99067
1.17489
1.11692
1.05274
1.39018
1.34778
1.02094
2.31408
1.66839
1.29491
1.96647
1.36227
1.93097
1.27669
1.25302
1.17104
1.08635
1.12886
1.87737
1.95175
1.58082
2.67175
1.25121
1.02535
1.16811
1.58164
1.43266
1.51731
1.70131
1.07138
1.15894
1.06912
2.94225
1.12213
1.21488
2.81107
2.18995
1.66209
1.78293
2.00692
1.30239
2.03395
7.25961
1.11549
1.0053
1.12239
1.44489
1.05654
1.8245
1.29901
1.44152
1.14056
1.11253
1.1799
1.01202
1.29105
1.16899
4.09788
1.01538
1.38941
1.48112
1.25108
1.0112
1.08411
1.25468
1.91591
1.78921
1.42491
2.21914
1.14585
1.16461
1.65707
3.47077
1.04892
1.13147
1.82679
1.0728
1.22723
1.18
1.25494
1.25595
3.34177
2.91331
1.23211
1.01756
2.36986
1.11683
1.74828
1.27851
1.88122
1.22882
4.41725
1.50863
1.03756
1.02053
1.77449
1.21469
1.3558
1.97523
1.49944
1.10477
1.18808
1.09316
1.26849
1.46288
1.42623
2.2945
1.07525
1.81662
1.31136
1.11629
2.56117
1.08281
1.07525
1.71132
1.19853
1.41502
1.16447
1.25488
1.32525
1.01554
1.00432
1.07641
2.55017
1.60917
1.03725
1.57548
2.69394
1.05499
3.77347
1.39632
1.21052
1.26866
1.92542
1.32023
1.01221
1.23545
1.01315
1.33204
1.55923
1.63863
1.05562
1.08166
1.29328
1.34332
4.4666
1.30271
1.10486
1.02934
1.18506
1.06137
1.44293
1.2113
1.17796
1.38298
1.55841
1.06665
1.69663
1.45483
1.15331
1.05485
1.23223
1.13711
1.78233
1.10931
1.21452
1.60426
1.23229
1.1297
3.79402
1.32199
1.3318
1.05639
1.11249
1.16164
1.32538
2.40896
1.169
1.56414
2.06885
1.58333
1.34144
1.4012
1.00085
1.25549
2.28521
1.0565
1.32375
1.73381
1.09712
1.21897
1.02548
1.17859
1.40193
3.10636
2.02079
1.21995
1.55405
1.80392
1.17363
1.12332
1.29774
1.82839
1.48442
1.52759
1.0934
1.29211
1.09737
1.28234
1.02467
1.55721
1.17898
1.2964
1.16783
1.02164
1.3051
1.74767
1.79596
1.11494
1.14818
1.21931
1.63844
1.02595
1.19407
1.69925
1.66389
1.27973
5.15837
1.11573
1.95576
1.08222
9.04131
1.20558
1.31366
1.17189
1.28471
1.12348
1.00202
1.50679
1.05239
1.13428
1.01246
1.01266
1.29614
1.04539
1.06474
1.37404
1.2271
1.20573
2.3491
1.11973
1.66652
1.04773
1.44327
1.08707
1.14478
1.20496
1.68449
3.44927
1.07675
1.07999
1.08526
1.35756
1.22078
1.14654
2.64906
1.12345
1.0617
1.30363
1.03345
1.29247
1.44102
1.12982
1.11454
1.64722
1.16629
1.4487
1.11967
1.56486
3.66511
1.19753
1.66291
1.09863
1.27962
1.21149
1.03918
1.62832
2.40618
1.44693
1.14805
1.12011
6.6512
9.22281
1.26088
1.08102
2.32886
1.11712
1.06632
1.08972
1.13161
1.15041
1.30174
1.52691
1.00351
1.15507
1.07479
1.18823
2.27147
1.11829
3.55222
1.2226
2.36739
1.3321
2.88401
1.77036
1.89436
1.08809
1.20489
1.0186
2.12791
1.14007
1.07869
1.07859
1.29155
1.48171
1.46524
1.8428
1.16471
1.32376
1.08596
1.11963
1.82327
1.19453
1.60974
2.45424
1.26357
3.48208
1.14775
2.02313
1.3649
1.48818
1.17625
1.05944
1.52179
1.35234
1.31977
1.11772
1.42411
1.9892
4.69509
1.34521
2.43865
1.06881
2.06447
1.09493
1.03333
1.00605
1.46
1.23791
1.46053
1.05093
1.1801
1.23664
2.55726
1.19159
1.63049
1.00268
1.10528
1.09463
1.26782
1.19051
1.1131
1.32234
1.01576
1.01526
3.40273
1.43721
1.03044
1.79318
2.77674
2.61112
1.1372
1.00015
1.31847
1.17702
1.04656
1.3104
1.08477
1.44723
2.00946
1.21104
1.36864
1.05278
1.23013
2.70493
1.44162
1.07435
1.04012
1.4961
2.12167
1.15153
1.58572
1.78476
2.04053
1.02396
1.00137
2.12877
1.15151
1.01243
1.22883
1.63338
1.41023
1.24094
1.92341
1.3083
1.27607
1.17756
1.09198
1.02454
1.23178
1.03658
1.6409
1.00723
2.88139
1.24309
1.68519
2.29923
1.20716
1.2483
1.01726
2.76466
1.13132
2.62915
2.52184
1.75587
1.61517
1.11358
1.04521
2.62802
1.05729
1.1745
1.55375
1.19275
1.70798
1.18973
1.05112
1.31553
1.60551
1.00388
1.43467
1.36115
1.03956
1.58506
1.0748
2.77976
1.65658
1.29135
1.63184
1.72212
2.12097
2.87712
1.00845
1.22526
1.18378
1.78967
1.13156
2.4851
2.15599
1.12112
1.24528
1.0547
1.03282
1.39651
1.21203
1.85706
1.12059
1.13473
1.0106
1.08517
1.02834
1.72986
1.31801
1.12793
1.03629
1.07138
1.34511
1.02636
1.00354
1.00858
1.2102
1.06756
1.02087
1.38884
1.07257
1.10268
1.02027
1.02462
3.83312
1.65878
2.23655
1.76483
1.35955
1.09085
1.24388
1.71527
1.61443
1.32551
2.70319
1.65953
1.14674
1.0947
1.03085
1.62776
2.82555
1.9126
1.13551
1.05447
1.10035
2.64753
1.04595
1.36728
1.14143
1.74657
1.04956
1.30588
2.51185
1.11926
1.03607
1.0938
1.09948
2.06332
1.20732
1.03652
2.31081
1.02672
1.87144
1.26175
1.23155
1.39003
1.05032
1.31146
1.19944
1.51558
1.29894
1.57937
1.33871
1.05952
1.20889
1.04369
1.12247
1.57372
1.11862
1.14093
1.01319
1.06478
1.09367
1.43776
1.3082
1.20969
1.13578
1.5297
1.09057
1.29323
1.07599
1.66863
1.09911
1.27487
1.24169
1.0985
1.55611
1.01928
1.83988
1.93337
1.00671
1.03316
1.12339
2.03288
2.0951
1.23942
1.02551
1.51502
1.09932
1.47857
1.44328
1.09943
1.09977
1.1501
1.17984
1.6039
1.0253
1.41731
1.35589
1.03825
1.10111
2.42166
1.02857
1.75854
1.13266
1.35044
1.93027
1.31318
1.20613
1.11752
1.03434
1.32063
1.02304
1.33444
2.08156
1.46747
1.16453
1.1804
1.25125
1.8694
1.36207
1.17074
1.79341
1.90664
1.01894
1.24536
2.31948
1.23824
1.85505
1.16305
1.13076
1.29991
1.63287
2.03217
1.70211
3.11562
1.78874
1.29895
1.13154
1.58959
1.15727
1.39813
1.05779
1.03125
1.03175
1.14
1.09646
1.02702
1.11477
1.37694
1.07287
1.0703
1.04396
2.39691
1.02562
1.06697
1.97739
1.52169
1.03855
2.55611
4.6083
1.14779
1.18946
1.83048
1.17651
1.60943
1.19292
6.02323
1.15415
1.04503
1.06231
1.02885
1.13045
1.36058
1.20274
1.2123
1.16424
1.08614
1.06756
4.53014
1.47575
1.30641
1.22003
2.02017
1.39175
1.07057
1.00394
2.21853
1.28418
1.04972
1.2013
1.1024
1.81009
5.14856
2.71956
1.4616
1.23429
1.03404
1.30288
1.18773
1.23896
1.25583
1.57971
1.66123
3.15743
1.46251
1.02382
1.40033
1.06914
1.12419
1.12521
1.28033
1.58706
1.25582
1.22505
1.38748
2.44507
1.14977
1.28388
1.0429
1.34606
1.20119
1.5178
1.08464
1.43025
2.04064
1.54334
1.29425
1.17681
1.40607
3.39069
1.40908
1.88297
1.40424
1.63147
1.00392
1.86349
1.95112
1.07826
1.56706
1.13554
1.27464
1.10434
1.04737
1.32798
1.12084
1.60529
1.79371
1.80231
4.05545
2.37453
2.15026
2.02284
2.9011
2.28662
1.24523
1.14483
1.15799
2.07425
4.49425
1.30382
1.23557
1.22288
1.52798
1.06235
2.18273
1.12382
1.1187
1.26484
2.14075
1.63416
1.24805
1.07998
1.87879
1.02204
2.17472
1.11827
1.76761
1.36784
1.63381
1.14516
2.47605
2.32069
1.3529
1.42284
1.03485
1.04416
1.02406
1.20538
1.48693
3.51924
1.26051
1.11339
1.13301
1.7081
1.27011
1.00369
1.08868
1.09226
1.10625
1.34781
1.61337
1.07244
1.06173
1.11214
1.22771
1.43477
1.16565
1.95302
2.39826
1.36186
2.2985
1.13283
1.32557
2.61338
1.08101
1.16285
1.49091
1.09573
5.74439
1.17745
1.82198
1.99267
1.85195
1.17893
1.74964
1.06441
1.49643
1.1661
2.01222
1.15365
1.63074
1.13564
1.55482
1.02492
1.32395
1.25257
1.95626
1.2679
1.20599
1.41442
1.4833
1.26688
1.41744
1.12272
1.37645
1.10756
2.31039
1.21973
1.28605
1.11429
1.03565
2.01231
1.20464
1.43112
2.90289
1.01814
1.00221
1.99033
1.16108
1.37743
1.82097
1.6778
2.19986
1.50547
1.34011
1.17432
1.24095
1.08259
1.1004
1.30627
1.2656
1.43143
1.15279
1.83874
1.45917
1.0757
2.13262
1.17376
1.07871
3.61189
1.09743
1.44186
1.40825
1.62608
1.20972
1.31956
1.19372
1.35694
1.43893
1.01999
1.7087
1.08458
2.1883
1.09763
1.12139
1.35933
1.3604
1.11702
1.98484
1.14728
1.05631
1.06394
1.67644
1.00693
1.12573
1.14357
1.24735
1.19238
1.43538
1.0098
1.19043
1.50762
1.21769
1.62505
1.90792
1.18742
1.03315
1.00631
1.3976
2.62631
1.07817
1.03955
3.47792
1.12178
1.10524
1.58807
1.75047
2.03922
1.00826
1.18156
1.03369
1.05997
1.01799
1.75753
1.13545
1.25513
2.26016
1.02144
1.13682
1.06229
1.78138
1.79214
1.10813
1.73267
1.83987
1.30716
1.10339
1.01475
1.77959
1.58969
1.07443
1.05589
1.0055
1.22434
2.0647
2.19153
1.79897
1.4515
1.20917
1.08581
1.39181
1.34003
1.34834
1.22437
1.18913
1.08032
1.07208
1.10841
1.21519
1.2966
1.32958
1.08213
1.13437
1.23252
1.78588
1.57096
1.10398
1.03259
1.00299
2.08117
1.08527
1.09461
1.12363
1.92337
2.33234
1.39443
2.15505
1.33511
1.66538
1.18933
1.12866
1.58105
1.07031
1.43104
1.09727
1.09946
1.37973
2.96079
2.67182
1.51392
1.006
1.05203
1.08408
1.07607
1.01212
2.87694
1.10194
1.02504
1.52087
1.00624
2.39768
1.70615
1.10053
1.32541
1.08726
1.29332
1.12196
1.0532
1.52642
1.08921
1.40446
1.51931
1.57301
1.12668
1.34978
1.15043
1.15717
1.03156
1.30314
1.71838
1.3796
1.66943
2.67267
1.28462
1.16245
1.45092
1.44406
1.41333
1.28863
1.08963
1.01816
1.3364
1.19702
2.24878
1.42416
1.03376
1.28866
1.00479
1.07349
1.49652
1.36732
1.08552
1.94961
1.03052
1.09236
1.45495
1.43296
1.08489
1.09169
1.43502
2.90215
1.17556
1.13004
1.21224
1.26077
1.15622
1.57645
2.37727
1.76954
1.06289
1.25654
3.92
1.48563
1.44493
1.2155
1.04836
1.0236
1.32641
1.27488
1.25983
1.07811
1.05929
1.18886
2.7733
1.26223
1.62196
1.30897
1.02081
2.24099
1.81151
1.02434
1.13138
1.10079
1.4584
1.02574
1.70387
1.24309
1.71881
1.07398
1.49284
1.40185
1.06595
1.62194
4.72486
1.1816
1.39978
1.12372
1.4085
1.37123
1.17643
1.08246
1.07411
1.29261
1.14051
1.66162
1.13158
1.47486
1.07911
2.60052
1.05537
1.1574
1.03869
2.48621
1.87805
2.50575
1.1631
1.36891
1.21064
1.21218
1.00408
1.04776
2.14049
1.17926
1.13571
1.68554
1.54371
1.06924
1.21556
3.73899
1.22507
1.18981
1.23303
1.156
1.2337
1.04468
1.49182
1.33783
1.66248
1.23188
1.35354
2.67991
1.05049
1.87231
1.18287
1.22182
1.07881
1.05647
1.31108
2.70795
1.05046
1.1746
1.3644
1.2665
1.11401
1.10934
2.786
1.56505
1.85398
1.17906
1.27759
1.09141
1.18078
1.93347
1.28331
1.0143
1.66687
3.91738
3.03185
1.3931
1.29609
1.01057
1.09073
1.15508
1.37226
1.59748
1.72199
1.78498
1.41742
1.04495
1.03563
1.76987
1.50408
1.27777
2.63507
1.12707
1.11796
1.18288
1.07797
1.12861
1.26045
1.69331
1.30056
1.8052
1.03442
1.11002
1.81887
1.10491
1.61737
1.24551
1.01213
1.18203
1.21962
2.69635
2.21188
3.01064
1.32184
1.12011
1.10418
2.31252
1.02027
1.11176
1.2975
1.17515
2.03146
1.02155
1.02938
1.03217
1.4523
1.05947
1.12225
2.0373
2.11486
1.18215
1.1521
1.03366
1.30754
2.08435
1.05556
3.47027
1.08454
3.17933
1.24444
1.16946
1.15505
1.13583
1.21487
1.1531
2.03494
1.16569
1.22471
1.62575
1.07397
6.26075
2.50713
1.10695
1.62154
1.13016
1.00607
2.15264
1.14394
1.3128
2.18345
1.16188
3.66149
1.02305
2.43414
1.13235
1.25936
1.018
1.26272
1.18795
1.54529
3.80246
1.14304
1.0027
1.08638
1.07599
1.22156
1.02057
1.49145
1.11197
1.01043
1.13791
5.05872
1.82478
2.25872
1.05978
1.04023
1.06499
1.87182
1.39892
1.76574
1.08235
1.02832
1.5645
1.18635
1.39047
1.44522
1.19883
1.13156
1.39184
1.06614
1.52496
1.31453
1.00259
1.94998
1.25776
1.08194
1.41825
1.55642
1.21333
1.22779
1.05558
1.39624
1.0458
1.19059
1.38265
1.50324
1.98656
1.15902
3.62465
1.00521
1.02849
1.41762
1.40354
1.15782
1.49619
1.02955
1.40583
1.15599
2.53234
1.35091
1.20971
1.07794
1.17412
3.88184
1.28029
1.67949
1.17299
1.03296
2.20987
1.01273
1.64196
1.31384
1.02014
1.03196
1.21083
1.38498
1.73924
1.00373
1.07376
1.15309
1.06296
1.09231
1.83903
1.30282
1.13953
1.03089
1.01691
1.51394
1.1419
1.07767
2.51956
3.24905
1.10015
1.042
1.39417
1.02951
1.73167
1.0732
1.11807
1.00208
1.01785
1.34009
1.33253
1.15318
1.43965
1.35142
1.02591
2.07773
1.70052
1.32385
2.18955
1.27654
1.35793
1.17618
1.89417
1.71126
1.10679
1.11955
1.00478
1.0819
1.07414
1.06389
2.5566
1.10694
2.07158
1.03028
1.02558
1.10064
1.38539
1.13518
1.32491
2.1124
1.61215
1.15978
1.03206
1.01149
1.78365
1.0898
1.52314
1.18302
1.1822
1.14987
1.19439
1.58293
1.18694
1.23595
1.25898
1.10272
1.07111
1.91304
1.16399
2.35609
1.24134
1.03444
1.28301
1.41216
3.39039
1.29634
1.13053
1.09804
1.03957
1.16451
1.94572
1.24205
1.55624
2.51883
2.83697
1.17808
1.47669
1.21039
1.6111
1.19857
1.08236
2.37755
1.30401
1.03834
1.97709
1.62772
1.31094
3.05739
2.675
1.09909
1.06999
1.67189
1.0072
1.61189
1.1757
1.52758
1.61858
1.15618
26.5249
1.56217
1.31691
1.0055
1.20836
1.52135
1.01623
1.05379
10.736
1.11926
1.25398
1.36468
1.12981
1.57338
2.33104
1.06503
1.05371
2.74847
1.38722
2.75383
1.09287
1.0226
1.19345
1.78355
1.8351
1.22835
1.00961
1.49637
1.96227
1.13407
1.12299
1.64038
1.26611
1.00399
1.12783
1.17963
2.2437
1.0054
1.00923
1.9323
1.36501
1.02933
1.73842
1.50014
1.11911
1.29323
1.01378
1.14673
1.07505
1.19108
1.09666
1.48226
1.18017
1.01622
1.06362
1.511
1.19549
1.07492
2.22083
1.69922
2.18725
1.2883
1.11936
1.13636
1.06374
1.71242
10.5174
1.45942
1.52572
1.37028
1.03252
1.08099
1.68907
1.24574
1.05185
1.61491
1.40126
1.24153
1.13414
1.04511
1.08596
1.10519
1.12278
1.39555
1.00518
2.70875
1.12783
2.2938
1.01233
1.12069
4.72418
1.18417
1.26994
1.68666
1.33532
1.11112
1.22697
1.03702
1.0204
1.60317
1.3603
1.09499
1.96479
2.08041
1.62982
1.11498
1.05256
1.14127
1.18049
1.01351
2.8471
1.01858
4.53387
1.52602
2.51098
1.49465
1.6205
1.7916
1.09348
1.12544
1.37541
1.78733
1.07814
1.22325
1.016
1.11823
1.0323
1.3127
1.11606
1.03142
1.06119
3.75467
3.20301
1.42897
1.21093
1.08006
1.35596
1.30376
1.21788
1.00749
1.2873
1.12854
1.08857
1.30206
1.22392
1.10855
4.80627
1.22449
1.08446
1.34838
1.8578
1.43025
1.89455
5.01528
1.36313
1.24778
5.73908
3.31506
1.70924
1.30351
1.40439
1.65283
2.36789
1.55978
1.39708
1.01741
1.60899
1.85369
1.02123
1.58735
1.22421
1.00131
1.06204
1.16519
1.02932
1.63047
1.21765
1.1561
1.36127
1.01494
1.85087
1.32937
1.28646
1.04149
2.05298
1.08019
1.08312
1.51945
2.37494
2.36961
1.48173
1.05566
1.76918
1.6193
2.01749
2.58293
5.96597
1.26894
1.19194
1.32287
1.41773
1.05636
1.06268
1.5121
1.00194
1.00977
1.02082
1.81374
1.17592
1.45542
1.42709
1.35717
1.01596
1.08706
1.52816
2.76716
1.00498
1.38765
1.41673
1.49245
2.05543
1.10924
2.06346
7.27024
1.0974
1.06519
1.50926
1.13146
1.08041
1.03533
1.9726
2.68351
1.08501
1.60667
1.27902
2.94021
1.49418
1.78932
1.37593
1.13195
1.35943
2.05857
1.27664
1.00675
1.24956
1.66644
1.09698
1.73986
1.44166
1.00537
1.14132
1.50479
1.14827
1.3348
2.88404
2.80715
1.82448
1.14915
1.00933
1.29949
1.3265
3.21727
1.29697
1.65236
1.41188
1.09084
1.13091
1.02697
1.2752
1.0964
1.57249
1.00493
1.07703
2.31771
1.36239
1.07628
2.07008
1.25889
1.15634
1.10465
2.29503
1.08234
1.47593
1.05304
1.321
1.42477
1.32692
1.0059
1.07081
1.18637
1.58954
2.20823
1.22155
1.18512
1.881
1.3501
1.04591
1.30156
1.01352
1.42129
1.10859
1.65196
1.1995
1.06935
1.47575
2.03467
1.21938
1.11922
1.10309
1.23061
1.48094
1.76695
1.22276
1.11266
1.17768
1.03205
1.1495
1.126
2.01509
1.11465
1.05663
1.28859
1.32972
1.05509
1.02044
1.1949
1.50801
1.23643
1.04159
1.40773
1.60328
1.0507
1.36168
1.40445
1.04541
1.00271
1.81163
2.04307
1.22353
1.27808
2.11735
1.01717
1.46426
1.01283
1.45449
1.77597
2.76479
1.33659
1.05584
1.33827
1.2213
1.72528
1.17945
4.4999
1.4484
1.34552
1.05796
1.48457
1.664
2.48355
1.28393
1.02607
1.51789
1.14832
1.05902
1.17169
3.9717
1.356
1.29244
1.1983
2.0608
1.20154
1.06154
1.64098
2.18081
1.32379
1.43326
1.21107
1.02774
1.06213
2.74078
1.0599
1.19353
1.51671
1.0056
1.17163
1.27519
1.1212
1.30426
1.13777
1.34759
1.20403
1.03454
2.30568
1.39752
2.56928
1.30821
1.30665
1.31821
2.35098
1.39705
2.99337
1.32164
1.09378
1.026
1.0403
1.03074
1.0328
1.13871
2.68639
1.26576
1.29394
1.023
3.45521
1.40622
1.92935
1.14266
1.42304
1.06083
1.3268
4.30837
1.06602
1.43084
1.85725
1.03442
6.28791
1.28476
1.37938
1.62192
1.10253
1.2305
1.73346
1.16749
1.73549
1.63206
1.58806
1.97181
1.1967
1.14471
1.11908
1.31263
1.48835
1.19689
1.36653
1.02723
1.49769
1.20439
1.23848
1.38184
1.10543
2.87382
1.00774
1.22427
1.82803
1.16004
1.12396
3.79045
2.09155
1.52569
1.65874
1.04812
1.27695
1.08514
1.18273
1.92636
1.15124
1.14808
1.50328
1.0486
3.00079
1.00802
1.03824
1.60278
1.15915
1.23135
1.01228
1.55274
1.8687
1.91328
1.62813
1.72898
1.42753
1.18106
1.72417
1.54165
1.06876
1.19905
1.12892
1.52414
1.83384
1.04227
1.26048
1.44361
1.17163
1.43898
1.21479
1.06903
1.16225
1.29215
1.36994
1.48551
1.46206
1.37315
1.15544
1.13844
1.01406
2.18662
1.31054
1.05168
5.43135
1.22445
1.27516
1.06434
1.02837
1.08295
1.07414
1.79407
1.11589
1.15524
1.31172
3.26115
1.30575
1.65339
1.23017
1.22886
2.44
1.32084
1.23983
1.92242
1.20717
1.42329
1.1915
1.07953
1.09944
1.14417
1.65204
1.15068
1.30742
1.05178
1.56334
6.04921
1.28578
1.41385
1.10091
1.15051
1.88317
1.25866
1.19327
1.1186
1.264
1.09417
1.04855
2.05809
1.19647
1.0283
1.05523
1.02133
1.05564
1.19524
1.27325
1.01761
1.66197
1.76661
1.0955
1.18489
1.02572
1.17884
1.68694
1.10527
1.12727
1.23249
1.11113
1.119
1.41632
1.56889
1.05689
1.53448
1.46769
1.41039
1.81703
3.74841
1.52504
1.77811
1.47868
1.11455
1.42388
3.3071
1.06133
1.13613
1.01017
1.4093
1.67451
1.35966
1.0648
1.12046
1.46003
1.28154
1.1491
1.30735
1.99942
1.11418
1.01348
1.51996
1.24048
2.10361
1.06718
1.02498
2.0538
1.71367
1.14225
1.55311
1.79344
1.10694
1.02467
1.48952
1.92183
1.18301
1.08747
1.03847
1.2914
2.47581
1.03593
1.40043
1.61657
1.82873
1.41378
1.13545
1.40538
1.08601
1.05552
1.04442
1.17192
1.05094
1.35029
1.76308
1.01737
1.72972
1.17941
1.56679
1.17875
1.16115
2.1801
1.2133
1.03991
1.44437
1.37557
2.90916
1.03232
1.12115
1.08442
1.29187
1.69526
1.22698
1.51496
6.34689
1.11969
1.13056
1.16665
1.44734
1.08585
1.64858
1.04363
1.15557
1.10757
1.39631
1.01738
1.19854
1.16855
1.35017
2.48316
1.35901
1.84646
1.01703
1.34784
4.5812
4.33678
1.16142
1.70601
1.18848
1.13132
1.26161
1.34851
1.28369
2.02665
1.65888
1.37841
2.28954
1.18014
1.07152
1.16439
1.977
1.39788
1.15846
1.27101
2.11179
1.76206
1.00193
1.59628
2.7461
1.22307
1.47301
1.07401
1.48728
1.37662
1.02941
2.37419
1.36637
1.24609
1.23479
2.04875
1.04767
1.05923
1.3802
1.32121
1.08155
1.02888
2.36599
1.04188
1.5773
1.33658
1.6364
5.519
1.35718
1.06158
1.13497
1.53654
1.05428
1.01473
1.05599
1.3518
1.36845
1.07099
1.38238
1.19685
1.70539
1.145
1.03202
1.29392
1.00799
1.05733
1.12241
1.02368
3.36494
1.34529
3.58787
1.08314
1.2655
1.08126
1.13214
1.9574
3.0989
1.6043
1.64279
1.00697
1.1601
1.47522
1.21833
1.28759
1.2766
2.19694
1.41938
1.02812
1.34951
1.24192
1.10536
1.30364
1.42175
1.37406
1.35045
1.0077
1.88769
1.17272
1.05263
1.08644
1.20959
2.0343
1.17202
2.16624
1.20924
1.24332
2.70255
1.47866
1.80075
1.89782
1.22703
1.11446
1.14745
1.43818
1.24028
1.1221
1.09959
1.05756
1.04511
1.78002
1.11009
1.13595
1.02888
1.19667
1.24525
1.48366
1.20729
1.10798
1.8162
1.76942
1.02821
1.17537
1.91981
1.2666
2.75772
1.16556
1.50508
1.17684
1.54575
1.03315
1.04962
1.71787
1.22746
1.95561
1.0922
1.72524
1.42195
1.42249
1.77402
1.12662
1.62876
1.51958
2.59103
2.4685
1.33625
1.44636
1.03952
1.51581
3.14715
1.22833
1.22657
1.17632
1.78457
1.03292
2.0987
1.58945
1.08211
1.16916
1.44709
1.36425
1.05819
1.19502
1.29331
1.25666
1.17419
1.12257
1.01003
1.00298
1.27926
1.32486
1.01813
1.85613
1.03194
1.55325
1.03885
1.04922
1.04438
1.12207
1.38586
1.48457
1.07794
1.42303
1.13046
1.44344
1.00151
1.63429
2.78581
1.59204
1.07599
1.00506
1.04715
1.32863
1.76385
1.04312
3.24585
1.16964
1.20372
1.72525
1.38376
1.2063
1.22927
1.04596
1.55597
2.23076
1.72052
1.85939
1.04187
1.33691
1.55055
1.01515
1.92251
1.06104
1.49441
1.01609
1.06451
1.00306
1.45165
1.16267
1.123
2.19231
1.08229
1.3224
1.06881
1.90489
1.20411
2.82674
1.03251
1.44574
1.21621
1.17408
1.12497
1.03958
1.51648
1.0697
1.92817
1.0265
1.22006
2.0753
1.44615
1.37833
1.01477
1.28877
1.68763
1.36474
2.14077
1.27779
1.21479
1.18483
1.49533
1.03444
1.88477
1.2837
1.14365
1.6625
1.34783
1.23119
1.32224
1.18159
1.06091
1.08269
2.62325
1.27863
1.65398
1.08766
1.55976
1.29994
1.1536
1.47263
1.02786
1.02562
1.11762
1.81308
2.04974
1.03693
2.53296
1.4129
2.21613
1.22243
1.97755
1.19731
1.01141
1.13502
1.03539
1.34714
1.9204
3.52789
1.02173
1.19964
1.71378
1.11841
2.97228
1.97544
1.16966
1.41227
1.00548
1.72373
1.69076
1.67579
1.80455
1.15757
1.82877
1.16782
1.94886
1.15569
1.01208
1.06161
1.38849
1.12467
1.21853
1.46095
1.01952
1.29987
2.02668
1.01196
1.31626
1.84907
1.51452
1.43654
2.73384
1.00761
1.43678
1.50431
1.01911
1.03187
1.03058
1.17045
1.28806
1.09211
1.03514
1.73582
1.13461
1.5364
3.24485
1.31146
1.35722
1.42181
1.06091
1.39851
1.3924
1.86693
12.7189
2.38451
1.07337
1.14296
1.02279
4.35308
1.05637
1.05704
1.16844
1.2761
1.09205
1.03109
1.62137
2.2203
3.36436
1.03511
1.34592
1.30072
1.15623
1.21422
1.78994
1.27865
1.00267
1.52951
1.04482
6.57978
1.42651
1.17592
2.07721
1.13993
1.24219
1.27426
3.03307
1.15157
1.11659
1.01593
2.57346
1.69554
1.04428
1.25979
1.00515
2.75675
1.09235
1.33171
1.42115
1.04772
1.35713
1.09335
2.14433
2.40852
1.31639
1.21446
1.16549
1.61033
1.0222
2.30209
1.18876
1.78945
1.01568
1.04871
1.45561
1.08284
1.6786
1.54323
1.22379
3.84663
2.17548
1.21664
1.14074
1.30164
3.54601
1.5037
1.83195
1.2262
1.22096
1.73298
3.01416
1.41575
1.23605
2.30093
1.25148
1.23585
1.02826
1.16964
1.37427
1.72093
1.1719
1.24317
1.10327
1.14793
1.84679
1.28455
1.78218
1.39936
2.00425
1.55461
1.13819
1.03932
1.02631
1.02239
1.23762
1.62493
1.28747
1.00319
1.27829
1.02119
1.1396
9.24172
1.5198
1.11014
1.27771
1.05131
1.06771
1.3062
1.53254
1.23157
1.55398
1.78493
1.18308
1.88905
1.27842
2.23156
1.45356
2.743
1.54813
2.51411
1.18102
1.89412
1.13043
1.13715
1.30564
1.35252
4.37766
1.05336
1.54785
1.10345
1.85488
1.13725
1.00729
1.2134
1.10391
1.03309
1.11473
1.36658
1.02085
1.35375
1.18554
1.17835
1.01896
1.27121
1.32542
1.08361
2.31623
1.1176
1.08136
2.0443
1.1699
1.06432
1.22346
2.33219
1.12259
1.24163
1.15731
1.22373
1.24882
1.01791
1.46245
1.13528
1.10234
1.07253
1.04022
1.73475
1.06773
1.04647
1.2689
1.5145
1.3272
1.26804
1.04032
1.50823
1.12113
1.82679
1.40512
2.02817
1.83199
1.02311
1.22091
1.7617
1.10543
1.2089
1.02718
1.3235
1.30004
1.09786
3.10491
1.59459
2.30739
1.20842
1.15601
1.15361
1.08432
1.50034
1.33306
1.31399
1.03362
1.21333
1.06974
1.58114
1.3574
1.31837
1.12983
1.11368
1.77378
1.33437
1.1726
1.17638
1.46973
1.16414
1.27871
1.04194
1.28422
5.5895
1.62663
2.46038
1.18526
1.18184
1.00038
1.29366
1.42391
1.01822
1.2044
1.35211
1.06006
1.06878
1.13912
1.25614
1.17356
1.2229
1.18493
1.05955
1.22674
1.53367
1.60171
1.03399
1.02809
1.19669
1.58427
1.16846
1.08491
1.87075
3.17568
1.16475
1.10427
1.26065
1.42216
1.13353
1.12559
1.05818
1.07137
1.48642
1.37475
1.09965
1.16479
1.36928
1.4399
1.74776
1.4914
1.71109
1.75046
3.10695
1.51349
2.78039
1.31146
1.32238
2.24924
3.94199
1.56385
1.00263
1.14621
1.02561
2.55652
1.02348
1.21827
1.00018
1.00815
1.12855
1.48355
1.04531
1.69576
9.11649
1.17992
1.11276
1.14974
1.48837
1.07132
1.45228
1.14093
1.07231
1.04884
1.02075
1.04934
1.17967
1.04389
1.318
1.15647
1.18103
1.02529
1.05645
1.55159
1.34623
1.15489
1.1421
1.15123
1.15033
1.02171
3.02651
1.67151
1.67246
1.34093
1.06201
1.25506
1.06765
1.24802
1.15948
1.0206
2.19945
1.7825
1.19877
1.27931
1.35248
1.41464
1.05327
2.30105
1.33893
1.52615
1.01928
4.84578
1.03747
1.01279
1.26212
1.10648
1.47284
1.28941
1.28118
1.20638
1.01955
1.74104
1.40402
1.09678
1.01023
1.53198
1.52729
1.75141
1.05186
1.2702
1.43613
1.3083
1.37468
2.37562
1.70413
1.53331
2.04851
1.16399
1.51876
1.26774
1.49903
1.09514
2.69976
1.69255
1.52877
1.4626
3.56327
1.0268
1.24532
1.68628
1.28496
1.36573
1.2993
3.89878
1.04087
2.01118
1.11869
1.52705
1.49086
1.45886
1.13509
1.25052
1.4585
1.36041
1.41883
1.1311
1.06469
1.09715
2.99451
1.08867
1.06015
1.20495
1.15418
1.93073
1.14114
3.35346
1.17245
1.49821
1.12076
1.98448
1.64613
1.16635
1.09207
1.20293
1.97523
6.45918
1.03737
1.07635
1.04134
1.64191
1.19043
1.21318
3.00215
1.20846
1.61815
1.15814
1.00401
1.31079
1.53251
1.0616
1.14553
1.52551
1.607
1.32001
1.01625
1.48752
1.05572
1.34393
1.19826
1.15879
1.58004
3.23825
1.58313
1.26812
1.27621
1.07304
1.06363
1.27773
1.00361
1.26392
5.58122
1.16987
1.80047
3.21251
3.68462
1.05225
1.18503
1.21595
1.81423
1.56638
1.02802
1.03684
2.09341
1.31049
1.50696
1.10625
1.10468
2.63722
1.20945
1.87444
1.0069
3.11548
1.04946
1.13319
1.31004
1.54979
1.09727
1.04535
1.08985
1.19883
5.96105
2.9273
1.16045
1.06169
1.601
1.05627
1.03106
1.90875
1.21648
1.09984
1.09186
1.23889
1.01006
1.04726
1.0201
3.1609
1.20099
1.96358
1.03017
1.61165
4.23451
1.0102
1.63945
1.27919
1.14213
1.11852
1.70653
3.40197
1.41134
2.57538
1.42782
1.19498
1.04558
1.20463
1.03579
1.09883
1.1539
1.0835
1.55322
1.82603
1.10099
1.00169
1.84377
1.22896
4.72584
2.95623
1.06167
1.0757
1.66484
1.08671
1.16824
2.16271
1.31671
2.23524
1.10224
1.11995
1.7722
1.17217
1.14333
1.16877
1.04992
2.36614
1.10072
1.3541
1.63036
2.10926
1.02779
1.18869
2.58988
1.40625
1.2227
1.03956
2.50726
1.20992
1.37353
1.0827
1.25566
1.06552
1.10824
1.38963
1.85923
1.49157
1.44807
1.23546
1.01521
1.12344
3.75193
1.51398
1.10731
1.07174
5.9321
1.20342
1.49297
1.36498
1.33163
1.73644
1.09942
1.025
1.50972
1.26263
2.84904
1.52767
2.23914
1.81813
1.3727
1.35615
1.38774
1.12954
1.15295
2.177
1.63586
1.01243
1.53002
1.45409
1.60832
1.22772
1.11936
1.15928
1.42526
1.22635
1.0175
1.21843
2.95231
1.80516
1.31714
1.54079
1.40356
1.25567
1.16159
1.55391
1.23053
1.27487
1.09141
1.03525
1.14973
1.1537
1.07364
1.03501
1.08408
3.47856
1.66682
2.56338
1.40212
4.53834
1.22659
1.14749
1.03071
1.31825
1.27495
1.02578
1.32158
1.00963
1.17924
1.14883
1.32993
1.69633
1.47856
1.81122
1.0734
1.12336
1.15874
1.4959
1.26363
1.14797
1.04025
1.03173
1.26462
1.28242
1.38558
1.92741
1.8604
1.88495
1.61828
1.20231
1.26395
1.27319
1.26798
1.42621
2.63753
1.19779
1.59116
1.09074
6.58519
2.09575
2.20482
1.43171
1.17964
1.22273
1.98659
1.1963
1.02803
3.92197
1.07229
1.05825
4.70983
1.4648
1.02034
1.21914
1.11768
1.94026
1.10389
1.84153
1.25663
1.43623
1.0025
10.3109
1.87511
1.15434
1.17021
1.64419
1.0376
1.41391
1.03738
1.20043
1.29167
1.52061
1.025
1.30492
3.52148
1.51703
1.44788
1.28251
2.83684
1.50426
1.05745
1.19138
1.45822
1.16654
1.02864
1.25612
1.28973
1.24016
1.34991
1.01939
1.09908
1.0654
1.72336
1.03605
1.42168
1.23865
1.27238
1.28658
1.16359
1.15737
1.54125
1.06797
1.24562
1.15535
1.54075
2.67712
1.04668
1.34383
1.53715
1.5422
1.1594
1.26985
1.18313
1.42602
1.28415
1.00192
1.06046
1.09211
1.41814
1.22916
1.12244
1.04328
1.26865
1.51519
1.35866
1.04204
1.07511
1.1184
1.88139
1.00751
1.55674
1.01722
4.39269
1.00748
1.1264
1.00722
1.00654
1.36397
1.33689
1.64525
1.01844
1.22303
1.19329
1.51175
1.44113
1.16345
1.08214
1.33149
1.02659
1.00225
2.39385
1.03239
1.07389
1.28317
1.36355
1.05593
2.74561
1.08408
1.11153
1.76823
1.11537
1.44097
1.07173
1.12912
1.18523
1.21676
1.04024
1.16988
1.37098
2.48872
6.95132
1.73193
1.11597
1.05352
1.03489
1.63108
1.10903
1.00402
1.05914
1.31085
1.18996
1.16893
1.13838
2.78795
1.22327
1.04757
1.15846
1.25055
1.36948
2.54954
1.0994
1.05017
1.21805
1.19629
1.82588
1.28419
1.67894
1.18977
1.05642
1.04023
2.20329
2.36975
2.15467
1.33743
1.22042
1.04821
1.05814
1.05314
1.60791
1.31083
1.91112
5.30579
1.18434
1.1672
1.02858
2.36598
1.23097
1.16549
1.73972
2.18805
1.28748
1.18231
1.35599
1.17129
1.05182
2.21243
1.04263
1.22014
1.18237
1.05062
1.26723
1.09106
2.4681
1.08677
1.05324
1.1344
1.20703
1.03274
1.39857
1.3693
1.77039
1.21293
1.00867
1.89324
1.11706
1.24456
1.67817
1.00699
1.16633
1.02315
1.27462
2.21948
1.0277
1.19584
3.16746
3.12932
1.56916
2.06671
1.7561
1.56474
1.09021
1.54612
1.27483
1.0412
2.1308
2.06321
1.29081
1.46257
1.48589
1.35319
2.17528
1.15521
1.10977
1.0007
1.13224
1.19382
2.02054
1.01537
1.29194
1.01456
1.28072
1.07921
1.11198
2.55289
1.14773
1.01609
2.53014
1.52476
1.21504
1.11501
1.13738
1.19381
1.06799
1.06209
1.1193
1.91186
1.45156
1.23183
1.08309
1.59024
2.09754
1.06377
1.95211
1.00801
1.14874
1.22256
1.03121
1.41616
1.98441
1.11243
1.00665
1.00231
1.35562
1.28734
1.12404
1.34848
1.23783
1.37605
1.20624
1.22333
2.22204
1.07431
1.07081
1.5636
1.25291
1.02972
1.73247
1.21612
1.21642
1.27631
1.02678
1.21625
1.77628
1.62463
1.0584
1.00139
2.24959
1.04954
1.09869
2.10071
1.24519
1.13512
1.01606
1.09712
1.69418
1.11694
1.22508
1.29575
1.06655
1.05705
1.14601
1.84537
1.20496
1.48576
1.14392
1.14626
2.94216
1.83506
1.0395
4.98571
2.22347
1.23196
1.04513
1.00116
1.12802
1.26402
1.40386
1.29581
2.25273
1.66779
1.10956
1.86874
1.23932
1.16587
1.11592
3.19619
1.40591
1.16367
1.14583
1.03656
1.01283
2.17296
1.0675
2.33299
1.1386
1.06424
1.42988
1.03251
1.10793
1.13609
1.02598
1.14602
1.65555
1.67101
1.08243
1.46015
1.03993
7.04582
1.39841
1.20076
1.41236
1.17889
1.00061
1.45918
1.64424
1.13824
1.09463
1.39029
1.11187
1.83333
1.19764
1.73217
1.00809
1.0969
1.18656
3.99642
1.48242
2.43683
1.31236
1.73508
1.3415
2.86879
1.09573
1.60552
1.6238
1.05077
1.0728
3.44278
1.70961
1.59989
1.92775
1.30975
1.14409
1.27464
1.18809
1.08633
1.38199
1.46883
1.7252
2.48341
1.88674
1.95986
2.43996
1.0279
1.05717
1.18646
1.57743
1.55039
1.68734
2.56835
1.23
1.11054
1.48782
1.16532
1.07636
1.93901
1.09721
1.16747
1.22262
1.19672
1.0062
1.09326
2.31297
3.50114
1.13024
1.0109
1.26569
2.27284
1.03015
1.82446
1.1994
1.1234
1.54889
1.32739
1.07095
1.05558
1.02839
1.04712
1.56904
1.05711
1.01855
1.3234
2.09911
1.07144
1.22372
1.03332
1.43061
1.16737
1.32775
1.25353
1.10562
1.76752
1.17665
1.58254
1.23698
3.14463
1.10622
1.65658
1.30215
1.28576
1.4254
1.60472
1.08999
1.33045
1.43206
1.05479
1.11404
1.02938
1.85345
1.0051
1.16831
1.22517
1.34835
1.14145
1.78488
1.00216
1.12833
1.2659
2.05989
1.57886
1.12783
1.40882
1.67035
5.46257
1.1564
1.16075
1.00876
1.2492
1.47346
1.3921
1.82985
1.06138
3.7567
1.51714
1.11651
1.38437
1.07097
1.37354
1.0162
1.52811
1.08754
1.09053
1.65212
1.58495
1.18061
1.07895
1.07765
1.18765
1.31866
1.43835
1.27906
1.33341
1.19172
1.04446
1.25879
1.27656
1.14779
1.11604
1.35813
1.1514
1.02633
2.47381
1.55498
1.31643
1.53541
1.05385
1.80833
1.49744
1.25765
1.18753
1.03675
1.03487
1.20112
1.51235
1.41516
1.12607
1.08241
2.88648
1.22171
1.08673
1.00254
1.0651
1.1021
1.0122
1.00151
1.52758
1.25876
1.09433
1.018
1.3982
1.58189
3.04682
1.28744
1.08409
1.41905
1.43017
1.11875
1.42313
1.42638
1.20292
1.13876
1.01438
2.46677
1.1852
1.05897
1.18897
2.34411
3.81529
1.26651
1.1035
1.64056
1.60056
1.21236
1.26698
2.51963
1.34649
1.0832
1.47733
1.35763
1.15233
1.57606
1.13417
1.6596
1.0509
1.17499
2.02834
1.03212
1.01449
1.43181
1.59633
1.03001
1.11322
1.00462
1.16509
1.74336
2.4526
1.09819
1.59661
1.23898
1.61622
1.14737
1.63342
1.06697
1.32316
1.20328
2.35894
1.15342
1.56708
1.41678
2.45126
1.13491
1.04104
1.00411
1.108
1.56354
1.12335
2.71711
1.02933
1.15576
3.45743
1.23763
1.21578
1.66242
1.03435
1.65803
1.09318
1.02785
1.35094
1.24996
2.10691
1.1364
1.35246
1.08077
1.04307
1.52975
2.37823
1.9747
1.14193
3.10555
5.27652
1.26044
3.63312
1.91314
1.28412
1.0011
1.68513
1.13501
1.15298
1.39108
2.06402
1.83922
3.65828
1.47857
1.01478
2.0293
1.11796
1.02536
1.12646
1.01696
1.18432
1.22471
2.01003
1.90382
1.27945
1.06334
1.06451
1.04473
1.08545
1.1672
1.48013
1.09559
2.95721
1.00293
1.10969
1.15733
1.1559
1.05276
1.08706
1.26662
1.76916
1.00052
1.60471
1.69004
1.74726
1.59263
1.04938
1.10793
1.71733
1.76637
1.08029
1.36638
1.13547
1.50104
1.09815
1.00612
1.19384
1.7476
1.71887
1.2013
2.28736
1.53641
1.14285
1.64252
1.34155
1.05086
2.28758
1.1422
1.78443
1.31394
1.44279
1.26111
1.07755
1.88557
2.14893
1.27322
1.0771
1.30152
1.07994
1.20983
1.40228
1.28067
1.35562
1.14097
1.85256
1.63905
1.31001
2.11957
1.263
1.00913
1.09071
1.06239
1.02835
1.18096
4.46546
1.35479
1.03073
2.61284
1.28185
1.00593
1.28253
1.43879
1.23014
2.27175
1.1285
1.13927
1.08216
1.0578
1.28942
2.36868
1.02132
1.04983
1.24694
1.01504
1.75263
1.0111
2.04435
1.03406
1.23076
1.27427
1.05052
1.53495
1.38496
1.05109
1.54823
1.00824
1.40625
1.01407
1.97799
1.428
1.19017
4.01003
1.46582
1.81158
1.14171
1.07915
1.04551
1.00922
1.70328
1.25634
1.04973
1.06941
1.05429
1.25035
1.09254
1.32792
2.40794
1.57232
3.16893
1.60651
1.0411
1.07483
1.99158
1.04005
1.15474
1.29462
1.90291
1.49506
1.03159
1.00762
1.15573
1.02594
1.33424
1.23174
1.28423
1.25565
1.03287
1.27617
1.33721
1.88427
2.53034
2.28532
1.126
1.21201
1.06362
1.07567
2.70907
1.34109
1.49208
6.9858
2.8334
1.05124
1.12289
1.2064
1.22339
1.63581
5.14063
3.78737
1.05804
1.7347
1.66984
1.14183
1.00645
1.12261
1.16164
1.58784
1.20353
1.26716
1.4934
1.08116
2.26223
1.61336
1.28391
1.28896
1.09379
2.33691
1.11619
1.14558
1.03844
1.54528
1.28548
1.39495
1.64044
1.22721
1.11044
1.20697
1.07383
1.00778
1.0911
1.04758
1.0868
1.43885
1.30996
1.80205
1.23965
1.26947
2.98662
1.23663
1.7649
4.18864
1.44649
1.02211
1.40757
1.35158
1.77803
1.219
2.50053
1.99327
1.05381
1.75154
1.00247
1.62499
1.07353
1.3792
2.23742
1.24928
2.10462
1.58602
1.17918
1.61677
2.31653
2.82718
1.96164
1.20168
1.23569
1.40163
1.62329
1.08413
1.30621
1.01773
1.06323
1.15285
1.33773
7.0448
1.83252
1.57738
1.42894
1.41516
2.05877
1.23602
1.30079
1.25999
1.65044
1.05083
1.03456
1.35659
1.20572
2.27173
2.59068
3.12004
2.50068
1.2757
1.55846
2.45569
1.05819
1.53847
2.69458
2.29411
1.06017
2.85019
5.30955
3.55882
1.59912
1.15348
1.96582
1.10845
1.36447
1.76747
1.19304
1.41257
1.6643
1.12355
1.50717
1.16902
1.81539
1.12606
6.8722
1.43928
1.00814
2.0174
2.05656
1.63444
1.06875
1.24241
1.72106
1.18717
4.19071
1.35521
2.63202
1.0092
1.74018
2.04312
1.04031
1.05667
1.40357
1.13726
1.05658
1.09801
2.73548
1.35112
1.49209
1.97536
1.12359
1.26223
1.36689
1.0348
2.60866
1.68441
1.04867
2.2269
1.01153
1.99409
1.11941
1.14349
2.67192
1.67771
1.93506
1.83387
1.13748
1.01179
1.36155
1.75125
1.17629
1.55206
1.11308
1.17535
1.10118
1.03151
1.21911
1.06947
1.60989
1.25453
1.07743
1.2016
1.13379
1.00639
1.26047
1.16446
1.16544
2.0644
1.43298
1.17669
1.08287
1.57329
1.36274
1.1721
1.45937
1.27712
1.3743
1.17901
1.13105
1.78101
1.17565
2.7069
1.25205
1.35737
1.27844
1.25353
1.33671
1.09692
1.06287
1.41686
1.41521
1.18029
1.10465
1.02254
1.50154
1.02706
1.61567
3.95696
1.14962
1.16949
1.18558
1.66233
1.2942
1.07006
1.62011
1.0486
1.85161
2.18139
1.74649
1.08696
1.52262
1.03327
1.37476
1.05635
5.48814
1.11789
1.53801
1.11545
1.56447
2.06148
2.2754
1.35736
1.03723
1.00022
2.04482
1.65774
1.13014
1.03804
1.6212
1.07662
1.13315
1.39082
1.05069
1.76026
1.11132
1.24155
1.02899
2.17496
1.0956
1.14332
1.78062
1.91567
1.19483
1.42993
1.12685
1.10441
1.67357
1.07829
1.90047
1.43814
2.12732
2.17151
1.19749
1.05894
1.43411
1.10111
1.04533
4.39324
1.03145
1.46893
1.0213
1.27896
1.21144
1.2795
1.10473
1.14815
1.86632
1.12834
1.5753
1.02673
1.09606
1.65159
1.14433
1.17692
1.16773
1.00817
1.71229
2.11554
1.6034
1.13381
1.17586
1.14997
1.04631
2.04387
2.01744
1.03759
1.09353
1.06669
1.06955
1.05043
1.10037
1.10777
1.28129
1.2868
1.0292
1.04878
1.26003
1.3803
1.03111
2.44634
2.02845
1.19264
2.00888
1.46079
1.00641
1.37628
1.74464
1.03769
1.08745
1.1129
1.23979
1.16361
1.29247
2.55705
1.05042
1.03105
3.02212
2.56943
1.04344
3.72072
1.1218
1.21866
1.02136
1.47389
1.23293
1.08693
1.47946
2.67706
1.16669
1.12699
1.1252
1.10073
1.00657
1.65299
3.24459
1.00689
1.05286
1.59523
1.30258
1.08723
1.02433
1.02496
1.00833
1.3022
1.13639
1.6876
1.03511
1.35943
1.74996
1.00855
1.02714
2.18829
1.10172
1.2743
1.32933
1.23769
1.17909
1.54982
1.421
1.82906
1.19122
1.12411
3.10864
1.23598
1.4286
1.62553
1.93636
1.14945
1.08215
1.22054
1.06792
1.53093
1.25979
1.47394
1.03646
1.19054
1.07485
1.31959
1.9581
1.01386
1.42666
1.11337
1.31451
2.11213
3.45474
1.12308
1.37783
1.29109
4.42017
1.06961
1.74066
1.06143
1.17943
1.15382
1.12832
1.46639
1.05073
1.90279
1.4333
1.01021
1.10838
1.39469
1.07102
1.00138
1.19268
1.39957
1.23213
1.01797
1.01376
1.08643
1.52765
1.43043
1.2551
3.54385
1.0844
1.96527
1.08989
1.34239
1.26663
1.0251
1.12688
1.29746
2.20933
1.14804
1.5519
1.41013
1.15878
1.76527
2.36485
1.0076
1.40157
1.03898
1.94449
1.03413
1.17562
1.22429
1.92552
1.24162
3.00964
1.03374
1.18989
1.08817
1.04076
1.03326
1.20485
3.3561
1.47385
1.61
1.06079
1.22573
1.22618
1.14098
1.75731
1.10184
1.09117
1.05365
1.11971
1.14268
1.74888
1.30093
1.20296
1.23862
3.27586
1.47039
1.19302
1.06767
1.49417
1.61566
1.39029
1.66148
1.06461
1.26094
1.50063
1.21764
1.18796
1.39402
1.13423
1.39751
1.24178
1.14941
2.60919
1.38255
1.68751
1.05082
1.07237
2.25094
1.6284
1.20517
1.10762
1.35765
1.11154
1.13837
1.24912
1.00261
1.67796
1.5074
1.23428
2.33979
2.76838
1.36626
1.4263
4.00652
1.38556
1.00747
1.36276
2.12488
1.01372
1.09818
1.03702
1.50635
1.06786
2.79672
2.03871
1.9943
2.46468
2.45498
1.06213
1.36387
1.00125
1.50844
3.73353
1.03303
1.31647
1.40665
1.04662
1.19212
1.06736
1.17529
1.30308
1.02238
3.45009
1.0186
1.29512
1.25393
2.39465
1.15099
1.70766
1.03765
1.5786
1.15988
2.09536
1.06062
2.10455
1.25741
1.17252
2.99494
1.41137
1.52508
1.19539
1.38508
1.26423
1.09129
1.16623
1.03446
1.46242
2.08654
1.13758
1.78645
1.02277
1.12501
1.08334
2.64036
1.00318
1.00169
1.35178
1.42469
1.15976
1.63473
1.00599
1.78877
1.43661
1.03009
1.00474
2.18518
1.25203
1.74078
1.41849
1.04415
1.54031
1.08342
1.11389
2.06898
1.86159
1.275
1.14072
1.21008
1.0625
2.61365
1.16281
1.58645
1.85257
1.83382
1.12822
1.33516
1.47207
1.05108
1.0002
1.36232
1.03126
1.12464
1.754
1.149
1.3343
1.16879
2.40754
3.59315
1.06703
1.59112
1.54733
1.45177
1.22314
2.98484
1.10418
2.02769
2.73869
1.51171
4.23475
1.56877
1.12328
1.52782
1.04154
1.77998
1.1546
1.20907
1.44317
1.65174
2.86843
1.68477
1.10327
1.13183
1.12087
1.11208
1.28582
1.77617
1.20498
1.16098
1.04556
1.8348
6.33283
1.0409
1.8576
1.28639
1.35026
1.33036
1.12086
3.24765
1.44538
1.24916
1.36975
1.73676
1.29324
1.48179
1.08481
1.17525
1.30951
1.02833
1.00458
2.20733
1.12184
1.04828
1.1176
1.34837
1.37349
1.21458
1.4475
1.24119
1.04719
1.41533
1.45948
1.31353
1.18732
2.19657
1.29301
1.01498
1.32406
1.15155
1.70586
1.08445
1.24315
1.47376
1.01599
1.64086
1.4277
1.13547
1.79288
1.29405
2.22622
1.68685
1.02091
1.81401
1.12043
1.17849
1.24552
1.11422
1.1129
1.11095
1.02168
2.23192
1.77317
1.33772
1.68801
1.58523
3.72798
1.24249
1.17698
1.00798
1.24085
1.05229
1.45535
1.8553
1.17387
1.01426
1.0438
2.27071
1.45135
1.59078
1.13531
1.66842
1.24447
1.61288
1.12717
1.09465
1.38854
1.30375
1.12598
1.33867
1.41573
2.75868
1.03846
1.77551
1.16989
1.38782
1.41117
1.05386
1.25993
2.09747
1.01345
1.58278
1.75807
1.03024
1.69538
1.09983
1.01403
1.44273
1.1704
2.30599
1.97474
1.0773
1.48355
1.46268
1.29757
1.09566
1.19903
1.84432
1.32742
1.27867
1.06317
1.41872
2.10156
2.41955
3.31009
2.60874
1.01331
3.65109
3.85522
2.7965
1.24373
1.06137
1.40027
2.32925
1.02674
1.20145
3.42993
1.21808
1.32813
1.10369
1.19596
1.17783
1.06645
1.06577
1.05845
1.11625
1.07426
1.23337
1.606
1.03024
1.23062
1.15613
1.21098
1.1541
1.10471
1.40909
1.08159
1.01421
2.17637
2.08715
1.10385
1.95672
1.07586
1.76606
1.19461
1.05872
1.24188
1.55923
1.91361
1.39092
1.09831
1.03679
1.58876
1.52307
1.6418
1.1355
1.10993
1.07269
1.03782
1.274
1.03626
1.63612
1.13238
1.05619
1.59715
1.08352
2.1
1.3293
1.46552
1.18729
1.32975
1.38051
1.10729
1.06424
1.04779
1.07316
1.92893
1.10474
1.11336
1.04403
1.83488
1.42653
1.55974
1.45319
1.01901
1.55508
1.15129
1.45631
1.11072
1.56107
1.48374
1.0474
1.28153
1.09662
1.19477
1.57111
1.50414
2.35097
1.2438
1.9766
2.47418
1.18055
1.06258
1.17752
1.82943
1.01168
1.17968
1.05257
1.00465
1.23329
1.9882
1.11132
1.26593
1.03329
1.02254
1.2022
1.3451
1.80727
1.11216
1.07666
1.54177
5.96069
1.71079
1.13217
1.31422
1.91836
1.49134
1.14353
1.07556
1.5938
1.05416
1.02079
1.58524
1.11481
1.63183
1.45582
1.15635
1.09482
1.02708
3.28984
1.05427
1.00882
1.08532
1.37156
1.2106
1.06725
1.08436
1.1958
1.3498
1.54112
1.26166
1.00728
1.07268
1.94502
1.06636
1.6936
1.09496
2.002
1.33143
1.11601
1.15048
1.60874
1.30742
1.13253
4.08557
1.63429
1.47998
2.27235
1.21153
1.31242
1.66233
1.53074
2.1928
1.02084
1.96855
2.33604
1.00238
1.06919
1.06123
1.10866
3.56517
1.03637
1.20059
1.73847
1.07169
1.02877
1.01959
1.19189
1.84656
1.0496
2.12882
1.5397
1.29324
1.91411
1.02762
1.97071
1.28257
1.32581
2.33917
1.10672
1.30413
1.08975
1.04921
1.09349
1.00672
1.45547
1.02728
1.46495
4.63782
1.0727
2.0303
1.03866
1.75625
1.10952
1.12662
1.09033
1.31071
2.22127
1.34464
1.53484
1.08034
1.41671
1.03383
1.58761
2.60674
1.37513
3.39209
1.27096
2.06924
1.19954
1.5846
1.33522
1.00991
2.77584
1.07714
1.15193
1.2195
1.06146
2.87288
6.73239
1.35234
2.32008
1.05304
1.06064
1.07802
1.30512
1.62622
1.32318
2.47656
1.63948
1.55654
1.29795
1.78812
1.77916
1.43529
1.28067
1.02353
1.25735
1.16714
1.01169
2.00388
1.09939
1.07782
1.8144
1.90406
1.47354
1.01818
1.28506
1.64632
1.05245
1.26229
1.02915
1.15781
1.0708
1.78255
1.15399
1.82726
1.44095
1.15527
1.45098
2.21559
1.31386
4.31219
1.04099
1.16281
2.76457
1.06342
2.1573
1.44805
1.04514
1.03013
1.10804
1.29211
1.59749
1.3906
1.84453
1.65534
1.57715
1.1283
1.75149
1.1757
2.29739
1.26481
1.00976
3.14227
1.57567
1.0647
2.25831
1.19055
1.3269
1.3331
1.07656
1.70435
1.45257
1.20332
1.21706
1.16358
1.59039
1.4184
1.10782
1.01707
1.18854
1.73452
1.00948
1.12663
1.51099
1.35847
1.19886
1.29536
5.27111
1.32807
1.03382
3.63665
1.14029
1.01676
1.64995
3.14201
1.30135
1.62827
1.08105
1.09914
1.60329
1.23428
1.1023
1.2938
1.16849
1.10597
1.42442
1.24749
1.04291
1.36541
1.14668
3.08441
1.36532
1.15759
1.79026
1.02651
2.31012
1.49267
1.2255
1.05426
1.2176
2.00454
1.65799
1.2751
2.43137
1.18162
1.23322
1.25541
1.03838
1.32835
1.19613
1.48456
1.11384
1.07923
1.91229
1.90832
2.13267
1.04829
1.01307
1.16363
2.65406
1.12695
1.1131
1.48079
1.31006
2.70327
1.11307
1.40477
1.97738
1.02028
1.22444
1.14058
1.14699
1.22644
1.0255
1.05955
1.77262
2.56617
1.80745
2.39264
1.14289
1.33774
1.17861
1.08514
2.16866
1.39822
1.10665
1.45601
1.61086
2.13234
1.16
1.75186
1.45538
1.74265
2.76857
1.60715
1.16336
1.05871
1.17844
1.33967
1.03146
1.22399
1.70926
1.02071
1.18613
1.64828
1.35703
1.04173
1.16833
1.05544
1.90627
1.25824
1.42005
1.04544
1.05755
1.30458
1.01616
1.96742
1.63197
1.19998
1.0143
1.02216
1.19475
1.36339
1.16634
1.3245
1.07155
1.44939
1.11325
1.33746
1.44239
1.16379
1.39214
4.88067
1.01694
1.05349
1.71213
1.63359
1.06406
1.02483
1.0842
1.09375
3.29101
1.6477
1.75899
1.2907
1.10736
1.9933
1.016
1.09001
1.10641
1.33904
1.14064
1.11644
1.21145
2.78311
2.46694
1.21488
1.41624
2.0457
1.02584
1.49419
1.48364
1.34749
1.16073
3.45547
1.0363
1.02116
1.25041
1.16228
1.043
1.21626
1.91412
1.41045
1.06953
1.18614
2.63821
1.12716
2.00855
1.14329
2.05089
1.0227
1.16151
1.31125
2.49329
1.221
1.2684
1.1054
1.04721
2.20732
1.27449
1.122
1.13478
3.34082
3.5249
1.00314
2.40976
1.39177
1.08064
1.68801
1.21244
1.26987
1.00037
1.17974
1.23021
1.34604
1.04259
1.05338
1.06219
2.76396
1.0045
1.17178
1.61587
1.31986
1.83069
1.17572
1.42215
2.16224
1.15524
1.16277
1.77787
1.87273
1.40806
4.23514
1.07157
1.36376
1.09698
1.07069
1.01614
1.01226
1.13835
1.10324
1.23557
1.0598
1.70518
1.3335
1.15442
1.0434
1.15966
1.44877
1.09651
1.19665
1.235
1.0891
2.78146
1.35343
1.16126
1.11265
2.16881
2.10406
1.2774
1.02096
1.41366
1.24951
1.01403
1.2002
1.73484
1.39533
2.77787
1.32878
1.27444
1.512
1.37515
1.25231
1.35739
1.77749
1.28776
1.02018
1.14388
1.73958
1.12617
1.00085
1.20435
2.06224
1.56374
1.13176
1.77717
2.43249
1.53949
1.31219
2.21076
1.01456
1.57284
1.26821
1.20403
1.33898
1.2189
3.361
1.2616
2.60688
3.42974
1.26266
1.06862
2.60932
2.68622
2.16852
1.32341
1.15792
1.03655
1.28537
2.841
1.35831
1.80225
1.41816
1.00294
1.46327
1.32648
1.38289
1.08372
1.18705
2.25923
1.58963
1.55477
1.97849
2.16183
1.50152
1.3359
1.25961
2.1932
1.04648
1.50465
2.13271
1.09849
1.07488
1.46411
1.95975
2.04268
1.5729
1.39906
1.62405
1.86811
1.78238
1.58577
1.00949
1.06839
1.20562
1.13211
1.0036
1.33554
1.22445
1.79636
1.21221
2.04812
1.47201
1.10964
1.19138
1.0963
2.33805
1.62405
1.16297
4.32135
1.47856
1.21381
2.22335
1.24515
1.02014
1.15546
1.08503
1.26534
1.42925
1.14085
1.74181
1.14394
1.15276
1.00772
1.34582
1.08887
1.24592
1.03197
3.12675
1.24602
1.05378
1.17634
1.71092
1.21792
1.30941
1.13775
1.54829
1.28306
1.88296
1.42806
2.25675
1.05655
1.00108
1.98359
1.13537
1.11348
1.05291
1.3607
1.47412
2.89402
1.18037
1.0733
1.40101
1.51107
3.16579
1.13022
1.48013
1.51306
1.2279
1.52059
2.90299
1.10759
1.108
1.46826
1.06177
1.14627
1.78723
1.38251
1.27281
1.18638
1.59825
1.48082
1.06726
1.1085
1.73828
3.31557
1.1287
1.59073
1.33793
1.34083
1.8718
2.1196
1.34521
1.2708
1.7121
2.29242
1.20527
2.67972
3.5306
1.0064
1.42507
1.22486
1.3852
1.26227
1.01289
1.0264
1.04902
1.22799
2.64235
1.22783
1.6079
1.91888
1.097
1.35577
1.59571
1.1557
1.02935
1.10462
1.24449
2.29288
1.41255
1.79324
1.27587
1.57246
1.20562
1.6221
1.13307
2.39841
1.24145
1.01639
1.13014
1.06707
1.51672
1.76727
1.66892
1.46501
1.62191
1.39454
1.53166
1.03623
1.2734
1.01891
1.30015
1.41391
1.3332
1.04464
1.19413
1.04701
1.08618
1.00534
1.60191
1.21115
1.11648
1.97745
1.37671
1.37857
1.08142
1.11849
6.45956
1.1087
1.14482
1.62201
1.01544
1.19702
1.1071
1.30404
1.97651
2.05962
1.01523
2.29542
1.25468
1.00616
1.08645
1.67259
1.2485
1.10052
1.15061
1.41064
1.07485
2.75015
1.06479
1.16611
1.58277
2.12977
1.47673
1.66162
2.52149
1.49412
2.28339
1.03618
2.54358
1.25379
1.12237
1.21229
1.40214
1.23376
1.34489
1.18956
1.05317
1.12891
1.38746
1.11265
3.88606
1.20325
1.61625
1.01108
1.3283
1.37864
1.62676
1.14035
1.35772
1.20688
1.12845
1.15484
1.38225
1.14212
1.02812
1.41811
1.13658
1.02354
1.05421
1.45016
1.64496
1.75326
1.32816
1.22272
1.47646
1.04223
1.36125
1.14112
1.84028
1.33825
1.0359
1.09513
2.34845
1.28323
1.01928
1.46543
1.04733
1.76518
1.51127
1.44515
1.21908
1.24398
1.29798
1.40137
1.8073
1.43507
2.27823
1.14671
2.66855
1.11841
1.12106
1.3514
1.14653
1.05807
1.04048
1.20978
1.34545
2.07543
1.15501
1.03241
1.08675
1.06466
1.3572
1.18513
1.14031
1.56416
1.31398
1.37071
2.7943
1.20402
1.09736
1.23528
1.02609
1.23987
1.5092
1.06465
1.04588
1.33186
1.06831
1.06044
1.09277
1.29969
1.0267
1.11899
1.15175
1.02709
3.01027
1.04572
1.07513
3.63937
1.01316
1.19011
1.07003
3.1086
1.43875
1.27815
1.33147
1.78898
1.18227
1.13265
3.31994
1.20631
1.93607
1.22577
2.42274
1.10351
1.77845
1.04498
1.20731
1.08437
1.0379
1.91573
1.1895
1.05733
1.30084
1.56206
1.06216
3.96618
1.16333
1.00693
1.99899
1.1104
1.09507
1.05737
1.1405
1.21249
1.09176
1.23936
1.46235
6.3209
1.79263
5.85067
1.07592
1.19523
3.05461
1.01006
1.37289
1.09017
1.5515
1.12736
1.17126
1.6085
1.0191
1.12725
1.37397
1.61578
1.36311
1.05078
1.04374
1.2913
7.84876
1.55714
2.28832
1.74824
1.62884
1.17346
1.81484
1.338
1.09319
1.15387
1.5971
1.14013
1.42581
1.36686
1.80342
1.829
1.06474
1.97559
1.04007
1.26742
2.07335
1.10035
1.52629
1.83574
1.50575
1.01967
1.02935
3.4696
1.00785
1.08794
1.1446
1.21699
1.02201
1.29993
1.24726
1.73682
1.2674
2.57638
1.65015
1.15395
1.64263
1.10969
1.0034
2.06281
1.13341
1.26001
1.15596
1.00722
1.59714
1.16437
1.40186
1.83737
1.07835
1.24188
1.29321
1.28266
1.04582
1.01039
1.15244
2.19323
1.26098
1.14804
1.24319
1.19457
1.0111
1.40825
2.59124
1.42979
1.80213
1.24551
1.17658
5.08355
1.0416
1.23106
1.23995
1.07485
1.65524
1.41425
1.96653
2.10481
1.42128
1.04635
1.08361
1.14447
1.0332
1.57335
1.00051
1.13158
1.25611
1.24309
1.08029
1.03811
1.03884
1.0933
1.48419
1.1126
1.76005
1.17215
2.18295
1.28073
1.44205
1.26599
1.7244
1.20712
1.24078
1.002
1.69971
1.2403
1.0688
1.00292
1.06124
1.19229
2.97608
1.2458
1.05718
1.40506
1.28242
1.042
1.06793
2.00538
1.01753
1.25745
1.13989
1.57195
1.68062
1.07622
1.58598
1.27549
1.37994
1.09918
1.1513
1.56289
1.43065
1.92336
1.2443
1.03802
1.38438
1.04727
4.97689
1.22204
1.14817
1.14361
1.48681
1.20833
1.21773
1.32813
1.21374
1.78541
1.90371
1.12616
1.29511
1.34514
2.04345
1.70891
2.20543
1.02296
3.65003
1.00672
1.16605
1.10843
1.23924
1.0347
2.52338
1.07013
1.14322
1.11587
1.09808
1.32441
1.32553
1.25931
3.90083
1.07443
1.19053
2.45036
1.07541
1.05777
1.23355
1.06823
1.05368
1.49861
1.57176
3.05245
1.15285
2.05346
1.73885
1.17829
2.21215
1.10569
1.06146
1.3207
1.09699
1.42527
1.16032
1.3243
1.01905
1.34261
1.69229
1.09357
1.11446
1.02445
1.49318
1.023
2.23037
1.59437
1.5635
1.05277
1.02457
2.28502
1.31382
1.25632
1.59683
1.3291
1.02138
1.023
1.16752
1.14108
1.32792
1.4586
1.33809
1.28588
1.03037
1.50855
2.36291
1.03004
1.49544
1.10784
1.32036
1.6976
1.60472
1.77945
1.21462
1.34166
1.085
1.0181
1.40292
1.16091
1.08337
1.17587
3.53967
1.85388
1.84989
1.48983
1.33298
1.05152
1.0997
1.0253
1.90443
1.04866
1.00028
1.03431
1.34234
1.10962
1.41277
1.68321
1.62869
1.25548
1.20403
1.67444
1.33521
1.34406
1.45474
1.26796
1.56943
1.45687
1.21799
1.66907
1.02647
2.51985
2.38249
1.4008
1.24149
7.70568
3.39002
1.09787
1.88036
1.36925
1.00669
1.05219
1.10515
1.03422
1.05443
1.37455
1.19581
1.03316
1.16745
1.80556
1.65162
1.44956
3.64845
1.2865
1.1137
1.42585
1.05252
1.1466
1.09969
1.49603
1.20285
1.15554
1.00546
1.09211
1.60994
1.21461
1.40762
1.53102
1.04136
1.02074
1.16482
1.81935
1.12994
1.99041
1.20806
1.09789
1.5313
1.24075
1.03101
1.05608
3.03218
1.03941
1.82061
1.42976
1.40087
1.54594
2.69745
2.87877
1.32078
1.48579
1.0009
1.45339
1.66323
1.52125
1.4239
3.16762
1.69809
1.0783
2.29163
1.03762
1.1897
1.86436
1.29006
3.12322
1.04816
1.32084
1.68295
1.93751
1.22412
1.45288
1.07762
1.17183
5.55887
1.28836
1.18332
1.45447
1.9554
1.2538
1.91734
1.69672
1.15144
2.15223
2.12281
1.04378
2.06568
1.261
1.77637
1.26362
1.25173
1.38897
1.22345
1.10132
1.43558
1.06702
1.28022
1.12779
1.29215
1.07872
1.23243
1.11198
1.48941
1.22519
1.93325
1.30187
1.14735
1.25008
1.23804
1.1817
2.1268
1.23083
1.21735
2.07252
1.42432
1.20716
1.86824
1.23813
1.72993
1.05053
1.48322
1.38083
1.12995
2.59631
1.80477
4.28451
1.02058
2.31769
1.07844
1.16863
1.18135
3.50543
1.07223
1.64816
2.08657
1.32949
1.39668
1.7349
1.1124
2.05686
1.0696
1.11219
1.72012
1.70295
1.19432
1.054
2.95481
1.31148
1.26266
1.15749
1.94181
1.11824
1.20532
1.12509
1.01552
1.05607
2.87974
2.39641
1.73735
1.3876
1.12757
1.4007
1.49083
1.49717
1.26511
1.10991
1.67755
1.07335
1.19819
1.18339
1.57971
1.23332
1.265
1.28966
1.29817
1.04954
1.50482
1.15352
1.12379
1.19964
1.2516
1.0704
1.85562
1.86068
1.11821
1.12372
1.38451
1.23629
1.0147
1.51716
1.71382
1.0448
1.20779
1.4484
1.25394
1.1265
3.54797
1.16599
1.22157
1.37831
1.57298
1.8744
1.31681
1.21873
1.00728
1.40428
1.08502
1.37308
1.19947
1.29786
1.18697
1.06687
2.21833
1.02708
1.91034
1.04352
2.14472
1.10917
1.03554
1.6894
1.68759
1.10842
1.2054
1.18097
1.06827
1.10749
2.01025
1.02564
1.07554
1.04716
1.09562
1.3127
1.97758
1.00018
1.02951
1.53665
1.46016
1.00624
1.0679
1.08613
1.17465
1.0078
1.04954
1.45768
1.02211
2.19583
1.83936
2.11478
1.14193
1.25865
1.52218
1.04435
1.0776
1.78102
1.13656
3.00294
1.47522
2.337
1.01697
1.06768
1.99683
1.11704
2.22932
2.5023
1.3632
1.22382
1.00353
1.08532
1.01709
1.20474
1.30309
1.85544
2.40584
2.4557
1.22973
1.85847
1.1923
1.36153
1.08601
1.26768
1.01999
1.0564
1.68128
1.48439
1.03977
1.67902
1.44916
1.39175
1.08707
1.33
1.22512
2.13363
1.34539
1.25153
1.21743
1.59334
1.11179
1.61787
1.18496
1.46857
1.19738
1.0582
1.40818
1.14294
1.18122
1.36318
5.80109
1.00606
1.62687
2.00869
1.435
5.5575
31.2265
1.22232
2.21691
1.16865
1.09211
1.09238
2.42233
1.06235
1.06693
1.18975
1.65161
1.19799
1.3302
1.38066
1.44825
1.93077
1.1214
1.18839
3.10381
2.07094
2.44796
1.5391
1.01646
1.35062
1.90077
1.3101
1.13205
2.36707
1.41569
1.04027
1.22822
1.54833
1.41401
1.01077
2.90119
1.10532
1.61499
1.13383
1.07272
1.19731
2.63497
2.5425
1.44844
1.19644
1.60521
1.11652
1.09343
1.14286
1.39137
1.3427
2.74788
1.0747
1.55675
1.15682
1.03834
1.28058
1.01914
1.9221
1.07279
1.23712
1.26783
1.44854
1.36445
2.38862
1.03601
1.50451
1.00421
1.19326
1.2791
1.47605
2.36818
1.20714
1.31972
1.35957
1.15083
2.06262
1.47601
1.3622
1.07209
1.77979
2.189
1.08463
1.10577
1.04203
1.35144
2.69638
13.6774
1.61502
1.14018
1.13286
1.93716
1.14389
2.68517
1.04022
1.30109
1.73484
6.36626
1.0103
2.02531
1.46206
1.28272
1.69937
1.03653
1.75243
1.67344
1.13617
1.17847
1.07396
1.32608
1.28415
1.07243
1.45112
2.16303
1.32664
1.01694
2.17667
1.31554
1.67944
1.13387
1.49929
1.33556
1.06013
1.75159
1.88379
2.19682
2.22938
1.02591
1.02738
2.25406
3.77997
1.50366
1.1412
1.17317
1.46476
1.06579
1.27345
1.08951
1.12551
1.00974
2.20565
1.15562
1.84287
2.09345
1.3978
1.17323
1.29119
1.87292
2.36374
1.13906
3.336
3.72499
1.91849
1.02888
1.03554
1.54445
9.44832
1.49006
1.4989
1.59972
1.05401
1.01223
1.3707
1.45608
1.02923
1.30992
1.01178
1.45096
1.0068
1.00006
1.13736
1.01764
1.18269
1.0585
1.13739
1.39239
1.47836
1.48665
1.28856
1.12916
1.14655
1.01553
1.40355
2.62837
1.13885
3.12686
1.17351
4.56156
1.6067
1.18548
1.2226
1.09204
5.8286
1.20554
1.40023
1.04413
1.4912
1.23593
1.01366
1.12121
1.67594
1.4639
1.53324
1.18788
1.07677
1.09418
1.32132
1.20145
1.13488
1.19861
1.58286
1.28463
2.52436
1.23916
1.39302
1.15217
1.071
1.23548
1.02508
1.06225
1.42919
1.62071
1.2765
1.35009
2.10125
1.50036
1.34924
1.06528
1.00268
2.67902
1.26173
1.20747
1.127
2.34519
1.2922
1.05999
1.07776
3.61276
1.2777
2.00598
1.95712
1.31062
2.20968
1.1043
1.49233
1.01784
1.38566
1.4255
1.78416
1.26202
1.29684
1.03382
3.10373
1.10546
1.63849
1.12324
1.30357
1.55386
1.39374
1.03037
1.66937
1.1277
1.34862
1.0334
1.18008
1.03469
2.89501
1.84726
1.21888
1.22987
1.06949
1.03222
1.08993
1.95242
1.60684
1.0486
1.80096
1.79801
1.12451
3.89705
1.04984
1.04345
1.38078
1.03658
1.64126
1.79307
1.3304
1.5018
1.03559
1.09163
1.17458
1.14528
2.49891
1.11902
1.4149
1.52545
1.00669
1.19127
1.1166
1.21919
2.28324
1.07466
1.12013
2.59422
1.07514
1.342
1.00462
1.1339
1.24332
1.69409
1.26503
1.17732
2.15833
1.51067
2.39211
1.30454
7.47479
1.31605
1.43452
1.04804
1.6857
1.04637
2.0063
1.06317
1.08226
1.10877
1.21933
2.44036
1.07659
1.00017
1.05637
1.45012
1.54352
1.45868
1.35842
2.81715
1.17198
1.14683
1.10106
1.64525
1.12072
1.61408
1.12337
1.56558
1.42875
1.1551
1.03331
2.06932
1.04426
1.12337
1.51403
1.001
1.32445
2.01358
2.37077
1.71684
1.98211
1.30978
1.16703
1.42096
2.67615
2.25662
1.02717
1.13304
3.78465
1.08672
1.81292
1.28324
1.3694
1.12283
1.02289
1.02146
1.16549
1.37413
1.00877
1.22479
1.27905
1.35706
1.03794
1.07252
1.24961
5.86287
1.08779
1.09783
1.10698
1.32244
1.19075
1.03184
1.1423
1.1801
1.63757
1.09867
1.31936
1.22595
1.3322
1.54915
1.0182
2.72466
1.22411
4.01537
2.06785
1.78065
2.88284
1.01373
1.14829
1.38029
1.06359
1.17692
1.12547
2.76653
2.44139
1.16343
1.31097
1.40839
1.18902
3.46408
1.4848
1.32856
2.96216
1.39672
1.13491
1.39074
1.06705
1.39217
1.03106
1.31981
1.90794
1.23691
1.09623
1.56161
2.38487
1.42251
2.45229
1.54516
1.87896
1.49006
1.17162
1.0511
1.16183
1.44369
1.46647
1.11061
1.21057
1.0762
1.2259
1.45622
1.53184
1.73698
2.1574
2.02007
1.08356
2.5007
1.13821
1.49519
1.49052
1.19785
2.02686
1.32745
1.19338
3.21086
1.61832
1.15005
1.30485
1.75397
1.19422
1.06223
1.09734
1.75503
1.87186
1.71146
1.28423
1.03638
1.08903
1.06354
1.05808
1.34255
1.77425
1.11879
1.13241
1.17249
1.66155
2.58114
1.71907
1.98974
1.5885
2.96245
1.09942
1.26755
49.1851
1.04334
1.01411
1.35256
1.00469
1.22266
1.04175
1.78245
1.30712
1.02165
4.23327
1.04415
1.32332
2.3785
2.31086
1.94817
1.01068
1.97912
1.278
2.2134
1.23647
1.52412
1.12392
1.03673
2.05478
1.12443
1.42204
1.05098
1.11214
1.27247
2.56309
1.09989
1.08564
1.47142
1.39102
1.10929
1.06195
1.30743
1.85709
1.03071
2.04903
1.01243
1.13721
1.25108
1.73733
2.9027
1.02692
1.46393
1.26213
1.07992
2.44032
3.58073
1.81568
1.13427
2.22178
2.46528
1.47113
4.04638
1.02096
2.17716
1.45938
1.64429
1.1738
1.1048
1.59192
2.18209
1.07872
1.11754
1.05341
1.08584
1.27154
1.07039
1.07313
1.47854
1.60653
1.32842
1.65317
1.02928
1.23398
1.13054
1.29737
1.3658
1.01232
1.25078
2.07072
1.31301
1.9036
2.81367
1.57644
2.25736
1.28969
2.0238
1.44486
1.25853
1.07119
1.52571
1.01732
4.39001
2.4112
1.18844
1.62821
1.00277
1.38465
4.60864
1.02707
1.13772
1.58299
1.05782
1.05039
1.02793
1.88815
1.05285
1.00725
1.17125
1.08296
1.02253
1.49045
1.03066
1.18906
1.0488
3.46837
1.50968
2.70251
1.05004
1.15193
7.15597
1.00911
1.01618
1.35677
1.12169
1.13018
1.2984
1.075
1.09679
1.53404
1.2712
1.05024
3.67658
1.08997
2.078
1.74574
1.07956
1.05805
1.03892
2.54471
1.01052
1.10952
1.11132
1.29421
1.8943
1.65557
1.0903
1.9093
1.15026
1.50581
4.62647
1.1185
1.60138
1.88219
1.39471
1.71514
1.1575
1.5043
1.00488
1.34554
1.10777
1.21176
1.81976
1.08699
1.09334
1.8558
1.2066
1.90587
1.00532
1.45922
1.09223
1.19643
1.41199
1.01248
1.19299
1.16061
1.08511
1.13169
2.57309
1.80756
1.34879
2.28148
1.01074
1.94012
1.13971
3.99103
1.79547
1.49734
1.08278
1.96014
2.19965
1.58732
1.20839
1.21646
1.07581
1.76374
1.03362
1.04049
2.38662
1.34671
1.22842
1.46849
1.19435
1.11106
1.26604
1.71259
1.20706
1.54186
1.13775
1.40517
1.04735
1.70424
1.02044
1.54197
1.59522
1.12278
1.59331
1.29401
1.21648
2.29215
1.0545
1.03066
1.08632
1.02754
3.65192
1.31466
1.33545
1.09603
1.05557
2.99022
1.71122
1.08503
1.67179
1.02133
1.37735
1.51446
1.2568
1.75396
1.67467
1.17807
1.24297
1.54129
2.47094
1.14351
1.17733
2.13721
1.50043
1.0243
2.89487
1.70462
1.09639
1.41132
1.1038
1.3243
1.11132
1.22165
1.37538
1.62113
1.48091
2.15738
1.09532
1.16315
4.92245
1.06253
1.24512
2.81272
1.61145
1.33969
1.56133
1.90298
1.17749
1.5943
1.1228
1.22934
1.45623
1.82581
1.01509
1.93383
1.35764
1.1373
1.00005
1.39948
1.06938
1.59712
1.49559
1.28652
1.29578
1.21254
1.44854
1.71422
1.22781
3.65429
1.717
1.46866
1.03289
1.00236
1.89424
1.12806
3.81352
1.09929
1.19245
1.25674
1.29186
2.17385
1.51975
1.33911
1.05767
2.58168
1.00823
1.21171
1.12187
1.10558
2.04615
1.58566
1.24599
1.6417
3.70008
1.28462
1.20504
1.26654
1.01689
1.90061
1.28783
1.0161
1.33285
4.56359
1.65107
1.08797
1.07649
1.00583
1.98326
1.14296
1.50496
1.03816
1.01588
1.66918
1.42274
1.45769
1.47824
1.3819
1.03032
2.93079
1.09913
1.40192
1.77092
1.03326
1.07257
1.18101
1.41875
1.12799
1.05561
1.52912
1.01674
1.5201
1.31811
2.76668
1.08683
1.02295
1.50087
1.95731
1.15051
1.6701
1.08841
1.27033
1.44544
1.47709
1.09266
1.03724
2.31149
1.06233
1.44241
1.25607
1.08966
1.29165
1.07828
1.35089
1.28939
1.05323
1.35617
1.07654
1.27807
2.13423
2.22802
1.68671
1.14482
1.25034
1.54154
1.00659
1.82467
1.19722
1.32655
1.11665
1.3213
1.02986
1.0157
1.15258
1.15333
1.39752
1.29987
2.5441
1.2364
1.40543
1.22433
2.17342
1.05259
1.37814
1.034
2.00467
1.24214
1.12316
1.01608
1.21504
1.4668
1.10255
2.15277
1.28273
1.63424
2.29481
3.79971
2.16878
1.44551
1.61047
1.69166
1.20592
1.01775
1.18268
1.00356
1.40459
1.22984
1.41785
1.11259
1.33063
1.60572
1.12789
1.34312
1.11845
1.25602
2.38359
1.03352
1.34529
1.54394
2.23355
1.08094
1.20752
1.00215
1.39388
1.03896
1.04877
1.83265
1.58043
1.11026
1.98662
4.11031
1.675
1.03676
1.32993
1.13436
1.95085
1.03193
1.72908
1.52138
1.20289
2.86871
1.02359
1.11235
1.20243
1.29893
1.68825
2.16804
1.07811
1.47412
2.16936
1.12557
1.13619
1.74756
1.63376
6.34091
4.04268
2.65164
1.0462
1.29051
1.69125
1.47374
1.11209
1.1024
1.37278
1.00893
1.53467
1.00988
1.18782
1.55441
1.31181
1.01508
1.12256
1.14222
2.05031
2.08491
1.24302
1.02978
1.38603
1.48349
1.00646
1.48808
1.18843
1.08625
1.11257
1.03711
1.25675
1.00856
1.0247
1.00557
1.32085
1.14031
1.22763
1.26206
1.03611
1.76681
1.1186
1.39607
1.31238
1.8613
1.17704
1.03354
1.3913
1.346
1.82463
1.19597
2.13278
1.00405
3.07558
1.1244
3.09355
1.1782
1.92668
1.03797
2.94596
1.12653
1.05019
1.13023
2.7583
1.49753
1.82373
1.62855
1.04047
1.19195
1.13123
1.18758
1.06979
1.2101
1.04208
1.55392
1.89806
1.21283
1.17626
3.65675
2.16954
1.07207
1.18944
1.02274
2.14644
1.13996
1.10643
1.55288
1.03467
1.64813
2.13855
1.16013
1.13237
1.38104
1.03272
1.04082
1.16761
1.10036
1.40944
1.20422
1.05109
1.46371
1.10115
1.09288
1.30368
1.62426
2.18429
1.66955
1.68318
1.25159
5.20045
2.06133
1.02644
1.38132
1.634
1.55402
1.13517
1.42238
1.10048
3.60487
2.14292
2.60061
1.3188
1.17793
1.19473
1.17867
1.02379
1.03947
1.70467
1.05245
1.12909
1.97636
1.17855
1.2854
1.13766
1.03989
1.09937
1.52214
1.22715
1.25488
2.07013
1.01978
1.22
1.57266
1.42024
1.80904
1.61318
1.37205
1.85325
2.36961
2.26231
6.55139
1.29274
1.15793
1.50488
2.05538
2.27163
1.20236
1.66842
1.37853
2.26401
1.6114
2.38064
1.13111
1.00902
1.22538
1.1372
1.31753
1.35707
1.19098
2.75877
2.32324
1.13562
3.77745
1.9341
2.06286
1.0075
1.30017
1.23534
1.00776
1.87524
1.6898
1.15612
1.60259
2.19344
1.36817
3.28816
1.11873
4.15675
1.06876
1.02106
1.09559
5.82277
1.17859
1.18482
1.12123
1.17124
1.04692
1.3669
1.13221
1.03638
1.03206
1.29508
1.59649
1.0641
1.0511
1.76328
1.04304
1.25601
1.55293
1.41375
1.31411
1.4948
1.4919
1.14122
1.1577
1.04081
1.35125
1.38752
1.11264
1.1612
1.49135
1.4826
1.08388
1.95301
1.54446
4.45894
1.07533
1.00854
1.05275
1.17003
1.00326
1.79215
1.03038
1.07744
1.11078
1.0461
1.30773
1.6557
1.16668
2.39087
1.88758
1.52962
1.09656
1.26503
1.74704
1.05796
1.23673
1.01294
1.15882
1.38491
2.07166
1.49309
1.31557
1.08463
1.5105
1.19148
1.8126
1.15733
1.21284
2.09571
1.07505
2.09379
1.07238
1.21021
1.43469
1.46396
1.0179
1.27416
1.07354
1.48781
1.06265
2.5133
1.20887
1.55874
1.20237
1.15613
1.3243
1.06647
1.16275
1.05968
1.06235
1.28915
1.23786
1.79288
1.03973
1.01811
3.60028
2.14622
1.17039
2.56736
1.57088
1.24815
2.85309
1.53545
1.00643
1.83319
1.35207
1.76072
1.159
1.36156
1.08337
1.43624
1.084
1.22585
1.72433
1.06643
1.08722
2.56524
1.05689
1.50449
1.53286
1.11294
1.18945
1.43909
2.05236
2.83543
1.28064
1.0473
1.26571
2.97762
1.10484
1.08579
1.21434
1.09583
1.01567
1.09175
1.1083
1.02848
1.19634
1.34015
1.61281
1.18507
1.03007
1.91841
1.24124
1.00509
1.22213
3.40241
1.14617
1.33296
2.64236
1.42188
1.15931
1.96602
1.04837
1.05291
1.03481
1.48113
1.51785
1.47597
1.35425
1.01607
1.07709
1.12656
1.48644
2.24825
1.67168
2.23948
1.03233
1.50373
1.57036
3.60316
2.283
1.13234
1.08353
1.84541
1.43136
1.22509
1.03936
1.17471
1.3151
1.25918
1.33384
1.21541
1.45294
1.66739
1.65707
3.2892
1.83937
1.56871
1.14345
1.09778
1.06524
1.72445
1.00373
2.46546
1.36306
1.34236
1.05071
2.97354
1.15243
1.57084
1.17918
1.86469
1.1109
1.12766
4.31772
1.15329
1.58051
2.25965
1.02553
1.45955
1.04641
1.90658
1.45819
1.06075
1.57441
1.65498
1.9259
1.37351
1.41572
1.13795
1.0233
1.29436
1.16626
1.14501
1.36762
1.16511
1.67078
2.07885
1.09071
1.15695
1.05638
1.59458
1.07899
1.23309
1.04592
2.44521
1.08684
1.03127
1.02199
1.30592
1.05053
4.52933
1.47196
1.29291
1.22067
1.16575
1.01156
1.49799
1.29935
1.93997
1.03727
1.11128
2.58667
1.54431
1.17893
1.02845
1.0207
1.69447
1.07913
2.36184
1.08469
2.24179
1.32177
1.24262
1.25745
1.17039
2.26091
1.02942
1.95628
1.05383
1.42374
1.38577
1.07685
1.60111
1.36634
1.46658
1.39024
1.07237
1.02482
1.53148
1.00475
1.04847
1.25415
1.69405
1.76211
1.97327
3.26177
1.04194
1.36129
1.06956
1.06966
1.7772
2.21064
1.24304
1.18302
1.43807
2.05335
1.17954
1.23617
1.18296
1.16904
1.55374
1.55795
5.46947
1.02095
1.29382
1.31694
1.62695
1.03494
1.82264
1.00454
1.22457
2.36338
1.4732
1.00625
1.01334
3.51789
1.12736
1.4884
3.16759
1.31114
1.6637
1.04299
1.01435
1.40957
1.08242
2.41616
2.05773
1.77315
1.22302
1.05708
1.2628
1.18485
1.21104
1.61267
1.0911
1.28988
1.11318
1.08581
1.06127
2.97882
1.39152
1.00201
1.17954
1.96412
1.07925
1.11391
1.01193
1.15548
1.0632
1.26828
1.00958
1.11108
1.57983
2.40793
2.51765
1.59017
1.49384
1.48149
2.3909
1.66774
2.0354
1.26415
1.36506
2.26626
1.859
1.59918
1.55329
1.04402
1.24059
1.04845
1.20703
1.07245
1.00109
1.43118
2.14402
1.20608
2.16409
1.45588
1.60133
1.33128
1.93507
1.25019
1.52607
1.12333
1.11267
1.02065
1.00319
1.28761
1.06688
1.04078
1.0837
2.05462
1.06269
4.27053
1.71473
1.03323
2.34468
1.01904
2.4207
1.84787
1.64709
1.81154
2.1178
1.01237
1.7616
1.98888
1.05161
1.22903
1.02325
1.338
1.01315
1.29461
1.15656
1.07821
1.062
1.61662
2.54382
1.03785
1.31065
1.19512
1.38905
1.55121
1.04547
1.31491
1.13291
1.46284
1.18512
1.68476
1.41846
1.16064
1.16235
2.13218
1.00241
1.08613
1.03912
1.10124
1.21766
1.42689
1.3989
1.6721
1.52772
1.45286
1.00039
1.1533
1.08052
1.60183
2.63563
1.31851
1.2132
2.38401
1.36535
1.12121
1.2375
1.15913
1.20166
1.863
1.05199
1.00774
1.0077
1.56999
1.77538
1.12755
1.72559
1.44345
4.96598
1.78916
1.58801
1.31435
2.32339
1.52058
1.13981
1.03326
1.30596
1.22395
1.10638
1.48598
1.32967
1.39504
1.23537
1.34816
1.05228
1.42131
1.12617
1.63044
1.0032
1.34806
1.03632
1.17313
1.22146
1.56906
1.55562
5.26124
1.28851
1.49676
1.19361
1.36088
1.2135
2.26642
2.65485
1.25697
2.17129
1.68402
1.13646
1.76993
1.40567
1.18605
2.03555
1.9201
1.18927
1.56132
1.37053
1.08049
2.07901
1.04061
1.54863
1.04565
1.25735
1.29708
2.07652
1.34873
1.16318
1.66163
1.03565
2.07013
1.18124
1.44805
1.52754
1.6133
1.00617
1.61361
1.17064
1.23271
1.36926
1.06373
1.66665
2.74595
1.01324
1.41854
1.08022
1.39815
1.01768
1.96589
1.92131
1.13095
1.68075
1.7244
1.1679
1.03753
1.7557
1.68196
1.74473
1.33364
1.05219
1.16099
1.96082
1.13241
1.03315
10.0581
1.45637
1.19101
1.13892
1.13832
1.31045
1.21239
1.05785
1.01597
2.54029
1.11074
1.49535
1.37464
1.31378
1.39637
3.66093
1.31185
1.3178
1.16581
2.0395
1.20264
1.0079
1.00827
1.25438
2.17021
1.56557
1.09631
1.79108
1.27376
1.10669
1.38003
1.08412
1.60153
1.05735
1.00954
1.76967
1.46887
2.23882
1.02198
1.71023
2.82763
1.25442
1.11329
1.56575
1.59865
1.17466
1.25618
1.51856
1.21832
1.12611
3.58495
1.8426
1.11653
1.08425
3.1152
1.32701
1.13309
1.03221
1.68816
1.60796
1.01083
1.18973
1.21469
2.68745
1.14202
1.1855
1.37245
1.10079
1.24278
1.84616
1.11159
2.19308
1.88874
1.568
1.91151
1.02677
3.23735
1.01323
1.65081
1.59142
1.1487
1.44113
1.5318
1.01094
1.30079
1.22367
1.20751
1.04504
1.04705
1.72812
1.50876
4.54435
1.32139
1.16567
1.07369
2.49807
2.70511
1.27118
1.03596
1.22551
1.13091
1.47305
1.54687
2.82529
1.43454
1.04755
1.02888
1.01734
1.42956
1.00276
1.21162
1.75792
1.14058
1.05869
1.028
1.17231
3.26087
1.56307
1.09322
1.70588
1.63728
1.34849
1.5067
1.68068
1.25015
1.12064
1.13644
1.24422
1.17659
1.31454
1.69914
1.02306
3.33072
1.01876
1.24687
1.00114
1.09816
1.29912
1.49783
3.22534
1.12745
1.06661
1.04222
1.21452
1.59554
1.3026
1.26307
1.05817
1.42762
1.0348
1.05556
1.09548
1.22905
1.11919
1.20158
2.03823
1.31521
2.03747
1.31712
1.65762
1.80062
1.05086
2.11589
1.16401
1.32843
1.07767
1.01697
1.83043
1.36435
1.97455
1.68251
1.28277
1.20867
1.3728
1.1724
1.45501
1.29766
7.24861
1.34745
1.79802
1.29051
1.20516
1.21686
1.17048
1.18841
1.92055
1.1815
1.24878
1.03937
1.27649
1.86118
5.21314
1.11817
1.24439
1.30125
1.26208
1.14253
1.43822
1.89457
1.22808
1.23385
1.04719
1.19692
1.01208
1.19915
1.14394
1.41875
2.06491
1.56495
1.50557
1.23215
1.17598
1.13898
2.41719
1.06055
1.02737
1.69789
1.32974
1.19549
1.28076
1.46247
1.55289
1.07729
1.13762
1.03186
1.07462
1.01113
1.25236
1.09738
1.35873
1.01143
1.64196
1.28222
1.17354
1.14412
4.17398
1.43082
1.27282
2.35975
1.22814
1.15693
1.47814
1.02727
1.45639
1.1588
1.27094
1.22548
1.31857
2.08074
1.46543
1.10222
1.53785
1.20717
1.26614
1.49854
1.57584
1.50419
2.70074
1.23603
1.40905
1.05155
1.59183
1.08937
1.36677
1.14324
35.2512
2.33522
1.3486
1.28997
1.62111
1.00207
1.0214
1.55964
1.25172
1.17908
1.23219
1.2635
1.02953
1.04589
2.11616
1.52686
4.22596
1.37003
1.10357
1.09762
1.81763
1.00857
1.12976
1.5635
1.12903
1.02988
1.66456
2.29676
2.35453
1.0661
1.28366
1.33784
1.72035
1.54511
2.34495
1.28375
1.21714
1.0365
1.06558
1.09096
1.02681
1.01808
1.00113
1.07882
1.01147
1.48748
1.81969
1.09253
1.32356
1.07433
1.4998
1.29041
1.11656
1.79507
3.7875
1.26893
1.3175
1.05443
1.15586
1.34093
4.3867
1.33502
1.10986
1.30028
1.20352
1.31882
1.31854
1.08478
1.09066
7.17535
2.41033
1.73189
1.12005
1.47636
1.13198
1.15627
1.20158
1.45732
1.18635
2.01462
1.07237
2.37343
2.21723
1.00056
1.00605
1.22083
1.44155
1.76226
3.19727
1.38023
1.00547
1.17207
1.65061
1.7274
1.66665
1.38375
1.46258
1.0998
1.40751
1.07096
1.36092
1.22512
1.35142
1.76709
1.18338
1.47971
1.31262
1.02379
1.32471
1.06744
1.06441
1.05082
1.49845
1.11856
2.02558
1.05005
1.20527
1.59568
1.826
1.00736
1.06367
1.30079
2.06144
1.54687
1.12209
1.06454
1.40093
1.46435
1.14312
1.17807
1.04889
1.31792
1.07766
1.23266
1.36971
1.40469
1.94233
1.52943
4.01896
1.22429
1.69637
1.01865
1.91616
3.16353
1.23499
1.26511
1.0086
1.00315
1.49167
1.97225
1.41233
1.44244
1.34397
1.21846
1.27451
2.00273
1.16405
1.48708
1.48151
1.3098
1.25332
1.64164
1.76373
1.2106
1.11152
1.15018
3.5016
1.50137
1.49088
1.00517
1.29117
1.27283
1.21328
1.24534
1.00179
2.17969
2.31605
1.18011
1.13159
1.21568
1.28876
1.51844
1.20126
1.74657
1.32975
1.22561
1.86288
1.317
1.01355
2.41552
1.26348
1.414
1.07438
1.05605
1.4904
2.06018
1.1268
1.3509
1.21929
1.03892
1.58532
1.27543
2.1651
1.01422
1.13154
1.37943
1.20284
1.07394
1.07034
1.12373
1.03518
1.1123
1.03225
1.22213
1.06798
2.61513
1.64592
1.65417
1.18557
1.01356
1.83314
1.49804
1.59547
2.08095
2.21479
1.2779
1.00133
1.40106
1.53119
1.69259
1.11142
1.06155
1.05689
1.08657
1.70305
1.1596
2.69066
1.07125
1.24632
1.87483
1.11486
1.15429
1.18081
1.26166
1.19989
1.75906
1.18876
1.31728
1.16744
1.20413
1.04955
1.5997
1.19595
1.00698
1.22488
1.05822
1.0266
3.84226
1.65607
1.6147
1.0792
1.03581
1.20589
1.22702
1.45147
1.23137
1.1363
1.40607
1.22666
1.96569
1.08069
1.23963
1.16767
1.30669
1.06344
1.47417
1.11809
1.00582
1.16886
1.08691
1.76986
2.22899
1.32849
1.10964
1.08631
1.24162
1.00746
1.16512
1.21044
1.27279
1.44982
1.44486
1.12857
1.05346
1.21139
1.24194
2.77051
1.14487
1.87916
1.06363
1.12775
2.21681
1.23423
1.04634
1.04722
1.92508
1.19066
1.16135
1.05912
2.27056
2.90063
1.04526
1.2405
1.09186
1.3375
1.45464
1.35302
1.10556
1.02615
3.38383
1.01099
1.03907
1.42154
1.06253
1.0606
1.25501
1.11096
1.35319
1.13384
1.02306
4.30821
1.10607
1.37398
1.20723
1.3121
1.01779
1.2791
1.03388
1.11627
1.21584
1.10871
1.14962
1.02984
1.88349
1.53325
1.69237
1.04663
1.22205
1.10669
1.06912
1.12456
1.57482
1.08933
1.19839
2.13534
1.1107
1.40924
1.05632
1.11525
1.05992
1.08465
2.23419
1.04513
1.06684
1.77149
1.0101
1.38999
3.78187
1.43636
1.37843
1.55145
1.01034
1.24416
1.17429
1.39151
1.0038
1.12446
1.88779
1.77491
3.883
1.59352
1.37398
1.10157
1.30095
1.07504
1.3774
1.37878
1.05713
1.82386
1.03053
1.98507
1.22928
1.00123
1.09176
1.0032
1.0058
1.123
1.22198
1.44292
1.42744
1.91216
1.47693
1.15926
2.3622
1.33879
1.18706
1.00488
1.05492
1.16992
1.01336
1.6893
1.10831
1.53769
2.16761
1.15351
1.00584
1.07394
1.21467
1.25688
1.52953
1.33294
1.24593
1.28474
2.28104
1.43592
1.03915
1.03219
1.62444
1.82819
1.03026
1.40244
1.13446
1.06176
1.01481
1.61719
1.32513
1.44406
1.01357
1.13194
1.21819
1.04513
1.04291
1.03786
1.38046
2.09709
1.15923
1.00895
1.09053
1.89182
1.3124
1.08803
1.60102
1.03905
1.60538
1.26993
1.6745
1.11263
1.08369
1.2317
1.90473
2.6664
1.05374
1.00865
1.00503
1.77192
1.15353
1.31814
1.16977
1.13321
1.43678
1.25558
2.16114
1.31404
1.12463
1.69828
1.30449
1.88732
1.13978
1.2238
1.31126
1.00462
1.00831
1.52991
1.43707
1.43516
1.21604
1.16656
1.23887
1.0323
2.14087
1.89092
1.10327
1.02683
1.35674
1.03161
1.16314
1.48266
1.01898
1.16894
1.44999
1.51032
2.74827
1.0374
2.02138
1.22046
1.08317
1.31296
2.54665
1.0077
1.35758
1.01203
2.01344
1.21554
2.71326
1.39717
1.25811
1.34562
1.02116
1.25064
1.15499
1.49702
1.64415
1.18179
1.00211
1.11209
3.83885
1.11036
1.58707
1.51163
1.41616
1.05155
1.78413
1.02827
1.20822
1.00474
2.83202
1.06176
1.00894
1.14034
1.48941
1.16069
1.31392
4.32623
1.08497
1.04336
1.24379
1.21548
1.62985
1.15558
1.17423
1.63894
2.06019
1.01152
1.52064
1.26999
2.01876
1.13062
1.02687
1.09144
1.50831
1.0314
1.88154
1.35332
1.82032
1.05823
1.35701
1.61583
1.00964
1.96175
1.26366
1.299
1.40032
3.767
1.11479
1.18093
1.81593
1.77702
1.4589
1.05595
1.89914
1.86957
1.39998
1.03356
1.00947
1.15846
1.09154
1.53845
1.54885
1.20878
1.22373
1.02899
1.00581
1.11681
1.24199
1.26733
1.09421
1.54511
1.45724
2.21584
1.37577
1.05253
1.1428
1.71306
1.23315
1.44199
1.33208
1.26251
1.05308
1.30666
1.34152
4.14031
2.1015
1.06239
1.22037
1.8068
1.10441
2.1492
1.00128
3.14568
1.57649
1.07903
1.87392
2.43947
1.18103
1.07039
1.11558
1.2439
1.02654
1.12891
1.0409
1.10738
1.80806
1.03875
4.13256
1.15888
2.6048
1.92826
1.01624
1.12087
1.04284
1.19214
1.01654
1.32496
1.21188
1.02195
1.36024
1.32893
1.16612
1.22863
1.23516
4.11312
1.06411
1.28054
1.04325
2.54862
1.13817
1.30249
1.14731
1.07703
1.21553
1.21004
1.42892
1.98125
1.19912
1.40493
1.24853
4.64895
1.37776
1.39323
1.64662
3.70805
1.04705
1.01858
1.18918
1.07249
1.25
1.12279
1.27392
1.26657
1.26626
7.93043
3.56756
1.11158
1.58023
1.20528
1.15122
1.11997
1.02201
1.36029
1.67349
1.15383
1.45299
1.30684
1.07455
1.12968
1.0507
1.53594
1.64868
1.0551
1.17702
1.03236
1.06385
1.45983
2.03189
1.17264
1.49067
1.15389
1.34975
1.48638
1.82653
1.37471
1.08514
1.04564
1.01668
1.08974
2.35621
1.10851
1.03403
1.09135
1.0735
2.20738
2.66203
1.34365
1.47714
1.01463
1.46208
1.40387
1.11519
1.23104
1.13428
1.61443
1.13278
1.02686
1.00025
1.31516
1.28407
1.25813
1.56295
1.00075
1.02378
1.30567
1.03166
1.37319
1.84088
1.17563
1.01273
1.59136
1.47125
1.22819
1.32225
1.03614
1.12081
1.60562
1.08313
1.28692
2.05839
1.92599
1.03763
1.23143
1.12205
1.71835
1.40822
3.2873
1.08066
1.15701
1.36311
1.09467
1.12817
1.51601
1.11867
2.72037
1.06291
1.00138
2.13982
1.20362
1.16889
1.0232
2.10799
1.20907
1.13851
1.62128
1.03331
1.75328
1.33305
1.13922
1.47709
1.44632
1.47647
1.0187
2.07755
4.20411
1.27431
1.13603
1.49356
1.08239
1.19749
1.00286
1.04083
5.76547
1.03897
1.04006
1.13149
5.28602
1.59331
1.39557
1.96287
1.48823
1.14184
1.36387
1.21637
2.27756
1.01784
1.14932
1.35365
1.21455
1.62822
1.28788
1.16166
1.73717
3.046
2.22508
1.11045
2.49168
2.14107
1.25372
1.06711
1.02629
1.02476
1.00688
1.41337
1.27807
1.09755
1.093
1.20312
1.65431
1.0383
1.08429
1.3543
1.1955
1.54711
1.04946
1.20304
1.33766
1.38848
3.17126
1.09441
1.65399
6.12867
1.53127
1.00488
2.4999
1.01894
1.25294
1.0901
1.28599
1.96768
1.15229
1.02687
1.22905
1.01084
1.03591
3.17098
1.87394
1.06669
3.19707
1.18716
1.50728
4.35111
3.12835
1.04399
1.99621
2.61292
1.15818
1.50343
2.66034
1.12953
1.13914
1.15182
1.1178
1.18099
1.15512
1.37488
1.27766
1.20044
2.08312
1.26572
1.10891
1.72312
1.17578
1.06396
1.75855
1.00465
1.17462
2.71422
1.22442
1.48916
1.18195
1.65129
1.0268
1.13793
2.28703
1.40589
3.86213
1.30934
1.27273
1.16968
1.57554
1.406
1.39448
1.5603
1.24631
1.39303
1.38525
1.10912
1.44019
1.71809
4.74199
1.11265
1.78405
2.04719
1.39146
1.07039
1.12793
1.22211
4.08892
1.37363
2.17174
1.05219
1.74376
1.05511
1.48669
1.75185
1.00781
2.0691
4.17628
1.04305
1.11033
1.0113
1.05389
2.018
8.67508
1.2476
1.95856
1.10164
1.46006
1.2507
1.30114
1.34154
1.01315
1.02766
1.29994
1.20308
1.02562
1.51807
1.02089
2.57332
1.72795
1.09072
1.91892
2.17972
1.02779
1.28986
1.03006
1.55296
1.23059
1.07705
1.20456
1.05032
1.24446
1.43751
1.25662
1.63519
2.05025
1.10559
1.33361
1.14883
1.07023
1.91784
1.10921
1.06533
1.17615
1.70816
1.53878
1.16752
1.2969
1.38867
1.26006
1.59152
3.08479
1.53909
1.05925
1.26455
1.32533
1.94544
1.51462
2.27674
1.13193
1.14073
4.64407
1.58612
1.3111
1.02276
2.03228
1.02376
1.3236
1.21218
2.03192
2.43551
2.02923
1.39262
1.41619
1.34351
1.28608
1.21489
1.05545
5.05513
1.00332
2.02651
1.62051
1.09442
3.34618
1.4169
1.20699
2.53422
1.03839
2.03574
1.13416
1.00709
2.75174
1.29932
1.10944
1.61852
1.10766
1.02917
1.13001
1.32983
1.48857
1.13172
1.18534
4.64028
1.24809
1.05188
1.02623
1.0168
1.36947
1.01409
1.37907
1.50055
1.23483
1.00017
1.47345
1.26206
1.11575
1.14628
1.21652
1.49687
1.08495
1.33864
1.0043
1.0404
1.21103
1.19727
1.16278
1.05481
3.21027
1.16014
1.78982
1.04546
1.21912
2.70234
1.06865
1.42874
1.03209
1.1554
2.06025
1.47243
1.25814
1.0331
1.06271
1.28268
2.20212
1.06248
1.50514
1.7227
2.35561
4.27097
1.30089
1.25826
1.03941
1.44636
1.721
1.8659
1.0351
1.00896
1.01763
1.1889
1.21166
1.02237
1.05032
1.05523
1.06527
2.28033
1.49727
3.51061
2.43903
1.01292
1.18295
1.09177
1.03176
1.00749
1.46419
1.61776
1.5773
1.15531
1.4408
2.36974
1.00657
1.69326
1.06973
1.46014
1.10789
2.00336
1.5466
1.18397
1.70594
1.17687
1.02224
1.94636
1.39376
1.64321
1.43827
1.36027
1.07763
1.29518
1.23354
1.1012
1.42865
1.50294
1.30766
1.27981
2.30376
1.03767
2.90216
1.39046
1.034
1.07995
3.70204
1.13546
1.07728
1.00887
1.23542
1.09835
2.24124
1.08845
1.01089
1.17201
2.37463
1.14359
1.09645
1.05761
8.22889
1.43348
1.09371
2.93809
1.39
1.62253
3.55884
1.9416
1.08646
3.84126
1.36855
1.04039
2.42208
1.06287
1.60144
1.0431
1.01555
1.14087
1.36362
1.06648
1.91635
1.00852
1.17819
1.74192
1.61273
1.47405
2.91761
1.09862
1.75145
1.0146
1.26021
2.28094
1.32243
1.19084
1.2597
1.75664
1.08115
1.35516
1.01294
1.00472
1.17375
1.21996
2.28659
1.08887
1.09833
1.20271
1.02271
1.00435
1.3906
1.89003
1.62806
1.04229
1.05535
1.09951
1.33858
1.20239
1.45579
1.05456
1.33639
1.33479
1.08475
3.20112
1.64348
1.18661
1.14074
1.12854
1.01817
1.24875
1.05981
1.12228
1.14179
1.14582
1.00941
1.03295
1.30038
1.67391
2.69642
1.91784
2.31499
1.03254
1.3739
1.6392
1.19961
2.30484
2.2774
1.48545
1.13822
1.16711
1.10348
1.29001
1.05235
1.32088
1.1022
1.03468
1.56369
1.15956
1.34384
1.27682
1.10156
1.19632
1.62331
1.00794
1.21435
1.14806
1.42544
1.05487
1.76176
1.16035
1.18751
1.0711
1.44817
1.33545
1.23425
1.12658
1.24798
1.01948
3.78344
2.22012
1.0338
1.0493
1.46102
1.23853
1.02441
1.32565
1.20984
2.04413
1.04928
2.26117
1.11498
1.30149
1.25699
1.07087
1.31524
1.04114
1.73935
1.42371
1.07663
1.08686
2.27255
1.46451
1.66144
1.12583
1.20314
1.19859
1.60124
1.46327
1.54862
3.04191
1.01765
1.0176
1.33107
1.05843
1.0093
1.20372
1.13116
1.02683
2.31137
2.19203
1.49101
1.04671
2.41012
1.18049
2.69192
1.85046
1.34999
1.24965
1.11544
1.09774
1.12596
1.08671
1.61516
1.40773
1.01268
1.0996
1.09494
2.29447
1.03174
2.87282
2.00657
1.10452
1.52465
1.55659
1.15703
2.41043
1.12278
1.15742
1.00805
2.10865
1.10756
1.01914
1.50002
1.50219
1.25506
1.14277
1.14266
1.80699
1.42791
1.46231
1.02009
1.51145
1.02931
1.10791
1.30656
1.08105
2.55272
1.06743
1.00769
1.16695
1.15671
1.14453
1.78944
1.01196
1.80812
1.19484
2.27581
1.02683
1.03008
1.29407
1.03102
1.24852
1.11863
1.16566
1.10633
1.13076
1.35719
1.03889
1.43506
1.25692
1.0234
1.38725
1.00505
1.04712
1.49313
1.87658
1.04145
1.19097
1.01828
1.40665
1.54111
1.50173
1.1425
1.01133
1.6736
1.25436
1.10522
1.03978
1.23296
1.25647
1.04677
1.42428
2.59501
1.42631
1.13667
1.03896
1.53908
1.00904
1.21711
1.39171
1.31714
4.94798
1.9393
1.04346
1.65743
1.34261
1.18195
1.5419
1.25998
3.44422
1.39038
1.04207
2.13543
1.0277
1.54873
1.7454
1.34572
2.08413
1.41521
1.15437
1.58538
2.14596
1.417
1.02648
1.43446
1.06909
1.11679
1.19347
1.03292
1.65425
1.0381
1.97206
1.188
2.20855
1.11644
1.61206
1.16932
1.03953
1.02434
1.36078
2.14661
1.07945
2.13399
1.31907
1.51111
1.51355
1.75065
1.2829
1.36321
1.78155
1.07147
1.68942
1.29078
1.05467
1.56741
1.72265
1.01606
2.25385
1.11336
1.04097
1.26934
1.98181
1.90851
1.56942
2.0522
1.43457
1.0202
1.01867
1.09215
1.18061
1.2522
1.04838
1.31301
1.06377
1.47046
1.26037
1.03287
1.27613
1.99856
1.26758
1.17486
1.43016
1.03301
1.41378
2.72395
1.11861
1.50131
1.19737
1.17797
1.0913
1.14949
1.03983
2.2077
1.23704
1.09043
2.82961
2.20568
1.37891
2.65928
1.20405
1.05544
7.7406
1.93612
4.19293
1.33226
1.11641
1.64058
1.08046
1.25484
1.01318
2.51934
1.19672
1.11149
1.20925
1.0328
1.24584
1.18984
1.36397
1.17001
1.05103
1.9584
1.53431
1.59444
1.01867
1.3456
1.15306
1.12281
1.12538
1.01035
1.09207
1.44448
1.11749
3.16095
1.02371
1.07184
1.68588
1.3278
1.19308
1.59342
1.61106
1.47911
2.25963
1.16342
1.4425
1.15287
1.55089
2.58427
2.35866
1.03594
1.27891
1.06051
1.35873
1.11826
1.28107
1.12369
1.47669
1.09731
1.0493
1.0901
1.51636
1.07762
1.01104
1.33058
1.27071
1.09882
1.10596
1.19025
1.28229
1.05847
2.03087
1.37868
1.42374
1.78814
1.01454
1.62643
1.10771
1.76874
1.18467
1.305
1.32393
1.4419
3.60192
1.33924
1.63548
1.24376
1.41005
1.06431
1.33609
1.09816
1.72959
1.53965
1.07503
1.77646
1.97143
3.59714
1.09345
1.01126
1.09052
2.04268
1.73411
1.22924
1.09038
1.75537
1.38755
1.10728
1.64149
1.29601
1.19051
1.12569
1.11482
1.47077
1.10401
1.05409
1.12868
2.1128
1.1754
1.60368
1.1457
2.11495
2.94187
1.53271
1.16532
1.31678
1.13201
1.22895
1.00568
1.01064
1.0859
2.2903
1.09358
6.31842
1.10715
1.17578
2.26002
2.1268
1.07937
1.44667
1.11492
1.13556
1.05938
1.19836
1.16773
1.38705
1.08074
1.10138
1.19284
1.25585
1.95145
1.95309
1.77993
1.2388
2.73866
1.19538
1.60255
1.07134
1.36472
1.21142
1.38104
1.99242
2.12048
1.21358
1.18868
1.22326
1.09137
1.57569
1.1823
2.71617
2.3998
1.16902
1.68374
1.29877
1.08593
1.32121
1.18714
1.03096
1.17344
3.34703
1.89866
1.00899
1.07266
1.40242
4.06045
1.35616
1.04668
1.15698
1.24293
1.27523
1.08568
1.02725
1.23609
1.1091
2.213
1.24489
1.02682
1.37684
1.06737
1.05924
1.50887
1.03464
1.02539
1.037
1.2969
1.02136
1.24369
1.13169
1.35021
1.2816
1.01796
1.03553
1.67399
1.12975
1.25494
1.50787
1.09239
1.07886
1.22662
1.37874
1.38552
1.57425
1.25475
1.34192
1.73652
1.13395
1.04803
1.28421
1.12368
1.15573
1.3152
1.00697
1.80245
1.21573
1.23925
1.38114
1.26962
1.97901
1.05416
1.77287
1.26446
2.71949
1.15397
2.69797
3.30656
1.38397
1.15725
2.06793
1.0389
1.23669
1.03043
1.0815
1.28745
1.21459
1.46775
1.08755
1.41
1.27712
1.5246
1.1843
2.43784
2.28218
1.07968
1.16265
1.26622
1.10184
1.99358
1.10913
1.10308
1.11849
1.03334
1.04546
1.35634
1.09936
5.00308
1.56796
1.33016
1.7456
1.14315
1.10935
1.35957
1.2833
2.99835
1.09245
2.57099
1.21869
1.45869
1.21651
1.27541
1.05718
1.07656
1.71872
1.13019
1.1181
1.06869
1.8032
2.43934
1.20956
1.28613
1.10993
1.00197
1.7972
1.74839
1.0426
1.07548
1.85509
1.07599
1.40474
1.04295
1.35189
1.53292
4.5191
1.17249
1.29937
1.45074
1.04936
3.5155
1.14813
1.90227
1.12928
1.33151
1.01647
1.21809
1.06894
1.38112
1.36147
1.04707
1.02468
1.44089
1.06721
1.12561
1.08327
1.23521
1.27251
1.28656
2.3906
1.01164
1.48987
1.17673
1.07085
1.4073
1.01608
2.41402
1.46628
1.07463
1.20613
1.20145
1.36019
2.0124
1.06911
1.25348
1.06562
2.00784
1.39309
1.08252
1.3855
1.30575
1.09455
1.7907
1.41145
1.14268
1.22443
1.03643
1.17972
1.10176
1.52192
1.78217
1.24142
1.17505
2.931
1.06743
1.08107
5.51543
2.51942
2.00513
1.24012
2.3322
2.20076
1.27673
1.16197
1.84163
1.42453
1.35042
1.22759
1.18171
1.01171
1.47511
1.23029
1.26977
1.0991
1.20349
1.44812
1.39319
1.51097
1.43708
1.59988
1.1483
1.32253
1.23866
1.30006
1.06466
1.05088
1.16572
2.97548
1.78032
1.06669
1.18136
1.21696
1.45887
1.12682
1.24964
1.731
1.26199
1.17533
1.00594
1.03238
1.03741
1.26447
1.01045
1.29727
1.05474
1.19582
1.30116
2.00108
2.3756
1.04689
1.3506
1.54059
1.56033
1.5002
1.56504
1.03708
1.05251
1.00428
2.22569
1.4229
1.37974
1.155
4.03229
3.01965
1.82431
1.28179
1.21681
1.31864
1.54126
1.84503
1.99627
1.24428
1.26276
1.42333
1.06495
1.00437
1.35137
2.92979
1.09231
1.1902
1.00662
1.00745
1.37888
1.17894
1.07088
1.00874
1.1474
1.64043
1.10326
1.48602
1.17562
2.60411
1.81032
1.06685
1.70122
1.00825
1.12756
1.48905
1.08626
2.02862
1.13729
3.31387
1.50939
1.7901
1.39797
1.1924
1.02251
1.03373
1.06536
1.06119
2.20141
1.00255
1.41232
1.38069
1.40624
1.35112
1.12543
1.51961
2.04313
3.46554
1.06744
1.02565
1.03575
1.10722
1.44935
1.23704
1.03452
1.01195
1.11571
1.28945
1.27312
1.00073
1.39554
1.2889
1.20547
1.20145
3.53001
1.01028
1.07618
1.96893
1.23129
1.84985
1.07038
1.56246
1.09798
1.16275
1.16341
1.39014
1.43671
3.96849
3.43389
1.22019
2.15142
1.17728
1.0206
1.2977
1.1375
1.16129
1.13978
1.10508
1.00981
1.46969
1.14524
1.20574
1.34019
1.07005
1.02628
1.01098
1.60306
1.2411
1.63166
1.21404
1.26075
1.16341
1.01602
1.12668
1.1178
1.00441
1.0361
1.20596
1.52632
1.31793
1.33952
1.00419
1.0916
1.24597
1.68778
1.07544
1.25886
6.25402
1.06048
1.25146
1.03673
1.13116
1.55143
1.87266
1.61489
1.06449
1.101
2.17424
1.25042
1.02795
1.28297
1.09824
1.52108
1.28148
1.27194
1.22027
1.37491
1.14956
1.25966
1.24367
1.6095
1.01241
1.54176
1.02763
1.62827
1.3025
1.47645
7.14232
1.16931
1.40713
1.00797
2.37825
1.21356
1.17201
1.04069
1.32533
1.14737
3.19318
1.04922
2.15855
1.8205
1.00276
1.18898
1.18374
1.43006
1.71108
1.45669
1.0158
1.22086
3.30883
3.77446
1.06966
1.32947
2.12964
2.23746
1.00591
1.84214
1.0259
1.70465
1.45573
1.55113
1.56969
1.00526
1.04415
1.13061
1.11582
2.57265
1.03457
1.19178
1.09804
1.23765
1.38059
1.32398
1.27975
1.07563
3.90364
1.31869
1.96973
1.26242
1.97167
2.68839
1.02905
1.10449
1.34431
9.50099
1.07282
1.03599
1.31928
1.1578
1.17167
1.13413
1.03453
1.3257
1.34075
1.08199
1.30575
1.8311
1.05545
1.28014
1.18572
1.04299
1.16667
1.65039
1.50766
1.89336
1.01446
1.66821
1.01464
1.48787
1.11077
1.00783
1.17272
1.38753
1.07122
2.98373
1.48515
1.4684
1.38411
1.0564
1.02423
1.71966
1.74459
1.10818
1.06994
1.42378
1.29774
1.04206
1.17194
1.31428
1.10509
1.17362
1.99169
1.33817
1.02725
1.16199
1.16142
1.49205
1.03254
3.06067
2.8517
1.33079
1.16497
1.13228
1.06291
3.03585
1.05812
1.21291
1.41367
1.28898
2.04663
1.08967
6.79111
1.79592
2.23819
1.02074
1.01208
1.07712
1.97615
2.44545
2.44128
1.7242
2.04056
6.60708
1.48011
1.46466
1.12661
4.50346
1.08309
1.04232
1.15351
1.03796
1.35803
1.18385
1.14461
1.02638
1.23238
1.13783
1.87273
1.00279
1.00937
1.20157
1.33779
1.13486
1.76534
1.29672
1.61354
1.11826
1.07475
1.29848
1.09631
1.58274
1.37279
1.71672
2.5685
2.33721
1.75356
1.39803
1.88546
1.27819
1.62174
1.09456
1.22862
1.94085
1.256
1.11517
1.91315
1.03148
2.52178
1.07698
1.15296
2.14601
1.15803
1.66607
1.32436
1.12387
1.66116
1.78314
1.17743
2.63122
1.00767
1.096
1.44168
1.89158
1.0413
1.37503
1.79289
2.69195
1.53096
1.93922
1.76608
1.27769
1.33061
1.0195
1.34223
4.30839
1.05799
2.93574
1.11158
1.43173
1.51034
2.59357
1.23886
1.04181
2.27954
1.50207
1.01022
2.21794
1.04057
1.3436
1.27365
1.09048
1.1967
1.04794
1.15215
1.65262
1.12051
1.02276
1.97047
1.18213
1.55536
2.71939
1.43356
1.00924
1.25164
1.07259
1.14478
9.39153
1.11735
1.574
1.17677
1.18378
1.30731
2.4229
1.18647
1.27776
1.22929
1.05521
1.18319
1.72768
1.12739
1.50229
1.03432
1.07806
2.70052
1.04546
1.19171
2.65052
1.49142
1.33068
1.12671
1.0161
1.04812
1.20335
1.16688
1.39175
1.01059
1.28666
3.59557
1.1748
1.78371
1.94858
1.57815
1.02593
1.17348
1.4983
2.36418
1.06584
1.02361
1.1773
1.55306
2.19837
1.14798
2.31629
1.01488
1.1494
1.05706
2.07269
1.72799
1.41164
1.25978
1.17965
1.00171
1.11642
2.92682
1.49147
1.12752
2.01333
1.58057
1.10784
1.02095
1.09398
1.65559
1.09242
1.19425
1.37619
1.57864
1.73128
1.11084
1.00019
1.14149
1.56378
1.3297
1.72715
1.10344
1.83006
1.01234
2.42531
1.1842
1.13833
1.12853
2.85655
2.28269
1.16931
1.6591
3.8744
1.47068
1.01365
1.24318
1.68861
1.84085
1.04332
1.90264
1.60479
3.01855
1.12671
1.5037
1.01758
1.73367
1.59566
1.31588
1.61464
1.34319
1.23233
3.26674
1.20132
1.09953
1.02086
1.00737
1.3441
1.01658
1.13235
1.04099
1.12757
3.73968
2.52364
2.1497
1.81358
2.27537
1.56882
1.97417
1.18548
1.06722
1.36596
1.13827
1.43784
1.33239
1.22208
1.7607
1.00878
1.35716
1.54505
1.33942
2.2782
1.14802
1.2602
1.05611
1.07068
1.1322
1.16125
1.14885
1.06481
1.06538
3.14209
2.20897
1.22718
1.63601
1.21213
1.13307
1.04924
1.0166
1.05346
1.11652
2.85016
1.21847
1.68267
1.03006
1.07389
1.01708
1.03263
1.29572
1.12996
1.31235
1.22748
1.15983
1.37074
1.10106
2.64387
1.34085
1.15709
2.66227
1.16908
1.19286
1.49989
1.4949
2.04572
1.89584
1.03334
1.24046
1.1864
1.08318
3.92492
1.10194
1.07881
1.77279
1.08359
1.65128
1.02326
1.20608
1.51386
4.69722
1.02252
1.12907
1.00906
1.13655
1.5068
1.11339
1.00097
2.0409
1.51659
1.14809
1.27774
1.26317
1.13484
1.29372
1.10187
2.04348
1.68146
2.17854
1.22249
1.07432
1.05729
1.50122
1.25106
2.89535
2.15419
4.41235
1.17515
1.42442
3.21869
1.0829
1.01439
1.12764
1.17165
1.08306
1.26257
2.38815
1.9283
1.24768
2.46084
1.27337
4.2418
2.34972
1.38569
1.10412
1.04597
1.10746
3.69413
1.50583
1.05933
1.3575
1.72629
1.19387
1.39446
1.91553
1.18017
1.44304
1.12595
1.12912
1.59523
1.00455
1.00155
2.15378
1.0101
2.50568
2.17653
1.29906
1.17354
1.89047
1.14926
1.33184
1.06124
1.32355
1.04556
1.28351
2.61971
1.065
2.36687
1.755
1.08452
1.06439
1.39053
1.60159
2.91901
1.90429
2.31746
1.79066
1.79439
1.09836
2.44173
1.03097
1.01887
1.76454
1.4076
1.01633
1.55889
1.42961
1.25975
1.13943
1.46605
1.07786
4.46006
1.15635
1.51397
1.01754
1.23001
1.07367
1.81098
1.2575
1.49843
4.48529
1.43616
1.5428
1.17565
1.26102
2.03958
1.05068
1.74949
1.51058
1.03049
1.28532
1.27747
1.2027
1.34875
1.41864
1.27234
1.70986
2.50991
1.33005
2.11192
1.20677
1.29812
1.66181
1.61378
1.10518
1.17681
1.4931
1.01299
1.10462
1.52104
1.7833
5.73004
1.11719
1.00404
1.15084
1.08716
1.00038
1.16444
1.31476
1.27492
2.69845
1.18699
1.05286
1.03355
1.12066
1.10046
1.01238
1.24385
1.27347
1.16221
1.28372
1.04754
1.46462
1.02517
1.0029
3.14546
1.28797
1.2712
1.85659
1.67532
1.13814
1.04429
1.31189
1.23942
1.07554
1.16857
1.22037
1.38926
1.02123
1.12139
1.39335
1.10996
1.13523
3.08825
1.32733
1.77488
1.01423
5.40536
2.28989
1.16223
1.40439
1.55677
1.35489
1.12589
1.85645
1.47461
1.05237
1.03173
1.54159
2.45706
1.23889
1.18867
1.22103
1.46308
1.41444
1.29885
1.28212
1.15747
1.52694
1.611
1.27473
3.26809
1.27965
1.21986
1.66355
1.07274
1.18693
1.07304
4.0651
1.28569
1.54134
1.68241
1.71695
1.02942
1.53367
1.24828
3.14745
1.87172
1.19661
1.16429
1.21041
1.43137
1.04245
1.66999
1.04184
1.37189
1.09758
1.27521
1.34914
1.7426
1.33698
1.52142
1.22271
1.17788
1.66445
1.02459
1.03108
1.03046
1.01857
1.4596
1.31461
2.50886
2.59148
1.94954
1.64852
1.00987
2.30214
1.08796
1.14303
1.19592
1.18827
1.07491
1.79344
1.04108
1.15905
1.14797
1.04508
1.07279
1.37699
1.21921
1.07952
2.36762
1.00376
1.9856
1.23211
1.56104
1.19808
2.50882
1.00525
5.08689
1.16751
1.04922
1.00803
1.95943
1.26149
1.83315
2.18049
1.09837
1.74199
1.05309
1.0674
1.37738
1.275
1.11195
1.03472
1.49027
1.25464
1.35995
1.78617
1.01701
1.13283
1.6722
1.00272
1.1953
1.05406
1.24966
1.14566
1.36952
1.29947
1.52231
1.02644
1.1639
2.31389
1.08501
1.25481
1.87562
1.17111
1.14488
1.08202
1.12523
1.05467
1.10565
1.13968
1.93056
1.90635
3.45499
2.47338
1.0542
1.35297
1.69881
1.39648
1.23102
1.38425
1.74419
1.50069
1.15961
1.32375
1.52802
2.88366
1.04974
1.01005
1.08668
1.13921
1.83161
1.74394
1.23512
1.12822
1.06143
1.74897
1.75405
1.0746
1.42818
1.36987
1.43832
1.31858
1.68261
1.19067
1.00112
1.09337
2.23125
1.13691
1.01852
1.47199
1.01104
1.25763
1.03144
1.22501
1.26792
1.1054
1.2153
1.03384
1.81089
1.06048
1.00185
1.91035
2.67162
1.67194
1.02389
1.52117
1.00066
1.40313
1.86279
1.78924
1.03365
1.09471
1.19431
1.6542
1.15549
1.30455
1.57468
1.33523
1.09723
1.21339
2.09
1.00363
1.28534
2.11451
1.71066
1.01623
1.02934
1.01462
1.05474
2.16334
1.97354
1.03633
5.07843
1.07018
1.06007
1.05171
2.82001
2.12548
1.54338
1.19437
1.86714
1.00494
2.74297
1.1748
1.20485
1.64764
1.32168
1.11966
1.64732
1.09609
1.15619
1.18309
2.60115
1.99828
1.49675
1.09162
1.13572
2.33328
4.75729
1.10023
1.52078
1.0384
1.01893
1.1977
1.10969
1.21234
1.17365
1.38236
1.54414
1.21458
1.02272
1.07079
1.03024
1.42589
1.07284
1.52981
1.66418
1.4983
1.02541
1.13598
1.33705
1.29398
1.10943
1.69643
1.29969
1.52108
1.58315
1.0535
1.40843
1.43226
1.35935
1.00318
1.40504
3.90115
1.27548
1.07255
1.65719
3.24064
1.2873
1.03365
1.2493
1.20675
1.04502
1.48813
1.14144
1.06004
1.04415
1.83669
1.24951
1.41363
1.19096
2.40792
1.63843
1.20283
1.09867
1.34865
1.59969
1.03098
1.42805
1.77456
1.61751
1.03534
1.1259
2.21421
1.35283
1.09644
1.22208
3.08574
1.38147
1.02436
1.09043
1.82348
1.04634
1.08458
5.0041
1.04347
2.46418
1.19476
1.14145
1.47364
1.00316
1.6967
1.1504
1.66228
1.14961
1.19975
1.17242
1.0597
1.2381
1.7023
1.06662
1.34874
1.44678
1.72639
1.34161
1.68917
1.96168
1.29425
1.18125
1.287
1.059
1.26039
2.72988
1.64835
1.46113
1.01723
1.03831
2.64893
1.34216
1.39568
1.06739
1.24484
1.00697
1.02708
1.06956
2.10615
1.46907
1.06037
1.37373
1.64501
1.50081
1.28744
1.39569
1.17113
1.13498
1.09
1.0718
1.06919
1.11489
1.55473
1.02407
1.04141
1.88443
1.27398
1.10023
1.05648
1.04812
1.09727
1.56696
1.2913
4.54844
1.5174
2.13472
1.84452
1.33098
2.11916
1.15842
1.21708
1.93448
2.16769
1.17553
3.55794
1.90168
1.13683
1.07385
1.29908
2.39325
1.31288
1.50924
1.14781
1.12631
1.17538
1.87059
1.00011
1.15528
1.42335
2.22167
1.41706
1.62185
1.42988
2.94739
1.27632
1.15894
1.7353
1.33798
1.2469
1.33969
1.8332
1.40671
1.01047
1.12161
2.20113
1.11504
1.28145
1.18799
1.48039
1.04
1.04344
1.18696
1.2091
1.11662
1.60826
1.04084
1.26219
1.9727
1.30821
1.71734
1.02681
1.09761
1.14959
1.24973
1.06523
1.14868
1.02354
1.27106
1.03394
1.02036
1.24019
1.04146
1.30718
1.33267
1.4791
1.06812
1.39579
1.16601
2.10061
2.24715
1.07208
1.21811
1.03818
1.11334
1.43699
1.52483
1.21833
1.00261
1.082
1.75034
1.11546
1.0352
1.30832
1.72848
1.54781
1.10096
1.13352
1.55654
1.19247
1.43456
1.08824
1.45896
1.12885
1.0558
1.77029
1.46066
1.36229
1.26206
1.05124
1.04095
1.65611
1.40073
1.34355
1.12024
2.23677
1.09244
1.05823
1.35252
1.00184
1.41718
1.31009
1.74049
3.28853
1.24659
1.35386
1.14755
1.1029
3.00327
1.04693
1.15724
1.04838
1.01417
1.12427
1.36477
1.00978
1.14234
1.1222
1.08639
1.71437
1.53336
1.02956
1.16065
1.61395
1.05425
2.85928
1.50393
1.00497
2.17335
4.4402
1.12779
1.0243
1.60323
1.65347
3.07903
1.42721
1.27806
1.30223
1.14382
1.00162
1.19552
1.47835
1.05335
1.33831
1.03839
1.13713
1.99442
1.8224
1.20967
1.08417
2.25594
1.16555
1.45556
1.32173
1.18962
1.46474
1.37534
1.17589
1.18883
1.16123
1.55156
1.71272
1.16172
1.15549
2.88687
1.05228
1.08256
1.06956
1.23888
1.5706
1.08479
1.47841
1.08565
1.0927
1.38162
1.66466
1.09985
1.80504
1.5375
1.23296
1.38212
1.16836
1.91697
1.08696
1.07457
1.33279
1.27849
1.80198
1.66016
1.85623
1.60191
1.14738
1.13447
1.02741
1.93381
1.01573
1.57564
1.78079
1.87724
1.18687
1.08498
1.75697
1.8225
1.54419
1.40489
2.081
1.29987
1.09748
1.25277
1.11777
1.06618
1.08494
1.95009
1.22343
1.02589
3.27486
1.00051
1.00989
1.09916
1.94356
1.61343
1.451
1.37038
1.16361
1
1.91979
1.14044
1.14379
1.1043
1.38425
1.18068
1.29723
1.10468
1.13989
1.21222
2.13406
1.23397
1.15889
1.18819
1.36654
1.51589
1.22345
1.04239
1.86331
1.02196
1.53301
1.17009
1.1375
1.28784
1.16882
1.87049
1.13676
1.30626
1.15739
2.10358
1.39144
1.17563
1.02354
1.38178
1.11756
1.06829
1.5204
1.02025
1.53857
1.38793
1.11739
1.7276
3.39756
1.19557
1.03523
1.02039
1.07883
1.21925
1.06473
1.26489
1.58817
1.33211
1.11677
1.15284
1.77846
1.01295
1.05532
1.06128
1.23587
1.23402
1.32923
1.14997
1.03906
2.04901
1.07617
1.0845
1.83986
1.58983
1.17767
1.99351
1.38664
1.16073
1.39709
1.19074
1.10698
1.32269
1.01611
2.17603
1.05999
1.07173
2.46136
1.03413
1.99121
1.26144
2.38951
1.56888
1.14002
1.49614
2.24316
1.1163
1.05371
1.64387
1.62465
1.40233
1.33028
1.13372
1.70692
1.34784
2.0027
1.32204
1.00914
1.13843
1.00957
1.53559
1.214
1.04587
1.82884
1.14067
1.39864
1.24586
1.78003
1.0143
1.2183
1.03444
1.40547
1.01932
1.23733
1.16631
1.80471
1.22308
1.54561
2.59728
2.42391
1.54715
1.55037
1.22817
1.27413
1.51714
1.02919
1.27682
1.77325
1.24575
1.42047
1.75459
1.07388
1.01887
1.26636
1.50551
1.07209
1.07956
1.11474
1.11932
1.02091
1.55673
2.49505
1.00051
1.37968
1.57592
1.3739
2.73558
1.52759
2.18097
1.08982
1.13421
1.04327
1.02064
1.01567
1.09757
1.08883
1.0277
1.00285
1.47944
1.28138
1.02903
1.66775
1.03094
1.1313
1.0808
2.90153
1.96741
1.01716
1.07568
1.38325
1.94858
1.05906
1.40454
1.98375
1.16391
1.66236
4.13647
1.24366
1.98041
1.26178
1.68714
1.32136
1.19018
1.1606
1.23372
1.12786
1.09414
1.03414
1.06011
1.11846
1.18296
1.62328
2.51988
1.10136
1.17401
1.70641
1.35634
1.56167
1.67895
2.35751
1.12644
1.18822
1.16128
1.29038
1.09442
4.11143
1.21976
1.4173
1.58459
1.99853
1.43454
1.00324
1.56113
1.65791
1.42066
1.01797
1.41193
1.18839
1.00995
1.08089
1.17935
1.8331
1.46903
1.38875
1.01557
1.08179
2.21842
2.01644
1.07731
1.9034
1.59782
1.46776
1.35653
1.82988
1.66718
1.05287
1.22552
1.15892
2.04521
1.14591
1.20401
1.30348
1.45173
1.04294
1.18012
1.77096
1.15013
3.54307
1.43917
1.1189
1.11986
3.60162
6.41712
1.28457
1.51247
1.07428
1.07329
2.32476
1.19727
2.24204
1.05632
1.01356
3.83611
1.16638
1.37227
1.04467
1.55207
2.22422
2.89786
1.11488
1.04482
1.31523
1.284
1.26958
1.41755
2.63164
1.02567
1.65654
1.00916
1.02611
1.0663
2.81702
1.64034
1.44343
1.02517
1.30809
1.01972
1.74757
1.01756
1.06724
2.31827
1.28996
2.18383
1.01748
5.10091
1.01537
1.16004
1.10076
1.80765
1.08031
1.20573
1.23849
1.07387
1.73174
2.90019
1.09261
1.02142
1.34597
1.16341
1.02585
1.07327
1.30152
1.29533
1.0532
1.64337
1.08639
1.22952
2.22302
1.24893
1.24945
1.00797
1.47925
1.43582
2.87421
1.03809
1.69661
1.57046
1.39694
1.46564
1.31708
1.02183
1.09478
1.0172
1.07455
1.03938
1.37015
1.10446
1.0672
1.02168
1.53414
2.48292
1.37016
1.00797
1.48588
4.03777
1.01485
1.7457
1.17515
1.01412
1.5381
1.13929
1.22371
1.00253
1.99726
1.51984
1.00354
1.27838
1.48983
1.15592
1.12535
1.40905
1.02482
1.07749
2.47072
1.86634
1.18805
1.77254
1.00776
2.16497
1.01658
1.12548
1.13017
2.28848
1.33383
1.65991
1.32792
1.05291
1.05029
1.04714
1.00548
1.93952
1.19056
2.36146
1.19696
1.62981
2.10974
3.46879
1.37759
1.8397
1.49375
1.09377
1.01075
2.51431
1.0619
1.20011
1.24197
2.73658
1.76622
1.62267
1.03177
1.34707
1.14887
1.22795
1.11933
1.12721
1.40876
1.21972
1.1191
1.01822
1.11878
1.40008
1.09129
1.08382
1.11943
1.05423
1.1548
1.07137
1.83477
1.64
1.46891
1.09127
1.78367
2.16861
2.55902
2.67303
1.33526
1.34845
1.32273
1.86503
3.10046
1.66801
1.03475
1.03767
1.13026
1.14549
1.25538
2.48494
1.07846
2.10984
2.01181
1.46069
3.27246
1.02881
1.09232
3.72067
1.12051
1.23764
1.20701
1.1443
1.48724
1.49752
1.02421
1.14214
1.41069
1.58405
1.01909
3.21841
1.40519
2.64175
1.20159
1.24776
1.16633
1.03617
1.06205
1.07213
1.04422
1.02679
1.62166
1.02067
1.25647
1.35208
1.55113
1.33986
1.00629
1.53955
1.07632
1.29846
1.08881
1.05001
1.16459
1.19221
2.44755
1.03666
1.354
1.19186
2.2151
1.92821
1.48146
1.63841
1.39763
1.04465
1.64987
1.01962
2.32096
1.18601
1.03704
1.36344
2.79161
1.28888
1.23542
1.62325
1.71661
1.07568
1.23829
1.21528
1.13512
1.89755
1.134
1.17769
1.12771
1.09585
1.1495
1.54171
1.87264
1.0211
2.87969
1.10869
1.01264
1.09183
2.08657
1.74446
1.08661
5.30606
1.1166
1.20595
1.04855
1.0313
1.18528
1.01114
1.09578
1.713
1.16262
1.0271
1.10189
1.44528
1.00977
1.19229
1.20327
1.10809
1.53221
1.04705
1.97766
1.01594
1.1533
1.06736
1.06208
2.06328
1.21818
1.53514
1.24578
1.16539
1.02959
1.09134
1.00033
1.05795
1.49598
1.73964
1.99947
1.07176
1.17117
3.51983
1.26813
1.44639
2.37173
1.51746
1.19854
1.11973
1.04347
2.99893
1.43165
1.08193
4.02273
1.19524
1.1602
1.36647
1.40965
1.32568
1.93436
1.68511
1.51636
1.3588
1.5509
4.88724
1.00976
1.42773
1.06558
1.17502
1.38772
1.1017
2.62566
1.17059
1.185
1.26313
1.19856
1.10246
1.20472
1.08911
1.59887
2.08354
1.28544
3.04316
1.48915
1.15884
1.32497
1.05667
1.02229
1.70478
1.10694
1.00332
1.02613
3.66338
1.33092
3.15178
1.13645
1.25779
1.02868
1.03548
1.28883
2.3667
1.00726
1.05611
3.32187
1.23974
1.11052
1.22181
1.08087
1.30562
1.10913
1.49238
1.37786
1.38167
3.00546
1.06691
2.19155
1.00558
1.48323
1.48207
1.14761
2.65831
1.68928
1.07639
1.31273
1.11384
1.67014
1.75965
1.13802
1.04294
1.21455
2.57666
1.06793
1.03584
1.38083
1.20933
1.40573
1.78969
1.41497
1.16446
1.61813
1.57384
1.2412
1.22402
1.83807
1.06439
1.23852
1.31717
1.26049
1.14172
1.50627
2.23563
1.12572
1.72588
1.32752
1.00612
1.91007
1.01379
1.10004
1.19031
1.04235
1.16295
1.6621
1.33644
7.74374
1.06205
1.13712
1.62434
1.7253
1.67665
1.71435
2.36625
1.16597
1.00583
1.13157
1.2571
1.33097
2.2942
1.55527
2.68992
1.00916
1.25237
1.22793
1.08479
1.97446
1.19497
1.40123
1.18068
1.18385
1.40625
1.00625
1.56977
4.97577
1.32804
2.67515
1.50401
1.0785
1.06128
1.19277
2.17026
1.07271
1.10012
1.00933
3.39387
1.04561
1.02631
1.1548
1.04693
1.00885
1.29692
1.15955
1.2357
1.27424
2.87747
1.05938
1.15468
2.14159
1.39929
1.2038
2.58541
1.29527
1.25921
1.50876
1.30541
1.08083
1.68364
1.11084
1.42933
1.09961
1.00287
1.68891
1.27585
1.00846
1.21585
1.14146
1.11662
1.91753
1.1621
1.22253
1.7592
1.00317
1.01458
1.90532
1.02081
6.94294
1.00301
1.06741
7.56995
1.00741
1.37358
1.16418
1.24843
1.1497
1.22211
1.27023
1.01241
1.13561
1.44417
1.15303
2.24826
1.29579
1.39005
3.55985
1.02119
1.2389
1.20462
1.24243
1.39968
1.03102
1.15987
1.23433
1.16365
1.49564
1.19747
1.2305
1.73067
1.38202
1.09686
2.41756
1.58268
1.07195
2.63821
1.16411
1.15928
1.04939
1.14446
1.28117
2.2693
1.01919
5.99095
1.6732
1.01477
1.37772
1.09133
1.53854
1.00248
2.58668
4.36691
1.18735
1.0568
1.25101
2.60359
1.61566
1.49033
1.38053
1.05114
1.51272
1.11218
4.74613
2.4395
1.07042
1.14535
1.14336
1.50388
1.16049
3.19963
1.33653
1.00632
1.2707
14.8194
1.96649
2.14005
1.52438
2.11492
1.44141
1.13808
1.75328
1.01542
2.45422
1.34861
1.06419
1.04019
1.13921
1.11702
2.73255
1.12838
2.25988
1.03137
1.31381
1.38268
1.56246
2.00703
1.09852
1.21985
1.7377
1.39288
1.01546
1.14782
1.02203
1.49492
1.26163
1.28325
1.8529
1.7827
1.08096
2.64037
1.20881
1.0503
1.21623
1.02554
1.21231
1.08434
1.03967
1.43636
1.05971
1.95872
1.66091
1.107
1.07155
1.13806
1.45034
1.04672
1.16249
1.64397
1.08842
1.57392
1.46803
1.13389
2.92189
1.69149
1.01198
1.1219
2.15636
1.00553
1.23545
1.27076
1.019
1.29063
1.20164
1.9129
1.20693
1.36151
1.6721
1.50261
1.68028
1.06609
1.35791
1.88747
1.37663
1.12898
1.01066
1.30143
1.0872
1.35106
3.80125
1.08139
1.1403
2.03802
2.18327
1.51494
1.14154
1.41737
1.09804
1.10224
1.99922
1.46068
1.01574
1.60209
1.85279
1.42447
2.31162
1.07684
1.18461
1.06378
2.44658
1.40329
1.0815
1.01909
1.97475
1.26535
2.84676
1.10437
1.01478
1.04292
1.82786
1.09723
1.43691
1.10608
1.35294
1.24488
1.18045
1.19688
1.03069
2.1877
1.00644
1.36819
2.14799
1.15891
1.24678
2.26942
1.30834
1.16246
1.65188
4.17122
1.32295
1.07655
1.40124
1.36488
1.49995
1.00831
1.97884
1.09459
1.28518
1.04485
1.87017
1.11658
1.00287
1.02088
1.15651
1.38794
1.1148
1.2879
2.18235
1.07936
1.07181
1.08716
1.03875
1.65941
1.20328
1.64948
1.36617
2.03898
1.01092
3.01481
2.02264
1.24045
1.17817
1.74811
1.74165
1.4207
1.39524
1.18045
1.88263
1.70933
1.405
1.54997
1.19308
1.23532
1.81561
1.32963
1.45965
1.14735
1.03892
1.06744
5.55902
1.00533
1.24479
1.1276
1.707
1.09875
1.29069
1.15475
2.67156
1.82331
1.30998
2.44898
1.12877
2.09854
1.61826
1.54399
1.24435
1.89387
1.09079
1.14562
2.25625
1.70569
1.13684
1.22049
1.01093
1.68952
1.18535
1.03795
1.36729
1.16223
2.17086
1.3822
2.43433
2.18656
1.03162
1.53146
1.00785
1.62904
1.22145
1.19512
1.83937
1.25602
1.06332
1.68049
1.03968
1.16195
1.00113
1.12482
1.23693
3.04077
1.20882
2.31099
1.08365
1.60781
1.17031
1.11192
1.20584
1.55413
1.00861
1.16724
1.84575
1.03679
1.6758
1.80609
1.03652
1.97298
1.73373
1.12247
1.63584
1.01473
1.00165
1.07383
1.09316
1.19
1.60535
1.09671
1.20872
1.02596
3.4504
1.0942
1.20257
1.10868
4.61556
1.3465
3.70167
1.82342
1.07238
1.29007
1.33908
1.27689
1.20297
1.14139
1.09922
1.09379
2.22287
1.85812
1.30112
1.38968
1.83862
1.50164
1.04033
1.26966
1.27184
1.34527
1.07222
1.0026
1.12916
1.59464
1.74608
1.3008
1.98128
1.01229
1.07766
1.02295
1.74563
1.45301
2.29182
1.35773
1.46491
1.52432
1.19703
1.83713
1.00048
1.23109
1.1746
3.80076
1.01254
1.18479
1.18815
2.91577
2.11964
1.18189
1.00996
1.2182
1.13395
1.03421
1.9957
1.2593
1.04324
1.25962
1.14742
1.24495
1.51713
1.48713
2.2146
1.26848
1.26004
1.13681
1.21605
1.1619
1.48274
1.01102
1.17321
1.97379
1.07081
1.59934
2.15207
3.50603
1.05002
1.16174
1.71592
1.85323
1.27032
1.1275
1.787
1.19332
4.57116
1.29682
1.05027
1.12094
2.54775
1.24554
1.3163
1.06255
1.31289
1.07817
1.12866
1.36456
1.11661
1.04131
1.46408
1.07687
1.01659
1.00779
2.37005
2.29479
1.41276
2.62927
1.96862
1.4134
1.35587
1.05837
3.20286
1.04842
1.45472
1.05543
1.20613
1.05075
1.70402
1.18103
2.54576
1.02845
1.54532
1.02682
1.7132
2.18174
1.15417
1.38984
1.03459
1.17179
2.04037
1.46932
1.62191
4.09478
1.09306
1.1615
1.51668
1.29705
1.39334
1.16489
1.40085
1.5534
1.43621
1.65687
1.17507
1.3439
1.18375
1.42132
1.22575
1.84588
1.15941
1.0003
1.22763
1.36959
1.1717
1.01257
2.07432
1.15809
1.04758
1.02342
1.32197
1.05692
3.39123
1.49969
1.00522
1.88075
1.01756
1.62248
1.44708
1.12993
1.00363
1.09428
1.09376
1.10579
1.09138
1.256
1.07087
2.07638
1.0346
1.68804
1.31981
1.0049
1.38015
1.24217
1.0039
1.17592
1.11574
1.00614
1.37992
1.14607
1.57791
1.29605
1.37086
1.08954
1.1248
1.57744
1.35307
1.44773
1.10357
1.30433
1.0128
1.17728
1.09067
1.0009
1.09935
1.23524
1.25694
1.0335
1.22506
1.46456
1.64807
1.12255
2.02347
1.08137
2.38173
1.10007
1.04556
1.39437
1.12578
1.05363
1.23044
1.11465
1.93014
1.01805
1.02275
3.20957
3.22094
3.78218
1.56549
1.22857
1.35854
1.072
2.3942
1.01117
1.72668
7.19006
1.19658
1.46951
1.79391
1.47353
1.03045
1.19669
1.22036
1.60158
1.07426
1.09596
1.21264
1.68707
1.10886
1.59317
1.32697
2.13512
1.01852
1.51948
1.35911
1.06666
1.10936
2.1079
1.01853
1.84249
1.41246
1.90495
1.00593
1.27765
1.41898
1.08979
1.2005
1.11461
1.16603
1.14413
1.02953
1.86033
1.37164
6.03102
1.07784
1.00697
5.02268
2.34773
1.45338
1.45407
5.01983
1.02758
1.01696
1.37351
1.05032
1.00151
1.00086
3.89851
1.45345
1.05205
1.19367
1.63877
1.65998
1.25004
1.38393
2.51168
1.66619
1.27647
1.07114
1.32861
1.15944
1.76624
1.02399
1.20869
1.25073
1.11757
1.26019
1.209
1.12343
1.01523
1.0683
1.12668
1.22044
1.18038
1.94616
1.31036
1.48844
1.02641
1.44028
1.02125
1.09384
1.04883
1.10525
1.04327
5.20457
1.21423
1.50585
1.09133
1.39015
1.08318
1.08247
1.55638
1.02105
1.46647
2.11545
1.15936
2.13038
1.3106
1.0426
1.01987
1.43625
1.24809
1.10303
1.06562
1.03357
2.25738
1.08174
13.3832
1.8476
1.42212
1.27762
1.66499
1.30631
1.15311
1.50051
1.00456
1.11886
1.65353
1.19226
1.08958
2.47007
1.99803
1.28066
1.05615
1.11455
1.07215
1.95025
1.13367
1.19492
1.07647
1.04832
1.11276
1.02003
1.02826
1.39779
1.31266
1.06263
1.04811
1.11064
1.57409
1.44458
1.23854
1.09642
1.26291
1.25744
1.17085
1.4869
1.23994
3.5771
1.04755
1.23514
1.4548
1.28595
1.28791
2.37001
1.55294
1.09124
1.70181
1.43473
1.11824
1.23638
1.23653
1.22903
1.06657
1.22011
1.01876
1.86965
1.34396
2.0181
2.46803
1.10132
1.00481
1.2505
1.12943
1.28641
1.55168
2.09423
1.20812
1.27749
1.19248
1.15911
1.77187
3.16238
1.37143
1.01293
1.32825
3.85192
1.10758
1.01305
1.08606
1.66591
2.70806
1.00269
1.0671
1.63248
1.36826
1.50267
1.16988
1.5253
1.4269
1.22184
1.00522
1.58391
1.14138
1.72195
1.61879
2.27707
1.27695
1.34619
1.04559
1.02691
1.43461
1.39197
1.52196
1.2416
1.10453
1.93066
1.49295
2.07553
3.81508
2.76029
1.40169
1.12069
1.05136
1.09016
3.58772
1.36085
3.2216
1.01292
1.98374
1.09323
1.83727
1.03453
1.51932
1.22507
1.34837
1.04348
1.40199
2.21363
1.71326
2.24037
1.00679
1.74487
1.01638
1.78705
1.04163
2.47988
1.29393
1.08334
1.55675
1.70973
2.55159
1.81459
10.3307
2.15901
1.67364
1.28026
1.08605
1.32759
1.07715
1.71338
2.49296
1.55155
1.26563
1.09829
1.04695
1.74318
1.36713
1.45498
1.60045
1.07153
1.2256
1.29404
1.12891
1.30176
1.06151
1.07625
1.03365
1.05226
1.10498
1.01915
1.19577
1.28849
1.54551
2.04374
1.22049
1.13441
1.1489
1.94774
1.00229
1.50027
1.29995
1.7245
1.12884
1.31576
1.16033
1.05976
1.12206
1.28592
1.33469
1.03616
1.10247
1.55532
1.70936
1.05921
1.9312
2.79539
2.35227
1.0532
1.18939
1.07229
1.07291
1.32944
1.58004
1.53721
2.12573
1.15631
1.50269
1.05863
1.16943
1.02382
1.66743
1.79462
1.55509
1.28341
1.50861
3.08801
1.00839
1.33026
2.0219
1.34968
1.1708
1.23262
1.84546
1.03023
1.73162
1.24981
1.09105
1.01074
2.20376
1.20314
1.55479
1.04525
2.09359
5.99589
1.03669
1.05865
1.72551
1.09071
1.52054
1.10817
1.42774
1.2427
1.13898
1.06296
2.51709
1.64392
1.03819
1.00354
2.71258
1.75021
1.24877
1.50726
3.69012
1.06266
6.22008
1.16775
1.04939
1.14423
2.21029
1.51846
1.75589
1.03191
1.17947
1.39062
2.76788
1.04769
1.16188
1.07164
1.2661
1.2678
1.00311
1.60119
1.20396
1.51239
1.04977
1.02581
1.31578
4.94663
1.00866
2.13017
1.09993
1.36153
2.13961
1.65585
1.15447
1.62033
1.17016
1.04255
1.26978
1.27498
1.71556
1.08094
1.73086
1.5931
1.91277
2.70635
1.32105
1.10291
1.34019
1.71624
1.4362
1.23352
1.1468
2.13975
1.28007
1.33444
1.01509
1.16336
1.8128
1.78839
2.3307
1.09065
1.04832
1.58317
1.12938
2.69058
1.06418
1.10858
1.00358
1.2251
1.47671
1.85212
1.21756
1.41775
1.23789
1.32036
1.4234
1.15928
1.13913
1.64262
2.45101
1.23507
3.93817
2.60418
3.81708
1.11062
1.02235
1.35441
1.04646
1.04863
1.1213
1.16479
1.03652
1.07227
1.43681
1.71355
1.53611
2.47775
1.39986
2.81579
1.99937
1.05501
1.27874
2.27336
1.10672
1.43757
1.24648
1.03849
1.58871
1.71479
1.44936
1.41937
1.08787
1.37644
1.19394
1.22256
1.01835
1.02994
1.19929
1.30853
1.26391
2.10291
1.1152
1.27945
1.65013
1.39216
1.21746
1.09277
1.59945
2.83183
1.0569
1.22094
1.71809
2.53463
1.10923
1.32076
1.61153
1.26928
1.71829
10.3695
1.18379
1.3697
3.28935
1.62646
1.23593
1.76242
1.45134
1.91617
1.13984
1.39465
1.17167
1.83522
1.00811
1.07382
1.00396
2.18579
1.85023
2.17205
1.39433
1.03742
1.10105
1.29147
1.03772
1.37355
3.58156
2.79101
1.2891
1.20092
1.16127
1.85965
1.10693
3.14279
1.1337
3.39271
1.43622
4.88958
1.06131
1.03028
1.02467
1.20301
1.15949
1.71529
1.09775
1.16069
2.31593
1.07063
1.98011
2.08433
1.24158
1.4473
1.00755
1.03096
1.01461
1.32955
1.02297
1.58299
1.3271
1.09014
1.20354
1.29644
1.00396
2.08201
1.27027
1.16775
1.25856
1.05168
1.02035
1.23411
1.74443
1.22823
1.04097
2.56716
1.44952
1.10576
1.27981
1.19218
1.28655
1.03368
1.93574
1.13155
2.99652
1.56215
1.23699
1.15581
1.96053
1.18335
1.04784
1.18815
1.24904
1.39792
1.046
1.27252
1.72032
1.28016
1.16805
1.01928
1.03693
1.19444
1.30304
1.20372
1.13811
1.18605
1.46659
1.24525
1.19211
1.20921
1.23911
2.32173
1.37076
4.28793
1.52499
1.05066
1.01499
2.08887
3.09791
1.25668
1.05813
1.21293
1.00571
1.44391
1.08937
1.10631
1.15956
2.03923
1.02657
1.32406
4.21601
1.58455
1.01879
1.06068
1.01254
1.01887
1.45038
1.14038
1.46559
1.27565
1.03632
1.80222
1.2242
1.31184
1.06481
1.48906
1.19928
1.2409
1.26627
1.41799
1.18477
1.66371
1.01501
1.46688
1.05514
1.6189
1.41306
1.02503
1.84852
1.43892
1.41799
1.41038
1.27228
1.34861
1.53039
2.42618
1.05119
1.20729
1.88348
1.11332
1.26296
3.22005
1.75143
1.70823
2.06848
1.33049
1.43423
1.18043
5.63609
1.65009
1.5557
1.03827
1.20362
1.1386
1.28502
1.33936
3.29756
1.46139
1.26413
1.01801
1.46873
1.2965
1.56433
1.72062
1.04894
2.0509
1.08847
1.59362
1.11253
1.10396
1.19412
1.95617
1.00967
1.54863
1.03696
1.54947
1.17987
1.06383
1.08785
1.29807
1.002
1.04233
1.83131
1.02769
1.75429
1.06971
1.35026
1.1916
1.54611
1.1943
1.05327
1.07458
1.13059
1.33511
1.1344
1.19355
1.16553
1.17866
1.83457
1.19047
1.04204
1.71401
2.07852
1.40365
1.2303
2.01125
1.90569
1.26109
1.21144
1.31882
1.47208
1.08495
1.04003
1.5036
1.53728
1.59708
1.41944
1.07065
1.02095
1.56213
1.10157
1.1058
2.42914
1.52664
3.86906
1.0874
1.11364
1.0406
1.48274
1.31037
1.7359
1.24278
1.10772
1.12143
1.3033
1.48327
1.3564
1.09607
1.35411
1.30744
1.55412
1.02578
1.43
1.42691
1.55195
1.09802
3.55777
1.03192
2.19996
1.01054
1.14494
1.72347
1.67607
1.08093
2.62047
1.58556
2.07787
3.79012
1.00285
1.00963
1.29544
1.20731
1.06797
1.73197
1.01384
1.70149
1.38641
2.7691
1.11062
1.86684
1.1743
1.10966
4.13413
1.10903
1.73032
1.02894
1.16174
1.45562
1.63031
1.27802
1.41638
1.59472
1.20635
1.07266
1.12934
1.0712
1.25843
1.02914
1.12369
1.05151
1.17635
1.36899
1.00139
1.1241
1.15189
1.83663
1.31276
1.58409
1.34592
1.2304
1.00034
1.73667
1.19459
1.04718
1.20207
1.13222
1.45596
2.94604
1.69103
1.21463
2.16465
1.50973
1.01822
1.29398
1.87981
1.04664
1.26346
1.38502
1.06127
1.03832
1.87283
1.32206
2.26676
1.30811
1.31651
1.95101
1.64796
1.28998
1.11856
1.65644
1.28083
1.56598
1.00198
1.48657
17.1278
1.05986
2.22724
1.20763
1.02122
1.55302
1.25895
1.40008
1.13829
2.2178
1.69312
1.0309
2.4546
1.10873
1.28435
1.01989
1.71648
1.00765
1.40601
1.24165
1.22371
1.63568
1.26463
1.09284
1.0291
1.38843
1.27138
1.02764
1.33377
1.04004
1.1266
3.16864
1.05747
1.08906
1.87759
1.01888
1.63684
1.09256
1.18518
2.17615
1.22576
1.44769
1.50992
1.65543
1.27122
1.30319
1.44257
1.19353
1.08943
1.82312
1.19262
1.03662
1.17198
1.39305
1.02024
1.1543
4.8212
1.00697
3.1222
1.38999
1.16641
1.43316
6.69405
1.12267
1.19571
1.16255
1.061
1.5228
1.11048
1.66074
2.30299
1.15909
6.54074
1.2737
1.13174
1.22611
1.17979
1.00494
1.05023
1.29115
3.59109
1.07659
1.37236
2.96654
1.22329
1.12947
1.04233
1.16173
1.02061
1.01836
1.33233
6.44575
2.05589
1.83037
1.7798
1.72527
1.79395
1.10138
1.011
1.50096
1.05849
1.10304
1.14162
1.71744
1.24383
1.09348
1.37645
1.37361
1.33084
1.80495
1.3104
1.64953
1.40137
1.12304
1.36345
1.04985
2.52575
1.18615
1.08396
1.07119
1.07975
1.73732
1.10402
1.62929
1.94769
1.53219
1.30135
1.18298
1.97738
2.18668
1.00203
1.20151
1.06754
1.22606
1.05692
2.17274
1.18537
1.17967
1.38195
1.12476
1.16214
1.00111
1.75312
1.80666
1.52967
1.0868
1.11374
3.79694
1.09364
2.11884
1.06876
1.32005
1.09192
1.09275
1.11168
1.0749
1.33291
2.11695
1.21875
1.54785
1.07868
1.18367
1.31253
2.61111
1.0751
1.00582
1.61093
1.20587
2.86893
1.0847
1.08506
1.08218
2.81262
1.14277
2.83072
1.19543
1.41036
1.3473
1.13383
1.05386
1.06
1.36526
1.09746
2.16136
1.03598
1.13147
1.50876
1.21354
2.33112
1.57028
1.41561
1.42447
1.43978
1.25748
1.3241
1.64513
1.22226
1.08458
1.57501
1.05084
1.39414
1.24893
1.42519
1.13696
1.44791
1.48996
1.03197
1.29384
1.00592
1.07793
3.15308
1.78298
1.33403
1.43781
2.03986
1.26189
1.04211
2.4015
1.20414
1.08849
1.00627
1.01078
1.35082
1.15377
1.73334
3.05125
7.98985
1.06521
1.00182
1.25731
1.28675
1.80861
3.08727
1.84623
1.00915
1.02823
1.04159
1.13665
1.20606
4.785
1.19621
1.53522
1.40491
1.05648
1.32382
1.39448
1.23172
1.13623
1.09549
1.0924
2.63047
2.03529
1.79208
1.03065
4.5454
1.27993
1.04919
1.00098
2.1101
1.05707
1.11565
1.05475
2.33558
1.49478
1.32369
1.18993
1.0356
2.79289
1.67753
2.20436
1.02898
1.10189
1.51
1.86338
1.25669
2.1246
1.12603
1.15558
1.01783
1.49714
1.00696
1.7296
2.80816
1.31495
1.06655
2.28525
1.01212
1.3562
1.92156
1.52259
1.55183
1.11843
1.0952
1.26348
1.67802
1.04176
1.16019
1.08933
1.53193
1.45417
1.36877
1.50535
1.56845
1.11653
1.37077
1.28096
12.4238
1.09299
1.69871
2.03077
1.05767
1.15471
1.49979
1.10578
1.39256
1.64668
1.10525
1.39585
1.05373
1.5967
1.07783
1.13091
2.93532
1.22584
1.09676
1.14602
1.08412
1.77537
6.53221
1.56836
1.74137
1.13618
1.18514
1.0643
1.58384
1.50178
1.06872
1.70582
1.08785
1.17293
1.54223
1.13694
1.34081
1.22928
1.06257
1.24853
1.12559
1.19284
1.1848
1.92521
1.15965
1.22711
4.49877
2.94035
1.25756
1.36181
1.04879
2.47729
1.04203
1.07217
1.68881
1.56327
1.39622
1.0268
1.36914
1.21361
2.04333
3.01598
1.53418
1.12417
1.90335
1.01506
1.14423
1.10502
1.70968
1.16656
1.0146
1.59915
1.14682
1.07606
1.05149
1.0059
1.74535
1.97338
1.22254
1.27292
1.45176
1.03909
1.26453
1.3278
1.10314
7.97003
1.60441
1.07354
1.55628
1.06594
1.88795
1.18883
1.04728
1.00107
1.02217
2.11823
1.26978
1.22851
1.4027
2.42606
1.76151
1.50139
1.40431
1.30991
1.89171
1.9033
1.17399
2.06365
1.74643
1.0013
1.44464
1.10542
2.14779
1.14535
1.01966
1.37081
1.45521
1.04936
1.21438
1.0664
1.24401
1.29623
1.03257
1.36811
1.54121
1.10277
1.35482
1.23935
1.79488
1.11297
1.00275
1.48061
1.2813
1.69443
1.13356
1.04864
2.17
1.34871
1.31601
1.37195
2.08046
1.96281
1.02593
1.14412
1.89975
1.01905
1.60621
1.04005
1.09837
2.19192
1.12984
4.60075
2.56088
2.42405
1.18973
1.16217
1.33536
2.22488
1.0596
1.05904
1.64501
1.25256
3.31745
1.21881
3.70057
1.24002
1.39649
2.18922
1.01945
1.10973
1.04337
1.08187
1.41538
2.22138
1.34404
1.47117
1.24425
1.0386
1.12799
1.29024
3.37019
1.04048
1.15873
1.15101
1.97156
4.91212
1.13038
1.24274
1.23738
1.10539
1.07096
1.20562
4.22174
2.93053
1.16897
2.50739
1.11344
1.01855
1.63346
1.68688
7.53472
1.01719
1.20611
1.02825
1.1248
2.4941
1.27266
1.11395
1.71448
1.10549
1.56646
1.13004
1.71913
1.16854
1.30778
1.30011
1.54727
1.21422
1.19166
2.86822
1.14633
1.32723
1.0302
1.67729
1.09892
1.88387
1.41436
1.32977
1.02709
1.78732
1.20203
1.25889
1.81604
2.32458
1.05926
1.08849
1.45139
1.59316
1.24014
1.75148
1.84401
1.38247
1.15519
1.31464
1.12914
1.35938
1.12916
1.6282
2.24093
2.6318
2.25819
1.07998
1.12346
1.71844
1.06194
1.19887
1.3077
2.00836
1.12388
1.5938
1.09713
1.00879
1.38682
1.27642
1.29521
1.0319
1.56856
1.45346
1.10051
1.26997
1.04169
1.51284
1.64926
1.3121
1.24668
1.28098
1.4854
1.0033
2.49261
1.07268
1.0291
1.04434
1.99614
3.41184
1.21986
1.00681
3.14952
1.03242
1.62415
1.1582
1.79839
4.65901
1.74203
1.00189
1.3555
1.86893
1.11416
2.00005
1.38415
1.01136
1.00188
1.4525
1.28714
1.28164
1.30329
1.09006
4.69544
1.59332
1.72455
1.02291
1.03923
1.19518
1.80919
1.02718
1.42467
1.49179
1.0787
2.1778
1.04973
6.39541
5.01923
2.24191
1.0372
1.03485
1.2275
1.19754
2.44586
1.29897
1.11424
3.87556
1.89997
2.16167
1.04955
1.52368
1.20136
1.07472
1.33674
3.83817
1.35738
1.2105
1.21218
1.63388
1.16712
1.23751
1.03672
1.44565
1.07536
1.29007
1.13514
1.04766
1.13336
1.29885
1.0709
1.78962
2.31816
1.06366
2.27071
1.20365
1.01333
1.00206
1.17967
1.86509
1.87117
1.26534
1.28866
1.03434
1.60406
1.07347
1.03923
1.10655
4.20764
1.41065
1.08604
1.50291
1.04979
2.15482
1.33785
1.21949
1.92051
1.413
1.16239
1.08343
1.20329
1.29958
1.29678
1.08714
1.09192
1.02424
1.83496
1.2019
1.60096
1.01284
2.53575
1.1345
1.06745
1.17595
1.41233
1.14098
1.10116
1.01079
1.62405
1.22904
1.15773
1.32162
2.34057
1.25189
1.32567
2.04597
1.13992
1.21591
1.74123
1.04293
1.13462
1.01987
1.35086
2.10314
1.4558
1.04374
1.50912
1.59437
2.02461
1.94816
1.59635
1.26704
1.08479
1.12019
1.17882
1.39662
1.36966
1.38566
1.07757
1.32573
1.28207
1.78148
2.1604
1.01722
1.09896
1.38654
1.79883
1.19136
2.18828
1.14724
1.06721
1.16394
1.05316
1.05225
1.78906
1.90678
1.20619
1.03903
1.0106
1.15123
1.1296
1.7022
1.42542
1.05992
1.09976
1.12315
1.44875
1.15239
1.35984
1.8868
2.20003
1.26054
1.54071
1.11691
1.21645
1.56512
1.13685
1.60233
1.32647
1.55906
1.17375
1.55937
1.11694
1.29156
1.07341
1.24289
1.02391
2.20898
1.12884
1.19579
1.42567
1.00694
1.21636
1.19528
1.1618
1.40638
1.10639
1.17208
1.24905
1.09435
1.13379
1.29756
1.41335
1.11762
1.24723
1.21517
4.18764
1.16353
1.16721
1.47741
1.12983
2.24085
2.03285
1.12046
1.02549
1.64901
1.13369
1.19689
1.78328
1.23675
2.19723
1.25498
1.08868
1.28062
1.04839
1.7916
1.27688
1.41388
1.01141
1.56284
1.25695
1.43821
1.10076
1.01762
2.59731
1.67397
1.03636
1.40612
1.12251
1.00712
1.00796
2.23812
1.54192
1.15335
1.04769
1.00066
1.1979
1.00104
1.26074
1.69216
1.17191
1.64735
1.13723
1.30276
1.10037
1.12108
1.57767
2.72652
1.05983
1.02583
1.83186
1.29184
1.04929
1.01886
1.02279
1.32966
1.01637
1.18858
1.20265
1.36958
1.49241
1.126
3.28044
3.41659
1.24331
1.12776
2.49946
3.19164
1.02452
1.22665
2.83381
2.11152
2.02378
1.04757
1.98007
1.05091
1.11752
1.54368
1.18654
1.97836
1.10962
1.29447
1.12497
3.55537
1.06787
1.13117
2.82316
7.27942
1.19079
1.19402
1.14461
1.21423
1.047
1.86639
1.08993
1.06989
2.88808
1.21273
2.64891
1.10083
1.09394
1.81333
1.16069
1.1516
1.2811
1.03174
1.03151
1.07067
1.51881
1.33642
1.15073
1.4559
1.03536
3.2765
1.52778
1.04734
2.53073
2.44685
1.01238
1.58304
1.38666
1.04838
1.39683
1.07875
1.04834
1.71162
1.82527
1.29365
1.04444
1.25092
2.7227
1.98963
1.32315
1.09408
2.01684
1.10885
1.58625
1.30435
4.07612
1.04905
1.09261
1.06538
2.4482
1.00423
1.44343
1.16355
1.0317
1.15898
1.14201
1.53591
1.16202
1.34376
1.03656
1.20691
2.38219
1.04251
1.97488
1.77706
1.10598
1.0721
1.02866
1.3065
1.00886
1.63887
1.03355
1.86132
1.13864
1.17932
1.40429
1.40532
3.4862
1.17429
1.29368
1.3027
1.40543
1.42135
1.43697
1.38647
1.03176
1.31307
1.04517
1.15279
1.31002
1.11349
1.16598
3.09744
1.0536
1.33474
1.97606
1.04085
1.00833
1.03544
1.80307
1.21515
1.64222
2.26257
1.15658
1.12723
1.94927
1.46444
1.04552
1.2619
1.81277
2.18136
1.04441
1.32239
1.03254
1.26184
1.05151
1.25331
1.55511
1.54935
1.54522
1.6324
1.44552
1.19325
1.54874
1.08054
1.2192
1.05445
1.04948
1.01975
1.02646
1.07346
1.96943
1.3498
1.51464
2.54573
1.08965
1.38284
1.08647
1.01841
1.31139
1.10205
1.36389
1.06535
4.04414
1.04248
1.27696
1.11516
1.22549
1.14905
1.16959
1.52606
1.00833
1.0531
1.16543
1.01818
1.02923
1.17844
1.32901
1.21362
1.01717
1.60393
1.66172
1.12515
1.01057
1.2884
1.24826
1.09756
1.88989
1.16392
1.61742
1.08423
2.47923
1.06501
1.83313
1.0479
1.44112
1.03089
1.07879
1.00008
1.17584
4.2388
1.1269
1.05767
1.23185
2.71032
1.44876
2.31807
4.49443
2.56822
1.05042
8.00775
1.25651
1.20501
1.04029
2.45349
1.0347
1.39333
1.03733
1.05886
1.47551
2.0571
3.33343
1.06938
1.00266
1.08007
1.05101
1.35318
1.26824
1.17745
1.73229
1.12115
1.4353
1.71829
1.7644
2.07706
1.28011
1.28334
1.27676
1.34033
1.66389
2.24454
1.59059
1.24943
1.32525
1.33049
1.62056
1.00214
1.01171
1.00635
1.30679
1.17478
1.0765
1.10882
1.00233
1.05119
1.61083
1.9446
1.21988
1.61192
1.14005
1.04876
1.38905
1.31832
1.48703
1.116
1.00994
1.18938
1.12322
1.39569
1.03533
1.30184
1.00181
3.07177
1.00638
1.25839
1.18549
1.28714
1.02632
1.10433
1.51046
1.02183
1.03053
1.43542
1.45901
2.52862
1.50358
1.18424
1.19517
1.59825
1.06336
1.05557
1.03529
1.08871
3.59749
1.51815
1.21121
1.23154
1.1396
1.17072
1.01555
2.56249
1.116
1.70938
1.10248
1.18863
2.22562
1.14011
1.53459
2.19429
2.37964
1.01101
1.07933
1.44711
1.24243
1.59217
1.26581
1.41867
1.15913
1.06036
1.39368
1.32186
1.30348
1.77034
1.25707
1.00151
1.15891
1.49475
1.42975
1.11869
1.7839
1.0238
1.07815
1.05577
2.15623
1.00304
1.04539
1.15634
1.03317
1.05783
1.37724
1.24323
1.81319
1.21248
1.07712
1.06643
1.48617
1.36992
1.16084
1.03258
1.40323
1.4066
1.45055
1.33845
1.09401
1.10743
1.27749
1.03412
2.26477
1.49696
1.84869
1.42789
3.74042
1.16304
1.56705
1.35441
1.04411
1.0399
1.30148
1.05078
1.62879
1.44814
2.64365
1.5826
1.5325
1.34025
1.18541
1.24215
1.11407
2.55545
1.08084
1.06188
1.25011
1.25677
3.38667
1.18007
1.08883
1.74841
1.55662
2.81504
3.03216
1.13897
1.31782
1.05695
1.02961
1.52539
1.09977
1.85118
2.17954
1.47661
1.51058
1.00721
1.3747
1.07202
1.03524
1.20712
1.06738
1.37581
1.16484
1.35807
1.2895
1.0367
1.30036
1.05202
1.25324
1.05523
1.00122
3.11486
1.14757
1.87721
1.90368
1.47344
1.05713
1.24012
1.4427
1.14061
1.48664
1.07272
1.07613
4.96709
1.44105
1.31215
1.36111
1.93561
1.32039
1.39707
1.15822
1.1684
1.2772
1.39962
1.04121
2.6039
1.39453
1.08328
1.00068
1.10654
1.85399
1.06755
2.41767
1.20856
1.55562
1.18308
5.34759
3.1208
1.18294
1.23225
1.49915
2.225
1.02689
1.35674
1.4082
1.3216
1.26491
1.02431
1.24798
1.31987
1.09081
1.56631
1.09052
1.42443
2.12248
1.10267
1.32561
1.43865
1.08206
1.08628
1.13821
1.48962
1.04147
1.33403
1.08177
1.72475
1.01728
1.26012
1.43934
1.1533
1.2746
1.00031
1.08983
1.19633
1.55635
1.13611
1.09303
1.31172
1.04321
2.17051
1.12179
1.03989
1.06831
1.09779
1.14095
1.19822
1.03783
1.39314
1.1908
1.17825
1.31769
1.01324
1.0716
1.72584
1.04901
1.14102
1.22369
2.61497
1.10664
1.04078
1.16428
1.12002
1.2607
2.50849
1.10575
2.53363
2.79959
1.06149
2.84774
1.35999
1.70674
1.36797
1.07438
2.37517
5.36987
1.3279
1.0521
1.26846
1.05424
2.13653
1.29666
1.57838
1.4073
1.68313
1.184
1.90642
3.57237
1.2885
1.11817
1.10256
1.04995
1.41501
2.60398
1.14652
1.79751
4.3232
2.53112
1.60632
1.05731
1.12491
1.26888
1.07215
1.90497
1.05019
1.82805
1.03472
1.10389
1.19005
1.00832
1.27879
1.1675
1.00989
1.03919
1.05955
2.55462
2.45566
2.79844
3.27649
1.03569
2.15593
1.07644
1.06815
1.18655
1.18965
1.45039
1.17948
1.19017
1.37298
2.09955
1.61599
1.05705
1.19971
2.92701
1.23808
1.25414
1.11235
1.01993
1.28506
1.14672
1.19944
1.50475
1.01125
1.19225
1.02883
1.43495
2.79055
2.94872
2.44709
1.03453
1.96349
1.23654
1.19634
2.06087
1.24725
1.35382
1.06288
1.26343
1.18601
1.64466
1.37218
1.18874
1.41252
1.71538
1.04143
1.36244
1.59771
1.10191
1.14814
1.33699
1.13281
1.75567
1.02304
1.06945
1.52798
1.03615
1.32863
1.08728
1.78343
2.05663
1.03801
2.60521
2.11761
1.16726
1.26494
1.44829
4.22051
1.14583
1.12519
1.15401
1.26218
1.0628
1.08806
1.66622
1.12753
1.335
1.8176
1.39049
1.37613
1.51066
1.17172
1.09785
1.22059
2.00827
1.47295
1.09099
1.42673
1.28106
1.02036
1.33356
1.00291
1.31278
1.1106
4.71058
1.17134
2.24908
1.29316
1.50171
1.69302
3.11446
1.00003
1.36335
1.13523
1.91702
1.24977
1.13066
2.45271
1.03575
1.01595
1.45988
1.04181
2.49176
1.31018
1.27479
1.27051
3.33937
1.03876
1.01911
1.14853
1.14316
1.4862
1.25614
1.17195
1.09887
1.69459
1.02572
1.13998
3.5744
2.01368
1.078
1.13895
1.2612
1.24172
1.06528
1.09273
1.08739
1.07705
1.01894
1.23385
1.06397
1.41355
1.61831
2.01665
3.62547
2.07039
1.12152
2.00312
1.18274
1.2915
1.36054
1.48444
1.53315
2.15484
1.04875
1.1137
1.22676
1.41096
3.50151
2.49713
1.36108
1.05494
1.12703
1.38494
1.08276
1.71062
2.58617
1.74593
1.21412
1.12215
1.89238
1.96349
1.01245
1.67007
3.29912
1.67455
3.94675
1.30377
1.09102
1.0103
1.45047
4.80219
2.55939
1.23254
1.21991
1.13063
1.28897
1.26778
1.30741
1.05572
1.12689
1.35422
1.25812
2.17267
2.72494
1.61586
1.93035
1.51179
1.12663
1.47874
2.26521
1.06781
1.00357
1.04636
1.48661
2.62393
1.17527
1.68187
1.11255
1.34809
3.83443
1.00389
1.59909
1.29578
2.26029
1.56975
1.1792
1.25335
1.05087
1.27023
2.61385
1.67885
1.9687
1.10008
1.11759
3.47053
1.16555
1.38606
1.53134
1.0654
1.05563
1.64493
1.70868
1.05816
1.12961
1.07492
1.02396
1.07498
1.03806
1.42045
1.06582
1.18616
1.63353
1.20279
1.03571
1.46974
1.15193
1.24474
1.10728
1.68435
1.20081
1.64525
1.21891
1.70687
1.00198
1.25383
1.30121
1.16589
1.05908
1.20741
1.25827
3.20675
3.3935
1.05896
1.18534
1.3699
1.13706
1.081
1.18994
1.68422
1.48636
2.08068
1.45129
1.12101
2.33606
1.20592
1.5327
1.11914
1.15893
2.61655
1.0815
1.20057
1.27342
1.52233
1.30127
1.23037
1.6977
1.3424
1.54891
1.16259
1.10796
1.07962
1.12811
1.11323
1.53784
1.27384
1.01139
1.78623
1.16132
1.00875
3.92836
1.09322
1.05391
1.07343
1.34473
1.22361
1.02489
1.3666
1.00325
1.11343
1.1513
1.6409
1.19639
1.3984
1.03105
1.68971
3.00701
1.1168
1.07754
1.12999
1.07756
1.76827
1.88022
1.53435
1.1822
7.14331
1.67093
1.92654
1.09797
1.05036
1.14408
1.11116
4.19907
1.38175
1.09096
1.3425
1.41781
1.81896
1.0831
2.66783
1.1671
1.19246
1.33585
1.05574
1.13515
1.05908
1.51408
2.28949
1.06434
1.29067
1.57248
2.20678
1.03312
1.24374
1.16744
1.91894
1.39741
1.0779
1.36924
1.33054
1.12816
2.71456
1.26478
1.29873
1.01935
1.95958
1.01082
1.13319
1.35716
1.08253
1.18635
1.41985
1.08577
1.00424
1.73112
1.20621
2.22194
1.00422
1.44
1.64874
1.00026
1.37401
1.11845
1.20095
1.09675
5.30014
1.14039
1.35587
1.32305
1.86382
1.96664
1.04417
1.00356
1.46234
1.51421
1.19656
1.45296
1.08354
1.19548
1.00714
1.00802
1.29808
1.01877
1.46994
1.14836
2.44611
1.00779
1.58649
1.83093
1.01047
1.12283
1.26058
1.15478
1.73871
1.04781
1.42904
1.90906
1.8074
1.206
1.51758
1.30743
1.11873
1.62366
1.28102
1.94162
1.0217
1.19713
2.23741
1.04588
1.24214
1.04948
1.26383
1.74589
1.08954
1.06317
1.59185
1.26152
1.01047
1.15533
1.4413
1.8044
1.41212
1.06496
1.43113
1.39196
1.52807
1.36791
1.26216
1.39523
1.44344
1.85718
1.09788
15.5084
1.90549
1.29141
1.29559
1.10655
1.31803
7.92697
1.02129
3.37172
1.29314
1.06037
1.32214
4.65986
1.32187
1.2592
2.08176
1.0735
1.37088
1.1791
1.39648
1.24833
1.31967
2.05753
1.36193
2.35684
1.47805
3.22934
1.54567
1.06031
1.36635
1.01966
1.36283
1.09497
1.31037
1.91715
2.91007
1.21314
1.22597
1.20372
1.13224
1.52936
1.13307
1.2172
1.20156
1.12232
1.28465
1.01555
1.46696
2.63768
1.41124
1.19838
1.58458
1.66214
1.56604
2.79594
1.22944
1.17091
1.58818
1.18453
1.9818
1.76924
5.51273
1.02208
1.61298
1.02218
1.31908
3.34755
1.11776
1.01076
1.75015
2.96146
1.7148
1.41667
1.04217
1.87903
1.07921
1.39042
1.26749
1.07153
1.09887
1.48815
1.8015
1.12506
1.63673
1.7576
2.45637
1.2351
1.00429
1.02249
1.1804
1.97412
1.01321
1.02068
1.16922
1.12746
1.12081
1.93656
1.20091
1.09217
1.00409
1.02011
1.48901
1.04027
1.67823
1.18566
1.4924
1.02102
1.21451
1.40611
1.34968
1.05373
1.24645
1.39362
1.32526
4.35954
1.27313
1.00825
1.18542
2.61881
1.11341
1.22835
1.69742
1.09958
1.06004
1.17495
1.05205
1.21182
1.21381
1.21804
1.05224
1.18716
1.07244
1.07396
1.41522
1.10481
1.05467
4.35901
1.05621
1.83975
1.69528
1.84411
1.49806
3.73821
2.17154
1.62766
1.00355
1.05636
1.0709
1.5133
1.09358
1.25941
1.07485
1.25375
1.68991
3.02431
1.15781
1.0642
1.2657
1.45737
1.11469
1.54197
1.06787
1.8566
1.30079
1.09928
1.13117
1.01387
1.75331
1.37145
2.17429
1.18115
1.14802
1.32643
2.13735
1.56796
1.0898
1.56356
1.1118
1.09753
1.02903
1.05743
1.15281
1.01377
1.34445
1.11793
1.42876
1.23915
1.07162
1.12973
1.04745
1.1631
1.10022
1.22191
1.07921
1.29037
1.03269
1.23672
1.05582
1.20741
1.09736
1.18508
1.80839
1.31394
1.00425
1.02804
2.0624
1.03288
1.16231
1.58003
1.94627
2.17551
1.18596
2.19136
1.07015
1.13588
1.30003
1.07379
1.80165
2.22437
1.09557
1.27966
1.33953
1.08398
1.89881
1.1288
4.13396
2.0285
1.12038
1.45189
1.12617
1.50992
1.0521
1.27597
1.02518
1.15797
1.10344
1.28928
1.16633
1.22436
1.25124
1.63225
1.03473
1.1769
1.24933
1.04959
1.0913
1.05412
1.2163
1.19161
1.92698
1.08149
1.06276
1.00147
1.778
2.14315
1.25209
1.58894
1.90445
1.91435
3.86226
1.09439
1.88791
5.49508
2.01195
1.24786
1.21271
1.13396
1.0288
11.0647
1.20237
1.06662
1.47787
1.05111
1.29019
1.17355
1.69511
1.03819
1.22402
1.12394
1.28735
1.02238
1.81021
1.44803
1.58965
1.21541
1.07951
1.00872
1.92469
1.53176
1.14962
1.33782
1.07092
1.27825
1.09802
1.12877
1.08791
1.11465
1.6641
1.8626
1.35285
1.34189
1.01888
1.58944
1.08655
1.37463
3.21722
1.50357
1.08609
2.50879
1.78753
1.21339
1.35043
1.21979
1.30894
1.13502
1.52747
1.40289
1.1145
2.18006
1.00915
1.4581
1.40736
1.18537
1.68847
1.04358
1.54996
1.09181
1.43271
1.71412
1.07012
1.00955
1.22995
1.00644
2.92275
1.45441
1.26865
1.02988
1.09464
1.22767
1.2584
1.28281
3.91032
1.57212
1.16126
1.21322
4.00695
1.08854
2.19228
1.04384
1.11146
1.26266
1.02714
1.26908
1.00385
1.4897
2.2824
1.31394
1.73608
1.52955
1.95623
1.1238
1.20355
1.37805
1.71995
1.11465
1.06299
1.10266
3.23359
1.32592
1.83735
1.18827
1.07739
1.25147
1.18326
3.2747
1.73414
1.04555
1.28612
2.96231
1.34725
1.02403
1.05654
1.74191
1.35787
1.95843
1.01562
1.37943
1.17228
1.11456
1.36528
1.9177
1.02135
1.62958
2.75243
1.36464
1.19376
1.36573
1.17312
1.24595
1.6199
3.22157
1.09504
2.29736
1.38091
1.12399
1.47503
1.41913
1.09906
2.66367
1.00209
1.08891
1.00759
1.18226
1.37669
1.80857
1.80473
1.20355
1.35682
1.99179
3.34058
1.0119
1.16214
1.24666
1.5445
1.25003
2.00279
1.16515
1.9285
1.3032
1.01379
1.03128
1.3634
1.28837
1.01362
1.47852
1.14579
1.04642
1.0275
2.6566
1.64147
1.13608
1.42585
1.01591
1.24759
1.13146
1.56723
1.43561
1.00015
1.79036
2.37336
1.1462
1.76556
1.37459
3.02833
1.20352
1.03997
1.48679
1.21817
2.26853
1.62425
1.27178
1.33388
2.83128
1.43432
1.89726
1.01161
1.37669
1.30811
1.3303
1.6947
2.30327
1.09018
1.1186
1.04813
1.56952
1.17229
1.03462
1.02072
1.15564
1.55838
1.47648
1.59463
1.55713
1.61207
1.04598
3.60395
1.66485
3.21668
2.24852
1.00015
1.54837
3.46053
1.09875
3.23734
1.02877
1.51629
1.36658
1.02827
1.07899
1.30637
1.09076
1.95675
1.10641
1.16603
1.6402
1.00619
1.02322
3.20176
1.01308
1.36823
1.70836
1.32173
1.5774
1.26291
1.15122
1.72638
1.18383
1.08415
1.46738
2.85424
3.12478
1.49693
1.26096
1.04512
1.43633
1.0774
1.70011
1.05215
1.09075
1.18227
1.05532
1.08686
1.71011
1.16955
1.22559
1.56405
1.01984
1.32034
1.17974
1.14876
1.21891
1.21035
1.42591
4.02775
1.05621
1.71569
1.1155
3.34461
1.23231
1.13007
1.20057
1.0661
1.31175
1.26273
1.25855
1.11061
1.32414
1.17255
1.29104
3.65925
2.85499
1.53222
1.0328
4.13642
1.09709
1.45814
1.27086
1.35383
15.0999
2.23046
1.39196
1.08107
1.07836
1.60319
1.09471
1.70659
1.09524
1.13467
2.00435
1.07078
1.14358
1.09162
1.2557
1.08646
2.57856
1.97464
1.80725
2.73224
1.35951
1.43899
1.97492
1.25339
1.10915
1.31569
1.22457
2.91118
1.23685
1.36594
1.2692
1.0817
1.05828
1.14723
1.33777
1.55167
1.05972
1.31515
1.01273
1.0355
1.26714
1.3998
1.00131
1.20174
1.2444
1.81055
1.00692
1.51419
1.0191
1.08664
2.2259
1.31352
3.33338
1.07197
1.1308
1.10456
1.96999
1.28989
1.31491
1.04349
1.84467
1.01089
1.04689
4.69247
1.01208
1.46343
1.24745
1.711
3.18513
2.88799
1.25156
1.30374
1.0015
1.00823
1.69958
1.35375
1.51764
2.16722
1.10504
1.17535
1.15391
1.85498
2.29319
1.34062
1.88839
1.56194
1.31183
1.28533
2.63129
1.69718
1.76585
1.73694
4.04454
1.34286
1.48679
1.00425
1.53674
1.17509
1.29273
1.08334
1.02309
1.24805
1.02524
1.1047
1.3825
2.3209
1.41414
1.2163
1.47538
1.473
1.30979
1.12832
1.25283
1.26807
1.10723
1.01187
1.87601
1.02069
1.10719
1.081
1.23948
1.93464
1.05963
1.21414
1.10957
3.13001
1.03703
1.00858
1.66971
1.08283
1.54087
1.01028
1.88191
1.06339
1.12398
1.60757
1.30499
1.4953
1.53816
1.19839
1.24536
1.58773
1.01274
1.1613
1.18587
1.23271
1.05047
1.23354
1.16312
2.06547
1.67325
1.0614
1.09384
1.16019
1.06303
1.08668
1.24626
1.25268
2.70103
1.25815
1.03229
2.19396
1.14468
1.25394
4.61799
1.26521
1.03274
1.13451
3.45251
1.29111
1.5872
1.50239
1.87183
1.14298
1.03385
2.03822
1.41762
1.01188
1.19981
1.32661
1.05621
1.15944
1.64762
1.52372
1.1136
1.03653
1.14047
1.09243
1.08615
1.29907
1.33238
1.31114
1.29501
1.10133
2.30718
1.05759
1.051
1.02031
1.01004
1.05791
1.38185
1.54213
1.11664
1.46715
1.11996
1.41024
1.01032
1.19021
1.33815
2.62626
1.79501
1.35189
1.41689
1.35126
1.38628
1.77103
2.27383
1.27886
1.13576
1.67707
1.63073
3.82682
1.16223
1.1291
1.71196
1.48119
1.12752
1.09129
6.97026
1.168
1.25928
1.32181
1.06012
1.10598
1.66678
1.29154
1.11362
1.07668
1.03387
1.47402
1.01294
1.11291
1.14697
2.10237
1.90114
1.30202
2.38223
1.17798
1.02164
1.07202
1.90429
1.16056
2.20156
1.06889
1.65938
1.05768
1.03175
1.04318
1.08555
2.41883
1.14531
1.08006
1.20989
1.24704
1.2441
1.21048
1.42023
2.57154
1.87652
1.07588
1.06855
1.51637
1.1085
1.96468
2.49277
1.14651
2.60056
1.01157
1.87647
1.01155
1.07404
1.018
1.10496
1.19343
1.23281
1.2815
1.00608
1.04151
1.22953
1.15262
3.48387
1.07612
1.17446
1.11015
1.32747
1.00184
1.03242
1.27459
1.50677
1.70132
1.19423
2.28841
1.16555
1.05421
1.13207
1.25178
1.12885
2.2755
1.53513
1.39074
3.57112
1.21105
1.15769
1.6513
1.87768
4.95421
1.07026
1.43412
1.80848
1.18713
1.04607
2.87918
4.13154
1.2521
1.13886
1.37972
1.14661
1.28685
1.30326
2.51775
1.02705
1.0168
1.13791
1.36508
1.42708
1.14092
1.10102
1.09562
1.25717
1.63029
1.1127
1.25072
1.18764
1.0049
1.00091
1.18432
2.09535
1.17116
1.00883
2.6326
1.1887
1.2993
1.31866
1.02002
1.33092
1.07451
1.04995
1.36103
1.15628
1.35308
1.06258
1.18076
1.75118
1.00313
3.22622
1.07382
1.15813
1.06178
1.19548
1.30766
1.3249
2.05484
2.1523
1.02813
1.07317
1.32268
1.04087
1.00019
1.43728
1.4398
1.19601
1.56653
1.01192
1.25773
1.76605
2.28758
2.67335
1.08406
1.29727
1.27725
1.04236
1.63313
1.07615
1.1643
1.12754
1.01233
1.25921
1.36532
1.53945
1.38528
1.13719
4.25935
1.41724
2.91187
1.11365
1.11702
1.20321
1.04123
1.34421
1.03116
3.34674
1.0382
1.78238
1.12679
1.1017
1.51369
3.37039
1.30945
1.20177
1.0911
1.11392
1.17287
1.81044
1.02406
1.89515
5.99728
1.17565
1.1966
1.07049
1.12862
1.09719
1.21341
1.1288
1.07212
1.1502
1.02495
1.13519
2.6538
1.08351
1.78043
1.43123
1.04054
1.35055
1.86834
1.22216
2.21404
1.41408
1.15435
1.14085
1.22707
1.79185
1.69194
1.12298
2.16115
1.09946
1.23096
2.50773
1.04106
1.34039
1.03991
1.36707
1.63446
3.10707
1.34453
1.20738
1.78273
1.18379
1.72257
1.01442
1.03674
1.20288
2.17706
1.58065
1.06128
1.41816
1.11272
1.31407
1.02089
1.35717
1.02245
2.66982
1.19997
1.17503
2.08449
4.93424
1.65038
1.26772
1.02979
1.20229
1.20997
1.13739
1.45703
1.01231
1.34557
1.06061
1.0986
1.10783
1.02289
1.37225
1.14212
1.21941
2.20882
1.13492
1.46437
1.20781
1.54825
1.11717
1.31939
1.00615
1.00671
1.43456
1.88416
1.17603
1.24065
2.90834
1.38929
1.28065
1.35101
1.22185
1.14308
1.34275
1.17008
1.60074
1.07242
1.09128
1.11221
1.37771
1.5567
1.08188
1.12383
4.05251
1.05554
1.57423
1.26481
1.03194
1.01145
1.53704
1.04571
1.3006
1.71013
1.23655
1.04862
1.02012
1.23218
1.60059
3.54652
1.79297
1.25398
1.3636
1.5932
1.16449
4.83723
1.08595
1.89505
1.85445
1.04823
1.52291
1.20528
1.1992
1.01503
1.19203
1.75213
1.11413
1.53711
1.0139
1.07152
1.43502
1.07235
1.12906
1.54207
2.82345
1.46104
1.04812
1.13936
1.22906
1.19585
1.03557
1.02619
1.13051
1.03778
1.07022
1.15537
1.04706
1.35721
1.00631
2.24278
1.20278
1.65977
1.14165
1.51652
3.14985
1.67483
1.10672
1.45607
1.77654
2.03874
1.19807
1.09862
2.28753
1.01079
1.29745
3.37707
1.39193
1.36952
1.21203
1.24678
1.06386
1.18047
1.21241
1.0243
1.48047
1.31866
1.01638
1.25962
1.1799
1.34778
1.60798
1.13273
1.73082
1.87807
1.10422
1.05827
2.52959
1.48293
2.37157
4.2627
1.15529
1.18724
1.0743
1.98731
2.4614
4.93825
1.20134
4.35886
1.7478
1.08886
2.01935
1.12436
1.1902
1.08085
1.32012
4.9951
1.31915
1.22763
1.16132
2.06344
1.88794
1.1067
1.54592
1.30423
1.12203
1.10308
1.11601
1.12208
1.39587
1.02383
1.26139
4.91834
1.12422
1.04727
1.26335
1.41917
1.3388
1.73689
2.96238
1.12145
1.22006
1.00335
1.04182
2.1782
1.02254
1.13728
1.21619
1.9229
1.26066
1.35555
1.60438
1.02376
1.67132
1.10892
1.05781
3.21395
1.56192
2.47934
1.38058
1.07185
1.51704
1.59917
1.04723
1.31847
1.33416
1.57716
3.4143
2.29027
1.06887
1.20743
1.00922
2.0391
1.3711
1.05857
1.10976
1.26064
1.76436
2.70509
3.69963
1.07929
1.06148
1.12065
1.15522
1.03258
1.34539
1.28466
1.03299
1.46846
2.72713
1.12534
1.13278
1.26833
1.14048
3.73882
1.27333
1.95208
1.30916
1.08884
1.34812
1.41776
1.43314
1.08778
1.06959
1.10907
1.30587
1.01234
1.52499
1.02339
1.31566
1.02847
1.79661
1.50103
1.53448
1.13446
1.15319
1.36168
1.12205
1.06806
1.02153
1.05664
2.09084
1.13079
1.0561
1.06359
1.02811
1.26474
1.18043
1.25141
1.05322
1.59826
1.06731
1.51135
2.24827
1.15397
1.09596
1.31063
1.0076
3.00189
1.03856
1.15044
1.00503
1.21016
1.17034
2.00524
1.07384
1.18936
1.33117
1.14389
1.14295
1.06714
1.16139
1.49523
1.72448
1.01293
1.20594
1.09485
2.09881
1.45001
1.04659
1.10068
1.09601
1.67199
1.09894
1.12054
1.39712
1.03736
1.24591
2.11636
1.1192
1.61994
1.27899
1.18398
1.16556
3.1176
1.97763
1.00438
1.95158
1.21684
1.63692
1.11005
1.58302
1.24851
1.03448
1.17967
1.26
2.60077
1.15697
1.07097
2.85702
1.2024
1.42873
1.4798
1.239
1.00296
1.07653
1.46126
1.1935
2.64164
1.55596
1.37619
1.33985
1.11871
1.2056
1.00323
2.71822
1.39433
1.12742
1.35058
1.05757
1.31355
1.28256
1.16377
1.13671
1.03036
1.06417
1.35973
1.82116
2.95561
1.70403
2.11201
1.03286
2.20871
1.01249
1.02679
1.10186
1.99252
1.69476
1.1547
3.29223
1.00105
1.10661
1.06799
1.76629
1.29239
1.07753
1.84845
1.29806
1.23801
1.16276
1.22934
1.13219
1.45912
1.21677
4.69158
2.17161
1.25421
1.39445
1.87819
1.52459
1.29593
2.07434
1.1284
1.22587
1.15613
1.38837
3.47036
1.24191
1.19896
1.53353
1.16901
1.12432
1.68826
3.09695
1.0852
1.17006
1.94114
1.03677
1.19949
1.11772
1.2505
2.52857
1.27827
1.5112
1.49217
1.12043
1.02479
1.68647
2.55511
1.40993
1.15677
3.84605
1.66104
1.06882
1.25509
1.69101
1.0679
1.00716
1.35145
2.05992
1.31896
1.23108
1.01676
1.35628
2.53048
1.34014
1.01643
1.33719
1.76688
1.09252
1.00677
1.49511
1.49066
1.14382
1.25758
2.16249
2.41654
2.13678
2.06331
1.17683
1.03952
2.15179
1.41824
1.04174
1.03352
1.12803
1.01384
1.23512
2.36396
1.20235
1.63759
1.23317
1.52314
1.88596
1.07555
1.18959
1.59949
1.16683
1.06809
1.22998
1.24054
1.47871
1.94937
1.21271
1.25515
1.37512
1.35641
1.46467
1.23762
1.42499
1.78059
1.08107
1.23024
1.33442
1.3282
1.1346
1.28948
1.11983
6.68748
1.08719
1.14193
1.15713
1.01812
2.31357
1.04597
1.06222
1.14274
1.80979
1.15703
1.35698
1.13558
1.61933
1.00831
1.18223
1.20644
1.6784
1.39218
1.15717
1.66993
1.04743
1.52025
1.00716
1.11476
1.1937
1.34742
1.04659
1.6479
1.04149
1.03963
1.02941
1.53753
1.84463
1.08964
1.07617
1.58921
1.2408
2.37551
1.04774
1.46501
1.79334
1.5762
2.12666
1.04931
1.69634
1.07864
2.09584
2.17845
1.20207
1.10776
1.08212
1.64307
1.15601
1.01816
1.03409
1.52283
1.2927
1.01207
2.83734
1.03382
1.34912
1.21409
1.00514
1.60864
2.9006
1.5179
2.4132
1.39083
1.43293
1.03649
1.50254
2.94662
1.02576
1.1146
1.76803
1.08494
2.39761
1.67651
1.00394
2.21301
1.26056
1.09674
2.02202
1.20598
1.89457
1.03405
1.08344
3.31912
1.40646
2.57795
1.00347
1.15831
1.08005
1.19514
2.36401
1.17515
1.49937
1.54074
1.12809
1.17529
1.24595
1.09553
1.36459
2.20739
1.45239
1.92471
1.4668
1.21271
1.08056
1.08886
1.33846
1.57286
2.15901
1.60972
1.8388
1.13332
4.24618
1.38585
1.2135
1.14985
1.1881
1.9853
1.35105
1.37111
1.12261
1.31319
1.11168
1.93115
3.93048
1.04979
1.05735
1.14144
1.01695
1.17779
1.05914
2.19723
1.33082
1.72077
1.86006
1.7358
1.05893
1.21249
1.24892
1.07449
1.34844
1.09825
1.00776
1.58033
1.37435
1.25998
2.05014
1.51702
1.23585
1.56468
1.01574
1.62786
4.43848
1.54781
1.79466
1.63887
1.89225
1.50713
1.15768
1.36133
1.13837
1.12244
1.08395
1.25641
1.03021
1.45064
1.21033
1.69522
2.31174
1.66004
1.1161
1.67637
1.47751
1.18739
1.36228
1.05007
1.11032
1.32591
1.25426
1.2773
2.56891
1.03878
1.11825
3.58029
1.12245
1.22654
1.75967
1.28208
2.58382
1.01499
1.1348
1.20817
1.91869
3.46166
1.01963
1.03027
1.78861
1.49971
1.16603
1.44088
1.64695
1.19416
1.20263
1.87953
1.67951
1.58796
1.20069
1.33365
2.39631
1.31019
1.1241
1.68819
1.71364
1.16089
1.38303
1.23805
1.021
1.47193
1.13263
3.2835
1.64035
1.2374
1.9697
1.73444
1.06965
3.761
1.5745
1.39797
2.19097
1.57493
1.62436
1.04823
1.23947
1.08409
1.15038
1.23132
1.21078
1.43577
1.70767
3.04821
1.60381
4.62123
1.01177
1.41537
1.35492
1.03305
1.03416
1.95284
1.22769
1.48894
1.14826
1.16668
1.72749
1.62242
1.58578
1.17529
1.18958
1.1289
1.0461
1.09088
4.45858
1.00743
1.16015
1.74646
1.18687
1.11979
1.76043
1.25664
1.30889
1.48572
1.64722
1.13847
1.60082
1.4591
1.03396
1.11387
1.0489
1.06937
1.14862
1.22814
1.32664
2.09333
1.06549
1.44233
1.32796
2.04897
1.17762
4.07486
1.56219
1.57602
1.00147
1.08388
1.22878
1.22096
1.00224
1.06683
1.04112
1.03742
1.43158
1.88231
1.16554
1.03045
1.08588
1.09008
1.15584
1.06631
2.17788
1.02643
1.52327
1.04248
1.23119
1.01317
1.19898
1.64817
1.19218
3.90007
2.72244
1.07831
2.73446
2.4657
1.05487
1.76421
1.04144
1.05722
1.04804
2.07769
1.1123
1.39385
1.23217
1.61821
1.81612
1.06236
1.06795
1.22798
1.74948
2.05658
2.2092
1.10209
1.22803
1.07799
1.48982
1.89769
3.62531
2.14364
1.09283
1.65375
1.01331
1.16885
1.39674
2.78971
1.29943
1.07944
1.05037
2.18013
1.04732
2.26232
1.08247
1.17637
1.2883
1.42214
1.0982
1.82769
1.00121
1.44116
1.13479
2.14705
1.32415
1.27433
1.55136
1.45532
1.36569
1.87545
1.04427
1.03514
1.06939
1.62563
1.23637
1.19378
1.22048
1.44862
1.28095
1.68761
1.1662
1.17032
1.16691
1.48307
1.39931
1.05442
1.22249
1.14824
1.05407
1.45896
5.04577
1.18877
1.801
1.2675
1.16706
3.36011
1.16104
1.11374
2.22874
1.06665
1.04034
1.82949
1.35127
1.07342
1.1136
1.17351
1.58929
1.9047
1.29541
1.36277
1.01148
1.31562
1.04778
1.06159
1.54399
1.44711
1.42733
1.60188
1.31119
1.53068
1.1425
1.1049
1.02358
1.0365
1.0185
1.09442
1.14126
1.03959
1.82924
1.02972
1.17126
1.10766
1.17002
1.25237
1.82821
1.10326
1.36274
1.15548
1.27
1.42356
1.09134
1.10526
1.13861
1.365
1.24742
2.04101
2.44064
1.11576
1.25761
1.11643
1.04972
1.87266
1.16123
2.73304
1.16722
2.04035
2.35135
1.47892
2.08852
1.0167
1.29887
1.15777
1.14393
1.01956
1.34987
1.45062
1.08466
1.00912
1.29459
1.00931
1.11507
1.10812
1.10446
1.16789
1.60487
1.18439
1.65067
1.07748
1.07168
1.13834
1.08057
1.06995
1.37593
1.06461
1.17114
1.14955
1.39898
1.14497
1.02415
1.69818
1.13599
1.04719
1.6448
1.19734
3.56594
1.56197
1.32888
1.11765
1.48042
1.115
1.05382
2.19539
2.79333
1.24493
1.07329
1.37047
1.30383
1.78094
1.6016
1.03335
2.84696
1.5298
1.22919
4.49275
3.30156
1.4388
1.90081
1.00595
2.03819
1.96471
1.08901
1.05841
1.0267
1.82257
1.10594
1.42876
1.08029
1.89845
1.0765
1.65846
1.20814
1.09019
1.05733
1.12634
1.80103
1.09466
1.78472
1.39926
1.03244
1.08184
1.53772
1.41886
1.01518
1.90358
1.29624
1.23455
1.09062
1.28706
2.00697
1.06604
1.1363
1.83705
1.86044
1.49521
1.10939
1.05906
1.30717
1.38681
1.14473
1.37456
1.45261
1.78963
1.12978
1.47117
1.16996
1.02269
1.23811
1.15923
1.71156
1.09236
1.12163
1.04756
1.17589
1.19601
1.93293
1.23494
1.10238
1.06091
2.04807
1.21039
3.06128
1.7771
1.03398
1.13476
3.30502
1.18596
2.41469
1.40988
1.11971
1.52259
1.32843
1.09174
1.22623
1.0051
1.59339
1.28089
1.09918
1.16879
1.44327
4.43369
1.56841
1.19886
1.70634
1.17095
1.06959
1.21218
1.79339
1.01708
1.11506
1.00156
1.40509
1.81053
1.12199
3.00065
1.30707
1.44752
1.63671
1.06357
1.75396
1.34592
1.09868
1.53565
1.31273
1.06032
1.00803
1.56348
3.7808
1.04256
1.60835
1.13887
1.00304
2.66729
1.47405
1.49502
1.07841
2.33541
1.00909
1.18483
1.27142
1.14126
1.1081
3.26791
1.22169
1.1815
1.01045
1.36923
1.26811
1.37225
1.44972
1.08785
1.56308
1.51481
2.23927
1.07577
1.05619
1.0612
1.25408
2.91626
1.19334
1.01629
1.27121
1.17094
1.34809
1.80352
3.1986
1.36337
1.33123
1.09044
2.40435
1.37636
1.01178
4.37905
1.69129
1.84113
1.09525
1.54149
1.20954
1.27624
2.0533
2.25112
1.61703
1.24271
1.30508
1.1039
1.49105
1.94194
1.84386
1.50194
1.77294
1.24224
1.50688
2.32557
1.27225
1.43042
1.03752
1.59264
1.15333
1.09505
1.03027
1.0471
1.09979
1.36348
1.13667
1.15709
1.02693
1.06637
1.13307
1.05889
1.14934
1.06407
1.18518
1.126
2.39179
1.5381
1.00104
1.02161
2.14856
1.22033
1.17341
1.05952
1.02208
1.00174
1.06784
1.06589
1.0738
1.05123
1.36728
1.0153
1.07993
1.2165
1.07636
1.97128
1.57902
1.08832
1.33502
3.10394
1.15221
1.54215
1.43204
1.21904
1.57919
1.65762
1.35293
1.21569
1.24414
1.21788
1.09237
1.87316
1.05729
5.1433
1.77033
1.08213
1.02348
2.76078
2.41323
1.1081
1.35578
1.51026
1.62626
1.06127
1.42841
1.27478
1.04093
2.66635
1.055
1.09744
2.60597
1.28173
1.75932
1.00799
1.01832
1.49905
1.0586
1.01466
1.14773
1.07592
3.22235
1.07041
1.0726
1.24178
3.33663
1.31772
1.11452
1.11516
1.08555
1.89998
1.56576
1.4761
1.85675
3.62454
1.01662
1.36986
1.04109
1.41482
1.67427
1.07125
1.12367
1.01953
1.23263
1.12077
1.07128
1.8506
1.12709
1.11879
1.08078
1.66903
1.11838
1.17697
3.95989
1.53529
1.65842
1.15346
1.17266
1.17135
1.29931
1.06916
1.08464
1.0194
1.04738
2.33722
1.12687
1.32232
1.67877
1.23736
1.03901
2.12102
1.19886
1.719
1.06157
1.08554
1.04841
1.01801
1.16992
1.30042
1.00191
1.02511
1.05928
1.40457
3.32416
2.05405
1.06006
1.41224
1.81054
1.06796
2.96883
1.26865
1.00069
1.15185
1.40375
1.02418
1.12137
1.26394
1.19395
3.15888
1.02066
1.05043
1.14232
1.82413
1.02193
1.29366
1.11077
1.00151
1.08856
1.02491
1.03608
1.67377
1.0155
1.25047
1.1777
2.07377
1.2149
1.07906
1.28479
1.78489
1.55243
1.56094
1.90193
1.29426
1.33272
1.05454
1.00496
1.13921
1.81802
1.33361
1.03652
2.6215
1.24299
1.12143
1.48054
3.96003
1.14388
1.08199
1.86276
1.63072
1.41457
1.06778
1.10715
1.05333
1.14439
1.18567
2.96697
1.5595
2.5722
2.13892
1.15751
1.95315
1.46279
1.13789
1.04603
1.15782
1.09274
1.5295
1.9629
1.05201
1.08164
1.06331
1.13685
1.04336
1.65712
1.47535
1.19303
1.20636
1.39417
1.04805
1.517
1.26114
1.09323
1.2865
1.15063
1.47981
1.22922
1.02186
1.08336
2.6616
1.14185
1.84844
2.14426
1.74247
1.10107
1.68413
1.02191
1.10839
1.46244
1.06546
1.92026
1.30475
1.5564
1.11123
1.01342
1.06776
1.27149
1.18952
1.12197
1.33096
1.25989
1.07924
1.25372
1.22502
1.02537
1.1972
1.03327
1.26118
1.2808
2.66279
1.28796
1.16893
1.63567
1.49769
1.37909
1.45152
1.32077
1.55681
1.09502
1.35539
1.17976
1.72047
1.08472
2.99326
1.0059
1.08908
1.05058
1.25807
1.0986
1.11467
1.07931
1.44537
1.5728
3.00936
1.18698
1.13916
1.81403
1.3434
1.17898
1.01261
2.96258
1.03988
1.02622
1.02314
1.28312
1.51826
1.08804
1.28655
1.1128
1.03488
3.05946
2.04998
2.82047
1.06525
1.0449
1.09406
1.12013
1.02696
1.07754
1.32096
1.68565
1.40873
1.03223
1.31993
1.02439
1.28501
1.05341
1.15036
1.1512
1.08819
1.16425
1.04533
1.3211
1.15033
1.14707
1.77867
1.325
1.19936
1.16485
1.02526
1.35035
1.05185
1.41021
1.20242
1.07226
1.81026
1.31336
1.28861
1.19416
2.63497
1.03747
1.03039
1.16588
1.21094
2.34631
1.84934
1.62967
1.21497
1.04766
1.5607
1.20274
1.0129
2.81551
1.63565
2.75994
2.01864
1.08089
2.20939
2.66346
1.0786
1.00929
1.16645
2.1321
1.5059
1.21006
1.03768
1.00578
1.01266
1.2553
1.85671
1.91382
1.01615
1.10178
1.06297
3.19938
1.05956
1.14552
1.36111
1.64106
1.04892
2.17284
1.0308
1.00194
2.12641
1.91222
1.03653
1.08215
1.2417
1.27388
1.45755
1.49209
1.36295
2.27852
2.61455
1.19047
1.94259
2.56951
1.0147
1.85714
1.96321
1.52965
1.09958
1.71933
1.20379
2.3314
1.74872
1.29905
1.06463
1.04817
1.43667
1.33962
1.31604
2.0134
1.04789
1.18674
1.13733
1.50988
2.20939
1.18466
1.15523
1.01456
1.05016
2.49936
1.22251
1.97029
2.63138
1.10911
1.59196
1.57528
1.06603
1.64436
1.00524
1.19114
1.36004
2.66597
1.1479
1.01244
1.00451
1.04759
1.83763
1.29691
2.80645
1.07089
1.00624
1.15868
1.2197
1.5789
2.66494
4.33158
1.06057
1.01008
1.16086
1.71641
1.21922
2.06466
1.40117
2.39913
2.18441
1.74268
1.37016
1.01967
1.20353
1.72106
1.022
1.68721
1.69988
1.46971
1.61737
1.4326
1.23349
1.6565
2.16433
1.23033
1.14882
1.94137
1.2331
1.23213
1.19031
1.45501
1.39759
1.55481
1.49703
2.02614
1.33923
1.65181
1.77088
1.96025
1.64162
1.25029
1.08489
1.41689
1.70279
1.17118
1.57961
1.44894
1.01181
1.31882
1.53913
1.74616
1.92004
1.36534
1.03398
1.09999
1.38736
1.03317
2.27968
2.22389
1.26155
1.73828
1.22221
1.38763
1.02928
1.14057
1.39915
1.65758
1.23728
1.62975
1.2653
2.05427
1.78807
1.7514
1.85073
1.72862
1.13026
1.20488
1.47454
1.11919
1.70035
1.08849
1.5613
1.51112
1.0741
1.1937
1.41964
1.3163
3.39403
1.33592
1.15664
1.01176
1.59231
1.51663
1.13049
1.10432
1.01534
1.05671
1.20036
1.36636
3.4863
1.21254
1.171
1.50941
2.3211
1.17675
1.01214
1.02172
4.21912
1.44453
1.0731
1.39817
1.77606
1.01285
1.36227
1.11065
1.9711
4.45815
1.26978
1.4014
2.85079
1.22331
1.08159
1.03434
1.02051
3.22294
1.05028
1.38494
1.61767
1.71054
1.07702
1.73845
1.17665
1.0914
1.01661
1.58823
1.85686
1.1852
1.42698
2.11923
1.13343
1.41514
2.01662
1.25005
1.05892
1.14127
1.01481
1.52368
1.04379
1.3208
1.03573
1.03883
4.63935
2.01768
2.36575
1.32957
1.19636
1.17202
2.43295
1.2147
1.13165
1.6965
1.30981
1.32183
1.69826
1.218
1.07301
1.22759
1.62967
1.13492
1.11294
1.18466
1.45408
1.09462
10.8967
3.02813
2.11
1.12338
1.45768
1.3152
1.29762
1.85036
2.06987
1.25155
1.19236
1.35859
4.99938
1.5137
1.03639
1.05999
1.60108
1.05391
1.26435
1.22486
1.18994
1.00469
1.62556
1.65801
1.18312
1.29351
1.12344
1.33595
1.60733
1.64077
1.02529
2.27801
1.26864
1.03022
1.27704
1.56942
1.54074
1.47002
2.16936
1.0247
1.17097
1.36606
1.15736
1.59482
1.11312
1.30507
1.37577
1.26663
1.27264
1.20605
1.03335
1.1653
1.05775
1.06021
1.85137
1.09569
1.19825
1.06254
1.04398
1.13509
1.85993
1.00563
2.3486
1.38921
1.90954
3.16083
1.06021
1.31999
1.05537
2.21625
2.00565
3.10757
1.09412
1.21931
2.09663
1.155
1.63266
1.12901
1.04068
1.3655
1.40201
1.95763
1.21767
1.50666
1.26633
1.97554
1.11732
1.25668
1.8005
1.04893
1.076
2.96209
1.44818
1.07729
1.03754
1.69602
1.05677
1.11693
1.18804
1.18547
1.56912
1.10454
4.78839
1.05982
1.42226
1.13321
1.20925
1.01351
1.13452
1.65137
1.23692
1.13111
1.06805
1.0653
2.13574
2.99046
1.09023
2.43459
1.18586
1.69861
1.05782
1.22666
2.22683
1.60991
1.46726
2.46665
1.86657
1.05345
1.05367
1.50704
1.07113
1.46277
1.91356
1.08055
1.39236
1.79114
1.00021
1.23538
1.46852
1.01203
1.23657
1.23141
1.23163
4.8389
1.55636
1.0373
1.04875
1.03707
1.07276
1.37879
1.06897
1.67257
1.12046
1.2013
1.10967
1.8418
1.12402
1.14721
1.06869
1.40494
1.4435
2.69204
1.00307
1.09127
1.13132
1.10688
1.44494
1.70937
1.33303
1.00907
1.00968
1.22886
1.49832
1.18256
3.58665
1.11253
2.73471
4.51851
1.37403
1.13844
2.7201
1.01843
1.07103
1.28207
1.33938
3.91185
1.59813
1.0068
1.51862
1.21853
1.28766
2.17771
1.15535
1.11834
1.01893
1.3879
1.04426
1.1096
1.04383
1.2101
1.07004
1.11547
1.14994
1.13925
1.04732
1.50559
1.15963
1.16093
1.28988
2.24819
1.02009
1.30146
1.23858
1.60263
1.30967
2.38177
1.70416
1.14455
1.24762
1.45434
1.0829
3.08671
3.12156
1.1968
3.35487
1.01576
1.72303
1.00452
1.25628
2.25458
1.13014
1.99929
1.73157
1.14092
1.33275
1.93873
1.5783
1.05573
1.08421
1.56629
1.36874
1.15406
1.25867
1.10208
2.32549
1.93907
1.01642
1.06208
1.36353
1.88626
1.29754
1.06244
1.09313
1.02625
1.09603
1.6371
1.04317
1.07729
1.19227
1.17937
1.21003
1.02014
1.95778
1.13508
1.39105
2.1396
1.03113
1.35535
18.4416
1.23109
1.2185
1.00329
3.00262
1.14847
1.04981
1.03478
1.11013
4.02649
1.02012
2.25385
1.0407
2.38285
1.06445
1.3907
1.23436
1.09324
1.00941
1.07886
1.06275
1.04345
1.60977
1.66232
1.1473
1.41653
1.44113
1.50775
1.03816
1.09012
1.00666
1.28956
1.0057
1.01142
1.82331
1.34305
1.30734
2.01163
3.34235
1.51483
1.65096
1.79197
1.41339
1.55648
1.02049
1.04129
1.96498
1.07653
1.0936
1.02439
1.26022
1.0614
1.1071
1.87676
1.15442
1.6503
1.52904
1.16982
1.3713
1.59878
1.37929
1.94743
1.1853
1.16174
1.05641
1.77425
3.60853
1.0392
1.25562
1.48911
1.09005
2.26731
1.17307
1.49695
1.42885
1.23658
1.03717
1.00067
1.195
1.05773
1.21693
1.25892
1.70779
1.12704
1.18815
1.06171
1.15599
1.06237
1.76
1.11258
2.49032
1.07832
1.02442
1.54283
2.15367
1.01575
1.16742
1.12993
1.27171
1.52259
1.23776
1.13497
1.38875
1.08876
1.67427
1.42255
1.3221
1.04131
1.32693
1.30136
1.29662
1.56165
1.19317
1.36556
3.48213
1.49513
1.1757
1.38711
1.40982
1.32967
1.16848
1.16094
1.98999
3.9413
1.98429
1.49834
1.06835
1.53999
1.13693
3.00223
1.26858
1.2822
1.43198
3.18327
1.09503
1.2409
1.58406
1.35765
1.23282
1.02662
1.10893
1.1382
1.02115
1.03147
1.12736
1.07716
1.27666
1.14576
1.05507
1.07185
2.07483
1.20985
1.10288
1.03743
1.01829
1.47259
1.54872
1.3716
1.48065
1.2427
1.04366
1.30642
2.10333
2.63988
3.22636
1.56819
2.89204
1.22961
1.16098
1.44505
1.57186
2.23411
1.20655
1.00743
1.08244
1.47724
1.30977
1.18183
1.02126
1.20146
1.52592
1.51946
1.10514
1.10976
1.97564
1.08444
1.24821
1.19284
1.43756
1.01661
1.26556
1.034
1.177
1.30681
1.14598
1.03634
1.14985
1.185
5.57079
1.60547
1.80468
1.62639
1.05142
1.76637
1.31946
1.43962
1.29264
1.36502
1.03717
1.34195
1.47087
1.42896
1.17745
1.16157
2.13113
1.16185
1.75051
3.29677
1.2972
1.10313
1.12066
1.41499
1.69892
2.02872
1.68466
2.77322
1.26495
1.16216
1.44432
1.05942
1.07101
1.19017
1.03194
1.35662
1.07367
1.13602
1.17757
1.00046
1.38919
2.8112
1.14124
1.43462
1.17075
9.76335
2.004
1.15288
2.14963
1.0545
1.97598
1.56402
1.28078
1.11506
1.31685
1.61575
1.4159
1.3238
1.00163
1.21592
1.59233
1.17829
1.64155
1.24839
1.18886
4.24755
1.18573
5.79561
1.13499
1.22842
1.92734
1.01746
2.20704
1.07014
1.09279
1.04908
1.52049
1.38864
1.26999
1.06185
1.40709
1.0161
1.34143
1.71327
1.48097
1.07083
1.28963
1.23223
1.66532
1.15117
2.24281
1.06712
1.20107
1.36617
1.05931
2.00456
2.33062
1.32454
1.05619
1.88068
2.22605
1.689
1.00213
1.40656
1.1657
1.03104
1.49727
1.46618
1.28945
1.24165
1.92862
3.68812
1.01987
1.10724
1.33895
3.56173
1.51538
3.59594
1.38713
1.00836
1.41939
1.44301
7.36871
1.15779
2.12289
1.15193
1.13496
3.19651
1.85142
1.66562
1.0738
1.57432
1.46146
2.07067
1.13065
2.01398
1.19332
1.51598
1.72398
2.33688
1.60369
1.49684
1.25119
1.22926
1.04811
1.1859
1.01013
2.9202
1.03528
1.00961
1.04465
2.41521
1.07003
1.01914
1.09699
1.16033
1.54368
1.32076
1.12234
1.67986
1.1598
1.67849
1.36809
1.04991
1.12788
1.20921
1.02824
1.31684
2.11382
1.08105
1.15491
1.85594
1.22113
1.00508
1.2261
1.42433
1.67891
1.06367
1.31442
1.70807
1.0723
3.95598
1.03541
1.18732
1.26678
1.06948
1.05496
1.00653
1.16462
1.17449
1.1072
1.03679
1.74555
1.21784
1.49938
1.00055
1.52065
1.29804
1.95987
1.58016
1.19608
1.15351
1.16062
1.22463
1.45655
1.21388
3.84651
1.27968
1.06563
1.03766
1.18987
1.1596
2.71373
1.00965
1.48606
1.73899
1.29625
1.14155
1.01384
1.08162
2.33962
1.52403
1.08687
1.36069
1.54063
1.52503
1.05298
1.21636
1.12893
1.20545
1.10491
1.13602
1.12104
1.05442
1.07626
1.18084
1.10493
1.0574
1.00703
1.04711
2.18366
2.18423
1.10731
1.20031
1.00175
1.44092
2.08682
1.08631
2.29505
1.21916
1.17922
1.02915
1.95042
1.05088
1.22864
1.0472
1.28429
1.03359
2.78842
1.21124
1.06864
1.63877
1.28067
1.01041
1.11065
2.3771
1.36252
2.4161
1.28996
2.21937
2.8229
1.13335
4.29362
1.06027
1.55318
1.21822
1.01723
1.20308
2.04623
1.39329
1.06952
1.14816
1.28389
1.78873
1.64497
1.18483
1.05625
1.64913
1.14365
1.789
1.29725
1.22242
1.06477
3.11173
3.6112
1.1008
1.94117
1.34843
1.77329
1.17427
1.16284
1.00376
2.42878
2.77089
1.17781
1.25253
1.1633
1.19693
2.97064
2.38004
1.16172
1.09945
1.30963
1.35129
2.47769
1.02524
1.06673
1.35302
1.84057
1.11728
1.80892
1.35787
1.03544
2.24326
1.5166
1.6961
1.06837
1.13879
1.45795
1.50319
1.91332
1.30315
1.32277
1.05713
1.09531
1.19279
1.17467
1.95066
1.07783
1.64682
1.28331
1.06217
1.84551
2.53683
1.00293
1.19188
1.01851
1.01072
1.11009
1.13687
1.04897
1.33282
1.01304
1.01224
1.38438
1.23746
1.06112
1.36478
1.39171
1.69665
5.08309
1.33335
1.18464
1.03948
1.07617
1.33601
1.44971
1.22967
1.04894
1.11623
1.0716
1.05696
1.78867
1.33871
1.12088
1.40857
1.09494
1.61239
1.41924
1.26395
1.05768
1.07467
1.21642
1.37599
1.05022
1.17337
1.78883
1.14565
7.36339
1.11372
1.00859
1.372
1.16438
1.00192
1.00681
2.91905
1.93851
1.26338
2.13051
3.233
1.2646
1.03005
1.48241
1.43224
1.05119
1.16712
1.14668
1.78074
1.05577
1.06012
1.12039
1.12378
1.29594
1.62812
1.08332
1.01412
1.0146
2.10158
1.17904
2.52786
1.66158
1.01033
1.20326
1.17106
1.04649
1.72139
2.18724
1.2148
2.4759
1.3651
1.20761
1.54462
1.13313
1.12933
1.17828
3.96627
2.17548
1.04741
1.02503
4.22133
1.0861
1.78851
8.92123
1.31091
1.05471
1.42088
1.67824
1.01394
1.22192
2.45193
1.09616
1.5266
1.95827
1.35868
1.83435
1.16028
1.0518
1.36549
2.76127
2.06143
1.27557
2.6565
1.37358
2.93449
1.1318
1.14424
1.1602
2.55193
1.99527
1.05655
1.65488
1.04993
1.83141
1.15578
1.76231
3.27576
1.3463
1.14162
1.17323
1.62115
2.48495
1.06324
1.41129
1.21932
1.02476
1.04925
1.62948
1.67238
1.85377
1.18829
1.80563
1.01471
1.3936
2.44426
1.02698
1.00659
1.02792
1.46764
1.70733
1.14087
1.30851
1.01848
1.42549
1.20905
1.30924
1.80694
2.2498
1.2621
1.27641
1.20011
1.12426
1.12117
1.57566
1.15851
1.14702
2.08495
2.46189
1.76568
1.02729
1.31283
1.02827
1.38648
1.09556
1.32706
1.55824
1.00835
1.23552
1.49817
2.10791
1.12624
1.02728
1.08921
1.03112
1.01603
1.0729
1.26415
1.07807
1.47376
1.0625
1.3949
1.22726
1.62005
1.00674
1.21826
1.5103
1.04128
1.24938
2.793
1.51137
4.85828
4.8958
1.74618
1.29875
2.29408
1.16483
1.11379
1.14642
2.4506
1.32878
2.00891
2.19668
1.36181
1.32599
1.10129
1.17962
1.19371
1.0822
1.04006
1.17766
2.31019
1.6134
1.18131
1.01402
1.06016
1.09666
1.0536
1.18022
1.58866
2.40677
1.06299
1.8774
1.28324
1.16129
1.02712
2.99824
1.49251
1.29315
2.26612
1.19771
1.44247
1.10766
1.00028
1.11052
1.64483
3.02094
1.06933
2.21284
1.04469
2.19693
1.43031
1.16481
1.19067
1.20496
1.07053
1.56423
1.14245
1.07409
1.26846
1.00673
1.4065
1.19315
1.1766
1.48617
1.37702
1.00401
1.2655
1.28751
3.44259
1.31654
1.06951
1.05577
1.46839
1.37982
1.26014
1.80705
1.19237
1.07146
1.3399
2.56558
1.38927
1.03342
1.16519
1.01437
1.46789
1.18763
2.43521
1.09528
1.12318
3.15907
4.33213
1.19856
3.20428
1.29399
1.25376
1.04983
1.16802
2.22212
1.30671
1.10874
3.27637
1.15697
1.07129
1.06522
1.65888
3.62313
1.03506
1.44094
1.09575
1.91604
1.71049
1.45956
1.58256
1.88575
3.34678
1.03585
1.64464
1.68599
2.93888
1.30739
1.15131
3.06855
1.55354
1.80616
1.0266
1.07911
1.08135
1.54273
1.86912
1.32768
1.13784
1.12698
1.07076
1.10476
2.44877
1.21771
1.35089
1.23999
1.94354
1.12757
1.20744
1.14946
1.47472
2.77739
1.09211
1.11366
1.48909
1.06874
1.18812
1.04678
1.19858
1.77412
1.60204
2.13856
1.20821
1.4815
4.36836
1.49066
1.119
1.34561
1.08523
1.28491
1.20632
3.81876
1.04428
1.35338
2.96289
1.09679
1.17713
1.07563
1.12142
2.21277
1.03594
1.3069
1.17062
2.31986
1.04684
1.20679
1.03347
1.24285
1.18803
1.09581
1.30028
1.56961
1.03355
1.34284
2.09439
1.07246
1.3707
6.07703
1.41558
2.92985
1.15152
1.513
5.25701
1.1045
1.3513
1.78631
1.08787
1.05052
1.58598
2.06006
2.09207
1.48739
1.4417
1.12284
1.47305
1.01142
2.0126
1.91308
1.04462
1.01856
1.21999
1.27615
1.43148
1.03434
1.00821
1.32513
1.07503
1.25797
3.45569
2.21209
1.74806
1.011
1.12785
1.59346
1.10079
1.70793
2.28155
1.18674
1.43616
1.92948
1.4841
4.68993
4.39234
1.01239
1.01106
1.20522
1.40808
1.91447
1.87165
2.81897
2.36362
1.18673
1.13194
2.2421
1.42781
1.05303
1.03893
1.01626
1.12039
1.11129
1.0493
1.15666
1.64438
1.11772
2.18549
1.03272
1.1062
1.06583
1.31386
2.06929
1.08943
1.48523
1.04166
1.14246
1.01278
1.21114
1.73373
1.8084
1.2747
1.43717
1.07049
1.05729
2.5425
3.49755
1.59394
1.94047
1.03004
1.22013
1.04349
1.4037
1.12229
1.14103
1.06261
1.29873
1.04703
1.37431
1.13878
1.001
1.17137
1.02074
1.16011
2.1304
1.30272
1.0195
1.07917
1.36694
1.59242
1.02133
1.48945
3.0083
1.28425
1.09761
1.13597
1.41143
1.21271
3.6801
1.23626
1.378
1.28743
1.16447
1.3213
1.36611
1.41468
5.39355
1.30467
1.1989
1.05957
1.47724
2.16715
1.23144
1.32692
1.47286
1.31663
1.03653
1.18993
1.18476
1.25557
1.07557
1.0897
1.35932
1.12866
2.6674
1.13775
1.14707
1.49716
1.72581
1.03652
1.12432
1.41652
1.05788
1.05647
1.22037
1.11694
3.57832
1.16694
2.26427
1.68648
1.23177
1.33493
1.09875
1.03946
1.2621
2.29794
1.26177
1.67805
1.3149
1.22213
1.2264
1.15345
1.11437
1.13677
1.29217
1.34245
1.05581
1.03826
1.7936
1.31752
1.04178
1.34178
2.01183
2.53862
1.04283
1.06788
1.3124
1.2259
1.12389
1.36853
1.22814
1.42477
1.00635
2.39034
1.13572
2.31935
1.47691
1.17143
1.12573
1.73575
1.0415
2.16142
1.22568
1.0095
1.14062
1.2822
1.31958
1.07005
1.68939
1.30476
2.11825
1.07038
1.27864
1.26442
1.03674
1.22557
2.03064
1.01462
1.30752
1.11214
1.34459
1.20291
1.41525
1.13059
1.1778
1.0818
1.39327
1.52698
1.7688
2.52843
1.39111
1.63772
1.26722
1.05601
1.11439
1.85354
1.04847
2.55293
1.35241
1.35563
1.06436
1.96401
1.39923
1.33353
1.21314
1.52616
2.37316
1.07703
1.17191
1.4867
1.1261
1.38537
1.63685
1.10902
2.99155
1.28612
1.31846
1.13677
1.02283
1.18701
1.37464
1.1121
1.25503
1.06004
1.11835
2.12269
1.16805
1.14901
1.14273
1.00273
1.77251
1.3975
1.04241
1.05019
1.13841
1.0471
1.14609
1.84372
1.16559
1.09635
1.10617
1.44093
1.22935
1.15385
1.47645
1.11357
1.34133
1.40852
1.86374
1.24184
2.38082
1.12384
1.01346
3.43005
1.08572
1.12595
1.2954
1.49649
4.02115
2.27289
1.19962
1.22311
1.14793
2.50607
1.65897
1.84618
1.75217
1.37051
1.15006
1.20394
1.50396
1.13365
3.16969
1.10092
1.07451
1.52292
1.01299
1.2101
1.17179
1.0546
1.15683
1.43508
1.09112
1.19536
1.14099
1.28793
1.39118
1.12978
1.64936
1.32986
1.24696
1.33002
1.13691
1.2624
1.49819
1.15354
1.43646
1.0058
1.01601
1.579
2.85121
1.70838
2.05175
1.72019
2.07399
1.03338
2.33332
1.02272
1.33766
1.87578
1.39377
1.3001
1.29521
1.45886
1.0756
1.35532
1.17121
1.42779
1.00551
1.26464
1.0552
1.50168
1.54061
1.39296
1.09435
1.05564
1.24424
1.00295
1.08348
1.67345
1.11871
1.13821
1.13035
1.42105
1.11425
2.30529
1.16692
1.48466
1.57999
1.57651
2.07541
1.02785
1.04005
1.20237
1.14419
1.1849
1.07357
1.21088
1.59638
1.04296
1.49003
1.53594
2.15948
1.04123
1.76653
1.99156
1.22606
4.71051
1.04949
1.45303
1.03956
2.08211
1.27589
1.10083
1.0921
1.49514
1.27765
1.50717
2.4611
1.01003
1.04794
1.39421
1.2909
1.13102
1.04569
1.71765
1.27352
1.19109
1.02105
1.37865
1.07695
1.18314
1.14102
1.30078
1.16703
1.05873
2.37305
1.15867
1.43355
1.36227
1.24637
1.06603
1.24653
1.56115
1.01077
1.06949
1.07919
1.17813
1.15094
1.5231
1.42963
3.01801
1.44587
1.8637
1.40608
1.57809
1.05282
1.24843
1.17047
1.53779
1.41353
1.76523
1.16955
2.25112
1.69295
1.04229
1.25795
1.37758
1.28182
1.21671
1.17148
1.04699
1.20246
1.05079
1.06087
1.94755
1.12918
1.57766
1.19295
1.55042
1.07795
2.10791
1.00306
1.00204
1.11314
1.23937
1.01043
1.08462
1.02883
1.51451
2.34176
2.85665
1.28766
1.69734
1.81292
1.26144
1.78915
1.07507
1.76278
1.40971
1.24281
1.01822
1.34089
1.34488
1.34128
1.56708
1.348
4.0424
1.07645
1.09622
1.27868
1.37946
2.60185
1.85356
1.17117
1.19466
1.07148
1.53539
1.12481
1.3008
1.21494
1.53017
1.29181
1.42892
1.90843
1.41923
1.88307
1.20366
1.36475
1.1633
1.9387
1.09496
2.39391
1.2111
1.1582
1.10444
1.23176
3.35885
1.09752
1.47698
1.74649
1.20275
1.85972
2.23798
2.1512
1.13443
1.14157
1.22316
1.28851
1.58122
1.02523
1.61622
1.02733
1.56159
1.8563
1.06495
1.06508
1.13468
1.2152
1.05488
1.14758
1.23295
1.01949
1.36922
1.90801
1.8903
1.04007
1.59605
1.00603
1.10518
1.3212
1.80735
1.0641
1.12323
1.92581
2.68866
1.16151
2.10909
1.31721
1.107
1.77993
1.0091
2.76438
1.87167
1.14976
1.56198
1.19081
1.93244
1.77591
1.28601
1.07789
1.09741
1.2236
1.15314
1.19023
1.14972
1.68982
2.05077
1.1485
1.45719
1.15467
1.10908
1.22674
1.22699
1.96626
1.73179
1.17209
2.77183
1.25964
1.36877
1.41349
1.27492
1.07418
1.20489
1.279
1.04871
1.51021
1.01097
1.44696
1.30798
1.00406
1.2776
1.09538
1.2615
1.18548
1.08813
1.01907
1.0105
1.43678
1.69406
1.09959
1.01999
2.04181
2.11965
2.15017
1.03193
2.33543
1.01069
1.53532
1.57073
1.51211
1.09028
1.09105
1.39969
1.86438
1.3017
1.78949
1.04734
1.08725
1.79236
1.32347
1.0832
1.38807
1.03654
1.25863
1.37644
1.02629
1.32122
1.01648
1.12724
1.32159
2.47159
2.28388
1.04698
1.04956
1.0689
1.36239
1.4547
1.20471
1.1384
1.50811
1.59715
1.78999
1.58243
1.1527
1.28937
1.46614
3.35443
1.85282
1.21387
3.94717
1.17407
1.19269
1.8162
1.1712
1.08343
1.17832
2.27186
1.04601
1.71782
1.03207
1.89691
1.18539
2.18765
1.21953
1.07198
1.80471
1.1866
1.14221
1.32551
1.42342
1.85408
1.11819
1.11711
1.16162
1.13594
1.5737
1.61899
1.28516
1.11144
1.2067
1.64526
1.22704
1.06971
1.17117
1.0216
1.47648
2.42769
1.42522
2.80525
1.12595
1.02472
1.08208
1.04118
1.79986
1.02205
1.36147
1.215
1.24474
1.36971
1.2923
1.78665
1.09385
1.0787
1.31366
1.18888
1.5332
1.02557
1.0984
1.40545
2.65363
1.42018
1.14924
1.84528
1.39628
1.3407
1.00092
2.01137
1.56353
1.8556
1.09522
1.06743
1.12859
1.50708
1.6769
1.89401
1.27207
1.05452
2.94584
1.01105
1.68281
1.10227
1.24434
1.04482
1.41761
1.24407
1.11591
1.13196
1.36981
1.34044
1.12771
1.36806
1.10286
1.18692
17.7619
1.13135
1.01091
1.48681
1.34132
1.37366
1.07153
1.31192
1.39616
1.03006
1.62039
1.00785
1.20738
1.37355
1.14653
1.13352
1.49222
1.91983
1.33001
1.15936
1.11297
2.57193
1.13381
1.14091
1.01513
1.09286
1.27416
1.58469
1.01696
3.44784
1.02765
1.02538
1.89764
1.0896
1.21834
1.12621
1.22225
1.11736
1.0023
1.2545
1.13264
1.18259
1.21647
1.10651
1.29264
1.07724
2.73151
1.1925
1.08731
1.48088
1.30182
1.12686
1.20348
1.25828
1.54445
1.12571
1.7095
1.47643
1.96474
1.24702
1.16285
2.73512
1.96064
1.27168
1.31202
1.5533
2.06647
1.79904
1.22141
1.42512
1.00227
1.15955
1.72125
1.51065
1.69024
1.3419
2.45359
1.33909
1.09291
1.32943
1.46369
1.07858
2.62969
1.16463
2.20309
1.0729
1.00286
1.59223
1.61173
1.24596
1.24414
1.05325
1.66508
1.2148
3.77244
1.00952
1.21908
1.12742
1.6156
1.11115
1.26773
1.2772
2.05921
1.64301
2.22218
1.4756
1.45358
1.03064
1.96219
1.23504
1.75083
1.24334
1.63854
1.01331
1.15967
1.13199
1.7838
1.00022
1.34258
1.26173
1.07644
1.35146
1.29262
1.19215
1.25925
1.34446
1.07485
1.57688
1.32008
1.15919
1.25142
1.41425
1.1705
1.15686
1.20701
1.10304
1.23771
1.2187
1.42557
2.47321
1.77926
1.36662
1.11591
1.03589
3.64661
1.13384
1.2499
1.5936
1.65786
1.09035
1.1861
1.14277
1.12039
1.00608
2.95077
1.05189
1.0992
3.46928
1.14095
1.01176
1.49456
2.58408
1.096
1.95589
1.37174
2.63718
3.49293
3.05613
1.03356
1.22704
1.05926
1.02022
1.13629
1.88605
1.67246
2.20048
1.72739
1.10897
1.36524
1.72526
1.03592
3.55693
1.74135
1.05635
1.10421
1.4036
1.54306
1.03473
1.0868
1.06474
1.31354
1.04674
1.21402
4.36849
1.12374
1.03848
1.24888
1.01985
1.09293
1.07653
1.73201
1.76855
1.09247
1.35477
2.894
1.13786
1.20703
1.19656
1.47622
1.61246
1.23321
1.14036
1.14017
1.34895
1.23299
1.10708
1.46568
1.11464
1.77636
1.14472
1.02297
1.4391
1.64316
1.24569
1.49334
1.40309
1.03093
1.08079
1.03774
1.00049
1.09465
1.71227
1.59026
1.74288
1.09437
1.03038
1.00985
1.76288
3.83757
1.08586
1.55817
1.31852
1.64849
1.16229
1.36737
1.28712
1.02615
1.24695
1.19468
1.56785
1.10495
1.12765
3.59263
1.09
1.51426
1.107
1.44165
1.39263
1.06219
1.00238
1.50508
1.01369
1.29401
1.06751
1.01483
1.19089
1.49502
1.98193
1.53915
1.34994
1.24094
1.05499
2.93387
1.03495
1.22227
1.03033
1.47398
1.09321
1.11605
1.5773
1.19438
2.4859
1.0103
2.16484
1.42428
1.19294
1.07046
1.0588
1.30229
1.72049
1.31257
1.16792
1.15134
1.13255
1.13365
1.03367
1.19184
1.11535
1.0418
1.08172
1.18875
1.01805
1.7771
1.25506
1.2913
1.03505
1.38967
1.37804
1.14347
1.44359
1.29828
1.22036
1.26982
2.78023
1.78698
1.40729
1.6045
1.0427
1.33441
1.08542
1.08209
3.61438
1.11862
1.36761
1.42054
1.16805
1.40356
4.86892
1.15859
1.14053
1.16092
1.1257
1.32242
2.85092
1.00787
1.13975
1.41207
1.12671
1.17305
1.46025
1.20842
2.44597
1.11607
2.20742
1.98797
1.25466
1.17354
2.25736
1.57309
1.44023
1.91827
1.3041
1.67711
1.01647
1.11253
1.55401
1.00821
1.44041
1.01094
1.95388
1.04376
1.3101
1.01024
1.14326
1.06722
2.20367
1.13032
2.20977
1.2528
1.59342
1.98643
1.01803
1.24636
1.54096
1.24231
1.44637
1.6369
1.32095
1.0277
1.00869
1.00874
1.03469
1.05847
1.07395
3.54865
1.7303
1.75547
1.05688
1.26635
1.75531
1.77738
1.37841
2.67916
1.27234
1.21689
1.04842
1.14678
1.10839
2.89374
1.15653
1.67625
2.05602
1.45815
1.49184
1.20018
1.44349
1.7116
1.05054
1.25129
1.82049
2.40749
1.43396
1.74047
4.01391
1.92512
1.89577
1.3828
1.29705
1.54385
1.00787
1.45297
2.77728
1.05441
1.54929
1.75965
1.41487
1.90692
1.02256
1.16315
2.35239
1.4207
1.05441
1.12107
1.00697
1.89939
1.7966
1.49087
1.60903
1.90183
1.20587
1.13436
1.14294
1.1122
1.13646
1.86649
4.62025
1.57993
1.02431
1.20896
1.20854
2.64638
1.11018
1.27065
1.11871
1.01334
1.44678
1.07507
1.16534
2.23725
1.0779
1.3595
1.04789
1.07931
1.70646
1.10328
1.39035
2.67326
1.29319
1.08208
1.78419
1.50736
1.7145
2.25021
1.30397
1.35229
1.12942
1.83476
1.16417
1.75436
1.20384
1.52574
4.63145
1.3989
1.84359
1.06303
1.15233
1.71599
1.16592
1.01643
1.12292
1.36696
1.1403
1.22682
3.54841
1.53288
1.16184
1.27274
1.02724
1.03921
1.09788
1.22834
1.65142
1.35397
1.2885
3.61325
1.05759
1.33849
3.11705
1.00234
2.53912
1.09779
2.1137
1.32706
1.34187
1.31263
14.978
1.46683
1.11995
1.35765
1.22109
1.18935
1.28391
1.95157
1.50096
1.03459
1.09607
1.49742
1.38819
1.42614
1.04596
1.34508
1.4689
2.15017
2.81435
1.15651
1.74167
1.21595
1.4306
1.08651
1.79507
1.20653
2.00664
1.14722
1.12522
1.03036
1.12573
1.45976
2.91218
1.00508
1.61222
1.03495
1.14172
1.1071
1.45819
1.44723
1.01786
1.08682
1.06242
1.4918
1.54235
1.22023
1.05858
1.11654
2.60529
1.20664
1.1508
1.01226
1.25282
1.12771
1.20908
1.58709
1.0542
1.10336
1.24295
1.19243
1.16871
1.93083
1.50014
1.093
1.80816
1.04961
1.37789
1.01452
1.4272
1.98327
1.26307
1.08622
1.39736
1.37542
1.19125
1.19065
1.15132
2.07475
1.54163
2.40206
1.13295
1.08864
1.33061
1.23328
1.09492
3.31581
1.68983
1.3749
1.23884
3.54044
1.29771
3.90511
2.34404
1.15748
1.62111
1.05884
1.32675
1.91899
1.15085
1.25617
1.18847
1.04666
1.36967
1.19184
1.36499
1.03596
1.20549
1.737
1.09727
1.0131
2.4991
1.13336
5.30072
1.14029
1.52824
1.06188
1.63924
1.11829
1.3778
1.14744
1.23096
1.01616
1.05165
1.42206
1.51505
1.2303
2.34969
2.11857
1.31998
1.66513
1.73526
1.51008
1.30134
1.39918
1.23765
1.04659
1.86262
1.31174
3.33648
1.03644
1.53092
1.30804
1.15628
1.29851
1.02674
1.34803
1.0323
1.22948
1.572
1.38267
1.11469
1.23399
1.56224
1.15453
1.94329
1.04712
1.39037
1.09013
1.61534
4.04298
1.76463
5.64214
1.07516
2.15587
1.06343
1.18361
1.19883
1.06942
1.14906
1.04135
1.04495
1.12723
1.03967
1.10852
2.27501
1.09312
1.03462
1.07516
1.60812
1.14192
1.09722
1.22499
1.22136
1.35442
1.44992
3.87898
1.02158
1.61151
2.60822
1.1087
1.44484
11.9713
1.55766
1.34553
1.67513
2.027
1.08628
1.63741
1.51707
1.64941
1.19186
1.03702
1.4135
1.37165
1.0364
1.43105
1.86906
1.37574
1.21978
1.41063
1.00128
1.00237
1.7482
2.18778
1.34133
1.00089
1.01956
1.2656
1.12468
1.0341
1.0051
1.01157
1.5467
1.03997
1.88892
1.32196
3.4746
1.13377
1.4132
1.13498
1.00288
1.13374
1.58692
1.41992
1.03494
1.22932
1.39098
1.1045
1.24186
1.62522
2.03536
1.19753
1.50764
1.1164
1.29087
1.57584
1.12075
1.8226
1.77774
1.00854
1.02506
1.32602
1.77899
1.16922
1.13388
1.237
1.18434
1.59011
1.05946
2.04651
1.06347
2.39689
1.08137
2.37572
1.64428
1.08514
1.02309
1.43989
1.09091
1.28997
1.00647
1.30093
1.03079
2.67266
1.06302
2.04664
1.05454
1.59268
1.03128
1.17523
1.05032
1.59003
2.89366
1.40257
4.5678
1.91271
1.04444
1.43101
1.19091
1.03836
1.14832
1.21542
1.0241
1.06375
1.8571
1.35061
1.25117
1.12655
3.60399
3.8628
1.04282
1.08372
1.08206
1.04847
1.39167
7.58857
1.23617
1.12562
1.89816
1.63855
1.36498
1.56019
1.03083
1.41881
1.4396
1.42366
1.3553
1.10322
1.03857
3.48184
1.03307
2.10381
1.38059
1.34283
2.27408
1.03692
1.17481
1.17908
2.48509
3.65677
2.19808
1.68827
1.34207
1.11325
1.04321
1.3034
1.19398
1.28223
1.36138
1.11276
1.23696
1.16224
1.54455
1.1002
1.1397
1.50789
1.40086
1.28602
3.41837
1.70332
1.02672
1.28618
1.13741
1.13513
1.31176
1.25781
1.27697
7.45504
1.34244
2.70163
1.76061
2.26544
1.38956
1.04704
2.59128
2.38737
1.14491
1.36508
1.20698
1.38451
1.60867
1.38323
1.10145
1.40501
1.14535
2.01777
1.15624
1.02354
3.05186
1.33891
1.23327
1.03182
1.4154
1.16491
1.6893
2.18563
1.07703
1.44342
1.13934
1.47281
2.35167
1.09496
1.57569
1.931
1.1143
1.66077
1.53499
1.2425
1.1802
1.02161
1.18315
1.01247
1.14457
1.1741
1.27575
1.02512
1.12214
1.12881
1.01989
1.43274
1.01195
1.15825
5.32983
1.06885
1.28047
1.13257
1.30769
1.14105
1.577
1.27063
1.83589
1.01364
1.28301
1.00208
1.43448
2.50872
1.01718
1.14639
1.34767
1.73112
1.48096
1.00835
1.03665
1.18483
2.81309
1.20388
1.39128
1.16794
4.16313
1.05419
1.76564
1.05674
1.06214
1.08785
1.89161
1.2078
1.40774
1.11635
1.53513
1.04991
1.3894
1.10451
1.90176
1.52479
2.64614
1.31451
1.088
1.00458
1.04716
1.97785
1.52019
1.03288
1.23226
1.14465
4.58346
1.04341
3.46237
1.71318
1.26424
1.27052
1.28288
2.17844
1.56299
1.14788
1.00912
1.08124
1.07959
1.33081
1.40657
1.04277
1.33585
1.08511
1.26392
2.51401
1.04784
1.11428
1.20373
1.1078
1.17582
2.27326
2.13381
1.19056
1.08404
1.0588
1.43689
1.01299
2.599
1.07508
1.84068
1.40303
1.00401
1.07261
1.17206
1.00953
4.0525
1.52747
1.04939
1.01632
1.07724
1.0388
2.41363
1.43138
1.2003
1.04237
1.39199
2.66805
1.18661
1.58706
2.46228
1.12907
1.54872
1.1012
1.15468
1.01743
1.64639
1.2179
1.99612
1.72075
1.53654
1.04322
1.28705
1.15957
2.08983
1.89003
1.23341
1.04484
1.50446
1.07363
1.03399
1.01875
1.50329
1.29317
1.04477
2.09966
1.4252
1.66525
1.08647
1.27346
1.27216
2.15597
4.75608
1.02748
1.20518
1.39169
2.26865
1.21854
1.4087
2.07803
1.04528
1.00792
1.14024
1.0207
1.33341
1.07134
1.13203
1.22874
1.39344
1.16127
1.29807
1.22387
1.07939
1.29124
1.20171
1.11586
1.07572
1.1438
1.75156
1.11235
1.0632
1.07338
1.16967
1.10002
1.16271
2.62527
1.33386
1.22366
1.06623
1.64777
1.59956
1.23036
1.38338
1.17442
1.10757
1.04835
1.04627
1.24773
1.09506
1.02668
1.61597
1.38293
1.18609
2.2673
2.29069
1.28918
2.58852
1.35576
1.09343
1.56102
1.19421
1.16237
1.00855
1.08825
5.11117
1.29643
1.18292
1.07376
1.51519
1.33647
1.70321
1.00385
1.29414
1.11517
1.24667
1.13419
1.73358
1.49409
1.26614
1.4068
1.73115
1.07103
1.44638
1.00874
3.43046
2.26611
1.11585
1.06493
1.28655
1.13494
1.29912
1.04986
1.06972
1.55375
1.18058
2.96237
1.64099
1.33924
1.29118
1.00714
2.23484
2.15582
1.04585
1.02811
1.24226
1.06775
5.20923
1.08728
1.03677
1.15727
1.18062
1.93597
1.0049
1.76615
1.19715
1.10615
1.01231
1.05135
1.13041
1.01048
1.09733
1.00324
2.21973
1.49366
1.08193
1.88461
1.0699
3.02444
1.49538
1.57672
1.12489
1.52173
1.10226
2.2902
3.23194
1.0768
1.243
1.57375
3.88326
1.89137
1.87367
1.04383
1.15414
1.37168
1.21614
1.24753
1.22773
1.76086
1.07655
1.57135
1.7237
1.42079
1.82156
1.39709
1.08418
1.30344
1.35403
1.11417
1.39801
1.30553
1.01914
1.08483
1.09479
1.25648
1.28908
1.81407
1.53714
1.22974
1.06208
1.34038
1.07454
1.20313
2.30904
2.63706
1.68424
1.32084
2.33555
2.88866
1.02717
1.98188
2.06091
1.09201
1.11008
1.15925
1.36372
1.8226
1.16049
1.04734
1.21076
1.39816
1.52964
1.18647
1.02706
1.06577
2.41668
1.26714
1.00801
1.5721
1.09931
2.33875
1.23845
1.28276
1.05689
1.00191
1.364
1.04575
1.39614
2.53853
1.27973
1.30516
1.27506
1.45233
1.1337
1.02623
1.1446
1.18396
1.39921
1.37655
1.04269
1.01877
1.00094
1.07597
1.34085
1.2268
1.30202
1.42111
2.00932
1.2246
1.12087
1.1439
1.1151
1.74661
1.218
2.38131
1.14883
1.33505
1.01845
2.1616
1.07099
1.76347
1.23986
1.30909
1.35016
1.0314
2.44185
1.18541
1.28168
1.12739
1.15776
1.04576
2.2465
2.0259
1.03761
1.15922
1.03544
1.45883
1.36713
1.00968
1.54926
1.17444
1.9774
1.10516
1.22127
1.01458
1.7852
1.20895
1.07443
1.01164
1.20738
1.14193
1.28855
2.47974
1.37806
1.62034
1.01073
1.2688
1.58014
1.23453
1.18809
1.46049
1.0087
4.27819
1.4392
1.0197
1.05577
2.17958
1.89096
3.14541
1.02651
1.29485
1.01149
1.7678
1.39972
1.50471
1.05807
1.08687
1.18009
1.48365
1.39107
1.27115
1.16787
1.32514
1.12324
1.47463
2.92868
1.23119
1.06355
1.07546
1.34306
1.16784
1.01443
2.84373
1.06332
1.53697
1.38882
1.41966
1.16275
2.85706
1.00622
1.03575
1.1164
1.52805
1.00218
1.58066
1.03539
1.31595
1.01683
1.99344
1.38053
1.06625
1.02863
1.17274
1.27166
1.34392
1.13354
1.0315
1.20535
1.12972
1.11196
1.304
1.98369
1.02919
2.40991
2.2813
1.66422
1.06233
1.06958
2.49263
1.04065
1.30952
1.66165
1.56245
1.26751
1.15465
1.19231
1.34127
1.40176
1.52438
1.00133
1.11465
1.03036
1.09777
1.07174
1.24485
1.14681
1.42029
1.07857
1.00247
1.1012
1.09396
1.4323
1.23721
2.80925
1.39877
1.16709
1.57879
2.04288
1.64381
1.01104
1.27803
1.6612
1.0722
1.23436
2.35785
1.32399
1.22155
1.9484
1.08901
1.02965
1.68841
1.2347
2.33547
1.10358
3.28146
1.79138
1.21724
1.42833
1.50027
1.07337
1.51357
1.7592
1.10934
1.55266
1.26086
1.22853
1.05568
1.18998
1.04062
1.06487
1.02406
1.24276
1.01856
1.70367
1.81276
1.16144
1.17021
1.06991
1.15385
2.02812
1.12955
1.29652
5.15265
1.23975
1.0898
1.5264
3.46913
1.17363
1.02822
1.12848
1.47305
1.5356
1.79109
1.09847
1.05325
2.83573
1.82382
1.14853
1.3889
1.61126
1.60181
1.84301
1.43621
1.03706
1.22633
1.41504
1.78258
1.0883
1.1505
1.24837
1.06505
1.23469
2.55922
1.08683
3.40217
1.18708
1.93012
1.0333
1.02272
1.01036
1.12344
1.00755
9.07663
1.02254
1.04303
1.00114
1.27145
1.21477
1.57427
1.30932
1.25142
7.54718
1.49964
1.0104
1.04026
1.12806
1.69145
2.42462
2.73276
1.04531
1.79
1.18786
1.08522
1.34986
1.15428
2.92
1.05362
1.19026
1.51503
2.1877
1.26842
1.52884
1.07649
1.12948
1.43659
1.18841
1.05465
1.87948
1.00589
1.45572
1.2559
1.38504
1.53054
2.51602
1.08875
1.57978
1.35669
1.34642
1.04028
1.29171
2.18616
1.0403
1.86416
1.41726
1.14831
1.02656
1.13615
1.25976
1.43717
1.32594
1.12292
1.18494
1.75261
1.34415
1.1183
5.40083
1.42017
1.19152
1.47006
1.00847
1.19198
1.20879
1.1492
1.00057
1.05169
1.48386
1.11298
2.24049
1.86248
1.1965
1.66641
1.17897
1.66888
1.34614
1.71574
1.22823
1.8402
1.85244
1.11354
1.05455
1.68745
1.25925
1.17274
1.27748
1.5165
1.03981
1.08566
1.34498
1.82547
1.49027
1.20468
1.69857
1.04315
1.24447
1.16856
1.0011
1.02644
1.81488
2.39396
2.99225
1.09026
1.55986
2.13308
1.3933
1.21189
1.34314
2.40125
1.00068
1.107
1.67325
3.23328
1.09083
1.21257
1.26232
1.32315
1.0719
1.07963
1.14907
2.09396
1.51274
1.89301
1.96152
1.41945
1.12128
1.00457
1.45361
2.44985
1.1872
2.65571
1.18075
3.73718
1.12082
1.0619
1.31347
1.12572
1.26273
1.09772
2.01407
2.60845
1.27141
1.27059
1.42136
1.56564
1.46904
1.6685
2.33448
1.59623
1.3582
1.03465
1.26459
3.10819
1.66987
1.48868
1.12793
1.04263
1.07086
1.36713
1.35813
2.21582
1.34652
1.32951
1.02331
1.34403
1.0568
1.2791
1.09799
1.31203
2.04009
1.81567
1.71862
1.1157
2.34833
1.46757
1.04653
1.03551
1.40698
1.01652
1.08262
2.61384
1.13819
1.1162
2.71735
1.05652
1.49886
1.12435
1.10282
1.64904
1.15011
1.12228
1.25869
2.29716
1.40344
1.03114
1.00754
1.01182
1.27386
1.88491
1.19471
6.40685
1.24989
1.01482
1.17452
2.63937
1.72084
1.04138
1.52157
3.95878
2.40669
1.22121
1.26782
2.01608
1.55952
1.82625
1.41923
1.02603
1.01717
2.51745
2.20787
1.01352
1.05751
1.85673
1.16441
1.07138
1.53465
1.05569
1.19331
1.27555
1.04746
1.54155
1.6442
1.39101
1.20584
1.55115
1.11018
2.76715
1.39365
1.41818
1.00241
1.19225
1.78287
1.01987
1.16063
1.07758
1.01033
1.77581
1.06627
1.1732
2.97379
1.0092
3.6206
1.14044
1.51935
1.60435
1.02531
1.32607
1.38015
1.18908
1.21571
1.29337
1.43978
1.21956
1.63097
1.25707
1.01383
1.02952
1.2771
1.04303
1.16134
1.28174
1.5067
1.78362
1.67225
1.46475
1.12054
1.36131
1.27878
1.76766
1.48139
2.63713
1.68369
1.04348
1.02127
1.07903
1.04254
1.75514
1.11629
1.62492
1.4662
1.12999
1.15391
1.44656
1.54771
1.03601
4.12244
1.8297
2.47167
2.70797
1.09807
1.02266
1.06907
1.75082
1.17953
2.50364
1.35294
2.70417
1.0533
3.36441
1.62
1.305
1.59709
2.30706
1.28719
1.48075
3.6845
1.07461
1.1656
3.5791
1.18114
6.36111
1.32389
1.58731
1.48372
1.03956
1.00615
1.90096
1.86371
1.08723
1.0061
1.53139
1.03471
1.07954
1.08
1.02021
1.32143
1.27074
2.11109
1.29563
1.10407
1.02266
1.0137
1.89961
1.06077
1.4308
1.36548
1.02573
2.91386
1.42218
1.14251
1.65098
1.33343
1.01601
1.65614
1.1605
1.03634
1.09949
1.08977
1.00239
1.39537
1.12
1.18142
1.06161
1.01333
1.33962
3.09761
1.34757
1.08224
1.40097
1.14643
1.10608
1.40173
1.27624
1.89681
2.5563
1.36494
1.31801
2.44406
1.35266
2.06762
1.36051
1.9583
1.21605
2.62507
4.735
1.70377
1.10024
1.58873
1.38004
1.07361
1.32431
1.14976
1.07472
1.15338
1.10401
2.06181
1.64759
1.64181
1.10768
1.09143
1.12559
1.04497
1.19747
2.08466
1.19932
1.03918
1.72148
1.03368
1.01894
1.70542
2.48393
1.82367
8.18446
1.20885
1.00452
1.13606
1.11692
1.25533
3.30976
2.46237
1.00411
1.07815
1.62833
1.03753
1.4973
1.31731
1.45325
3.10503
2.48681
1.29249
1.29552
1.66546
1.16201
1.24334
1.25075
1.05385
1.19378
1.07991
1.66052
2.15322
1.0647
1.02176
1.1162
1.13477
1.25208
1.79288
2.81202
1.13786
2.37293
1.05439
1.03275
1.51032
1.14288
2.74458
1.07706
2.31462
1.03674
1.8562
1.06295
1.75864
1.03283
2.32321
1.25148
2.66257
1.03632
4.54736
2.29435
1.32227
1.34389
1.15016
1.11637
1.19734
1.14005
1.63527
2.15784
1.06638
1.01557
1.22054
1.137
1.39134
2.82174
1.15001
3.45249
1.03773
1.04291
1.06791
1.17147
1.15461
1.18822
1.20971
1.39764
1.29553
1.00136
1.04172
1.38382
1.09165
1.10264
2.97291
1.1174
1.80407
1.06292
1.00229
2.65492
1.0035
1.28116
1.04453
1.41884
1.18559
2.04716
1.73489
1.82567
1.081
1.04546
1.5533
1.53343
1.59324
1.06446
1.04149
1.86645
1.18418
1.33093
1.07251
1.22739
1.46421
1.52211
2.0955
1.02591
1.42415
1.238
1.00872
1.65542
1.00085
1.0782
1.001
1.1729
1.05317
1.06789
1.29251
1.08318
1.46078
1.03684
1.01685
1.06574
1.66501
1.40427
1.41082
1.0019
1.1025
1.49611
1.86115
1.06194
1.44335
1.00474
1.09566
1.92862
1.7121
1.00757
1.51762
1.30808
1.00088
1.22621
1.06711
1.17146
1.02116
1.07435
1.0805
1.04625
1.0286
1.95925
1.16381
1.10041
1.33156
1.51403
1.23128
1.87211
1.10524
2.24799
1.4135
1.15377
1.73715
2.52926
1.33307
1.6922
1.13891
1.01784
1.18724
1.13119
1.1456
1.49543
1.89555
2.11191
1.73198
1.16864
1.61011
1.15419
1.10673
1.06245
1.29522
1.21481
1.28954
1.09244
1.29931
1.34802
1.01757
1.28813
1.46974
1.0062
1.04442
1.09172
1.09192
1.2379
1.08813
1.14022
1.34581
1.77571
1.23295
1.07717
1.31978
1.32703
1.12753
1.05628
1.37319
1.02914
1.3788
1.35124
1.19998
1.40461
1.00744
1.20391
1.28882
1.02995
1.07675
1.81211
1.43397
1.1765
1.02269
1.24935
1.03924
1.56936
1.25424
1.02165
1.21371
1.14451
1.14515
1.41869
1.00162
1.13042
1.37236
1.14636
2.24919
1.1061
1.05181
1.31002
1.19977
2.20188
1.58101
1.09465
1.24351
1.85907
1.16925
1.52948
1.65646
1.36825
1.00465
1.11525
1.07127
1.41836
2.98367
1.24926
2.07022
1.01584
1.70079
1.02075
1.00658
1.08008
1.27416
1.24258
1.37322
2.09878
1.19208
5.2102
1.16335
1.08366
1.09866
2.20373
1.73051
1.4525
1.03017
1.0023
1.94467
1.7051
1.02654
1.11438
1.2217
1.67536
1.05786
1.35227
1.48191
1.17662
2.7073
1.21155
2.46025
1.52568
1.16933
1.57697
1.01483
1.24598
3.305
1.16173
1.32852
1.10685
2.03383
1.05523
1.06377
2.61353
1.11815
1.35768
1.05419
1.52687
1.31606
1.98504
4.66365
1.39296
1.36974
1.42175
1.30342
1.40288
2.2385
1.08215
1.06871
1.05567
1.04624
1.0801
1.11639
1.05693
1.23528
1.57748
1.14672
1.057
2.13013
2.24084
1.30321
1.06858
1.08549
3.43572
1.56304
1.01368
1.61024
1.27132
1.79517
1.71877
1.12248
4.95547
1.4523
1.46895
1.28831
1.23345
1.12915
1.38478
1.26774
1.10455
1.37227
1.53518
1.02852
1.07213
1.28946
1.01585
1.05357
1.02692
1.00687
1.03463
1.15094
1.17179
1.27206
1.06904
1.3126
1.90453
1.89219
1.04148
1.89215
1.48368
2.22876
3.51333
1.79726
2.3285
3.93861
1.15267
2.16241
1.08664
1.53192
1.19218
1.06903
1.76472
2.42025
1.30344
1.36385
1.10798
1.76434
1.0326
1.03734
1.43512
1.33746
1.43908
1.96343
1.07093
1.89033
2.29187
1.22086
1.45723
2.77617
1.42672
1.0259
1.02129
1.76281
1.88086
4.27297
1.70778
1.01898
1.92844
1.01694
1.19035
1.46469
1.02425
1.11444
1.03771
1.21254
1.12339
1.19524
1.10841
1.14618
1.2214
1.52149
2.2927
1.17984
1.51284
1.05295
1.31595
4.45273
2.00934
1.15714
1.12142
1.26038
1.09346
1.20783
3.0539
1.05043
2.02434
1.01129
1.01001
1.26452
1.62264
1.00523
1.6623
1.46196
1.15831
1.52643
1.67976
2.55539
1.65141
4.19792
1.26221
1.13444
1.04498
1.87328
1.07348
1.1757
2.46547
1.07592
1.23792
1.54219
1.62168
1.46318
1.29688
1.18256
2.29991
2.06924
1.73135
1.20507
1.05934
1.03945
1.10263
1.035
1.09455
1.37471
1.08365
1.82566
2.88902
1.47876
1.11381
1.50661
1.40869
1.30852
1.04933
2.01023
1.25874
1.23543
1.10968
1.3747
2.3462
1.2856
6.83356
1.12507
1.39986
1.2205
1.07839
1.03264
1.46301
1.27617
1.05112
1.37527
1.20141
1.1888
2.62843
1.02277
2.36358
1.06172
1.60785
1.07311
1.37511
1.02069
2.3877
1.81784
1.05746
1.94116
1.08244
1.34137
1.45723
1.0425
1.04611
1.24805
1.00046
1.37528
1.23026
1.00797
1.07264
1.00088
1.12088
1.56151
1.0213
1.0674
1.30702
1.4895
1.9259
1.12445
1.14188
1.55887
1.36264
1.07503
1.17053
1.02809
1.40732
1.02399
1.00991
1.16134
1.12155
1.23733
2.62474
1.00573
1.4242
1.06697
1.0756
1.14471
1.16899
1.95897
1.00363
1.27579
2.46359
1.76597
1.24644
1.42395
1.19829
1.56961
1.60646
1.03213
1.81471
1.16123
1.57246
1.12348
1.01401
1.40245
1.01428
1.26277
1.64891
1.58446
1.05673
1.31898
4.54105
1.03123
1.99031
1.17471
1.30488
1.02434
1.13005
1.0838
1.18015
1.10816
1.17882
1.38545
1.48377
2.52181
1.43784
1.15046
2.43166
1.19707
1.19207
1.00095
1.06569
1.07539
1.10335
3.56851
4.16148
2.49347
1.0277
1.01661
1.25721
1.2204
1.05184
1.12908
1.09817
1.34012
1.18962
1.72775
1.50564
2.98354
1.07559
1.01673
1.17155
1.0826
1.32407
1.05636
1.61334
1.29854
1.05135
1.52588
2.71422
1.46087
1.81093
1.10801
1.25614
1.08406
1.19555
1.19512
1.18874
1.01431
1.39192
1.93877
1.99223
1.55059
1.73005
2.7171
1.08087
1.46844
1.11463
1.03471
1.05382
1.19019
7.66246
1.0722
1.35241
1.40026
1.14098
2.68576
1.12593
2.30191
1.17495
1.52711
1.14942
1.0981
1.60355
1.16446
1.43588
1.44495
1.1895
1.16024
1.77368
1.88743
1.24152
1.15399
1.3057
1.0458
1.60602
1.26016
1.62373
1.29866
1.51011
2.59944
1.39792
1.49981
1.37107
1.23577
1.39042
1.23836
1.02491
1.08923
1.58064
4.54998
1.24789
1.3126
1.13585
1.49644
1.1237
1.17014
1.00349
1.77813
1.02208
1.94325
1.05323
1.3148
1.3016
2.19175
1.36245
1.10001
1.12613
1.0212
1.01245
1.41705
1.60492
1.11768
1.3254
1.20971
1.01655
1.10367
1.07403
1.06955
1.1785
1.28288
1.13989
1.89646
1.62328
1.09866
1.39773
1.29941
1.37124
3.45699
1.17058
1.65437
1.21549
1.06615
2.71729
1.24551
1.46487
1.03314
1.42737
1.31081
1.04898
3.09048
1.19571
1.15118
1.20534
1.26913
1.11614
1.01875
1.08676
1.06362
1.93231
1.34511
2.88332
3.63107
1.79242
1.09123
2.22589
1.86373
2.37095
1.08063
1.10873
1.07567
1.19349
1.05665
1.84642
2.03426
1.26445
1.02585
1.77441
1.01344
1.20451
4.07105
1.10485
1.09854
1.66485
1.11798
2.33831
1.52861
1.33971
1.15933
1.46148
1.27014
1.25841
1.10682
1.29395
1.29542
1.07707
1.29106
1.9309
1.08566
1.30929
1.65112
1.13981
1.23068
1.94683
1.0449
1.73202
1.02044
3.37414
4.17594
1.82743
1.29951
1.40755
2.24166
1.67661
1.18887
1.30436
1.25282
2.05124
1.06512
1.50801
1.98246
1.31133
1.00431
1.26694
1.23492
1.51741
1.08039
2.12055
1.39321
1.0412
1.01243
1.49854
1.54844
1.22578
1.081
1.10112
1.44253
1.1439
1.15092
1.83181
1.15226
1.33574
1.0456
1.0168
2.58702
2.49398
1.38721
1.56806
1.65309
1.7235
1.87466
1.64358
2.06326
1.2187
1.10334
1.50748
1.29345
1.29536
1.79167
5.61243
1.08867
3.40637
1.14028
1.26379
1.30472
1.7249
1.12143
1.10685
1.27447
2.42242
1.18933
1.32417
1.03124
1.30933
1.03598
1.0224
1.71965
1.00819
1.25706
1.25004
1.01707
1.26685
1.27082
1.36778
1.08536
1.27244
1.00153
1.12706
1.08143
1.04107
1.3148
1.87679
1.05369
1.09691
1.02987
1.22763
1.16789
1.04951
1.27789
2.10043
2.23796
1.8153
1.34918
1.16847
1.05059
1.23799
1.04908
3.95582
1.24363
1.95856
1.2033
1.12379
1.06953
1.29755
2.90704
1.21487
1.71247
1.10638
1.61947
1.02337
1.09261
2.21182
1.15673
1.56281
1.0809
1.53067
1.49624
1.23278
1.37484
1.43737
1.23594
1.08558
1.23176
1.23805
2.07064
1.28933
1.25053
1.21544
1.39817
1.17834
1.53492
1.01106
1.01415
1.26256
2.18329
1.53696
1.63329
1.22529
1.87219
1.40102
2.05608
1.33651
1.3715
1.2175
1.44781
1.18283
1.63149
1.59443
1.31005
1.47354
1.08691
2.58436
1.39035
1.28147
1.93532
1.45756
1.86817
1.26036
1.17093
1.26601
1.36175
1.17572
1.33852
1.13502
1.13619
1.0993
1.5043
2.02754
1.28527
1.34532
1.73554
1.73528
1.14595
1.14026
1.85806
2.52759
1.23271
1.15151
1.6241
1.22997
1.00883
1.05701
1.25356
1.07348
1.07494
1.07724
1.363
1.53316
1.03751
1.24498
1.21692
1.85951
1.46916
2.29666
1.58393
1.11049
1.22007
2.00968
1.01665
1.38635
1.17723
1.15445
1.03001
1.6612
1.03819
1.07607
1.05199
1.56716
1.40023
1.62858
1.94028
1.03453
1.96239
2.08926
1.05086
1.1613
2.48334
1.28762
1.47782
1.10713
1.0158
2.43118
1.45909
1.10592
1.11277
3.24416
1.04729
1.78056
1.05444
1.47624
2.33443
1.3687
1.14237
3.73149
1.36149
1.76776
1.20366
1.69781
1.19532
1.24693
2.0857
1.69526
1.26146
3.52236
1.36988
2.04586
1.44877
1.32123
1.25678
1.03901
1.46253
1.06001
1.28947
1.79828
1.36255
1.76372
1.334
1.12969
1.16555
1.50417
1.68104
1.39345
1.08392
1.16484
5.32778
1.04288
1.07645
1.74924
1.38297
1.30678
1.31895
1.01364
1.0962
2.15774
1.33044
1.08494
1.03515
1.26312
1.21553
1.0602
1.15015
1.33147
1.3455
1.40212
1.04077
1.29965
1.44772
1.79611
1.61673
1.01797
1.14327
1.40338
1.26777
1.54134
1.92517
1.79344
1.73324
1.33851
1.80896
1.39126
1.50005
1.14875
1.22651
1.13267
1.03072
1.71653
3.45871
1.22766
1.50491
1.79441
1.12261
1.39648
1.10907
1.88248
1.43506
1.3556
2.223
1.05974
1.38185
1.22662
1.07236
1.03572
1.31388
1.60333
1.8734
1.08013
1.05645
1.20783
1.04715
1.24879
1.32074
1.10771
1.11547
1.67082
1.04108
1.11946
1.00018
1.06325
1.02048
1.36666
1.38243
1.43414
2.36453
1.79526
1.58129
2.00276
2.08378
1.31141
1.03386
1.69209
1.02037
1.41851
2.03925
1.4843
1.12161
1.25258
1.56768
1.18371
1.11606
1.18397
1.00546
2.8711
1.19521
1.35831
1.10365
1.1822
1.61155
1.00904
1.24746
1.02774
1.50142
1.24688
1.54699
1.0278
1.61149
1.46416
1.34119
1.02895
1.36092
2.16559
2.82963
1.06707
1.80145
1.01639
1.50195
1.56718
1.10462
1.06424
1.35099
1.0703
1.06104
1.24158
1.95156
1.04646
1.15647
1.3494
1.23045
1.04287
3.81011
1.062
1.54463
1.4126
1.46774
1.30385
1.32422
1.89891
1.08776
1.22104
1.36494
1.0022
2.93947
1.03387
1.02933
1.33247
1.15527
1.28064
1.28586
1.36119
1.39327
1.32879
1.35467
1.32743
1.1278
1.07402
1.0962
1.02711
1.61095
1.58842
1.30002
1.12388
1.55475
1.11077
1.26586
1.05879
1.74604
1.37819
1.06258
1.26611
1.02417
1.20453
1.80315
1.29466
1.84945
1.62998
1.31113
2.28137
1.28079
1.02641
3.00912
1.02064
1.45285
1.47112
1.40466
1.35961
1.33707
2.47328
1.04482
1.45827
4.5112
1.08091
1.55894
2.65752
1.01202
1.00164
1.13951
1.68582
1.99196
1.10311
1.45547
1.18666
1.25029
1.57182
1.03587
1.72173
1.17957
1.2689
1.17817
1.35389
1.42901
7.12283
1.15168
1.23384
1.14201
2.80031
1.28931
1.06364
1.6849
3.85537
1.19162
1.37154
1.09999
1.16399
1.16225
1.13314
1.09042
2.02574
1.08928
2.4484
1.68436
1.00751
1.0054
1.01368
1.03892
1.12847
1.01491
1.2411
1.02434
1.32548
1.37934
1.25228
1.03006
1.61281
1.29123
1.26875
1.60118
1.23796
1.01691
1.12294
2.0701
1.15094
1.95865
1.35774
1.03109
2.37134
1.14015
1.97128
1.28909
1.80704
1.08356
1.02543
1.115
9.10745
1.07157
1.1298
1.22387
2.27703
1.07795
1.04136
1.01055
1.19266
1.13522
1.17664
1.11835
3.32202
1.21081
1.23042
1.33174
1.71596
1.11593
1.01383
1.68514
4.06706
2.60996
1.4891
1.16608
1.14009
1.17845
1.0526
3.78477
1.66603
1.93865
1.21379
1.08958
1.01871
2.19081
1.44053
1.01386
1.86939
1.02851
1.43981
1.90191
1.63641
1.14031
1.12349
1.73644
1.57016
1.21194
2.98482
1.35038
1.74348
1.75389
2.34365
2.13945
1.13281
1.52518
1.08617
1.37423
1.05
2.89512
1.11462
2.0561
1.84618
1.33358
1.68997
1.03841
1.09294
1.02786
1.01839
1.05884
1.45111
2.16095
1.10524
1.42947
1.0437
6.42178
1.24941
1.20241
1.49713
1.03243
3.3559
1.22936
1.17122
2.09942
1.17109
1.92812
1.74952
1.04016
1.98738
1.48139
1.66315
3.16074
1.06288
1.2345
3.04873
1.44457
1.75427
1.27982
2.25912
1.6299
1.20556
1.89581
1.00304
1.06193
2.07989
1.32353
1.36804
1.30483
2.03691
3.06117
1.45326
1.89586
1.38298
1.02025
1.2726
1.54978
1.80113
1.33398
1.14318
3.39171
1.04281
1.67331
1.27498
1.22269
1.03026
1.11165
1.2158
1.97253
1.10058
2.22799
1.03578
1.34561
1.13053
1.61639
4.57961
1.40815
1.08647
1.04968
1.21905
1.06433
1.41821
1.76779
1.43338
2.2128
1.03585
1.3683
1.2069
1.20733
1.25638
1.03155
1.28789
1.01922
1.14528
2.0859
1.21909
1.99249
1.51754
2.12467
1.14662
1.31529
2.02623
1.18693
1.01293
1.22945
1.2778
1.61116
1.09545
1.4571
1.55876
1.08155
1.19791
1.14109
1.26966
1.2723
3.10766
1.75677
1.17415
1.51059
1.0127
1.25539
1.19783
1.76807
1.11852
2.76479
1.99112
1.09761
1.71419
3.04095
1.25709
1.06939
1.08596
1.78902
1.39967
2.51753
1.22336
1.09241
1.1804
1.57937
3.4868
1.34644
1.83569
1.45475
1.15226
1.32918
1.09709
1.68618
1.43082
1.00781
1.77736
1.40991
1.48978
1.01866
2.21012
1.32283
1.0366
1.16794
1.24608
1.10911
1.87693
1.0542
1.11042
1.11354
1.99783
1.85423
1.23635
1.10901
1.21837
1.19651
1.11171
1.64072
1.01994
1.04427
1.00298
1.4942
1.02275
1.04286
1.11798
1.63596
1.02682
2.15434
1.02854
2.77472
2.79579
1.81341
1.12495
1.05831
1.712
1.47034
1.02559
1.30479
1.00416
1.03323
1.54325
1.23303
2.41954
1.17639
1.09104
1.91198
4.84011
1.2652
1.01754
1.18129
1.00456
1.19438
2.23079
1.69916
1.70433
3.03084
1.4361
1.67123
1.37715
1.11297
1.02742
2.17272
1.35424
2.01758
1.48358
2.11673
1.18477
2.06381
2.1629
1.38117
1.27015
1.211
1.24363
2.77186
1.05381
1.44109
1.05489
2.55819
1.15428
1.0203
1.19405
1.14395
1.76872
1.68476
1.36957
1.08867
1.28486
3.30274
1.29869
1.21337
2.51458
1.44813
1.09492
1.11673
1.04226
1.02239
1.0185
1.17309
1.14982
1.37724
1.13024
1.28322
1.05364
1.00898
1.40879
1.10821
1.28467
1.43313
1.24415
1.08394
1.18088
2.561
1.06785
1.39454
1.05422
1.03779
1.15215
1.06682
1.06324
1.0435
1.27488
1.90116
1.58338
1.5474
1.00062
1.5066
1.19237
1.07567
1.26573
1.48425
1.5777
1.83972
2.41866
1.91162
1.25473
1.05739
1.05199
1.56135
1.14116
1.97025
1.27329
1.3064
1.07104
1.12842
1.08979
1.16639
1.14484
1.06686
1.09702
1.09078
1.49233
1.25377
1.20495
1.107
1.052
1.47122
1.44761
1.1422
1.0439
1.00526
3.04486
3.32147
1.41899
1.18003
1.13582
1.20079
1.41678
3.28913
1.19756
1.18953
1.28206
1.52589
1.15689
2.07183
1.06215
1.3578
1.32238
2.71446
1.21048
1.35839
1.11901
1.36956
1.65066
1.01255
2.12134
1.38277
1.30232
1.01338
1.15231
1.05278
1.02412
1.38645
1.66987
1.82571
1.11702
1.18772
1.00425
1.38063
1.21341
1.14506
1.0241
1.19841
1.10602
10.3048
3.67341
1.41323
1.11194
1.21972
1.24318
1.86913
1.07446
1.42583
2.82795
1.00018
1.37904
1.24477
2.03119
1.17888
1.56895
1.26528
3.33627
1.48546
2.78303
1.18982
1.07987
1.39423
1.01545
1.10354
2.6213
1.17148
1.20111
1.18974
1.33783
2.74969
3.64518
1.16351
1.22471
3.15247
1.84363
1.02104
1.32008
1.43032
1.1489
1.34054
1.27934
1.80889
1.07281
1.00437
1.02775
2.25676
1.16638
2.25948
1.06267
1.52598
1.0322
1.51867
1.02966
2.06501
1.20855
1.0195
1.42007
1.64927
1.01801
1.01066
1.00642
1.18072
1.05852
1.18399
1.2884
1.03379
1.0167
1.0314
1.16459
2.2805
1.4651
6.96979
1.99022
1.09632
2.82263
1.17129
2.33736
1.41024
2.0859
1.25245
1.71602
1.28733
1.11685
1.06588
2.20587
1.25847
1.07957
1.35716
1.93771
1.18157
1.28576
1.00692
1.10757
1.44981
1.10442
1.64042
1.20796
1.12152
1.49495
1.28746
1.16338
1.2725
1.01069
1.01351
1.54974
1.41955
3.89419
1.11234
1.3762
1.0919
1.24058
1.01934
1.29334
1.30997
1.06073
1.61331
1.02957
1.12806
1.56594
1.1028
1.73358
1.33305
1.29701
1.17811
1.10068
1.29002
1.40027
1.15174
1.08811
1.07154
1.1566
2.60294
2.92703
1.18011
1.12397
2.29072
1.07266
1.4384
1.17563
1.10679
1.11884
1.14913
1.22538
1.11139
1.08057
1.05879
4.12593
3.85739
1.09391
1.35455
1.24485
1.49902
1.05397
1.45592
1.21979
2.97924
2.11921
1.05124
1.08738
1.23955
1.38986
1.27595
1.31195
1.0233
1.47786
1.07902
1.13178
1.411
1.47219
1.18681
1.15322
1.21782
1.09029
1.29339
1.46555
1.27901
1.11559
1.03163
1.11756
1.06154
1.09442
1.09813
1.04956
1.03471
1.09287
1.6171
1.16593
1.21893
1.01045
1.15857
1.69738
3.02046
2.68421
1.35942
1.30626
2.05015
1.0837
1.82223
1.06026
1.37899
1.23496
1.28261
1.98193
1.45814
1.74589
1.20948
1.02705
1.03206
1.43598
1.08804
4.2397
1.02311
1.00123
1.30358
1.22602
1.08552
1.28334
4.88677
1.02501
1.62231
1.45077
1.37973
1.35631
1.12322
1.27589
1.5039
1.36758
1.01922
1.02602
1.22853
1.00492
1.53195
1.00356
1.25722
1.34425
1.26916
1.27479
1.20641
1.33668
1.05879
1.11149
1.50116
4.24496
1.28488
1.14383
2.18738
1.31967
2.20504
1.04768
4.10669
1.20661
1.08925
1.20046
1.12423
1.41044
1.34704
3.16401
2.24999
1.0111
1.25911
1.38457
1.20012
1.5689
1.45341
1.09784
1.3277
1.02255
1.043
1.86611
1.05606
1.13093
1.36094
1.3999
1.46034
3.02477
1.06359
1.2384
1.32593
1.03282
2.05052
1.2735
1.59892
1.44411
1.50676
1.3431
1.54302
1.30487
1.0817
1.07769
1.42895
1.76124
1.96539
1.40795
1.01113
1.36466
1.9463
1.81317
1.81673
3.10385
1.06296
1.21536
1.40525
1.08224
1.15228
1.07693
1.43352
1.00861
1.5861
1.04587
1.24645
1.01826
1.07384
2.07058
1.55314
1.44371
1.60926
1.06176
1.07648
1.13707
2.01807
1.64798
3.73584
5.88627
1.23331
1.89994
1.2736
1.39138
1.26538
1.00355
1.34884
2.30958
1.0139
1.26191
1.04581
2.11911
1.14866
1.21022
1.13657
1.34958
1.10008
1.54851
1.34906
1.73908
1.01895
1.20009
1.63997
1.82784
1.12979
2.2673
1.47285
1.14537
1.36368
1.07323
1.03683
1.62034
1.08712
1.06371
1.14128
1.44085
1.66837
1.05922
1.13915
1.33732
1.00153
3.46893
1.35879
1.00213
1.20159
1.04714
1.26443
1.06672
1.32744
1.62113
1.31598
1.04102
1.01081
1.14062
1.2517
2.15483
2.00939
1.00517
2.18987
1.81515
1.26735
1.0186
1.0528
1.01483
1.63599
1.01703
1.34228
1.65866
1.47613
1.16792
2.0051
1.97077
1.39415
1.1611
1.19178
1.01167
1.67412
1.23186
1.0573
1.61611
1.00367
1.18338
1.01793
1.12229
1.26762
10.3273
1.79756
1.11625
1.03326
1.68729
1.18698
1.43833
1.29225
1.31303
1.38652
1.05952
1.54611
1.4199
1.13749
1.06398
2.8919
1.20112
1.00534
1.00949
1.83096
1.42619
2.10686
1.17649
2.57
1.44583
1.18499
1.14635
1.02981
1.09976
1.37894
1.02668
1.27206
1.69259
1.53559
1.38927
1.13238
1.64164
17.4013
1.24227
1.12671
1.95814
1.44378
2.1208
1.03044
1.19319
1.24751
1.12593
2.05927
1.88043
2.12289
1.01272
1.7912
1.01405
1.57113
1.08798
1.04838
2.4602
2.13608
2.16372
2.00076
1.25698
1.03887
1.15002
1.23156
1.18366
1.50057
1.0736
3.18977
1.08234
1.38002
1.03218
1.73736
1.10749
1.46656
1.14102
1.98013
1.1186
1.22444
1.37639
1.55497
1.57065
1.08807
1.07823
1.34492
1.26279
2.01361
1.8176
1.0342
5.64212
1.10169
1.39369
4.37059
3.92772
1.13669
1.14969
1.36851
1.1745
1.03114
1.72016
1.10523
1.20732
1.97476
1.94845
1.71727
1.11784
1.37174
1.92922
2.84698
1.40549
1.0854
1.96275
1.33776
1.11984
1.08659
2.27731
1.3216
1.07251
2.29725
1.27841
1.02897
1.13221
1.38195
1.40938
1.31023
1.14662
1.18936
1.37164
1.78913
2.47244
2.30105
1.13809
1.73282
3.85077
1.25215
1.08557
1.18656
1.01108
1.08354
1.91414
1.74484
1.08946
1.74026
1.22002
1.13435
1.00495
1.86818
1.52117
1.34522
1.33734
1.8891
1.6161
1.9156
1.38048
3.36689
1.70422
1.21433
1.8844
1.3066
1.51877
1.04828
1.12279
1.02341
1.4219
1.16112
1.01952
1.17878
1.13693
1.2209
1.05708
1.76789
1.32446
1.01533
1.72044
1.44134
1.07901
1.11281
1.20112
2.27679
2.48438
1.03317
1.17476
1.12634
3.30849
1.12933
1.05124
1.07006
1.24602
1.18609
1.00469
1.10711
1.65442
1.06433
3.66853
1.29685
1.38223
1.15227
1.42685
1.49338
1.40095
2.37976
1.22748
1.06518
1.16486
2.49865
1.36602
1.34236
3.59861
1.00872
1.47436
1.40462
1.66911
1.06342
1.20613
1.17564
1.34908
1.14366
4.29886
1.02224
2.02768
1.33766
1.31684
1.21106
1.36162
1.81871
1.226
1.26933
1.44707
1.02635
1.06246
1.52048
1.89526
1.32872
1.46375
1.0375
1.26437
1.51209
1.39927
1.24153
2.33267
1.0648
1.13299
1.32042
1.1097
1.30735
1.09257
1.02305
1.70492
1.10448
1.87332
1.3219
1.77302
1.16478
1.05778
1.01666
1.02443
1.5087
1.16077
1.03374
1.0733
1.73808
1.40353
1.19081
1.61516
1.75859
1.24053
1.02029
1.07928
1.07756
1.01123
1.37008
7.3996
1.19836
1.44751
1.16963
1.12625
1.0168
3.08326
1.37677
1.54526
1.08518
1.00152
1.17042
1.17481
1.42329
1.18495
1.02809
1.10522
1.1793
1.52211
1.153
1.24912
1.02226
1.00458
1.188
2.08944
1.10315
1.40499
1.05608
1.5942
1.2832
1.16899
4.04203
1.7349
6.34287
1.19369
1.5292
1.45744
1.16682
1.33959
2.90281
1.19602
1.17528
2.11198
1.37522
1.69464
1.05466
1.08341
1.03587
1.19463
1.33546
1.36509
1.80357
1.19635
1.50541
1.04644
1.10695
1.12484
1.16582
1.89123
3.74671
1.28531
1.26306
1.68195
1.26348
1.07014
1.14916
1.42435
2.91852
1.16561
1.43887
1.3567
1.87631
1.05275
3.89842
1.048
1.11007
2.40793
1.13487
1.02673
2.79982
1.22295
1.37622
1.2664
1.43126
1.68252
1.12233
1.13639
1.30102
1.36382
1.62818
1.04807
1.00483
1.4733
1.28246
1.09729
1.2951
1.92901
1.76736
1.02157
1.33975
1.42363
1.02662
1.08276
1.38296
1.14025
1.44589
2.20281
6.33648
1.12579
1.07654
1.39621
1.49772
1.98669
1.17941
1.09599
1.00701
1.2294
1.51218
1.39166
1.20221
1.03571
1.18287
1.04749
1.31415
2.70626
1.05897
1.11793
1.39843
1.44385
2.25368
1.20084
1.21644
1.82716
1.21821
1.07048
1.10252
2.03916
1.25313
1.1424
1.19507
5.71182
1.03212
1.03938
1.07792
1.2719
1.33879
1.04673
1.49285
1.48161
1.16348
5.11192
1.03257
1.24087
1.16506
1.24358
1.4149
1.54724
1.59429
1.20107
1.50699
1.2986
1.03919
1.18236
1.22066
1.95112
1.46568
1.11762
1.38838
1.02344
1.121
1.31125
1.02476
1.24892
1.13195
1.5086
1.16262
1.01481
1.18901
1.11877
1.16137
1.8325
1.11947
1.94416
1.50472
1.00539
1.17972
1.1338
1.17007
1.07543
3.02478
2.28487
1.35763
2.04268
1.53065
1.01509
1.40598
1.00972
1.00692
1.03354
1.73932
1.15344
1.01321
1.03865
1.24126
1.06086
1.57395
1.23196
1.29971
1.14048
1.32627
2.21885
1.10204
1.05291
1.26423
1.02905
1.42234
1.43195
1.28242
1.03569
1.059
1.0981
1.62496
1.14332
1.42774
1.22425
1.11251
1.27607
1.73372
1.18381
2.07968
1.58181
1.27384
1.19959
2.59501
2.00632
1.08901
4.08702
1.2501
1.13501
1.24525
1.25392
1.01923
3.13378
1.86643
1.21762
1.98774
1.2657
1.30174
1.28067
1.50509
1.15218
1.15829
1.83429
2.11689
1.0451
1.92024
1.22106
1.03874
1.41571
1.24036
2.97989
1.22626
1.34177
1.33113
1.0718
1.83226
1.17695
1.2853
1.14245
1.30924
1.64327
1.46291
1.17673
1.27889
1.28106
1.05115
1.19277
1.04352
1.46541
1.97689
1.04824
1.07431
13.2064
3.67359
1.12801
1.19433
1.46847
1.78513
1.00635
1.42877
1.28364
1.61605
1.13845
1.09895
1.42928
1.37439
1.02473
1.18083
1.18757
1.04268
1.08378
1.82484
1.84424
1.03364
1.02498
1.29737
1.07263
1.67348
1.04077
1.2835
1.23813
1.1691
1.14874
1.48033
1.74418
1.71412
1.00081
3.23337
1.31568
1.07967
1.78093
1.13223
1.06674
1.32777
1.22106
1.60658
1.01966
1.70772
1.0326
1.02469
1.12208
1.56246
1.1654
1.53166
1.14531
1.6842
1.81436
1.66355
1.06273
1.37504
1.06369
1.36415
1.01233
2.2953
1.48426
1.21934
1.02725
1.18302
1.01882
3.36911
3.38567
1.56101
1.72951
2.6027
1.07504
1.22093
1.13592
1.03009
1.41004
1.48358
1.40196
1.58907
1.23374
2.69912
1.35089
1.31936
1.0458
1.15874
1.80016
1.06583
1.00892
1.38103
1.39718
1.82068
1.33892
1.10938
1.50111
1.24008
1.13231
1.378
1.01936
3.64386
2.74445
1.10847
1.01815
1.33994
2.38674
2.54638
1.01803
1.28657
1.01026
1.33037
1.02892
1.15937
1.06394
2.66893
2.3429
1.1702
1.02521
1.29133
1.19088
1.62049
1.00868
1.01462
1.11153
1.35745
1.23714
1.02938
2.48917
1.16815
2.98359
1.28015
1.03521
1.20749
1.05372
1.64779
1.18706
1.18754
1.14834
1.16261
1.03256
1.28478
1.13088
1.28405
2.40869
2.24715
1.4877
1.12061
1.80891
1.00349
1.02258
1.64605
1.12725
1.16945
2.64147
1.20357
1.4136
1.59209
1.08029
1.15838
1.40326
1.0608
1.61235
1.31314
1.23484
1.08487
1.07461
1.06265
1.80095
1.07631
1.2056
1.63289
1.66551
1.0339
1.13203
1.66806
1.46636
1.31485
2.00869
2.01138
1.04028
1.06572
1.12127
1.67361
2.0627
2.00781
1.32791
2.18599
2.34636
1.15478
2.19722
3.8056
1.26533
1.07916
1.00118
4.70489
1.06768
1.2116
1.06608
1.19415
1.32199
1.4479
1.29919
1.05291
1.20508
1.29948
1.23542
1.75617
1.2316
1.00621
1.21556
1.99737
1.39672
1.04108
1.17603
1.21709
1.0593
1.05709
1.09468
1.85718
1.0349
1.21233
1.11246
1.18765
1.1419
1.00273
1.1061
1.16868
1.43378
1.27471
2.16764
2.25021
2.17317
1.09604
2.05447
1.14885
1.15145
1.09894
1.17711
6.05724
1.27987
1.13986
1.32905
1.15439
1.49065
1.48712
1.17029
1.09103
1.14412
1.25443
1.03979
1.51142
1.2552
1.0906
1.28879
1.42021
1.50633
1.14891
1.42662
1.0094
1.1808
1.27421
1.05205
1.98373
1.04604
1.38404
1.44507
1.13908
1.07896
1.78792
1.00992
1.01137
1.31134
1.4514
1.04045
2.29202
1.05604
1.01922
1.26489
1.0381
1.18862
1.20003
1.34929
1.07733
1.08065
1.14328
1.2125
1.26591
1.00097
1.09346
1.76184
1.08889
1.03872
1.34474
1.99775
1.15887
1.08185
1.88875
1.98184
1.39018
1.33385
1.05184
1.25345
3.92438
2.82031
1.31757
1.04812
2.38541
2.91477
1.66184
1.63089
1.23616
1.04217
1.53028
1.35157
1.19233
1.53568
3.50718
1.0961
1.37511
1.30497
1.23994
1.06056
1.01518
1.34772
1.29175
2.01446
2.81064
6.06204
1.76317
1.47908
1.06104
1.30872
1.12114
1.68376
1.25636
1.47951
1.26689
1.135
3.56324
1.15987
1.15179
1.44742
1.01841
1.52437
1.22569
1.24544
1.34311
1.19768
1.35524
1.12112
1.41738
1.12087
1.26632
1.71047
2.79822
1.0003
1.32454
2.56783
1.48801
1.4353
1.29545
1.50464
1.03139
1.32025
1.03462
1.37664
1.28352
1.71065
1.20365
1.15376
2.67298
1.21634
2.311
1.26168
1.78166
1.5339
2.00102
1.03152
1.06467
3.13629
1.18231
1.89531
2.28753
1.20123
1.63903
1.16904
1.61233
1.12282
1.44934
1.77497
1.11658
1.19242
1.08193
1.17844
1.05324
2.03159
1.28593
1.25853
1.00741
1.22573
1.02304
1.9125
1.24394
1.16311
1.49152
1.19062
1.05141
1.00988
1.02538
1.00626
1.14276
1.1783
1.01707
4.59891
1.31006
1.23122
1.45698
1.18674
1.3534
1.24517
1.25231
1.83601
1.10963
1.26411
1.51856
2.84936
1.23726
1.20236
2.07477
1.03029
1.34599
1.08547
2.46083
1.00541
1.69411
1.69853
1.37433
1.1475
1.91575
1.07864
1.37546
1.25929
1.63602
2.00017
1.01697
1.05358
1.13752
1.05278
1.10991
1.91881
1.93999
1.20619
1.08439
1.03432
1.09838
2.08627
1.93287
1.14491
1.01846
1.46417
1.53505
1.3016
1.60924
1.32056
1.10846
1.63138
1.45355
2.14605
1.94598
1.10401
1.07111
1.0482
1.23271
2.24541
1.06957
2.47752
1.73813
1.01437
1.87886
1.43337
1.50824
1.05953
1.0179
1.33356
1.23685
1.36612
9.40579
2.1869
1.0652
1.01359
1.43058
1.21249
1.07591
1.03767
1.04714
1.12938
1.20741
1.08495
1.74318
1.05144
1.27812
1.12264
1.58017
1.02878
4.85108
1.30064
1.97865
1.2635
1.02887
1.47386
1.03045
1.13855
1.15918
1.48025
1.416
1.03261
1.2824
1.35127
1.21879
1.04335
1.21933
3.34055
1.21189
1.52825
1.35864
1.21637
1.17897
2.12575
1.371
1.37439
1.17647
1.1252
1.0584
2.45381
1.1556
1.20067
1.02833
1.0847
2.60673
1.17345
1.00815
1.50512
1.23488
1.18927
1.34669
1.78517
1.27643
1.28114
1.03369
2.00985
1.14677
1.17717
1.02368
1.0863
1.05467
2.00855
1.10282
1.22434
3.26701
2.38638
1.70412
2.15251
2.03698
1.26009
1.39798
1.5092
1.10644
1.45203
1.3399
1.60261
1.18993
1.21303
1.15369
1.14614
2.73452
1.4844
1.02866
1.96513
1.07084
2.61181
1.27971
1.75347
1.13044
1.06925
1.68205
1.14807
3.34622
1.12043
1.01273
1.32107
1.31662
1.06781
1.1786
1.24361
1.63642
1.71832
1.12811
1.86495
1.15184
1.10305
1.08567
1.35139
1.15268
1.98856
1.23684
1.57574
1.27038
1.10731
1.06209
1.05417
2.80335
1.39176
1.0245
1.10576
1.36083
1.18692
1.15213
1.46741
1.19036
1.09963
3.38915
2.13515
1.02535
1.09279
1.76717
1.1342
1.72914
4.37052
1.0208
1.22384
1.74688
1.7494
2.05941
1.10575
1.425
1.16453
1.17917
1.31722
1.66005
1.04789
1.61583
1.02629
3.07783
1.09258
1.67685
1.4758
1.54033
1.02918
1.21614
1.03268
1.3548
1.02568
1.11434
1.02796
1.19006
1.2534
1.2995
1.08852
1.187
1.16515
2.51311
1.84145
2.15968
1.06906
1.10494
1.09968
1.25362
1.23148
2.85379
1.19424
1.257
1.03269
2.41533
1.18846
1.19508
1.68938
1.37081
2.17519
1.01657
3.8384
1.24861
2.141
1.07396
1.64478
1.52181
1.35067
1.65469
3.59877
1.3787
1.17073
1.24105
1.74747
1.18097
1.13539
1.27482
1.01795
1.43735
1.24804
1.24468
1.52367
2.26241
1.88866
4.29994
2.53965
1.46027
1.25236
1.00586
1.81585
1.27865
1.43064
1.03571
1.23585
1.36755
1.34767
1.37504
2.61939
1.23899
1.06495
1.37924
1.55739
1.51945
1.50462
1.19903
1.7344
1.00186
2.70173
1.39855
1.12567
1.07982
1.31924
1.31866
1.34243
1.22862
1.9098
1.54966
1.0766
1.11426
1.0914
1.49966
1.03532
1.25365
1.03211
2.45219
1.04738
1.16064
1.2614
1.8435
1.67348
1.33812
1.56887
1.16525
5.91927
1.65634
1.1459
1.08426
3.61013
1.24388
1.09277
1.10116
1.05623
1.20303
1.03762
1.29526
1.04999
1.14664
1.47972
1.15102
1.2628
6.17679
1.0116
1.18253
1.16803
2.46411
1.2058
1.94939
1.92875
1.1834
1.07631
1.20861
1.08416
3.82166
1.05295
2.14837
3.04908
1.66892
1.15201
2.78408
1.1645
1.25582
1.04927
1.17168
2.65374
1.08462
1.13888
1.05048
3.44063
1.64998
1.3655
1.31899
1.11245
1.18425
1.27292
1.11678
1.31536
1.31913
2.14431
1.34935
1.04288
2.26075
1.39329
1.3039
1.08555
9.28252
1.38386
1.61309
1.69388
1.02143
1.10449
2.21578
1.00795
1.61086
1.37445
1.21999
1.65287
1.3835
1.78168
1.37435
1.78672
1.08186
1.09005
1.21251
1.08373
1.42487
2.23723
3.33123
1.64001
1.05537
1.25334
1.10823
1.69614
2.57037
1.5692
1.08923
1.04766
1.66456
1.05889
1.02977
2.39582
1.13248
1.05353
1.29522
1.08287
1.11984
1.84783
1.12153
1.2423
2.10029
1.34282
12.9929
1.60892
1.07271
1.64008
1.15998
1.03184
1.31857
1.26572
1.10297
1.11764
1.92005
1.69109
1.25665
1.95782
1.62348
2.93046
2.92072
1.25187
1.26421
1.3439
1.00277
1.90441
1.32841
1.43197
1.36264
1.34227
2.14037
1.34623
1.53351
1.77427
3.05104
2.22746
1.30836
5.11359
1.23484
1.06187
3.18249
1.5866
1.34171
1.33398
1.41116
1.082
1.89156
2.09208
1.91601
3.26356
1.82951
1.25652
5.30337
4.30187
1.16482
1.32734
1.69966
1.12791
1.39768
1.00146
3.22095
1.15578
2.27891
2.60835
1.33489
2.32716
1.59592
1.33303
1.2166
1.01165
1.62608
1.06599
1.12307
1.0431
1.41367
1.25311
1.69208
1.48225
1.18118
1.02617
1.77718
1.19278
1.19967
1.20469
1.42235
1.10221
1.20536
1.01028
2.23366
1.22097
1.0382
1.29759
1.11217
1.86558
1.36651
1.6695
1.04124
1.23264
2.00021
1.30925
1.04436
1.81553
1.11431
1.21047
1.01719
1.37789
1.21728
1.06559
2.31659
1.04397
1.35887
3.83824
1.9713
1.29433
2.03028
1.178
1.29052
1.26523
1.09519
1.02262
1.33412
1.14887
2.11258
1.01358
4.39515
1.76765
3.52442
1.06277
1.26056
1.05975
1.18773
1.23832
1.25147
1.04941
1.20788
1.21477
1.56074
1.41984
1.16222
1.35882
1.69584
2.13519
1.05421
1.15802
1.73433
1.15558
1.02715
1.70923
2.91905
1.07159
1.07448
1.93518
1.11516
1.14713
1.53918
1.28237
1.01989
1.18145
1.25758
1.18043
1.69859
1.07538
1.78955
3.44643
2.42452
4.50546
1.17299
1.27742
2.68333
1.73152
1.18995
1.49149
1.21005
1.22614
1.08445
2.01757
1.47713
1.90671
1.60907
1.30761
1.18417
1.3463
1.12989
1.13278
1.19209
1.20284
11.6157
1.12694
1.10358
1.15062
1.08498
1.21407
1.11617
1.17942
1.43929
4.90344
1.09714
1.24206
1.03291
1.0365
1.01432
1.02609
2.18913
1.73803
1.23473
1.15001
1.02901
1.58208
1.39058
1.14744
1.61322
1.22912
1.15821
1.03591
2.43673
1.20713
1.04856
1.05745
1.28856
1.10867
1.57207
1.03869
1.58174
1.02084
1.78695
1.44327
1.24766
1.34872
1.67658
1.03122
1.12711
1.76773
3.19845
1.78749
1.56277
1.32953
4.02839
1.19424
2.0206
1.24263
1.34164
1.212
1.4862
1.29176
1.26241
1.13884
1.57739
1.24946
1.28062
1.53099
1.02419
1.25452
2.55825
3.74879
1.3609
1.2173
1.4469
1.83171
1.08443
1.12477
1.2228
1.41663
1.00103
1.05159
1.37198
1.06844
1.49967
3.77833
1.82061
1.15432
2.19419
1.38146
1.10479
1.33557
1.03815
1.03736
1.57887
1.79062
1.07798
1.58826
1.05904
1.357
1.18371
1.11659
1.0838
1.00381
2.4481
2.93243
1.87167
1.37443
4.34028
1.22661
1.28689
1.77675
1.20851
1.29888
1.24671
1.22872
1.6937
1.12946
1.68112
1.07212
1.56299
1.1878
1.08646
1.00749
1.15317
1.59867
1.47257
1.22415
1.98996
1.77694
2.43513
1.90376
1.3424
1.30769
1.27966
1.13577
2.19787
1.14593
1.01987
1.22767
1.486
3.1852
1.37268
1.11629
6.38424
1.90379
1.32395
1.17873
1.28968
1.08788
1.27792
1.02531
5.41719
1.16154
7.12258
1.92023
1.12726
1.06269
1.06337
1.01339
1.32902
1.50974
1.02053
1.97844
1.36676
1.03765
1.36687
1.16379
1.11922
1.64964
1.10088
1.00492
1.24573
1.20977
1.48703
1.11295
1.9791
1.42308
1.17057
1.22831
2.05891
1.3838
1.32332
1.00125
1.43935
1.23158
1.59972
1.12861
1.10012
1.32673
1.04522
1.00602
1.03433
1.27501
1.35538
1.92221
1.06606
1.54923
1.79183
2.28941
1.92872
1.16433
1.3041
1.07545
1.52892
1.07935
1.81996
1.483
1.40117
2.00446
4.11421
1.03849
1.31412
1.15598
1.62472
1.14802
1.25415
1.02585
2.13595
1.08173
1.04721
1.14952
1.30928
1.32886
1.07162
1.28098
1.09718
1.59775
1.11502
1.20997
1.02002
1.29545
1.9571
2.43469
1.03047
1.16273
2.16805
1.23069
1.48422
1.18186
1.29734
2.29085
1.04686
1.35334
3.13563
2.5316
1.00086
1.01196
1.11999
1.75797
1.99982
1.02718
1.33981
1.39369
1.12135
1.30618
1.05243
1.30334
1.1333
1.32423
1.69932
2.46637
1.16211
1.06717
1.11123
2.05129
1.58754
1.05315
2.11954
1.02406
1.40429
1.03109
1.09509
1.19644
1.18313
1.16809
1.25346
1.13314
1.01337
2.10583
1.19551
1.58069
1.70468
1.45599
1.33183
1.71395
1.02593
1.10911
1.09259
1.91745
1.05334
2.34171
1.09053
3.17689
1.08948
1.13881
1.10324
1.76608
1.99176
1.08474
1.23622
1.01596
1.04403
1.01798
1.15774
1.06832
1.01286
1.22108
1.01235
2.35421
1.30207
1.03873
1.25246
1.08053
1.1977
1.49456
9.56881
1.4167
1.74635
1.11074
1.29713
1.27007
1.13149
2.83803
1.48287
1.01239
1.08493
1.12679
1.26677
1.3776
1.26547
1.1075
1.41369
1.06103
1.37327
1.15302
1.0863
2.20148
1.28353
1.19499
1.29239
1.30944
2.73382
1.94557
1.09661
1.02649
1.53814
1.04734
1.64389
1.08369
1.08396
1.17006
1.27975
1.08994
1.06087
1.2844
1.17078
2.15585
1.15269
1.001
1.04981
1.51408
1.01217
1.02405
2.2501
1.39383
1.06559
5.82954
1.26176
1.22053
1.065
1.1532
1.02857
1.20351
1.03188
1.84141
5.9809
3.87384
1.29727
1.07098
1.56136
1.29887
1.48017
1.71878
1.52341
1.07727
1.12617
1.90355
1.68903
1.05392
1.18093
1.1159
1.71483
1.36647
1.00615
1.71397
1.62766
1.83031
1.25309
1.37675
1.37453
1.34915
1.08681
1.69171
1.2518
1.146
1.13506
1.41838
1.07635
1.20479
1.24932
1.30631
4.067
2.4945
1.56714
1.574
1.19071
1.19431
2.69188
1.06477
1.30901
1.2751
1.26216
1.15578
1.04102
1.06291
1.53804
1.00485
1.07401
1.01525
1.16571
1.21906
1.1217
1.05238
1.07615
1.52866
1.01377
1.16738
2.14744
1.08545
2.77345
1.24515
1.08861
1.05686
1.24476
1.90341
1.48978
1.15934
3.63757
1.05996
1.08164
1.5065
1.42516
1.01187
1.29246
1.54112
1.00226
1.2333
1.05721
1.38127
1.18842
1.15804
1.47205
1.2927
1.36239
2.08337
1.09841
1.21504
1.46727
1.25997
1.61607
1.18022
1.0306
1.11428
1.0177
2.64563
1.12249
1.55434
1.03689
1.39967
1.09677
1.96431
1.36652
1.13947
1.34996
1.0932
1.30702
1.80118
1.44863
3.80214
1.54923
1.09983
1.08093
1.15326
1.02561
1.20682
1.22031
1.1494
1.42619
1.79749
1.17978
1.00771
1.62431
1.39316
1.02942
1.46697
1.00489
1.32933
1.32815
1.21849
1.09501
1.72904
1.51763
1.29665
1.71626
1.01228
1.74859
1.23359
1.19374
1.32219
3.07028
1.35652
1.05713
1.39265
1.12069
1.07269
1.00001
1.38683
1.09616
1.25729
1.0203
1.36524
2.98738
1.11354
1.52376
2.72458
1.16937
5.03641
6.09672
1.22887
1.22801
1.08392
1.11485
1.00613
1.38011
1.37461
1.18241
1.15737
1.29229
1.24563
1.08543
1.02875
2.46507
1.81709
1.02466
1.62613
1.28864
1.1055
1.32019
1.46227
1.61581
2.5424
1.22037
1.71592
1.22515
1.85845
1.34401
1.0042
1.07823
1.49139
1.76862
1.12416
1.11584
1.98698
1.57965
1.25648
1.30248
1.34892
1.73326
1.16541
1.4789
1.00479
1.98534
1.08404
1.59319
1.20779
1.46648
1.08939
1.05118
1.27947
2.5601
1.24233
1.00925
1.1182
1.00038
2.08404
1.71024
1.1047
1.26666
1.19755
1.07329
1.05057
1.30866
1.59056
1.11298
1.39362
1.10117
1.36116
1.26854
1.19081
3.62953
1.08909
1.09943
1.06914
1.31449
1.15767
1.11538
3.12275
1.34971
1.11636
1.09264
1.04664
1.32598
1.1526
1.38673
1.23175
1.39525
1.09206
1.6201
1.07342
1.06387
1.18693
1.31283
1.36885
1.10762
1.68028
1.89827
2.57213
1.35947
1.02652
1.56951
2.10145
1.06853
1.0026
1.25214
3.40747
1.05133
1.22058
1.50693
2.40687
2.09786
2.61277
1.32612
1.05593
1.02764
1.04495
1.06034
1.1625
1.13248
1.13609
1.00624
1.19577
1.10714
1.40026
1.66716
1.32492
1.40499
1.20111
1.28775
3.192
1.62472
1.00716
1.17545
1.07831
2.01092
1.98117
1.16994
1.60149
1.15097
1.02887
1.05299
3.04205
1.03886
1.0144
1.01429
1.31847
1.24949
3.4812
1.33144
1.29617
1.70501
3.41028
1.34148
1.20585
1.1537
1.47365
1.30345
1.04265
1.52771
1.49145
1.15063
1.36046
1.66517
1.13735
1.93364
1.27901
1.09274
1.58814
1.11351
1.34309
1.02751
1.05333
1.9478
1.21151
1.18232
1.25271
2.68459
1.23773
1.85941
1.54253
1.39682
2.05525
1.83585
1.24133
1.22871
1.10465
1.32249
1.34099
1.53112
1.95492
1.04511
1.00757
3.2697
2.33059
1.03416
1.26829
1.03807
1.00547
1.03043
1.25586
1.07863
1.281
1.38918
1.0655
1.21326
2.72402
2.95262
1.39608
1.36331
1.1001
1.20568
1.62504
1.69147
1.03564
1.39782
1.4282
1.23781
2.81228
1.04042
1.14897
1.07411
1.02019
1.02699
1.29227
1.27308
1.49527
1.48401
1.0452
1.02668
1.13463
5.64736
1.28219
1.53272
1.5829
1.05823
2.39748
1.05753
1.79411
1.15144
1.12587
1.10243
1.17989
1.30507
1.27037
1.52556
1.26428
1.87615
1.36653
1.0033
1.15489
2.44821
1.07667
1.46512
1.28561
1.32786
1.72613
1.01938
1.67675
1.12987
1.04898
1.48925
1.21295
1.70611
1.05492
1.0304
1.34773
1.67866
1.69967
1.59244
1.11604
1.02024
3.30118
1.50003
1.05867
1.01176
2.03735
1.13824
1.00574
1.2292
1.22651
2.42896
1.40067
1.243
1.09573
1.07263
1.30779
1.06221
2.21371
1.12197
1.03513
1.10239
2.87251
1.08627
1.01813
2.03671
1.50282
1.19756
1.8769
1.02744
1.05976
1.28929
1.21214
1.4659
1.83449
1.50468
1.94173
1.03493
1.48585
1.24326
7.21352
2.57172
1.01632
1.18801
2.07557
1.08672
1.00193
1.61516
1.19047
1.13888
1.27272
1.28309
1.08784
1.0509
1.21408
1.49281
1.73968
1.55439
1.22223
1.03153
1.10002
1.41821
1.5286
1.04761
1.16905
1.29835
2.31635
1.01597
1.0262
2.04084
1.34381
1.25601
1.18303
1.41222
1.16025
1.22486
1.26848
1.19481
2.40701
1.09722
1.27352
1.07617
1.23396
3.60731
1.65315
1.12313
2.84492
1.46432
1.42843
1.0149
1.27222
4.0027
1.0374
1.38289
1.02954
1.7138
1.21525
1.10539
1.16738
1.32142
1.00519
1.2637
1.41294
2.22986
1.16336
1.01215
1.34872
1.10759
1.10837
1.17896
1.72564
3.08088
1.52551
3.56339
1.04179
1.5852
1.61375
1.36612
1.97295
1.19938
1.31739
1.16747
1.13689
1.00056
1.01089
3.08708
1.78584
1.7427
1.3331
4.62314
1.20498
1.01463
1.45787
1.14507
1.51978
1.12182
1.25318
1.06969
1.05805
3.94154
1.25087
1.73884
1.03416
1.02337
2.40419
1.50683
1.20044
2.18377
1.20062
1.42629
1.44031
1.03602
1.65353
1.01244
1.27043
1.18699
1.27323
1.3246
1.03785
1.54242
1.30779
1.02162
1.88808
1.75534
1.35961
1.2424
1.0572
1.09193
1.79562
1.21479
1.12184
1.42467
1.22767
1.57494
2.23665
4.17784
1.48512
1.80042
1.82208
1.67308
1.19561
3.01902
1.38813
1.02848
1.09532
1.64582
1.09089
1.32281
1.23545
1.37294
1.51334
1.45215
1.11486
1.02482
1.24257
1.25071
1.23102
1.14263
1.12531
1.23417
1.20557
2.12187
1.06985
1.19465
1.0965
1.18938
1.1688
1.20848
1.45789
1.17517
4.10168
1.5066
1.1489
1.00336
1.3077
1.0033
1.52052
1.06894
1.75892
1.19634
2.36637
1.12006
1.81076
1.28557
1.44355
1.02682
1.27356
1.28254
1.27283
2.07488
2.00266
1.43841
1.10021
1.1705
1.27689
1.71481
1.50914
1.36531
2.72499
1.88969
2.41696
1.15056
1.07312
1.03711
1.77016
1.90312
1.10647
1.00458
1.37846
1.0016
4.43858
1.17757
2.4679
1.12263
1.00484
1.00599
3.08538
1.29131
1.07617
1.61871
2.32947
1.19562
1.228
1.45087
1.32479
1.10694
1.07589
1.19191
1.60536
1.51684
1.28881
1.42491
1.04789
1.30741
13.0213
1.64554
1.14169
1.07941
3.00404
1.7167
1.17983
1.238
1.05507
1.08451
1.25454
1.0939
1.20499
1.02087
1.05725
1.22369
3.31396
1.42405
1.22667
1.20774
1.04076
1.3585
1.78712
3.14426
1.21293
1.57842
1.57013
1.12877
1.526
1.3736
4.0202
1.20399
1.39659
1.14338
1.03323
2.81009
1.07941
1.03957
1.13518
1.05953
1.25469
1.31656
1.06003
1.33499
1.34095
1.19833
1.44969
1.07649
1.69627
1.24644
3.11481
4.73579
1.55846
1.49986
1.00563
1.60306
1.49716
1.09642
1.63035
1.21693
1.50275
1.41602
1.44882
1.21439
1.12388
1.02
1.0232
1.22937
1.03081
1.34792
1.33879
1.19746
2.10478
1.17253
1.13795
1.29159
1.04254
1.33538
1.01264
1.26414
1.22366
2.55119
1.30228
1.57637
1.1261
1.01998
1.22889
1.46427
2.32573
1.05573
1.42451
1.14461
1.25882
1.39619
2.2445
1.14196
2.28731
1.15468
1.06975
1.27455
1.67969
1.97004
1.3449
1.10388
2.12239
1.58531
1.13361
2.08947
1.10778
1.31455
1.13521
1.39535
2.3917
1.84136
1.21767
1.46492
1.64003
1.03698
1.00043
1.33528
1.94029
1.10525
1.51378
1.07291
1.07993
1.47672
1.68567
1.49959
1.08864
1.01256
1.10525
1.33809
1.59033
1.61727
1.64772
1.09438
1.74703
1.57501
1.21577
1.20201
1.06579
1.30039
1.83336
1.07696
1.16409
1.12579
1.27868
1.4205
1.78011
1.01828
1.06015
1.0705
1.45506
1.57714
1.66354
1.53555
2.53853
1.06594
1.36998
1.14293
2.16914
6.35416
1.31521
1.48551
2.0655
1.01785
1.38801
1.61357
1.02188
1.33381
1.79151
1.30852
1.31699
1.07218
1.17285
1.03908
1.06843
1.12483
1.12809
1.21915
1.21794
1.15514
1.21412
1.00912
1.03028
1.31242
1.08958
1.46189
1.10323
1.08304
1.23183
1.54755
1.03503
1.19082
1.00991
1.19495
1.46265
1.57338
1.28174
1.26809
1.02536
1.39203
1.05195
1.10122
1.27281
1.38628
1.15841
1.42559
1.26352
1.2166
1.60125
1.02861
1.65387
1.94889
2.31779
1.83
1.00992
1.23192
1.15935
1.807
1.29842
1.52427
1.11387
1.04125
1.22531
1.53931
1.63452
1.26106
1.01023
1.18535
1.85873
1.54876
1.07329
1.02082
1.70635
1.00539
1.0952
1.79441
1.26545
1.28878
1.02139
1.22667
1.16696
1.03057
1.00411
2.89487
1.35206
1.00715
1.29815
1.48182
1.22797
1.31095
2.08225
1.0078
1.35357
1.02599
2.54385
1.24886
1.14291
2.36482
1.10305
2.21029
1.81287
1.43789
1.52202
1.02764
1.05615
1.01332
1.05382
1.34821
1.45192
1.58195
1.10087
1.13032
1.70582
1.85179
1.19168
1.856
1.04086
1.05592
1.16586
1.56141
1.02142
1.22924
1.07666
1.03316
1.49441
1.27627
1.42167
1.213
1.0286
1.09255
1.37429
3.93507
1.88306
1.30624
1.61322
1.01989
1.10941
1.28239
1.52479
1.12804
1.12584
3.1862
1.66063
1.09442
1.05602
1.6196
1.85353
1.30021
1.7919
1.10157
1.01739
1.41056
2.36727
1.07802
1.28226
1.82748
1.10758
1.17945
3.37738
1.32393
1.73355
1.956
1.41807
1.20488
1.70483
1.29517
1.49385
1.24897
1.45865
1.65524
1.91097
1.15551
1.18318
1.07747
1.42629
14.0898
1.18957
1.28156
1.16375
1.09561
1.35233
1.00933
1.14376
2.0107
1.15021
1.69891
1.1148
1.49818
1.16513
1.00048
1.1987
2.56242
1.37761
1.28951
2.30224
1.25752
1.21769
1.56996
1.12848
1.39279
1.28304
1.12959
1.26745
3.26183
1.00029
1.14121
1.0875
1.08274
1.57918
1.8942
1.441
1.27429
1.79167
1.12527
1.15744
2.71296
1.37636
1.08396
1.0111
1.28498
2.14286
1.23944
1.50534
1.05317
2.15582
1.48943
1.42031
1.23378
1.26429
1.22731
1.57814
1.04292
2.9533
1.23994
1.21362
1.26008
1.0555
1.01446
1.25974
1.03308
1.56862
1.12472
1.01071
1.60601
1.19828
1.40931
1.45618
1.33568
2.06579
5.33036
1.81522
1.21201
1.31614
2.63709
1.41327
1.23672
1.81933
1.206
1.0608
1.4483
1.32814
1.4272
1.09478
1.38165
1.22637
1.74885
1.03586
1.11597
1.16588
1.45878
1.07763
1.04323
1.02747
1.02525
2.03492
1.24173
1.04638
1.26488
1.52874
1.0792
1.18422
1.79416
1.00856
9.42046
1.56411
1.29401
1.10231
1.00481
1.22496
1.0494
1.05704
1.22075
1.23847
1.70557
1.05444
1.15092
1.21703
2.60818
1.19111
1.50189
1.32539
1.0553
1.26998
1.33365
1.41809
1.25044
1.09374
1.46992
1.00553
1.10827
1.13449
1.03426
1.53078
1.84504
1.1569
1.55154
1.32201
1.22746
1.23924
1.29493
1.22711
1.45223
1.19449
1.11736
1.02985
1.18694
1.01441
1.09944
2.45904
1.11866
2.01743
2.22237
1.48758
1.42226
1.02519
1.30693
1.12225
1.00492
2.14999
1.56563
1.02654
1.16837
1.25093
1.81687
1.03952
1.5066
1.41747
1.62054
1.25847
1.63511
4.17981
1.07417
1.54512
1.1784
1.38912
1.02542
1.02063
1.30104
1.04859
1.10978
1.58635
1.04573
1.01642
1.01454
1.18187
2.19783
1.21255
2.39782
1.49495
1.56396
1.14715
1.62401
1.66938
1.19439
1.34531
1.84594
1.19398
2.61576
1.19046
1.27209
1.14308
1.01813
1.87276
1.14309
1.20379
1.24446
1.00871
1.55314
1.424
2.44818
1.49174
1.28905
1.00184
1.36198
1.16929
1.5905
1.04843
1.79874
1.01414
1.11367
1.68173
1.48593
1.02705
1.15823
1.50652
1.10038
1.82766
1.74827
1.01803
1.17022
1.39226
1.1589
1.1078
2.36314
2.19487
1.44817
1.19589
1.25864
1.64891
1.48061
4.49203
2.58536
1.19555
1.06022
5.67053
1.26155
1.97564
1.01033
1.15227
1.07267
1.00349
1.16142
1.24445
1.16584
1.1709
1.42578
1.09105
1.72483
1.8142
4.85527
2.14103
1.30113
1.96369
1.96062
1.36511
1.0172
1.23605
1.0895
2.89588
1.01932
1.18035
1.10107
1.19671
1.14886
1.44217
1.19862
1.81523
1.56702
1.02738
1.72817
1.44092
1.06379
2.39472
1.85766
1.22776
1.32412
1.32325
1.15394
3.03499
1.22442
1.33774
1.66
1.17807
2.79534
1.13704
1.61551
1.06716
1.07496
1.06588
1.67933
1.15626
1.09151
2.26591
1.41874
1.30596
1.06776
2.90819
1.24151
1.59267
1.16117
1.09914
1.09101
1.50986
1.62999
1.63921
1.07408
1.28398
1.23095
1.07102
1.19907
1.03235
1.00123
1.30058
1.20545
1.70856
1.01019
1.02496
1.9521
1.64466
1.34907
1.34326
1.18566
1.19874
1.45055
1.17993
1.13597
1.17836
1.01083
1.2445
2.32874
1.04978
1.04539
1.42183
1.2406
1.43827
1.22943
1.19961
1.75281
1.22393
1.04526
2.79457
1.00797
1.10293
1.23421
1.22279
1.20686
1.01085
1.97093
1.08544
1.15497
1.04978
1.16454
1.6979
1.12055
1.52806
1.21237
1.59666
1.38768
2.00983
1.05939
1.50269
1.00128
1.25568
2.10552
1.06683
1.10949
3.09296
1.06507
1.14218
1.11745
1.12968
1.13233
1.13928
1.8488
1.01856
1.27712
1.39228
4.76602
1.03228
1.14275
1.02205
1.72033
1.55294
1.05032
1.07697
1.14016
1.20776
1.31804
1.87548
1.4458
1.03366
1.19038
1.61757
1.72498
2.62499
1.34624
1.76192
1.33794
2.28706
1.27129
1.10224
1.36818
1.23933
1.01961
1.22326
1.35156
1.15627
1.19932
2.10246
1.04321
1.84391
1.09111
1.13089
1.56005
1.25177
1.18668
1.06148
1.23762
1.21754
1.80254
1.27921
1.02758
1.21232
1.57575
1.02339
3.80559
1.05178
1.25338
1.64152
2.22986
1.28093
2.39751
1.01027
1.35961
1.061
1.42124
1.04653
1.07397
1.52783
1.2069
1.55007
1.14225
2.70526
1.07133
1.01523
1.61171
2.62944
1.85757
1.13972
1.17645
1.53536
1.17413
1.10436
1.70342
1.25085
1.00299
1.8596
1.46474
1.01496
1.03365
1.04755
1.25429
1.05284
1.50682
1.1559
3.57692
1.15834
1.84401
1.16457
1.30309
1.17733
1.31683
1.03926
3.68273
2.53233
1.18856
1.03389
1.37712
1.1646
1.36124
1.80814
1.19245
1.42331
1.09268
1.61883
1.43725
1.0604
1.10919
1.03753
1.49671
1.20869
1.35398
1.37381
1.43362
1.47925
2.30186
1.49451
1.06829
1.52353
1.36757
2.0625
1.13332
2.1968
1.53892
1.5825
1.33564
1.48547
1.33018
1.15871
1.31149
1.02413
1.18919
1.22948
1.15511
3.24325
3.47891
12.2922
1.54853
2.2582
1.45251
1.61163
3.00297
3.55176
1.57851
1.93476
2.39749
1.20739
3.9441
1.36497
1.56584
1.43959
1.04162
1.75218
2.04643
1.16547
1.12641
1.14971
2.51436
1.82869
3.39971
1.13726
1.01814
1.20365
1.40473
2.92788
1.01282
1.39818
1.5449
1.1787
1.05602
2.33571
1.05383
1.53697
1.59103
1.07821
1.11102
1.1003
1.43951
1.30366
1.30056
1.63004
1.64771
3.21499
1.0522
2.65598
2.02609
1.01371
1.41223
1.02228
2.16184
1.04082
1.08119
1.1358
1.25368
1.24058
1.08089
1.18178
1.85857
1.23987
1.51182
1.19649
1.10191
1.61974
2.09353
1.49106
1.27034
1.10199
1.60759
1.01328
1.21176
1.56162
3.5884
1.02065
1.47388
1.64874
1.00152
1.0914
4.61107
3.24464
1.08976
1.19691
1.02564
1.3266
1.43587
1.55334
1.31648
1.05288
1.07599
3.52486
1.21348
1.23813
1.15892
1.60665
3.61526
1.3812
1.8596
1.09649
1.86975
1.35
1.05051
1.96276
1.15934
1.55403
2.07241
2.85203
2.01172
1.12128
1.06846
1.00616
1.14958
1.43401
1.36323
1.03797
1.33237
1.06351
1.61809
1.02718
1.01076
1.57169
2.03914
1.56847
1.65314
1.29884
1.35537
1.1676
1.35397
1.07871
1.09909
1.14917
2.6076
1.51567
1.08576
1.73874
1.39293
1.43561
1.17476
1.19073
1.26578
1.18492
1.32078
1.02907
1.28477
1.02373
1.50695
1.70139
1.5282
3.25167
1.10627
1.25901
1.02099
1.41814
1.08391
1.01214
1.81062
1.14041
1.92271
1.84276
1.09068
1.24485
1.10718
1.46276
1.70345
1.01901
1.54894
1.16678
1.05112
2.46872
1.08905
1.65823
1.18033
1.14044
1.13946
1.16483
1.02467
1.78114
1.01799
1.62549
1.04758
1.47522
2.0197
1.98461
1.12779
1.79078
1.21925
1.09552
1.08628
1.55505
1.69648
1.08893
1.03844
1.12054
1.21112
1.44094
1.14988
1.59689
1.05301
1.12049
1.4317
2.05169
1.02427
1.28832
1.78064
1.68032
3.00143
1.27427
1.21122
4.07518
1.01068
1.1969
1.04377
1.09747
1.34729
2.83053
1.23809
1.4144
1.2076
1.11068
1.96454
1.01167
1.14785
1.15661
1.73579
1.06116
1.87302
1.07498
1.19846
1.16343
3.6557
1.23471
3.29152
1.22274
1.53306
1.97926
1.2135
1.06599
1.13347
1.92758
1.31831
1.03696
1.02044
1.16895
1.47958
1.90264
1.12083
1.05695
1.07447
1.26348
1.10606
2.62991
1.30804
1.40957
1.13178
1.58166
1.13285
1.41139
1.57381
1.77573
1.30494
1.01443
1.88319
1.01891
1.17894
1.2526
1.29176
1.46452
1.19083
1.15428
1.25926
1.55998
1.06238
1.42278
1.05117
1.22685
1.63349
1.56402
1.18462
3.26288
1.76402
1.19544
1.04888
1.50604
1.05412
1.00185
1.41737
1.82221
1.79717
1.37696
1.05618
1.09008
1.35816
2.85769
3.01252
1.08019
1.76935
1.06584
1.09789
1.20888
1.09053
1.59351
1.07559
1.32722
1.40434
1.61297
1.94736
1.08642
1.07625
1.06438
1.91098
1.56298
1.34559
1.21837
1.20361
1.35014
1.21696
1.76173
1.23094
1.08292
1.1503
1.01261
1.10583
1.42382
1.24981
2.19553
1.4789
1.00142
1.1897
1.07929
1.20501
1.36422
1.05441
1.83633
1.28845
1.35147
2.02223
1.26277
1.08404
1.08415
1.6023
1.52725
1.14246
1.78347
1.07733
2.41416
2.47916
1.66191
1.45336
1.19064
1.16451
1.42335
3.65804
1.0526
1.0471
1.20265
1.20951
2.06113
1.41612
3.5478
1.21462
1.43055
1.27594
1.50328
1.16786
1.15309
1.49272
1.40707
2.6829
1.07827
1.40489
1.42715
1.18123
1.20809
1.09729
1.67365
2.13228
1.67985
1.11559
1.52027
2.85451
1.17003
1.33516
1.41958
1.43788
1.07748
2.74749
1.07244
1.31851
1.89299
1.15758
1.65206
1.82111
2.95849
1.15685
1.21741
1.27717
1.07306
1.23994
2.45647
1.66106
1.03597
1.50956
1.59791
1.38895
1.05062
1.01275
1.50565
1.89331
1.02909
1.19833
1.03918
1.0588
1.41738
1.06754
1.17798
1.92672
1.17251
1.17341
1.43526
1.72257
1.00177
1.18007
1.07789
1.169
1.10354
1.35174
1.03315
2.16971
1.01522
1.64921
1.33802
1.20111
3.54221
1.25328
1.10517
1.15263
1.70651
1.09209
1.06117
1.45512
1.2507
1.74415
1.06651
1.32052
2.59142
2.55606
1.09462
1.50158
1.17061
1.52561
2.17206
1.06226
2.35563
1.12409
1.58103
1.55386
1.4856
2.20204
1.34522
3.16924
6.17503
1.28207
1.60467
1.09016
1.24971
2.07482
1.19957
1.45182
1.20832
1.14315
1.52831
1.25164
1.31926
1.29778
1.58134
1.00842
1.36638
1.18263
1.26548
1.33961
1.08699
1.03767
1.23892
2.20287
1.1406
4.28618
2.88487
1.14812
1.1599
1.0164
1.00916
1.22943
1.00992
1.26088
1.37542
1.08525
1.72029
2.13209
1.20014
1.78408
2.68841
1.75253
1.00697
1.27955
1.21967
1.26259
1.4511
1.21775
1.07868
1.17326
1.29257
1.15038
1.23121
1.32271
1.03769
1.66721
1.62111
2.01518
1.47157
1.03191
1.01616
2.05215
1.47146
1.14559
1.1016
2.28796
1.24317
1.89541
1.43737
1.48539
1.31197
1.02443
1.16852
1.05305
1.42838
1.5845
1.25285
1.89146
1.22285
1.01661
1.1987
1.00578
1.03087
1.89645
1.201
1.33318
1.40076
1.00195
1.04811
2.15761
1.18854
1.58739
1.33335
1.15183
1.68057
1.03144
1.71534
1.1361
1.96464
1.7564
2.60251
1.09133
1.46556
2.73043
1.34813
2.07035
1.14197
3.48763
1.88455
1.16337
1.14816
3.08035
1.13799
1.0333
1.76483
1.59392
1.55368
1.22405
1.69232
1.67722
1.11507
1.00782
1.04488
1.05312
2.05637
1.00086
1.14321
1.02995
1.04955
1.73609
1.09502
1.05801
1.67737
1.01055
1.11993
2.43811
1.32401
2.04966
1.02177
1.13609
2.0323
1.02986
1.30558
2.21687
1.35846
1.04741
1.10887
1.26746
1.04669
1.67378
7.49004
2.5051
1.46384
1.04262
1.01916
1.50531
1.27495
1.81641
1.44172
2.58171
2.50808
1.36741
1.17087
1.03028
1.50543
3.2987
1.01616
1.06375
1.43745
1.80131
1.02384
1.26439
1.24222
1.83361
1.51178
1.09266
1.1202
5.31434
1.08941
1.49517
1.20145
1.16801
1.18763
1.53167
1.24085
1.16745
1.03173
1.13442
1.09566
1.00578
2.11116
1.23853
1.00041
1.01089
1.27709
8.1891
5.6188
1.44771
2.42596
1.07165
2.17896
2.34846
2.91164
2.58629
1.1937
1.23275
1.71723
1.01156
1.97163
1.41206
2.62827
1.01662
1.23079
1.27484
1.16388
1.60793
1.81746
1.02684
1.25984
1.43657
2.14402
1.75018
1.0709
1.48217
1.19507
1.13364
1.01399
2.08352
1.08505
1.10833
1.05524
1.42295
1.00682
1.04032
1.34025
2.46306
1.39863
1.06939
1.10692
1.15315
1.48935
1.21869
1.21416
1.09491
1.21255
1.87403
1.28212
1.69369
1.33915
2.31522
2.4846
1.60092
1.3102
1.15836
1.21652
1.36401
2.47406
1.21328
1.31085
1.1802
2.1962
1.4571
2.07306
1.00236
1.25641
1.4337
1.31304
1.72221
1.06752
1.63736
3.2337
1.24523
1.0771
1.83183
1.11414
1.30303
1.01419
1.12309
1.27897
1.14067
1.29292
2.2585
2.03939
1.46842
2.25625
1.11192
1.27094
1.41326
1.0692
2.32002
1.03306
1.07799
2.09027
1.14117
1.00433
1.4415
1.64807
2.88068
1.4915
1.36563
1.00607
1.96198
1.04479
1.27539
3.81224
1.19992
1.81751
1.24666
1.17851
1.09974
1.16346
1.39403
1.19279
1.0196
1.04048
1.44698
1.25318
1.38126
1.18685
1.04568
1.09268
1.00858
1.41709
1.01388
2.85308
1.14104
1.05021
1.38561
1.09748
1.26759
1.48134
1.42974
1.11937
6.74702
1.5012
2.1932
2.86576
1.10193
1.22218
1.19855
1.04485
1.55149
1.49122
1.14508
1.43859
2.13681
1.36185
1.00487
2.83736
1.51279
1.00556
1.2254
2.38395
1.66747
1.75649
1.19722
1.03745
1.02048
1.23343
1.07363
1.01143
1.42606
1.35856
1.42144
1.15236
1.19547
1.33915
1.30489
1.23748
1.72947
1.30582
1.21478
1.01381
1.63623
1.63466
1.12361
1.00467
3.40002
1.02135
1.35877
1.23827
1.45722
1.59247
1.21045
1.14718
1.8413
5.38678
3.75243
1.30412
1.24421
1.7186
1.13217
2.16551
3.56041
1.11099
1.18385
1.11688
1.77423
1.0148
1.23714
1.04134
1.00026
1.20557
2.85209
1.00605
1.38415
1.03055
1.15299
1.71662
1.17601
1.11981
1.01354
1.16409
1.75079
1.28139
1.08328
1.61224
1.1504
1.95355
1.13274
1.90214
1.20628
1.06904
1.32899
1.46783
2.25142
2.37245
1.18848
1.02384
1.08832
1.17963
1.07723
1.32173
1.01226
5.86409
1.03992
1.11894
2.03376
5.6764
1.67574
1.11229
1.23193
1.13482
1.65659
3.00374
1.61929
1.03842
1.79428
2.03063
1.16655
1.17151
1.50087
1.05826
2.84184
2.22623
1.1829
1.52611
2.83079
1.08894
1.04448
1.5746
1.26739
1.12644
1.06544
2.02573
1.25734
1.06104
1.56753
1.12945
1.24121
1.38272
1.31585
1.28875
1.14148
1.10037
1.56027
1.07805
1.15166
1.43914
1.27743
1.39164
1.00078
1.06809
1.09283
1.18886
2.36994
1.87993
2.54974
2.07409
1.35373
1.12362
1.88361
1.12438
1.3926
1.29999
1.18291
1.03794
1.20198
1.74686
1.6719
1.27895
1.22725
1.87246
1.20489
1.05386
1.30717
1.24753
1.06926
1.9424
3.82918
1.17959
1.61043
1.54034
1.1141
1.12321
1.66313
2.43814
1.10569
1.47316
1.25798
1.29528
1.20686
1.0353
1.58541
2.04247
1.21375
1.12558
1.10665
1.32924
1.00871
1.21584
1.3498
1.02573
1.11739
1.21605
3.7588
1.45724
1.56203
1.62713
1.04444
1.433
3.0328
1.51346
1.05131
2.71679
1.17706
2.12381
1.69152
2.53363
1.54277
1.05752
1.09278
1.37959
1.06363
1.04814
2.05979
1.50794
1.01437
2.21572
1.46832
1.04609
1.08191
1.2511
1.10232
1.22081
2.2127
1.45965
2.78571
1.50491
1.24876
3.39281
1.12668
2.60235
1.20962
1.37537
1.16065
2.01636
2.67718
1.48726
1.28243
1.16905
1.03744
1.12024
1.35883
1.51665
2.85542
1.09088
2.15003
1.08845
1.76871
1.29741
1.02618
1.0194
1.1714
1.00042
1.72171
1.11774
1.65295
1.43439
1.06074
1.24013
1.41973
1.49153
1.106
2.02904
1.71932
1.50666
1.04904
1.1483
1.00408
1.919
1.24083
1.19046
1.31637
1.22655
1.33493
1.50033
2.07073
1.23265
1.05344
2.97539
1.43404
1.60648
1.06171
1.90583
2.65593
1.10158
1.08184
1.03952
2.73776
1.20062
1.32718
1.92376
1.64048
1.04431
1.19601
1.04782
1.35773
1.56409
1.04697
1.25595
1.06608
1.06385
2.5495
1.51485
1.5049
1.03842
1.37593
1.05013
1.11161
1.29594
1.02569
1.13141
1.23981
1.46941
1.99051
1.74731
1.60008
1.69754
1.09208
1.15
1.05934
1.01734
1.97051
1.52577
1.10291
2.07857
1.18506
1.20102
2.80159
1.11406
1.13686
1.16634
1.39713
1.16282
2.41
1.0792
1.05197
1.01303
1.38105
1.01404
1.00822
2.78752
1.39028
2.31525
1.23779
1.15341
1.37593
1.26002
2.26192
1.43665
1.7783
1.47665
1.20127
1.15452
1.39521
1.44214
2.44936
1.36953
1.12458
1.06195
1.08892
1.11773
1.16025
1.195
1.00706
1.18147
2.23728
1.02353
1.08095
1.78169
1.43679
1.05614
1.07235
1.19977
1.56391
1.41575
1.49775
1.23302
1.28397
1.58038
1.31792
1.03558
1.16276
1.91003
1.82876
1.3632
1.16103
1.13278
1.177
1.23571
1.30382
1.38441
2.93378
1.47083
1.01125
1.04913
1.16602
1.25029
1.3977
1.03125
1.12444
1.62588
1.0433
1.68349
1.2602
1.29898
1.03598
2.68555
1.22834
2.15174
1.03322
3.2898
1.33827
1.00253
1.00294
1.01296
1.09322
1.0122
1.0433
1.15643
1.34215
1.10791
1.04167
1.10472
1.20833
1.18804
1.12197
1.18643
1.00894
1.29738
1.25021
1.25376
2.21161
1.22036
1.19782
2.3719
1.11776
1.14649
1.03091
1.11575
1.21583
2.4038
1.72776
1.77053
1.39131
1.22296
1.2001
3.32895
1.19203
1.04725
1.27301
1.38445
1.14786
11.7293
1.1772
1.88873
1.15931
1.76532
1.15021
1.08691
1.61085
1.24974
1.64406
2.07268
1.00256
1.91038
2.1465
1.20888
1.12158
1.31304
1.3988
1.18929
1.26471
1.55249
1.36
1.13625
1.68779
2.19197
1.35925
2.9459
1.00104
1.03523
1.00722
1.95479
1.32974
1.87075
1.4631
1.04953
1.1143
1.04605
1.08779
1.81562
2.46603
1.57112
1.32973
1.76385
2.31932
1.74126
1.17245
1.02524
1.08236
1.26777
1.11959
1.42092
2.03842
1.3991
1.15437
1.08841
1.07322
1.74749
1.4076
1.3479
1.02298
1.01451
1.3345
1.11415
1.73789
1.01132
1.06768
1.03298
1.32181
1.49897
1.16369
3.72419
1.07115
3.23672
1.72409
1.76945
1.4301
1.0984
1.16602
1.15553
1.02725
3.80158
1.11556
2.18773
1.5639
1.10721
1.29167
1.08495
1.00933
1.39126
1.40334
3.44113
1.37323
1.04411
1.16449
1.7457
1.03207
1.30329
1.01204
1.18166
1.0521
1.23308
1.31497
1.52087
1.70951
1.02123
1.10232
1.03679
1.57806
1.66734
1.03144
1.11815
1.44645
1.03581
1.22345
1.21836
1.04259
1.3356
1.17662
1.18615
1.70239
1.18644
1.10228
1.44692
1.00102
1.10488
1.00202
2.10698
1.24194
2.23877
1.12417
1.0031
1.19373
1.11258
1.37777
1.05709
1.47444
2.2147
1.61952
1.34571
1.00448
1.17014
1.26233
1.24217
1.03084
1.51425
1.82269
1.45776
1.19569
1.52609
1.54114
2.27673
1.2669
1.04705
1.20277
1.00565
1.14419
1.74217
1.38898
1.59838
1.12843
1.50027
1.06572
1.49838
1.00349
3.95922
1.57954
1.1695
2.40581
1.17904
1.03534
1.4278
1.06111
1.27774
1.49948
1.01775
1.1097
1.4294
1.28353
1.08203
1.01469
1.05408
1.39295
1.26509
1.6416
1.35395
1.7853
1.35999
1.85199
1.12427
1.16906
1.11038
1.01316
1.19551
1.01226
2.1357
1.20002
1.07594
1.74683
1.88135
1.93422
1.39951
1.0026
1.04133
1.53825
1.05357
1.90001
2.05113
1.33394
1.06864
1.04091
1.12174
1.44693
1.87102
1.97167
1.16143
1.19177
1.02466
1.12707
1.08639
1.85102
1.0961
1.10424
1.85977
1.03797
2.36164
1.14457
1.21149
1.04376
1.03956
1.10961
2.36811
1.19061
1.71437
1.27299
1.02582
1.30013
1.19833
1.05332
1.53237
1.01477
1.29518
1.08284
1.27801
1.79923
2.06829
1.02423
1.43065
4.03861
1.01565
1.09897
2.35745
1.22882
1.01842
1.34171
1.61763
2.72653
1.04716
1.18098
1.95546
1.06157
1.16434
1.05065
1.50962
1.12532
1.05237
1.04176
1.22472
1.06563
1.16588
1.01873
1.23542
1.13231
1.1096
1.12067
1.27076
1.1695
1.22101
2.01154
2.42444
1.17905
1.41351
1.07571
1.00346
1.28354
1.9142
1.15812
1.0253
1.06425
1.28922
1.44397
1.53473
2.82967
1.01266
1.33242
1.27357
1.06807
1.08404
1.06438
1.03859
1.21921
1.18729
3.36426
1.45225
1.57801
1.02941
1.53138
2.06761
1.43671
3.28999
1.03063
1.06585
1.5864
1.27743
8.47094
1.41729
1.50514
2.3559
1.2691
1.08514
1.26834
1.36797
1.03541
1.04563
1.12903
1.05805
2.06528
1.41976
1.27632
1.42431
1.73573
1.34993
1.87808
1.14421
1.37245
1.03391
2.2562
1.06136
1.27293
1.00213
1.58345
1.89165
1.61252
1.61163
1.4505
1.1769
1.69956
1.91582
1.03845
1.47126
1.61662
1.23728
1.19219
3.23351
1.1079
1.01996
1.39583
1.0758
1.20805
1.01031
1.24088
1.29168
1.22201
1.05893
1.01635
1.42617
1.26739
1.08641
1.1032
1.36187
1.00343
1.04428
1.61695
1.00115
1.29028
2.55389
1.85288
1.66362
1.80901
1.07584
1.33622
1.52087
1.14649
1.20864
1.22843
1.01891
1.44784
1.2195
2.68915
1.07369
2.40204
1.69411
2.29216
1.00794
2.14596
2.21035
1.16453
1.3564
1.16669
1.55619
1.69691
1.1769
1.28885
1.00448
1.50253
1.02983
1.2911
1.0431
1.43531
1.57342
1.01144
1.04459
1.29385
1.32911
1.19415
1.82038
1.21672
1.2421
1.79241
1.57931
1.08545
1.62987
1.08176
1.11
1.07791
1.19042
1.90959
1.94967
1.13406
1.14152
1.07851
2.00872
1.17027
1.17438
1.58841
1.07356
1.12383
2.44385
1.34092
1.18833
1.17264
1.14707
1.57062
3.09149
1.05913
1.08279
2.25734
1.03459
1.70973
1.80495
1.09168
1.05351
1.78908
1.05183
1.02273
1.70574
1.07266
1.00204
1.8556
1.07357
2.28295
1.01128
1.1746
1.28747
1.28691
1.57982
1.16111
1.23009
1.69014
1.14938
1.12444
1.16866
1.24124
1.05277
1.51251
1.27252
1.82326
1.34009
1.13263
1.55679
1.249
1.42211
1.0329
1.45701
1.51551
1.08097
1.04259
1.00223
2.19331
1.13628
2.03102
1.08579
2.07248
1.2126
1.29018
1.39251
1.49435
1.35623
1.33669
1.60301
2.65965
1.9015
1.17029
1.49498
1.33076
1.13493
3.79505
1.06104
1.29039
2.15161
1.02322
1.20655
1.31577
1.25505
1.00647
1.10237
1.22667
1.5811
1.01289
1.12895
1.0421
1.06497
1.397
1.05448
2.04537
1.13099
1.08764
1.79639
1.15001
1.30753
1.08406
1.26605
1.12221
1.38053
1.2746
1.32364
1.18566
1.08498
1.10728
1.07281
1.36082
1.2081
1.29183
1.07403
1.0006
1.05014
1.43333
1.09307
1.58221
1.03926
2.04485
1.32653
1.29742
1.3125
1.07047
1.17428
1.34781
1.0279
2.361
1.57709
1.08152
1.49034
1.09627
1.54281
1.37371
1.07502
1.53943
1.76298
1.45123
1.85364
2.08431
1.09475
1.13402
1.12187
1.15716
1.31715
1.25477
1.20005
1.68333
1.00898
1.7853
1.69729
1.33961
1.40747
1.04939
1.57995
1.27605
2.20543
1.05943
1.08424
1.21177
1.03638
1.06144
1.09551
1.17077
1.34471
1.40435
1.26175
1.00298
1.15252
1.0721
1.52675
1.10185
1.17352
1.06382
2.629
1.26624
2.67184
1.17701
1.85817
1.8799
1.03812
1.22005
1.31934
1.09338
1.16631
1.2031
1.0119
1.03961
1.10952
1.17044
1.25583
1.66342
1.43077
1.12268
1.37373
1.05655
1.48776
1.33936
1.22358
1.24656
1.68544
1.00983
1.81266
1.81021
1.1457
1.49102
1.21485
1.15494
1.22008
2.35569
1.20044
1.75138
1.44103
1.28406
1.17294
1.08824
1.43019
1.99534
1.01548
1.15127
4.53294
1.09847
1.01911
1.0704
1.1543
1.15884
1.15814
1.76009
1.55479
1.00086
1.05537
1.3125
1.26961
1.00834
1.6214
1.22445
1.33474
1.58249
1.02416
1.10913
1.17649
1.23871
1.05012
1.44342
1.12037
1.44687
1.15679
1.25709
1.32245
1.29901
1.01932
1.44613
2.77844
3.49656
1.16371
2.40334
1.41329
1.13845
1.18027
1.17505
1.05104
1.46629
1.40171
1.06597
1.80215
2.65315
1.34395
2.17515
1.16246
2.18066
1.36278
1.48662
2.65878
1.75202
1.40834
1.04919
1.0396
1.44745
1.38808
1.3309
1.12389
1.24428
1.48947
1.39673
1.17181
1.68698
1.52707
1.56159
1.03423
1.59774
1.13271
2.27009
1.12847
1.1495
1.58345
2.0927
2.23275
1.45675
1.14515
1.72432
1.11626
1.1592
1.02734
1.04001
1.035
3.21076
2.63233
1.80972
1.59586
1.07697
1.09185
1.09269
1.62904
1.63981
1.00165
1.21519
1.04451
1.70091
1.25258
1.65795
1.58189
1.51497
1.04468
1.14686
1.24998
1.18222
2.12691
1.16891
1.28684
1.2734
1.06942
1.07623
1.70739
1.05546
1.66275
1.25089
1.51469
1.19697
1.6479
1.04865
1.1523
2.26664
1.5543
1.18331
1.1781
2.49084
1.00809
1.25727
1.03318
1.06983
1.22317
1.93151
1.00223
1.01735
1.2012
1.45812
1.09638
1.1215
2.27028
1.71839
1.3658
1.17052
1.19804
1.72884
1.953
1.23117
1.12311
1.20164
1.60724
2.56269
1.1785
1.05991
1.8047
1.0271
1.44636
1.12812
1.41074
1.37731
1.64703
1.20043
1.01558
1.03051
1.193
1.26708
1.00082
1.46582
1.01657
2.03332
1.06419
1.07041
1.38254
1.21003
1.77857
4.24488
1.28948
1.30473
1.4925
1.04489
2.06103
1.10613
2.6042
1.11779
1.10117
1.53532
1.22941
2.01877
1.34449
6.08167
2.55957
1.04194
1.23903
1.4873
1.08831
1.95073
1.1783
1.60764
1.41658
1.03579
1.2899
1.08359
1.31771
2.8633
1.69421
1.33336
1.2811
3.24831
1.52376
1.06575
1.05723
1.4776
2.05277
1.15911
3.50614
1.15046
1.35383
1.84625
1.54967
1.01148
1.29906
1.79009
1.05859
1.36773
1.00634
1.37877
1.16999
1.01593
1.09354
1.01159
1.06314
1.24131
1.85583
1.11741
1.39975
1.06588
1.08472
1.28073
1.03467
1.71942
1.14182
2.76023
2.49517
1.00251
1.59779
1.29585
1.56167
1.07958
1.06866
1.01053
1.0857
1.08927
1.66171
1.02102
1.19241
1.88332
1.21031
1.33264
1.87868
1.37578
1.08178
1.50337
1.35074
7.53664
1.34676
1.12102
1.01257
1.07724
2.09437
4.46757
1.1091
1.51974
2.52905
1.3192
1.03595
2.28049
1.20499
1.23234
1.26054
1.0524
1.17371
2.09249
1.27686
2.24224
2.11268
1.51105
1.56082
2.94165
1.24518
3.33692
1.19507
1.24623
2.23553
1.1236
2.46064
1.23723
1.00245
1.08522
1.39328
1.00704
1.08929
1.31055
1.05581
1.3155
1.99793
1.28314
1.02652
1.57007
1.73889
1.22873
1.08078
1.32546
1.81905
1.23898
1.46614
1.61773
1.16961
6.75581
1.42486
2.26701
1.08754
1.81617
1.1087
1.2023
1.33752
1.3565
1.67038
1.4126
1.23373
1.2177
1.24443
1.08078
1.06839
2.05273
1.09535
1.08979
1.32087
1.14495
1.48771
1.53486
1.2641
1.09329
1.66724
1.36101
1.48483
1.51054
1.06769
1.19804
1.26692
1.12544
1.82534
1.06293
2.82951
1.1479
1.75418
1.79475
1.55822
1.15024
1.73618
1.53753
1.92602
1.52305
1.72038
1.69254
1.03201
1.07806
1.04273
1.34722
1.05372
1.1017
1.43288
2.24143
1.08094
1.52387
1.65951
1.44454
1.05172
1.29484
1.32911
1.25507
1.12292
3.56279
1.03641
1.18793
2.60728
1.38131
1.51929
1.11317
1.15392
1.29976
1.19868
1.2527
1.17058
1.77187
1.11164
1.11725
1.2361
1.04549
1.12609
1.7488
1.00343
1.01493
1.18945
1.09559
1.30006
1.70093
1.26965
1.23356
1.0804
1.28127
1.4614
1.28214
1.29116
1.76158
1.32996
1.19718
1.21055
1.61791
1.27982
1.4415
1.54441
1.32962
1.79787
1.12166
1.16374
1.19632
1.12149
1.01627
1.06252
1.12906
1.53687
1.28407
1.25829
1.12517
1.36765
1.28784
1.3243
1.38401
1.17099
1.1195
1.34007
1.45311
1.06494
2.20789
3.85395
1.15076
1.52249
1.10476
1.18444
1.2012
1.26635
1.1551
1.00277
1.0495
1.40302
1.21022
1.84203
1.59755
1.42339
1.75069
1.08852
1.01482
1.07203
1.15625
2.37555
1.05095
1.58407
1.22834
1.24745
1.05881
1.56002
1.04736
1.41633
1.22046
1.00494
1.30555
1.04471
1.45736
5.82642
1.4378
1.31276
1.7438
1.01984
1.16215
2.15697
2.88221
1.02666
1.90276
1.06256
2.62067
1.21454
1.59397
1.02093
1.05835
1.25705
1.44482
1.05161
1.10906
1.61198
1.2066
2.04706
1.24594
1.161
1.51763
1.00067
1.00096
1.2106
1.11875
2.43121
1.77509
3.19904
1.08135
1.08254
1.07574
1.12086
2.79174
1.06927
1.10547
1.33833
1.36128
1.37818
1.1574
1.11187
1.18013
1.14111
1.12819
1.67021
1.11978
1.327
1.15951
3.67893
1.43023
1.02493
1.06616
2.34203
1.18898
1.34897
1.21337
1.4465
1.16322
1.04082
4.41699
1.09574
1.12531
1.23799
1.12688
1.1474
1.07764
1.46668
1.97813
1.05986
2.11721
1.07059
1.77021
1.3689
1.11769
1.25281
1.05618
3.79841
2.25064
1.09796
1.05239
1.00533
1.20694
1.2565
1.04669
1.42344
1.60551
1.08059
1.19239
2.54475
1.86859
1.07024
1.61195
1.41799
1.15468
1.26793
1.11717
1.09165
1.77432
1.00449
1.36914
1.40803
1.05647
1.61436
1.05667
1.21646
6.64062
1.07921
1.15647
1.01941
1.8765
2.24602
1.17926
1.30401
1.05827
1.30251
1.03994
1.19321
1.70276
1.39252
1.0668
1.13756
1.81167
1.3466
1.33823
1.0332
1.03419
1.03289
1.35334
1.08443
1.61198
1.14889
1.09365
1.14964
1.40563
1.35111
1.08435
1.36072
2.17687
1.45658
1.03363
1.18276
1.333
6.71743
1.23656
1.08713
1.03846
1.37648
1.25586
1.01319
1.00202
1.18425
1.77867
1.26641
1.17511
1.40077
2.69425
1.81841
2.574
1.40674
1.01133
1.2182
1.36068
1.14974
1.76935
2.59298
1.24619
1.67235
1.01876
2.39642
1.4106
1.1449
1.13771
1.0009
1.11683
2.23023
1.4448
1.22343
1.23273
1.42812
1.2525
1.12629
1.20218
1.17443
1.16556
1.67252
1.49782
1.35876
1.38506
1.15804
2.29883
1.09345
1.11215
1.2739
1.2845
1.31728
1.95305
1.51634
1.21594
1.15181
1.35927
1.09418
1.80094
1.55692
1.19673
1.59075
1.01282
1.08989
1.48743
1.27161
1.20501
1.18166
1.03834
1.99365
2.4107
1.41817
1.41586
1.95737
1.02807
1.30079
1.08818
1.27184
1.46351
1.18185
1.76886
2.08932
1.42372
1.60691
1.07455
1.57393
1.0951
1.08929
1.09039
1.4764
1.39778
1.04003
1.77973
1.44377
1.75005
1.28413
1.08423
1.16853
1.17121
1.53831
1.13902
2.26791
1.05357
1.67328
2.47679
1.42422
2.31987
1.10595
1.20307
1.19709
1.02232
3.09166
1.0334
1.28146
1.00829
1.70943
1.08144
1.76325
1.1986
1.46068
1.02251
4.61515
1.06219
1.03778
2.00808
1.39314
1.07879
1.12016
1.55128
1.02014
1.03403
1.32876
1.1856
1.11481
1.50096
1.28992
1.06791
1.06683
1.2028
6.18447
5.01952
1.02249
1.60259
1.20891
2.88621
1.32696
1.54213
1.02242
1.77235
4.12016
1.30701
1.1201
1.20773
1.00561
1.10275
1.1278
1.4651
6.50898
1.52543
1.22553
2.16597
1.37598
1.18009
1.70729
2.76898
1.04515
1.10949
1.09308
1.01624
1.22598
1.33205
1.78641
1.74143
1.39983
1.02712
1.45455
1.23208
1.03809
1.40758
1.02779
1.86747
1.06352
1.0933
1.09532
1.13883
1.00876
1.04021
1.24774
1.73946
1.54436
3.03942
1.19864
1.24766
1.17787
1.06155
1.14764
1.30151
1.34648
1.32193
1.68285
1.24883
1.47601
1.32994
1.05135
1.10092
1.50026
1.10811
2.152
1.61447
1.28015
1.4142
2.32781
1.37063
1.29871
1.23746
1.15058
1.48843
1.63284
1.02378
1.11014
1.62402
1.50368
1.2806
1.71182
1.10945
2.29077
1.02248
1.46935
1.38951
1.04264
1.56302
1.22955
1.83986
1.51935
1.45288
1.00772
1.18265
1.21957
3.2193
1.04192
1.0817
1.06104
1.44281
1.5141
1.0186
1.46815
1.47988
1.27503
1.79835
1.17721
1.14948
1.49495
1.97536
1.11297
1.03983
2.04374
1.0264
1.16002
1.39437
1.07513
1.54005
1.01867
5.35469
1.37044
1.44709
1.31856
1.02571
1.86585
1.38542
1.31058
1.31768
2.07709
1.25868
1.0935
1.00404
1.03005
1.01363
1.92257
1.84172
2.15565
1.17796
1.106
1.00253
1.05835
1.64072
1.3267
1.02546
1.02425
1.34846
2.55709
1.05655
1.08328
1.49211
1.05891
1.01095
1.09057
2.72446
1.13106
1.07494
1.02366
2.60875
1.10154
1.28537
1.02467
1.77703
1.02552
1.06503
1.05161
1.2596
1.02934
1.67913
1.16602
1.12871
1.06177
1.14682
1.78743
1.03333
1.0609
1.13982
4.03307
1.01414
1.5525
1.15288
2.10094
1.06785
1.15725
3.27746
1.02403
1.09145
1.30748
1.16294
1.12489
1.17594
1.21786
1.87409
1.41735
1.20911
1.55108
1.02791
2.71866
1.93658
1.19992
1.26235
1.13805
1.092
1.00243
1.11007
1.78096
1.17997
1.23038
1.14126
1.0673
1.1143
1.54074
2.51673
1.58177
1.16727
1.70709
1.44769
1.41454
1.3699
1.5907
1.72086
1.19053
1.82567
2.95967
3.10963
1.05878
1.2556
2.12936
1.86749
1.11787
1.00978
1.00072
1.0142
2.09293
1.22644
1.31329
2.26606
1.0992
1.17812
1.3535
1.96645
1.12043
1.06913
1.11106
1.70809
1.1824
1.02203
1.85951
1.13228
1.00151
1.11236
1.37167
3.0714
1.10337
1.23733
1.26643
1.10897
1.338
1.05827
1.18972
1.50128
1.02408
1.04769
1.06605
1.44782
1.31899
1.40951
1.01235
1.81703
1.05349
1.56077
1.10824
1.01926
1.07346
2.63591
1.30014
1.02509
1.26364
1.53622
1.38145
1.06275
1.05528
1.13711
2.55155
1.30363
2.17674
1.16624
1.06303
1.46188
1.22667
1.47638
1.01708
1.16709
1.19271
1.33564
1.63374
1.27832
1.17382
1.43575
1.11245
1.16757
1.18826
1.81998
1.33351
1.26173
1.02816
1.08694
1.30059
1.03838
1.49083
1.07631
1.30069
1.04207
1.57025
1.50861
1.41362
1.38594
1.05543
1.01308
1.51044
1.65836
1.26341
1.86914
1.23282
1.11691
1.22899
4.36391
1.08738
1.78963
1.50516
1.81137
1.17228
2.32707
1.07797
1.29066
1.21181
1.33188
3.17479
1.29529
1.51683
1.58675
1.01166
1.46603
1.94764
1.71028
2.19278
1.11471
1.20126
1.27506
1.3667
1.16131
3.47575
1.16222
1.17659
5.11405
1.15745
1.08367
1.01736
1.20233
1.24881
1.02025
2.64617
1.32842
1.15784
1.09943
1.38729
1.19788
1.16333
1.10179
1.58726
1.05475
1.58873
1.08454
1.09899
1.03604
2.05381
1.45234
1.26039
1.00814
1.3729
1.88457
1.01782
1.18518
1.07137
1.34857
1.61653
1.69353
1.03269
1.28122
1.46822
1.28366
1.25097
1.04582
2.01167
1.32601
1.04889
2.37942
1.05234
1.05629
1.69891
1.78121
1.4978
1.01199
1.20667
1.55989
1.13761
3.53959
1.0573
1.22563
1.23617
2.0724
1.46995
1.02035
2.05655
1.69869
1.02574
1.03834
2.06884
1.48623
1.11206
1.34373
1.4182
2.0559
1.24433
1.21256
1.06615
1.25221
1.06612
1.01603
2.00922
2.97881
1.04627
1.07925
1.28208
1.24347
1.3619
1.97523
1.87781
1.24838
1.9347
1.20019
1.79559
1.10298
1.38247
1.14361
1.56698
1.06456
1.23326
1.38053
1.33039
1.27579
1.25032
1.03697
1.30654
1.76277
1.1761
1.25531
1.15556
1.27283
1.00866
3.28715
2.86466
1.35478
9.03534
1.38141
1.26988
1.00223
1.01501
1.05169
1.15486
1.10778
1.25427
1.37127
1.07827
1.09642
1.2296
1.11906
1.18224
1.44923
1.01328
1.54282
1.60047
1.11643
2.1326
1.32309
1.49444
2.68531
2.57162
1.53674
1.07896
2.2797
1.22676
1.5209
1.46545
1.6729
2.55689
1.37181
1.03794
1.53373
1.85018
1.03482
1.08061
1.10308
1.40251
1.0453
1.81251
2.34526
2.20518
1.33808
2.13222
1.46292
2.01643
1.28585
3.08249
1.62619
1.19393
1.15706
2.03065
1.44654
1.03064
1.06633
1.18899
1.08675
1.50671
2.07015
1.06998
1.07721
1.16359
1.35707
1.22094
1.06101
1.12737
1.03726
1.11813
1.47748
1.20087
1.01557
1.16635
2.30464
1.16188
2.26077
1.35464
1.17582
7.48299
1.74859
1.55851
1.54716
1.88054
1.51302
2.12478
2.59606
1.02383
1.02553
1.63534
1.21913
1.49872
1.88095
1.43017
2.32403
1.00003
1.1559
1.19057
1.01886
1.18372
1.95772
1.62014
1.68068
2.02622
1.04793
1.08313
1.42452
1.67856
2.11101
1.00741
1.58084
1.16324
1.17853
1.23602
1.21676
1.55041
1.34039
1.46397
1.07353
1.00966
1.04068
1.22354
1.40093
1.11829
1.94946
1.06409
1.05825
1.03047
1.89229
3.55855
1.32728
1.11767
1.42673
1.02731
1.07634
1.14093
2.68555
1.17651
1.3058
1.00342
1.36675
1.38982
2.02868
1.07316
2.73905
1.16796
1.2016
1.14969
2.36116
1.22362
1.81772
1.13989
1.15349
1.25243
1.11954
1.08688
1.05483
1.25905
1.75717
1.95212
1.1834
3.59193
1.22082
1.08417
1.02528
1.07526
1.63067
1.0146
1.91477
1.29857
1.06379
1.77579
1.08972
1.04152
1.10529
1.25584
1.30265
4.5363
1.09579
1.32629
1.84458
1.19477
2.51278
1.17494
3.37022
1.21911
1.00635
2.47875
2.32347
3.68656
1.67299
1.10521
1.43294
1.11118
1.37336
1.02002
1.1129
1.11259
2.02445
1.04664
1.70964
2.65723
1.37595
1.56952
1.07506
1.16623
1.17912
1.58842
2.23965
1.08313
1.08186
2.05999
1.49985
1.10607
1.00115
1.00867
1.50235
1.98791
1.23134
2.11505
1.09208
4.34335
1.17875
1.01996
1.21671
1.70122
1.20709
1.08338
1.80049
2.23532
1.38342
1.9327
1.17783
3.41949
1.80626
1.15775
1.69329
1.66753
1.07099
1.27574
1.09487
1.18682
1.2017
1.39678
1.09926
1.34823
2.1331
2.2505
1.46864
1.05941
1.29933
1.05191
1.13898
1.09402
1.16574
1.00251
2.52206
1.03731
1.48304
1.10697
1.08604
1.17776
1.21106
2.2109
1.04205
1.05631
1.6564
1.06406
1.1698
1.72903
1.50593
1.79742
1.75804
1.21574
1.00124
1.45476
1.07099
2.2131
1.00378
2.02878
1.05232
1.4747
2.72873
1.54521
1.22145
1.02536
1.16924
1.5065
1.18157
1.05987
1.00858
2.14817
1.00539
1.06728
1.74361
1.1895
1.45056
1.54972
1.00922
1.40387
1.23942
1.12192
2.16494
1.46026
1.03853
1.71517
2.06295
1.19687
1.20855
1.2275
1.761
1.10969
1.6316
1.12132
1.28575
1.06327
1.02174
1.1877
1.68007
1.02852
1.04414
1.36446
1.26276
1.4985
1.15402
1.7229
1.97733
1.85035
1.6296
1.01545
1.65623
1.60445
2.25744
1.01536
1.04138
2.03101
1.32357
1.24742
1.28119
1.0916
2.67751
1.12029
5.35117
1.00454
1.21401
1.78155
1.16059
1.26242
1.48868
1.05802
2.45119
1.2992
1.10219
1.20569
1.02776
1.16607
1.45642
1.2273
1.08016
1.35439
1.1469
1.69382
3.58707
1.07497
1.91004
1.59683
1.03251
1.26799
1.72347
1.57763
2.18332
1.34336
1.11553
1.03527
1.61516
1.18182
1.74589
1.55858
1.32172
1.20283
1.91877
1.10835
2.69023
2.00819
3.80922
1.08637
1.36023
1.70105
1.01491
1.23529
1.00377
1.71868
2.61719
1.29927
1.31788
1.14118
1.38797
1.21143
1.12455
1.04983
1.04984
1.69496
2.04189
1.0754
1.50571
1.02275
1.22116
1.04049
1.21965
1.33884
1.25675
1.61523
1.01646
1.0977
1.13961
1.09249
1.32376
1.1897
3.64167
1.25028
1.07795
1.13189
1.05676
1.88984
1.4997
1.97215
1.10206
1.86679
1.41399
1.42043
1.4602
2.08013
1.1619
1.19268
1.88077
1.08664
1.03053
3.47528
1.35197
1.01415
1.08794
2.09919
1.0052
1.08719
2.42194
1.49603
1.30504
1.08936
1.99467
1.08168
1.33652
1.77889
1.40044
1.6335
1.06214
1.07714
1.0669
1.03637
1.26394
2.30293
1.82049
1.20488
1.18709
1.18215
1.21723
1.20341
1.0195
1.13669
1.177
1.376
2.0295
2.82176
1.26652
1.11485
1.0484
1.05082
2.35994
2.89125
1.01574
1.29271
1.4514
1.05941
1.22073
1.42807
2.7361
1.02202
1.11939
1.05718
1.0678
1.05588
1.03051
1.45423
1.50501
1.11944
1.03413
3.07633
1.25671
1.03122
1.24048
1.33015
1.72606
1.09799
2.72627
1.08479
1.27579
2.08945
1.05406
1.29703
2.00805
1.152
2.47408
1.41697
1.1249
1.47952
1.08105
2.45614
1.12138
1.08245
2.021
1.00167
1.05806
1.11748
1.10359
1.44427
2.58812
3.41622
1.1118
1.68518
1.28406
1.60284
1.41655
1.0943
1.12672
1.45397
1.06214
1.27293
1.07095
1.24906
1.1824
2.42906
1.14937
1.08134
1.25739
7.66643
1.10041
1.0068
1.84216
1.64333
1.29718
1.66625
1.42079
1.05735
1.19326
3.29866
1.58277
1.2023
1.30812
1.00681
1.01797
1.13181
3.69139
1.07651
1.18984
1.69293
1.35922
2.74435
1.05004
2.45716
1.38919
1.1258
1.08807
2.61059
3.28823
1.34964
1.07553
1.01975
1.17865
1.59794
1.0436
1.21795
1.03099
1.61903
1.28017
1.40716
1.37653
1.13399
1.01178
1.65363
1.0261
2.44042
1.13128
1.85341
1.1186
1.1986
1.17983
1.87349
1.47448
1.23213
2.00621
1.94864
1.1465
1.75497
5.18711
1.20264
2.20677
1.67785
1.00469
1.02596
2.42928
1.18244
2.02219
1.39518
1.71504
1.59182
1.08174
2.32089
1.16006
1.12571
1.13842
2.14744
1.03286
2.29618
1.80875
1.24048
1.02209
1.05344
1.00138
1.27901
1.71553
1.05782
2.52558
2.12474
1.27913
1.08549
1.27926
2.17842
1.12285
1.24861
1.85808
1.02515
1.19079
1.53696
1.0931
1.18854
1.35627
1.28259
1.17397
1.06856
1.66441
1.36501
2.71261
1.05346
1.00199
6.96095
1.16914
1.29899
1.20494
1.30335
1.06073
1.08462
1.03656
1.43813
1.28535
1.10613
2.4146
1.16398
1.41278
1.26421
2.96567
1.1097
1.1021
1.02335
1.08514
1.38418
1.12649
1.03603
1.45064
1.32788
1.54289
1.1028
1.04134
1.39563
1.04108
1.03963
1.03941
1.65711
1.19011
1.03796
1.18954
1.02741
4.68323
1.26654
1.06459
1.15655
1.54541
1.08828
1.34125
1.10277
1.06558
1.02676
1.27483
1.03294
1.19699
1.85853
1.10718
1.04372
1.05572
1.16049
1.4027
1.079
1.33868
1.34841
1.4301
1.36419
1.0891
2.1941
1.72915
2.12085
1.20095
1.26715
1.64479
1.37896
1.2908
1.45673
1.03617
1.76342
1.76001
1.78947
1.64548
1.22747
1.26657
1.03872
1.09121
1.01689
1.477
1.25033
1.28569
1.07207
5.79938
1.05728
1.45726
1.35119
3.03934
2.28843
1.31695
1.11661
1.01685
1.53443
1.0804
1.05971
1.44753
1.06841
1.21031
1.20506
1.15292
1.42284
1.80204
1.86292
1.00368
1.19564
1.436
2.27226
3.05092
1.55446
2.32328
1.04534
1.43013
1.73632
1.60006
1.6396
1.91023
1.07193
1.28633
1.07935
1.01655
1.24042
1.26985
1.35825
1.31703
1.68648
1.28413
1.21898
1.03022
1.13315
1.34894
1.81011
1.13323
1.50243
1.16526
2.08582
1.09337
1.20266
1.84038
1.18582
1.01189
1.14639
1.69111
2.18594
1.40386
1.26997
1.2232
1.09669
1.08427
1.15056
4.01321
2.11481
1.50598
1.09647
1.05114
1.06244
1.13342
1.05575
1.28628
9.95281
1.41008
1.29067
1.0647
1.26887
1.64807
1.83545
3.42765
1.83908
1.26689
1.44331
1.10363
1.35536
1.04395
1.07732
1.26757
1.85929
1.06793
1.09149
1.40197
1.07303
1.14227
1.8265
1.1339
1.47734
1.0794
3.35266
1.02199
1.16539
1.07416
2.15468
2.98606
1.42704
1.13019
15.2506
1.63566
1.72494
2.35542
1.36852
1.20256
1.15254
1.03432
1.15174
1.28008
2.39182
1.03666
1.34763
1.14443
1.07885
1.0917
1.32826
1.06595
1.3745
1.00649
1.34921
1.07333
1.91067
3.63202
1.25285
1.36192
1.45072
1.76867
1.89577
1.0046
1.23564
1.03391
3.39114
1.06103
2.29495
1.10797
1.07809
3.16739
2.40919
1.00461
1.01652
4.62355
1.14141
1.10334
1.01569
2.27218
3.39682
1.00787
1.28692
1.29764
1.01311
1.59996
2.6046
1.28677
1.04292
1.02431
1.07721
1.10594
1.19674
1.01302
1.16
1.23658
1.40551
1.41065
1.10502
1.22312
1.04551
1.03361
1.3152
2.46996
1.25478
1.23469
1.05915
1.55087
1.12933
1.03523
1.35773
1.37056
1.23044
2.47359
1.01198
1.24313
2.0836
1.77014
1.05532
1.13024
1.95239
1.14179
1.20916
1.04354
1.08598
1.03602
1.22093
1.06434
1.65474
1.3581
2.23184
1.3403
2.70052
1.0105
1.03639
1.09277
2.18005
1.03052
1.87745
2.63065
1.39649
1.41809
1.52614
1.0582
1.18261
1.3623
1.25824
1.10031
1.06058
1.19855
1.06654
1.44928
1.05417
1.00385
1.27088
1.4356
1.45966
1.04388
1.24337
1.42579
1.19082
1.02861
1.55687
1.29714
1.95643
1.55666
1.12646
1.52556
1.26624
1.36694
1.87676
1.36051
3.45049
2.03973
1.11238
1.07025
1.15073
1.80901
4.1538
1.19944
1.18966
3.66198
1.27276
1.11745
1.5043
1.06264
1.13164
1.73194
1.01648
1.40311
1.03691
1.17151
1.39716
1.26899
1.05982
1.38759
1.04736
1.13369
1.51404
1.03309
1.01661
1.80208
1.2085
1.16949
3.47328
1.04676
1.92868
1.43421
1.12304
2.49833
1.18191
2.59081
1.16443
1.1824
3.98419
2.33065
1.49828
1.20933
1.04515
1.65615
1.37804
1.47193
1.47116
1.11473
1.13113
1.21657
1.5653
3.01431
1.60962
1.00664
1.13718
3.40915
1.70749
1.00368
1.93792
1.79676
1.11263
1.6097
1.00082
1.22728
1.41244
1.01772
1.0659
1.35961
1.05242
1.08874
1.63462
1.03921
1.76977
2.12911
1.17457
4.67457
1.1585
1.00532
1.03312
3.29549
1.07711
1.32392
1.02963
1.0178
1.27852
1.1327
1.16535
1.07817
1.47849
1.17479
1.08706
1.01036
1.04966
1.02539
1.20593
1.63575
1.97467
1.13879
1.05933
1.36279
1.34704
1.27329
1.29736
1.55364
5.66101
1.55359
1.24395
1.01649
1.87143
1.09764
1.27533
1.57463
2.12919
1.01617
1.77081
1.37796
1.52131
1.00319
1.13541
1.90132
2.14987
1.34497
1.1727
1.08897
1.27396
1.01594
1.03697
1.22206
1.36307
1.27371
1.69936
1.0612
1.11742
1.03976
2.02805
1.69944
1.18921
1.10331
1.41635
1.32603
1.06893
1.53754
1.48925
1.84453
1.51699
1.01856
1.1062
1.14671
1.62314
1.23165
1.14226
1.18025
1.0257
1.00814
1.25307
1.71353
1.21117
1.59235
1.23681
1.34571
2.20754
1.45293
1.04319
1.17427
2.10437
1.60893
1.02023
1.15799
1.96013
1.74491
1.4046
1.36538
1.0269
1.4193
1.03708
1.08755
1.00971
1.64188
1.37785
1.4559
1.23003
1.31152
1.04104
1.34874
1.76134
1.14934
1.29344
2.72585
1.13294
1.91526
1.13314
1.62905
1.11003
1.53281
1.10208
1.23618
1.21679
1.93259
1.60739
3.96351
1.79338
1.11942
1.13989
1.03524
1.41692
4.678
1.33058
1.52874
1.00348
2.0255
1.17955
1.32676
2.22194
1.60635
1.32483
1.61297
1.0546
2.10135
1.0139
1.27508
1.38769
1.30853
1.21591
1.69968
1.35067
1.15642
1.87726
1.7771
1.02491
1.46871
1.06672
1.07256
1.28637
1.12331
1.2753
1.14813
1.41693
2.5147
1.54346
1.32186
1.14616
1.03489
1.1206
1.21532
1.20103
1.00204
1.10724
1.09842
1.31932
1.32385
1.11509
1.06536
2.56439
1.5846
1.14018
1.17556
1.19213
1.37561
1.79346
1.84249
1.29936
1.06056
1.24072
1.57647
1.06243
1.14301
1.04319
1.36082
1.14031
1.26079
1.18794
1.10611
1.31021
1.0027
1.37353
1.77344
1.05042
1.30346
1.15805
1.1098
1.08913
1.22215
1.07023
1.93393
1.57071
1.23531
1.82335
1.01561
1.3509
1.46381
2.19217
1.04219
2.32429
1.28248
1.06911
1.63207
1.35012
1.10058
1.41661
1.04928
1.05283
1.16376
1.02826
1.13809
1.16689
1.17311
1.03275
1.77821
1.06442
1.23159
1.19541
1.02697
1.16303
1.02122
1.27302
1.08392
1.01106
1.18304
1.67151
1.15855
2.61606
1.84873
1.82003
1.26236
1.00314
1.13942
1.81076
1.3604
1.53271
1.32188
1.06604
2.23163
1.23907
1.11354
1.15486
1.12738
1.63118
1.14442
1.10844
1.06722
1.20962
1.00118
1.51166
2.19801
1.5887
1.05847
2.42492
1.82792
1.16827
1.11439
1.04634
1.34293
1.16942
1.73047
1.24668
2.44933
1.16202
1.38697
1.83588
1.14617
1.81399
1.19771
1.24723
1.15692
1.4528
1.16878
1.48599
1.45639
1.04593
2.11578
1.07174
3.70825
1.07388
1.00179
1.13149
1.51985
1.38555
1.43644
1.24047
1.79826
1.06443
1.12085
1.04412
1.14354
1.66864
1.73005
2.07702
1.43267
1.05517
1.06472
2.08832
1.01317
1.18751
1.81841
1.22225
1.08926
1.35563
1.09055
1.16109
2.4645
1.80736
1.0038
1.63205
1.02272
1.18328
1.22684
1.22046
1.19346
1.28808
2.96041
1.095
1.20512
1.07326
1.14065
1.0288
2.70033
1.98296
1.00191
1.02555
1.67528
1.05763
1.07898
1.15816
2.32789
1.19062
1.09196
1.32353
1.35378
2.3424
1.18103
1.19585
1.15669
1.13016
1.31206
2.10265
1.21856
1.22655
1.76051
1.00543
1.15132
1.83273
1.16702
1.54823
1.13265
1.72377
2.9718
2.13598
1.00653
1.42772
1.05521
4.10977
1.45859
1.69134
1.35693
1.47192
1.37318
1.55403
2.22679
1.19073
1.08813
1.18935
1.19563
1.39208
1.38512
2.97738
3.05564
2.55949
2.014
2.18731
1.87531
1.33469
1.06781
1.66991
3.41095
1.17075
1.47566
2.036
1.59993
1.28876
2.10296
1.2411
1.50368
1.34981
1.00505
2.02372
1.5037
1.84345
2.16666
1.4745
3.29113
1.35967
1.05914
2.37124
1.575
1.29703
1.08427
1.23318
1.24014
1.44029
1.02284
1.15719
1.58613
1.11615
1.01659
1.03181
1.28936
1.31995
2.9359
1.13257
1.50122
1.20574
1.93599
1.45161
1.20377
1.04654
1.55326
1.11611
3.00281
1.33099
1.7134
1.20583
1.33307
1.00402
4.80726
1.11902
2.45722
1.66751
3.76201
1.22032
1.28136
1.39629
1.42952
2.24293
1.03906
1.81068
1.04633
1.11037
2.2603
1.05936
1.24428
1.09138
1.00305
1.18094
1.41663
1.23266
2.32354
1.48064
1.75279
1.62437
1.57539
1.42645
1.09605
1.04028
1.14507
1.17272
1.42325
1.15835
1.012
1.02477
4.09489
1.00347
1.41297
1.01433
1.01075
2.14667
1.46994
1.74839
1.09482
1.04843
1.05656
2.55916
1.14005
1.12118
1.11342
1.11856
1.08059
1.04916
1.02022
1.03935
1.02653
1.17538
7.14937
1.20135
1.01533
1.30167
1.28209
1.26465
1.08007
1.5887
1.84884
2.33263
1.17562
1.19962
1.49717
1.65225
1.39482
1.23337
1.31996
1.80249
1.67946
1.31681
1.27068
1.06404
1.32083
1.91019
1.53223
1.18656
1.21984
1.0756
1.50696
2.06409
1.17943
1.75727
1.03481
1.04373
2.67055
1.14576
1.64769
1.03339
1.90716
3.22164
1.21985
1.05722
1.38388
3.4087
3.77585
1.17215
1.08913
1.01402
2.5695
1.06407
1.38356
2.58326
1.02836
1.00555
1.44948
1.18058
1.12733
1.51202
1.38162
2.57858
1.88481
1.5537
1.1246
3.21417
1.09168
1.13905
1.09871
1.46382
2.81401
1.78962
1.31877
2.20099
1.23741
1.05495
1.10301
1.01133
1.19686
1.10862
1.54384
1.56427
1.02993
1.17254
1.30517
1.22272
1.18844
1.19156
2.05726
1.0383
1.00841
1.01869
1.41391
1.0299
1.24919
1.38874
1.12869
1.71281
1.70458
1.49088
1.26347
1.13746
1.60923
2.16392
1.13865
2.28789
1.31279
1.05696
1.03029
1.0535
1.04236
1.69493
1.92752
1.13454
1.27887
1.02889
1.0173
1.00685
1.12627
1.01324
1.00823
1.16404
1.57975
1.79514
1.53292
1.02357
1.07083
1.47579
1.00475
1.23795
1.55548
1.80515
2.09493
1.62913
1.20715
1.1269
1.13239
1.54902
1.20221
1.57427
1.39965
1.19978
1.36509
1.29191
1.16258
1.30739
1.19035
1.08
1.17916
1.21948
4.51585
2.18626
1.01052
1.69631
1.14424
3.73284
1.76589
1.02884
1.51026
1.30591
1.58073
1.2108
1.05174
1.33223
1.1398
1.26986
1.07779
1.02455
1.27834
1.0268
2.53291
1.28861
1.23759
1.5047
1.1328
1.33318
1.29547
2.07241
2.65001
1.31416
1.10012
1.82554
1.22657
1.13261
1.44639
3.40467
1.05228
1.33336
1.38204
1.05706
1.45611
1.10931
1.32293
1.44064
2.33932
2.81053
1.23924
1.07637
1.86088
1.2612
1.77598
1.15271
1.20757
1.25785
1.05944
1.5245
1.06201
1.46225
1.00438
1.27903
1.25726
1.14791
1.18565
1.31167
1.77239
1.20847
1.5948
1.26785
1.26703
1.09046
1.08082
1.14329
1.04301
1.05077
1.34209
1.3651
1.40489
1.74874
1.00014
1.18902
1.07179
1.40933
1.2857
2.51665
1.43205
1.66797
1.08872
1.40616
1.60013
1.33181
1.74794
1.64972
1.14282
4.01078
1.24123
1.69053
1.02061
1.43549
1.21819
1.21654
1.40366
1.26042
2.57645
2.46454
1.37293
1.03326
1.15106
2.18405
1.45691
1.56032
1.86476
2.02476
1.00809
1.16984
2.97924
2.293
1.38808
1.05292
1.34689
1.3118
2.13121
1.4104
1.03968
1.08901
1.15217
1.0851
1.08587
1.80747
1.08926
2.15471
1.03137
1.56025
1.16014
3.92299
1.39835
1.22624
1.49778
1.3921
1.59943
1.68719
1.41154
1.64623
2.52067
1.22002
11.0178
2.46511
2.36386
1.07924
2.55063
1.13433
1.5035
1.55758
1.12257
1.71861
1.03487
2.01661
1.01159
1.12422
1.2679
1.42116
1.9465
1.54637
1.28558
1.08321
1.08403
1.11403
1.29508
1.55711
1.06287
1.08311
3.05312
1.29957
1.26984
1.49525
1.1453
1.31857
1.23362
1.74511
1.02831
1.29131
1.09054
5.09426
1.34199
1.1505
1.06628
1.54005
1.02324
1.66969
3.13661
1.06719
1.31561
1.08133
1.07051
1.02378
1.03713
1.24558
1.30556
1.1405
1.57236
1.03764
1.62249
1.59517
1.10195
3.45023
1.39778
1.04127
1.18077
1.22313
1.38655
1.00351
1.0966
1.65746
1.21694
1.51943
1.26961
1.7337
1.21955
1.40324
1.28987
1.38223
1.13911
1.87004
1.01568
1.11732
2.24651
1.17323
2.75391
2.10561
1.08927
1.09709
1.43266
1.00228
1.06909
1.4801
1.181
1.00884
1.28619
1.01249
2.59258
1.46551
1.08751
1.24885
1.00907
1.25336
1.04673
1.66572
1.02732
2.07765
1.13671
1.15632
2.27352
1.52225
1.56413
1.37727
1.39465
1.15912
1.91169
1.31635
1.75098
1.14192
2.0616
1.04646
2.19061
1.89245
1.21518
1.33983
6.25123
1.25164
1.77613
1.08814
1.01518
1.03298
1.02076
1.14832
1.87327
1.04972
1.03745
1.14821
1.566
1.12365
1.22475
1.17055
1.59766
1.14698
1.30409
1.37511
1.24961
1.59783
1.44538
1.15924
1.59981
1.01321
1.14564
1.71271
1.73739
1.24209
1.05203
1.09675
1.07847
1.27556
1.08228
1.30864
1.11482
1.52369
4.15704
1.00432
1.01568
1.17772
1.15976
1.78888
1.01805
1.5104
1.52758
1.02772
1.18635
1.17384
1.37437
1.07731
1.059
1.22811
2.90497
1.24096
1.63949
2.27605
1.02316
1.10204
1.30371
1.30526
1.00119
1.46119
1.42205
1.11995
2.10046
1.05711
1.20095
1.12597
1.60011
1.05594
1.48802
1.40298
1.11945
2.13876
1.07396
1.01066
1.11398
1.08998
1.22081
2.30535
1.27681
1.87968
1.27027
1.02059
1.0811
1.58545
1.72089
1.29345
1.24033
1.53418
1.1778
1.00634
1.73139
1.32138
1.13776
1.02197
1.03767
1.05869
1.1223
1.2379
2.82009
1.39238
1.13263
2.09747
1.09075
1.04572
1.07406
1.53579
2.13559
1.5644
1.47664
1.75231
1.0968
1.1993
1.09774
1.56183
1.35483
1.0333
2.98147
1.23776
1.30671
1.32106
1.08862
1.1849
2.0103
1.00529
2.29018
1.33308
2.683
1.16484
1.02145
1.03247
1.12436
1.66463
1.38254
1.11153
1.04748
1.17316
1.05485
1.02229
1.72689
1.23477
1.09594
1.25091
1.2853
1.74551
1.1508
2.11429
1.37725
1.07134
1.24196
1.53174
1.37998
1.53819
1.02818
2.02182
1.32349
1.19431
1.61927
1.019
1.1068
1.81382
1.99697
2.03396
1.34619
4.56744
1.62813
1.11802
1.20595
1.23957
1.4096
1.41449
2.09046
1.03227
3.65569
1.08732
1.62885
1.38395
1.04597
1.38325
1.06883
1.14745
2.6131
1.37551
1.38631
1.03132
1.1765
3.23258
1.04052
1.1196
1.87292
1.16905
1.0735
1.54506
2.97042
1.04995
1.04834
1.15014
1.39266
1.81974
1.02656
1.6663
1.30422
1.22366
1.28486
1.19449
1.26741
1.74594
1.15716
1.89451
2.50513
1.13814
1.1742
1.27038
2.86495
1.96488
1.1691
1.04808
1.00503
1.33993
1.02929
1.0877
1.19796
1.00481
1.40462
1.26129
1.10687
1.29474
1.05466
1.11293
1.51407
1.53982
1.07508
1.16216
1.80304
1.11471
1.53288
1.39573
1.2789
1.00577
1.3661
1.47155
1.44636
1.33714
1.86257
2.56356
1.2582
2.62397
1.07343
1.07493
1.11316
1.21151
1.4397
1.69972
1.82433
1.14265
1.00613
1.81408
1.94083
1.02193
2.28615
3.922
1.31558
1.72651
1.65965
1.30196
1.11715
2.10962
3.14604
1.42357
1.15525
2.19395
1.05123
1.17756
2.03848
1.42093
1.41311
1.04172
1.19912
1.13016
1.573
1.40874
1.10505
1.39416
2.25455
3.18766
2.74839
1.53152
1.05979
1.23826
1.34905
1.03743
1.04192
2.03561
1.74968
1.02315
1.30335
1.46469
1.02045
1.36775
1.26931
1.81288
1.23328
3.51407
1.40138
1.86676
1.27898
1.00864
1.17996
1.90797
1.34304
1.12076
1.17318
2.83788
1.55169
1.68095
1.04249
1.76419
1.13709
1.0571
1.01688
2.03002
1.49925
2.50205
1.35532
1.0675
1.28619
1.13784
1.47924
1.33662
1.10489
1.06499
3.23797
1.22481
1.12314
2.26739
1.80704
1.33433
1.60576
1.80713
1.15401
1.02961
3.13011
1.10341
1.08417
1.49216
1.99557
1.03566
1.36787
1.25078
1.46022
1.38082
1.12202
1.2215
1.57658
1.31978
1.59001
1.09794
1.2421
1.42841
1.03438
1.23395
1.07464
1.17353
1.17635
2.39524
1.16879
4.88889
1.04614
1.40522
1.04515
1.19299
1.25336
1.29281
1.08466
1.098
2.74044
1.26379
1.16282
1.22804
1.14567
1.53745
1.09161
1.48071
1.41537
1.05518
1.27214
2.02451
1.40779
1.30526
3.9768
1.07931
1.52502
1.11759
1.78011
1.15043
1.87111
1.01384
1.04764
1.26059
1.78612
1.549
1.87793
1.08212
1.39298
2.41372
1.10951
1.25909
1.14675
1.0408
1.76423
1.81271
2.13165
1.07699
1.63497
4.5695
1.11204
1.3083
1.25896
1.03065
1.26692
1.80062
1.02127
1.0227
1.07373
1.83539
1.60287
1.24544
1.70363
1.02962
1.10752
1.3823
1.16015
2.37694
1.29816
2.55351
3.5939
2.11098
1.59906
1.01659
1.27915
1.72491
1.16028
1.32004
1.02937
1.17418
1.08551
1.04292
1.00418
1.53665
1.87111
1.71599
1.24539
1.07991
1.43772
1.11798
1.02213
2.57033
1.68181
1.19488
1.20774
1.08242
1.90956
1.15633
1.27708
1.01767
1.24504
1.39664
1.25491
1.6184
1.03101
1.00635
1.55486
1.21914
1.26868
1.54684
1.26537
1.11809
1.19749
1.62247
1.04133
1.79076
1.3554
1.18524
2.07809
1.05704
1.02564
1.70963
1.08835
1.19377
1.15516
1.06872
1.44865
1.05708
1.09984
1.17428
1.16982
1.16429
1.71458
1.47275
1.18193
1.0156
1.04016
2.39022
1.40363
1.41888
2.02656
1.48253
1.11164
1.43785
1.02154
1.11813
1.20851
1.36275
4.84428
1.67494
1.20739
4.80334
1.13268
2.46809
1.07743
1.47541
1.09192
1.94991
1.39904
1.2565
1.07292
1.02944
1.08276
1.5664
1.19615
3.2102
1.22977
1.41323
4.86371
1.15084
1.03161
1.70353
1.06924
2.95425
1.00042
1.06917
2.23752
1.12836
1.17957
1.47686
1.03853
1.00985
1.00443
1.11656
1.06418
2.4803
1.63045
1.0214
1.45309
1.87889
1.31374
2.89714
1.16383
1.66407
1.0658
1.11713
1.06863
1.44586
1.13813
1.08963
1.31288
1.19709
1.73591
1.21732
1.18492
1.34206
1.19965
1.15078
1.03396
1.50294
3.74184
3.6946
1.69636
1.0953
1.49056
1.45317
1.16091
1.06504
1.24889
1.11955
2.24272
1.24683
1.84904
1.25709
1.37873
1.31362
1.29563
1.21994
1.04436
1.44018
1.10799
1.63626
1.07637
1.31062
1.23198
1.28621
1.68118
1.22858
1.16266
1.05418
2.21423
1.3742
1.04655
1.42815
1.49921
1.22572
1.7202
1.00106
1.77195
1.75469
1.72332
1.03316
2.75342
1.56674
1.24487
1.14744
1.12899
1.01039
1.2596
1.19948
2.54429
1.469
1.541
1.19895
1.47874
4.09771
3.14768
1.40747
1.33738
1.6187
2.18548
2.3448
1.88804
1.03884
1.93394
1.15589
1.15212
1.08578
1.11468
1.19342
1.0911
1.47893
1.51032
1.51672
1.45795
1.15584
1.7283
1.06456
1.18168
1.0675
1.22051
1.92606
1.41084
1.02538
1.08814
1.0205
1.94953
1.58063
1.26542
2.12658
1.05466
1.19724
1.12705
1.09973
1.70045
1.09884
1.62924
1.07641
1.6768
1.30364
1.01575
1.02804
1.3056
1.24488
1.78908
1.12082
1.09295
2.04785
1.03657
2.29694
1.36022
1.19646
1.27617
1.09775
1.64773
1.28941
1.10483
1.2315
2.02237
1.82297
1.01516
1.1269
1.08034
1.62055
2.63275
2.26796
1.82066
1.1302
1.904
1.05194
1.01676
1.29481
1.42547
2.04732
1.12402
1.75061
1.3469
1.25268
1.27186
1.32355
1.11036
1.00298
1.28571
1.49184
1.3774
1.16656
1.56432
1.16695
1.1134
1.04074
1.10561
1.9823
2.18194
1.68299
1.15539
1.16342
1.4611
1.25533
1.32891
1.47639
1.1805
1.67316
1.32258
1.30254
1.13356
1.15728
1.38074
1.90715
1.0483
1.08108
1.30309
1.40823
2.24733
1.70431
1.52621
1.48077
1.71108
1.18774
1.04164
1.21701
1.72878
1.23397
1.2301
1.43808
1.33954
1.00126
1.04096
1.14919
1.6343
1.23284
1.01676
1.32493
1.2012
1.03957
1.01141
1.0411
1.3426
1.16096
4.21055
1.01773
1.01805
2.01186
1.29019
1.13094
1.48161
1.63481
1.1618
1.12285
1.45559
1.24424
2.63405
1.05332
1.11536
1.13856
1.04502
2.27796
1.10538
1.16121
1.15159
1.32554
1.07327
1.12293
1.80694
2.18729
1.23474
1.23963
1.0347
1.36713
3.08262
1.25626
2.5036
1.51167
1.28769
1.39695
1.00434
1.04236
2.88145
1.49948
1.63212
1.07034
3.15511
2.21186
1.90287
1.40477
1.10848
1.18096
1.40574
1.43625
1.00309
1.01673
1.7759
1.3841
1.08479
1.1443
1.31132
1.09893
1.32037
1.15873
1.05233
1.38296
3.83613
1.08178
1.20365
2.55494
1.18839
1.22011
1.79143
1.09961
2.89754
1.0565
1.50806
1.73284
1.43409
1.56011
1.23977
1.69998
1.05411
1.11173
1.7541
6.59749
1.54795
1.2765
1.9292
1.49014
1.20224
2.69629
1.07171
1.11079
1.38319
1.25161
2.24665
1.20513
2.59624
1.05664
1.22809
1.59622
2.16561
1.53014
1.05168
1.24487
1.71065
1.09562
1.64796
1.07532
1.0206
1.41379
2.01147
1.3608
1.06191
1.01089
1.25678
1.75141
1.43408
1.7122
1.00315
1.96392
1.06769
2.70559
1.13547
1.46826
1.15244
1.19495
1.17895
1.35678
1.02084
1.53447
1.29468
1.3111
1.81587
1.60337
1.00465
2.2287
1.05346
1.14534
2.93761
1.64201
1.00146
1.09007
1.76188
1.02355
1.99151
1.56821
1.38622
1.78765
1.01381
1.12522
1.00903
1.10054
2.45161
1.13474
1.10274
1.07914
1.19654
1.29037
5.20515
1.4345
1.22851
1.18283
1.19877
1.8611
1.57716
1.05482
1.85245
1.85667
1.20601
1.60006
1.00859
1.48124
8.51268
1.3076
1.15123
1.40326
1.74065
1.11096
2.08712
1.16276
1.04636
1.15652
1.39708
1.00517
1.54525
1.00241
1.07354
1.02567
2.19179
1.5544
1.02759
1.09407
1.02791
1.08335
1.26559
1.03112
1.01543
1.201
2.19008
1.03235
1.42659
1.26887
1.35769
2.21998
1.04325
3.56019
1.2149
1.47231
1.85646
1.05527
1.0501
1.21026
1.39797
1.8851
1.05447
1.40873
1.59728
1.08851
1.02789
1.05888
1.44278
2.29955
1.6231
1.23975
1.72754
1.383
1.11791
1.39601
2.24535
1.52836
2.86365
1.91532
2.31555
1.71362
1.09342
1.21093
1.07414
1.42687
1.11552
1.002
1.10624
1.40307
1.02518
1.07999
1.34774
1.38991
1.18998
1.59269
1.23823
1.3279
1.16587
1.08202
1.00684
1.28531
2.59486
1.30043
1.015
1.05169
1.0172
1.99341
1.71057
1.11269
1.49537
1.10964
1.01131
1.0085
1.32101
2.06861
1.0505
1.07476
1.08869
1.64797
2.10521
1.14449
1.3377
1.24529
1.11344
2.38544
1.37906
1.32834
1.76308
1.48983
1.72926
1.06896
1.26883
1.12301
1.46982
1.04091
1.00034
1.15017
1.18965
1.16344
1.29905
1.02356
1.09597
1.70937
1.46612
1.27136
1.11026
1.11527
1.14816
2.62084
1.00382
1.19939
1.79337
1.21451
1.122
1.23999
1.33409
1.31201
2.2521
1.44794
1.05573
1.14915
2.2216
1.0082
1.24141
1.00702
1.01829
1.03397
1.00982
1.70536
1.4068
1.22869
1.27901
1.02222
1.2511
1.0585
1.35289
1.5737
1.22873
1.27119
1.82161
1.26885
1.63823
1.41407
1.0278
1.0272
1.26108
1.03367
1.03894
1.57287
1.26321
1.18312
1.04861
1.61658
1.34618
1.4434
1.04198
1.30086
1.80554
1.04046
1.40326
1.62205
1.84482
1.37364
1.59844
2.63607
1.41142
1.24656
1.27558
1.03701
2.05031
1.26799
1.17431
1.48887
1.23471
1.00539
1.02748
1.52501
1.00482
1.29433
1.21101
1.30288
2.2188
1.54252
1.10894
1.06773
1.18197
1.1702
1.00235
1.16387
1.35495
1.11904
1.0608
1.23473
1.38845
1.03061
1.01582
1.12138
1.94535
1.9333
1.17337
1.616
1.28817
1.16571
1.82867
1.05607
1.00437
2.10692
1.54714
1.20333
1.92189
2.70398
1.28509
1.33632
2.10959
1.29598
2.02961
1.18336
1.13252
1.09257
1.02389
1.44658
1.21086
1.09925
1.19198
1.0684
1.50713
1.11883
1.13292
1.3064
1.11591
1.14618
1.14825
1.55274
1.99637
1.02584
1.08688
1.14167
1.49412
1.28175
1.73544
1.58672
1.15511
1.36765
1.19412
1.47109
1.25282
2.07102
1.66994
1.05677
2.76063
1.04454
1.18264
1.4073
1.58321
1.43715
1.25258
1.01598
1.69135
1.20798
1.06522
1.36267
2.05637
1.24277
1.29681
1.07138
1.30345
1.16488
1.33102
1.04155
1.02216
2.36861
2.58603
1.13723
3.3036
1.0627
1.35959
1.1063
2.62224
1.21824
1.43007
1.33053
1.10825
1.2406
1.02063
1.31106
1.08344
1.24965
1.13885
2.1608
1.60342
1.01496
1.8324
1.25852
1.04881
1.00445
1.86199
1.44049
1.06943
1.0988
1.08886
1.03025
1.8743
1.01759
1.38525
1.09801
1.06296
1.11942
1.09498
1.03917
1.06543
9.18319
1.27492
1.04749
2.62016
1.30732
1.05857
1.04467
1.29131
1.09116
1.52197
2.74986
1.34231
1.42954
2.38797
1.20174
1.05273
1.99756
1.21535
1.10708
1.44731
1.06899
1.6731
1.5086
1.18593
1.40344
1.94014
2.89697
1.00558
1.04011
1.17849
1.14651
1.7742
1.28944
1.03655
1.5833
1.0051
1.12079
1.61835
1.13182
1.31943
1.00565
3.7769
1.32472
1.07044
1.28865
1.91248
2.94851
3.19396
1.15604
2.66707
2.84976
1.63662
1.01333
2.13592
1.45316
1.39625
1.30448
1.34449
1.24115
2.532
1.39433
1.01485
1.3113
1.1187
1.3395
1.43545
1.08717
1.24262
1.16773
1.07127
1.20928
1.26383
1.06337
1.53659
1.28738
1.1762
1.39357
1.49586
1.20969
2.17701
1.28794
1.00868
1.40142
1.71899
1.2319
1.6382
1.12828
1.02531
1.02469
1.4618
1.32274
2.582
1.62528
1.1802
1.02137
1.45754
2.06141
1.26102
1.07627
1.25543
1.48666
1.0197
1.36741
1.6611
1.02741
1.11829
1.04627
1.19974
1.16488
1.06326
1.20353
1.58388
1.1934
4.67727
1.49296
1.2366
1.15679
1.34747
1.0629
1.03281
1.36433
1.15394
1.0924
1.21442
1.28258
1.35827
1.00715
1.27878
1.45125
1.41107
1.2586
1.19339
1.20933
1.34056
1.17094
1.09364
1.00602
1.04852
1.10865
4.09059
1.05318
1.12894
1.19936
1.21336
1.32018
1.88496
1.19888
1.15186
1.58679
1.61234
1.23149
1.17506
1.00099
2.11142
1.05208
1.28069
1.57889
1.44674
1.49336
1.43137
1.13489
1.02682
1.41985
1.30652
1.73445
1.09943
1.50466
1.06339
1.18475
1.27988
2.32549
1.27202
1.01234
1.03218
1.00808
1.05576
1.05501
1.06698
1.31705
1.0058
1.12247
1.0253
1.61294
1.05602
1.1794
3.80568
1.29333
1.07535
1.04105
1.00402
2.05342
2.17797
1.95912
2.51471
1.65024
1.05696
1.39012
1.13634
2.03196
1.02087
1.0123
1.97486
1.27532
1.01471
1.96616
1.21515
1.5414
1.23289
1.09577
1.1225
1.40032
6.78908
1.72385
1.30988
1.9955
1.21969
1.20123
1.14603
1.05397
3.42096
1.04282
1.15575
1.07444
2.254
1.20842
2.05731
1.04764
1.12453
2.24419
1.01412
1.00498
1.22388
1.44514
1.89916
1.11481
1.14951
1.07307
1.56135
1.61361
1.29112
1.58138
1.11378
1.77977
1.45498
1.12892
1.32161
1.09858
1.13835
1.02445
1.2055
2.94412
4.49089
1.36961
1.24562
1.88759
2.07455
2.88087
1.0001
1.32478
1.28951
1.02382
1.25509
1.74535
1.04245
1.55801
1.58452
1.01517
1.72687
1.22751
1.64827
1.1389
1.2257
2.17834
1.02841
1.3646
1.46065
1.0129
2.60424
1.34785
1.22256
1.26651
1.01661
1.14025
2.6073
1.23944
1.24425
1.18598
2.1963
1.55611
1.14627
1.06202
1.25891
1.38047
1.23066
1.40912
1.21047
1.07027
2.26872
1.62688
1.11557
1.06559
1.02973
2.5466
1.16246
1.23464
2.97653
1.23339
2.28382
1.38632
1.05559
1.49908
1.94716
1.03286
1.10263
2.69008
1.01601
1.39904
1.91718
1.0353
1.39625
1.0325
8.3467
1.16443
1.94562
1.16368
2.13461
1.10079
1.12869
1.05286
1.11365
1.40267
1.71511
1.02062
1.35947
1.59407
1.88477
1.09262
1.95528
1.06949
1.08774
1.81349
3.2526
1.21449
1.11234
1.27519
1.02025
1.42723
1.04557
1.09496
3.09289
2.568
1.12316
1.48567
1.65583
1.82096
2.15711
1.57104
1.14048
2.38938
2.20338
1.1316
1.02655
1.0718
1.99544
1.03234
1.26754
1.00922
1.61957
1.09185
2.01375
1.2394
1.0791
1.12836
1.39413
1.0388
1.04178
1.83044
1.30758
1.04043
1.26854
1.52979
1.1862
1.15072
4.81989
1.56613
1.48191
1.28573
1.47845
1.06494
2.70144
1.07164
2.0508
1.08666
1.07483
1.40847
1.05641
1.01059
1.02927
1.19993
1.04816
1.0203
1.01736
1.12212
1.09884
1.20215
1.20711
1.04158
1.08005
1.4059
1.41622
2.41007
1.36205
1.10323
1.73496
1.15641
1.01861
1.01238
1.04066
1.14196
1.16472
1.13427
1.74344
1.11011
1.06458
3.05746
1.69814
2.82585
1.51113
1.00027
1.54945
1.27998
1.17351
1.06391
1.89756
1.43415
1.57529
1.04451
1.0306
1.73766
1.14677
1.14063
1.02525
1.54723
1.73512
1.31841
1.13745
1.02283
3.84773
1.43918
1.01997
2.79842
1.08388
1.0741
1.25536
3.77053
1.6927
1.31576
1.14712
1.1072
1.00736
1.90223
1.10051
1.36817
1.99081
1.30404
2.94365
1.03824
1.16963
1.06967
1.37518
1.84268
1.29162
1.03894
1.07281
1.3472
1.00242
1.11232
1.19961
1.24895
1.10714
2.04053
1.37081
1.03707
1.04921
1.2008
1.88943
1.21255
1.44741
1.0848
1.9926
1.25575
1.20742
1.21076
1.06774
2.02175
1.29913
1.06437
1.08665
1.36999
1.12419
1.10355
1.44712
3.56684
1.04787
1.1886
2.06175
1.03034
1.01995
1.4669
1.03424
1.19221
1.21184
2.00312
1.26591
1.44141
1.05726
2.39936
1.08058
1.19227
5.48727
1.09569
1.03912
1.23578
1.10787
1.86789
1.00935
4.91454
1.45795
1.70944
1.20784
3.76816
1.01512
1.24869
1.0012
1.08125
1.05671
1.07594
1.87306
1.01661
2.24692
1.84518
1.12663
1.50371
1.38875
1.46909
1.56029
1.03049
1.14856
1.23447
1.48952
1.9951
1.13042
1.24654
1.36502
2.05302
1.0609
2.50092
1.02267
1.67163
1.15514
1.48369
1.21185
1.16048
1.21646
1.83442
1.06404
1.32648
1.54923
2.26287
1.11404
1.28717
1.0509
1.09909
1.66245
1.07447
1.64988
2.14546
1.25198
1.15009
1.20708
1.08791
1.02254
1.1552
2.23233
2.33938
1.25096
1.97125
1.8916
1.10284
2.7902
1.06305
2.47618
1.05899
1.09208
1.59424
1.09053
1.0252
1.70694
1.18602
1.15307
2.51661
1.19734
1.17905
1.55772
1.08277
1.17603
1.0204
2.27407
1.13536
1.26436
1.05653
1.11444
1.08398
1.32212
1.20782
1.31074
1.80718
1.0607
1.40555
1.22368
1.36015
1.02351
1.53229
1.04688
1.04404
1.15764
1.10863
1.43482
1.03977
1.90206
1.08713
1.36034
1.37385
1.20907
1.08102
3.68365
1.45933
3.40715
5.07059
1.28821
1.01494
1.82764
1.22973
1.08687
1.91955
1.39602
1.27682
1.45706
1.59653
1.78468
1.24485
2.10617
2.20525
1.0722
1.02032
1.3633
1.0217
1.18943
1.17617
1.5894
1.1178
1.17386
1.04061
1.08423
4.96818
1.47337
1.10355
1.07247
1.09622
1.24656
1.21726
1.01214
1.00433
1.24486
1.08913
1.1491
1.55778
1.04375
1.00574
1.81768
1.23026
1.01756
1.26653
1.66418
1.04682
1.76738
1.11096
1.15634
1.45639
1.0099
1.00316
1.4043
1.07356
1.31466
2.604
1.9749
1.02338
1.42663
1.09725
1.44537
1.51847
1.15695
1.06102
1.05946
1.67372
1.16262
1.2764
1.18169
1.04816
1.22422
1.24924
4.02201
1.80122
1.01535
1.14063
1.4181
1.19802
3.45789
1.09962
1.7023
1.21811
2.01256
1.18937
1.07748
2.25085
1.71143
1.49432
1.18033
3.09902
1.43879
1.73012
1.00979
2.32969
1.51603
2.67418
1.79859
1.2372
1.14961
1.1305
4.64907
1.1206
1.25146
4.73945
1.61323
1.06084
1.26482
1.0422
1.34051
1.05738
1.46021
1.65636
1.05322
1.22114
1.3191
1.42069
1.21378
1.09288
1.2204
1.24363
1.5875
1.33696
1.45614
1.4738
1.04397
2.00413
1.59638
1.22885
1.09482
1.05521
1.09361
1.14293
1.22183
1.17629
1.20219
1.00792
1.10033
1.23402
1.06535
1.07271
1.26721
2.15273
1.4493
1.54624
1.29241
1.4762
1.61394
1.65237
1.59139
1.07999
1.38689
1.34823
1.16789
1.56674
1.24769
1.17135
2.48754
2.23093
1.00384
1.12891
1.14661
1.04961
1.39697
1.23155
1.0966
1.0978
1.05633
1.06292
1.01632
1.30466
2.42246
1.0977
1.71488
1.00958
1.52401
2.37982
2.61484
1.15824
1.76519
1.12159
1.019
1.40988
1.5622
1.68113
1.17387
1.09345
1.1058
1.53531
1.33134
1.20547
1.18015
1.06846
1.43037
4.86617
1.03729
1.10927
1.26395
1.01051
1.99389
1.20716
1.14162
1.50228
1.18304
1.22982
1.0266
1.24166
1.64179
1.81196
1.82212
1.03931
1.01467
5.97871
1.83428
3.18547
1.00869
1.2438
1.09276
1.07462
1.29626
1.43849
1.119
2.05981
1.53844
1.71062
1.82857
1.19705
1.54159
1.17182
1.04079
1.83935
1.83881
1.53353
3.02781
2.34344
1.81313
1.91259
1.1279
1.05224
1.05668
4.59746
1.36476
1.06936
1.29691
1.13901
1.03119
1.03242
1.32227
1.06466
2.92201
2.3429
1.06806
1.24049
1.20549
1.42703
1.36567
1.14909
1.08655
1.35824
1.05144
1.1767
2.17132
1.74698
1.13754
1.11397
1.07207
1.4017
1.01316
1.74937
1.42594
1.07992
1.1596
1.33306
1.21506
1.54048
1.04684
1.38283
1.18429
1.00087
2.43589
1.1127
1.37808
1.03508
1.24581
1.3131
1.2114
1.01714
1.1156
1.98332
1.03435
1.51907
1.44105
1.80801
1.56319
1.75234
1.56464
1.37015
1.10449
2.06958
1.06119
2.45176
1.55709
1.20937
1.5585
1.34243
1.98731
1.34862
1.19813
1.14205
1.35999
1.679
1.4492
1.2702
2.16556
1.01778
1.6635
1.11509
1.19562
1.57226
1.17424
1.81105
1.14302
1.36508
1.42723
1.54332
2.05667
1.16634
1.0862
2.27771
2.0269
1.25326
1.03965
1.32851
1.3538
1.0988
1.05836
1.19579
1.11592
1.02216
1.73254
4.65908
1.13836
1.14233
1.73277
1.18826
1.0552
1.04237
1.01954
1.09607
1.28159
1.80094
1.41728
1.00123
1.32115
1.27231
1.34853
1.30142
1.02022
1.33085
1.91989
1.33729
1.36366
1.21802
1.23497
1.63567
1.06922
1.04148
1.36215
1.40315
1.20761
1.19854
1.70945
1.52229
1.11167
1.23599
1.76617
1.75921
1.14443
1.02495
1.53846
1.01871
1.02409
1.07784
2.18299
1.06278
1.9083
1.42889
1.31729
1.54393
1.66777
1.76431
1.51957
1.35502
1.45564
1.05915
1.0352
1.69253
1.19018
1.25053
1.52909
1.80409
1.00253
1.19087
1.69729
1.10061
1.32649
1.90033
1.34149
1.23996
1.07121
1.60722
1.52373
1.5506
1.66628
1.16825
1.24211
1.22989
1.00701
1.10642
3.82972
1.11943
1.2756
1.20757
1.12604
1.20692
5.89582
1.7458
1.24594
1.41377
1.0665
1.08361
1.10899
1.21098
1.54868
1.38368
1.61039
1.01402
1.07706
1.07606
1.12496
1.86064
2.07336
1.69529
1.26981
1.02676
2.79347
1.46894
1.05055
1.30922
1.11879
1.05415
1.88671
1.1247
1.06586
1.68914
1.58246
1.53799
1.22798
1.29029
1.09267
2.74976
1.56706
1.15567
1.07911
1.42762
1.69843
1.22035
1.935
1.00335
3.66575
2.0106
1.42204
1.03961
1.91758
1.25173
1.89594
1.4432
1.3741
1.08536
1.27831
1.22564
1.50016
1.16686
1.1401
1.66839
1.09612
1.0731
1.10582
1.19862
1.66122
1.25623
1.67681
1.11337
1.27633
1.00679
1.09173
1.21206
1.76194
1.04633
1.09998
1.24794
1.27149
1.73228
1.24865
1.41158
1.04984
1.31296
1.44973
2.23936
1.27059
1.06712
1.23481
1.40887
2.07929
1.27087
1.49236
1.38518
1.047
2.29117
1.69372
1.1991
2.98442
1.048
2.19188
1.57629
2.13017
2.32698
1.04985
1.49516
1.223
1.10355
1.04646
1.12233
1.1337
1.02308
1.89336
1.99607
1.35597
1.3075
1.52471
1.67506
1.46733
1.34124
1.34808
2.30418
1.04668
1.32867
2.27922
1.06898
1.36804
1.49479
1.13726
1.16384
1.12862
1.02008
1.02064
1.39675
2.29185
1.23114
1.29862
1.14585
1.14094
1.12623
1.29156
1.30207
1.32567
2.18964
1.0902
1.15115
1.14067
1.35486
3.81178
2.92308
1.84685
1.38802
1.03537
1.12861
2.20582
1.91126
1.25881
1.05482
1.60917
1.04986
1.57132
1.22256
1.08371
1.71187
2.50914
1.49821
1.54876
2.76381
1.17002
1.02379
1.50449
1.35547
1.90178
1.12085
1.48674
1.53883
1.07043
1.0651
1.21344
1.68762
1.08637
1.81735
1.42144
3.7824
1.05692
1.20776
1.34181
1.07956
1.20792
1.27022
1.17342
1.22061
1.29332
1.02932
1.0652
2.69058
1.27105
1.26382
5.88453
1.23922
1.07173
1.41002
1.06372
2.49775
1.04338
1.30404
2.04662
1.14372
1.04699
9.89233
1.58348
1.25872
8.08928
1.49772
1.35836
1.04429
1.36874
1.2971
1.0344
1.18561
1.71357
1.41807
2.84232
1.05186
1.03175
1.35808
1.21993
2.0463
1.07827
1.19992
1.103
1.11682
1.2476
1.18041
4.71337
1.08483
1.7482
1.28017
1.55885
1.23566
1.05007
1.00555
1.15131
1.0081
1.5001
1.13587
1.35303
1.68185
1.08693
1.15482
1.01139
1.20161
1.11169
1.41099
1.48906
1.43223
1.16992
1.14746
1.22031
1.26149
1.16623
1.83585
2.03325
1.46849
1.1867
2.22764
1.20799
1.22514
1.61528
1.20622
1.33072
2.10191
1.00318
1.00775
1.11331
1.466
1.27355
1.02963
1.64285
1.95989
1.13197
1.81928
1.02862
3.10925
1.26729
1.01833
3.74682
1.50849
1.35341
2.2433
1.08799
1.04953
2.35929
1.2316
2.18799
1.02375
1.89666
1.29572
1.1158
1.09048
1.67386
1.99489
2.06943
1.37008
2.05249
1.05314
1.32094
1.30044
1.10449
1.14398
3.79547
1.16465
1.60689
1.43922
1.08711
1.31601
1.95044
1.07849
1.22329
1.62913
1.18564
1.1797
1.08944
1.33696
1.15835
1.43207
1.25477
5.74986
1.40743
1.04218
1.08394
1.26716
1.08502
1.56654
1.45115
1.5142
1.12013
1.34502
2.14539
1.02445
1.41491
1.26078
1.15793
1.16766
1.7216
1.64359
1.44018
2.07527
1.1833
1.79978
1.18493
1.13425
1.17943
1.26416
1.09861
1.2646
1.98161
1.13535
5.95499
1.35682
1.83356
1.43538
1.14
2.26774
2.9036
4.65382
1.11139
1.2322
1.15957
1.49234
1.01274
1.15058
1.63639
1.32457
1.3368
1.00253
1.41244
1.29196
1.24101
1.122
1.44805
1.23774
1.3066
1.15217
1.39516
3.96419
1.1725
1.12448
1.401
2.1545
1.37945
1.13666
2.88871
3.26373
1.0337
1.944
2.97254
1.11526
1.06023
1.12281
1.18826
1.82786
1.13206
1.09459
1.38141
1.38044
1.02413
1.09936
1.25316
1.23967
1.84575
2.95189
2.56791
1.33133
1.14449
1.1047
1.05885
1.09819
1.20258
4.37501
1.39018
1.09024
1.42679
1.25772
1.13768
1.08261
1.23204
1.0718
2.68521
1.00388
1.04773
1.68815
1.35956
1.32886
1.04097
1.49037
2.28082
1.12562
1.23187
1.04179
1.00927
1.06617
1.01849
1.0293
1.05632
1.03061
1.46499
1.40563
1.07592
1.24727
2.0628
1.07937
1.2039
1.49375
1.00325
1.46363
2.24828
1.15154
1.01701
2.261
1.67437
1.18294
1.11478
1.95483
1.22479
1.0226
3.27567
1.02916
1.15801
1.00936
1.33434
1.09106
1.04723
1.3979
1.58348
1.35682
1.64351
1.05857
1.4676
1.7443
1.41879
1.049
1.15787
1.09548
1.17061
1.52282
1.04199
1.20997
1.22027
1.12601
1.2788
1.099
1.13516
1.40608
1.34751
2.18545
1.22598
1.14193
1.68145
1.26358
1.18866
2.42666
1.28459
1.05151
2.22125
1.06925
1.15628
1.10886
1.01598
1.1063
1.6652
1.28607
1.00343
1.05977
1.67355
1.2243
1.00902
1.02286
1.07398
1.0873
2.48362
1.20753
1.03477
2.45792
1.0014
1.32058
1.7119
2.73856
1.20844
1.25171
1.06312
3.95318
1.04317
1.03544
1.17848
1.18229
1.20806
1.51054
1.46939
1.2758
2.26422
1.39773
2.29206
1.7294
1.17789
1.44875
1.48335
1.19823
1.14226
1.0105
1.19232
1.10149
1.04195
1.28615
1.02241
1.87988
1.22059
1.15002
1.66099
1.46655
2.10326
1.0289
1.03264
1.53517
1.59521
1.43607
1.67524
1.14927
1.09947
1.1401
1.15261
1.00268
1.1211
1.09107
1.42519
1.04295
1.04571
1.22602
1.09256
1.51548
2.89614
1.19747
1.85883
2.82282
1.11706
1.57751
1.18923
3.11356
1.48101
1.30146
1.66908
2.03798
3.79671
1.2939
1.84311
1.28881
1.44915
1.37589
1.02558
1.36503
1.02662
1.40795
1.79237
1.63277
1.50692
1.144
1.06988
1.14147
1.10883
1.80218
1.30663
1.15532
1.04808
1.03487
1.40112
1.05465
1.63509
1.08777
1.32751
3.28961
1.27203
1.6039
1.50954
1.05608
1.05127
1.16376
1.36772
2.23346
1.89009
1.12864
1.3258
1.31252
6.49286
2.18673
1.25159
1.35137
1.11216
1.02451
1.02485
1.23433
1.00381
1.03415
1.91517
1.45002
1.39406
1.67333
1.01816
1.43329
1.42666
1.06703
1.29596
1.63439
1.21409
1.04141
1.05876
1.00685
1.00528
1.01586
1.39844
1.34405
1.07572
1.27915
1.00476
1.15324
1.08815
1.19862
1.62828
1.02411
1.02584
1.15244
1.86982
1.29667
1.03557
1.23952
1.32797
1.01781
1.18443
2.20606
1.69786
1.3668
1.08879
1.08598
1.25371
1.00427
1.13704
1.05994
1.09122
1.23277
1.11864
1.1003
1.49641
1.97559
1.0119
1.17027
1.13301
1.04431
1.09691
3.24842
1.63706
1.01683
1.18694
1.06983
1.05323
1.06076
1.05115
1.9315
3.02192
1.10794
2.52703
2.942
1.02423
1.13498
1.39702
1.37697
1.34116
1.60242
1.02743
1.06487
1.2947
1.22638
1.01033
1.33879
1.22777
1.05346
1.14417
1.27842
1.7946
2.21527
1.08823
5.50999
1.39967
1.09701
1.11132
1.14451
1.31725
1.12482
1.12052
1.27831
1.19186
1.21785
1.49283
1.6007
1.0119
1.65799
2.74785
1.77432
1.17081
1.44716
1.03505
1.66836
1.04496
1.55412
1.03414
1.13916
1.20701
2.35824
1.04354
1.35308
1.39636
1.35596
1.18474
2.00826
1.04802
1.12411
1.15758
1.09004
1.19276
16.3112
1.178
1.10038
1.01277
1.21005
1.164
1.0652
2.4684
1.17479
1.04817
1.04873
1.50546
1.56248
2.03576
3.51945
2.19066
1.59279
3.01742
1.34491
2.01303
1.59874
1.18641
1.25909
1.04336
1.25859
1.07143
1.5567
1.20063
1.00326
1.26488
1.14052
2.13857
1.15453
1.28632
1.52998
1.16323
1.29895
1.52128
1.32105
1.18788
1.34602
1.08856
1.39773
1.46569
1.06092
1.35263
1.14606
1.01561
1.11268
1.06764
2.13446
2.63689
1.50677
1.25617
1.02469
1.29394
1.07662
1.29114
1.63636
1.26419
1.25814
1.01435
1.10324
1.00274
1.84462
1.02562
2.09028
1.07297
1.44088
1.02756
2.29959
1.14833
1.7947
1.92249
1.51119
2.88519
2.8886
2.0613
1.22931
4.89163
1.26687
1.54723
2.01462
1.51564
1.53529
2.05268
1.04151
1.10382
1.24486
1.44889
1.06434
1.07601
1.78948
1.71768
1.38745
1.30152
1.08196
1.1212
1.13586
1.05136
1.38655
1.89526
1.30557
1.21317
1.8369
2.50534
1.16193
1.1221
1.05773
1.05266
1.35876
2.33423
1.13361
2.4527
1.27473
1.99959
1.06143
1.10003
3.71784
1.25957
1.14864
1.20997
1.52374
1.11339
1.06279
6.30741
2.75365
1.73924
1.99412
1.24858
1.00333
1.34861
1.16497
1.10511
2.3946
1.55921
2.417
1.07918
1.22172
1.56578
1.07687
1.02855
1.03518
1.08219
1.76081
1.73867
3.61731
1.20131
1.22055
1.83515
1.50825
1.03298
1.48802
1.01018
3.79112
1.00407
1.99622
1.29443
3.08526
1.13071
1.18208
1.0883
1.49751
1.05323
1.14618
3.28203
2.95111
2.13742
1.35368
1.23287
1.37811
1.03327
1.52051
2.34793
2.42433
1.14779
1.04118
2.00131
2.21871
1.00989
1.41353
1.19133
2.91222
1.65551
1.35704
1.22772
1.00527
1.1046
1.24229
2.28899
1.50143
1.51954
2.37385
1.14551
1.98734
1.12687
1.04894
2.33223
1.46112
1.41491
1.00814
1.04053
1.04229
2.87644
1.0718
4.54488
1.43201
1.66276
1.25806
1.22045
1.43291
1.37257
1.31438
2.81184
1.35486
1.28771
1.02539
1.05514
4.38179
1.05905
1.31392
1.23276
1.10425
1.05227
1.50101
2.41779
1.16236
2.57901
1.95039
1.38897
1.56852
1.0844
1.21496
1.34912
1.96669
1.40989
1.15563
1.2857
2.79168
1.64739
1.77855
1.12808
1.69277
1.06813
1.48894
1.06255
1.57148
1.41467
1.07293
1.87195
1.65451
1.41396
1.91057
1.11653
1.8031
2.00308
1.00362
1.02857
1.0743
1.32525
1.94643
3.57161
1.15036
1.40935
2.05039
1.54414
1.53096
1.03323
1.12694
1.00991
1.36898
1.05469
2.09192
2.66555
1.02404
1.03871
1.03601
1.38385
1.2527
1.65413
1.0556
1.02199
1.20981
1.24894
1.07189
1.01053
1.24102
1.23021
4.24642
1.4782
1.04979
1.26926
2.24871
1.53167
1.85818
1.54427
1.31442
1.23139
1.50081
2.04306
1.3667
1.10619
1.12689
1.12001
1.39883
1.65567
1.04321
1.11574
1.83942
1.00754
1.05135
1.10189
1.42635
1.10516
1.42956
1.0602
1.18794
1.38361
1.34922
1.5589
1.912
1.06868
1.01627
2.20226
1.05628
1.04686
1.29474
1.12284
1.13606
1.89385
1.48357
1.05084
1.04687
1.47292
1.54915
1.12791
1.40636
1.10325
1.82642
1.04383
1.04491
2.48409
1.27176
1.37236
2.06256
1.00718
2.04511
1.24976
1.49057
1.14135
1.06906
1.12107
1.08004
1.09392
1.27772
1.04887
1.16326
1.06454
1.76188
1.07147
2.17407
1.28453
2.45636
1.23831
1.21224
1.18573
1.03442
1.28466
1.1209
2.15962
1.08287
1.72856
1.98164
4.12156
1.30187
2.9537
1.03573
1.25621
1.4584
1.45721
1.99734
1.52435
1.86431
1.10252
2.80572
1.0354
1.13606
1.3545
2.05008
1.03016
1.14162
1.43808
1.73717
1.196
1.05866
1.37282
1.77192
2.5945
1.69002
1.11222
1.00822
1.00728
1.23413
1.72792
1.33578
1.84549
1.59422
1.84385
1.12652
1.43939
1.01232
1.33598
1.31256
1.00008
1.44165
1.61061
1.67115
1.02727
1.01797
1.01292
1.04045
1.09307
1.38621
1.04043
1.13135
1.22715
1.51707
1.20554
1.09456
1.60152
1.15268
1.09277
1.52567
1.14569
1.43
1.07372
1.57965
1.2537
1.007
1.05648
1.28849
1.13416
1.2781
1.22132
1.51932
1.11634
1.00073
1.05411
1.55369
1.00713
1.2383
1.26273
1.09126
1.75914
1.07184
1.1759
1.54334
1.51868
1.1591
1.93934
1.89819
1.24595
1.06553
1.04249
1.13571
1.45437
1.03749
1.17752
3.04878
1.17672
1.03121
1.00211
2.13595
1.36382
1.00324
1.64393
1.17425
1.52506
1.18193
1.36634
4.2511
2.12536
1.5626
1.42314
1.01593
2.34743
3.0067
1.25493
1.38732
1.75726
1.14187
1.26586
1.23374
1.09859
1.01693
1.08344
1.45396
1.16258
2.0662
1.03644
2.19203
8.42931
1.24448
1.63239
2.11229
1.20892
1.62255
1.16703
1.02846
2.46596
1.21859
1.30294
1.27437
1.26945
2.17087
2.5484
1.1394
1.14839
1.26025
1.12294
1.34131
1.08576
1.4583
1.04009
1.09098
1.48834
1.40186
2.31315
1.05745
1.40333
2.36614
1.08742
1.6958
1.0928
2.45913
1.01291
1.93003
1.22416
1.15342
1.82454
1.35657
1.11433
1.75214
1.26335
2.01523
3.43042
1.20338
3.21138
1.35036
1.02001
1.16254
1.98741
1.6809
1.01218
1.13186
1.71826
1.01103
1.01444
1.0322
1.00388
3.06011
1.13064
2.21346
1.15177
1.56223
1.1178
1.00946
1.73179
1.11806
1.53824
3.74295
1.41187
1.22292
1.2656
1.01603
1.9903
1.57698
8.03995
1.05854
1.34208
3.80433
1.21035
1.19759
1.00313
1.16522
1.40859
1.67371
1.07965
1.41139
1.31486
1.10316
1.29609
1.13148
1.13741
2.71767
1.24504
1.1737
1.11889
1.5242
1.02284
1.40725
1.33992
7.19601
1.57466
1.53297
1.83174
1.12621
1.02706
1.09986
1.07002
1.32609
1.26265
1.2623
1.09486
4.29677
1.55794
1.16054
1.84925
1.34785
1.28758
1.02083
1.81288
1.02503
1.26216
1.09667
2.29976
1.0505
2.21009
1.43921
1.06844
1.15738
1.81177
1.18597
1.16706
1.14014
1.20899
1.04148
1.13993
1.22797
2.09199
1.20979
1.47845
1.12635
1.0479
1.66504
1.01315
1.22324
1.18611
1.04855
1.31624
1.15547
1.32776
1.16486
1.39965
1.865
1.26584
1.29666
1.1407
2.3726
2.28222
1.82873
1.58416
1.4159
1.07704
1.83991
1.66892
1.22424
1.01611
1.08407
1.33134
1.13316
1.77608
1.41691
1.03424
1.06394
2.64526
1.10941
4.14019
1.04379
3.13308
1.52223
1.06391
1.30685
1.29568
1.26892
1.13794
1.11507
1.14866
1.03099
1.04247
1.13595
1.52205
1.05897
2.20762
1.33822
1.10812
1.04711
1.03125
1.12222
1.26247
1.23488
1.36434
1.02462
1.4969
1.44813
1.5565
1.00656
1.5874
1.08846
4.08911
1.30864
1.45951
1.12403
1.33468
1.2424
1.56938
2.33618
1.22273
2.53907
1.55661
1.33582
1.46246
1.11914
1.0058
1.08884
1.10033
2.27117
1.05612
2.06256
1.36268
1.05935
2.50684
1.15224
1.56023
1.08014
1.45447
1.71106
2.7837
1.03076
1.18377
1.0515
1.19782
1.32493
1.01349
3.63837
1.21116
1.13396
1.11812
2.09705
1.20007
1.12135
1.87516
2.47015
1.33303
1.0722
1.50011
1.31125
1.14466
1.65221
1.34512
1.08322
1.35473
2.01169
1.08511
1.06209
1.04798
1.11955
1.59561
1.1212
1.49545
1.00227
1.22185
1.49388
1.08115
1.01886
1.3968
1.08663
1.15671
1.09177
1.31268
1.9605
1.24789
1.01469
2.09248
1.62507
1.33787
1.21739
1.88531
1.2027
1.77436
6.43365
1.10799
1.48646
1.16531
2.12739
1.15798
1.3757
1.79705
1.22558
1.1199
3.05899
1.52014
1.26241
2.88387
1.08618
1.49914
1.10288
1.44876
1.04281
1.68741
1.16496
1.27087
1.12936
1.60726
1.17962
1.20107
1.70975
1.26944
1.54073
1.00448
1.19801
1.13835
1.42241
1.01916
2.03519
2.3318
1.35262
1.30836
1.27197
1.087
1.24182
3.14988
1.26574
2.31101
1.55349
1.02218
2.99256
1.20635
1.0861
1.36086
1.34006
1.04762
1.1772
1.67047
1.3786
1.29379
2.16847
1.47367
1.08153
1.73308
1.11651
1.06872
1.317
1.99994
1.03435
1.12755
1.00627
4.94243
1.53039
1.63908
1.00224
1.10586
2.01442
1.05385
1.44277
1.18555
1.2687
1.29748
1.09499
2.11488
1.11665
1.08831
1.08856
1.8485
1.07268
1.08298
1.11907
2.54015
1.11257
1.05807
1.11819
1.289
1.06849
1.65543
1.19959
4.4111
2.09896
1.95354
1.3435
1.41568
1.17124
2.64315
1.19216
1.60458
2.33327
1.21366
1.09936
1.15576
1.12505
1.21863
1.297
4.22729
1.03001
1.08136
1.1546
2.11195
1.18029
2.04821
1.95187
1.92833
1.25768
1.27433
1.77704
1.25713
1.21485
1.97208
1.09108
1.04056
1.00901
1.09756
1.14987
1.66503
1.05501
1.49625
2.67116
1.30893
1.09401
1.1601
1.83492
1.11839
1.25554
1.185
1.01832
1.18198
1.01734
1.36282
1.49154
2.13438
1.04517
1.10645
1.1701
1.51616
1.56538
1.01508
1.05064
1.24742
1.07542
1.07531
1.47916
1.01212
2.27389
1.05202
1.28175
1.041
3.27474
1.46852
1.38808
1.01739
1.45095
1.08746
1.44317
1.17625
1.46491
1.03544
1.51441
1.80079
1.06897
1.22261
1.35499
2.26868
1.12459
1.38986
1.00376
1.32451
2.68447
1.27053
2.40029
1.41336
1.02181
1.03102
1.04379
3.25086
1.00339
1.39394
1.05913
1.3543
1.64443
3.00989
1.03718
1.159
1.00574
1.52451
1.26539
1.67822
1.08621
1.07775
1.17176
1.15161
1.77286
1.15838
1.10619
1.00867
1.11425
1.13067
1.3729
1.05889
1.01065
1.16185
2.81572
1.20994
1.29499
14.1134
1.99275
1.00096
1.41034
1.0919
1.50689
1.48502
1.16023
3.56841
1.45835
1.62856
1.44117
1.06031
3.04967
1.23246
1.10844
2.20119
1.42116
1.18576
1.31266
1.00692
1.19897
1.0955
1.16015
1.92268
1.10168
1.05773
3.51958
1.1779
4.26455
1.94114
1.42861
1.16727
1.69715
4.51586
1.3222
2.02392
1.69348
2.24123
1.02967
1.12154
1.81525
1.0046
1.16564
1.18655
1.11111
1.50782
1.42352
1.22107
2.10575
1.46989
1.84575
1.00147
1.89826
1.34382
1.28217
1.6278
1.69209
1.10048
1.73816
1.20913
1.00114
1.35701
1.36773
1.01228
1.05377
1.69419
