-0.375555
-0.459457
-0.290922
0.085208
-0.532367
1.82558
-1.16828
-1.4633
-2.29938
0.418142
2.33867
-0.48967
-0.228649
1.72952
-1.48096
-0.176427
1.34676
-1.20093
-1.84822
-0.680053
-0.622903
-0.554271
0.0957063
-0.689855
1.74658
-0.0144356
-0.287148
-0.145033
0.999773
-1.76362
-0.243137
0.320894
-0.402798
-1.06118
-0.230968
-0.666504
-1.0436
0.232563
0.764062
-0.0421114
-0.00452465
-1.71322
1.11953
0.911544
-0.966387
-0.200498
-0.256627
-0.337512
-0.435306
-1.56832
-0.736231
1.51743
0.475173
0.631112
0.353174
-0.217824
-1.60878
-0.326995
1.90527
-1.58923
-0.268986
-0.854391
-1.39417
-1.57828
0.114295
-0.357873
-0.364427
0.553878
-0.0244652
-1.7275
0.226272
0.162689
0.464344
0.551578
0.0222366
0.289323
0.117964
0.407896
0.551599
1.11356
1.67455
-0.513751
-0.83281
-0.00889665
0.521741
1.10462
-0.264812
2.00521
-1.21411
-0.638238
0.810913
0.414896
-0.46666
1.1379
0.150205
-0.937346
-0.00639105
-0.282975
-0.559241
1.07002
-1.09654
0.108114
-0.747885
-0.336998
-2.13863
1.07761
0.291968
0.597726
-0.27222
0.41164
0.0874926
0.219088
-0.27464
-0.0914422
0.432416
0.330022
-1.22278
-1.2234
0.0400814
-1.14365
-0.863533
0.083452
0.589166
0.725042
0.470226
1.25945
-1.77362
-1.05511
0.411908
0.88917
-0.245813
-0.674164
-0.580163
0.141087
-0.676845
1.05191
-0.774088
0.921266
0.389827
-1.32639
-0.837045
-1.08872
0.730615
-1.5446
-0.0538719
-1.21852
-0.0870714
-0.441694
0.662941
-1.87824
-1.15487
-1.65391
-0.111076
-1.62238
-0.207079
-0.138727
-1.22391
-0.667062
1.11987
-0.933584
-1.18132
-1.59942
-0.263452
1.11346
0.900616
-1.82069
-0.0734362
-0.801995
-1.49645
1.1941
0.445857
-0.230391
-1.10899
-0.0898113
-1.0026
0.683802
-0.931782
1.0609
0.0628558
-0.0762407
1.12894
-1.07438
-0.0648284
-0.0929265
-0.746556
-1.14044
-1.19193
-0.499747
0.725505
1.40134
0.577844
-1.35764
1.72423
-1.5552
-0.142864
-0.840815
0.848875
0.403675
0.423299
-0.414019
1.01995
0.983199
0.643309
-2.03218
-0.0641311
0.120818
-1.09517
0.892109
-0.388026
0.632764
0.715201
-0.0385737
0.414629
0.365125
-0.212215
-1.55646
1.52237
0.299361
-1.7985
0.318855
0.226188
-0.900604
0.707442
0.655726
1.82014
0.379806
-0.054805
0.055414
1.03512
-1.00128
1.63187
-1.00495
1.91634
0.215288
-0.851662
0.540655
-0.965171
0.956621
1.18361
0.0197929
0.899087
0.801162
0.275134
-0.197212
-0.132219
-1.15413
-1.96876
-0.0551247
-0.019161
1.76123
-1.47386
1.01148
-1.21641
0.127836
0.0897303
-0.715226
1.4075
-0.0618839
-0.500392
0.250415
-0.934055
-0.570465
0.827634
-0.253013
-1.85269
1.13762
1.22501
0.654301
-1.47776
-1.1802
1.38389
0.129602
-1.16118
-1.74717
0.778731
0.0493165
0.0865051
0.24609
0.690151
-1.19692
-0.863232
0.697948
0.0780206
-0.727845
0.820737
0.982015
-1.14525
1.13182
-1.05647
-0.571053
-0.144198
-0.759791
1.42249
-1.28561
0.958859
-0.521114
-0.427978
-0.361849
0.0369852
1.10976
-0.709618
1.43079
0.769516
-0.760848
1.62441
-1.15245
0.372045
-0.502991
0.0299663
1.35394
-1.07405
0.462691
1.05294
-2.18276
1.57502
1.1037
0.811217
1.42617
-1.10011
0.877124
0.636428
-0.43971
-0.66718
2.01448
-0.367671
0.0634291
0.638734
-0.946816
0.0830851
1.587
-0.62102
-1.28946
-1.61241
0.200041
-1.03268
1.21579
0.381832
-0.192895
0.724226
2.25004
0.460925
-0.366184
1.05419
-1.34896
1.22071
0.0368232
0.0140311
0.298949
0.830577
-2.54045
-2.09893
1.00021
-2.27633
-0.317987
0.738554
-0.660585
0.329133
-0.22259
0.955251
0.953758
-0.859015
-0.804646
1.79913
-1.60519
-0.172275
0.984862
-0.233506
0.0573911
-0.229149
-1.23351
-0.92578
-0.139147
-0.909875
1.65787
-0.192498
0.0169632
-0.391831
-0.894565
-0.125102
-0.657022
0.0361004
-1.50037
-0.612817
-1.22416
0.177377
-0.239713
1.35322
0.0931435
-0.132671
-1.09322
-0.892592
-0.453421
0.308939
0.0977517
1.69535
1.59706
-1.46881
0.623112
-1.95061
-1.07951
-0.876219
0.190778
-2.14465
-1.90693
0.372869
1.45266
0.675374
0.688997
-0.109471
-0.383299
1.30135
0.633483
-0.895807
-1.7116
1.454
-0.435244
-1.0195
0.33688
-0.932213
-0.408219
0.96777
1.42045
-0.518109
0.162967
-0.952038
0.193941
0.700116
-0.969352
0.490286
-0.902604
-1.30169
0.166172
0.661284
-1.72926
-1.46587
-1.15377
0.646783
0.871943
1.63215
1.45847
0.508465
-0.136566
1.77858
0.126026
-0.88658
-1.37164
0.581622
0.682066
1.05048
-0.503985
0.3517
0.27158
0.527475
-0.323019
-0.0932561
2.01989
-0.791202
-0.839897
0.202233
-1.71848
-0.00153363
-0.0137532
0.0973906
0.570054
-0.351887
-0.194144
-0.108769
-1.19571
-0.625659
0.307744
0.0964521
0.721478
1.02271
0.163312
-1.22633
-1.17997
0.352512
1.428
0.97477
-1.63019
0.968408
-1.30292
0.0187774
0.247425
0.468815
0.882997
-0.422481
0.474726
0.517763
1.0691
-0.0825979
-0.588475
1.02354
-0.625407
-0.75584
-0.984199
0.945453
0.710927
0.826952
0.463512
2.40885
-2.16339
-0.600774
1.31127
-0.94313
-1.32256
-0.369725
0.520855
0.925707
-1.3392
-1.41443
-0.413598
-0.726759
-1.59245
0.530697
-1.03974
0.112458
-0.735333
1.30395
-0.184978
-0.500507
-0.328242
0.26528
-2.19539
0.406236
0.354496
0.844448
-0.349885
-0.572938
-0.874379
-1.86402
0.931334
0.690274
0.571271
0.7281
-0.576345
-0.859897
-0.93789
-1.15082
-0.509415
1.22814
0.963206
-1.65058
1.67241
0.186318
-1.05999
0.274898
-0.894
-0.947212
-0.583929
0.634445
-0.272757
-0.00267637
0.96871
0.382383
-1.98142
1.87949
2.0514
-0.877147
0.244286
-1.21058
1.12342
0.613239
-0.0186541
0.05603
0.571758
0.439836
1.09981
1.02401
-0.427126
-1.30724
1.68388
0.27424
-1.30221
-1.01989
0.0356551
-1.00463
1.10379
1.62522
0.0869281
-1.00316
0.49865
-0.0682375
1.09759
0.315423
0.194022
-0.635278
-1.46295
2.23781
-1.04535
-0.628669
0.697845
0.575957
-1.05499
-0.230042
-0.745276
1.22102
1.28523
0.827196
-0.870315
0.079302
0.627034
-0.212842
-0.382889
0.834864
-1.53572
0.92549
0.572278
-0.0957574
-0.00549436
-0.757621
0.80441
0.229779
0.866379
-1.29674
-0.237343
0.980427
-2.04531
-1.83473
0.471784
1.69019
1.14268
-0.494562
-1.21402
-0.942391
0.78478
0.251613
0.992745
0.879204
-0.770334
-0.555709
-1.46624
0.491187
1.7087
-0.142705
-0.859176
-1.24592
-0.125109
-0.0952856
-1.05157
-0.795393
-1.29745
0.295404
0.402911
0.995265
-0.352338
1.45017
1.29906
-1.00998
-1.16936
0.223051
0.652657
0.425028
-1.30331
-1.10184
1.66268
-0.219251
-0.244991
-2.6432
-1.40491
1.35367
0.898546
1.74714
0.376144
-3.04784
-1.21814
1.51116
-1.3226
0.611397
-2.15887
-1.13494
-0.210513
0.803367
-0.0719002
-0.926944
0.554151
0.739927
-0.616383
-1.17087
0.423017
-2.02984
0.770042
0.237415
1.23737
0.545285
-1.01513
0.0884926
-1.90377
0.000528753
-1.13562
-1.12081
-0.254
-1.99309
-1.99339
0.848515
-0.00720906
-0.784441
0.000669718
-0.026468
-0.783637
0.735056
-0.261083
0.0616888
-1.41854
-1.24759
-0.577573
-1.75645
-1.15417
-0.478612
-0.52131
1.74519
-0.39858
0.254543
-1.89113
2.20145
-1.72725
1.7868
-1.28178
-0.31329
-1.27749
-1.25048
1.44176
-1.45929
-0.888818
0.23271
-1.1261
0.262039
1.28095
1.63718
0.303089
-1.75583
-1.25463
1.85464
0.176625
-0.449363
0.43273
-0.784346
-1.48116
0.329198
-0.202573
-0.583662
-0.588941
0.847515
-0.596114
0.30482
0.723714
1.49124
-0.882292
0.642316
-1.17522
0.411438
2.21921
-0.820612
-0.770023
-0.288867
0.344458
-0.886071
2.04464
-1.63844
-1.23588
0.883698
0.992256
0.713187
0.506391
2.56417
-1.0513
1.16823
-1.00149
-0.356799
-1.97781
-1.14623
0.13532
-0.821201
0.397695
-0.475641
-1.3233
0.738468
-1.3917
0.146763
-0.714011
-0.424895
-1.54146
0.226775
2.41775
0.530919
-1.22611
0.450811
-0.0105792
0.643746
0.728519
1.07972
1.16218
0.568637
-0.483752
0.504803
0.867659
-0.134089
-1.12845
1.8111
1.42875
0.26295
-0.324511
-0.988301
0.577908
-0.730799
-0.245296
-0.402439
0.00172585
-0.313128
-2.21235
-1.7129
-1.39735
1.09285
-0.0901466
0.754066
-2.30716
-0.438941
-0.0329112
0.847896
1.25271
-0.66777
1.12381
0.818293
-0.1046
1.42663
0.148925
0.972855
-0.0915821
0.0523304
-0.193876
-0.34722
0.85679
0.784609
0.680078
-0.658734
-0.311579
0.411232
0.651745
0.991642
0.29774
-0.511776
1.02147
-0.625662
-0.664525
0.174338
-0.46436
-0.00999582
-0.698125
-0.407594
-0.925625
-1.7592
0.514285
0.0759838
0.0775873
-0.220906
1.72573
-0.34952
1.90111
0.651938
2.24115
-0.318453
-0.277349
0.733858
0.566779
0.601754
2.24015
1.20028
-1.71206
-0.909075
0.0163117
0.657748
-0.430235
-0.151857
-1.36357
-0.689371
0.00285894
-0.544031
-0.177204
-0.255534
0.192458
-0.824766
-1.00887
1.67747
0.882806
1.28534
0.22356
1.59096
-0.328099
0.015467
1.51904
-0.291772
-2.55163
-0.0900285
1.33902
0.230623
0.775457
-1.60643
0.0803458
0.177814
0.946129
1.75055
0.761193
0.96666
0.285541
0.685603
-0.715407
-1.1513
1.01043
-2.47073
-0.734816
0.940486
-1.21429
-0.151519
1.36616
-0.691626
0.611275
1.88947
0.853377
0.547982
1.05302
0.0664405
-0.143236
0.691948
-1.45078
-0.288891
-0.952305
0.558456
-0.74019
1.0278
0.54162
-2.22327
-0.0560258
0.595377
0.0730574
0.799755
-0.338991
-0.670743
1.15337
-0.162009
0.363394
0.228352
-1.65118
-2.40123
-0.356717
-0.315906
-0.854568
-0.00818437
-0.750221
0.711738
-0.594518
0.0511237
-0.727459
0.0579494
-0.202051
0.561971
0.775488
-0.894037
0.163033
0.383667
0.537234
0.301173
1.25262
-0.275103
0.425501
-0.796382
0.436861
1.15952
-0.967422
-2.78052
0.274015
0.478009
-0.139562
0.122917
-0.770767
0.0359069
-0.0389181
0.718623
-0.928411
-1.0427
-2.55739
-1.14173
0.575071
0.516267
-1.11328
-0.43753
-0.113416
0.0158092
1.73483
0.139792
0.679836
1.18693
-0.727092
-1.53969
0.143248
1.14435
-0.541677
-0.73971
0.400142
1.76177
0.419154
-0.872329
0.0479707
-1.10536
-0.112876
-0.915133
1.40816
0.503087
1.02379
1.02384
0.0147886
1.80492
-0.512538
-1.93239
-0.331587
-0.648418
0.667229
1.86973
1.48345
-0.11929
1.36425
-0.604449
0.432042
0.813114
0.758763
1.78335
-1.05914
-2.40961
-1.19876
0.0258741
0.855258
-2.24306
0.550809
-1.73942
-0.786998
-0.268587
-0.713561
-1.89574
1.34433
0.554606
1.46335
-0.0839648
-0.470916
-0.246841
0.483061
0.0201778
0.946932
1.10056
2.07122
-0.518864
-0.1071
-1.10324
1.90271
-0.480788
-0.260041
-0.248211
1.89001
-1.46673
-0.129844
1.00322
-0.146078
0.354048
0.416251
-1.00015
1.47414
-0.368263
-0.818374
0.727755
-0.3033
-1.71655
-0.318186
-1.14893
0.0231677
0.526614
-0.779422
-1.48961
0.655669
-0.569305
0.0393494
-0.0919208
-0.00513703
-0.202177
-0.337986
-1.59858
-1.29046
-0.220108
0.7288
-0.18003
-1.77031
-0.112494
-0.130461
0.701707
-0.0324616
0.266845
-0.80874
-0.250376
-0.149554
0.720257
-0.93263
-1.42833
0.503286
3.20343
-0.666592
1.82107
1.96391
0.176142
0.315843
1.07515
1.16866
0.866993
-0.0561136
-0.0447941
0.904158
-0.784157
0.266146
-1.68576
-0.159589
-0.729137
1.02531
1.02765
-0.0314608
0.082617
0.333794
-0.225669
2.15228
1.52466
0.835076
0.248184
-0.232532
0.721422
1.25799
0.514264
1.5555
-1.414
-0.424232
0.419457
1.20131
1.14572
-0.290183
0.68694
0.239892
0.201073
0.248625
2.62166
0.866665
-0.965214
-0.386452
2.18107
-0.725995
-0.751449
0.0358853
-0.743924
1.68223
-1.23546
-0.249989
1.20934
-0.498093
1.57447
1.16149
-0.244421
0.808031
-0.265153
-0.732985
1.86217
-0.478232
-0.421519
-0.307065
1.49163
-1.88851
1.1906
0.458048
-0.313107
-1.00122
0.200164
1.1125
-0.369737
-0.970154
-0.55734
-0.877864
-0.948411
1.05547
0.982012
0.172674
-1.20113
-0.238517
-1.82407
0.305027
0.130869
-0.210756
-0.349233
-0.799746
1.23632
0.867256
0.230627
-1.20785
0.56975
0.23654
0.183456
0.74456
0.298091
-1.10092
0.269088
-1.12394
-0.126077
0.761574
1.90552
-0.183902
0.567376
-1.19406
0.904157
0.264236
-0.667882
0.537614
-0.0164444
-0.934405
-0.161514
1.13717
0.302742
0.300115
0.0948841
-0.960048
2.02763
-1.21653
-0.662494
0.415912
0.0159022
-0.432166
0.183409
-1.25338
-0.785058
-0.190354
1.70763
-0.0616154
0.264205
-0.667702
1.69382
0.140451
0.683971
0.261285
0.297162
-0.53429
0.389764
-0.373336
1.48997
-0.958271
-0.467271
-0.655291
1.23281
-0.509468
1.20643
1.39011
0.550032
-0.00230592
0.394215
-0.713091
0.143011
-1.19967
-0.246086
0.790303
-2.20562
0.189552
-0.00962669
-0.14271
-2.27939
-2.40147
-0.686803
-0.548018
-0.182858
0.10365
0.238531
0.346527
0.375819
-1.14406
2.16105
0.574348
0.562091
-0.78893
-0.315475
-0.893805
0.320282
-0.358464
0.350681
0.403299
-0.110993
1.33945
-0.714743
1.48839
-0.376023
0.769135
-0.352773
0.829592
-2.12665
-1.0494
-1.05297
0.70183
1.44745
-0.592767
-0.835478
0.966224
1.11539
-0.347263
-1.8308
0.08539
-0.374775
0.930541
1.16436
-0.287905
-0.638796
1.1963
0.131374
0.00946748
-1.00549
-0.657426
1.08584
0.187487
-1.33343
0.218093
-0.811962
-1.14199
-0.2495
-1.18643
-1.74944
2.43308
1.06807
-1.11151
-0.74706
0.65684
-0.589686
1.43822
0.248247
0.154596
0.845417
-2.80999
-0.24332
1.90648
0.361028
-0.782076
0.878968
1.81614
1.05414
0.929669
1.09819
1.27797
2.09818
-0.965587
-0.774536
1.16543
-1.06982
-0.695325
1.98616
0.374458
-0.152218
-1.44368
-0.134281
0.587907
0.52737
-0.840483
-0.102186
0.0879291
-0.299305
0.0890746
0.412124
0.653857
-0.414546
-1.28621
1.19064
-1.73115
0.379048
1.86484
0.429494
0.07565
0.262852
-1.53715
-0.656729
-1.37086
-0.411803
0.733224
-1.97433
0.736851
-1.23573
0.629745
0.344418
1.04975
-0.983605
1.09899
0.575482
-0.636314
-0.142153
0.62804
1.29669
0.504739
1.55923
-0.33827
-1.89805
-0.441223
0.986045
-0.578894
0.924546
-1.00098
-1.72049
0.14791
0.0209075
-0.800502
0.805134
0.401595
-1.21007
0.466087
-0.70767
-0.274266
-2.39934
-1.11446
0.954867
-0.0636311
-0.711574
-1.2028
-1.52599
2.24226
-0.272205
-0.381219
0.0541763
-0.556928
0.567378
1.7542
-0.405599
0.894483
-1.74163
0.337157
1.07262
2.62294
-0.027187
-1.10731
1.77348
0.828682
0.00686938
0.344592
-0.449233
0.671543
-1.03824
0.520908
0.471123
0.302101
-1.07103
-1.48688
0.551513
-0.217214
1.18392
-1.05458
0.755971
-0.936177
-1.03999
0.346664
-1.15743
0.331195
-0.358042
-1.03789
0.373801
0.64654
-1.26612
-0.952291
0.460118
-0.828113
0.597721
0.794752
-1.27892
0.429464
0.133906
0.0419613
0.724174
1.13739
-0.863891
1.63765
0.0357029
-0.521208
0.912761
-1.48852
1.79633
0.0347038
0.679943
1.7811
0.46406
-1.47352
0.523309
-0.944178
-0.34698
-0.0422101
-1.07572
0.323844
-0.167396
-1.60104
1.44379
1.3807
0.657077
-0.905657
-0.910669
0.703965
0.252692
-0.0896977
-1.21042
1.98539
-0.259013
1.07548
0.172385
-1.45901
-0.734737
-0.903449
1.37506
-2.55501
0.0709751
0.42123
0.210704
0.179872
-0.308459
-0.554909
1.19089
-1.54518
0.707385
0.442047
-0.868528
-0.105437
0.757342
0.41297
1.16168
0.131391
-0.951296
1.28636
-0.41334
0.630455
-0.399957
-0.263002
-0.472063
-1.08147
0.437887
-0.463885
-0.362002
0.711872
0.225168
0.342955
0.5899
-0.884963
0.0510226
0.707529
-0.647437
-0.662353
0.706969
0.854094
-0.0394034
0.786347
-1.6324
-1.50373
-0.979255
1.36689
0.853077
0.767372
1.44217
1.45703
-1.68059
0.114294
0.627455
0.675306
0.0881274
-0.408446
0.75467
-1.47645
-0.0895913
-0.493904
1.33112
1.79825
0.0843232
-1.03093
1.01221
0.321785
-0.860949
-0.653963
-2.14389
-0.869194
1.87889
-0.229826
-0.709995
-1.53986
1.75064
-0.588302
1.39642
0.0896797
0.48423
-1.28264
-0.8117
0.314557
0.693615
0.687401
2.32458
0.954907
-1.17341
0.660708
-1.58324
-0.604154
0.182612
0.493665
0.0355045
-1.05982
0.752612
-0.755409
-0.560934
0.541742
-1.00253
1.03476
-1.8485
0.271781
-1.83455
-0.582937
0.134599
0.183908
0.529567
-0.790139
-1.32713
0.622751
0.911581
-0.575517
-0.52023
-0.774253
-0.547225
0.942556
1.33021
-0.407824
-0.83381
0.00396061
-0.1606
0.216106
-2.10373
0.229661
-1.04591
1.41545
0.245837
0.188082
0.323781
-1.80115
-0.765564
-0.906666
-0.0208295
-1.3262
-0.137126
-0.221926
1.38289
-0.202154
0.884091
1.09901
-1.3317
-0.871398
0.440541
0.468498
1.54223
-0.129101
-0.203877
-1.26114
0.705325
1.72747
0.534276
1.11852
-1.03849
-1.52881
1.5644
0.872126
1.19186
0.617297
1.63947
-0.688289
1.56763
-0.0900238
1.0114
2.07543
-1.05848
1.0726
-1.61939
-1.84067
-0.341116
1.96987
-1.01358
-1.07725
-0.0436599
1.05596
-0.670145
1.1824
0.715498
0.453442
0.944695
0.298233
0.842206
2.70748
-0.468904
0.31215
1.9116
-0.0558873
-0.00878602
-0.79323
-0.526505
0.486359
0.500555
-1.24618
1.89729
0.109791
-0.428439
-0.300853
1.10707
0.17706
-1.73294
-0.768383
-0.0201656
-0.302152
-0.483465
0.376324
-0.689527
1.79868
0.574658
0.205242
-1.02361
-0.821267
-0.732095
0.44167
0.822915
-0.380718
0.190253
1.07254
-0.542631
-1.54198
-0.352924
-0.529735
-0.965361
-1.08765
1.21044
-0.603077
-0.35876
0.723211
0.140437
1.8394
0.758216
-0.112785
0.693125
-0.379793
0.516502
0.629593
0.980339
0.0446122
-0.405745
0.693195
1.54203
-0.386063
1.35486
-1.19503
-0.491016
-2.14585
-0.635224
-0.424102
1.31067
1.53457
-0.437968
0.0554478
-1.28133
-1.04724
-0.942173
-1.29693
-0.433861
-0.551975
-0.103076
0.558779
2.81044
-1.34801
0.627092
-0.764085
-0.777365
1.17835
-1.02284
-2.25794
1.01176
0.338168
-0.561578
-1.00021
-1.05415
0.501179
1.06618
-0.384336
-1.12223
-0.701642
-0.103614
0.56198
-0.490554
0.99846
1.13115
-1.33653
-0.675656
0.395959
-0.0630803
-0.166974
-1.71948
-0.257682
1.1824
-1.06864
0.961868
1.21333
-1.05268
-0.266645
0.355578
0.00183266
-0.278597
0.895057
-0.292065
-1.27481
-0.327036
-1.0809
0.897796
0.320975
-1.27792
-1.31039
-1.17232
-0.756359
-1.64342
1.49361
0.490482
-0.510942
0.613163
0.367885
-0.230422
-0.618945
0.791136
0.930869
-0.667233
-1.09474
-0.374232
0.754728
0.23947
0.28075
0.568604
-1.16088
1.60724
1.37841
-0.937725
0.117368
0.837491
0.254663
0.144651
0.632091
-1.20403
-0.134035
0.886244
-1.36677
-0.0985269
0.390005
-0.976192
-0.480845
-0.780328
1.62891
-0.233283
-0.0406552
0.248896
-0.787515
-0.127471
0.265025
-0.229395
0.00488192
1.19337
-0.0629036
-0.895222
-0.775211
-0.335074
2.27782
0.152168
-0.377986
0.0805837
-1.12887
-0.336998
-0.55145
1.78735
-0.570189
-0.133019
0.135039
-0.111852
0.09706
0.166065
-0.00964445
-1.28089
0.294917
-0.98685
1.36283
0.774905
-0.837418
-0.330661
-1.18881
0.528543
-0.398498
-0.119027
0.155557
1.53492
1.86265
0.168564
1.51383
0.477544
0.678263
-0.708779
1.61447
1.43747
0.773101
0.562415
0.202817
-0.482489
0.932519
0.159897
0.404549
-0.572855
-0.359008
0.143977
-0.41486
-1.86683
1.1982
1.205
0.488464
1.43433
1.07982
-0.387316
0.200701
-1.79005
-0.514343
1.01905
-0.979917
0.276396
-3.2977
0.391483
1.07626
1.61754
-1.26647
-0.567745
1.32262
-0.932528
-0.269579
-0.183607
-0.701337
1.42064
-0.459701
-1.87838
-0.855211
0.513489
-0.911374
-0.533822
-1.01064
-0.942874
0.673943
-0.00298023
-1.23029
0.153424
-0.946715
0.462754
0.435319
0.302657
-1.47029
0.268244
0.390696
-0.0731736
-0.0940097
1.38112
1.05616
1.4505
-2.0379
2.00013
-1.27059
-0.531872
-0.0327076
-0.26693
-1.1705
-1.22549
0.879002
0.655931
-0.584051
0.100765
-1.19732
0.768592
0.264276
0.397873
-0.634248
1.90832
-0.22967
-0.3295
0.339793
-1.63008
0.463669
-1.8239
-0.35181
-0.0858649
0.801112
-0.53005
1.39448
0.438639
0.0707622
-2.49807
-0.0448996
-2.19725
-1.42214
-2.00501
1.38904
1.91629
0.536502
-0.592888
0.422532
0.301956
-0.781752
-0.93706
1.0683
1.79797
-1.55492
0.142592
0.666371
1.14738
-0.591856
1.44351
-0.0265802
-1.68858
-0.149373
-0.864103
-0.972305
-0.214828
-1.19003
0.672969
0.218084
-0.788585
0.585563
0.10992
-0.500713
-0.524083
-0.919179
-0.195485
-0.316056
0.757303
2.12714
0.726508
-1.34974
2.10214
1.86393
0.558652
0.387825
0.00736469
1.0999
1.90153
-0.368965
0.824262
-0.341965
-0.226388
0.280016
-0.310038
1.6218
1.61575
-0.210542
-0.714703
1.82628
-1.21278
-0.742669
0.151902
0.0212587
0.878884
0.718979
-1.12364
1.59712
-0.00241905
0.987351
0.402184
-0.61601
-2.84309
0.934048
0.431621
1.11849
-0.917431
0.186473
-0.368612
-1.73031
0.203455
-0.489626
0.814666
-0.15682
-1.34384
-1.68872
-0.82099
0.480742
2.41589
-0.295684
-0.478766
0.420592
0.0792127
-0.113167
0.663306
-0.154435
0.513253
1.25026
-0.433445
-0.778195
1.15714
-0.17105
0.699106
-0.32765
-0.927943
0.704837
-0.702214
0.64927
-0.1996
0.599701
0.81808
0.0625399
-1.17977
1.26767
-1.67845
0.45879
0.619401
-1.21169
1.49903
1.01528
-0.169354
0.119054
-2.61468
0.860657
-0.985188
0.279572
0.43981
-1.44918
0.996656
2.86394
0.756354
1.11655
1.17423
-0.250268
1.97209
-0.241278
-0.752567
0.943273
-0.179981
0.444859
-1.07624
0.473188
0.672026
-1.7549
-0.851048
-0.25644
0.242186
0.663191
0.992081
-1.43772
-0.982843
-0.784657
1.98624
2.0316
-1.26699
-0.781638
0.734115
1.181
0.607148
0.558847
0.386877
0.702304
1.89662
0.157369
-1.09515
1.43902
0.553784
0.53647
-0.754333
0.720904
-0.628586
1.99218
-0.230209
-0.517998
-1.44351
-0.180926
0.112842
0.965627
-0.256075
1.32675
0.410852
-0.170053
1.18888
0.828453
0.107462
-0.986545
-0.500785
0.185506
-0.260096
0.0895807
-1.58479
1.11143
0.236971
1.73136
0.823322
0.26897
-0.100585
-1.06696
0.255983
-0.381898
1.45971
1.46941
0.437874
1.24962
1.01782
0.713596
-1.9584
-0.512044
0.204901
0.520989
-1.46571
-0.0924175
-2.02734
0.637963
0.42701
-0.784135
0.252948
0.0712218
-0.97857
1.84459
-0.221599
-0.648695
-1.07103
-2.29978
1.80637
0.513623
-0.750297
-0.278388
-0.0883914
0.80226
0.020084
-0.199773
-0.611922
-0.456502
0.611507
0.440471
0.939061
0.6193
0.570377
0.460754
0.0507291
-0.0308832
-0.947988
-2.11499
0.412994
0.952195
-0.539304
0.0420594
-0.293123
1.17755
-0.0781928
1.126
2.12228
0.868762
-0.815623
-1.32271
-1.54699
-0.164258
0.144623
0.0804729
1.44618
2.74782
-0.442116
0.331311
0.37627
-1.51655
1.70713
0.386692
0.527344
0.851203
-0.763365
0.413963
0.436444
1.12517
0.551969
-0.0638648
2.22121
-1.32492
-0.496104
0.711402
-1.43515
2.108
-0.104953
0.334764
0.142238
-0.64644
-0.151215
-1.55474
1.94422
-0.408641
-0.546352
-1.58613
0.332303
-0.901132
-0.54962
0.00966114
-0.100728
0.435852
0.456849
-0.907631
2.1436
-0.43103
-0.466421
0.697847
0.744562
0.933644
-0.165338
0.0837342
-2.10831
-0.288234
0.708316
0.598312
-0.757288
-0.143651
-0.755898
0.699429
-0.748749
1.0168
0.586958
0.571672
0.725039
0.829484
1.54786
0.419081
-0.266625
1.71804
1.39999
0.39335
0.956644
-1.25355
-0.317867
-0.444679
0.94947
-1.86243
-0.212659
0.433403
-0.257762
-1.41431
-0.627756
1.31789
2.14812
0.695058
-0.81809
0.19399
1.77025
0.0677515
-1.64398
-1.03085
0.833959
-1.26798
0.404102
-1.40664
-0.338282
-0.391295
0.106733
1.70361
0.23396
-0.980325
1.4546
-1.53221
-0.165503
-0.748659
0.799758
0.445395
1.16706
-1.36838
-0.13347
0.460108
-1.75779
0.414459
-1.36017
0.990056
0.59931
2.14857
-1.55585
-0.72406
-0.269852
1.45738
-1.09544
1.34985
-0.367809
-0.797982
-0.0841177
0.519887
0.968979
-0.303037
-1.44175
0.483888
2.1196
0.890783
0.488616
-0.977892
-0.743859
1.00632
-1.00902
1.46719
1.09603
0.582205
-0.0410638
-1.01001
0.166675
1.68104
0.779855
-0.975335
-2.13797
1.90971
-1.38763
-0.241287
-0.406646
-0.378857
-1.13923
0.107699
-0.888186
-1.02321
-0.863253
0.234698
0.945922
-2.14475
-1.17992
-0.702925
0.631398
-2.36303
-0.424923
0.132179
-0.698118
-0.813503
-0.00901371
1.03916
-0.0958804
0.683321
1.07811
-0.237004
1.33147
-0.0941394
1.20861
-1.18971
0.307234
-1.2602
0.346756
-0.995193
0.394684
1.34412
2.13112
-1.42913
-2.50336
1.34695
-0.022728
-1.2113
0.199973
1.27935
2.00179
0.718253
0.100219
-0.343138
0.335938
0.0885217
1.2718
-0.203964
-0.472124
-0.103864
-0.974596
0.507506
-0.683779
-3.0799
0.107082
-2.51296
1.07379
-0.380194
2.07804
0.849715
1.16139
-0.271399
0.539396
0.579367
-0.17689
-1.44128
-0.074306
1.52925
-0.392263
-1.24608
0.507032
-0.544911
-0.655088
1.50961
0.988294
0.217717
0.230789
-0.885592
-0.470306
-0.639508
1.72093
0.233049
0.732732
0.0837497
-2.58265
-0.331774
0.97975
-0.4045
1.15935
-0.0983748
0.526502
-0.793534
-1.52212
-1.18818
-1.436
0.789248
-0.516325
0.615995
0.341613
0.159869
1.96946
-0.060588
1.40908
0.134403
1.67029
1.08867
0.618073
-0.794463
1.02889
-0.56474
0.661285
1.15017
-0.497421
1.2705
-2.11109
1.00801
-0.249537
1.01693
-0.22254
0.560709
-0.819234
1.82318
-0.78063
-0.815987
1.70938
0.265984
0.627763
-0.214165
0.685992
1.50946
1.68447
0.307357
-0.192838
0.0374725
-0.609622
-0.178489
0.675015
-1.49663
-0.736742
-1.27286
0.326654
0.589517
-0.813148
-0.273504
1.6527
0.243553
0.245656
0.372396
1.40817
-1.62863
0.998145
0.857718
-0.189919
-0.775773
-0.540713
0.0578687
-2.45276
-0.0232105
-0.712041
-0.228929
-0.270601
0.139282
1.45977
-0.441164
-0.315812
0.00695813
-1.14725
1.5521
1.84454
-0.688837
-0.0781384
-0.259574
1.67566
-0.404369
-1.36119
3.14251
-0.267407
0.0880274
-0.0654799
0.157829
0.0518652
0.38756
-0.475505
-0.756334
1.47098
-0.587256
-0.103568
0.433396
0.747209
-1.68662
0.874242
1.10201
1.12841
0.39886
-1.12096
0.740693
1.15906
-0.689102
-1.08385
-0.0879636
0.733641
0.560159
0.605862
-1.96465
0.160065
0.649851
-0.580065
1.23186
2.48556
0.475574
-1.36834
-0.686339
0.199305
1.84747
2.53444
1.42024
0.41463
0.467951
-0.193611
0.605818
-0.574303
-1.95108
0.0673715
0.243662
-2.46502
-0.013909
1.46558
-1.59663
2.37832
-0.877916
0.818517
0.725617
1.60467
0.596647
0.745987
-1.71418
0.152003
1.47208
-0.0650684
-1.38887
-0.717402
-0.106575
1.29936
-0.629925
-0.211733
-0.542256
-0.0417042
0.294301
0.177038
-0.301313
-0.729991
-0.859281
0.833252
0.270759
0.197114
-2.32315
-0.840826
0.694069
0.0297372
-1.05466
-0.540476
-1.00053
-2.02401
-1.19884
0.541978
-1.6179
1.81945
0.415765
1.15744
-0.930995
-0.733588
0.205173
1.55465
0.566257
-0.801351
-2.33944
0.107507
-0.476623
1.9033
0.0780489
0.415385
0.273878
-0.834881
1.03862
-0.461722
-0.288719
-0.269674
-0.0498432
-0.961991
-0.572532
-0.551354
0.286444
-0.0578128
-0.795668
-0.678773
-0.322566
-0.777019
-1.75719
0.401715
0.134337
0.0569459
0.700001
-1.14816
0.532872
-2.73331
1.13068
-0.615253
1.27839
0.532597
-0.1871
2.32532
-0.556506
0.144274
-0.300194
0.522519
0.922845
0.25536
1.79787
-0.740461
1.18346
0.327517
-2.15479
-0.35656
1.20893
-0.576287
-0.395506
-0.796849
-0.959693
1.02889
-0.931327
-0.288267
1.00658
0.254017
0.352088
-0.740603
-0.381036
0.264638
-0.338439
0.0517893
-0.352662
-0.651661
-0.506715
2.0088
0.0953165
0.757411
-0.00270599
1.25633
0.441905
-0.348638
1.81435
-0.255216
1.55386
0.587379
0.000299037
-0.070234
-0.720707
1.95707
-1.36034
-0.717887
-0.786723
-0.607739
-0.149944
0.282522
0.240747
1.15807
-2.0711
1.73818
-0.0989203
-0.712837
-1.56616
0.181752
-0.0796227
1.84051
-0.228291
-0.260246
-0.330075
0.137982
-0.358662
1.19083
-1.34886
-0.0523027
-0.947951
0.205131
1.67611
-1.15782
-0.970408
-1.00803
0.375616
1.66033
-0.905302
-2.4401
0.00684786
1.97733
1.67114
-0.935868
-0.492939
-0.926964
1.40553
-0.31565
-0.683711
-0.772596
0.732395
2.96928
-0.762946
0.548952
-1.04742
0.652945
-0.966075
-0.91901
-0.986093
1.75733
-1.49583
-0.412304
0.0109016
0.784552
-0.606062
-0.420227
1.04393
0.837597
0.356435
-0.550827
0.550303
1.16594
0.148066
0.332154
1.15656
-1.24113
-0.0656222
-0.706903
0.345421
0.687132
-0.0443732
-0.0960622
1.67537
0.139083
-0.198284
0.764143
0.418819
1.52953
0.295226
1.81383
1.21773
0.808094
-0.976597
0.499653
-1.43431
0.712499
-1.8468
0.571664
0.776199
0.321752
-1.02891
-1.4144
0.171116
0.386836
0.869839
0.158421
0.590071
0.594183
-0.346306
2.09009
0.161342
-0.47951
0.769393
1.25425
-0.434172
-1.06656
-0.408988
1.50765
-1.20999
0.165502
0.321575
-1.03686
-1.58902
2.30501
1.16533
1.20482
1.02338
0.555792
0.0679949
-1.36802
0.77239
-0.585198
0.47072
0.917115
-1.03986
0.635423
1.20936
-1.31516
0.99398
-0.667683
-0.237294
0.114856
0.0931431
-0.0533767
1.11228
0.669177
-0.804286
-0.403071
0.994911
1.16738
-0.11528
-0.275439
-0.602318
0.316023
-0.474644
-0.655103
-0.639871
-0.67034
-0.0927705
-0.237757
-0.0364879
-0.060923
1.73053
0.454341
-0.620131
-0.550638
0.066206
-0.289718
-1.84204
1.32437
-0.851689
-0.901658
0.69053
2.32799
0.00465894
-0.884338
0.898411
-0.833023
-0.305985
0.45541
0.87185
0.558308
2.00512
-0.428088
0.582992
0.55235
-1.14783
0.883615
1.06265
-1.775
-1.22215
-0.204418
-1.10283
0.272715
-0.362241
-0.836316
0.947862
-0.0567634
1.84401
-0.945116
-0.832735
-2.67381
0.0471327
-0.078353
-0.170393
0.0253692
-1.15103
-0.642294
-0.718228
1.17461
-2.41403
-0.226374
0.284205
-0.229246
-0.75426
0.375313
1.08179
-0.763837
-1.25794
-1.26329
-1.91047
0.361131
0.876554
0.735123
-1.33646
2.01984
-0.333445
1.05882
0.484512
-0.917257
0.376533
-1.07619
1.29292
-1.6202
0.0587887
0.652204
1.82385
2.77569
1.10414
0.5044
-0.688451
0.382184
-0.0836428
2.09458
-0.136067
-0.955101
0.56366
1.19505
0.636764
-0.0889784
-1.54194
1.53201
0.218221
-0.828318
-0.653873
0.0454653
-1.39413
-0.626243
-0.373997
0.814044
-1.58178
1.08976
-0.496695
-0.74874
-0.617767
-0.622359
0.322883
-0.358003
0.551861
3.06401
-0.328683
-0.425615
-0.652629
-1.90058
0.622787
-0.17219
0.130103
1.44452
0.245343
1.15496
0.2045
0.00955439
0.990965
0.333869
-0.939054
-1.61476
0.0914482
1.26485
-1.23519
-2.04949
0.934977
-0.497292
-0.0989417
-0.669605
-0.406379
0.663015
-0.155129
-0.101394
0.783378
-1.62923
-1.00616
0.00370961
0.437633
0.0906184
0.920375
-0.39178
0.686037
0.708501
0.127695
1.34944
-1.05759
0.894214
0.212106
-0.361793
-1.1797
-0.952172
-0.630708
-0.769717
0.425434
-0.369993
-0.134825
-1.6587
1.78256
0.704479
0.67205
1.53595
-1.19857
0.0930681
-0.376735
-0.833233
-0.579156
-1.20716
-0.754063
2.02119
1.17839
0.479129
-0.715936
0.679651
0.208857
0.271721
1.43434
0.554136
-0.761389
-0.577855
-0.491749
-1.49716
-0.205263
-0.13659
0.557736
1.35135
-0.529843
2.19429
-0.814824
-2.04257
0.513299
-0.129982
-0.233765
-0.352183
0.137597
-1.37896
-0.0206883
3.07972
-0.750531
-0.292221
-1.23048
1.7519
-0.0727704
-0.0287646
0.845167
-0.815518
0.558178
1.21443
0.664567
1.89012
-0.296294
0.595339
-0.220781
-0.0650637
1.05004
0.356927
-0.98038
-0.973467
-0.326075
-0.875803
-0.285352
0.849826
-0.406353
0.547052
1.58669
-0.258732
0.676775
0.310389
-1.35493
1.68061
0.828334
-0.00897014
-1.31531
-0.00369114
-0.480209
1.08687
-0.919907
1.44728
0.35005
1.876
1.24147
-1.32404
0.660172
1.6126
-0.16495
-0.534037
1.24343
-2.04263
-1.30197
-0.784428
-0.242198
-0.913771
-0.39788
-1.07344
-0.66168
0.638506
1.45273
0.548528
-0.752257
-0.74525
-2.03771
0.719704
-0.374382
-0.619267
-0.852507
-1.10415
-0.00652641
0.795154
1.1457
-1.01662
-1.19584
-0.870238
0.618816
1.16128
-0.596968
0.0204647
0.775932
-1.01564
-0.406528
-1.016
-1.15197
-1.00941
0.768165
-1.17939
0.514223
-1.39093
0.531547
1.45577
0.169302
0.873199
-0.765333
0.0384329
-1.25537
0.0568756
-0.202756
0.726829
-0.666686
-0.167448
-0.683413
0.47138
-1.01183
0.0802757
1.59046
-0.588663
0.04748
0.528367
2.27162
0.893261
-0.382962
0.447136
0.706511
0.254971
1.38516
0.0295833
0.554824
-1.73369
-0.397395
1.64286
-0.890642
-0.843327
0.949527
-0.339109
-0.180394
-0.788137
0.532611
-1.22064
0.108389
-0.22829
0.13455
0.905133
0.0634176
-2.0498
0.559094
-1.11267
0.497841
-0.505679
-0.105157
-0.364961
0.807432
0.408136
0.54564
1.38589
0.841305
-0.918505
-0.140917
-1.06236
0.0594302
1.82
1.27679
0.292373
1.0374
-0.97021
-0.709833
0.192538
0.207743
-1.70928
0.718469
-0.406874
-1.49704
-0.25548
0.806316
-1.25083
-1.49586
-0.0822774
-0.772891
-0.639817
-0.8707
1.10209
0.535978
-0.58799
-0.444563
-1.22364
0.743932
-0.525057
0.323794
-0.201614
-1.66173
-0.308968
1.29591
-1.37728
0.932067
-2.45899
-0.472464
0.681578
0.683208
-0.0148631
2.88848
-0.173263
-0.647176
0.132335
1.95888
-0.711064
2.07951
0.811957
0.380266
-0.61878
0.0797246
-0.553269
0.0277682
-2.84458
-1.61057
1.0778
0.30691
-0.446174
-0.0236774
0.909441
-0.288688
-0.340476
0.24301
-0.772412
0.447577
0.098755
-0.5403
1.19234
-1.34169
-0.522328
-0.938959
3.02705
-0.567587
-0.25354
0.747954
1.41469
-0.286747
0.913966
-0.133744
-0.650639
-1.37166
0.748791
-0.941608
-0.779565
0.25355
2.46089
0.441035
0.0880457
0.3139
-0.227028
1.38792
-1.74701
-0.662316
0.0114354
0.171309
-0.44278
0.407745
1.42538
-0.518197
0.175145
-1.16804
1.59514
-0.581194
-0.113287
-0.547586
0.417951
-1.67695
0.292035
-0.614644
-1.09726
0.651873
-1.17197
0.462818
2.20726
0.230442
-0.758312
-0.622521
-0.762565
0.850699
-0.851735
0.0437721
1.29231
0.430314
-0.914088
-0.638171
-2.09901
-0.558536
0.534422
1.1275
0.353561
0.587122
0.59548
-0.0818192
0.428238
-0.481272
-1.16926
-0.165956
-1.09766
0.576359
0.0596875
0.494835
-0.743597
0.0205641
-0.332296
0.509007
0.319374
-0.792635
0.506276
-0.316467
0.234654
1.3674
0.396552
0.298749
-0.806732
0.790262
-0.33451
0.379906
-0.533441
-0.311216
-1.37943
-1.13519
1.24469
-0.247251
-2.50252
0.988904
0.534938
-0.441396
0.108164
1.36621
0.650425
1.42091
0.485104
2.25065
-0.0569905
-1.18748
0.695917
-0.934264
0.404497
0.947076
0.529027
2.14609
-0.583296
0.104298
0.876257
0.306349
1.55386
-0.238743
-0.191301
0.0908992
-1.53417
1.58319
1.88487
1.01039
0.501864
1.01211
0.269076
0.142406
-0.074077
0.196784
-1.0212
1.38989
-0.240357
-0.143541
-1.38373
1.03996
-0.168599
1.59213
0.975882
0.313084
0.181956
0.242985
0.637576
0.173793
0.657067
-0.429247
0.916035
-0.7004
-0.212176
-0.52886
0.495978
-0.51968
-0.302932
-0.407473
0.041634
2.07273
1.05845
1.1421
-0.194571
-0.544387
0.563652
0.743983
-0.853284
1.30796
1.66794
-0.830978
0.376113
-1.50572
0.29162
0.449474
1.64504
0.464658
-0.0726545
-0.290473
-1.17086
-0.143035
0.85921
-0.27055
-0.272723
-0.607031
2.46811
1.17612
-0.719761
0.123336
-0.400434
-0.473404
-1.27308
-0.634879
1.5118
0.882026
-1.10331
-0.71076
1.34282
0.109734
0.280586
-1.07229
-0.513908
0.262153
-0.245047
-1.59614
0.482032
-0.84235
0.440256
1.72805
-0.579725
0.258548
0.347029
0.998035
-0.522335
0.844891
0.214713
1.08182
0.652575
-0.453056
-0.408935
-0.325691
0.163839
0.351102
-0.00523835
-1.91734
0.262988
-0.943246
0.0687106
1.40017
-1.77701
-0.398947
-1.13465
0.656955
-0.0241357
-0.087519
0.661814
-0.251422
-1.25202
2.15257
-1.78682
-1.25107
-0.753199
0.165071
-0.555493
-0.342328
1.33139
-0.318054
0.662656
-0.579486
-1.85467
1.4146
-0.88418
-0.0658633
-1.77109
-0.560287
-1.77398
-0.969305
-0.0145562
1.16471
-0.913985
0.607451
0.188897
-1.4823
0.926436
0.0198485
-0.468912
-0.146029
-0.597145
1.66715
0.176191
0.659104
0.276145
-1.17663
0.114346
-1.23697
1.2419
-1.73552
1.32008
0.331983
-0.239828
-0.100797
1.2579
0.0417111
0.782464
-0.828075
-0.665657
0.833975
0.304884
0.106267
-0.204487
-0.833694
-0.0023818
-0.836313
-0.432102
0.620964
-1.20248
-0.910896
0.410279
-0.345751
-0.301874
0.72369
1.08857
0.0890929
-0.0492149
-0.704761
-1.074
-1.04102
-0.653151
-0.330683
0.433195
-0.155739
0.65139
1.14582
1.01049
-0.536536
-0.335781
-0.328985
1.43578
2.03883
1.24021
0.238402
-1.65415
0.927274
-0.175895
-0.822827
1.11288
0.74388
-0.595555
-1.66145
0.362031
0.98085
-0.358912
-1.78721
0.242468
-0.604521
1.32305
-1.14865
-0.661159
1.90145
-0.503302
-1.16897
-1.61131
-0.130409
0.128952
0.120304
-0.1297
-0.902467
-0.310775
-0.472701
-0.966545
0.212265
-0.198824
0.110589
-0.998012
-0.0319228
0.0497384
-0.380972
0.67294
-0.15977
0.962781
1.51047
1.06121
1.05095
0.949307
-0.808317
0.669717
0.451427
-0.0394757
-1.38423
-2.21244
-0.602669
-1.46899
0.226949
0.948893
-0.10049
-0.157599
-1.06756
-0.858577
0.145312
0.440022
-0.731383
1.30482
0.94651
0.0660751
-1.63848
0.552854
-0.363668
-0.626776
1.39945
0.155025
0.310627
-0.394006
3.03391
0.565247
0.357135
-1.07715
-0.240377
-1.79202
0.561941
0.705853
-1.38047
-0.495998
-0.0895253
0.446732
0.406078
0.184783
-0.220541
-1.18345
-0.172447
1.74639
0.406694
0.421052
-0.573385
0.00569141
-0.928845
1.08197
0.677605
0.935316
1.34067
-0.815737
1.15599
-1.11222
-2.73409
1.36938
0.358762
-0.470988
1.3532
-0.14931
0.661569
-1.78525
0.537784
0.680142
0.758699
0.675768
-0.940936
-1.06792
0.501181
0.457657
-2.36111
-0.346338
0.0239468
-0.541895
1.64593
1.04681
0.497463
-0.365257
0.0510122
0.904899
0.23051
-1.8962
0.11817
-0.0742488
0.772191
-1.9153
0.327816
-1.0113
-0.872311
0.954695
-1.53611
0.151642
1.11473
1.19535
-0.508056
-1.65782
0.719854
0.0312058
1.8944
-1.90779
0.806227
-1.20622
-0.886689
-0.145062
-0.0921869
-0.154079
-0.00492072
-1.27764
0.0932637
0.771127
-0.424799
2.59328
0.264247
1.03139
-0.68257
-1.34914
-0.953074
-1.34434
2.16612
1.93057
-0.239382
1.50109
0.559478
0.140125
0.722656
-0.96542
0.134965
-1.02552
1.01162
-0.488399
0.351991
-0.329201
-3.26332
-1.34509
-0.986174
-0.490085
-1.02291
-0.750949
0.837294
0.752212
-0.797341
-0.667464
0.427315
-0.194054
-0.48963
0.699465
-0.0660148
1.6146
0.37631
0.0336829
0.87792
0.878226
0.441766
-0.507304
0.988933
0.607856
1.65927
-0.275497
0.265118
0.325571
1.28946
-1.60591
-0.672323
-0.421327
0.668345
0.125921
0.183167
-1.18904
-0.618955
0.241623
1.57737
-0.548812
-0.592377
-0.302332
0.720185
-0.416044
0.596459
-0.352416
0.424818
-0.475307
0.714068
-1.43457
-0.414949
-1.21351
-0.722137
0.878558
1.71434
0.103987
0.790752
1.11432
1.78771
1.53879
-0.227918
-0.784029
1.54503
0.259509
0.388773
0.727629
0.128424
-0.0250835
1.10847
0.998672
0.814275
0.85366
-0.631954
-0.117813
0.261112
0.380157
-1.07125
0.620914
0.720348
-0.442664
0.261981
-0.19673
0.958609
1.63118
0.177855
-1.41784
0.226797
-0.627634
0.722145
-1.85528
0.0243044
-0.796571
-0.580005
-0.965692
1.83095
-0.342947
0.424813
0.230043
-0.67392
-0.671171
0.0909721
-0.20314
0.00959694
-1.45813
0.185826
0.591632
-0.982335
2.32589
-1.209
-0.146917
0.213319
0.607676
0.518789
0.339339
-0.0984002
0.619081
0.166061
0.375928
0.00941104
-0.386779
-1.19084
-1.17106
0.555517
-0.407057
-1.74321
-2.71183
-0.599918
-2.29736
-2.6479
0.617949
-0.332679
-1.14424
1.52502
-1.84774
1.62702
0.58106
-0.657986
0.562532
-2.11507
-3.06936
0.0687855
-0.40814
1.02788
0.831369
-0.78107
0.270415
0.845788
0.619784
-0.116066
0.837137
-0.261277
-0.173477
0.00856161
0.800682
0.126699
1.96214
-0.489803
-1.03155
-0.495356
-0.515309
0.517602
0.851348
-0.716978
-0.199484
-0.531451
1.8844
0.251115
0.256142
-0.331733
1.36923
-0.432644
0.309893
0.117157
-0.253537
-0.223944
-0.605948
0.362116
0.403692
-0.900672
1.01242
1.95894
-1.05831
0.526706
0.327418
0.556579
0.426233
-0.0972048
-0.787408
-0.574361
1.47255
0.319909
-0.8174
2.12473
2.12544
-0.565145
1.09299
-1.52268
-0.010761
-1.83369
-1.31956
0.180844
-0.52117
-0.650427
-0.163212
-0.517666
-0.653294
-0.391333
1.64347
0.0467897
-1.20444
-0.776003
0.313429
1.09712
-0.521233
-0.291421
-1.70758
-0.929986
-1.92111
-0.281496
-0.092207
-2.75537
0.360462
-0.917684
-1.66204
-0.351318
1.02527
-0.962618
-2.03702
-0.608881
-0.788839
0.300873
0.617393
-1.13676
2.38254
-0.57168
1.01964
0.150211
-0.315207
1.01814
-0.937543
-0.653801
0.0399225
0.645901
-0.322015
0.481655
-0.765577
-0.662055
0.664964
1.82895
-0.987304
-0.0881451
-0.317304
0.460137
-0.578286
-0.500841
1.04526
1.37897
0.963846
-0.283597
-0.984539
0.187266
-0.0419599
-2.48816
0.522053
0.45607
1.41934
-0.658506
-0.54625
0.370701
-0.690571
-1.01394
0.362015
0.648549
1.09368
0.215439
-1.45662
-0.705402
0.903583
0.733862
0.336576
1.13588
-0.671952
-1.07627
-0.397406
-0.228736
0.778966
1.21232
0.296025
0.804504
-1.32915
1.15372
-1.20954
-0.354645
-0.440438
-0.983347
-0.133784
0.0907582
1.02662
-0.0285284
-1.89365
-0.397746
-2.21861
-0.194097
0.312071
0.00575894
0.983947
-1.04942
0.601834
-2.76229
-1.29001
1.00915
-1.80983
1.21627
-0.169375
-0.72233
1.08088
-0.687923
0.746857
0.973494
0.356616
-0.303193
-0.489367
-1.57716
-0.932376
1.42395
-0.609177
-1.30298
1.10314
-0.447086
-0.300988
-0.362702
0.0691517
-1.21209
0.992253
-0.664928
0.437758
0.20697
1.04274
0.132724
0.667484
-2.08138
1.36107
0.218521
0.894199
0.31957
0.398057
1.15471
-0.106365
2.77524
-0.971407
-1.41374
-1.18589
-0.0337727
-0.708467
-0.556868
-0.438687
2.10294
-0.600606
0.881237
0.672326
-1.83235
-0.817456
-0.616081
-1.00486
0.539599
0.964291
0.167396
1.07499
-0.299995
0.487343
-0.0108688
1.27771
-1.02815
0.0319089
-1.03915
-0.664576
-0.503148
-2.11704
-1.9172
1.60023
-0.0860924
-1.68558
1.32782
-0.341061
0.0034126
-0.786631
1.48259
-0.340106
1.47198
0.66844
1.16685
-0.34896
1.43307
0.574579
0.163455
0.341673
-0.948778
1.77287
-1.41279
-0.712393
1.0011
0.375339
-0.780132
0.071681
0.6571
-0.660423
-0.084185
1.62538
0.664633
1.18622
1.41618
0.706278
1.26868
0.514036
-0.228083
0.554184
2.11474
0.64503
-0.726112
-0.691945
-0.471763
-0.570782
-0.715827
0.917341
-1.28878
-0.892199
-0.11475
-2.26387
-1.3927
-1.30968
-0.38885
0.627489
-0.977713
0.575725
2.04341
0.229835
-0.0141265
0.234341
-0.732053
-2.00275
-0.336238
0.254939
-0.291785
0.393323
0.284812
0.462627
0.900917
-0.326298
-1.09496
1.15188
-0.289437
-0.66184
0.527844
0.872384
-1.12448
0.380478
0.410339
0.13678
1.78097
1.49047
-0.297001
-1.05729
0.621353
-0.181253
-1.16221
0.594685
-0.333332
1.9236
-2.16195
-0.448802
0.581083
-1.01867
-0.659451
0.669655
-0.00357288
1.14529
-0.673977
-1.42596
-1.40902
-0.510227
-1.29114
0.340325
1.26504
0.446262
-0.350917
-2.14209
0.41707
0.495422
1.64288
0.60529
0.860056
-1.21954
-0.675517
-0.48849
-0.699808
-0.0364054
0.902947
1.35808
0.729156
0.416493
-0.776348
-1.00194
-0.976452
0.553144
-0.509874
-0.557148
-0.317279
-0.779494
-0.824329
-0.64898
0.256177
-1.19599
1.8097
0.130905
1.5291
0.672778
1.23027
0.910112
0.344877
-0.582688
-0.757213
-0.191686
-0.00439334
-0.170141
0.187735
-1.33835
0.0126052
0.0269045
0.930242
0.164868
-0.21763
1.2693
-0.171538
-1.46155
0.183951
-1.14844
0.301462
0.126389
-0.681541
1.85617
-1.12772
0.0913548
-0.150836
-0.631484
0.491481
-1.25774
-0.775733
-0.333016
0.23063
0.421331
-0.719743
1.25853
-0.0109529
-0.944469
-0.143895
-1.08831
0.976487
1.39921
0.909837
0.592939
0.794628
0.133722
0.641896
1.53557
0.683118
0.691013
0.305067
0.902361
-0.0464198
-0.207696
-1.24275
-1.35105
-0.224865
-0.678075
-0.782307
0.657652
-0.61284
-0.12503
1.32454
-0.0782711
-0.078097
0.544742
-1.28569
-0.146049
0.958007
-0.709887
-0.00179458
-0.480553
-1.40861
0.214028
-0.518017
-0.378378
-1.92155
-0.199265
-0.95936
-0.4944
1.0842
-1.48179
0.0988858
0.334618
0.368784
-0.14485
1.09589
0.417757
-0.967756
1.30784
-0.34135
0.234294
-0.18939
-0.302206
0.655858
-0.693795
0.214726
-0.341271
-0.361397
-0.818248
-0.651325
0.464227
-0.165322
-0.49777
1.20074
-1.86282
-0.13427
-0.326777
-0.519627
-0.836748
-0.980924
-0.267724
0.19605
-0.00711644
-0.517653
-0.348526
0.47717
-1.38103
0.931458
-0.54747
-0.621599
-1.03163
-0.391108
1.26788
0.914908
-1.06608
-0.508129
1.6549
-0.438731
0.14765
0.1838
-1.66007
-0.205463
1.42847
1.41017
-0.30582
-0.36561
-2.30728
0.0943605
-1.16631
-0.331617
0.389937
-0.93602
0.246232
-1.37304
0.659451
0.137865
-1.11112
1.88906
-0.372751
0.322825
-0.996772
0.23769
0.062925
0.581518
0.476474
0.427772
-0.934176
-0.981549
-2.86738
-0.544351
0.774612
-0.124109
1.27618
0.0337649
0.485902
-0.770225
-0.711761
2.07038
1.89615
-0.333925
-0.218051
-0.767592
-0.550834
-0.888206
2.01179
0.551559
2.35534
0.781859
2.04748
-0.0500171
0.17219
0.234678
-1.17476
0.625129
-0.353002
0.350321
-0.453682
-0.607557
-1.00843
0.985382
-0.185566
0.190317
-0.36967
1.1448
-1.4138
-0.782723
0.389019
0.888958
0.665807
0.200346
1.22412
0.98572
1.78762
-1.57055
0.903104
-0.800703
-0.503841
-0.221863
1.66066
1.04301
-0.0557812
-1.24097
-0.497312
2.40143
-0.0553132
0.606512
1.32517
-0.762324
0.61459
1.46967
0.350928
0.0508608
-0.318828
1.00255
-1.5621
0.564403
-1.05087
-0.399203
0.858153
-0.446721
-0.24459
-0.036056
-1.95717
-1.35213
-1.27416
-0.23174
-1.42668
-1.88499
0.97294
0.211826
-0.247711
-0.862664
-0.494764
1.28267
-1.37676
-1.37689
-1.12998
0.496745
-0.0992748
0.775955
-0.560246
-0.0593263
1.37178
-0.818158
0.25737
-0.0186284
0.396626
-0.0226633
-1.20553
1.6538
-0.388328
-0.000533044
0.444877
-1.03568
-1.17927
1.16695
1.2571
-0.0632391
-0.193666
0.569689
1.339
-0.368909
-0.115043
0.168492
0.5698
0.177169
-1.92934
0.0773106
0.114536
0.765621
-0.421976
0.367256
0.823198
0.212174
-0.636551
0.277967
0.193012
-0.219028
-0.504445
-0.095203
-0.450557
-0.206238
1.30519
1.47499
1.66613
-0.854311
-0.256781
-0.364523
0.26716
0.269053
0.933967
-0.799461
1.91131
-1.33732
-0.296496
0.851762
0.284283
2.01808
-0.0539425
-0.112821
0.993595
-1.07126
-1.17378
0.104362
1.03486
-0.286614
-1.43642
-0.496737
-1.09888
0.141716
-0.349536
-2.24675
-0.784773
-1.22928
0.64359
0.963746
-1.18491
0.0876207
0.239386
0.0850386
-0.953154
0.0905784
0.0122413
-0.466255
-0.794054
1.05985
0.525643
-0.260146
0.187546
1.26795
-0.640812
-1.70966
0.308916
0.574118
-1.24574
0.856752
0.519044
2.33575
-1.96569
0.594483
0.235256
1.36629
-2.01204
-0.187904
-2.1313
-0.772559
1.8436
0.876347
0.745275
0.00606191
0.408358
0.223624
0.921447
0.0677143
-0.877522
0.306572
0.453206
0.769307
0.495072
1.58977
1.15862
0.543231
-0.861424
-1.26792
-0.972554
1.52097
-0.374286
-1.74088
0.750898
0.556843
-0.538933
-0.479686
0.366743
-0.29969
-1.4198
0.726135
-0.101076
-0.0813339
0.487506
1.49502
-0.236457
-0.488387
-0.12948
0.485576
-0.204759
1.07108
-0.298072
-0.831743
-0.517096
0.168318
-0.845059
0.818662
0.00862622
0.633883
1.02242
1.42772
-1.14626
2.06066
0.211383
1.40529
1.54177
-1.60556
-0.0676588
0.383291
1.45451
-0.46112
0.0446675
-0.650075
2.52344
-0.285737
0.136566
-0.523526
-0.57137
1.23558
-0.772808
0.922148
-0.753621
-0.121222
-0.134209
-1.7299
-0.0204184
-0.220033
0.468419
0.0555833
-1.12916
-1.10658
0.774235
-0.702702
-0.377436
-1.60919
-0.0416935
0.2072
-0.353826
0.529019
1.31719
1.03934
-0.545541
0.342403
-0.496113
-1.57951
1.9266
-0.650158
-1.03272
0.151228
0.640149
-1.03438
-0.0628583
-0.511121
0.867262
-0.0233774
1.11116
-0.692784
-0.470836
0.0215093
1.35465
1.51133
1.6481
0.0660927
-0.652711
-0.139444
-0.507957
-0.635005
-1.17477
-1.20683
2.65378
-0.444973
0.369475
-0.460481
-0.428831
1.07807
0.14895
0.597406
-0.880346
-1.67833
-0.868487
0.195913
0.638821
0.371422
-0.637205
-0.39429
-0.379764
0.901342
-0.945089
-1.91781
0.0451753
1.39336
0.802127
1.18803
0.33939
-0.482086
-0.135037
0.516393
-0.488506
0.629453
-0.595532
-0.153834
-0.589449
-2.52038
-1.98855
0.81893
-0.540537
0.163412
1.36239
2.41984
0.233457
-0.225853
2.59508
-0.190699
1.51811
0.188123
-1.30018
-1.08853
-0.136873
2.20142
1.14527
-0.3657
1.32921
-0.641404
0.603482
-0.855857
-0.185682
0.917794
-2.63686
0.68743
-0.92518
-0.164433
1.72601
-0.434233
-0.809263
1.66624
0.133151
-1.25766
0.624146
-0.865141
0.7353
1.44186
-1.26993
-0.789762
1.08721
-1.14187
0.25262
1.2933
0.813207
-0.0870191
-0.15273
-0.0410334
0.375113
1.70509
-0.115892
0.362813
0.998682
0.10644
-1.25846
0.692893
2.01303
0.0735494
-0.443844
0.812498
0.353069
-1.01732
0.349528
-1.27203
0.38657
-0.321358
0.841037
1.20641
-0.456561
-1.04924
-0.484311
0.745811
-0.399471
-0.691042
-0.811507
0.49536
-0.443389
-1.01341
-0.0910928
0.222326
-0.0828762
0.305527
-0.125501
1.24204
0.298469
-1.649
-0.558783
1.8407
-1.36585
0.997896
0.326904
0.115314
0.590194
0.196051
-0.992133
-0.412645
-0.845012
-0.442303
0.791714
1.03858
1.91925
-0.345898
-1.0966
-0.29815
0.518294
2.41803
-0.305582
1.19261
0.430061
0.106452
-1.50842
-2.3459
-2.89943
-0.0653957
-0.49302
0.891242
-0.265798
0.0451793
0.372647
-1.37995
-0.820916
-1.93953
0.134086
0.439155
-1.61062
-1.74466
0.85832
0.217919
1.28875
0.151978
0.688938
0.858643
-0.329187
-0.796076
-0.0189439
0.850594
1.18182
1.45067
-0.167627
1.48012
-0.141982
1.43231
-2.30123
1.48992
0.0517017
-0.367069
2.56938
-0.0746793
-0.49051
-0.756305
2.3002
0.974403
-0.564328
-2.28883
0.139685
-1.59996
0.563275
1.58394
1.70532
1.29152
-0.635272
0.225881
0.759409
-1.65144
-0.482464
0.205881
0.197769
-0.145025
0.821407
-0.687438
-0.332175
-0.385315
0.0369109
-0.612842
0.118194
0.375193
-1.16998
-1.43036
-2.3645
-1.70984
-0.685372
1.17313
-0.0720569
1.82043
0.640815
-0.413051
0.713452
-0.254337
-0.494453
-0.0152131
0.326449
0.541075
-1.17859
-0.850131
0.80902
-0.606206
1.07778
0.341859
-1.59527
-0.874732
0.471423
-0.360215
-0.307642
0.225145
-0.531135
-0.245563
-0.477593
-0.00531369
-0.532153
0.414011
0.903103
-0.0709814
1.62085
0.116047
-0.288615
-0.239181
0.0188627
-1.54786
0.817589
-0.999782
0.48041
-1.25462
0.120623
2.08136
-0.0979368
0.0233316
0.17066
-0.874838
-0.296676
0.983447
1.75585
-2.19754
0.401871
-1.88328
1.66378
-0.700859
1.08708
0.267755
-0.713026
0.342678
0.379312
1.02727
-0.0878153
-1.29278
-0.414918
0.0798361
-0.951486
0.500594
-0.55275
1.81498
-0.454193
1.5604
1.02232
0.0883552
-0.568591
0.551335
1.0303
-1.43337
-0.690166
1.2179
0.306847
1.86874
1.28086
-0.748041
0.0930043
1.10599
-0.304284
0.736005
1.39129
1.03777
-0.0323471
0.0172565
-0.521172
-0.289579
2.03833
-0.583457
-1.61228
-0.435078
1.73663
-0.6465
0.121976
-0.263502
-0.700536
-0.893061
-0.0178199
0.881909
1.03648
-0.33828
0.379893
0.351197
-0.464095
-1.19262
0.458059
-2.94459
0.867632
-0.234269
-1.03609
0.871557
0.79153
-0.712182
-0.568731
0.174351
-1.2069
0.339376
0.955527
0.308503
-0.60428
-0.427791
0.977121
-1.41383
-2.06112
-1.58374
-0.0835202
-1.08063
0.850896
0.777638
-0.105365
-2.28221
1.33807
-0.836856
1.48813
0.421166
-1.00955
1.31449
-0.501595
-0.494368
0.821328
-0.621587
0.550213
-0.456244
0.804818
1.30349
-0.449623
-2.34411
-0.499998
0.0179695
0.838818
0.0904505
-1.08429
1.13074
0.429766
-0.34719
0.126707
-0.891034
-0.458317
-0.393475
-0.147248
-0.22116
1.4662
-0.972186
0.227483
-0.671479
-1.16329
0.125408
-0.600321
0.962405
0.334105
-0.837721
-1.56591
-1.3106
0.0677406
1.0836
-1.17378
-0.829985
-0.865701
-0.420636
0.550726
-0.436773
0.512796
0.44419
-0.125118
-0.601989
-0.529522
-0.572208
0.572774
-1.13928
2.32983
0.549771
0.269645
-0.121985
-1.08704
1.40407
-1.58493
0.203453
-1.44942
-0.923589
0.582941
1.23868
0.349471
-0.391824
-0.157803
0.578835
-1.67471
0.575
-2.01455
0.505799
1.82238
3.42672
-2.66931
0.362943
0.946113
-0.553694
1.94532
0.737271
0.0687285
0.981282
0.221449
-0.976593
-1.40624
1.60522
0.797734
0.155438
-0.0963171
-0.52832
-0.364827
0.454368
-1.39415
-0.145068
-3.32343
-0.409
-1.16555
-0.327915
1.66369
-1.11282
-1.31049
-0.352996
0.0542141
-1.36266
-0.193592
-0.388378
-0.136065
1.90958
-0.158621
1.14529
-0.32397
-0.15935
0.895648
1.44503
-1.21851
0.694707
0.73339
0.0256832
-0.420917
0.887999
-0.133331
-0.486923
0.0864698
0.139675
-0.00465947
-0.452432
0.251236
-0.34535
0.671785
-0.0441121
-1.50999
0.648433
0.195945
-0.557174
1.147
-0.0676082
-0.851279
0.0977309
1.69954
-0.515651
0.120793
-0.00984192
0.20771
-0.100363
1.6322
0.846114
1.73232
-0.881506
1.41767
0.54746
0.193509
-1.1601
-0.681539
-1.13302
0.650025
-0.883508
0.435969
1.49565
0.120349
-0.207471
1.64214
-0.496674
0.572982
-1.13552
1.05603
1.02158
-1.95271
-1.7472
1.11745
-0.750628
-0.75209
0.807074
-0.650741
-1.42987
0.195722
-1.74697
1.05958
0.933206
0.0170941
-0.368548
1.98386
0.547333
-0.702017
-1.5741
0.323756
0.158728
-0.218545
0.87545
-1.24099
-0.57936
-0.591676
-0.393071
-0.0364518
-0.720231
-0.327468
0.16041
0.908208
-1.2451
0.172715
0.42533
1.92334
0.895648
-1.75778
0.228501
-0.20916
-0.158439
1.12045
0.0397307
-0.345635
0.767737
-1.72519
-0.571229
-0.920478
0.211394
0.848775
0.742875
-0.120443
-0.426493
-0.0770245
0.594228
0.487132
-0.384328
-2.27087
-0.534454
1.50951
1.53394
0.157591
-0.785467
1.05994
0.0345425
0.710127
-0.697982
-0.378515
-0.32733
0.09916
-1.56068
0.680255
0.612782
-0.0295565
-0.28906
-0.340304
-0.58287
0.540418
-0.311068
-0.519465
-2.2727
0.0107746
0.883468
0.321644
-2.35035
0.533113
1.30292
0.636687
1.48754
-0.40685
0.142104
0.127011
-0.65551
1.79549
1.1206
0.140562
-2.20424
0.902326
0.192778
2.70568
0.199677
-0.057721
0.569284
0.0985896
-2.21903
-1.38197
0.160484
-0.531973
0.29222
-0.34822
0.0582012
-0.337785
-0.657131
0.308315
2.0662
-0.0896672
0.107997
-0.443182
-0.252176
-0.511254
0.590441
-0.5762
-2.02838
0.321846
-0.619059
-0.3197
0.540678
0.895187
-1.4138
-0.994092
-0.587412
0.500691
-0.736743
0.844863
-0.302635
1.62832
0.91206
1.03646
1.46984
0.592611
1.12919
0.497805
-0.716853
-0.0722638
0.23417
0.620035
1.19323
-2.49001
0.321515
0.717664
0.615947
1.27969
0.537021
0.4682
1.37186
-1.24272
0.23007
0.775167
0.694595
0.15604
-1.41088
-0.888698
-0.95276
-0.682065
0.300071
1.91954
0.0654011
-0.580729
1.39166
-0.8996
0.381801
0.413089
0.243071
0.115908
2.71312
-0.15128
-1.0404
-0.620185
0.969534
-1.10966
0.983107
0.810552
-2.46369
-0.268396
1.09957
1.36343
-0.459203
-0.855007
-0.299028
-0.347544
0.547481
1.0937
0.989936
0.043835
0.232901
1.25871
-0.292538
-1.46512
-0.118411
-0.0831854
1.41897
-1.84514
-1.09256
-1.70894
-0.934763
-1.55617
-2.74093
-1.03672
-1.61821
0.415747
-0.345538
-0.932545
1.93392
-0.420092
0.0489302
0.344853
-0.607468
-0.561882
1.11578
-0.627795
0.103069
0.598694
-0.164635
2.87886
-0.26028
-0.113699
1.23729
1.53286
0.481602
-1.19983
0.630549
-0.687771
1.48335
0.425771
-0.73164
0.631008
0.500511
0.428443
-0.222958
-0.51085
-0.791668
-0.242006
-0.627024
0.283909
-0.772168
0.88246
1.05543
-0.768657
-0.0494677
-0.663348
-1.74499
-0.459165
-0.516708
-0.026214
0.135614
0.40964
-0.866154
-0.58463
0.639312
-0.331671
-0.487433
0.102587
-2.49107
-0.320955
2.06713
0.153674
-0.0323439
0.73578
1.29373
-0.231891
-1.09438
2.1286
-0.779891
0.78103
1.8656
-0.756655
-1.63871
1.50106
-0.930694
0.964967
-0.217676
-0.715707
-0.961464
-0.729154
0.735487
-0.816379
-0.70584
-0.90364
0.228314
-0.452632
0.0935024
0.335223
-1.12727
0.583493
-0.34389
-0.0652186
-2.5039
1.20926
0.537386
1.18788
0.173637
0.393313
-0.464459
0.0464336
0.131551
-0.175318
0.625279
-0.787902
1.83388
0.0862709
-0.897311
0.181533
-1.67029
-1.45425
-1.19974
-1.36692
-1.63212
-0.0327424
-0.4317
1.17668
-0.340386
-0.755343
-0.383191
-0.848817
-2.17492
0.445071
-0.606638
-0.779598
1.3223
0.312414
0.510478
-0.530873
-1.29392
0.0815983
1.77585
-0.547299
-0.224011
-0.103272
0.630011
0.981758
1.97365
-1.11611
0.695183
1.19411
-1.15229
0.428863
-1.34792
-1.33773
1.44855
0.0512429
0.504116
-0.312079
0.259506
1.53016
-0.152731
1.43226
-0.426657
0.111434
-1.75634
1.65564
0.395976
-0.549776
0.245191
1.08844
-0.67843
-0.379563
1.67929
-1.48475
-1.53375
0.602143
1.32406
0.24116
-1.11945
-0.918929
-1.39985
-1.76344
0.148875
-0.092896
-0.767168
-1.54074
-0.751686
-0.181024
-0.28036
0.526063
0.20403
-0.195124
0.617436
1.36927
2.12611
-0.38795
-0.873892
-0.487174
0.345326
-0.509781
-2.00229
0.420591
-1.42992
-0.0375913
-1.16129
0.723092
-0.235971
-1.23154
-0.914868
0.106638
-1.01959
-0.981174
-0.457739
-2.12496
2.79369
0.308624
-0.685998
0.480579
0.707139
-0.787342
-1.08462
-0.285955
-0.0613157
-0.105086
1.09358
-0.0871527
-0.363677
-0.170915
0.27278
0.793874
-1.87387
0.942622
1.30515
-0.511399
-0.770428
-1.19231
-1.7456
0.201549
-1.90179
-0.385461
-0.334937
0.369253
-1.3318
0.464355
0.821886
-2.13403
-0.870403
1.08734
-2.00132
-0.832649
2.8115
0.489165
0.3523
0.809632
-1.29727
0.361509
0.29208
-1.51131
-0.109663
-0.184379
0.278266
-1.02014
-0.129123
-1.38453
-1.09015
-0.0354413
-0.393879
-0.427511
-1.0458
0.694382
0.85012
-0.211138
0.579406
-0.737813
1.30441
0.0413942
-2.60034
0.863751
0.58547
-0.579645
-0.799014
-2.17193
1.72132
0.627523
1.70013
-0.524097
-1.28436
0.639112
0.0888928
1.8669
-2.36366
0.0284461
0.617468
-2.671
-2.13648
-1.29291
-0.58311
1.03386
0.835153
0.342792
1.28471
-0.514957
-0.128025
0.431673
0.675011
-1.11128
0.038247
-0.867859
1.49347
-0.131301
0.823448
-2.06724
-1.07939
0.123485
-0.425226
-0.636731
0.729823
0.941608
0.315553
-0.633078
0.880298
-1.14237
-0.803124
0.185737
-0.56434
0.880715
1.22193
-3.29956
0.348417
1.13983
-1.50437
0.995127
0.020014
0.851254
-1.00285
0.951096
-1.65965
0.311436
-1.00602
-2.19782
-0.342177
0.0650141
-0.946469
-0.245533
0.549092
-0.41076
0.137806
-1.03327
-0.14095
-0.737409
-0.51813
-0.655994
0.667127
0.281273
-0.447328
1.2064
1.03583
-0.718819
-1.78203
-0.144489
0.694776
-0.452429
1.50154
-0.546342
-0.31591
-0.780625
-0.467042
0.175688
-1.28033
2.91667
-0.248789
-1.1149
-0.0447733
-0.926265
0.0571886
0.898954
0.473072
-1.61616
-0.317921
-1.12529
0.340502
-1.0408
0.409922
1.93539
-1.24643
0.0525472
0.583033
1.15859
0.11462
1.44496
0.0393248
0.279357
1.17087
1.19347
1.0191
1.46892
0.0705821
-0.620516
1.89832
-0.0461345
0.6833
-0.00778437
2.02578
-0.0604367
0.951231
-0.759738
0.531713
0.431683
-0.220804
0.357811
0.980497
-0.329145
0.167137
-0.584201
-0.153224
0.57711
-0.64608
-0.695803
1.07248
1.60914
0.481671
-1.63301
0.0439329
1.27259
0.123429
1.52787
-0.624886
1.43495
0.334334
0.153413
0.464986
-1.06923
0.961507
-0.690295
-0.495455
1.06583
-0.476239
0.872627
-2.28931
0.27774
0.560245
-1.84975
-0.899588
-1.12842
-0.228461
0.326327
0.929385
0.172587
-1.83805
-0.765565
-0.751465
-0.843433
1.62503
0.603629
1.42914
0.46652
-1.96706
1.86393
0.159538
-0.0560408
-0.56912
0.84976
-0.0541709
-1.13138
0.10965
0.578029
0.913705
0.249289
2.262
-1.84774
1.27919
0.609827
0.776478
-0.0111048
-1.07492
1.6754
-0.640664
-0.357487
0.72203
1.27604
1.01912
2.07326
0.161157
1.10802
-1.57554
-1.38714
0.581205
-0.186767
-0.934709
0.34862
0.427147
0.453242
-1.93833
0.839249
1.2966
-1.06901
-0.171596
1.86805
-0.359026
-1.04567
-0.468971
0.603504
-0.666838
-0.00874341
0.188739
-1.0619
-0.597335
0.304995
1.32088
2.27699
-0.278666
0.919197
-1.53682
0.143632
1.25612
-1.23115
0.223771
1.00781
-1.09066
2.07607
0.230542
-0.0739998
0.361778
-2.17905
0.227151
-0.518193
1.61187
-0.173491
-1.01766
-0.39321
1.77199
-0.2721
0.394077
-0.0130754
1.0705
0.410468
0.408117
0.729646
2.35023
-0.371122
0.516533
-0.300593
-0.269079
-0.152902
-0.131271
0.0996695
-0.328491
1.26446
0.426434
-0.0889935
0.805811
-0.174016
-1.67852
-0.323973
1.23983
-1.50046
-0.556263
-0.452264
-1.57846
-1.48381
1.58997
-0.674777
-0.00772166
1.09292
-0.515026
0.123492
-0.477611
0.771379
-0.710771
-1.59768
-0.397632
-0.69183
-0.241135
0.999574
0.308376
1.54952
-0.783401
0.271358
1.08795
-1.21897
-0.434647
-0.960751
0.257388
-0.321176
-1.88924
-0.371749
0.00110757
-0.943577
-1.90541
0.964049
1.91047
0.0575265
1.62708
-1.26219
-0.623212
-0.386333
-1.72408
-0.188934
0.0955148
1.07094
0.049957
0.152387
0.551409
1.1598
0.0133359
-1.35529
0.119088
0.591435
1.93358
-0.430368
-0.812338
1.37389
-1.06817
-0.93481
2.20414
-0.169423
-0.632142
0.729603
-1.10326
0.557042
0.0380502
-0.720181
-0.217695
0.595566
1.49916
-0.584578
-1.66019
-0.465402
-0.755368
0.973404
1.02875
0.449958
1.74524
0.18223
-0.2945
-0.380386
2.04574
-0.0516369
0.255401
-0.906408
0.632847
-0.396074
-0.609511
-1.03864
0.789645
0.675222
-0.0262939
0.478331
0.462105
0.707381
1.35089
-0.12291
-0.395858
-1.23906
1.18734
-0.696118
-0.0407388
0.730766
1.4972
1.23021
-1.93547
1.01788
-0.31869
-1.24338
0.577167
-1.11702
-1.08526
-0.0291114
-0.391733
1.00171
0.300223
0.96648
0.0754982
1.06215
0.507654
0.376693
0.229623
0.261275
-1.24638
0.915424
1.13591
-2.15293
-0.990568
0.26072
1.65819
0.968372
-0.864744
-0.667312
0.3837
1.45134
1.61629
1.16998
-0.903041
-0.239812
-0.81098
-0.68957
0.49011
1.20375
-0.411267
-0.535337
-0.252394
-0.18757
0.353315
-1.68792
0.694916
-0.338601
1.9403
-1.12688
0.864685
1.36298
0.205783
0.314663
-0.304736
0.053086
-1.07734
-1.85721
0.485495
-0.314556
0.299183
1.19266
-0.10121
-0.343158
-0.166082
-0.944127
-0.111181
0.95742
-0.731608
1.07044
0.600159
-1.52788
-0.611406
-0.994251
-1.06776
-0.471162
1.27709
0.0290072
0.353914
0.367268
-0.630946
0.301052
-0.934973
-0.174071
0.892008
0.0387763
-1.60163
1.356
-0.654322
0.489202
-1.07162
-1.08537
1.41597
0.695544
1.13721
1.18271
1.96411
0.328868
-0.630429
-1.08728
0.300582
0.32972
-0.723606
1.13875
-0.571219
1.2117
1.38166
0.589296
-0.591128
0.198167
2.00669
0.756209
-0.946065
0.404694
-1.07052
0.586698
-1.00125
-0.964854
-0.781256
-0.116315
-2.61997
-0.284561
1.67762
0.159371
0.519418
-0.767483
-0.230391
-0.280099
-0.101899
-0.736525
-0.500177
1.62934
-0.563806
-1.76422
-0.152877
-0.0054304
-1.31933
0.43557
-1.15546
0.85679
-0.932673
-2.34807
-0.538472
0.0331071
-0.0594396
0.833765
1.00193
-0.146196
0.120251
0.833962
-1.07593
0.863451
1.35965
0.463324
-1.17702
-2.15422
-0.37316
0.0831941
1.25474
1.35042
-1.2138
0.350884
-0.304062
-0.375865
-0.965685
0.338143
-0.614838
2.11832
0.38337
-0.866517
-0.799356
-0.53966
0.00371224
1.26615
-0.396651
0.438755
-0.217721
0.133235
0.784239
-0.900412
-1.02338
-0.0492362
0.29692
0.181042
0.694013
-0.189985
0.8602
-1.32402
0.586102
0.20901
-0.990345
0.469126
-0.0729643
-0.00909382
-0.38678
-0.411475
-0.572947
0.177279
-0.843834
0.444088
-0.346935
-0.149458
0.222077
0.880398
0.284475
-2.53158
1.25844
0.377782
-0.926288
-0.591031
-0.962988
0.171877
0.20487
-0.0172539
-0.839587
0.0147991
-1.44022
-0.784084
0.181795
-0.130542
0.516251
-0.250127
-0.474193
-0.232522
-0.959631
0.110701
1.13577
0.00137562
-0.365285
0.95933
0.0490232
-0.370525
-0.18703
0.188592
1.09621
-0.684063
0.0482649
1.36956
-0.910322
0.554883
-0.0563861
1.98117
-0.123078
1.17672
-1.92146
0.0518897
-0.322335
1.44819
-0.640047
-0.627413
0.842753
0.109676
0.472642
0.278073
0.510747
-0.260207
-0.565209
1.21093
1.28512
1.61635
0.268121
0.998454
-0.785048
0.459108
-2.0618
2.13548
0.371464
1.52834
0.164284
0.964357
-0.63263
0.147406
1.63104
0.704623
-1.107
-0.473738
0.372341
-1.30249
0.950483
0.716634
-0.798035
0.472849
-1.18221
-0.181934
1.30239
1.36247
1.43114
1.57887
-2.33378
-1.21802
-0.800548
1.49656
0.125042
-0.644776
0.575276
-0.598038
-0.239498
0.111135
0.29466
-0.833976
-0.757092
0.615886
0.792275
0.818767
-0.608391
-1.48294
-0.33033
-1.85599
-0.926485
-0.0203072
-1.01295
-0.778428
2.45156
-0.0557702
0.495702
-1.20951
0.0860499
1.0942
0.568999
-0.664663
-0.178589
0.307571
-0.0898886
0.547282
0.494256
0.99783
0.661046
-1.4209
0.905332
-0.446591
-1.54512
-0.52383
-1.0367
-0.202635
-1.32919
-0.575675
-0.662176
0.446229
1.44883
0.207467
0.865999
0.406887
0.164649
-0.287036
-0.586758
2.36188
2.27772
-0.643158
0.303183
0.285516
1.57926
-1.13519
-0.472053
0.141261
1.50593
-1.28338
-0.421038
0.92855
-0.478675
0.218038
-0.77991
-0.385482
-0.0474346
-1.24858
0.114649
-1.19659
1.42412
-0.418757
-1.88791
0.64509
-1.85674
0.608444
-0.0845925
-0.863628
1.43952
-0.492244
-0.153464
-0.779975
0.371081
-1.99486
1.49776
0.174976
1.13535
-1.06825
-1.85959
-0.628231
-0.17414
1.6071
0.526112
0.688211
0.666687
-1.44838
0.736911
1.43934
1.49156
-2.36658
-0.272694
0.765326
0.559882
-0.0847635
0.451081
1.78787
0.884826
-1.63544
-0.812891
0.995739
0.940172
1.1313
1.01298
-0.455989
0.913963
-0.273096
0.142538
1.80752
-0.878014
-0.339133
-1.00306
-0.00440109
1.47412
0.610726
-0.467142
0.438523
1.29156
-1.77722
1.49834
1.53418
-0.275788
-1.18663
0.900888
-0.872737
-1.60176
-0.483377
-0.419792
0.685177
-0.323732
-0.338922
0.43998
-0.814563
1.17649
1.26986
1.07532
1.13118
0.896066
0.499209
-0.298846
0.213747
-0.580342
0.0299939
0.485399
0.14792
-1.75279
-0.584669
-0.796318
-0.29532
0.397366
-0.669333
-0.394023
-0.630763
0.315026
1.12023
0.736206
0.641712
-0.976118
1.33484
-1.58853
-0.0655082
-0.58367
-0.291463
-1.82036
1.20686
-0.0761718
-2.02799
0.188334
-0.730702
-0.226367
-0.587219
-1.74422
-1.33443
-0.576752
-0.542581
0.487262
-0.692086
0.460511
1.34137
1.44381
-0.745807
0.241733
-1.18732
0.0767738
-0.718895
0.292036
-0.0642493
0.413033
-0.0759957
1.64366
0.963359
0.109584
-0.638204
1.41018
2.35463
-0.124602
-1.50502
-0.801356
0.297159
0.143568
-0.102405
1.07041
-0.652087
0.221303
-0.142123
-0.544377
-0.0308668
0.79653
0.00627059
-1.03803
-1.75214
-1.83434
2.07949
1.52765
3.39751
-0.955743
-0.0723329
-0.768876
0.986351
-0.289441
1.33367
-0.310863
1.33474
2.15843
-0.770734
1.52198
1.82772
-0.264491
-0.636046
-0.763283
0.984379
1.0544
-0.908879
1.24225
-0.0102051
0.434497
-0.13671
1.41776
0.971708
2.04266
0.366134
0.00682241
-1.05035
0.936452
0.110125
-1.35934
-0.533819
0.0524709
-0.476418
1.03488
-1.38274
-1.37325
-1.19745
-1.93326
-0.082761
-1.27956
-1.41028
-0.673427
0.399482
-0.16956
-0.218393
-0.179081
0.625484
-1.13606
-0.471654
-0.976214
0.359158
-0.761646
0.551174
1.1683
-1.3783
-0.609946
0.870012
0.537226
-0.850537
-0.847596
1.34345
0.949946
1.00962
-0.942304
-0.256076
2.36825
-1.0529
-0.990061
-0.136195
0.516949
0.991216
0.318567
1.39846
1.27949
-1.3398
0.3284
-0.639744
1.06993
0.941767
0.329541
-1.32039
-1.39007
1.02751
1.88491
-2.15581
0.529957
0.742564
-0.425182
-0.414728
-1.80824
1.40966
-1.04572
-0.783084
0.116804
0.243755
-1.3471
0.339395
-1.81431
-1.72469
0.214468
0.583367
1.112
0.206811
1.49501
-0.0947759
-0.00671047
1.39558
1.68264
0.836055
-1.07105
-0.10813
-0.745033
-1.02506
-0.207314
-0.959019
0.305292
2.34356
-0.146304
0.770868
0.483757
0.185328
0.773529
0.935522
-1.07212
-0.669824
-1.67662
-0.647897
-0.253545
-0.0963873
-0.561973
-0.00697535
1.62429
1.10262
-2.31919
-0.214181
0.642615
0.0527234
-0.196718
0.50128
-0.278176
-0.39927
0.267666
-1.76664
-1.24172
0.314848
0.101816
-0.865681
0.340426
0.692237
-1.43989
-0.513265
0.407049
-1.38442
-1.18693
1.85465
0.268198
0.235318
1.88516
-0.706611
-1.05088
0.982802
0.800781
-1.1653
0.815344
0.150608
0.141168
0.391605
0.334305
-1.20469
-0.533236
0.575476
1.60921
0.283531
-1.21843
-0.986531
1.21004
-0.0785866
-0.884598
-0.174631
1.30534
-0.21409
-0.361219
-0.186285
0.900448
0.798359
-0.22503
-0.778494
0.767377
1.95679
-1.55319
-1.44254
-0.40773
-0.765944
-1.2016
1.45062
0.621596
-1.61835
-0.293082
-0.668741
1.0627
1.00928
-0.604751
0.7304
0.758829
-2.22258
-0.315316
0.48865
-0.215419
0.665494
-0.0423816
-0.290227
-0.0728155
0.607714
0.854338
0.109403
1.76076
0.726161
-1.48972
-1.36929
-0.377886
0.111851
-1.67802
0.865703
0.496349
-0.854409
1.26714
-1.01875
-1.38729
1.36837
0.438423
-0.00579667
1.2344
-0.372382
0.404855
1.04482
0.51113
0.0322125
2.14826
-0.801588
-0.410515
0.779923
-2.02922
1.53242
-0.825751
1.33244
-0.71738
-1.98907
-1.9283
-0.462386
-0.631504
0.734632
-0.649179
-1.99213
0.5185
0.00281841
-0.822362
-0.223679
-1.11113
1.11231
1.05301
0.218349
0.54354
-1.21542
-1.37753
0.382602
0.760345
-1.77418
0.233935
-0.869842
1.7517
0.784696
-1.89564
-0.706326
2.06867
0.382796
-0.165221
0.260667
0.0223432
1.30655
-0.34151
0.336941
-1.39063
-0.257553
-0.494325
-0.238736
-1.85342
-0.760365
-0.0746281
-0.565008
1.95894
0.774205
0.0500498
0.204517
-0.051657
-0.962863
1.51526
0.410982
1.63218
-0.931546
-0.176057
0.59699
-1.06449
1.50735
1.75098
-0.0292696
-0.150837
0.569497
-0.469844
1.06797
-0.495786
1.34719
0.751424
-2.00391
-0.519684
1.00523
-1.53175
-0.0190648
0.14651
0.434247
1.98041
-0.0427994
-0.130225
0.221302
0.915982
0.51085
-0.301223
-0.136827
0.738496
1.17419
-0.129316
0.0368777
2.55175
-1.06691
-0.214107
-1.2854
2.00634
-0.232241
-1.74251
0.44995
2.07057
-0.613521
-0.594012
0.389543
-0.977835
0.158882
1.02391
-1.17759
-0.580143
-0.266763
0.0970713
-0.831899
-0.71436
-2.00395
0.606542
-0.596374
0.717618
0.243841
-1.49267
0.231134
-0.354331
1.12181
-0.118957
0.318387
0.153716
-1.45872
-1.00997
-1.92538
1.25798
0.784406
0.866145
1.15052
-2.26454
-0.442424
0.552863
-0.061905
-1.36998
0.665857
-0.345543
-0.589055
0.218324
0.808091
1.34969
-0.247817
-0.518717
2.54646
0.910159
1.32563
1.71759
-0.909841
-0.351282
1.78324
0.695662
0.885563
1.89365
0.0822062
-0.794695
0.603132
0.593561
-0.818395
0.171551
-1.52428
1.02184
-1.01427
0.480436
1.93127
-2.47039
-0.0153601
-1.17584
0.419413
-0.190401
0.76005
-1.63036
-0.261576
0.436368
-0.692006
-0.0804832
-0.312372
1.67545
1.07087
1.91836
-0.0193073
0.535405
0.2829
-0.0686713
0.955739
0.733333
-0.428389
-0.568149
-0.565648
-0.305531
-1.31754
0.131627
0.870568
1.67236
-0.729988
-0.218853
-0.924364
0.67883
-0.760577
0.225814
-1.94039
-0.144877
0.631487
-1.61333
-1.49552
0.422302
1.70684
2.00718
-1.10301
0.18933
-0.627472
-0.187384
-1.60918
-1.378
-0.506659
0.793847
-0.473211
1.0255
-0.451703
-0.763224
-2.29888
-0.929021
-0.128061
1.36144
-0.251935
-1.16477
-1.9834
1.38775
1.75986
-1.96033
0.462378
0.228398
-0.0641894
0.778724
0.272988
0.303428
0.305804
-1.01854
-0.91025
0.360872
-0.97487
0.411109
2.0074
-0.0537611
0.0772201
1.16891
-0.663164
-0.0310426
-2.08301
-1.36195
0.969039
-0.572694
-2.60464
-1.44759
-0.51423
-0.222593
0.416336
-0.224658
0.330118
-0.907236
-0.865823
-0.85473
0.088051
0.910689
0.254349
0.821679
-0.923381
-1.66922
-0.21169
-1.28275
2.89974
0.81321
1.02335
-1.29454
1.67183
0.367175
-0.435574
-0.369613
1.10335
-0.270241
-1.60216
-0.168067
-0.0302936
0.574405
2.75841
-2.35506
0.19364
1.12671
-0.035369
0.537401
0.227081
0.293204
0.265583
0.298271
2.65482
-0.961081
0.102686
0.231308
1.23303
-0.886029
-0.137872
0.630612
-1.11477
-0.763701
-0.0741463
0.536022
-1.28722
0.352006
-0.159347
0.977282
0.552097
0.620829
0.266968
0.154048
0.524804
0.179005
-1.52473
0.171763
-1.28054
0.0330827
-0.932322
-0.757145
-1.01242
-0.0209118
-0.989648
-1.022
-0.455817
1.24951
0.465483
-0.633329
-0.41417
-0.689104
-0.0236763
0.74055
0.959015
0.374543
0.659499
1.69417
-1.41369
-0.10165
-0.48155
-1.0399
0.00623745
-0.0598287
0.395661
0.419181
-0.445696
0.950744
-0.423758
0.556801
1.28276
-0.947212
2.48505
0.363267
0.401442
-0.548918
-1.85178
-0.271943
0.643155
-0.758119
0.834646
0.955814
-0.444737
0.121449
0.844917
-1.23476
-0.175494
0.15056
0.0905027
1.41641
0.933508
-0.0208338
-0.139688
0.1959
-1.6295
-0.0334972
0.507204
2.22592
-0.586258
0.0200257
0.631426
0.924855
1.99501
0.782976
-2.01209
-0.664778
-0.677217
-0.382418
-0.147469
-0.667316
-1.20601
-0.789605
0.612534
1.87879
-1.03855
-0.0624611
0.560279
-0.0231264
-1.08631
-0.204594
2.00505
0.430779
-0.299785
0.415779
0.300698
-0.317824
-1.09612
-0.677153
0.307029
0.363473
0.275405
-1.15683
0.028824
1.4951
-0.274348
-0.572733
-1.61185
-1.60405
-0.325892
-0.269725
0.23507
-1.10821
1.81071
-0.821512
-0.782452
0.268366
-0.841695
-0.655479
-0.814717
0.144801
-0.224407
-0.612515
-1.6891
-2.49242
-2.68617
-1.74571
0.57099
1.0119
-0.296519
-0.636146
-0.370262
1.04616
-0.174401
0.112401
-1.76486
-1.17762
1.3
0.698765
1.03617
-1.15846
-1.15648
-0.988415
-0.109043
0.65136
-1.09389
0.701613
-2.26312
-0.754656
0.721945
0.861529
-0.511524
1.26632
-1.53507
0.210188
0.642201
-0.985761
0.768613
-0.644559
1.62943
-0.326875
1.2719
0.901907
0.193951
0.237759
0.355635
1.59041
0.296095
-1.35093
-0.37678
-0.0487
-0.400677
2.64787
-0.67292
1.31738
-0.1863
0.324781
0.242072
0.436232
-0.810722
1.14722
-0.357982
0.179001
-0.562626
-1.21586
0.696195
0.931825
0.768244
0.160348
-0.19832
-1.17807
2.37634
-0.632026
0.914041
-0.793465
-0.0244222
-1.61121
0.250872
0.285326
0.297434
0.66027
0.117431
-0.0989382
-0.326635
0.722976
1.00714
-0.342747
-0.403031
0.640912
0.328194
-0.111582
-0.521102
1.02747
-1.6473
0.0723644
0.706027
-0.534846
0.333904
-2.46035
-0.366094
1.20177
0.878303
-0.488541
-2.00802
0.483852
-0.190619
-0.556665
1.25488
-0.816938
-0.117727
0.57566
-1.68169
1.0537
0.859965
-0.838717
-0.876356
-0.423366
0.0891818
0.140646
-0.434259
-1.06245
1.35378
1.81257
0.865096
-0.692726
0.275562
0.73425
0.791389
-0.804277
0.200019
1.50372
0.0518977
-0.362769
-1.43794
-1.44231
0.51252
-0.417258
0.143038
-0.04582
-0.921694
1.06934
-1.87196
0.893435
0.684523
1.49781
-0.370519
0.618041
0.38978
0.310512
-0.497529
1.36193
-1.44994
-0.0452576
1.06833
-0.786044
-1.28659
0.350716
-0.190776
-0.906227
-1.15482
0.350486
0.367478
0.80896
0.987807
0.475618
0.403725
0.672367
0.735355
0.0215216
-0.806917
0.571
-0.424272
0.570139
-0.602182
1.03283
-0.205481
0.239412
-1.3203
-0.430716
-4.50092
-1.18697
-0.150255
-0.570085
0.280245
-0.643681
0.0462404
0.025272
-1.07883
-0.235238
-0.296379
-0.0658694
0.340151
-0.208725
1.28526
-0.247962
0.557462
-0.568996
-0.0160443
-0.897085
1.36952
-1.03515
0.794998
-0.34855
-0.860452
0.713947
-0.103973
1.16837
-0.608125
-0.858246
-1.84442
-0.99161
-0.995518
-0.85327
1.42233
0.954562
0.227867
-1.02973
-2.36639
-0.32215
-0.412008
0.794905
0.158837
-0.292768
-0.408658
1.13513
-0.791571
-2.1118
0.674919
1.32085
0.235923
-1.36854
0.0309086
-0.38999
1.57192
-2.22473
-0.686125
0.466814
1.09863
-1.76343
-1.31788
0.551608
-0.757447
-0.464078
0.39696
1.36783
-1.07767
-0.20855
0.292586
-0.044932
-1.142
-0.309467
1.90898
-0.240653
0.482436
-1.44498
-0.77328
0.0281685
1.37699
-1.61609
0.249876
-1.45332
0.659967
-0.561571
-0.885497
-0.412303
-1.87037
0.171424
0.789344
-0.21828
-1.01244
0.175554
1.05671
-0.35993
-0.529959
0.992683
-1.49928
1.46494
0.382913
-0.679129
1.16797
1.59952
1.83534
-0.358546
-0.698701
-1.26624
-0.781638
1.18548
-1.09086
0.333269
0.0313759
-0.225316
0.925324
0.886654
1.10792
1.17147
-0.107867
-0.302154
-0.171973
1.4226
0.424501
-0.521579
0.422061
1.29606
0.652003
-0.2649
0.963906
1.39392
0.642903
0.693721
-1.27425
0.301796
-0.707351
-1.39864
1.06864
2.11773
-0.845942
-1.39443
0.65472
-0.174656
0.170247
-0.117061
1.0279
0.412757
0.0829474
0.0937892
-2.01917
1.33498
1.27379
0.851794
1.17824
-0.133647
-0.689281
0.00933617
1.87276
-0.385988
1.41936
-0.528084
-0.32853
1.20178
0.916341
-0.869332
-0.642767
-1.08662
-0.810953
0.161668
-0.252487
-0.263456
0.31476
0.173511
0.383947
-0.176543
0.875718
-0.274142
-1.35316
-0.626847
-1.23069
1.7709
0.497034
1.31992
-1.12751
-0.511831
-2.10305
0.83415
-0.286778
-1.31468
0.536022
-0.354963
-2.12874
0.507197
-0.538478
0.858471
1.13625
-1.24212
1.24113
-0.661539
0.533386
0.80873
-0.357255
0.268075
0.789719
0.253418
0.542176
-0.37997
0.535477
1.11192
-0.552716
0.616609
0.414955
1.24273
-0.510326
0.81838
-0.92685
-0.156599
0.0287597
-0.794057
-0.255074
-0.62123
0.0818836
-0.839536
0.919825
0.881248
-0.499048
0.301522
-0.505937
-0.195347
1.00464
0.474868
-1.38903
-0.465392
0.291083
-0.616264
0.41573
1.01528
0.508037
1.11058
1.89631
0.915544
0.397157
0.40799
-0.754628
-1.43463
0.563572
0.73219
1.1246
0.945732
-0.0124796
0.36937
0.957582
-0.497426
-1.1461
-0.938395
0.173563
1.52409
-0.334267
0.756399
-0.791304
-0.582471
1.01742
-1.03899
0.112057
0.510535
0.832226
-2.54176
-0.300041
-2.52487
1.55522
0.604998
-2.03644
-0.763743
0.00196987
1.10283
0.0843452
-0.618092
0.173629
1.71182
-0.858919
-0.911187
-0.271371
-0.425153
-1.36051
-0.0710639
0.888554
0.678759
-0.53218
1.18239
-0.61731
0.592467
-0.475345
-0.750206
0.768883
-0.315772
-1.201
-0.500122
-0.490604
1.5615
-0.0183217
-1.21249
0.533671
0.0400737
0.60117
0.156107
1.64052
-1.04542
1.14044
-0.959564
0.331848
-0.0871916
-0.46115
0.151799
0.360937
-2.02093
-0.574727
0.154731
-0.124249
0.04632
0.604822
0.730601
1.8989
1.89778
0.754769
-1.87901
0.15391
0.0406321
-0.687065
-0.602276
-0.0530501
-0.569974
0.78806
-1.47695
1.23678
-0.468299
-0.875801
0.639046
-0.338641
0.308363
1.55531
0.497525
-0.127522
1.47406
-0.875973
1.79207
-0.476049
-1.07669
-0.26674
1.46374
-0.7625
-0.968368
-1.31191
1.10246
1.45141
1.50186
-0.492976
-1.02801
1.80218
-0.767619
0.870431
-0.889564
0.585222
-0.595489
-0.949057
-1.18699
-0.351439
0.638188
1.05541
0.174302
1.10261
0.283909
0.445606
2.38046
0.242423
-0.313672
0.178359
-0.724304
0.355714
-0.120687
0.459984
-0.181464
1.68852
-0.0308418
-0.992807
-1.72162
-2.20286
-1.82918
-2.02522
1.51331
-1.03778
-1.34645
0.668549
-0.786247
1.20567
2.14799
0.589492
-1.56327
-0.259193
-1.28106
1.21579
-1.56109
0.561297
1.51552
-1.51166
2.555
1.11187
-1.09631
0.0437242
-0.0801904
-0.581789
-0.228476
-0.997641
0.632265
0.93852
-0.581173
-1.00244
-1.49331
-0.394126
-0.355751
-2.98491
-0.18345
0.360411
0.179791
1.11754
-0.140462
-0.0776104
0.369341
1.34204
-1.25556
-1.8087
2.32222
-0.0317096
0.0608404
1.41155
0.635643
0.0843379
0.85604
0.440481
0.119852
-0.564518
0.657645
1.06768
-0.926075
-1.14498
-0.268299
0.219472
-0.156876
-1.29421
2.44067
0.120499
-0.929797
-1.78575
-1.30688
-0.833168
0.543402
-0.811311
-1.05374
-0.197394
-0.321769
-0.068308
0.485323
0.0915142
-0.938141
0.0505645
-0.539988
0.648558
-1.41971
1.19515
-0.17801
0.618413
0.421845
0.869217
-0.753662
0.160942
-0.59982
1.2183
0.120511
0.0118185
-0.930792
0.293668
-0.561034
0.116808
-2.72673
0.0186119
0.457333
0.000462532
0.972641
-0.490442
-0.513071
-0.281616
-0.0896419
-0.3277
-1.08961
1.08449
1.29209
0.426222
-0.112657
-1.0214
-0.0816016
0.214655
-0.966035
-1.34519
-1.18446
0.434382
0.383029
-0.550697
0.276872
-0.24499
-1.08203
1.43992
1.94507
-0.444696
-0.488452
-1.57094
1.02992
0.902338
1.01904
-0.804839
1.45866
0.607832
1.76036
-0.280371
1.43428
-1.23877
0.269214
0.885461
0.962377
-1.05087
0.331765
1.10456
-1.33465
0.388321
-0.23437
0.251338
0.390289
2.13475
0.812972
-0.907902
0.120718
0.165597
-2.34012
0.563025
0.0239568
-0.472449
0.675783
0.224227
1.12367
1.60696
-0.298063
-0.0899557
2.14286
1.91131
-1.31571
-0.590582
-0.0979729
1.08037
0.242631
-1.40682
-0.263283
-0.0917578
-0.301607
-0.196267
-0.223473
0.43173
-0.203441
-1.49829
0.218271
1.02931
-0.595367
3.03603
1.23791
-0.420527
0.913757
-0.04933
-1.05578
1.75323
0.0446598
0.810572
0.447613
0.683809
0.177079
-0.447483
-0.589495
-0.00423276
-0.0949691
-0.27506
0.378518
1.04316
0.907154
-1.42007
-0.376703
1.02081
2.23712
1.03271
0.0111263
-0.214657
-1.41112
-1.13629
0.105844
-0.70228
2.41096
-1.34875
0.166539
1.41257
-0.438348
0.268687
0.531113
-0.838285
-2.39196
1.15563
0.296685
0.40502
0.698552
-0.796096
-1.22732
-0.457884
-1.02474
0.410769
1.35395
0.185224
-0.51249
-0.516687
0.0190452
-0.766557
0.0144861
1.41103
-0.728947
-0.212805
-1.59442
0.645944
0.838046
-0.372552
-1.62523
0.239746
-1.9271
0.843605
0.000865757
-0.878969
-1.39367
-0.140257
0.745413
0.0775635
-1.11856
0.585244
0.633435
0.61893
-1.02568
0.559598
-0.923626
-1.38345
-0.265511
-0.17035
0.325287
-0.689978
-1.73758
0.258845
-0.274642
-0.825871
-0.65139
0.686843
0.349401
3.02484
-0.400013
1.56304
-0.163922
0.30449
0.617963
1.5718
0.0218074
-0.88836
1.18502
-0.389297
1.53877
-2.50466
-0.900676
1.37363
-0.775705
0.687782
-0.341093
3.1185
1.33747
1.27718
0.897403
0.364381
1.24339
-0.10569
-0.565987
0.237147
1.22592
-1.67833
0.40052
-0.23353
0.0460643
1.66318
-2.2816
-1.41409
0.395795
-0.486556
-0.216202
-1.14788
-0.0976658
0.172319
-1.42554
-1.04838
-0.57668
-0.104375
-0.31037
-0.821402
-1.08598
-0.787482
-0.34969
1.02097
-0.0383114
-1.05689
1.58805
0.396397
0.407823
0.655392
0.130439
-0.795108
-0.984737
0.13817
-0.429074
1.76858
0.139988
2.10923
-0.596363
1.2764
-1.13011
0.251877
-1.62182
-0.1273
-0.239547
-1.51789
0.70349
0.504422
-1.40944
0.940339
-1.40915
0.450615
0.361534
0.366178
1.2714
-2.11797
0.458939
1.27792
0.965174
-0.264494
-0.307387
-1.37044
1.02037
-0.611205
1.20901
0.312766
-1.56304
-0.645021
0.449638
-1.26691
-0.0564713
0.0845469
-0.036436
1.55215
-1.85297
0.226643
-0.988485
0.533591
0.933061
1.78127
-0.602056
-0.686029
1.16175
1.36177
0.443349
-1.31915
0.912689
-3.18041
0.346974
-0.471228
1.0185
0.10824
-0.0455225
-1.19757
-0.463046
0.647268
-0.778265
-0.590494
0.206665
-1.04522
1.32116
-0.0370595
1.01158
0.748549
-0.185313
1.14493
1.02643
-0.0694572
1.25924
0.290548
0.641623
-0.112955
-1.07093
-1.26946
1.70958
-0.224699
-0.576769
-2.60973
-0.691313
-0.214814
-2.06647
-0.402964
-0.95613
-2.32314
-0.0950404
-0.876176
0.417271
-0.411642
0.482584
-0.501142
-1.40813
0.545706
-0.457952
-0.886005
-0.758385
-1.95344
-0.290047
-0.95089
-0.171217
-0.326491
-0.246616
1.0205
-0.415261
0.313759
-1.17215
1.03097
1.24139
0.325987
0.48691
1.76634
-0.369588
0.975904
-0.705463
1.40001
0.4837
0.696616
0.63673
-0.0960525
-0.414027
2.08436
-0.361369
-1.20464
0.139081
-0.0808838
0.272936
0.81724
0.119809
-0.992231
-0.400619
-0.478558
0.0711874
1.66909
-1.29682
1.01747
1.84384
0.522155
-1.72697
-0.429082
0.00252002
0.492807
0.97873
-0.359336
-1.32283
0.713305
2.13783
-1.13017
-2.72463
3.28668
0.207246
-0.413963
0.746231
0.743542
-1.04933
0.525102
-0.800487
-1.17648
0.323646
1.00326
-0.128608
-1.11146
-0.0739114
0.338544
-1.12624
-0.993882
-0.45802
1.44363
-0.297029
-1.78534
-0.867064
0.416707
-1.05548
-1.37943
-0.061958
2.59164
-1.82897
-0.588426
-0.506522
0.643658
-0.173704
0.468361
-0.65044
2.37449
-1.18649
0.197596
0.192895
0.221533
0.0563244
0.78793
1.98983
-0.00311434
0.409374
-1.76723
0.743951
-0.79004
-2.30019
0.347026
0.775947
1.26489
0.922487
1.21333
-1.08411
-0.638643
0.879461
-0.218793
0.227583
-0.0520082
-1.41318
-0.272422
2.20026
1.09678
0.761173
-0.00276476
-0.377978
-0.198216
1.20064
1.34219
0.508152
1.28067
-0.812929
-0.0769993
1.65819
0.879947
-0.636289
-1.32733
0.491287
0.540205
-1.398
-2.1762
0.000451803
-0.470754
2.31288
-0.357155
1.93556
0.808019
0.451557
1.04151
-0.474159
1.27911
-1.87585
0.955476
0.0131437
-2.13341
1.03632
-1.15696
-1.15053
0.00254369
-0.927218
-1.00495
-0.406774
0.964287
-0.933892
1.25576
-0.320023
0.0838577
-0.886916
0.773416
-0.179259
-0.640097
0.287292
1.31475
0.421707
0.0770154
-0.0662566
-1.76077
-0.81698
0.143151
0.403525
-0.506954
2.05858
-0.695903
-0.116735
0.230953
-0.910248
0.495474
0.110326
-0.0578941
0.246856
1.30156
-0.863481
0.348344
0.571303
-1.5226
0.528972
0.729704
-0.123632
-0.496224
-0.516287
-0.728746
1.75083
-0.675739
0.448802
0.75427
1.18313
-0.227458
2.25974
0.096512
0.835902
0.0376664
-0.283896
1.02945
-0.792254
1.29065
0.0954528
1.242
1.03033
-1.32185
1.06356
0.450139
0.479514
-0.340219
-0.0587525
0.849394
-1.14227
0.678705
0.644751
-0.625748
-1.65746
-0.70666
1.68836
-1.01554
0.0936694
0.615347
0.442647
0.403712
-0.493754
0.88268
-1.70396
-1.23887
-1.39484
-0.204619
0.036908
-0.369932
-0.772224
1.25322
-0.0692682
0.502826
-0.743901
-0.13025
-0.77937
-0.367464
-0.41436
0.191655
-0.577736
-1.94244
-0.80625
0.136037
-1.1515
0.922931
1.07732
0.73303
-0.281881
0.0387399
0.679189
1.3152
0.226958
-0.938716
-0.164597
-0.3905
-1.1645
1.67057
0.438064
1.0997
1.63948
1.44627
0.318185
0.269857
0.411412
-0.817375
-2.27997
0.322139
-1.11723
0.680124
0.734853
1.96061
-0.465198
0.361023
0.126733
-1.97533
-0.581296
0.680554
1.53689
-0.896283
0.736984
-1.26001
0.251651
-0.657339
-0.858613
-0.814948
-0.0934649
-1.52334
0.67407
-1.33003
-1.14562
0.272006
0.661765
-0.162248
0.691098
1.1136
-0.671409
0.617784
-0.280679
-0.199363
-0.308744
0.486506
-1.02404
-0.534198
1.56445
-0.527871
-0.85888
-0.081921
0.78568
1.40771
-1.31042
-1.54696
-0.172762
1.39746
-0.478554
-1.01882
-0.123299
0.279922
1.78111
0.662253
-1.18772
2.34402
-0.534721
1.23908
-0.0900872
-0.862624
-0.0910031
-0.0791489
0.819396
-0.00287938
-0.0579658
-1.54956
0.70951
-1.91654
-1.47861
-0.807747
-0.712999
0.0530588
-1.28461
-1.14385
-1.10297
-0.444664
0.0454223
0.104627
-0.717157
-0.18338
0.450806
-1.05097
-0.780296
1.33164
0.695317
0.548668
-0.802816
-2.211
1.34354
-0.197298
-0.245325
-0.172567
-0.43198
-1.71906
0.83895
0.321289
-0.30603
-0.81525
-2.77614
-0.826931
-0.00970012
2.31978
-0.146025
-0.839143
-0.425698
-0.975596
0.992371
-0.147354
-0.517822
-0.232945
-0.280964
0.734588
-0.223701
1.4592
-0.408943
-0.602594
-0.133213
-1.39035
0.260086
-0.546864
-1.32838
-0.416364
-0.753252
-0.703555
-1.3507
-0.0125011
0.758686
-1.40258
-1.015
-1.15301
-0.219189
2.12755
-1.18963
-1.29246
0.777267
0.683028
0.334623
-1.50882
-0.167091
1.55737
1.22286
0.48004
1.18628
-0.222297
0.00194836
-0.501962
0.320402
0.245961
-1.86004
0.810681
0.169618
0.528533
1.04644
1.79501
-0.719583
0.553705
0.105955
0.484118
-0.559069
1.37458
1.3565
-1.00725
2.11022
-0.179612
-0.4823
0.179543
0.162171
-0.473991
1.26585
-1.03899
-0.17198
0.647162
-0.354403
1.45342
0.674345
0.148734
0.754725
-0.194921
0.586859
-2.85664
-1.17562
1.35658
0.331944
0.523653
1.40517
-0.190635
-0.916789
-0.0865849
-0.445836
1.40454
0.590534
0.225162
0.0712077
0.416206
-0.255453
2.06124
0.518271
-1.78889
-1.0638
0.297083
-0.411337
-1.00018
2.5467
0.630292
-0.724468
-0.153532
-0.854136
0.022162
-1.39035
0.628098
0.365258
-1.33399
0.839651
0.197911
0.428056
1.01455
-0.183198
-0.689491
-0.637278
0.791072
-0.515074
-0.150383
0.106323
1.03001
0.00533813
0.209676
-0.55829
0.508757
-0.0421988
0.763074
-0.826558
-0.5858
2.81291
0.681772
-0.744559
-0.172445
0.368309
-1.09752
1.16458
-0.316373
-0.430562
0.644106
-1.57673
-2.05533
-1.83868
-0.941652
1.8887
0.703278
0.463556
1.61011
-0.838643
-1.87478
1.45544
-0.378846
-0.325044
0.719075
0.23387
0.368201
2.6705
0.77006
-0.388617
-0.752486
0.404858
0.182684
-0.00641274
0.175917
2.19498
-2.17317
-0.615765
-1.13901
0.81472
-0.477152
1.21108
-0.287205
-0.532429
1.08557
1.2816
-1.56225
0.868223
0.77971
-0.660826
-0.443289
-1.03656
-1.37066
-0.262565
-0.799046
0.55746
0.27948
-0.485276
1.19488
-0.193993
0.434032
-0.257358
0.284236
1.10484
0.0324494
-1.00334
0.56047
0.448609
0.363772
-0.777213
1.27936
-2.12074
1.97383
-0.614649
1.97689
-0.875912
1.33255
-2.8928
0.300567
-0.817028
3.09297
2.09121
-0.0765208
-0.791174
0.427752
-0.782793
-0.30995
1.47447
-1.44026
0.641093
0.125939
-1.07274
0.584546
0.587985
1.3051
0.91589
0.0517511
0.463124
-1.09273
-0.932027
0.527716
-0.511336
0.0890555
-0.156245
-1.06241
-0.633108
0.536017
-1.6406
0.101543
-1.4901
-0.671893
0.465999
-0.469374
1.09096
1.14087
0.672253
0.487804
-0.419736
0.933705
-0.535776
-1.40068
0.353841
1.3406
-0.202881
2.33174
0.0179693
1.60388
0.311194
0.861024
0.484954
-0.919702
1.64064
-0.168548
0.547341
-0.845391
1.46133
0.251549
-0.541321
0.359641
1.80288
-0.422947
-0.859645
-0.201531
0.132957
-1.30513
-0.0367849
-1.34665
-1.11221
0.73579
-1.21038
0.676008
2.7708
0.966088
-1.54507
0.127444
4.41074e-05
-2.83268
0.960397
0.633721
0.378045
-0.881014
0.932289
1.24791
0.742306
-1.1856
-2.11639
-0.580695
-0.0862131
0.122119
0.847108
0.632645
0.385688
1.4343
0.469633
0.961109
-1.46346
-0.550582
-0.819339
-1.16682
0.0119015
0.524721
-1.73965
0.391956
-0.490024
1.04515
-0.484149
-0.405185
1.81495
0.475118
-0.431229
1.84762
2.25007
0.0456741
-1.14621
-1.06552
-0.136742
-0.496269
1.12228
2.13542
-0.412966
-1.56267
0.0873548
0.491459
-1.1691
-0.100545
0.466142
-0.0125121
-0.569806
1.20608
-0.112917
-0.922124
-1.02566
-0.610676
-1.009
-0.215707
-0.706207
-0.354469
1.58146
2.87202
-1.29347
-0.776511
1.18939
1.76056
0.985788
0.467646
-2.01522
-1.36755
-1.52197
1.38842
-0.43604
0.013786
1.17416
-1.01996
-0.607408
-0.0441634
1.1216
1.2097
-0.0619437
0.365734
-1.5054
-1.1498
-0.456145
1.29931
-1.02306
0.0413898
-0.312872
0.954535
0.435789
-2.1588
0.800078
0.976623
1.16708
-0.917347
-0.434042
-0.168292
0.443163
1.13341
0.378607
-0.318905
0.164768
0.17952
0.198575
-0.622474
-0.634338
0.477708
-0.115193
0.651282
0.985294
-0.908557
-0.11617
-2.87529
-0.16403
-2.0045
0.383141
0.395783
-2.06188
0.109363
0.18837
0.136975
1.36346
-0.0115317
-0.111356
-1.27473
1.35857
-0.149278
-0.573657
-0.905655
-0.226401
-0.415752
0.527554
-0.0759649
-0.048568
-0.734579
-0.0976687
-0.182329
0.783224
0.821316
0.964633
-0.0873895
-1.86899
-0.498084
-0.0596398
1.098
0.168691
0.220637
0.660793
0.00915009
0.237091
-0.252579
-0.995227
-1.39334
0.784837
-2.07439
0.952776
-0.367081
-0.152207
2.36502
1.65698
0.0389696
-0.0145562
-0.711914
3.36009
0.421616
0.354784
-0.00811183
-0.903231
0.151038
-0.931052
0.7395
0.677733
-1.48983
-0.166514
1.66347
3.21362
1.07228
-0.158835
0.182103
-0.110512
1.50989
-0.388542
1.17869
-0.812724
0.0639495
-1.42076
-1.24694
-2.10081
0.491855
-0.865063
-0.169169
0.852879
1.61894
1.66368
0.970878
-0.834641
-0.775396
-0.3501
-0.729802
0.730756
-0.953285
0.441418
-0.223981
0.0283989
-1.06107
1.10913
-0.297127
0.377829
0.384397
1.2825
-1.52994
0.00506288
-0.702941
-1.40523
-1.30508
-0.915397
0.426415
0.00519508
-0.479898
0.235016
-1.29577
-0.292158
-0.747563
0.556851
1.01545
1.30051
0.108919
-0.550204
2.29304
-0.243968
1.65603
0.353857
0.807962
2.56938
0.961601
0.664548
-0.877955
-0.929129
-1.86678
0.63466
-0.734227
0.838921
-0.420723
-0.864741
-0.499657
0.200595
-0.610821
2.00539
-0.494959
-0.131594
1.5337
0.262717
-1.75069
0.33431
-0.271237
-0.143125
-0.139931
-1.4531
0.35435
-0.87134
0.553274
0.928318
0.383505
-0.127817
0.17629
0.818633
-1.88916
-1.59455
0.0254523
-0.336611
-0.937754
-0.918298
1.85218
-0.331952
0.903523
-0.0371578
-0.247623
-0.346825
-0.35945
-2.34898
0.706489
-0.31099
0.876924
-0.87602
-0.63542
0.610749
0.227553
-0.204577
0.186169
0.249567
-0.58598
-1.44145
0.756648
-0.300756
-1.64495
-0.482608
0.475896
-0.0165005
-3.16701
-1.43843
-0.523987
-0.505813
0.0480206
-0.284204
1.09413
-1.27379
0.585572
-0.139687
1.9751
-0.143909
-0.425473
-0.061769
-0.436169
1.41821
-0.694057
-0.162026
0.160964
0.0665579
0.52156
-0.914685
0.369949
1.41461
1.30742
0.707358
-1.22608
-1.15416
-1.29351
-0.307156
-0.510801
-2.92955
-0.385518
2.02755
-0.535558
1.36368
-0.76476
-1.19249
0.214729
0.0201803
-0.821462
0.339451
0.57541
0.0889797
0.393475
0.612974
-0.659083
-0.425866
-2.4934
-1.8584
-0.0162531
0.719642
0.528387
1.0731
-0.0508615
1.77444
-0.887649
-0.0431616
-0.884761
-1.02354
0.435475
0.443382
-0.134443
-0.685403
-1.20246
-2.28027
1.65053
-1.97884
0.464268
-0.889621
-1.52663
-1.52265
0.95624
-1.06511
-2.02092
-0.18078
1.1986
-1.83801
-0.0584329
-0.783441
-0.0512141
0.420099
0.518139
-0.339993
2.50637
-0.507016
-0.963415
0.744441
-0.116077
0.947192
1.28834
-1.17079
-0.596748
-0.773748
0.585796
1.38195
1.85937
-0.202511
0.516885
1.20951
1.21399
-0.273808
-1.16972
-0.628171
-0.357217
1.29292
0.68334
-0.915841
-0.333371
-0.379838
-0.361984
0.130475
-0.984475
1.14939
-1.00272
0.633967
0.908163
1.24501
-1.71426
-0.094117
1.87635
0.056964
-0.955893
1.31783
-0.328983
-1.21728
1.02976
-0.985911
-1.3999
-2.03838
0.0374553
-0.151901
0.116198
1.06418
0.442455
-0.605826
0.0136852
-0.33711
0.182411
-1.9432
-0.891677
0.0604114
-0.0918776
0.820987
-0.701585
1.17812
-0.457179
-0.495296
-2.05794
1.52838
1.96317
0.203868
0.191793
-0.977861
-0.400435
0.721211
-1.35547
0.233029
0.992984
-1.21039
0.272477
-0.924397
0.573844
1.29612
0.176808
-1.04527
-1.91588
-0.192602
-0.920032
0.912379
-0.333588
-0.304179
1.10505
-0.0247914
0.382843
1.31057
-0.307992
0.145011
-1.87859
-0.93851
0.345219
-0.936174
-1.33331
-2.26035
-1.04932
1.5742
1.59975
-0.0357717
1.32904
-0.458323
-1.02956
-0.0626297
1.35935
0.0763069
0.0489996
-0.391201
0.36732
2.12344
-0.225201
-0.925693
-0.185247
-0.460735
0.0349517
-0.25591
-0.901475
2.22359
1.11811
1.16966
-0.801845
-1.44709
0.683826
-0.71931
-0.383841
1.86551
-0.559292
-1.13248
-2.22698
-0.242508
0.640211
-0.497984
1.65657
1.20388
-0.180803
-0.522545
-0.468867
0.504653
0.0787613
-0.0287563
0.559255
-2.86512
0.310693
0.722502
-0.0711817
0.369082
-0.61199
-0.599026
-0.262414
1.90831
1.75964
1.17532
-1.43728
-0.00410819
1.15287
1.20419
-0.399823
1.05058
-0.43995
-0.166866
0.0776926
-0.45332
-0.315549
-0.42509
0.162729
1.69204
1.38752
0.161084
0.199621
-0.310812
1.07617
0.884715
-0.700767
0.0634785
-0.726284
-0.220093
0.341166
1.08592
0.284047
0.831178
1.07044
-0.0536628
1.23312
1.75781
0.0139179
0.346644
-1.66085
1.59594
-0.285303
-0.811913
0.284516
-0.286413
0.145667
-1.38888
0.183583
-0.644001
-0.256061
0.588216
-1.47632
-1.18277
-0.27096
0.244497
-0.0329323
0.759872
0.391528
-0.103918
0.0352908
1.50286
0.151283
1.09658
0.734347
-0.246365
0.180038
-1.44837
0.784911
0.821272
-0.780658
0.488134
-1.49742
0.409736
1.61957
0.144969
0.767127
-0.924977
0.656226
0.342096
-0.0885884
1.32946
1.64035
0.4863
0.617123
0.415118
-0.538749
0.539086
-1.16384
-0.215243
-0.963609
-0.516204
0.112741
0.946443
-1.9978
0.126947
0.0732654
0.815651
-0.621198
1.1359
-0.210738
-0.60045
1.26118
-0.732879
1.29351
-0.832005
0.669114
-0.60897
0.641438
-1.31351
-0.905585
1.04859
-0.0144757
0.769206
-0.461813
0.296074
-0.511506
0.0440004
-0.149774
-0.093994
0.928742
1.84194
1.04961
2.95234
1.88897
1.20094
-0.228174
-0.669864
-0.122286
-1.31865
1.06518
0.348794
0.636171
-0.197756
0.788594
1.23429
0.214445
-0.859762
0.351286
1.49002
-0.16325
0.232305
-0.0615711
0.13968
0.0868303
1.3233
-1.17879
1.25856
0.580866
0.480198
0.431856
-0.456322
-0.487564
0.219216
-1.53874
1.31344
0.237395
1.25883
-1.47236
-0.11193
-0.485023
2.49573
-0.867259
0.0612962
0.267493
-0.8142
0.628132
0.607459
-0.243157
0.331067
-1.3054
1.80791
0.532635
-0.980893
-1.79938
0.846194
-1.78204
-0.130466
0.556292
0.263978
-0.150721
-1.01043
0.469633
-0.754344
-0.0835596
-1.51416
-1.72817
-0.7001
1.12656
2.14799
-0.28964
0.763527
-2.0766
-2.46665
-0.5612
-0.614408
1.33244
-0.559498
-0.542525
0.039376
-0.233372
0.716789
-0.815088
1.05966
-1.49651
-0.289303
-0.678478
1.0149
0.717944
-0.632918
0.686665
-1.05305
-0.232859
-0.243889
1.03461
1.03194
-0.00416917
-1.60924
-1.8612
0.455613
-0.173386
1.00694
0.35149
0.608362
0.462947
-0.137169
-0.842655
-0.184431
-0.0828675
-0.696243
-1.11641
-0.6417
-0.272189
-0.406863
1.94581
0.937013
2.08338
-0.634058
1.24858
0.704382
0.722084
0.60956
-3.17541
-0.290143
0.770639
0.564684
1.98629
-0.0529056
-0.0432864
0.0152909
0.840606
0.920358
0.203032
0.728445
-1.03768
1.94646
-0.454085
-1.11134
0.868308
0.359699
-0.600298
0.64546
0.352761
-0.771752
0.524941
-0.365036
-0.318556
0.757248
-2.6918
0.47302
-1.00161
2.86015
-0.809092
0.86152
-1.55811
0.485533
0.206338
0.106881
0.797915
1.26487
0.873172
2.23384
0.669124
-1.04131
1.33307
0.346112
-0.222053
2.06222
-0.543725
-0.849163
-1.6459
0.365258
1.94646
-0.0228636
-0.94714
-0.00221753
-0.862927
1.1163
-0.173757
0.240006
-1.222
0.153486
0.0823602
-1.42597
-0.135733
0.336412
-0.167926
0.433589
-0.75163
-1.41973
-0.467663
-0.365722
1.599
-0.532069
-0.964117
1.06229
-0.171038
-1.35989
-1.01332
0.695332
-0.791396
-0.54788
-1.69372
0.186311
0.553199
0.930242
0.796865
0.0634474
1.72068
-1.0789
-0.834659
-0.559511
1.3015
-0.559733
-0.506163
-1.52557
2.00989
0.311427
-2.0705
-0.0508743
0.479383
0.632518
1.07121
-0.390056
0.398973
-0.303416
1.10101
0.930155
-0.438428
1.7777
0.144896
-0.952918
0.615117
-0.606568
0.526348
-1.26736
1.69655
-0.744419
-0.208422
-0.0144958
0.0929998
-0.236715
-0.19063
0.773752
0.444672
1.03508
-0.151322
0.270595
-0.323391
-0.0575525
-0.260745
0.489045
2.32408
-0.946931
1.48439
-1.00191
0.742365
1.14959
-0.586684
1.26552
0.955116
-0.569052
0.145513
-1.9363
0.832076
-0.395211
0.447187
-1.12189
0.947195
0.254284
-0.0194851
0.897427
-0.641801
-1.17074
0.74289
0.44844
-0.197018
-0.418805
0.76348
-1.42896
-0.429678
0.31494
0.493218
1.31511
1.2744
0.242747
1.33634
-0.876603
-0.377405
0.853708
0.131016
0.320622
-1.30101
-0.349297
0.582637
0.781218
-2.27565
-0.397612
-1.16856
-0.493921
0.703647
-0.481937
-0.242472
0.13307
1.22337
0.23515
-1.07361
-1.70523
1.33391
-1.33146
0.276621
-0.652081
0.840704
1.16712
1.22582
-1.08471
-0.773096
-0.897777
1.5794
-0.80515
0.956373
1.78304
0.15748
-2.29777
-0.121994
-0.664135
-1.69661
-1.87245
0.0504534
0.663268
-0.724528
-0.0958762
1.199
-1.45019
-1.35279
-1.30514
-0.772134
0.967297
1.02804
-1.74875
-0.485876
-1.97675
-0.0207347
-0.906448
0.947077
-0.350873
0.377669
-0.0406388
0.0674164
-0.415828
0.105037
-0.731105
2.50146
-1.32453
-0.593976
1.45968
1.00771
0.0125858
-0.607019
1.80769
0.0523283
0.11109
-0.291516
2.83173
-1.20608
0.672126
-2.08806
-1.20944
0.206738
2.05967
-0.48886
-0.998064
-0.651742
-0.220468
1.8103
-0.729305
0.304211
-0.864902
-0.289658
-0.848191
-1.59451
0.233655
-0.762753
-0.37769
-0.822659
0.759529
-1.40002
-0.197794
0.305185
0.00700146
-0.85229
-0.499189
0.219965
0.605911
0.205156
-0.240088
1.25195
1.243
-1.12791
-0.0213413
-0.431771
0.466561
-1.04498
0.764881
-0.235155
-1.00338
0.212767
0.595216
-0.8917
0.0971426
1.44144
0.936965
-0.768199
0.458156
1.01738
0.993171
0.664375
-1.1372
-1.17605
-1.84021
-1.2816
0.0507581
0.0608844
-1.40008
1.07401
-1.18032
-0.727156
-1.01218
-0.377534
0.0443051
1.50499
1.46825
1.57482
1.32972
-0.102329
-0.561725
-1.17614
2.30958
1.07197
1.87209
-0.846593
0.081041
-0.928744
0.996505
0.852955
1.7418
-0.556037
-0.65897
-0.0616291
2.0948
-1.66758
-1.33584
0.906216
0.571572
-1.39831
-0.0930035
0.096204
1.59832
0.476229
-1.54948
1.10427
0.477193
-0.158245
1.24797
-0.551543
0.949851
-0.0519029
-0.629749
-1.5705
0.205107
-0.105273
-0.0689966
1.97163
1.23672
-0.975086
-0.741044
-0.0311852
1.95634
-0.293408
0.793221
-0.335014
-0.536257
0.969271
-1.44026
-1.2724
0.877974
1.16719
0.0446722
-1.28921
1.31043
0.424358
-0.0889006
-0.880566
0.360325
0.388616
-0.353413
0.0832931
1.30581
1.30483
0.278355
-1.84228
1.48029
1.00161
-0.11533
-1.46288
-2.33992
-0.480691
-0.13799
0.293127
0.549142
-1.68372
-0.849824
-1.7842
-0.313548
0.135882
1.29566
0.509198
0.362454
0.71387
0.445759
0.0574248
1.91312
-0.87495
-0.482071
-0.181994
-0.426513
0.797613
1.10856
-0.441501
-0.311126
-0.296045
0.110354
0.692969
2.12887
1.57631
-1.54975
0.862017
-0.995368
-0.568495
0.949457
0.998696
-0.404162
0.385587
-0.955179
-0.911654
-0.854663
-1.53383
-0.461652
1.27771
1.10573
-0.211519
0.848103
0.822044
0.581483
-0.716806
-1.06392
-1.18791
0.356483
0.376128
-1.37891
-1.51405
0.0441301
1.88993
-0.142516
0.723743
0.369769
-0.0931236
0.124323
-1.83453
0.91666
-1.19555
0.933549
-0.101054
0.258781
2.29889
0.337409
-1.01068
-0.075308
0.186904
-0.633242
-0.448077
0.520997
-0.574467
2.07276
-2.04539
-0.711278
-0.227939
-0.934465
-0.499268
-1.23223
0.548705
0.287401
-0.911265
0.777423
-0.973778
-0.114639
2.2015
0.104084
-0.859802
-0.207147
1.17659
0.571973
-0.958276
-0.461908
-2.67167
1.62129
0.941482
-0.0157958
-2.07148
1.35155
0.426968
-0.0372776
0.587367
0.40842
-0.197884
0.768461
-0.310488
0.318999
2.21551
-0.0123301
0.958689
-0.655107
1.056
0.375668
0.280147
-0.560661
-0.721122
1.09603
1.13169
-0.663268
1.29506
-0.719139
0.367621
-1.41487
0.579922
0.0366374
0.683848
-1.35698
0.951142
0.34224
0.032253
-0.989258
-1.59715
2.00004
-1.24362
-0.380874
2.60008
-0.758108
0.422326
-0.351836
0.192604
0.389578
-0.509025
1.05583
0.368539
-1.58077
0.943854
-1.55381
-0.247458
-1.26311
0.948324
0.968943
0.323967
-0.378593
-0.629528
0.106386
-0.685321
-0.675345
0.816887
0.0920672
0.425404
0.531921
0.41984
-0.0516657
2.83954
0.512968
1.28868
-0.391728
1.66237
0.55322
0.29133
-0.0297333
1.18121
-0.892121
-0.624968
0.222636
0.0316708
0.494386
-0.664339
0.58566
1.58647
-0.971777
-1.19125
-0.050638
1.89809
-1.25304
-0.202394
0.554467
-0.142222
1.29961
-0.0629814
-0.839623
0.0566543
-0.157786
-0.537986
-1.73588
0.71852
-0.356485
0.614119
0.365787
-0.81401
-0.490017
-0.0642744
0.166483
0.197179
0.847389
0.592409
-0.45946
-1.12208
0.0229632
-1.32339
-0.21988
0.312087
-0.528081
0.0879598
0.507056
2.15077
1.01876
-0.875491
-0.377601
0.128888
0.0340499
0.439668
1.59225
1.11541
-0.277527
-0.72924
-0.202566
0.808891
0.946252
-0.282468
-1.37877
1.65748
-0.914566
0.820468
-0.934715
0.695308
1.91685
-0.591447
0.3197
1.99176
0.134257
0.732614
-1.5361
-0.172506
1.16414
2.82233
1.43296
0.997227
-1.66386
-0.771006
1.61375
-0.392033
-0.331134
0.108847
0.874289
-2.08843
-0.690248
1.18177
-1.75583
1.09789
-0.0178782
-2.00349
0.942196
0.865878
0.278697
-0.865758
-0.400014
-0.289558
-0.638363
0.450365
0.0318186
-1.54018
1.20854
2.25851
0.370107
0.752955
1.54391
0.697253
1.7877
0.672736
-0.239637
0.873146
-1.02927
-0.311185
-0.225417
-1.28707
0.566495
0.224496
-0.613668
-0.144401
1.88924
-0.969254
1.17936
0.344503
-0.53934
1.18126
-0.126167
-0.101962
0.0257831
0.629501
-0.206936
-0.261796
-0.0767559
0.208538
0.0799168
-0.0300008
-0.82005
0.27925
-0.814501
0.710026
-0.708812
1.95445
-0.752319
-1.12073
-0.269207
-0.191397
0.764861
0.44278
0.00761175
0.35466
-0.54474
0.777157
-1.27539
0.182658
-1.40355
0.554277
-1.20078
0.609464
1.30012
-1.16508
-0.761324
0.00593174
-0.554906
-0.750202
-0.477139
-0.177155
-0.167512
1.72809
0.45336
-1.18403
1.1409
-1.16025
-1.44447
1.28767
1.04229
-1.73351
0.454665
-0.434568
1.35779
0.285575
-1.84063
-0.260122
1.37892
0.128558
0.121985
-0.37599
-0.256073
-0.821946
-0.00806397
-1.12908
-1.5068
-0.196349
-1.4564
1.50632
-0.238078
-0.190564
-1.5928
-0.507971
-0.296886
0.403495
-0.27314
1.88757
0.222119
-1.6487
-0.921709
0.233259
0.810978
-1.19896
-0.466991
0.225887
-0.650939
0.0456498
1.22595
-0.292286
0.263833
0.048058
0.258768
0.253734
-0.382518
0.297431
-0.357133
0.980286
-0.194183
0.120473
1.16778
-0.713176
-1.39727
-0.75298
-1.13909
-0.547045
-0.345172
-0.416865
1.48752
-0.514672
-1.63094
-0.121874
0.221731
-1.07438
1.50477
0.505061
-1.18761
2.53954
-0.424214
-1.00181
0.159997
-0.265847
-0.822489
0.686756
0.794785
-0.653318
-0.310193
-0.30025
0.725167
-0.916977
1.35845
-0.4151
-2.03789
-0.183241
0.997749
-0.334943
-1.81946
-0.239855
0.451934
-1.15473
1.18899
2.61327
-0.430805
-1.82393
1.69063
-0.237116
-0.765059
1.2767
-1.04271
0.678509
-0.399409
-0.0280414
-0.56614
0.947571
-0.314464
2.09571
-0.292747
2.30174
2.21042
-0.0299321
-1.23248
-0.459365
-0.248488
0.199948
1.57482
-1.04785
1.7002
-0.0109027
1.79456
-1.25924
-0.608178
0.726744
0.595888
1.40696
-1.5544
1.72632
-0.769045
-0.57408
-0.172921
-1.70184
0.286841
0.798929
-1.19274
-0.965502
0.962127
0.181232
-1.41162
-0.749455
1.57702
-0.370295
1.24287
1.4179
-0.999691
0.497364
-0.0760065
-0.960554
-0.0598532
-0.537902
2.40779
-0.160935
1.91875
-1.74026
0.557488
-2.03033
-1.32842
1.10856
1.37219
0.311806
1.65924
0.864484
-1.94519
-0.414454
0.891011
0.287735
-1.22608
1.93704
-0.200968
-0.447729
-0.659232
-0.0246368
-0.31517
-0.575836
-0.131531
1.12219
-2.5505
1.60933
2.13029
2.34332
-0.981313
-0.211607
-0.961479
-1.84536
-0.258684
-0.582585
-1.1966
0.886684
-2.27007
0.302325
1.01716
1.36226
-0.502325
1.44406
0.30647
-1.85544
-0.830559
0.516682
-0.857853
-1.48682
-0.341626
0.843926
-0.340141
0.96023
0.196413
0.201798
0.645641
-0.896848
1.64346
-0.814052
-0.263622
-0.955024
-0.608098
-0.857353
0.418792
-0.450895
1.7282
-1.20002
-0.146555
2.31793
-0.424272
1.21653
-0.0176604
0.191487
0.239979
-0.961843
-1.12298
-0.638197
-0.406817
0.678887
-0.680856
-0.148492
-0.700752
0.397648
-0.0946507
0.968224
-1.34808
-0.232133
0.731095
-0.26998
1.30427
-0.075303
0.253745
-0.0638476
0.663702
0.719905
-1.95871
2.44702
0.0372029
-0.8543
0.0179583
-0.21199
0.911029
-1.85914
1.37322
0.242968
-0.442935
1.32758
1.33351
-0.68159
0.641969
-0.186417
1.09118
1.61459
-1.66462
0.625837
-0.876883
0.670778
-1.05926
0.351919
-0.773164
0.549547
-0.708362
-1.25164
-1.46112
0.649678
-0.242741
1.91923
-0.639765
-0.156958
-2.05173
-0.273772
1.29943
-0.00722146
-0.677433
-1.06985
-0.919017
-0.536875
0.216791
0.0279361
2.13408
1.03865
0.902222
-1.59743
0.399245
0.309865
-2.86584
0.0532749
0.439261
1.6012
0.188798
-0.353871
0.297149
-0.0759072
-0.831135
-1.82511
0.437253
0.0158369
0.625959
-1.33054
-0.146103
-0.728069
0.378755
-0.415674
0.23551
0.877025
0.797906
-0.697905
1.72093
-0.395807
-0.462257
0.104635
0.920541
1.12735
-1.33551
-1.48204
-1.31725
0.646588
-1.15624
0.417936
-0.487887
0.334624
-0.414877
0.320566
0.0209004
-0.508905
-0.436661
0.162524
-0.311277
-1.0675
1.29154
-0.635702
1.40406
-0.698271
-0.0422637
0.13454
-0.407989
0.162097
-0.585343
-1.89943
0.268691
-0.478638
-0.366867
-2.02136
-0.287133
-1.70473
-0.373012
-2.65842
-0.371651
0.277747
0.0479998
1.74898
-0.560813
-0.178536
-0.57984
0.0182506
-0.142166
0.850061
0.912807
0.201781
1.16821
-0.16637
0.142708
1.0029
-0.110781
1.13185
0.478526
0.898267
-1.81189
0.263104
-0.518605
-0.422859
1.42229
-0.160054
0.647378
-0.860085
-1.52575
-0.34603
0.582499
1.00144
-0.746041
0.751208
-0.0196611
-0.633054
-0.694131
-1.05892
0.49962
0.189515
0.24264
0.39401
-1.26997
1.5167
1.20897
1.60861
0.643429
-1.27649
0.328834
1.1387
1.46869
0.820312
-1.41053
-0.401752
0.0576296
1.13806
-0.207164
0.428145
0.892664
1.48759
1.01723
0.934428
0.816578
-0.688763
0.904658
-0.373588
-0.749017
-0.265217
2.19256
-0.25415
0.336899
-0.117329
-1.23264
-0.720097
1.48602
1.06615
0.899394
1.18602
-0.053609
-1.80804
0.471826
0.5407
0.419776
-0.0310381
-0.899699
-1.21815
0.0815029
-0.490511
0.0193595
-2.23712
-1.12788
0.122125
1.08711
-0.473806
0.702203
0.671791
1.67384
-0.539629
0.34521
1.97983
-0.32076
-1.08502
-0.410637
0.935537
-0.231913
0.908522
1.153
0.549937
0.395241
-0.470246
0.206184
-0.87459
-0.556762
1.36583
-1.40091
1.1618
-0.842287
-0.0585693
2.43521
0.263496
-0.219451
-2.39434
-0.447105
-1.58333
2.13619
1.25266
-0.349609
0.437057
-0.74756
0.50417
1.4172
-0.88807
-1.51006
-0.747534
0.179304
-0.664774
-0.341309
-1.19525
0.370355
-1.23448
0.628818
-0.186838
-1.06487
0.673062
0.0665486
-0.212482
0.523955
-1.47409
-0.662051
-0.359521
-1.85001
-1.37254
-1.76597
0.48205
-1.11867
-0.177325
-0.46914
-1.84934
0.0346326
0.223747
-0.494912
-0.0149499
-0.334681
0.349718
-0.447478
1.51489
-0.0973492
0.798863
0.107181
-1.09687
-0.239462
-1.1703
0.142071
-0.54705
-0.342948
1.39194
-0.203258
0.722187
0.213197
0.320185
-0.229888
0.734798
0.140454
0.806235
0.773047
-0.309554
-1.91844
-0.0906056
-1.47966
1.38243
-0.939424
0.283404
-0.949551
1.06246
-0.56841
1.72277
-0.719834
0.0567657
-0.70165
-0.0673224
-0.0365945
0.652116
0.654167
-0.249521
0.281048
-0.00173986
-0.874115
1.47905
0.545039
-0.683471
-0.405207
-0.461415
-1.45447
-0.667313
0.941744
0.330755
1.07691
-0.675562
1.49316
-0.964568
0.597063
-1.19111
1.39182
-0.343375
-2.96978
-0.53547
1.48218
-0.81801
-1.86945
0.561017
1.14376
0.956846
-0.455157
-0.700802
-0.118591
-0.0677217
-1.2078
1.0597
0.272181
-0.913916
-0.882122
-0.925623
-2.12556
-0.765988
-0.951211
0.58895
-0.655466
0.780976
-0.0181275
0.718268
0.228837
0.00699985
-1.26422
-0.919302
0.0393096
1.53281
-0.520343
0.852061
0.555142
-0.54137
0.165591
0.792975
1.31455
-0.295668
0.667627
0.388808
1.05454
-0.360885
-0.35346
-0.624315
1.18906
-0.517938
-0.0668615
-0.296197
1.53115
1.13903
0.647038
1.17334
-0.382369
-1.05974
0.312857
0.412924
-0.317845
-0.818518
0.690211
0.01779
1.74269
1.21782
1.16955
0.309895
-0.410967
0.622936
1.77316
1.61251
1.05951
0.782756
-0.881692
0.117819
1.18818
-0.584853
-0.279114
-0.190018
-0.47227
0.0186608
0.907392
-0.724185
-0.441046
1.89278
-0.696272
-0.0984402
-1.39681
-0.622773
-0.545771
-0.388713
-0.527777
0.0494115
1.11772
1.28786
0.434517
1.28986
1.23625
1.50368
-1.14603
-1.63664
-0.789067
0.541494
0.968371
0.185638
0.235207
-0.506423
-1.44706
0.245432
-0.115143
-0.00904208
-0.226795
0.583047
0.99976
-0.234926
1.09908
-0.764749
0.250175
-0.686692
0.3621
1.45753
-0.633419
-0.598885
-0.140929
-0.766281
0.314847
1.9866
2.31648
-0.0718617
-0.512387
1.27091
-0.469988
0.932358
1.26814
0.640468
-0.20254
-0.310275
0.124338
-2.08591
1.3508
0.0571449
1.53055
-1.34908
0.453299
1.14075
0.598183
-0.146836
0.520851
0.112815
0.420965
-1.50372
1.50104
-0.973497
1.12401
0.297273
-0.782585
1.29841
0.830739
0.0972003
0.156086
1.6419
0.6781
-2.25301
0.653202
0.725894
-0.747682
-0.364185
-0.0805009
0.50271
-0.674687
1.17637
0.271917
-0.679075
-0.60256
0.14392
-0.0607702
1.34296
0.62628
1.51797
1.15513
0.681087
-0.667699
0.116507
-0.651863
-1.63692
-0.138959
0.648588
1.79847
0.0947745
0.227258
-0.40763
-0.927017
0.37379
0.455566
0.803703
0.138171
-0.783121
0.59108
-0.620794
-1.46471
0.463343
0.645226
0.875362
-0.527229
-0.474495
0.585932
1.1557
1.3464
1.67879
1.9362
-1.22598
0.493847
-0.856949
-0.00356674
0.15867
1.94509
1.16227
0.672245
-0.0248649
1.59859
-0.554554
-1.00481
2.05649
-0.910063
1.42155
-1.61677
0.72336
-1.5506
1.75808
-0.902548
0.754887
0.493387
-1.49406
1.01461
1.85749
0.0967032
1.54249
-0.28083
-1.14888
-1.46735
0.647597
-1.59459
-0.531418
0.578343
1.39522
0.622223
-0.221197
-0.157506
-2.16133
0.297774
0.482378
-1.63718
-0.912802
0.290068
-0.245024
-1.61665
0.853866
0.0943593
1.35444
-0.947598
0.494061
-0.849623
-0.585889
0.596497
-0.81558
1.09344
0.325472
-0.00195825
0.336403
-0.885284
-2.25656
0.615366
0.477541
2.0666
-1.69102
-1.71432
1.08377
-0.944998
0.603416
0.983013
-0.641051
-2.59298
-0.109716
-0.162139
-0.639415
0.101021
0.396987
0.744219
-2.97079
-0.616484
-1.00206
-0.371789
-1.3589
0.4136
0.85529
0.730937
-0.733252
1.15281
-0.215966
-0.896273
0.852372
-0.697974
1.27477
0.100718
1.12498
1.33827
1.35203
-0.680251
-0.601797
0.350621
0.602078
1.49981
0.421998
-0.858461
0.671416
0.404786
-0.772124
0.877873
0.163223
0.626143
-1.23015
-0.464472
-0.942238
-0.872139
1.434
-0.811902
0.711277
0.431294
-0.224589
0.413769
0.84596
-0.101145
1.64701
-1.5624
-1.28008
0.0937191
-1.12754
-1.07547
1.21627
-1.01988
0.267706
-0.0671791
-0.89986
0.816991
-0.870461
0.146659
1.13397
-1.08961
0.860588
-0.200708
-1.68847
0.425907
-1.4129
0.302973
1.45736
1.06366
-0.215835
-0.167873
-0.575365
0.940224
-0.791579
-0.32451
-0.3502
-0.335547
0.529103
-0.995606
0.453966
-0.0655876
-0.0262023
1.13487
1.18087
-0.962594
0.165892
-1.67573
0.0281822
-1.16591
0.568249
2.47591
-0.419593
-0.275905
-0.708987
-1.58995
-0.160815
0.539668
-0.326546
1.4031
-0.0811782
-1.40673
1.01971
-0.983983
0.53056
0.101467
-0.882129
-0.929366
2.47194
-1.17468
-0.0328397
1.34339
0.986502
-1.50427
-0.870002
-0.0712963
0.206963
2.05506
-0.879202
-0.379788
-1.36247
0.10391
0.337082
-0.516178
0.649884
0.0748579
-1.19908
0.552519
-2.74125
-0.331643
0.783897
0.301919
-0.158461
1.61882
-0.202079
-0.6013
-0.292337
-0.917685
1.39482
0.569763
1.85585
-1.88697
-0.26045
0.213335
0.44909
-1.952
1.93902
-0.233527
-0.907452
-1.02317
0.283215
-0.356351
0.899957
-1.02033
0.117631
0.393783
-1.28151
-1.73438
-0.22102
1.80202
0.38593
-1.67774
1.76206
-1.48914
0.539932
0.412663
-1.18005
-0.293746
0.029429
0.413397
2.27669
-1.35011
0.764855
-0.328872
-0.862612
1.1077
-0.443088
-1.49706
0.089032
0.608482
0.685878
1.00931
-1.52312
1.16834
-0.74027
0.300289
-0.192532
-0.827592
0.00671709
0.37975
-0.615957
-0.324764
-0.799882
1.64466
0.28395
-0.700785
0.226593
-0.746407
-0.44973
0.130289
1.28692
-0.282543
-1.57516
0.967839
1.47033
-0.464348
1.27435
-0.40189
-0.402319
-1.38769
0.487196
1.39521
-0.0212444
0.577845
-0.887228
-1.78104
-0.589782
1.28475
0.596626
1.27374
0.250002
-1.59577
0.737561
-1.48964
0.304014
-0.489176
-0.0103962
0.179138
0.259591
0.321187
0.4601
0.429439
-0.848571
-0.162318
-1.05455
-0.86354
-0.253053
-0.317359
-0.271818
-0.245916
-0.717677
-2.47022
1.21482
0.710869
-1.24697
-0.156746
-1.50483
0.946305
-0.518382
0.0861962
-0.998263
-1.11875
1.10746
1.11019
-0.579273
0.407642
1.72889
1.78767
1.05858
-0.421175
0.788468
1.35584
0.584118
0.955906
-0.192027
1.04653
-1.94122
-1.14104
-1.21908
1.05463
0.0396769
-0.276805
0.872675
0.966413
1.32485
-1.17657
0.795747
-0.751331
0.471595
0.0410934
1.24323
-1.06873
-0.36462
-0.086956
-1.15999
-0.420002
0.330636
1.84451
0.803447
0.304658
-0.7967
-0.166744
0.260421
2.03301
-0.978944
0.614095
0.48749
-1.4897
-0.134258
2.47993
-1.01339
-0.712446
-0.211194
0.851263
-1.02416
-0.377458
1.95321
1.24759
-0.732198
-0.262979
-0.686619
-0.758856
-2.05926
0.594767
-1.71924
-0.230607
1.27003
0.0405622
0.938771
-2.18109
1.25333
-0.26167
0.583899
0.614843
-0.363049
0.0156817
-2.21229
0.0994245
-0.348284
-2.31327
-0.546427
-1.18207
-0.122226
-0.403624
-0.448782
-0.675012
-0.983697
0.221906
0.111857
1.94954
0.745838
1.90849
0.165158
-1.29083
-0.323335
0.14557
-0.953353
0.796913
0.64675
-0.769356
-0.30092
-1.04594
0.561466
0.45501
1.24182
0.988706
0.00637162
0.0415772
0.160705
-0.456582
-0.589321
0.313883
-2.55659
-0.952257
-0.193574
-1.04757
2.26354
-0.412112
-0.974007
2.00218
-1.28707
0.0539607
0.733734
0.312544
0.356345
-1.14309
-0.172392
0.329945
-1.28288
-0.0938814
-0.336864
1.64371
-0.131428
1.06203
2.28906
1.09052
-1.37212
-0.385258
0.375803
2.74688
-0.325753
0.150819
0.0335217
0.0600897
0.0943431
-1.15911
0.830052
0.578449
0.727173
0.460195
0.0501121
0.96864
-0.350583
0.633884
1.36903
-0.474785
-0.309653
0.300382
-1.33593
-0.677674
-1.55937
0.574229
1.81184
0.317515
-2.43222
0.711479
-1.97175
-0.198669
0.673109
0.193131
0.773742
-1.09247
0.261015
-0.149341
-0.00868857
-0.158011
0.746281
-1.019
-0.219822
-0.477214
-0.495317
0.605102
-0.509839
0.220312
-1.88722
-0.124727
1.35531
1.62845
0.592821
-1.54735
0.0680642
-0.617662
-0.781992
0.219808
-0.124133
0.851905
-0.706934
-1.76595
-1.01824
-0.647096
-1.42605
1.79336
1.59992
-0.258129
-1.37149
0.0255648
1.5065
-1.05307
-0.106887
0.339803
-0.021474
0.377672
-1.31828
0.866956
1.25112
0.875673
1.43906
-0.39474
-0.497946
0.557797
0.631673
0.0485103
-1.06618
-0.136113
0.161656
-0.450037
0.382183
1.89149
-1.47859
-0.601231
0.257492
0.873611
-0.353316
1.54783
1.39467
-0.266202
-1.14338
-1.97777
-1.33886
-0.398517
0.242836
1.42946
0.413311
0.774453
0.822354
0.546446
1.16713
-0.899939
-1.91919
1.97325
-0.934158
0.254284
-0.571725
-0.313492
0.738351
-0.81333
-0.239713
-0.938516
0.732133
-1.06161
-0.506679
0.211271
0.670671
2.44895
0.0748957
-1.24237
0.31617
-0.866618
0.256444
-1.9831
-0.965021
-1.0668
-0.0354747
0.836177
-1.7772
-0.0131
-0.398557
2.45757
-1.38438
-1.08966
0.753057
0.215855
1.20161
0.587714
-0.0435588
0.188707
0.574033
-0.435245
-0.116063
0.168219
2.03701
0.238737
-0.647038
-1.87016
-0.691829
-0.0974833
-1.78846
-0.45498
-0.7131
-2.43369
0.834862
0.0236968
-1.68876
0.0606214
0.225642
-1.16058
-1.65231
-0.844392
2.2195
1.15989
1.47724
0.596544
0.931617
0.977852
0.320325
1.75828
0.972112
0.207611
-3.01091
-0.199467
-0.783358
-1.0674
-1.08346
-0.0928366
-0.202816
-0.71147
-1.03978
-0.0927691
-0.126443
1.05591
1.83206
1.15265
-0.855208
-0.125399
-0.771124
0.55208
-1.66099
-0.950756
-0.00347131
-0.656325
-0.825485
-0.229289
-2.05953
-0.263738
-0.611524
-0.0868758
-0.417262
1.34901
0.251627
-0.493542
0.357585
-0.314412
-0.684822
1.06594
2.99027
0.0971732
-0.251896
0.358602
0.416182
0.238806
-1.67282
-1.0788
-0.451565
-0.53441
-0.746142
1.33836
-1.27765
-1.44164
0.163888
0.371694
-1.53549
-0.0991221
1.82737
-1.73999
-0.96487
-0.6846
-0.416438
-0.753802
-0.42617
-0.0959349
-0.147757
0.865145
2.50968
0.121042
0.810255
-0.636903
1.14343
1.43716
-0.708624
-0.0607192
-0.409266
1.10744
0.882844
-1.14448
-2.12372
1.51533
-1.38517
2.40342
-0.201001
0.276822
-0.790047
0.825167
-1.0235
0.929028
-0.378457
-0.339591
1.96028
-0.792762
1.63883
1.22603
0.300373
0.62814
0.576996
0.4169
-0.0672045
0.952777
-0.430878
-0.298026
-0.639006
1.99678
-1.08712
-0.906306
0.0293467
-0.950886
-1.60938
0.194482
0.656223
0.386406
-0.155192
0.290923
1.06249
0.103946
-0.552438
1.00638
-0.581985
0.457643
0.17254
2.7478
0.987439
0.812657
0.421527
-0.668461
1.24286
-0.179773
-0.287604
-0.487594
-0.0624868
-1.96204
1.20494
0.274102
-1.0586
0.682773
0.943729
0.688394
-0.353223
-1.14873
-0.738909
-0.212729
-0.883548
-1.06229
-0.528556
-1.29632
0.222413
0.724687
-1.62173
0.251912
1.49496
-0.329325
-1.00492
-0.376169
0.0355005
0.520317
1.90178
0.12881
-1.65325
-1.03943
-1.03712
-1.10407
0.182065
1.25328
-0.263028
0.157995
-2.28613
-0.524692
-0.297403
0.402023
-1.3092
0.0811252
0.765039
-0.761834
0.57583
1.77185
1.01438
-2.0204
0.364059
0.298614
1.24175
1.04657
0.796577
-0.447981
-0.309191
1.63109
0.124574
-0.629625
0.66038
0.623012
0.358391
-0.667775
-0.42227
-0.0414847
-0.685378
0.120049
0.812153
-0.197806
-0.756236
-0.866588
0.225175
-1.07186
-0.191209
0.856136
-2.28108
0.606721
0.355857
-0.758429
-0.457568
-0.351276
-0.738041
0.299226
-0.0690131
1.08061
-0.934405
0.130519
0.189182
-0.95272
1.81098
0.600013
0.555094
-0.854006
-0.96769
-1.83917
1.36855
-1.63935
0.0430472
-0.178861
-1.50276
-0.900279
-0.801904
-0.966595
-0.789995
0.0148054
-0.360895
0.0998309
-0.462111
2.04142
1.43555
2.55975
2.63436
-0.699564
0.022776
1.17806
-0.314308
0.434092
0.190509
0.869509
-1.33817
0.287514
0.452902
-0.248539
-1.06691
-1.44512
0.716434
1.55541
-2.94572
-0.902659
0.276435
-0.572955
0.283769
-0.455735
-0.196856
3.0335
-0.518247
-0.507064
0.0208035
0.470055
-0.473248
-0.500607
0.322692
-2.23323
0.104103
0.0104711
-0.200791
0.379476
-0.117412
-0.270469
-0.404359
-1.65356
0.564435
0.757165
-0.05264
-0.041473
-1.06592
0.943595
1.02408
-1.4737
0.576001
-0.365453
-1.23763
0.846705
0.644976
-1.29479
-1.8582
-0.518636
-0.329361
-1.84376
0.546351
-1.1668
-0.311263
0.0712374
-0.109787
0.472868
0.384437
1.04485
0.843399
0.111775
1.3351
1.53914
-0.0891572
-0.504486
1.98634
0.498609
-1.23292
-0.296098
-0.407747
-1.93974
-0.606958
-0.519521
0.797103
1.17837
-0.520199
-0.360926
-0.411036
-0.15878
-0.254378
0.636876
-0.135362
-0.225002
-0.217224
-0.647159
-1.36151
0.805426
-0.785759
-2.63516
0.340978
1.65073
-0.471378
-0.268934
0.180822
0.366641
-0.592637
-1.493
0.580496
0.31781
0.0011645
-0.835541
0.126266
-0.839234
0.724494
1.62379
1.71184
-1.3549
1.33274
1.42749
-0.533894
-0.360299
-1.04635
-0.687303
0.0177859
-0.214964
0.467665
-1.50604
-1.17234
0.0744174
-1.73318
-0.329911
-1.82039
-2.61733
0.360559
0.576979
-0.0488549
0.522518
1.30675
-0.348494
1.41614
0.790963
0.0248026
-2.03974
0.594627
1.57011
1.98781
0.172224
0.0583468
0.442362
-1.27731
0.108678
-1.16789
1.15197
-1.37602
0.216513
2.52015
-0.0544077
0.120504
-1.35958
0.437083
0.644015
-1.79779
-0.255289
1.12305
1.11432
-1.23005
1.97114
-0.873254
-0.369539
-0.334812
2.18483
-0.466778
1.12724
1.36163
1.39087
-0.894086
0.811127
0.650621
-0.512385
-0.809748
0.56112
0.604291
-1.91068
0.618075
0.107607
0.362081
-0.965497
0.485554
-1.31373
-0.374675
-1.52518
-0.0968581
-1.09736
-0.102204
-1.65291
-0.173887
-0.792291
0.289006
0.576587
0.274192
-0.239903
0.119432
-0.752974
1.21522
0.40304
-0.17332
-1.10612
-1.03953
-0.504968
-0.676687
-0.554292
0.681842
-0.0346933
1.42696
-0.0692768
-0.609971
-1.12608
-0.357959
0.12765
-1.86263
-0.513825
0.78468
-0.654544
-0.971107
-0.429511
0.242186
0.00289422
1.29189
-1.00512
-0.77815
0.336493
-0.282966
-0.731518
-0.985141
0.0779726
0.923438
-1.07032
1.46061
-2.02969
-0.426977
1.02323
-0.40007
1.6216
0.331759
-1.46796
1.44962
-0.349171
-0.680004
-1.09884
0.187154
-0.384357
0.649767
-0.755666
-0.455264
0.556309
-1.6599
-0.714387
-0.0411078
-1.67689
0.695519
0.952261
-0.174605
-0.431291
0.123353
0.718871
-0.0174794
0.337956
-0.246114
0.406233
-0.093731
0.724849
0.289791
0.97715
0.425463
1.16088
-1.04309
0.673953
0.798095
1.37213
2.93767
-0.817035
-0.870088
-1.20331
0.224849
0.362487
0.161513
0.434036
-0.483899
0.205189
-0.206204
1.20523
0.134228
0.989755
0.246231
-0.472455
0.844216
-0.717033
-0.398374
-1.01317
0.578462
0.644246
0.481036
-1.20561
0.772176
-0.735506
0.533609
-0.587024
0.0617792
0.466615
1.09856
0.822854
0.421324
0.773683
0.258834
0.0199904
2.07313
-0.47151
0.793049
-1.44934
-0.780806
2.02313
0.768592
2.50153
-0.701735
-0.201345
0.449364
-0.459722
-0.487022
1.47464
-1.06066
0.71988
-0.616343
0.00399613
-1.37975
-0.762956
0.685749
0.170223
0.942321
0.549385
-1.25331
1.40285
1.25719
0.687865
1.20197
0.140244
1.81019
1.08791
-1.0347
-1.66288
-0.510388
-0.252391
-1.12887
0.398257
1.21549
-0.446306
0.927942
-0.466192
0.160576
1.80624
-1.51956
-0.115012
-0.0501625
1.11577
0.689906
-0.638105
-0.374613
-0.1589
1.92497
-0.30235
-2.02856
-2.08226
0.242692
0.612741
0.451639
0.161826
-0.311135
-0.318703
0.133935
-0.920852
0.501696
1.57817
0.646845
-0.0297291
-2.18279
-0.222488
-0.708895
0.581528
-0.789194
-1.02432
-0.620242
1.18246
-0.222161
-0.778117
-1.65795
-1.41482
-0.00828815
-0.874896
0.826972
0.271024
0.100638
0.335659
-0.35501
-1.08182
0.151849
-1.20906
-0.639848
-1.75909
0.121014
-0.786183
-0.335067
-0.427718
0.642804
-0.136023
-0.529935
1.67169
0.182085
0.467309
0.40607
1.03939
-1.47568
0.911232
0.436329
0.990716
0.902764
-1.19313
1.20758
0.449357
0.14
0.55262
0.726576
1.65565
-0.0475415
-0.8531
-0.50302
0.35426
0.473942
-2.11374
-1.34255
-0.269148
1.29502
-0.636868
-0.839855
0.0576394
-1.92255
-0.581337
-1.37613
-1.03285
-0.629591
0.109128
1.32745
1.08841
0.745378
-0.77316
-1.68338
-0.689016
0.44642
0.432998
-0.782586
-0.174743
0.296746
-1.39281
1.07238
1.0937
-1.05941
-1.93866
-1.47578
1.58258
-1.17996
0.293229
-0.227383
-1.2494
1.49049
0.225507
1.58452
-0.100335
-1.05891
-1.42668
-0.809514
-1.35325
1.34186
0.139431
-1.27453
0.263827
-1.58391
0.955757
0.53942
0.842569
-0.164948
1.26461
1.76753
-0.907726
-1.57902
-0.773448
0.0289089
-0.716985
0.856666
0.0503348
-0.387556
1.51668
-0.518071
-0.965859
2.06304
0.259513
1.30751
-0.441012
-0.867259
0.928241
-0.541893
-0.00766647
-1.29473
-0.12457
-0.368863
0.740896
-0.465224
1.86584
0.00657976
-1.56364
0.479923
1.51733
-0.967648
0.855362
0.17445
-1.04783
0.0202937
0.0719514
-0.412639
0.684228
-0.788314
-0.402813
0.0186456
0.413614
-0.943187
-0.0575889
0.728155
-0.344629
0.307985
-1.18233
2.54137
-0.189694
0.522206
0.438836
1.44219
0.446657
-0.392895
1.06527
1.13875
0.579781
1.85063
-0.876476
-0.790452
-0.814873
-0.601979
-1.84566
0.235054
-0.863974
1.32099
1.41572
2.32728
-1.75981
0.123793
-0.684437
-0.158365
0.946116
-0.777539
-0.715897
-0.728814
-0.0541129
0.526137
1.3503
1.73123
1.4308
-0.494062
0.36847
1.09746
0.692466
-0.0970917
0.389574
1.23091
-0.633778
0.170687
0.100744
0.400544
0.0737974
0.963702
-0.681726
0.281205
-0.847421
-0.294227
-0.738136
1.03575
1.07567
-1.93485
0.0388978
-2.61805
1.69783
-0.533433
-0.526434
-0.0261117
-1.10748
1.25471
1.44485
0.10823
0.335848
0.423581
-0.34725
0.309572
-1.0791
0.449296
-0.243215
-1.25042
0.139734
-1.80741
1.02621
-0.700542
-1.3261
-1.43126
1.01196
-0.763484
-0.680623
-0.519841
0.27408
-0.76846
-0.674334
0.148113
-0.508446
1.9391
0.346543
-0.896921
0.628623
0.290762
-0.957195
-0.164591
-1.29645
-0.703633
-1.07872
0.19916
-1.52687
-0.456359
1.61485
0.346596
-0.226173
0.88641
0.201724
-0.934864
-1.07333
0.895921
-0.441656
-0.153812
-0.475293
0.0872853
-0.470215
-0.18445
0.948153
-0.272106
0.938738
-2.44438
-2.26582
2.44909
-0.744471
0.458252
-0.469213
0.0488924
0.733223
1.18839
0.19955
-0.109207
-1.54859
0.00531703
-1.32299
1.81254
0.858252
1.2009
0.66247
2.27462
0.879852
0.0248195
-0.681928
-0.153007
0.128716
0.118452
0.320544
0.255194
-0.54775
-1.65182
0.82885
1.42753
-1.0657
1.69692
0.135195
-0.909251
-0.985282
1.22509
0.569597
1.38237
0.976979
0.759456
-0.445345
-2.24739
1.7474
-1.02118
1.40399
0.803772
-1.2091
0.114189
-0.267701
0.155208
1.34032
0.409576
-0.112396
-0.916388
0.648118
0.694802
1.42738
0.224335
-1.77401
1.75601
0.349431
1.38758
-1.04316
-0.312823
0.638978
-2.15298
-0.00155014
-3.31422
-0.459799
0.211834
-0.789656
-1.08673
-0.0785113
-0.19235
1.03209
-0.0370343
0.889773
-0.53098
-0.682755
0.195943
-1.57911
-0.193089
0.522159
2.62517
-1.18396
-0.798271
1.16021
0.563814
1.13135
2.11625
-1.26613
-0.037984
-0.253217
-0.840517
-0.190583
-0.688626
1.36312
0.78335
-0.528604
-0.260954
-1.59493
0.846821
-0.557935
-0.310209
-0.569104
1.4877
1.30527
-0.312257
-2.22306
-1.22663
0.0851573
0.109326
-1.10008
0.173778
-1.72095
0.174348
-0.919208
0.188169
-1.68986
-0.607987
-1.59524
0.730816
-0.307795
0.413641
-0.102712
0.208683
0.867593
-0.16524
0.200368
0.825588
0.44626
-2.78575
-0.0427451
-0.823418
0.396704
-1.28402
-0.0359455
0.632857
0.0470952
0.107494
-1.29212
1.01307
-0.0254576
-0.112595
-0.00117946
-0.830321
0.812947
0.499525
-0.386044
0.824135
1.5239
1.08463
1.58551
-1.0459
1.99914
-1.72752
-0.782844
-1.8762
-2.18214
-0.713627
-0.0891606
-1.19026
-0.204712
-0.228686
0.997582
-0.702399
-0.340248
-0.640917
0.816137
0.23402
0.0417079
0.230191
1.74155
-0.53509
-0.329149
-0.808855
-0.0264575
0.0452161
0.165315
0.988936
-0.526634
-0.289868
-1.00642
-0.874355
0.85768
-0.692511
0.810977
1.46863
2.46091
-0.521302
1.04457
-0.105474
0.426322
0.160759
1.90296
-0.609149
0.258387
-1.30416
0.608896
-0.728117
-0.578309
0.280824
-0.564507
-0.662289
1.12229
0.562385
-0.744873
2.47317
-1.29538
0.974813
-0.100349
0.107796
1.20774
-0.655501
0.528654
0.0519378
-0.627597
-0.221206
0.691983
-0.136773
-0.639698
1.47428
-0.615
0.340871
-1.05758
-0.00129211
-1.76666
0.141171
0.0475805
0.930084
1.06335
-0.255355
-0.784345
-0.853299
-0.878702
-2.01314
-0.0553361
1.68661
0.0159321
-0.0118702
-0.426204
-1.08435
-1.69109
0.971899
-0.544822
0.0216011
2.75798
0.283432
1.77527
-1.84319
0.242016
-0.825807
-1.43205
-0.147761
0.896246
1.05442
-1.20118
0.0893704
-0.76446
-0.718738
-0.458638
1.31159
0.634638
1.2138
-0.49104
0.114837
0.280465
-1.106
1.51599
0.224687
0.187757
-0.225751
-0.973762
-0.896429
0.67631
0.716414
1.15166
-1.52888
-0.303956
0.107385
0.490828
0.474185
0.804435
-0.0421167
-0.296005
-0.466938
-1.12324
-0.549053
-0.375425
0.36286
0.783342
-0.512828
-1.10141
-0.735561
0.185912
2.11834
1.60298
1.49494
0.273407
-0.270827
0.677643
-2.04939
-1.55891
-0.969581
0.592601
-0.803377
0.460577
1.54886
-0.551335
0.0791706
1.34281
0.576216
-0.828647
1.74629
-0.860564
0.353462
1.78723
0.743121
0.304226
0.0666784
-1.09857
1.01967
1.41245
-0.299039
0.732882
-0.658519
-1.83792
0.237734
-0.0795872
-0.795826
-0.0629997
-1.85241
0.809482
-0.208041
-0.791239
-1.12921
-0.219556
1.73726
0.916906
0.255046
-0.945261
1.14944
1.324
-0.729276
0.27307
-0.782753
-0.978418
1.07716
-0.267027
-0.931731
1.79495
-0.263686
0.628482
-0.623987
1.16822
1.771
1.49034
-0.504574
0.343804
-0.962645
-0.787955
-1.3076
0.228061
1.45559
-0.883708
-0.125641
-0.983171
0.651605
-0.416084
-2.1576
-0.603125
-0.39855
-1.24484
0.508442
-1.12654
-0.0115258
1.0064
0.816944
0.0439655
-0.835005
-0.897148
-1.12139
-0.831165
-0.968359
1.86788
0.136891
1.57535
0.16997
0.162582
-0.559995
-2.19768
0.902993
0.38129
-2.66886
0.318411
1.33867
1.07789
-0.828285
-0.261102
1.31662
-0.429893
-1.20462
0.27294
-0.657888
-0.307421
1.08192
-0.125058
0.00911784
0.873043
0.146573
0.416012
-2.46512
-1.20443
1.86805
0.0310097
1.78265
0.819656
-1.73033
0.0837775
-1.55868
0.0335024
-1.48639
-0.412877
-0.343591
-0.979369
-1.55505
1.6895
0.91929
-0.999374
-0.197179
-1.8332
0.0219006
-1.52723
0.315592
0.892358
-1.22544
0.278081
-0.654212
1.20649
0.0584115
-0.191676
0.649993
-1.30882
-0.341902
-0.984885
-1.37952
-0.131029
-1.02284
-0.00811827
-0.447158
-2.58709
1.84249
0.679574
0.0400354
-1.88082
1.55634
-0.824553
-1.01532
-1.13116
0.766941
0.307967
-0.561563
0.00770724
0.224473
-1.18455
0.676151
0.0760726
1.19881
-0.00232369
-0.681165
0.442908
-1.70667
0.87967
0.294472
-0.821714
-0.0845202
-0.343349
-0.387589
1.11322
-0.625374
-1.17104
0.196039
-0.3543
-0.684941
0.0782755
0.168052
0.444965
-0.0253323
0.611316
0.0442189
-0.806995
0.903535
-1.06907
-0.183918
1.75458
-1.209
0.605335
0.579179
-0.480295
-0.477985
-1.60373
-0.281807
0.167301
-1.0308
0.306841
0.409612
0.907184
0.564596
1.80564
0.288571
0.230556
0.408482
-1.38693
0.899048
-0.57181
-1.08199
1.07226
-1.969
1.12627
-0.738996
1.90002
1.43143
0.0150568
-0.0534015
-0.338254
-0.179812
-0.318572
0.975525
-0.0374517
0.174477
-0.229968
-0.0246984
0.360943
1.56698
0.535782
0.454178
0.538396
0.445942
0.478417
0.865945
1.8692
-0.0962999
-0.960545
1.0884
1.53442
-0.456352
-0.757553
1.78328
-1.96051
-1.52359
-0.966334
-1.69193
2.29609
-0.186766
-0.228569
-0.695697
0.635919
0.367555
1.40044
2.09746
0.743955
0.714396
0.211654
1.00699
0.345699
2.66956
-1.21637
1.34742
-0.96669
0.608622
-0.444
0.566176
1.98316
-0.122926
-0.701854
-2.4721
0.892426
1.56813
0.395846
1.80289
-1.4255
-0.124806
0.790878
0.74689
-0.296347
0.384048
1.44513
0.497208
0.28038
0.957563
-1.37261
0.760194
-0.433475
0.711216
1.16989
0.00932574
-1.48689
-0.712299
-0.375109
0.805036
1.68914
-0.927056
1.08807
-0.455736
2.09263
-0.755161
0.832811
0.231596
-1.64953
0.338962
-0.797444
1.03187
-0.492218
-0.229214
-2.1361
0.575653
1.84086
-0.167802
-0.128056
0.215503
1.14454
-1.1783
-0.481847
-0.95239
1.82095
-0.753727
1.01153
0.490286
-2.55223
-1.06622
0.465019
1.18641
-0.355489
1.08077
0.644252
-0.14609
1.19087
0.453941
-0.41192
0.099889
-0.662548
0.107364
-1.54466
-0.0479759
-1.89655
0.763695
-0.861388
0.87612
-0.40227
-0.349083
-0.299814
-0.293242
0.480524
-0.59269
-0.761051
-0.661474
0.400474
-0.872274
1.36411
0.511902
-0.224998
-0.376302
0.95689
-0.385927
-0.312363
-0.180277
-0.637802
-1.52004
0.662109
0.436219
-0.131038
-1.28177
-0.225573
-0.204133
0.544704
-1.54322
-0.854912
1.82008
0.670875
1.82326
-0.691328
0.480655
-1.23813
-0.218481
0.891636
-0.39
-0.286171
-0.894922
0.472469
-0.479697
-1.165
0.386904
-0.380581
-0.447972
0.267574
1.17287
-0.721758
-0.101867
0.0954155
0.503192
-0.837172
-1.596
0.822876
0.209878
1.53217
-0.196741
-0.637014
0.60184
-0.457215
-0.110401
0.899828
0.4228
0.0855849
0.0443596
-0.079107
-0.7222
-0.928273
0.343478
-0.235306
-1.38042
-2.06219
1.15681
-0.0598799
1.12226
0.877949
-1.66734
1.75267
0.156967
-0.466453
-0.989848
2.12128
0.299386
0.621472
0.680525
2.19865
0.815991
-0.432234
-1.10094
-1.45992
0.548736
-0.391716
-1.16648
-0.737978
0.448692
-0.092862
-0.568941
3.06972
-0.169157
0.728163
0.416936
0.416085
-0.109697
-0.0572539
0.254923
-1.19052
0.708521
1.39821
0.34022
0.201242
-0.490107
0.878554
-0.549172
0.473433
-0.284018
0.187017
-1.03973
0.392321
1.13338
0.852001
1.16332
0.727791
1.37142
1.67121
0.141664
-0.778008
0.717407
-1.40887
-2.04021
0.338666
-0.416963
-0.911187
-0.658949
0.191234
-1.18312
1.93981
0.296087
0.515223
-1.17019
1.46229
2.06971
0.74509
-0.226989
0.568962
0.317227
-0.421823
-0.213745
-0.47483
-0.181687
-1.28656
1.01772
-0.0255391
0.783112
0.911766
1.37246
0.722738
1.16342
0.838169
-1.06274
0.665774
1.26592
0.0153736
1.92235
0.420598
0.382692
-0.0406222
0.299916
0.080698
-1.6309
1.80343
0.258077
0.295606
-1.08839
0.25939
0.820597
0.279032
0.36403
0.271702
1.72004
-0.395063
1.70243
-2.61386
-0.779687
-0.294918
-0.44983
0.272788
0.884066
1.4482
0.861663
-0.236967
-0.857078
-0.643218
-2.16652
-0.435235
1.49577
1.45542
0.34951
-0.257151
0.251203
-0.403289
-0.188628
-0.373959
0.711845
-0.701771
-0.647339
-0.588086
-1.68928
-0.032837
-0.0968528
-0.0975024
-1.385
0.795069
-1.23244
-0.852633
0.435208
0.106548
0.305099
1.05048
1.59949
-0.491758
0.21488
0.222904
-0.980238
1.0163
0.44618
-0.980121
-0.292981
1.52037
-0.152003
-0.806422
0.407862
0.204684
1.05771
1.34791
0.490739
0.11907
-1.55267
-0.85783
-0.44708
-0.123576
0.12151
-0.903642
-0.0854152
0.21645
0.472618
-0.49624
1.28757
-0.874901
-1.04801
0.212833
1.3242
0.170679
-0.966083
0.142157
-0.250398
0.869523
-0.523217
-0.80184
0.704365
-0.982965
0.24678
-1.55641
0.927804
1.1983
-0.271838
-0.200299
-1.00823
-0.449433
2.13491
1.03301
0.0500046
0.736319
0.0615734
0.955106
-0.494241
-1.28843
-0.772677
0.369128
-0.693616
-2.13858
0.92084
1.35172
0.211599
1.37051
-0.931266
0.398796
-0.955211
-2.21051
-0.498241
0.672109
2.25954
0.00905937
-0.642726
1.45289
-0.181652
-0.0545834
-0.212525
-1.13426
-0.922283
0.798597
-1.16812
-1.02772
1.36655
-0.663433
-1.94568
0.816475
-0.266654
1.03866
-2.35545
-0.38771
-0.511672
0.286025
-1.14669
0.252677
1.43739
-1.74086
0.00373721
0.49256
0.370374
0.142127
1.72506
1.38116
-2.57749
1.22448
1.01648
-0.46427
0.213844
0.189769
2.75643
-0.13493
0.296166
0.15019
1.26952
-0.0494371
2.26872
0.613376
-0.707379
-1.64204
0.831501
-0.548951
-0.942271
0.0525954
-0.245692
0.674047
0.848727
0.351618
-1.6875
0.648513
-0.106443
0.28609
1.41099
-2.0626
-0.468588
-1.05786
0.0156139
1.4276
-0.450328
-0.396854
0.361329
-0.334982
-2.6058
1.27136
2.00985
-1.44587
-1.52567
-1.22464
0.417035
-0.503713
-0.377864
0.911105
0.776155
-0.251943
1.39399
-0.458282
-2.66632
-0.791868
-0.273253
0.485624
-0.24212
-1.2613
0.0714545
0.306729
1.81151
0.433935
-1.59794
1.14159
-0.403983
0.474761
-0.836587
1.1248
-0.415999
-0.695135
1.07338
2.06645
-1.52695
0.440471
-2.44632
0.854588
1.07897
-0.937806
-1.71653
-3.32677
-1.41555
-0.355796
1.99258
-0.350205
0.624124
0.844352
0.461053
-2.4031
0.665365
-0.71711
-0.317563
0.945678
1.10906
1.1529
-0.314102
2.16264
1.23993
0.758974
1.4251
-0.509236
0.918769
-0.853726
0.935497
-1.49215
-1.06157
-0.46144
-1.90805
-0.408171
-1.16981
0.303934
-1.06346
-0.696744
-0.188338
-0.706815
-0.20754
0.599198
-0.722208
0.689094
0.479828
-0.419408
1.20274
0.526528
-0.833424
-0.00686681
-0.0210562
-0.0452845
-0.223099
0.419489
0.958062
0.474443
1.12068
0.00858134
0.842558
1.15784
0.219466
-1.70277
0.189787
0.260678
-1.42693
-0.28993
0.750645
-0.168546
-0.593719
-1.68914
-0.778
-1.03021
0.115615
1.13628
-0.910912
-1.03681
-0.649517
0.723198
0.796785
-0.0702999
0.278869
-0.94121
-0.82966
0.958181
2.5573
-0.392428
-1.54546
0.450398
0.713924
-0.0389804
-0.646739
1.63961
-1.79637
-0.219352
0.552428
0.649786
0.35591
-0.369672
0.305959
0.180692
0.83337
0.597659
-0.304521
-0.981923
0.0863517
0.0833459
0.21762
0.309833
0.507458
0.705002
-1.63641
1.24056
-0.234459
-0.465035
0.716854
-1.39819
-1.72889
-1.26534
-1.54458
0.016205
0.911624
-0.974054
0.710723
-0.632328
-0.101705
-0.0682235
-0.191206
0.0609745
0.757418
0.263549
-1.91621
0.609068
-0.917268
-0.566635
-0.627532
-1.35446
0.197121
-1.19088
-0.144091
0.85243
1.04982
-1.92312
1.45258
-0.444089
0.00288719
0.432276
-0.671185
-0.817818
-0.0713809
-0.113196
0.142704
0.863731
0.72722
-0.0740109
1.55979
-0.427901
0.903187
0.946298
0.521073
-1.76038
0.402085
0.74291
-0.254332
-0.454167
1.11594
1.04275
1.23176
-0.160369
-1.97518
-1.17734
0.430584
-0.588244
-1.23683
0.593542
0.467843
-0.342656
-0.0757151
0.310089
-0.400272
0.854189
-1.45188
0.150741
-0.363331
1.48086
0.177311
-0.799865
-0.350498
0.451402
2.24373
0.696909
0.567356
0.936611
0.201267
-1.01751
-0.613895
0.298426
-0.632512
0.183119
-1.00865
0.177705
1.20206
-1.32347
1.47017
0.144447
-1.11623
2.00724
-0.516243
-1.28483
-0.255189
0.710698
0.34109
-0.606573
0.103264
-0.447241
0.173008
-0.87638
-0.327632
1.01295
-1.27117
-0.615374
-0.705566
0.623675
-1.94598
0.629166
0.559095
0.164891
-0.474947
0.405866
0.43737
-0.22461
2.12913
-0.0993161
0.974108
-0.853541
0.103815
-0.638711
1.69505
-0.473917
-0.682487
-1.67377
0.477064
-1.43159
-0.683683
1.32422
1.59569
-0.0932308
0.435633
-0.857669
-0.704644
-0.0924528
0.492798
0.853764
1.30911
1.6299
0.428719
0.063702
-2.07821
-0.787213
1.26363
0.362177
0.848187
0.239063
-1.10979
0.689193
2.06706
-1.55954
0.451569
0.118906
-0.0618322
-0.110327
0.705956
1.91599
-0.35912
-0.0454501
1.29698
0.342434
-1.22786
0.276801
1.37711
-0.166309
-2.30113
-1.58064
-0.006832
-0.853764
1.0507
0.64782
-0.677393
-1.55222
-0.993681
-0.153278
-0.195085
-0.394808
0.595278
1.09474
0.465112
-1.33405
0.903167
-0.0542199
1.34109
0.248675
0.468536
-0.338601
-1.37299
0.360525
-1.19313
0.628112
2.11782
1.28086
0.37961
1.24531
0.892506
-0.687668
-0.628915
1.84682
0.620465
-0.828921
-0.404728
0.238922
0.330757
0.020069
-1.04063
-1.06276
-1.37658
-0.788825
-1.69142
-2.57087
-0.521946
-0.593702
-0.171008
-0.627479
0.30586
-0.339895
1.57643
0.514528
-0.55505
-0.648252
1.26589
-0.30692
1.19531
-1.58969
0.705998
-1.59211
1.7015
0.0914555
0.343006
-0.695784
0.94139
-1.14974
-1.56093
0.190378
1.52052
-1.26035
-0.594424
0.283516
1.82883
1.21042
1.0185
-0.268771
0.705179
-0.152093
-1.13942
0.251507
0.662031
0.0585865
-1.9334
-0.332518
-1.73366
-0.424106
0.513174
0.973749
0.0146301
-0.0938466
1.14803
-0.0602974
-1.79517
-1.66603
-1.34275
-0.73452
-1.71
0.617355
0.774816
0.295035
1.16463
0.784963
-2.21517
-1.57588
-0.948898
0.584614
0.827867
-0.286712
-0.194364
-0.411077
-1.20146
-1.54464
1.00236
0.163538
-0.47559
-0.758924
0.308242
0.854155
-0.484237
0.952863
-0.671257
0.396789
1.31021
-0.527244
0.60428
1.01904
-1.02536
-0.643182
0.799856
1.60996
-0.693737
-0.585677
-1.56415
0.719177
0.128775
-0.79341
-2.12083
-0.654654
-1.07868
1.11874
-0.798551
0.266594
-0.116202
0.539091
-0.222126
0.0204714
0.245108
0.395084
-0.494273
-0.922548
-0.542765
0.452862
-0.278368
0.60428
0.565176
0.950431
-1.72017
-1.0011
-0.549756
0.76297
-1.90788
1.50611
1.1511
0.22963
1.01505
0.354135
-0.614614
1.0536
-1.48499
0.23034
0.84746
-1.00368
-0.3363
0.289566
1.62479
0.734408
-0.0575847
-0.272025
0.762164
0.670931
-0.209368
1.04944
0.70323
-0.407974
1.08847
1.53057
0.0836554
0.249484
-0.881395
-1.42692
-0.904268
0.485325
2.04514
0.0864401
-1.07182
0.621974
-1.02879
0.152788
-0.890634
-1.34924
1.62465
1.7374
-2.0043
-1.64792
1.12652
0.200102
0.752716
1.62627
0.305564
-0.656437
2.17346
0.0836074
0.475314
-0.566369
0.429588
-1.04025
-1.51503
-1.77118
-0.832994
0.634004
1.29975
0.00398898
-0.102888
-0.761639
-0.725752
-0.756737
0.243395
0.138918
-0.798722
-0.66824
0.0683082
1.52667
0.467883
-0.443564
2.28872
0.414279
1.92441
1.5003
0.260457
-0.306798
-0.50772
0.826441
0.319074
1.63064
1.80977
0.131354
-0.0848358
-0.555543
-0.467214
-0.428007
-0.751855
-0.42032
0.234492
-0.942
0.542634
-0.217996
0.755664
0.379285
-1.05236
0.541681
-0.0190615
1.11301
0.40911
-0.207123
1.54062
-1.39021
-0.647346
0.242651
0.205355
1.03098
-0.14593
0.685443
0.247629
-1.56181
0.165283
-0.766594
0.382109
-0.374625
-0.746128
0.186048
1.59123
-1.34947
-0.281993
-1.64199
0.0443069
2.07383
-1.69524
0.343591
2.10114
0.862803
-1.08307
0.000393748
-1.19569
0.466744
-1.14658
-1.11842
2.45013
-1.46168
-0.751487
0.0403739
-2.29916
-0.212855
0.637271
-0.864258
-1.48263
-1.0745
0.346388
-1.52001
-0.722078
0.289311
1.4792
0.545688
0.751654
0.227375
-0.652692
-1.36796
-1.43458
2.56731
-0.514915
-0.859198
1.3232
-1.07079
-1.1668
0.668675
-0.514184
0.954742
-0.648667
1.46793
0.353953
-0.741405
-0.566597
0.224433
-1.12615
0.68071
-0.089881
-0.641353
-1.60641
-1.93271
-0.801071
-0.852118
-0.0199063
-0.778288
-0.0281681
1.12754
0.0340466
-0.211894
-0.771464
-1.63249
-0.502321
0.937591
0.223117
-2.2545
-0.311118
0.300729
0.717297
-0.659018
2.58614
-1.04147
0.135859
0.679383
-0.0541034
-0.304658
-0.42888
-0.291893
-1.26157
0.0638332
-0.246877
-0.14144
0.464068
-0.731188
0.641954
1.56323
-0.695028
-1.08226
2.29515
0.324004
1.7833
1.07772
0.050424
0.787179
-1.35071
0.33001
0.481198
-0.984878
-0.977974
0.45807
0.184983
1.41789
-0.977912
-1.39072
-0.372684
-0.16586
-0.487133
-1.58059
0.767833
-0.0042212
0.129913
0.507093
0.396186
0.773883
-0.460309
1.21662
2.39789
0.106989
-1.18476
-0.797827
-1.65538
0.523343
-0.607521
-0.37904
-0.953418
-0.526289
0.514068
1.45093
1.38941
0.42437
-0.895244
-1.68643
-0.0887343
0.915107
2.0095
0.849292
-1.32325
1.12149
-1.77536
-0.343251
0.180754
-1.48999
-0.743648
0.0276327
-0.315212
0.448228
-0.718061
-0.982767
-0.715193
0.268363
-1.13797
1.25776
-0.635946
0.713803
-0.859794
1.16151
0.315002
1.89836
0.63609
0.640519
0.639537
-0.593235
-1.02525
-0.436556
-1.14273
0.0787227
-0.0139506
0.758108
0.335824
-0.936854
0.0774084
-0.829279
0.440495
-0.104014
-0.905132
2.99403
1.3518
-0.354516
-0.134602
0.265871
0.0436031
-0.888871
1.4605
-1.88727
1.69159
-0.823674
0.513683
-0.704211
0.873539
-0.47695
-0.472941
0.350866
1.28024
-0.788047
-0.483958
-1.00129
1.63819
2.04352
-0.876116
0.453482
1.86738
0.0913119
-0.535153
-1.38339
-1.4872
1.38847
0.469519
0.193941
0.310261
-1.61549
-1.4848
-0.46502
0.526052
0.587105
-1.59622
0.888418
0.823344
-0.201029
-0.453018
1.16245
0.884543
0.764277
-1.28676
1.17223
0.0655797
0.446385
-0.909467
1.23898
-0.200985
-0.0903304
1.77989
0.967173
-0.0846975
-0.69444
0.00553876
0.21851
1.20073
-1.30494
0.255407
-0.225227
-0.341901
-1.67663
-0.790919
0.623392
-0.226363
0.0592043
-0.203401
-0.667659
0.992268
0.758662
-0.990756
-0.576148
1.8435
0.535436
1.31563
1.29116
0.704964
-0.437205
2.71688
-0.554853
-1.04969
-1.0777
0.460956
-0.0124817
-0.0575325
-0.598347
-2.51851
0.441559
-0.828335
-0.0187617
0.529984
-1.83345
-0.212406
1.20823
-0.800449
0.877603
-0.849056
0.884983
-0.482968
-0.156071
0.836584
-0.958005
0.488079
1.3404
1.8337
-2.30244
-0.0151304
-0.0341244
0.509838
1.64621
0.701275
0.750886
0.870322
-1.69847
0.0605357
-1.36978
-2.59276
0.232589
0.945512
0.739295
0.352719
-1.13732
0.695673
1.54386
2.16387
-1.35935
-1.09404
0.74434
0.371307
0.0153537
0.665128
0.421048
0.249028
-0.277638
-0.764327
0.267294
-0.891415
0.92813
-0.593938
-1.06746
-0.888131
-0.584877
-0.285297
-0.841667
-0.103317
0.168291
0.713806
-1.39181
0.67564
-1.48863
-0.8493
0.241928
0.55165
-0.789368
-0.335453
0.822523
-1.88261
1.49072
-0.302223
1.34598
-0.726945
0.46262
-1.83886
0.0081901
0.00927848
-0.931438
-1.68003
-0.684519
-0.795265
0.558654
-1.27139
1.50644
0.328425
-0.285453
0.918903
-0.0196677
-0.140549
0.179613
-0.398639
-0.627056
0.915917
0.418853
0.185874
-0.285305
-1.32991
-0.0619763
-1.08993
-0.953362
-2.07802
-0.582686
-2.03529
1.61108
-0.525218
-0.472442
-0.594497
-2.14242
0.115674
-1.15098
0.0131102
-0.406124
1.64665
-0.692583
-1.74085
0.992546
0.582233
0.16442
-1.55261
0.352372
0.960237
0.251073
-0.191325
0.555398
-1.07261
-1.09826
0.849928
1.08159
0.463418
-0.25065
-0.313078
0.468488
0.882225
-0.584452
0.391518
1.96151
0.978542
0.95731
0.991531
0.228924
-0.480098
-0.165463
-0.275833
-0.489904
-0.871663
1.06023
0.111377
-0.116569
-0.984386
-0.804669
0.858175
0.489468
1.6363
-0.48206
-0.176938
1.29973
-0.925559
-0.850313
0.612439
0.349312
-0.474711
-1.22387
1.84114
0.149967
-1.72754
0.398122
1.37765
0.984104
1.13534
0.895451
-0.279732
-1.25581
-1.45525
0.0403867
1.6881
-0.234385
0.420793
-1.41704
0.105114
0.964248
-0.316771
-0.619747
-0.86929
0.463406
-1.07683
-0.361164
-0.559166
0.409141
1.27674
0.784847
1.39771
0.217324
-1.29299
1.04254
2.67373
-0.119666
-0.81392
-2.21141
-3.528
1.46422
0.25353
0.649712
-1.07688
0.858251
-1.81613
-1.01357
0.499156
0.684126
-1.28494
0.66142
0.876357
-0.604232
1.33215
0.00744092
0.335253
0.127071
1.58381
1.68378
1.19779
0.579251
0.7197
-1.41744
0.272144
-1.30813
2.33797
1.03319
-0.875189
-0.0918406
-0.593535
-0.895973
-0.334773
-0.368463
0.951936
-0.405142
-0.800918
0.392019
1.28644
-1.13221
0.557268
0.271553
-1.29546
-0.954698
-1.09876
-0.357764
1.57762
-0.0825882
0.333496
-0.200453
-1.12301
-2.0136
-0.744799
-1.14216
0.0898768
-1.34211
0.881799
-0.470393
-1.39469
-1.59018
0.153033
0.457187
-0.0683228
-0.0641779
-0.628538
-0.0582991
-0.102512
1.53906
-0.14806
0.692226
-0.852949
0.287857
0.722971
-0.631111
-0.467301
0.987774
1.2305
-0.825097
-0.797349
0.97347
-1.28349
0.288897
-1.51056
1.12245
-0.238038
-0.546753
-0.198066
0.631134
-0.441545
-1.7288
1.38565
0.348122
0.373917
0.0974289
0.269682
-0.654896
-1.04217
0.22838
1.1346
-1.85811
-0.399288
1.65456
-0.546075
-0.996575
-1.49309
-0.571748
-0.522316
2.76747
1.3915
-0.937715
-0.145095
-1.60483
-0.181065
0.887198
0.345419
0.0297092
-0.663582
0.80634
1.91751
0.737216
0.851488
-1.48708
0.314895
-1.18929
-0.0925013
1.92011
0.151295
0.54919
-1.1657
-0.630219
0.474063
-1.51291
1.70284
1.0454
0.885549
-0.421213
0.556067
-0.556991
0.523837
-0.623299
1.75568
-0.101736
-0.711502
0.569482
-0.225105
0.859703
-0.756651
-0.940946
1.83341
-2.37166
-0.107634
-1.78534
1.7334
0.42038
0.0675753
1.08833
0.448766
-0.788738
0.494922
0.969103
2.72851
-0.00246614
-1.55251
-1.82452
0.000992
-1.67872
-1.00829
-0.934397
0.258623
1.19123
0.589452
-0.34826
0.123192
-0.542199
-1.28617
-0.260644
0.508164
-0.161854
-0.926198
0.447407
0.141328
-0.779509
-0.247491
1.65422
1.19443
-0.666442
-0.0188078
-1.60844
0.266179
-0.287257
0.5867
0.0556254
-1.56092
-1.21037
0.0425446
-0.165861
-0.420987
-0.250728
0.271556
-0.767935
0.477275
1.21954
0.0104656
-0.393293
-1.08698
0.0654869
-0.406767
-0.0743299
0.0484715
-0.156818
-0.168217
2.89208
0.64491
-0.637491
0.813218
0.676408
1.09719
-1.62354
-0.727107
-0.790742
2.38594
-0.909507
1.40376
0.472106
-0.494852
-0.384175
-1.22994
1.07913
0.434797
-0.562142
0.091795
-0.57512
0.176706
1.22352
-1.2453
1.55735
1.53793
0.00786507
0.891921
-0.257166
-0.654966
-0.267105
0.105166
-0.735713
0.501476
1.46628
0.0703632
1.15735
-0.221033
1.10382
0.590872
0.283808
-0.78751
-1.58911
-0.732803
-0.547379
-0.969754
-1.3819
1.50659
-1.77862
0.983808
-0.715412
1.34234
-0.25056
0.290016
-1.07185
0.809735
1.98735
-0.411069
1.21175
-1.67228
-1.19027
0.0788398
0.583241
1.38682
0.871094
0.876604
-0.54785
0.693313
0.167642
-1.79802
-0.398341
-0.48261
-0.814446
1.15481
0.448022
-1.12034
2.15033
-1.0162
0.478539
-0.363909
-1.59453
0.476616
0.947259
-1.7216
1.18894
-1.34838
0.227934
0.0262789
-0.799623
-1.39428
-1.06693
0.244936
-0.283075
-0.0230422
0.0432578
0.216824
-0.0197679
0.618777
1.0021
0.713627
-1.21908
-0.378122
-1.95917
-1.76347
0.0886002
0.819826
-1.07211
-0.631061
-2.31326
0.125728
1.79855
1.87507
-0.184982
0.394602
0.999251
-0.488411
-0.83558
0.413297
-1.31921
-0.953442
0.643923
0.882082
1.27272
0.783154
-0.849142
-1.38838
0.544544
0.351165
0.172258
-1.2841
-1.21601
0.00796092
0.142241
-0.887189
0.23893
0.820715
0.460039
0.298977
-1.03118
0.375222
0.721547
-0.395223
0.863716
1.68746
0.982995
0.439402
0.0926565
-1.20238
-0.383576
0.254681
-1.43795
1.40526
0.0269445
-0.551526
-0.0934243
0.0031262
-0.679796
0.542414
1.76651
0.188784
-0.295583
1.56724
2.1424
0.817556
-1.47892
-0.949151
0.929319
2.56694
0.611781
-0.977325
0.373695
1.57141
2.40283
-0.162479
0.446008
0.231365
-0.400004
0.141805
-0.505239
-0.829644
-2.0603
-0.740912
-0.283909
0.292338
-0.73371
0.446435
0.438494
1.20586
0.0735254
-1.02917
1.51464
0.641387
-0.126479
0.548395
-0.383846
-0.952668
1.59372
0.45187
0.280372
-0.413602
0.685508
-0.62443
1.36971
-1.15999
-0.331095
-0.416701
-0.346123
-0.55735
-1.86851
-1.50627
0.249552
-1.36237
-1.84407
-0.109654
-0.251419
1.14452
2.0898
0.626006
0.0405836
0.0090273
-0.592451
0.79202
0.785919
-0.59047
-1.42273
-0.627439
0.983064
0.663636
-0.179476
2.20247
-0.0538179
0.55284
-0.83891
-0.582749
-1.19598
0.594819
1.08017
-0.133211
1.30278
-0.17544
0.340735
-2.21492
-2.00262
0.361104
-1.05586
0.363258
-0.2139
0.338458
0.767447
1.6694
0.152279
-1.41685
-0.68357
-0.828659
-0.201694
0.895512
1.34727
1.10518
-1.2381
0.255014
0.0125402
0.612466
0.157917
-0.444097
-1.81315
-0.0937112
0.260748
0.375067
-1.19364
-0.0904863
0.719461
-0.980591
-1.80315
1.24104
-0.108628
0.367947
0.415401
-0.692444
-0.0560753
-2.47045
-0.403917
0.572746
-0.0334749
0.0552893
0.851711
-0.697248
-0.0775422
-0.856543
-0.523718
1.35994
-2.0042
1.26983
-1.45086
-1.00224
-1.2807
-0.423517
0.12867
1.85141
1.08223
1.29126
-1.47671
0.430492
0.0171765
0.418656
-1.43598
-0.353713
0.749079
0.621577
1.21511
-0.996033
-1.42803
-0.8757
2.35265
0.646737
1.14874
-0.183507
1.5762
0.280084
1.04356
0.21107
-0.501321
-0.414604
-0.715458
0.309975
0.179873
0.617833
0.598714
-0.860172
1.14176
0.211549
0.842512
-0.659955
-0.726005
-0.00778514
0.375446
0.890952
-0.0796901
1.33854
1.13262
1.95349
-1.36387
0.156465
-1.20864
1.20948
1.01844
-0.752566
0.5439
-0.6513
0.318547
-0.603608
0.467514
0.500258
-0.654121
1.27091
-0.537229
-0.47331
1.06143
0.203325
-0.217632
-0.0796955
-0.243049
-0.0247108
-0.967188
1.04456
0.256396
0.00391573
0.411224
-1.50659
-0.0637226
-0.605959
-2.20057
-0.0449666
-0.329362
-0.208341
2.20853
-0.10987
-0.325887
2.39867
-0.449749
-0.00126004
-0.760076
0.175587
0.208776
-1.49517
0.504336
0.892929
-0.297508
-0.360564
0.955603
-0.240351
2.88894
-0.247809
0.898226
0.225049
-1.42427
-1.26163
0.738294
0.907929
-1.68046
-1.07803
0.798464
-1.16744
0.233945
2.17854
-0.535925
-2.76281
1.59
-1.33983
1.97
1.04088
1.88296
-0.322329
0.759566
0.0682797
0.337584
0.926453
-1.33396
0.149182
-0.482567
-1.12727
-1.11864
0.361875
-1.14248
1.54576
-1.0493
0.513898
-0.164193
-0.611783
1.70101
-1.20449
0.305751
0.995686
-0.825079
0.289785
0.484281
-0.894811
-0.0895887
-0.392755
-0.285699
0.202935
0.608177
0.0505221
0.578465
-0.668494
0.305981
0.464248
-0.0225888
0.762968
-0.387406
1.92243
0.599454
-1.11569
-0.439075
0.360963
0.132223
-0.51854
0.718012
-1.12568
2.31589
-0.402505
-0.791812
1.11667
0.363581
-1.07886
-2.07602
0.481914
1.08096
-1.227
0.646559
-0.555184
1.33839
1.39736
-2.01623
-0.639514
0.562106
0.330374
-0.190021
1.23544
0.163804
-0.773357
-1.26095
0.108715
-0.133146
-0.0521196
1.03005
-0.869272
-0.192384
-2.52977
1.22549
1.02487
0.360112
-0.118029
0.237259
-0.567
0.555151
-1.08927
1.81295
0.194348
-0.861613
-0.528642
-0.506993
0.699619
1.72528
0.043929
-0.175405
-1.65844
-1.31107
0.357295
-0.657481
0.843426
0.79545
0.956348
0.0255181
-0.219932
-0.788899
-0.062194
-0.628458
-0.0175068
-0.911434
0.336185
-2.04274
-0.719615
-0.659845
0.7013
-1.01587
0.786434
0.480417
0.242129
0.182426
-0.258775
0.296216
-2.21249
1.78608
0.00809628
0.531175
-0.504661
0.905529
-1.36183
-1.39464
0.910486
1.51637
-1.83525
-0.640603
-0.375083
-0.735637
-0.994117
0.55191
-0.474579
0.0127369
-0.782857
0.906757
-0.613551
0.72431
0.219781
1.42472
-0.899502
-1.28267
0.816904
1.03519
-0.0652033
-2.0676
-0.809944
0.817739
0.713397
-1.6545
-0.198007
-0.547589
1.41277
1.25081
-0.475186
0.758976
-0.186102
0.873582
1.24788
0.0118261
0.103541
-1.31076
-1.36505
0.306595
0.404861
-1.18
1.24334
1.0741
-0.0927425
-0.476054
-0.559584
-1.27826
-1.53761
-0.112144
-0.603293
1.30289
0.283212
0.855213
-0.120501
-0.11709
1.0703
0.23662
0.14339
-1.57304
-0.0279343
-1.26466
0.0897585
-1.1459
-0.729659
0.232075
-0.490668
0.354853
-1.67986
0.0932451
-0.460075
-2.29641
1.5066
-0.178864
-0.952885
0.668414
2.20243
-0.827168
0.28247
0.0940416
0.973914
-1.83756
-0.55874
0.96446
-0.538038
0.423096
-0.693042
-0.0674337
-0.581092
0.536208
-0.481191
0.961854
-0.848922
-0.0151569
0.161268
0.192254
-0.452057
-0.365323
0.209255
0.348203
-1.53132
-1.80909
0.0745686
0.894078
0.875835
-1.16586
-1.81917
-1.54885
0.630965
1.8398
0.0074209
-0.393817
0.723207
-0.679392
-0.134013
0.332456
-0.476812
0.346476
-0.481313
0.366379
-0.507241
-0.16514
-1.56377
-2.59107
0.780343
-0.086577
1.06173
-1.16988
-0.465511
0.0951116
1.35593
-1.7824
-0.759413
-0.499031
0.332685
-0.582756
-0.168523
-1.02023
0.0484896
-0.154127
-0.0918939
0.345034
-0.410891
-2.01725
-0.0284649
-1.04576
-1.29869
-0.624689
-0.299868
1.30294
1.20964
-0.260304
0.915057
-0.142603
0.751065
-1.12251
-1.50725
0.848793
0.680253
0.552275
-1.50089
1.15351
-0.516202
-0.290284
-0.491991
-0.311228
-0.178248
-0.102523
-1.14604
-1.94198
-1.3579
-0.411591
-1.21892
0.262842
-0.137124
-2.06708
0.287368
-0.0708176
-1.08204
1.25442
-0.0602844
0.356083
0.00530767
0.324664
-0.260087
-0.106465
-0.113292
-0.867021
0.612581
0.817991
-1.65444
-0.402321
-0.761412
-0.409242
-1.14293
0.246958
-1.28727
1.5761
-0.753726
0.340596
-0.0558051
-0.110883
-0.49741
0.48374
-0.791558
0.763585
-2.73152
-0.681822
-0.780396
0.675292
1.13239
0.215115
-1.09777
-0.45063
-0.440379
0.96595
-0.237436
1.70158
0.0288258
0.702863
-0.63831
-0.880731
0.887278
-0.168134
-1.81873
-0.122218
-0.598149
1.32009
-1.45955
1.53668
-0.143626
-0.612893
0.244347
0.14776
1.13288
2.30911
-0.0257803
0.281579
-0.141402
-0.696673
1.6833
0.814154
-2.07508
-0.99781
-0.642693
-0.402337
0.811616
0.928797
-1.44341
0.472794
-2.60582
0.606585
-0.257496
-0.144402
-0.779505
-1.01917
2.79002
1.31694
-1.25543
-1.23976
0.591529
0.12428
-0.425651
-0.298014
-1.87699
-0.387591
-1.10305
-0.4671
0.482757
1.53183
-1.38799
1.45233
0.749207
3.10913
0.618576
2.329
0.783397
-0.900076
0.0136442
0.0771208
-0.749887
-0.161663
1.40555
-0.822815
0.584378
-0.194641
1.27232
0.129391
-0.424854
0.692603
-1.52097
0.346589
1.57302
-0.69896
-0.314962
0.76793
0.59227
0.448319
-1.30854
-0.319505
0.773533
0.232664
1.79508
1.64647
-1.25142
-0.90135
-1.06094
-0.697719
2.00001
0.419819
1.13668
-1.03845
0.155468
-0.99702
-0.962594
-0.278823
0.58378
1.34675
-0.208194
-1.01039
0.131533
0.376718
2.222
-1.08
0.266895
-0.759254
-0.697065
0.469945
0.574856
-0.121949
-2.10367
-0.371184
0.651357
0.604639
1.64386
1.52729
-0.543665
1.11677
-0.0804791
0.731607
-0.142997
-0.700984
0.67981
1.03334
0.274596
-1.46897
-0.137083
0.289065
-1.87792
2.33012
-2.00335
0.861088
-0.807213
0.47541
-0.231596
-0.609895
0.741876
-0.00845218
-0.315365
1.36267
0.252775
-0.11254
1.82942
0.265343
-1.90174
1.46012
-0.397237
0.730471
1.79586
0.666842
0.870435
-1.63707
-1.8951
1.80567
-0.112943
0.502085
0.87203
0.68968
1.03017
0.578759
-1.21751
-0.695856
0.542178
-0.193457
-0.112975
0.631029
-0.570223
1.46448
-0.197483
0.600471
-0.971166
1.50132
-1.32881
-1.22016
0.229455
-0.943896
0.547578
1.21433
-0.615084
0.782183
0.727896
0.399868
-0.546551
0.0994538
-0.441738
1.22706
-1.40977
-1.42714
-0.396053
0.542967
0.0328934
0.28652
0.684339
0.276908
0.103073
0.664631
-0.927956
1.69489
0.212232
1.09135
0.851501
0.59682
-0.245967
-1.19222
1.18024
-0.214395
1.72185
1.38642
1.26392
-0.105987
1.76991
1.56884
1.03993
0.874912
1.09562
1.90924
-0.499046
-1.64328
2.1888
-0.739841
-0.712462
0.704142
-0.620092
-1.37528
0.208026
-1.43195
-1.27701
-0.294022
-0.876705
2.88093
0.156475
-1.24295
-0.244474
-1.15652
-0.313366
1.49578
-0.30056
1.35225
-0.775915
0.0986763
-0.38427
-1.58707
0.605467
-0.905404
0.184967
0.615345
0.391287
0.763569
0.828535
-0.321817
-1.00883
-0.0538898
0.636127
0.185496
0.0898134
0.955734
-1.43324
2.2363
0.68052
0.268216
1.27669
-2.37417
0.107444
-0.441719
-1.64816
-0.468522
-0.353548
-0.42398
-0.592985
0.427391
0.347522
1.10992
-0.923235
-0.770278
-1.81479
0.302579
-0.759114
0.377622
-0.576207
-0.564604
-0.799568
-0.449386
-2.38145
1.08275
1.1831
-0.742377
-0.837708
-0.368836
1.57312
0.616161
-0.859639
0.506446
0.549091
-0.0569214
0.957981
-0.391201
-1.76078
0.903172
-0.749708
-0.156096
1.82848
-1.62037
0.103738
0.353535
0.837292
0.522299
-0.250329
0.407722
1.44064
-0.582699
0.840561
-1.34002
0.530719
0.170089
-0.984884
0.0793176
-1.49733
-0.745344
-0.189748
-0.84452
0.247805
0.878804
0.108057
0.814639
0.671586
0.503743
-0.561811
-0.185147
-1.72485
0.612446
-1.43802
0.178005
-0.421766
-0.432741
-0.111827
1.54657
0.0278628
0.907707
1.26822
0.142852
-1.7748
-1.16115
-0.756297
-2.18716
0.286093
0.203555
1.63124
0.832364
-0.154675
0.901701
-0.962245
0.42214
-1.35824
1.64481
-1.28944
0.923225
-1.67563
-0.963696
-0.331283
1.89356
-0.0760404
0.250694
-0.0620179
-0.431803
-2.56218
0.876625
-0.799496
2.30786
0.574474
0.124102
-1.28352
1.41343
-0.673286
-0.73003
-0.648731
0.0546945
0.624584
-1.36113
-1.43793
-2.1787
0.987978
0.0778778
-0.178983
1.56743
-1.30211
-0.16079
0.655522
-0.493515
0.0633403
0.2897
-1.30915
0.724445
1.16821
-0.194658
0.742175
1.0732
-0.237781
-0.865837
0.398835
0.0224346
-0.458777
-0.202477
-0.128586
0.864303
-0.107226
0.889046
-0.997811
0.639642
-1.65469
-0.484646
-1.38917
-0.305924
0.0864745
1.67635
-1.76373
-1.02658
-0.177195
-0.167289
-0.0761724
-0.53337
-1.20725
1.09337
-0.478671
-0.927053
0.926597
-1.65953
1.60834
-1.60431
-3.49527
0.740322
0.557953
0.712379
0.555502
0.471111
-0.142494
0.384213
0.429822
-0.298548
1.36892
-0.821841
-0.781567
-1.00983
-0.327261
0.385901
-0.628526
1.63603
0.970812
-1.27103
1.61947
0.5629
-0.205687
-1.8206
1.60063
-0.057795
-1.2673
-0.316669
0.584011
0.873283
-0.145052
0.396774
-0.0318024
-1.04244
-2.62912
0.855256
0.0363396
-0.838997
-1.03677
0.0196733
1.15967
-0.527769
0.0933079
-0.22355
-0.711768
-0.313664
-1.85066
2.131
0.530255
0.223839
-0.192272
1.7419
-0.0339856
-0.134382
0.38122
0.52559
-0.303975
0.471044
1.1404
-0.196749
0.239728
0.38759
1.50394
-0.0684995
0.901592
0.224096
-0.455402
0.347214
0.629152
1.02232
-1.07949
-0.741324
0.462873
-0.06833
-0.670629
0.30097
-0.486123
-0.725061
0.734331
-1.91712
0.289081
-0.795162
-1.98489
0.0495114
-1.67179
-0.777264
-1.21083
0.558063
1.05214
-0.970774
1.05895
1.25573
1.15753
0.994683
-1.18352
0.105668
0.253635
0.286556
-0.339739
-1.50356
-0.897668
-0.937286
-0.622248
0.117441
-0.586099
1.14704
1.67482
-0.698247
0.468267
-0.12225
0.994369
0.923244
0.0108657
0.586732
-0.197964
-1.10915
-0.808203
0.262816
2.09189
1.22045
0.700698
-0.901685
1.44681
1.33243
-0.941808
1.15251
-1.14279
0.271437
-0.656668
0.103711
1.64025
-0.46598
0.191116
-0.0380079
0.761387
-0.0681244
-0.172047
1.25131
-1.49924
0.341539
1.1456
-0.457619
0.0625843
-0.828743
1.78626
1.74445
-0.715327
0.490568
0.715384
1.15804
1.7699
-0.926718
1.27615
-0.808538
-0.545701
0.0681264
-1.18153
0.774661
1.73342
0.156533
0.271981
-0.836881
1.08195
-1.72703
0.0776185
1.48213
-0.215221
0.418928
1.67473
-1.27137
0.531614
-1.2679
0.433914
0.262688
0.271616
-0.631694
1.36483
-0.724576
-0.676596
0.785303
0.9549
0.0179825
0.518078
-1.21005
-0.95025
1.57316
1.217
-0.568838
0.62512
0.792242
0.298451
0.370116
-0.417801
0.590061
-0.983505
1.79375
-1.33682
1.00382
-1.13173
0.33523
-0.705356
-0.45137
-0.719184
-1.44179
0.168356
-0.945237
1.12102
0.170804
1.54536
-0.0563515
0.334309
1.63257
-0.53053
1.43385
-0.267342
-0.183571
0.31177
-2.89771
1.03307
0.0950136
0.772046
0.681205
-0.204076
-1.09165
-1.38599
2.12653
0.108825
0.14989
1.75728
-1.46793
1.11494
-0.883817
0.635771
1.98959
0.0117967
-1.39566
-2.20841
-1.49043
0.465317
0.849895
1.02813
1.60196
0.474166
-0.183674
-0.063617
0.359673
-0.828662
-0.0547219
-0.635343
-0.943234
0.427529
-0.527297
1.72694
-0.333242
1.37147
-1.0964
-1.19049
-1.26367
-0.473274
0.601358
1.56389
0.152961
-1.19745
-2.51892
-0.0170258
-0.0322925
-1.4483
-1.19915
0.708554
-1.24601
-0.290895
0.140994
0.189581
-1.13024
-1.55792
-0.670758
2.0383
-0.245198
-0.137476
-1.44938
-0.533094
-0.124569
-0.516345
0.41
1.64453
0.618701
-0.0936663
-0.511107
0.539806
1.57032
-1.16614
0.284262
-0.592984
-0.206717
0.107879
-1.37181
1.11102
1.18817
0.81516
0.560464
1.27274
-0.468674
0.628229
1.03125
-0.960833
-1.16258
-0.128849
-0.130512
-0.314476
0.139649
-0.657514
-0.552209
1.41776
0.40601
0.867823
-0.998578
-1.54968
-0.00847185
1.28275
2.26996
-0.0445496
-0.224323
0.10079
0.201159
1.36666
0.334716
0.366866
-0.0675463
-1.20335
-0.334543
-0.703459
-0.665097
-1.01631
-0.684716
0.837148
0.189439
-0.131673
0.0336936
0.0625575
1.28546
0.38017
-0.00302213
0.068652
-0.647026
0.861873
-0.520478
-1.74918
1.22519
-1.38972
0.0525446
0.557941
1.13541
-2.16575
0.288937
0.591212
0.328996
0.501991
-0.0363301
-0.00232208
-0.538344
-0.442968
-0.497899
0.254398
-0.161151
-0.771005
-0.463691
1.30001
-0.328052
0.0320771
-1.16083
-1.96587
0.133242
-0.582086
0.144597
0.693936
0.771617
0.491686
-0.192719
1.92516
0.632201
-1.64625
0.740228
0.0512673
0.669058
0.586586
0.161018
-0.700431
-1.08412
-0.477566
1.18379
-0.338404
-0.607532
1.08512
-0.590972
-0.0820114
-0.918401
1.31828
0.635112
-0.610412
0.971575
-0.339121
0.242348
0.903582
-0.105006
0.0120136
-1.21165
0.502769
-0.808902
0.534604
-0.406005
0.566031
0.999357
-0.564832
-0.229743
0.720899
1.50677
-0.474498
0.332221
-0.508247
1.71053
-0.418349
-0.732491
0.29006
-0.0444481
-0.980663
1.23155
-1.14289
-1.87955
0.950492
0.882395
-0.327146
-0.0518883
-0.841861
0.591164
0.496821
-1.05654
-0.966245
-1.01109
1.38906
0.472395
-0.822407
1.43043
-0.478386
-0.558979
-0.994616
1.46328
-1.24507
-0.0721891
1.06268
0.0574656
0.0809798
0.593893
1.51608
0.383818
0.626352
-0.393266
-0.619968
0.755385
-1.31653
-1.37396
0.0256752
0.905459
1.89012
-0.475301
1.40285
0.850718
-0.182741
0.846417
2.42325
-0.203861
0.0313109
0.00794834
1.33334
0.634623
-1.70152
-0.688931
0.00518709
-0.304353
0.560326
0.351124
0.623196
-0.357982
0.202129
1.30225
-1.65049
-0.512458
-0.441582
-0.545933
0.238403
-1.32603
0.658918
-0.11893
0.446663
-0.151121
-0.734125
-0.620186
0.236319
-1.57651
0.116804
1.18341
0.336041
-1.27171
0.305873
1.42693
-0.767256
-0.943448
-0.224193
0.593585
1.37405
-0.0391256
-1.04699
-0.33874
-1.75273
0.590049
1.70184
-0.994116
1.23929
-1.15772
-0.441579
-0.688703
0.0246649
-0.380983
0.561019
-0.0552548
-1.00738
-0.712304
-0.320432
-0.458629
1.20733
-0.481965
0.364566
-0.797739
-1.30149
0.0694299
-0.423933
0.857455
1.35183
0.241629
-1.55597
-0.027934
-2.0032
-0.246455
-1.08617
-0.814968
-1.18967
0.431352
-1.7279
1.54971
1.35789
0.612202
1.01347
-0.245057
0.680855
-2.16829
-1.72746
0.0904242
-0.0711281
1.22383
-0.0300032
-0.810059
-0.051375
1.3955
1.27522
-1.11006
-0.996259
-0.113383
-0.849539
0.752292
-0.215757
-0.734084
0.529168
2.3844
1.30976
0.402661
0.327949
1.15185
0.954123
0.134688
-1.42845
-0.818613
-0.509262
-0.161028
0.491894
-1.4057
-0.210992
-1.91386
1.10416
0.383797
-1.06235
2.53537
0.220266
-0.576008
-0.250126
2.19668
0.272128
-1.57168
-0.159503
1.25673
1.36451
-0.212355
0.31953
-0.68194
0.392696
0.358517
0.743282
-0.241577
0.558697
-0.1745
-1.19717
-0.873707
0.0640799
0.727366
0.580418
0.234165
-0.849365
-0.447086
-0.843275
1.33732
0.171625
-0.902975
1.56329
-1.50007
0.249494
-0.582068
3.13276
0.212705
2.27951
-0.13792
1.02435
-1.47513
-0.637057
1.60926
1.63797
0.868607
-0.474591
-0.0972781
0.318944
0.503222
-0.0281636
-0.649238
2.22651
0.086104
0.0244619
0.286618
-1.23871
0.173892
1.14744
0.492296
1.28561
-1.47317
-1.07082
1.19129
2.03148
-0.725564
-0.442383
-1.30143
-0.239097
-0.232876
-1.19162
1.57407
-1.07224
1.17518
0.705712
-0.0380363
1.30809
1.5725
-0.0588766
-0.0045833
0.651761
0.509791
-1.3403
-0.630356
-2.2784
-0.153935
1.34641
-0.999505
0.828743
1.84855
0.494744
1.26096
-0.382862
0.220244
0.884779
0.933611
0.743837
-2.62683
-0.513678
-0.43683
-2.35555
-0.664993
-0.849464
0.0408736
0.211118
2.03751
-0.753263
-0.159919
0.461853
3.88422
0.378829
-0.332842
1.07514
0.752483
-1.34408
1.1323
-0.371164
-1.56789
-1.22104
-0.367738
-0.44134
1.18231
0.431735
-0.35972
-0.555608
1.99124
-0.361141
0.715204
-0.672849
-0.631043
2.10942
0.516028
-0.808494
0.105562
-0.477983
0.200307
0.572597
0.809442
-0.0983997
-0.0834953
0.715486
0.75105
0.293434
-1.17886
0.813828
0.408063
0.765552
-0.835079
-0.364991
0.130263
-0.313187
-2.12989
0.951605
-1.32698
0.229117
0.638264
2.00282
-1.11222
0.14055
-0.258544
-1.79032
-0.53263
-0.1636
-0.232821
-0.769452
-0.643638
1.75146
0.321575
-0.763174
-0.738381
0.395056
-0.143798
-1.25621
-0.407537
-0.6369
-0.741984
-0.0509558
-0.176504
0.604893
-0.73563
0.589702
-0.758327
-0.0359496
-1.65908
-0.497005
-0.142576
0.787627
-0.436353
-0.38336
1.45698
-1.09829
0.809082
-0.364175
0.0501534
0.726646
-0.584117
0.471597
-0.389087
0.295379
1.67259
-0.757336
1.59582
-1.17619
-1.128
0.458322
0.509109
2.1426
-1.69064
-1.25882
0.344937
-1.62349
-0.188396
1.24475
-0.388708
-0.643956
0.663626
-0.44461
2.43608
-1.42631
0.745417
0.602688
-0.406441
1.08839
0.712497
-0.998292
0.562711
-0.674226
-1.34099
0.694295
1.24295
1.3101
-0.015793
0.8278
0.26994
0.198228
0.160184
-0.0813704
-0.171749
-0.953407
-0.0568748
-1.8352
0.0533062
-0.104212
1.13379
0.782992
0.329808
0.717342
1.00492
-0.783067
-0.14063
-1.46331
0.327947
0.199021
-0.466804
-0.130242
0.975746
0.784299
0.862837
-0.0365595
-0.406853
-0.0426917
0.263837
-0.673126
-0.175434
0.840734
-0.206677
0.023797
1.25506
1.55167
-0.815266
0.100016
-0.294123
1.17547
0.536353
0.0347048
-2.52596
-0.260003
-2.04961
-0.665386
1.35667
0.641877
0.75346
1.5074
-1.06193
1.29479
0.441866
-0.590732
0.656764
-0.103637
-0.617843
-2.46237
2.33833
-0.208494
-0.332508
-1.37341
-0.676595
0.322147
-1.63845
-0.0408421
-0.918382
-0.239011
0.0727851
-0.376993
0.560979
1.44737
-0.0842468
-1.4554
0.278954
0.412822
0.579372
1.34167
1.00308
-1.19561
-0.44432
0.912949
0.230603
-0.539159
1.25022
-0.142749
0.639116
-1.53494
-0.374871
0.536624
0.450299
-1.86084
0.65653
-0.612736
1.13078
0.0984667
-1.01716
-1.2058
-0.223144
-0.926539
1.16126
-0.0589376
-1.67583
0.877845
-1.25214
-0.911686
1.2428
0.960267
-0.493397
-0.223912
0.353338
-0.418465
0.663039
1.6426
-1.39241
-0.257265
1.6586
0.648542
0.703973
0.215478
0.872781
-0.578939
-0.730821
0.346596
-0.988241
0.146815
-0.204275
-1.53895
-0.229697
1.02912
0.86218
-1.38398
1.6281
0.287828
-0.657093
-0.419991
0.158345
-0.554358
0.501321
-0.253995
-1.84155
-0.484124
1.34041
-1.0565
0.382679
1.03621
1.44814
2.13058
-0.254846
0.246491
-0.640017
0.724664
0.315621
-0.525922
1.24811
0.372413
0.170229
1.71306
-0.466802
-0.270713
-1.20329
1.05018
1.07086
-0.00530326
-1.14012
-0.255513
1.40319
-0.981475
-1.47613
-0.78367
-0.52106
0.957839
1.12957
0.274498
-0.742523
-0.747401
-0.138222
-0.0717614
0.84784
-0.0830349
-0.0752378
-0.0141079
-1.25306
0.969041
-0.078878
1.62654
-1.94516
-0.92259
-0.258067
-2.14026
1.90028
1.96788
1.15867
-0.194687
-0.834517
-0.0875502
1.41996
1.7824
-1.16318
-2.08163
-0.0550261
0.807389
0.38217
-0.319014
0.130337
0.949478
2.12223
-0.233769
1.84256
-0.796416
0.00448906
0.94052
0.631574
0.129796
0.874903
0.0433158
0.485971
-0.0975878
-0.837709
0.0697726
-0.965769
0.795219
-0.52816
0.452501
0.25881
0.759143
0.979348
-0.329695
0.00382119
0.757268
-0.575463
0.321095
0.391773
0.961701
-1.83014
0.0672217
0.132236
0.32832
-0.152528
-1.51089
-0.492392
0.858297
0.572505
-1.08458
-0.986473
-2.24803
-0.273209
-1.36317
-0.476524
0.889588
-0.80312
-0.901559
0.236954
-0.108043
0.393949
0.107416
-0.716779
-1.34152
-0.564933
-1.01336
2.10539
2.91821
1.12863
2.89095
-0.154459
-0.0288045
2.48078
0.300152
0.226963
0.31518
-0.00678492
-1.20934
0.74723
-1.11922
0.465543
1.13798
1.64026
1.22233
-0.987511
0.147767
0.694389
0.688556
0.777188
-0.280857
1.49599
1.28958
0.862347
1.85809
0.475452
-0.668384
0.831953
0.55699
0.0323141
-2.69184
0.0238808
1.97076
-0.463087
1.92717
0.313206
0.106301
0.269743
0.716446
-0.924309
-1.12509
-0.370786
-0.720985
2.32902
0.222053
-0.679199
-2.18055
-0.23872
1.19759
-2.99473
0.98495
-0.416049
-0.377465
-0.720828
0.872541
-1.47487
-1.02782
0.214523
-0.131385
0.736394
-0.256535
-1.314
0.687042
0.0985619
-0.0710216
-0.359328
-0.0100382
1.38809
-1.16718
0.673737
-0.493075
0.565976
0.428056
-0.0438195
0.243833
0.431583
0.228621
0.412625
0.0851272
-0.253529
-0.580483
0.0105434
0.44315
0.470055
-1.46963
0.187305
-1.25325
0.961214
0.284999
1.1166
1.12847
-0.225551
-0.497628
0.990877
-0.564133
0.404419
-0.162541
-0.904373
-0.888607
-0.885162
-0.727007
1.00943
-0.666117
1.01441
2.70396
-0.283637
1.04867
0.458122
-0.234012
0.814131
0.911992
-0.601125
-0.518839
1.37857
-0.18929
-0.420796
0.501213
0.578256
-0.672224
0.0415958
-0.381664
-1.95094
-0.410611
1.01592
-1.49302
0.216783
-0.58496
-0.552661
-1.36254
0.918647
-0.0356851
0.193924
-0.74268
-1.29752
-0.088149
0.391384
-0.89046
0.211855
-1.31252
-1.43544
0.758007
-1.27463
0.619303
0.25518
0.083642
-0.938034
-0.46674
1.28973
0.389657
0.671948
0.269593
0.277453
-2.98317
0.101772
-1.82602
-0.323968
-0.220186
-0.478184
-0.0786297
-0.131875
-1.27075
0.177331
-0.13003
-0.0950814
-2.07231
-0.930164
2.28236
-0.20371
-0.548537
0.664803
1.26843
1.06057
1.29012
0.6706
0.516953
-0.763197
0.368531
0.632644
0.871377
-0.434998
-0.914412
-0.103813
2.65303
-0.785152
-0.372868
0.530295
-1.4852
0.202075
1.88882
0.567628
1.45248
-0.391859
-0.126882
0.739169
-1.04814
-0.161636
-0.0791277
-0.201687
-1.00881
-1.18377
0.165777
0.48715
1.35099
1.32263
-0.21389
0.747047
0.394934
-1.23736
-1.19946
0.157805
0.266255
-0.992219
0.837879
-0.885421
-1.24244
-1.72479
1.31402
-0.657287
-0.212561
0.177977
0.311989
1.01739
0.300783
0.138163
-1.35984
-1.68853
-2.72335
-1.49817
-1.04062
0.71604
0.756433
0.663444
-0.472511
-0.541419
-1.06861
-1.06495
0.451849
-0.455061
1.01115
0.413583
-0.142503
-0.836192
-1.99279
-0.196241
-1.24489
0.113809
2.15201
-0.87669
1.52792
0.754335
0.386791
0.267698
-0.808562
-0.118406
0.665816
-0.228154
-0.416443
0.840958
-0.267744
0.29854
-0.390166
1.36662
-0.0959734
-0.632232
0.66273
1.07326
-1.28895
0.815048
-0.348963
-2.70456
-0.716324
0.884205
0.399267
0.397094
0.446771
-1.13813
1.35585
0.242143
1.60983
-0.425129
-0.116505
-1.1006
1.18005
-0.00168157
-1.26288
1.47189
0.639226
0.181117
-1.03203
1.93683
-0.360638
0.208316
-0.38162
-1.95208
0.850208
-0.292348
-0.480526
0.0639169
-0.581238
-1.14343
1.58618
0.464959
0.856049
0.63505
-1.72872
-0.0617318
0.262706
-0.370483
-1.0766
2.23403
0.0917572
-1.05284
0.660112
0.976413
-1.17021
-0.160986
0.0779058
0.21904
-0.169751
-1.11815
-0.609775
-0.0470278
-2.0993
1.04302
1.80866
-0.939441
-0.884365
0.973673
-0.889386
0.0883178
-0.244292
1.3674
-1.96545
-0.483023
0.544129
1.99718
-0.528899
-0.992971
0.878562
1.63811
-0.981733
0.488945
-0.254686
1.15787
-1.20393
-0.644926
0.0685
0.348583
0.116877
-0.779898
-0.589259
0.287682
-2.09479
-0.401897
-0.206967
-0.86238
0.507309
0.24556
0.59978
2.13071
-1.38237
-1.28956
0.805663
-0.741023
0.194408
0.40956
-0.76022
-0.284779
-0.177661
-1.50945
-0.989437
-0.460384
1.18306
0.0380052
0.0134399
-0.521896
-0.984355
2.1399
-2.33259
0.427769
1.20544
-0.0361388
0.445952
-0.936957
1.60681
-2.15737
0.715961
-0.712258
-0.682851
-2.14002
0.32825
-0.477801
-0.944525
-0.844261
-0.441215
0.547485
-0.957842
1.41585
0.364251
0.922898
0.0339036
0.932297
-1.28999
0.14643
1.1601
0.81085
-0.497383
-0.272738
-1.63093
1.10863
0.629511
-1.58363
0.724348
-0.0490586
0.0172525
0.881655
0.616341
-0.983641
1.88491
0.402708
1.5984
-0.319937
0.641858
-0.28172
0.557372
0.266151
0.33845
-0.714755
-0.0419413
-0.0851226
0.0434284
-0.042847
0.183891
2.21268
0.851535
-1.74406
0.229043
0.0931904
1.37342
0.522781
0.822485
-1.69525
0.892103
-0.140594
-0.45924
0.508896
-0.664159
0.309812
0.83134
0.424791
1.1384
-1.3722
-1.48256
-1.16739
0.0690945
0.534258
-1.36444
-0.800716
2.06524
0.0588163
0.253447
-1.79189
-0.0170186
-0.885506
-0.662625
1.01225
-0.659337
-1.01922
0.965296
0.373116
-0.607707
1.3823
0.784197
2.88234
0.490099
-1.11163
-0.74803
0.729375
0.639875
0.241108
0.217484
-0.357018
-1.00447
0.943653
-1.06865
-0.377073
0.467198
-1.59994
1.53568
-1.34649
-0.469601
0.882627
0.68934
0.892965
0.340969
-0.169007
-0.143951
-1.01583
0.0119926
-0.131968
1.21961
0.532802
2.96399
0.785702
0.910925
0.15618
1.21326
1.01073
0.808037
-0.177823
-1.15274
1.13016
0.129034
-0.891884
-1.16619
-0.130363
-0.939914
0.11423
0.340978
-0.44531
-1.07942
-2.06119
-0.834632
-0.166423
-0.348875
-0.202502
1.63395
1.50545
-0.500522
2.05194
-1.49457
-0.602481
1.31085
2.12689
-1.00847
-0.257898
-1.02939
0.882191
-0.711199
-0.630603
-1.57592
1.19127
0.697784
1.30045
-0.0385493
-0.934577
-0.601556
0.525599
-0.675191
-1.52025
-0.540562
-2.15982
1.06911
0.565426
-0.871922
-1.33001
1.13591
0.0884688
-0.265347
0.522746
-1.39314
-1.76085
-0.699877
0.215613
0.112319
1.72924
-0.666336
2.05989
1.42726
0.372155
0.0831112
-0.929352
-1.69367
0.743371
-0.683822
0.515735
0.67564
0.189503
0.903369
0.210588
0.73615
0.334478
0.486038
1.61925
-1.04796
-1.60884
-0.411878
-1.46773
0.147375
-1.67206
0.405848
0.902864
-1.12913
0.532098
-1.28483
0.312472
1.63918
0.895271
-2.27977
0.597892
0.292159
2.00215
-0.0471559
-1.03637
-0.180374
0.552429
-1.61785
-0.334375
-0.836217
-0.0507807
0.60389
-0.325256
-0.00412178
-0.880496
0.365276
1.12008
-0.509714
-0.027304
-1.4307
-1.29781
-0.538711
-1.75957
0.71027
0.664636
-0.717505
0.267121
0.302328
-0.522688
0.832768
0.874169
-1.07228
1.28624
0.722405
-0.966813
1.32789
1.9625
-0.0198765
0.169023
-0.756654
0.342186
1.41768
-0.523923
-0.0829154
-1.28572
-0.89977
-1.09439
-0.155883
0.0371803
0.715107
0.539039
-0.24302
0.648664
-0.444585
-0.252641
-0.529375
-0.15002
-0.846103
2.45788
-0.602907
-1.68322
0.31519
2.93202
0.621214
-2.07117
-1.77808
0.32882
-0.0706291
1.49742
0.843223
-0.446094
0.446739
-0.10285
-0.9236
-0.0481023
0.483217
-0.222596
1.61935
1.37218
-0.408148
0.107734
0.167417
-0.958959
-2.14376
1.035
-0.470596
-0.113804
-0.0457645
-0.872187
1.02464
1.00935
0.646005
-1.53567
-0.102084
-1.16218
2.67077
-1.07592
-0.00528824
1.43955
0.219245
2.03985
-0.917892
1.03481
-0.894967
-1.08774
-0.994872
1.23945
0.872092
-0.0899402
0.528239
2.02259
1.6316
-0.648682
0.872885
0.072274
-0.853361
0.779383
0.979753
0.172429
0.756041
1.70653
0.134217
-0.985127
0.364882
-1.40643
0.0461152
1.41409
-0.436168
-0.29666
-0.979216
1.86775
0.626761
-1.35198
-0.431516
2.27564
-0.568317
-0.318688
-0.39471
-0.278165
-0.257097
-0.661515
-0.705492
1.29496
0.0130552
0.721269
-1.25837
-1.2263
-0.419955
1.25656
-0.403342
0.458524
0.909198
1.28472
-0.171173
0.250839
-0.527592
0.955514
-0.888299
1.83835
1.08
0.679526
1.00933
0.0230619
0.397476
0.533284
-0.65676
0.662652
0.548116
-0.02095
-0.637423
-2.43509
0.290493
-0.288432
1.32032
-1.73551
0.204747
-0.672354
0.0949852
1.99439
0.292965
3.0029
-0.957239
-1.2582
-0.475164
-0.243503
-0.750206
-0.721534
0.096939
0.261896
-0.842143
-1.17625
-0.560902
-0.73173
-1.41766
-2.81346
-0.524259
2.49701
1.23284
1.08394
0.105249
1.46704
1.19383
0.906511
-0.414867
-0.00338626
-0.403037
-2.64236
0.0120954
2.04887
0.768758
-0.967132
-2.06698
0.197334
-1.13865
-0.710883
2.63509
-0.592785
-1.63474
-0.763985
-0.629899
1.24506
2.20791
-0.358632
-1.28025
0.695673
0.904463
-0.177075
0.604641
0.858288
-0.609693
-0.013659
0.320648
0.142027
-0.88013
1.76224
0.355693
0.387882
-0.56594
-0.338721
1.48623
-0.741902
-0.331433
-0.684253
-0.872135
1.0157
-0.469187
-0.521145
-0.297185
0.899071
0.658088
1.80359
0.940452
-0.739081
0.271156
-1.28281
2.12371
-1.45642
0.660437
2.10577
-0.685432
-0.348952
-1.74426
-1.45058
1.10494
-1.38162
-0.517387
-1.34773
0.447847
0.200511
2.24852
-0.602169
-0.821959
0.0347507
1.36179
0.132477
0.52176
-0.372119
0.802584
-0.296834
1.96964
-0.766987
1.52783
-1.24325
-1.75265
-1.3748
-1.12974
-0.0851856
0.95889
0.0288319
1.26933
0.269985
-0.482082
0.534947
3.07136
0.657848
0.151904
0.95309
-1.22821
-1.34491
1.82283
0.284599
0.714133
-1.92504
-1.16417
-0.311368
1.14816
1.00713
0.0801648
-0.234838
-1.5289
1.299
0.858764
0.163641
-1.27818
0.0759187
-2.40218
0.945714
-1.18104
-0.218677
-0.28988
0.0944454
-0.808432
0.529014
-1.14836
-0.755976
-0.522078
0.263092
-1.33965
-1.46957
0.938854
-1.14062
0.734923
-0.149257
-1.20177
0.663972
0.692933
-1.27615
-0.935069
-0.709345
-0.793385
1.0317
1.14989
0.472166
-1.97442
0.610254
-0.918249
1.97517
0.258186
0.648798
0.56795
0.0923775
1.64786
-0.308626
1.04251
0.338229
-1.49237
0.636679
-1.50471
0.656093
2.26959
-0.0549705
0.600949
1.3454
0.0113773
0.104124
0.583545
0.890497
-1.54038
1.86648
0.836725
-0.879425
1.31915
-1.00993
2.30273
0.114606
0.235299
2.04902
-0.358321
-0.0319573
1.2213
-2.08578
0.15992
-0.25586
0.66951
-0.522323
0.109529
0.0212033
-2.07577
1.82485
-0.344094
-0.167007
-0.492497
1.0816
1.91528
-3.99383
0.784271
-1.04
-0.401635
1.88642
0.0942536
-2.60136
0.198943
-0.0907608
1.99396
1.72727
0.748524
0.573948
-0.122157
1.81315
-0.211186
-0.106649
-2.34714
-0.47543
-0.934326
-0.809766
0.326601
0.515763
-0.182031
-0.0843951
0.575012
-0.601532
0.857269
1.10661
-0.0775664
-0.193751
0.179538
1.63121
-0.854421
-0.45875
-0.748542
0.527275
1.0715
-1.0329
1.42957
-0.352805
-0.0815033
0.997682
1.27127
0.160536
-1.44299
-0.645465
-1.62565
-2.12208
1.42283
0.0294747
-0.832316
-1.61843
0.605268
-0.8493
0.790656
-0.162947
-0.152551
1.0455
0.545624
-2.83289
-0.00431222
2.01925
0.454479
0.0255478
-1.09498
1.58037
-1.30929
1.00435
-0.220782
0.637315
-0.275906
-1.12225
1.86987
0.626519
-0.115982
0.537113
1.21989
1.22936
0.531781
-0.248476
0.311094
-0.679476
1.8527
0.688706
0.02701
0.0977182
0.492783
-1.94839
1.06012
1.44125
-1.31127
-0.537797
0.822537
-0.149649
-0.203854
0.433584
2.35031
0.696142
0.83175
0.352584
1.63359
0.575996
0.392187
1.76381
-0.266797
0.437897
-0.770099
-0.981038
0.61352
-0.218547
0.876653
-2.50099
-0.647672
-0.833156
-0.393101
2.9266
1.62451
-0.790106
0.236123
1.60474
-0.666374
-0.776401
0.08328
-0.876801
-0.8334
-0.28315
-0.482288
-1.47558
-0.0337158
0.374677
0.669609
1.2704
2.2235
-2.26054
1.80806
0.599734
-0.0483282
-0.838697
0.928142
-0.816072
1.24213
-1.14506
-0.124333
-0.541033
1.1332
1.0449
-0.320129
0.363049
2.07545
-0.133574
1.66772
-0.967282
-0.635295
-0.271366
0.790363
0.646186
1.58219
0.899321
-0.0568581
-0.74339
1.40387
-0.691755
-2.43088
-0.792045
1.59412
1.64169
-0.0493239
2.96858
-1.31842
0.529603
-1.84299
0.0188148
0.0783447
-1.61512
0.197669
-1.55085
-0.938738
0.439939
0.0744837
-0.208544
0.482947
1.29383
-0.710085
0.672975
1.06698
-1.54299
-0.513863
-0.0889091
-0.0693079
0.0126531
-1.05536
0.506937
-1.84501
-1.21726
-0.841722
0.897694
-0.875958
0.976436
0.757738
2.6059
-0.618114
0.944662
-0.785534
-0.566262
-0.593961
-0.412321
1.07377
1.29205
-1.06898
-0.089524
-1.6942
-0.542138
1.29984
-1.44538
0.302149
0.222763
-0.624058
0.00834429
0.552065
-0.684251
-0.325913
-0.925865
-0.382889
-1.19167
0.424275
0.74841
0.148904
-0.741732
0.899814
0.639105
0.348965
1.31165
-0.572793
1.4654
-0.838888
0.760786
-1.40221
0.00372994
-1.28288
-2.23806
-0.55243
0.419015
-0.0377524
-1.13273
0.599177
-1.62309
0.493767
0.160554
0.959909
-0.518434
0.502217
0.351864
-0.145422
1.21921
0.63864
0.670216
0.0777236
0.923419
1.17785
0.132928
-0.246493
0.889644
0.0285371
1.09865
-1.04441
-1.71106
-1.11742
-0.60734
0.0548747
0.279708
1.84853
1.623
0.461759
1.21367
-0.177767
0.685486
-0.429102
1.49106
0.12916
-1.8413
-0.455547
-2.12325
-0.148237
1.28015
-0.0425778
0.163137
-0.873323
0.0104088
-0.609299
-0.438605
0.14491
0.652463
0.419835
0.0969409
0.046509
-0.0163676
-0.0464134
-0.142258
-0.30233
0.823919
0.0806862
-0.515385
0.697355
0.0720442
1.20078
0.272981
-1.96576
0.893934
0.701704
-1.08144
-0.775907
-0.961416
-1.8981
-0.312086
-1.24359
-1.16581
0.0230626
-0.921741
-1.75475
0.32201
-0.461392
-0.0933347
-1.85936
-1.03639
-1.72526
-0.332913
-0.666334
-0.771393
0.42249
-0.401078
-0.455872
0.351312
0.337742
0.872403
-0.669084
2.7196
0.155075
0.687717
-2.09718
-0.876742
-1.12633
1.92314
-0.661236
-1.11816
-0.127208
0.0706077
0.522863
-0.547089
-1.14864
-0.205583
1.41478
-1.29228
-0.154956
-1.1996
-1.28971
-0.646084
-1.39459
0.195971
1.41023
0.385512
-2.08773
0.999843
0.942734
-0.811639
-0.0809665
-1.01539
0.263327
1.49084
0.561976
-0.930937
0.157651
-0.841534
2.6431
0.134398
1.11199
2.03872
1.45438
-0.542619
0.314824
-0.272865
0.0650849
0.504884
0.300694
0.651935
-0.646375
0.743961
-0.0751772
0.576478
-0.906532
1.12229
0.936628
-0.132475
-1.0125
-0.273679
1.78561
-1.10187
0.973588
-0.537874
0.206211
-0.757938
-1.4388
-0.198137
-0.346818
0.71491
-0.399555
-0.764865
-0.885265
-0.693774
-0.577559
0.603543
1.23788
0.723645
1.32482
0.615296
0.630323
1.2526
-1.4124
1.74298
0.0100693
0.229298
1.68291
-0.152292
-1.90351
-0.803331
1.13307
-0.300445
-0.0771389
-1.36105
0.456467
1.0902
-0.710657
-0.246111
1.41329
0.981975
-1.8749
-1.15744
-0.258833
1.16178
0.167647
2.35266
0.357656
0.638497
-0.130472
-1.85523
0.758195
-1.05221
1.13578
-1.14966
-0.351774
0.666031
0.726042
0.123429
-0.628046
-2.05199
0.776164
0.47476
-0.036909
-0.933245
0.461564
-0.359913
0.175277
1.01861
0.0862877
-1.71058
-0.439972
-2.80839
-0.525622
-0.0720493
-1.19343
-0.297892
-0.270206
-0.996242
0.623067
1.46404
1.44046
0.527108
0.863683
0.895816
-0.288692
0.748112
1.19281
-0.658619
1.20827
0.583504
-0.45248
0.605854
-0.0165474
1.62167
1.10154
1.56407
-0.0998546
2.31457
-0.244942
-0.884688
0.888416
-0.374326
0.876346
0.522969
1.18753
-0.548709
-0.686312
0.432084
-0.95529
-1.13867
-1.95539
-0.592874
-0.0957043
0.0539845
0.689309
0.212288
-1.69838
0.87294
-0.993754
1.06822
2.07451
0.400176
1.68635
-0.183858
0.663114
1.10651
0.409709
-0.677772
-1.65111
0.650329
1.71641
-0.40534
0.856388
0.476737
1.80213
0.260414
-0.281776
1.28468
1.23421
0.385254
0.817191
-1.20315
0.0335448
-2.29163
-1.16421
-0.106182
2.95496
0.23684
0.4014
2.16251
-1.82154
-0.144599
0.0128294
-0.362188
-1.2895
-0.257389
0.0263079
0.048407
-0.735394
0.556192
2.13815
-1.1563
0.0155648
-0.809817
-1.11457
-1.37635
0.0929421
0.989602
-0.131938
0.14027
-1.85208
0.0886717
0.588784
-0.25554
-0.731655
-1.22294
1.99015
-1.04201
0.637302
1.50523
1.58676
0.831013
-0.492308
-0.368465
-0.0642669
-0.480487
1.04761
0.791132
-0.013318
0.0391238
-0.355852
-0.0333257
-1.66118
0.0549166
0.945189
-0.596059
0.278848
0.528684
1.95138
0.725795
-0.945759
0.545697
-0.355819
-0.552208
-0.575477
-1.31393
0.500711
0.162761
-0.0285481
1.16429
-1.18051
-0.0570351
-0.41132
2.42561
0.18826
0.33573
2.28455
-0.318352
-1.45228
-0.684431
-1.78671
-1.30486
0.215288
-0.495694
1.99268
0.31901
0.45554
-0.267111
-0.714659
1.69107
-0.573841
0.943003
-0.0973073
0.0789061
-0.677885
-1.48974
0.903824
-1.54506
1.0274
0.430652
-0.319982
-0.25929
-1.23686
0.512278
0.588715
0.532508
-1.11616
-0.833118
1.0015
0.784347
-0.714727
-1.33535
-1.94789
-1.17652
0.326075
1.82561
-0.508848
-0.636955
-1.34536
-0.809674
1.86289
-0.209143
-0.170663
-0.516394
0.189405
1.12552
0.537526
0.128617
-0.485131
0.34648
-2.73632
-0.67151
-1.99261
2.1083
0.912983
0.305965
-0.458097
-0.679092
0.00860947
-0.688247
0.0328728
0.555969
-0.895383
-0.116321
-2.04133
1.30664
-0.772647
-2.16339
0.561994
-0.281754
-0.510444
0.175403
0.528839
-0.548969
0.230679
-0.20023
0.731303
-0.0511121
1.36565
1.95627
-0.20291
-0.605163
0.233782
-0.209716
-2.53716
-0.095754
-0.0133824
0.533476
0.602394
-0.173122
0.084824
1.10643
0.877652
-1.13982
1.90198
-0.192856
-1.8457
0.626672
-1.15913
-0.123055
0.68075
-0.519368
0.927628
-2.12548
0.432782
-0.167407
0.281263
0.443198
1.68704
-0.632973
-0.399116
-0.648695
-0.938527
-0.246386
-0.554188
-0.488317
0.0640487
1.5302
0.926976
0.599873
0.730704
0.758094
-0.557791
-1.52867
1.93622
0.374752
-1.476
-2.29273
0.806053
-1.71258
1.86384
0.500722
0.031049
0.166168
0.0387313
-0.01215
1.73044
0.0661613
-1.4857
1.28779
2.58369
0.0157868
-0.887062
-1.04222
-1.44096
1.61658
-0.20805
-0.894658
-0.673873
-0.734228
-0.605583
0.443155
-0.943521
0.353291
2.73245
-0.634002
1.66418
-0.130443
0.054198
1.37265
0.667038
-1.87004
0.590786
-0.598206
0.841688
-1.19831
0.0113974
-0.346222
0.771135
-1.48275
-1.2856
-0.0736999
-1.59538
0.856681
-0.268078
-0.204
1.68026
-0.549527
-0.143727
-1.15879
-1.55158
-0.625003
-0.710315
0.654346
1.28708
1.70653
0.336638
0.633725
-1.39447
-0.226175
0.482995
-0.204184
-0.438228
-2.22726
-1.87115
-1.67937
2.0976
1.17823
1.97415
-0.961795
-0.041926
-1.97072
-0.308132
0.481982
0.698066
0.293038
-0.396723
0.158889
0.0157637
0.372444
-2.13392
-1.18015
0.873058
0.635858
0.534252
0.353927
0.774391
0.849906
0.556711
-0.595443
-0.104686
0.243539
-0.701636
-0.895999
-0.7669
-0.399513
-1.17543
1.18452
0.816944
1.18198
-0.0424731
-0.0614375
0.268045
-1.16715
-0.136198
-0.416252
0.719568
-0.799372
-1.27315
-0.763273
1.40822
1.02175
-0.214014
-0.310799
-0.918887
-0.737765
0.0815446
-0.142944
-0.495545
2.09162
0.533767
-0.331292
0.279163
-0.708163
-0.469293
1.25603
-0.830377
0.123494
0.201679
-1.51038
-0.632904
-0.343105
-1.7324
0.324028
-1.18637
-0.581607
-0.297669
0.416591
-0.928575
-0.0265961
-0.983311
-1.02632
-0.563585
-1.03862
-0.42705
0.158727
-1.58051
1.02643
-0.455871
-0.111615
0.23737
-0.354417
0.691711
-0.560354
-0.767237
-0.282103
-0.664764
-0.506986
-0.287669
-1.80412
-0.055039
-0.856806
-1.03461
-1.01246
0.520379
0.763894
0.959298
0.23682
-0.386932
1.84457
-0.778866
-0.583026
0.93237
-0.177693
0.0394264
-1.03128
-0.000609219
0.541323
1.12148
0.186822
-0.322615
-2.51103
0.196824
-0.391078
-0.25272
1.35405
0.49233
1.02568
0.213782
1.03362
0.276722
0.176452
-0.929263
-0.954829
0.195257
0.615869
1.30278
-1.61115
1.81798
-0.56771
0.313428
-0.830991
1.14148
1.24532
1.46415
0.584243
-1.43439
0.427897
-2.03988
-0.570876
0.0403321
0.554833
0.26082
0.391248
0.305725
0.656578
-0.114234
1.1877
0.446613
1.03313
-0.163763
0.794322
0.545767
0.55232
-1.63639
0.378233
0.624739
-2.41897
1.46823
-0.492334
-1.39951
0.659241
0.988808
-2.23701
-0.813739
-0.142509
-0.0928373
1.94876
-0.978396
-0.324271
0.841273
1.0555
1.19559
1.79968
-0.89969
0.83884
1.34363
0.938938
1.06478
-0.116482
-1.42226
1.84137
-0.412698
1.73279
-1.85084
0.412714
-1.28711
0.426573
-0.183362
-1.32366
0.727277
-0.590809
1.03657
-0.516437
0.700128
0.0234293
-0.806978
-0.0585004
0.608188
-1.46981
0.718547
1.42915
1.32073
1.72978
0.924316
0.551893
-0.93332
-0.599331
0.0954476
1.5827
-0.412781
0.699127
0.0992412
-0.632122
-0.733309
-0.715454
0.289638
0.0588333
-0.282301
-0.587814
0.34894
-0.713839
-1.37906
0.26752
0.816395
-0.00835294
-2.32647
-1.36185
2.46802
-0.615943
2.99941
0.380515
0.678344
0.283028
-0.149757
-0.0290392
0.898683
0.594154
-1.01547
1.67803
0.343695
-0.503231
-2.47994
-0.174066
1.02694
-1.34451
-1.21307
1.2268
1.53412
-0.171775
-1.82904
0.941517
-0.218288
0.721882
-0.721129
0.660885
0.799062
0.437325
-1.78736
0.296902
0.183455
0.400874
0.876723
-3.04473
1.0445
-0.971935
0.995369
0.238916
0.132842
-0.27217
-2.43238
0.829574
-0.911679
1.51835
-0.604259
0.0340915
1.7358
0.381658
1.09705
-0.425011
0.503871
0.349064
0.595547
0.146813
0.139554
0.490036
-0.74645
-0.727909
1.25738
0.744322
0.382722
0.476444
-0.0905486
-2.18156
1.26782
1.70078
0.634816
-0.376525
-0.201209
0.207799
-0.108319
1.79243
0.558045
-1.46267
0.0317465
-0.0477785
0.906971
0.926356
0.987935
1.31765
1.22513
-1.49153
-0.712786
-1.77358
-0.157385
1.27236
1.9757
1.3584
-1.22432
0.197645
-0.492735
0.374908
-0.776372
-0.255533
-0.244349
1.44263
0.503004
-0.985416
0.479818
-1.71184
0.651195
0.306045
1.22348
-0.0146828
-0.300522
-0.623544
-1.3825
-0.38903
0.562381
0.700008
0.793414
-0.216206
-0.501998
-1.8831
1.48414
-0.0582265
0.559103
1.24876
-0.494174
0.577426
0.777558
-0.957726
-0.552553
-0.688239
0.368829
-0.499575
-0.772521
0.810877
-1.21761
0.763449
-0.606286
1.43544
-0.281913
0.449139
-1.14608
-0.969625
-0.649418
-2.09523
-0.59092
-0.35727
1.42124
-0.141284
0.741638
1.55001
-1.13045
-1.54159
-0.181845
0.681215
-0.359284
1.16359
-1.30363
-0.57089
-1.26481
1.68462
-1.65424
1.17787
-0.182453
0.385792
-1.10932
0.198511
0.808608
0.219843
-1.39578
0.06912
-0.331553
-0.960595
-1.73049
1.48519
0.421536
-0.642259
0.715863
1.65605
-1.78519
-0.872077
1.34505
-1.66068
1.13188
-1.604
-0.686011
0.894434
0.964673
-0.814385
-0.450413
-0.159779
-1.93518
1.99442
0.224309
-0.999872
-0.423544
-0.0159885
-0.125933
0.886291
-1.52773
-0.623956
-0.230619
0.642266
2.00076
-1.43816
0.70927
0.665971
-0.756634
-0.138813
0.61795
-0.637113
0.58112
-0.229824
-0.832067
1.67587
-1.36857
-0.187646
1.40729
1.4818
-0.23145
-1.20422
-2.36612
0.433774
-2.00797
-0.774645
-1.26017
-2.71454
1.92658
-0.783724
-1.31222
-0.103365
-1.71039
-0.198161
0.534013
-0.431545
0.761919
0.436327
-1.38987
-0.196416
-1.15455
0.188035
-0.91314
-0.652838
-1.08831
0.126925
0.266872
1.6312
-0.317965
-2.03602
-0.710052
1.04652
-0.0818258
1.20192
0.27704
0.879355
1.09416
-1.03453
-0.436821
0.936196
-0.946017
-0.328154
-1.45859
-0.92932
0.929441
0.665568
-2.07359
0.0254986
0.852791
0.144581
-0.0887224
-0.468648
-1.34357
0.173781
0.411689
1.05168
-0.273952
0.330802
0.869549
0.112025
-0.426608
-0.704326
-0.115354
0.63478
1.63179
-0.520565
-1.22804
-0.628846
-0.184364
-0.245033
-0.155129
0.676076
-0.448688
-1.01009
-0.403307
-0.917318
-0.794648
-0.00707704
-0.318898
0.462263
-0.624737
-0.308661
-0.727771
-0.45025
-0.781229
0.705329
-0.99783
1.89812
-0.769612
0.624752
0.0470949
-0.375294
-0.335401
-1.417
-0.826139
1.14669
-1.28075
0.737765
-3.24028
1.83745
-1.4349
0.560288
-0.93434
-1.19196
-0.248362
-0.658584
-0.0353884
1.10346
-0.973914
0.204927
-0.70038
0.309138
0.882717
-0.31733
0.727438
-1.19801
-0.900702
1.06252
0.36111
0.419958
0.204133
-0.0322362
-0.266771
0.504626
-0.775143
-0.192315
-0.212266
0.28527
0.919282
-0.511534
0.279411
0.117369
-0.303183
1.45589
-0.207402
1.41513
0.239404
-0.731022
2.22252
2.39908
0.834894
-0.676913
-0.389622
-1.05917
0.616538
0.252774
-0.348371
0.284721
1.24473
0.574384
-0.328219
1.65776
0.777067
-0.729094
-0.986799
-0.00894105
0.628013
0.276284
-0.362579
0.684234
0.706499
0.8946
-0.246081
-0.274473
1.25718
0.326028
0.391577
0.180643
-0.44949
0.214922
0.779135
-0.103684
0.652246
0.0588043
0.111028
-0.543658
-1.30864
0.576502
-0.0178246
1.58219
-0.23112
0.955953
0.212887
-2.24356
-0.457842
-1.02863
-0.251108
1.03439
0.180992
-0.493766
0.748682
0.279433
-0.852373
-0.927074
0.0326377
-0.0943498
0.375039
-0.603076
-0.802758
-0.158943
-0.561907
0.309499
0.580276
-0.00871491
-0.514209
-2.36531
0.613862
0.614307
-1.38952
0.796353
-0.0416078
-1.07455
0.385351
0.045571
-1.13314
-0.988991
0.817817
-1.06506
0.484362
0.0247239
-1.11086
-0.214762
-0.711283
1.71857
-0.0931028
-0.578134
0.193221
-0.514763
0.266922
0.275891
0.213854
0.234334
0.370979
1.29244
0.125636
-0.365122
-0.906732
-0.329152
-0.0213994
-1.54719
1.28029
0.247671
-1.12225
-0.477384
0.134143
0.00382024
0.77668
-1.01575
2.3092
1.02303
0.634002
-0.098855
0.0496841
-1.50531
0.135447
0.432267
0.00703549
0.391333
0.779723
0.687057
0.310985
-0.547833
0.678741
1.39358
0.554378
-0.505498
1.07275
-0.179064
-1.10627
1.35199
0.467869
0.713514
1.32042
0.378919
-0.835879
-1.34504
-2.51498
-1.20556
-1.21686
-0.255395
-0.219248
-0.893929
-0.114251
-1.31316
0.858881
0.00691271
-0.645899
-0.59135
0.182714
0.648046
1.15231
0.581123
-0.850455
1.49578
-1.89961
-0.301543
-0.467064
-0.647139
0.0889122
1.62661
-1.41044
-1.84856
0.145025
0.374458
0.257118
1.63246
-0.0969962
0.134593
0.673042
-1.26689
2.83013
1.61709
0.148297
0.634547
1.26071
-1.752
-1.06915
-0.927922
-0.166638
0.700036
-0.729706
0.890613
2.16423
-0.302553
0.0195485
1.82029
0.288361
-0.492794
-1.14767
0.359296
1.2862
-1.34207
-0.826011
-1.45681
0.0578943
1.23041
0.87511
1.59321
0.832118
0.363073
-0.37493
-0.449294
-0.31086
1.14266
-0.955586
0.418446
-0.11687
0.586606
-0.500636
-0.488611
1.11162
-0.678614
0.78252
-1.14223
0.234691
-0.285615
-1.41129
-2.15808
1.18169
2.94576
0.45498
-2.66614
-1.61161
-0.603595
1.96406
2.49214
-0.155944
0.604966
1.00729
0.382843
-0.6331
0.00155067
1.67623
0.44197
0.109279
-1.2162
0.457995
-1.1057
1.07282
0.101467
1.41546
-0.606854
0.894407
2.68597
1.35906
0.257521
0.903145
0.225704
-0.761727
0.496446
-0.320475
0.137831
-0.0563605
0.12537
-0.758557
-0.789394
1.37206
-1.62183
0.730418
0.175714
0.98652
-0.220347
-1.55424
1.25871
-0.419556
2.5029
0.225124
0.675582
-0.606387
0.443635
1.51515
-0.599262
-1.06278
1.04462
-0.156432
-0.68128
-0.524146
0.64313
1.55447
-1.07303
-0.785216
-0.931907
-1.10772
0.0880332
0.250162
-2.30693
0.162771
2.00034
-0.307555
0.336899
0.140905
-1.47343
1.3578
1.24909
0.539881
-0.392703
-0.980826
-1.05587
-1.37213
-0.047531
-1.37287
-1.27302
0.153052
-0.88166
0.564151
0.0958263
-0.116642
-0.160601
0.282535
0.103971
1.60357
0.0705451
-1.35649
1.18422
0.656511
1.58338
-0.0584372
-1.3961
-0.16872
-0.744273
0.724769
0.964996
0.780987
-1.06575
-1.2191
-2.30355
-2.11656
0.255757
-0.613307
-0.420229
-1.2073
1.08615
2.2617
-0.216391
1.69797
0.0836158
0.557621
1.42009
-1.4011
1.17336
0.0893243
-1.3555
0.00582743
0.00777406
0.922929
-0.743358
-1.22057
-0.346461
-2.44748
1.20177
-0.880774
0.21044
0.43032
0.587901
0.988536
-0.904288
-0.191866
0.359192
0.290388
0.744898
0.0386392
-0.722346
-1.5611
0.377894
-0.271343
-0.39292
0.430565
1.39342
2.00837
-1.50156
0.853587
-1.51437
0.5324
0.0742958
-0.971546
0.600161
-2.68892
0.430802
-0.821259
0.348653
-1.4852
-2.13393
-1.3158
0.745389
0.949916
-0.159729
0.925896
0.615025
0.290682
-0.56764
0.164237
0.654769
1.98386
0.359589
0.16295
0.102912
0.802649
-0.36375
-0.729942
-1.35677
-1.87415
2.39165
-1.46854
-0.571168
-0.322135
0.145763
0.44676
-0.642547
0.73199
-1.77371
0.236357
1.17546
0.103827
-0.744573
0.194718
0.00917774
-1.49267
-0.428103
-0.452531
1.93692
1.30144
0.798743
0.0749678
0.0660659
-1.4731
1.52726
-0.831937
-1.48199
-0.78042
-0.913549
-0.0810124
-0.367642
0.333484
-0.208543
0.212985
-1.39403
-0.157449
0.273283
-0.702516
0.767056
0.316346
1.81554
1.86583
0.849655
-2.41598
-1.37514
-0.148852
-2.63076
-0.86206
-0.738463
1.36178
-1.76835
-1.06049
1.20914
-0.913225
0.271167
-0.116449
-1.04818
-0.290256
-0.401134
0.166696
1.21852
-0.898323
-0.388946
-0.481112
1.76917
0.576163
0.576164
-0.957651
0.12114
1.60326
-0.747487
-1.04652
-0.00347239
0.290526
-1.78636
-0.361996
0.00674182
-0.839321
1.24496
0.61477
-0.835589
-0.240049
0.412167
-0.206465
0.0630172
-0.757082
-0.351638
0.0027892
-1.2236
-1.067
1.20656
0.212022
1.69392
-0.127936
-1.05507
-1.55083
0.568069
-0.0423441
-0.064603
0.709955
-1.18185
0.401632
-0.124559
0.836427
-1.23199
-0.256133
0.159238
-0.889544
-1.849
-0.427792
-0.37055
-2.45057
-2.15909
-2.42383
1.08476
-0.148148
0.792349
-1.31552
-0.563297
-1.31837
0.866136
1.65393
-0.589331
-0.92431
0.912472
-0.461896
-0.584073
0.112112
1.58795
0.505131
-2.23038
-0.867345
-0.303198
-0.255643
1.00377
0.048851
2.71039
-1.20446
-0.99794
0.352896
-0.341805
-1.99885
-1.2077
-0.790667
-1.01045
-2.12131
-0.246347
0.227708
0.854547
1.37149
0.201159
0.189562
-0.177926
-1.24853
-0.248755
1.76169
-0.379295
-0.661678
1.53164
1.40189
1.09302
0.252923
-1.60937
0.325412
0.116358
-0.18763
-0.961243
0.187991
-0.504567
-2.25338
-0.129546
0.408094
1.5002
-0.403702
2.2615
-1.22344
-0.00698656
1.3322
-0.513304
-0.527104
0.987139
0.416682
-0.213358
-0.0112749
-0.730592
0.855319
-0.513979
0.615964
0.754324
0.887254
-0.687918
-0.592901
1.23264
-0.154169
0.763131
-0.146148
-0.773724
0.864141
0.234627
0.480684
-1.82299
0.464859
1.61118
-0.834883
-0.0476121
-0.822205
0.415483
2.79959
0.096309
1.37981
0.411181
-0.510478
-0.946418
-0.262319
-0.685135
-1.35813
0.746482
2.03127
0.937117
-0.824407
-0.253936
0.0856197
-0.0414324
0.0814635
0.560969
-0.585447
1.18948
-0.405125
0.806233
-0.621213
0.355961
0.916091
-0.0978797
-0.18823
-1.39992
0.52251
-0.36941
-0.249996
-1.76815
-0.544134
0.271199
-1.86559
-0.934447
2.09885
-0.841601
-0.443115
-1.33074
0.538612
2.57732
-0.0925806
-0.343198
-1.56101
1.4538
-0.22427
1.22047
0.525768
-0.67826
0.0197902
-0.600836
0.44513
-1.63019
0.316443
0.618587
1.9344
-0.325699
0.763021
0.769581
0.558331
0.566417
0.916607
0.260812
-0.768004
0.510586
-0.791748
0.886763
-0.896449
-0.963441
-0.248154
0.758007
0.343433
-2.14479
-1.20432
-1.14511
0.423032
-0.991163
1.1185
-1.56437
0.602575
-0.649449
0.916587
0.969454
-1.44642
-1.60159
-1.70795
-1.30141
1.01949
0.52995
-2.33503
0.47336
1.73748
0.796902
1.02972
0.702372
0.9861
0.18107
0.335501
-0.625637
-0.334882
0.371395
0.773812
-0.177495
0.481355
0.873421
0.314726
0.248996
-0.275961
-0.269073
-0.171703
-0.801852
-1.5271
0.448565
-0.338551
2.02217
-0.285545
-0.140368
1.7382
-1.10433
0.0969685
0.951947
0.938291
-0.319495
0.18975
-0.220103
0.782017
0.00638098
-2.31309
-1.78758
1.18572
-0.232113
0.126042
0.924228
0.638161
-0.221432
-0.94787
0.569213
-0.0923508
0.310312
0.237961
0.166771
-1.44929
-1.3126
1.41829
-1.87142
-0.134162
1.63312
0.436008
1.43094
-0.908717
1.30788
0.622091
0.65871
1.67646
1.03944
-0.514576
-1.33948
1.63168
0.876527
-1.52911
-0.286149
-0.0904159
0.941722
-0.00488609
-0.770487
-0.463834
-0.986838
0.217814
-0.269274
0.000451803
-0.19122
-0.0448585
-0.281412
-0.340278
-1.67884
0.670888
0.864742
0.716357
0.761969
0.353843
0.479162
2.39033
-1.99223
-0.30377
0.112859
1.52916
0.284458
0.460431
-1.63566
1.46048
-0.24426
1.19458
-0.978374
0.611697
-1.92642
-0.0207835
-1.81376
-1.29712
1.10093
-0.4889
-0.434679
0.532602
0.548413
0.635672
0.611794
0.309017
-0.0412458
1.3438
2.50395
0.488451
0.0248201
-0.0847511
0.313984
0.45571
0.758298
-0.214991
-0.263277
0.917905
-1.56586
-0.997329
0.740216
0.621585
0.788721
-0.0129213
0.183499
-0.65955
1.06883
0.0858337
-2.00637
-1.23473
0.636739
0.212852
0.0399515
2.16346
1.85334
-0.971723
2.11429
-0.0692221
-0.551436
-0.388501
-0.662503
-0.133308
0.654948
0.21945
-0.528054
1.16642
-1.16163
-1.34142
-0.793671
2.32759
1.34785
-1.12627
1.20724
0.109925
-0.0187436
0.53521
0.22145
-1.978
0.211939
-0.563587
-0.414791
-0.21319
0.866839
-1.22109
0.846874
0.870468
-0.278895
0.325784
0.879814
0.127752
0.721138
0.260186
1.53243
2.93603
0.0912957
-1.01218
-0.86162
0.575061
1.28678
-0.382923
0.937062
-0.629946
2.06581
-0.270972
0.75577
0.998383
-0.988164
0.23572
0.0962855
0.0293071
-0.364473
-1.72212
-0.233241
-0.843012
0.528573
-0.782273
0.950993
0.900014
0.283636
-0.236345
-0.781854
-0.335564
2.01961
-0.495474
0.0962566
1.29194
-1.04121
-0.478188
0.478573
-0.627023
0.567183
-0.959438
0.650702
-0.588546
0.0671614
-0.571409
-0.23423
-1.59246
-1.05652
0.666556
2.32132
-1.30283
1.09547
-1.43588
0.813467
-0.227746
-0.643255
-0.464492
-1.00145
-0.27332
-0.615264
0.212759
-1.81065
-1.14975
0.060449
1.52997
-0.0364509
0.935401
0.767715
0.716649
-0.170999
0.651436
-0.0960644
2.61297
-1.85685
0.46404
-0.787057
0.0396383
-0.263065
0.623773
-1.07525
0.241948
-1.32781
1.29482
0.155048
0.764417
0.354693
-2.21132
-1.16756
0.329632
-1.60714
-0.242796
0.684871
-0.37923
-0.406111
0.667568
-0.95742
0.0418078
-0.175115
1.65419
2.22725
-0.954914
-0.755147
-1.29576
-0.00830191
0.715384
-0.540325
-0.966445
-0.572496
2.82277
-0.272123
0.726335
-0.0781087
2.17551
2.20755
-1.80727
2.00185
1.25652
1.17862
-0.375461
0.300522
-1.51167
0.237646
0.161695
-1.09892
-0.437601
-0.20829
-2.41788
-0.307871
-0.144426
-0.600067
-0.172775
-1.1127
-0.796127
-0.796313
-0.522959
-0.439496
1.37484
0.18999
1.37244
0.794109
-0.584793
0.883948
-0.274501
-0.461116
0.976201
-0.715937
-0.0146401
-0.983823
-0.744214
-0.854571
-0.961676
0.906715
1.2149
0.371264
-0.24106
1.09875
1.98899
-0.236924
-1.92857
-0.846169
-0.205601
-0.856504
0.899403
0.248451
-0.861836
0.663249
-0.151024
-0.380929
-0.968743
-1.8936
0.0213583
1.6041
1.44258
-1.21356
0.0791027
-0.0978487
0.829365
-0.288029
-1.29266
-0.224679
-0.544394
-0.336102
-0.272959
-0.0386741
2.73272
-1.48705
0.426193
-1.44582
-0.327078
-0.937611
0.644619
0.712418
-0.442153
-2.00166
0.0636573
-0.526485
-1.28649
-1.05088
0.327479
-1.84946
-0.294832
-1.00207
1.53731
0.312084
-1.22099
0.667934
0.826488
-1.61435
-2.82507
-1.99105
0.488881
0.73855
2.28337
-1.35743
0.551131
-1.10545
-0.118219
-0.304303
0.00565886
-0.895325
0.778654
-1.15645
-1.38632
-1.16585
0.0710344
0.606863
0.10081
0.233882
-1.24224
-0.843673
-1.06612
1.124
0.0995036
1.29795
-0.742598
-0.194586
-1.09787
-0.957417
-0.453034
-0.477185
-0.881393
-0.78542
1.52296
1.22784
-0.916837
-1.13717
-0.524703
0.271933
0.716081
0.930561
0.725428
0.467303
0.0263574
-0.949051
1.10786
1.00016
0.279333
0.698674
-0.469792
-0.750146
-1.13313
-2.36794
-0.888149
0.336413
-0.0205791
-1.16473
-0.627754
0.654788
1.22205
-0.178604
-1.71993
0.201665
-1.28218
0.201199
0.328204
-0.56654
0.230089
-0.177771
0.636144
0.280262
-1.14504
-2.21784
1.56789
1.80533
-0.665993
-0.65333
-0.749017
-0.565955
-0.0778659
0.314226
0.420996
0.0819656
-1.32726
0.672296
-0.604991
0.972562
-0.0475273
0.583831
-0.0700523
1.01525
1.67736
0.659215
0.515444
1.48224
0.587914
-0.97917
0.361781
1.01434
0.377004
-1.01273
-0.64706
-1.00625
-1.345
0.234123
1.64319
-0.208596
0.463833
0.78954
0.438101
-0.0110069
-1.53745
-0.637121
0.356243
0.921012
2.31545
-0.183556
0.961361
-0.134259
-0.199155
-0.241691
-1.1788
-2.37107
0.506094
-2.34636
0.322302
-1.24516
0.521245
1.08381
0.0352506
1.04117
-0.214935
-0.778081
-0.984484
-0.173189
0.638443
1.45412
-0.187386
-0.994572
0.100843
-1.13576
-0.113676
0.376405
-1.42213
-1.05171
-0.496646
-0.0868682
-0.0471013
1.12877
-0.912483
1.35026
-1.30116
0.944147
0.374943
-0.322093
-1.30623
-0.706051
0.132631
-0.865508
-0.574145
-1.29826
-0.817804
-0.436704
-1.30068
0.0368147
0.160653
1.64699
-0.271986
-2.92925
-1.82155
1.26227
0.0573981
-0.852073
-0.114439
0.277982
-1.71443
1.45506
0.523254
-2.2216
-0.628028
-0.220445
-1.64072
-0.609935
-1.08692
0.181183
0.524251
0.376692
0.622827
-0.361235
1.34869
0.881378
-1.39886
-1.20578
0.129105
-0.530231
1.80547
0.0432646
1.01495
1.51432
0.254567
-1.77173
-0.276304
0.141023
-0.696396
-0.98533
-0.532558
1.41438
1.20879
1.0551
-0.0779581
0.700493
2.11362
-0.0364147
-2.267
0.0673653
-0.996653
-1.72834
0.385182
0.0291035
0.258458
0.00778592
0.464142
-1.46185
1.37558
-0.495457
-0.860198
-0.127361
1.10005
0.0785562
-0.308727
-1.53827
-0.457497
-0.122388
-0.0564548
-1.41128
1.86961
-0.924181
-0.895122
0.890775
-1.1984
0.732563
-0.497656
1.9767
-0.447345
-0.175635
0.0804178
0.229288
0.241103
0.5652
-0.717041
-1.66935
1.53469
1.75974
0.918026
-0.366919
-0.355273
-2.64573
0.562568
0.570098
0.333497
-0.500053
1.77028
-0.706279
-0.537161
0.205728
-0.237169
1.24457
1.47805
-0.249388
-0.442284
-1.0264
-1.06983
-0.990725
0.889113
0.672767
1.34293
1.64035
1.8294
1.69462
0.27661
1.24689
-1.14219
0.336675
0.440809
-0.684961
0.179457
-2.12612
-1.86852
-1.15321
1.06143
-0.0909436
0.269558
0.38903
0.711008
0.86102
1.20685
0.208242
-0.0244256
0.888787
-1.4945
-1.02871
0.103741
-0.589003
-2.19828
0.233513
1.40325
0.132471
-0.707275
-1.12884
-1.52992
1.11751
0.630598
0.862388
2.40866
-0.767103
-0.0370452
0.996242
0.565826
-1.36075
2.00196
0.954764
-1.34636
0.271949
1.71616
-0.188058
2.04026
1.54719
-1.02372
-1.00541
0.364884
0.285227
-0.989324
0.122728
-0.66592
1.19291
0.348156
-0.970577
-0.908583
-0.23135
-1.30811
0.0462252
-1.27248
0.540617
0.282101
0.845489
0.288306
-0.152264
-0.429337
1.28968
-0.282122
-0.502774
-0.812738
1.43393
-0.909908
0.837449
1.25776
-0.155636
0.346086
0.381739
-0.233717
-1.03187
-1.306
0.252084
1.71527
-1.7868
-0.263597
0.239465
-0.204988
-0.265715
0.161351
1.74016
1.5934
-0.580098
0.710096
0.342046
0.151691
-0.00868434
1.44009
0.123993
1.04826
1.09817
-0.142854
-0.440114
-0.338151
-0.724317
1.33773
-0.989906
0.56847
0.664018
-1.16748
1.47146
-0.155706
-1.23863
-0.758993
-0.935707
-0.230422
0.177475
1.48809
1.57207
-1.76446
0.611803
-0.792554
-0.741101
1.94755
1.2064
-2.2082
2.29126
-0.391901
0.48935
2.04453
0.14109
0.121961
0.517501
-1.3783
0.134716
-0.114749
0.0477078
0.231434
-0.526106
0.389338
-0.69718
0.829038
0.901781
0.0183862
-0.419612
1.06896
-0.754557
0.0692257
-1.14305
0.425589
0.256442
0.0302562
-0.354073
-0.617711
1.93229
-2.03533
0.876706
1.71625
-0.691776
-0.345544
1.61617
1.13336
-0.792735
0.823287
0.789387
0.174307
1.48214
-1.14198
-0.269451
-0.247552
1.90209
-2.12858
0.687567
-1.15407
-0.630023
0.554418
0.112646
-0.232741
1.04428
0.620502
0.397748
-0.909324
-0.770374
0.0295749
-0.116054
0.257792
0.51339
2.31171
-0.661822
0.989279
1.19839
1.11985
0.219773
1.51395
-1.07066
0.954598
-0.310871
-0.711298
0.325228
1.54566
-2.26502
-1.69043
-0.0510086
0.429502
0.734257
0.329009
1.03746
0.125197
0.665163
0.468827
2.18393
2.45064
0.81
-0.68049
-0.667802
0.83751
1.30633
-1.10195
1.25409
0.586475
-0.725222
1.5797
-0.275149
-0.0439337
-0.276338
0.431739
-0.303039
-1.30037
-0.876421
-0.431398
-0.751369
-0.579296
0.718881
-0.335725
0.645858
-0.628997
-0.445362
0.0439977
1.25688
-0.895969
0.976372
0.835272
0.641246
0.119609
-0.275091
-2.05811
-1.944
1.26773
0.379726
-1.19622
0.380484
0.656348
-0.756221
0.805018
-0.32992
2.0945
0.378023
1.32352
-0.515193
-1.06913
0.221026
-0.5552
-1.78695
-1.67423
-1.03266
-1.26404
0.428018
-0.845328
-0.371503
1.15908
0.43117
-0.392936
-0.943185
-0.426352
-1.46942
-1.69089
0.130273
0.0765481
2.39739
-0.927423
-1.15325
-0.877442
-1.85525
-0.56032
-0.3443
0.106849
0.890247
1.2689
-0.80699
0.316482
0.467056
0.687622
1.32965
1.20367
-1.30914
-1.07139
-0.927219
1.47193
0.0666931
1.24245
0.161135
-0.84521
-0.59549
-1.78751
-1.17257
1.69922
-0.592801
-0.797728
-0.166548
-0.866557
0.237019
-0.851322
-0.599051
-1.62948
-1.20571
-0.455314
0.370258
0.727967
-1.44297
-0.75231
1.11283
-1.09543
1.60662
1.50795
-1.28107
1.95888
-0.616414
-0.430933
0.494546
-0.687569
-0.66771
-0.370864
1.56943
-1.14001
0.962062
-0.287203
0.267202
-1.3683
1.03087
0.614787
2.02061
-0.23585
-0.103004
-1.39987
2.48393
-0.376389
-1.11908
0.601776
1.96924
-1.29983
-2.89871
-0.473905
0.997098
-1.02047
0.211175
0.00533378
0.878862
-0.486874
-1.22299
1.35988
-0.865047
-0.428228
-0.19039
-0.145816
-1.26289
1.01622
0.00551254
-0.303214
2.00805
-0.0468497
1.40072
1.98645
1.15053
-0.280136
0.808213
0.56761
2.90451
-0.111758
-1.24641
-0.185456
0.889039
-2.49898
-0.21566
1.27479
1.34427
0.66638
-0.0105924
-1.05239
-2.09589
-2.59344
0.72028
-0.235629
0.801565
0.530299
0.973158
-1.89275
0.484569
1.21027
0.341387
-0.359482
-0.250355
-0.2721
-1.15759
0.583748
-1.15492
0.991182
0.684723
2.68158
0.432477
1.73632
-0.736168
0.637268
-0.938896
2.10699
-0.583295
0.458212
0.766159
-1.94177
0.863817
0.154629
0.0817875
0.87725
0.697552
1.83328
-0.57417
0.00632924
0.719623
-0.893001
0.00336307
0.934451
-0.241126
0.708332
1.48796
-0.894989
-0.594339
0.0780895
0.192708
-1.28278
-0.139413
-0.821337
0.0630876
-0.440198
-0.87065
1.12698
1.00704
-0.80157
0.165809
-0.054113
0.883063
-0.655062
0.289758
0.371183
0.0857285
0.839458
-0.0678577
0.628241
-0.101587
-1.2052
-1.37387
0.168426
0.153765
0.810027
1.0501
1.52356
2.66458
0.258315
-1.17065
-0.22692
1.13344
0.590547
0.206147
-0.156348
0.251176
-0.56246
-0.480404
-0.739593
0.884086
0.274801
0.219923
0.143456
1.81236
0.902939
-1.428
-0.326603
1.64226
-0.874733
-0.291971
1.00398
1.35592
0.957922
-2.18213
-1.25324
-1.13971
1.03107
-0.804272
-0.681359
-1.08032
0.392425
-0.31546
0.0532815
0.0683619
-0.0140848
-1.32315
0.990172
-1.72598
-1.36692
0.645843
-0.648492
0.435763
-1.34055
0.264885
0.0671787
-0.0368916
0.107898
-1.50526
0.84971
-0.598804
-0.0339932
-0.65486
-0.503585
-0.697932
1.20135
-0.464559
0.47474
0.81922
0.392276
0.766526
-0.797691
1.751
1.54805
1.3662
-0.683051
0.406112
0.865729
-0.840214
0.204532
-1.44873
1.38168
0.807191
0.129588
2.03788
-0.474881
0.683115
-0.728295
0.923937
-0.76202
1.05161
-0.650974
-0.184174
0.143704
-0.741512
-0.239354
-1.18083
-1.61695
1.11081
-0.561543
1.07521
-1.19616
0.766392
0.91278
2.38867
1.34276
-1.19851
-0.501918
-0.582657
1.17398
-0.170114
1.51679
0.197153
-0.780314
1.11443
-1.38969
-0.654338
-1.22341
-0.444731
-0.279815
0.0263099
0.170184
0.574748
0.0260659
0.0879862
0.871151
1.41148
1.64868
0.360482
0.0655898
0.391715
-1.9977
0.29319
-0.374869
0.396514
-0.739391
1.26253
0.602681
0.664017
-0.843475
1.46073
1.36195
1.11606
-0.755715
-2.45519
0.401006
-0.142493
-0.974524
-0.527824
0.438829
-2.05361
-1.30032
-1.75979
1.15663
-1.62035
0.952128
0.767679
0.0842966
0.471572
-0.0266803
-1.19527
-1.05458
0.454831
-0.287948
0.363311
-2.32682
0.490584
1.65277
-2.43449
1.10965
0.115542
-0.197318
2.00774
1.59903
-0.704826
-0.702224
0.942712
0.187371
1.92315
-0.751721
-1.52033
-0.215484
0.104659
-0.382903
-0.97633
-0.921519
-1.89061
0.241342
-1.05801
-0.16926
-3.00163
-1.17905
-0.830353
-0.357156
-0.298228
-0.521279
0.164551
-0.806884
-2.37786
0.379787
-0.776917
0.131757
0.16391
-1.2571
-0.964642
0.33385
-0.54812
-0.0540426
1.12405
1.25152
0.734204
-0.211365
-1.24041
1.25392
-0.0584401
-0.783766
-0.829066
0.874077
1.35172
-0.333539
0.0979261
-1.49105
-0.850704
1.90209
-2.16747
-0.230899
-0.20494
-0.557073
-0.153672
-0.935451
0.303818
-0.492939
-0.26088
1.46348
1.34789
-0.259712
-1.6834
-0.798298
-1.38399
0.145008
-0.319157
-1.14374
0.386306
-0.0715078
1.72322
0.481732
-1.00956
-1.01474
-0.900691
-0.151261
-0.39371
1.36764
0.44926
0.690534
0.847869
1.02573
-0.699943
-0.757594
-2.03311
0.049795
0.846659
0.148602
0.602401
1.09854
1.25935
-0.147215
2.00441
-0.591511
0.112118
0.212778
0.419566
-0.525988
0.193309
1.95101
1.76764
-1.08266
0.318581
-1.67676
-0.636247
-1.56085
-1.76149
0.212704
0.921615
-0.522338
-1.42159
1.2384
2.11641
-0.668445
0.400136
1.18691
-0.264112
-2.42222
2.21882
-0.889149
0.848363
-0.743024
0.201488
-0.425512
0.392624
0.394493
-0.431305
0.604489
0.361586
-1.19903
-0.478345
-0.621114
0.772813
-0.5231
1.35525
0.964346
-0.0921444
-0.33255
-0.322811
-1.91578
0.404778
-1.11596
0.362681
0.293134
0.388026
0.822066
-0.0714393
-1.4622
-0.025399
-1.535
0.191472
-0.320862
-0.279476
0.55676
-1.24391
-1.08147
0.619201
1.66886
0.876853
0.280489
0.881453
0.142965
-0.81359
-0.447979
0.17355
1.91957
-0.243152
-0.47543
1.11616
-0.482373
-1.41584
1.08879
1.21543
-1.20406
1.83929
0.40727
0.515179
1.6165
-0.912634
-0.0918577
-0.34904
0.0483286
-1.15709
0.394392
0.525949
-0.376073
-0.979787
1.02545
-0.346079
-0.150337
-0.427542
0.0817357
-1.99365
-0.331667
-0.839742
0.946557
-0.0521525
1.454
-0.0194374
0.427241
-1.41443
0.61436
-0.141966
-0.801606
-1.43466
-0.306447
0.778317
1.45685
-0.0678593
-0.177008
-0.049881
-1.09004
-0.351565
0.206784
-1.14842
-0.567174
-0.610436
1.70956
-0.118206
0.592758
-0.314043
-0.354209
-1.70857
-0.862239
2.06782
0.0792552
-2.27407
0.46624
1.36002
1.55359
0.619009
0.739898
0.204758
0.392233
-0.537639
-0.846072
0.0447797
0.488687
0.21689
-0.796073
1.84877
-0.557082
-0.499054
1.74806
0.816173
-0.663759
-0.950048
0.167744
-0.71214
0.326883
0.849914
-2.45538
-0.0389472
1.87339
-1.77832
0.0318737
-0.774609
-0.744387
0.155301
0.838001
-1.05923
0.205121
0.383072
0.585817
0.494187
-1.10778
1.35436
0.336814
-1.61016
0.0497182
-0.162783
-0.494141
0.302658
1.33739
0.84463
-0.318103
0.60795
0.900358
0.161965
-0.83275
1.66861
0.670781
0.962838
-1.02262
-0.813413
2.45106
0.895462
2.38903
0.336409
1.54257
-0.377654
0.649475
1.29347
0.395047
-0.370851
-1.53754
0.529851
0.948991
1.65143
0.958007
-1.67015
0.867861
-0.0742604
0.158174
0.957609
-1.25626
-0.0807564
-0.279667
-0.550192
-1.33413
0.509254
0.722326
0.0127477
-0.131571
-0.668588
0.245008
1.2314
-0.0867437
-0.203863
0.264351
-0.701893
-0.774192
0.961293
0.848283
-0.606543
1.30596
-0.427639
-0.650714
0.343604
1.79584
-1.25221
1.15504
-0.0457136
2.75588
-1.59853
0.842487
1.56502
-0.687561
-2.14466
0.771159
0.83546
0.49751
-0.428747
0.0121056
0.876858
0.357236
1.38285
0.629032
0.281779
0.71205
0.312348
-0.394685
0.967531
-1.03014
0.115162
0.0997897
0.781663
-0.240025
-0.146442
1.43247
0.242655
1.42448
1.20895
-1.05447
-0.622292
1.02917
0.707449
0.345343
-0.313747
1.91216
-0.439859
-1.13343
-0.156407
-1.55633
-0.665604
-0.509592
0.0578918
0.781201
-0.897959
-1.17101
0.568981
-0.251165
0.697488
1.60003
-0.77214
0.618876
-0.295536
-0.105878
-0.237725
-0.416668
0.421072
-1.3521
-1.55419
-0.311714
-1.09277
0.472955
-0.295022
-0.916732
1.56095
-0.404781
-0.388508
0.58323
0.471102
1.15828
0.135276
-0.247897
-1.21621
0.339214
-1.59434
-0.174842
-1.32409
0.379336
-0.681142
0.235901
-0.11705
0.650998
-0.266244
0.237014
-0.00354886
-0.104604
-0.0431767
0.330567
0.375121
-0.0640858
-0.619854
1.24758
-0.736532
-0.496257
-0.314183
0.453979
-0.0902921
0.638065
-0.217747
0.262806
-0.237716
1.22235
-0.132298
0.139353
-0.884291
-1.34372
2.0006
-0.212594
-0.343404
-0.0366488
-0.96533
1.2382
-2.07589
2.71011
-0.102263
-0.398776
0.443891
-0.626308
-0.621295
0.565996
-1.35856
-1.07186
-1.48574
0.646885
-1.72778
-1.59169
0.0904276
-0.476765
-0.487985
-0.870266
0.161919
0.445732
-0.827625
1.89729
1.76515
1.81949
0.13157
-0.0176357
0.87435
0.788486
0.161969
-0.162846
-0.657363
-1.62643
0.561966
-0.534478
-0.756393
1.25529
1.62627
-0.46033
0.0719991
-1.08302
-0.976994
-0.0923031
-0.625177
1.1313
-0.270447
0.0507911
0.868463
1.07505
0.616248
0.444813
-0.415364
-1.00304
0.866813
0.279472
-1.13776
2.22853
1.47835
0.863596
0.489294
-1.09926
-0.00126088
-0.601954
-1.53859
-0.136195
0.552056
1.43527
1.60206
0.245251
0.631058
-0.994204
-0.641148
-0.213672
-0.833115
0.153805
0.350683
-1.3357
0.0772625
0.0875205
-1.4073
-0.448252
1.06881
0.236674
0.15021
0.622422
-0.749728
1.61726
-0.124258
-0.47313
-3.20226
0.885832
1.39917
0.873999
-0.526347
0.808267
-1.19914
1.03436
-0.65156
-0.938702
0.115783
0.355834
0.313668
0.444612
0.856881
0.0391791
1.78929
1.56588
-1.5084
2.18061
0.0470858
-0.388155
-0.331911
-2.37936
0.566663
-1.23084
-0.60229
0.936651
-0.892975
0.0267686
1.17508
-0.491798
0.906904
0.386787
0.0588055
0.826466
-1.13078
-2.13436
1.22484
-0.273102
0.773627
-1.32621
-0.434009
1.53315
-0.332307
0.477586
-2.1485
-0.0234323
1.85583
-0.0246853
0.583667
0.945605
2.92701
0.900494
0.343834
-1.89472
-1.52838
0.0854695
2.32812
0.431054
0.703314
0.152369
-2.32325
0.183344
-0.4466
0.673517
-1.16489
1.25358
-1.65283
0.527644
-1.42632
-0.690632
-0.123746
-0.73008
-0.863503
1.24776
0.869372
0.168089
0.232822
0.588247
1.91863
-0.121097
0.139479
1.42517
1.10886
-0.412966
0.173104
-0.965246
-0.00906903
0.0938616
0.213065
-1.11512
-0.87302
-1.77902
1.51963
1.1987
0.830934
0.361323
-1.07587
1.88213
0.8597
-0.308647
-1.87725
-1.6773
-0.765884
0.809332
-0.19645
0.00533003
-1.46189
0.909633
-1.23957
0.0986965
-0.334411
-0.428137
1.19912
-1.71519
2.13916
1.08604
0.914285
1.19336
2.15555
2.24069
-0.185827
-0.374799
-1.24294
-1.2071
-1.5052
-0.289918
0.317726
0.730318
0.105757
0.061622
0.930703
-0.79998
-1.42723
1.56163
-0.34991
0.400885
0.513486
-0.0796444
1.12703
-0.795253
0.170238
-0.923963
-1.09241
-1.92538
-0.103227
0.67101
1.6102
0.521005
-1.17234
0.697188
0.528818
-0.149965
0.90254
-0.214044
-1.10366
-0.0545586
-0.947764
-0.142801
-1.10018
-0.124088
-0.226142
0.605964
0.689698
1.70582
0.657948
-1.50897
0.932293
1.08073
0.19034
0.259323
-2.35082
1.32891
-0.543097
0.119984
0.488945
0.645019
0.0323354
-0.0582881
-1.57893
-1.21897
0.610039
1.7082
-0.682722
1.31055
-0.45902
-0.0547287
0.713693
0.962596
-1.32033
0.319186
-1.9507
0.981384
-1.0277
0.625987
-1.17501
-1.46131
-0.504282
-0.647155
-0.0491182
-0.30454
-3.00826
0.312345
-1.33753
-0.609001
1.03109
-0.389606
-2.79595
0.450721
2.33954
-1.07225
-0.577616
-0.470639
-0.70126
-1.94492
-1.28142
0.266468
1.19498
-1.97816
-0.264015
-0.311872
0.355052
1.86566
0.018379
-0.483968
2.33011
1.02419
-0.728966
0.222162
0.239609
0.390425
0.399366
0.593233
-1.32423
-0.0418578
0.0468629
0.301665
-1.16603
3.33905
0.296237
1.13595
-0.309831
-1.38143
0.614155
-0.462433
1.70457
-0.27777
-1.24299
-0.467192
0.636626
1.85313
-0.851328
0.609468
0.731273
0.411206
1.00193
0.892124
0.737526
0.382669
1.1585
0.324245
1.22768
0.225306
0.41187
1.34408
0.504912
-1.00463
1.0961
-0.584613
1.34055
2.22416
-0.796811
-0.843212
0.393025
0.558491
-0.602609
-0.174418
-1.13917
1.24732
0.102907
1.05739
-1.05326
-2.50583
-0.66535
-0.985543
-0.72528
-0.922592
-2.64752
2.0735
-0.785627
-0.0828868
-0.536252
-0.581833
-1.12832
0.0724196
0.564156
-0.499816
0.416065
1.68237
0.0902011
-0.2923
-0.375649
-0.523835
0.32442
0.891713
0.559318
0.376497
-0.693352
0.284385
-1.44166
0.375403
0.96266
1.51181
0.323915
-0.69374
-0.72334
-0.865736
0.266246
1.46044
1.18404
-0.905759
-0.604718
-1.45947
1.48753
-0.256296
-0.276452
1.21263
0.205447
-0.667279
0.734053
1.34209
-0.174128
-1.09635
0.072681
-0.35944
1.01
-0.425938
0.114212
-0.626329
0.220137
0.107983
0.603084
1.39629
0.534999
-0.431409
-0.860888
-2.71208
0.926601
-0.53601
0.983976
1.55855
0.345384
-1.04175
-0.192377
0.360268
0.548157
-0.158094
-0.170754
-1.69918
0.0673153
0.0655903
-0.384969
-0.326639
0.147489
0.83404
-1.79327
-0.279152
0.178069
1.53125
-0.0499709
-0.775001
-0.0364773
0.0563657
0.934404
-3.40782
-0.471922
1.15786
1.67703
0.843632
-0.177255
-0.175817
-0.53566
-0.324462
-0.193865
0.514597
-0.0832471
-1.1137
0.65279
-1.31648
0.631626
1.48427
-0.550341
0.842521
-1.57276
-0.609595
1.63835
-0.135648
0.858208
-1.15317
-0.650152
1.55747
1.51619
-1.00682
-0.912551
-0.277876
1.31894
0.660008
0.457375
-0.826775
1.68201
0.460301
-0.479122
-0.878669
0.686818
-0.184388
-0.463001
0.113775
-0.893608
-1.03703
-0.151211
-0.574457
-1.09429
1.3266
-0.111481
1.13847
-1.15394
0.0185665
-0.866705
-0.0134439
0.88138
0.336447
-1.03793
-1.32184
-1.28794
-0.794488
-0.498802
0.665287
-0.530626
2.98541
-0.6739
0.57672
-1.05342
-0.192264
0.548878
-0.133788
-0.739356
1.34797
-0.723045
-0.547381
0.980182
0.215283
-0.0108472
1.61927
1.14522
1.70269
-1.64542
-1.53208
-0.220816
0.833612
1.2915
0.970788
0.810865
0.66997
0.00377613
1.15704
-0.724382
1.00637
2.66841
-0.0396765
-0.427213
0.420762
1.12246
2.02345
1.43544
0.767076
-0.866808
0.0964904
0.146796
-0.147345
-1.25858
1.3112
-1.43028
0.975156
-0.138411
-1.98187
-0.310484
0.126367
-1.42678
1.82787
0.947478
1.4328
-1.46252
0.713165
-0.607871
1.15284
-1.63913
0.234152
-1.40747
1.06839
-0.883853
0.385546
-1.8395
-0.758936
1.05559
0.0408161
-0.769492
1.4971
0.900329
-0.585176
0.848554
-0.853316
0.159028
0.0425013
-1.30514
-1.27557
-0.377357
0.645992
-1.31104
-1.44658
-0.198738
-0.94026
0.115737
-0.826761
-1.4633
2.05214
0.77227
-1.3985
-0.888728
0.159364
-0.520448
1.1156
0.83356
-0.124583
2.4556
0.49789
-0.443606
-0.36695
-1.36714
0.186001
0.972909
-0.469548
0.921004
0.920718
-0.509899
0.330869
-1.13202
-0.0966939
-1.03281
0.73555
-0.553666
-1.61905
0.852344
1.11875
-1.31838
0.0354878
0.679968
-1.18791
1.43862
-0.221115
-0.186172
-0.19091
0.512972
1.12952
0.0148308
-0.66924
0.364045
0.430656
-0.652227
-1.85244
0.13065
0.942989
-1.39154
-0.465349
-0.31353
0.539732
-0.659182
-1.42326
0.398193
0.794016
1.33822
-0.752571
0.036973
0.979545
0.177913
0.371724
-0.585339
0.58741
0.358171
1.68284
1.55372
-0.446883
-0.925724
-0.296443
0.587009
0.396777
0.952876
-1.79269
-1.24854
-1.41132
-1.01564
-0.640848
0.416321
2.02375
-0.754089
-0.966483
1.14926
-1.90219
0.47225
-1.44528
-0.0950813
0.9035
2.07937
0.267814
-0.185796
1.11535
0.743266
-0.586285
0.499664
-0.23195
0.760228
-1.43136
1.01305
0.0998619
-0.717224
-0.788481
0.699713
0.445715
-0.168792
-1.78385
-1.32968
0.698532
0.119264
0.814504
1.97676
-0.360537
-1.33682
0.523919
-1.44057
-0.729384
0.0694885
0.725359
-1.26532
0.935801
2.8634
-1.8041
0.459855
-0.400896
0.148819
0.221491
0.293642
-1.76251
-0.194551
0.615954
-0.682207
-0.657315
0.806734
1.81466
0.958837
-1.47337
0.597347
0.699426
-0.557995
1.47929
1.29128
0.470031
1.93225
-0.301078
0.262143
0.729056
-2.25092
-1.03046
0.699285
-0.522141
0.255861
0.296796
-0.379513
0.141109
-1.27642
-1.57039
-1.73732
0.441188
-0.664074
-0.32921
-0.722473
0.0419249
0.483235
1.32392
0.506336
-0.5693
0.748799
-0.971412
-1.18272
1.85459
-0.679694
1.57876
1.35522
1.10139
1.4903
0.694852
0.132915
0.478308
1.82516
0.0109696
-0.405289
0.153829
0.127094
-0.273507
-1.59971
-3.08928
-0.0621488
0.681831
-0.323614
0.588351
0.676838
-1.15296
0.438252
-0.973759
0.492228
-2.00379
-1.68409
-0.193281
-0.309637
0.374479
0.109776
-0.293639
0.533609
0.31171
-0.038667
0.814576
-0.273484
0.260947
-0.196825
2.48756
1.34681
-1.21627
1.69008
0.230189
0.175711
-0.409586
0.766154
0.850658
1.47388
0.86449
-1.12799
0.640642
1.00238
0.187395
0.670103
-0.16696
-2.30187
-0.389775
0.439683
-1.24865
0.764435
0.616041
0.178592
1.30179
0.823211
0.453799
-0.181889
0.705605
-2.52631
0.933017
-0.384632
-0.527706
-0.0253087
-0.400253
1.94056
0.295069
-0.55367
0.542469
0.610065
-0.946875
-0.558371
1.70961
-0.281632
1.20068
2.64645
-1.78945
-0.178225
-0.606268
1.01847
-1.81675
-0.0229508
0.0179507
0.709637
0.130143
0.392304
0.526463
0.629293
-0.28855
0.149181
-0.668074
-0.590919
0.372455
0.481429
0.113104
0.0330526
-1.62225
-0.0526219
-0.486796
-1.90288
0.848995
0.887792
0.922052
0.105563
1.22633
-2.20898
-1.0193
1.77794
0.140165
0.604625
1.04063
1.8954
0.270754
0.514631
-0.0965883
-0.142033
0.602326
0.00306046
0.960433
-0.653323
0.169688
-1.45859
1.00628
1.49253
-0.0335244
0.306514
-0.48956
-0.303035
0.500784
0.559963
1.36255
-1.67877
0.300287
-1.50828
-0.471527
0.319884
-0.76728
0.498536
1.14059
0.913938
0.037626
-0.223898
-0.343024
1.19418
0.741858
-0.848637
-1.44364
0.160101
0.549295
0.682413
-0.698233
-0.776791
0.752856
-0.833782
1.43307
0.877768
2.19119
-0.155038
1.45346
-1.41882
-0.604158
-1.07494
-1.6388
1.92975
0.452119
-1.02651
-0.0931694
0.3784
0.615752
0.826266
-1.37102
0.0430993
-1.40731
1.44802
-0.776326
-1.10073
0.343389
0.868583
-0.976269
0.0273104
-1.2037
-1.05761
-0.0535561
0.574215
-0.993078
1.26781
-0.743101
0.00610203
-0.0541677
-0.049476
-0.307192
-1.10701
-0.45444
-0.73754
-0.458927
-0.443681
-1.68175
0.746155
-0.828125
-1.68003
-0.684258
-2.40949
-1.72044
-0.171944
-0.97011
-1.07918
-0.970298
0.810112
-0.577336
0.0319667
-0.316293
-0.513753
-2.60246
1.00911
-1.40649
0.911214
0.96425
0.719487
0.897096
-0.462864
-2.0741
-0.643551
0.743547
-0.0230291
-1.13506
-0.60191
-0.0268062
0.947509
0.103222
-1.01862
0.416484
0.570456
-1.11204
0.629373
-1.19294
0.382999
1.37108
-0.613105
-1.38009
-0.897663
0.0739395
1.04341
-0.775684
0.855367
-0.995088
-0.658807
0.3404
0.268732
0.418568
-0.542998
0.286737
1.63123
1.59954
-1.98243
0.505885
-0.387226
0.0179425
-0.095999
-0.313137
0.718032
-1.19451
0.917355
-0.500687
0.245982
0.76196
1.09938
0.618658
1.25135
-1.39471
1.14603
-0.723812
1.19096
-0.413549
-0.639429
0.85407
-0.199234
-0.26047
-0.291964
-0.815592
1.29267
2.3218
-0.62472
-0.375578
-0.803555
-0.497077
0.235555
1.2308
2.40873
-0.222864
-0.246684
0.945126
0.693804
0.13681
-0.0175953
-0.701397
0.733635
-0.497002
-1.62169
1.13735
-0.480778
1.53562
1.33256
-0.149196
0.543538
-0.482128
-0.038536
-0.803313
0.363633
-0.179859
0.176498
-0.702631
-1.64145
-0.265966
-0.155215
1.73689
1.46926
-1.32058
-1.20052
-0.644546
1.42413
-0.825272
1.40534
0.967825
-1.33983
1.05331
-1.54153
-1.27019
-2.24037
-0.737984
0.524729
-0.475187
-0.612237
0.614658
0.754155
1.23309
0.0348868
-0.705523
2.29367
0.394756
-0.925384
-0.661669
-0.182055
-0.118383
-0.148423
0.523875
0.841705
0.526554
-0.470631
-0.303151
-0.228501
-0.308862
0.535826
-0.628076
-0.075226
-0.753135
0.898577
-0.251842
-0.589772
-1.74405
2.01326
0.793272
-1.13369
0.245591
0.263049
0.948466
0.778724
1.60485
-0.271719
0.624529
0.82722
-0.410233
-1.6945
-0.241396
0.941943
-0.704063
0.778574
0.329658
-1.98608
0.284902
1.08418
0.0305865
-0.696689
-0.201302
-2.58172
-1.05142
-0.393736
-0.194444
1.05149
1.12318
-0.627019
-0.09249
0.914684
1.62948
-0.453499
-1.07259
-0.0413133
-0.308597
1.76093
1.4768
-1.2979
1.01426
-0.0190475
0.515789
0.38187
0.104214
0.621423
-0.230144
-0.220253
-0.806208
-1.5045
-0.57775
-0.438459
0.291032
-0.310578
-1.14467
-0.571659
1.70476
0.24445
1.20298
0.44872
-0.594306
0.408908
-0.348068
1.56226
0.488827
0.390529
1.52931
-0.234433
-0.311446
-1.48476
0.915333
-0.49588
-0.48207
0.182489
-0.273155
0.631269
-0.309575
-0.382531
-0.19663
0.474018
-0.880946
1.25405
-0.958318
1.50185
-0.714538
0.919531
0.224462
-1.57786
0.687496
-0.157324
-0.16311
-0.0445945
-1.00009
-0.710582
-1.0893
1.84211
-0.561094
0.587682
0.979395
-0.35553
-0.530957
-0.396997
0.767115
0.448887
0.687347
-0.265201
-0.809583
-0.143508
-0.987447
1.51516
0.0975199
-0.119875
-1.30217
1.5412
0.245375
0.42853
-0.00599426
0.34484
-0.928
0.645607
1.10395
-1.67738
2.46327
0.134132
2.04201
-0.922473
-1.89385
-0.0638756
-0.595149
-0.214021
-1.15099
0.833855
0.346365
0.66669
-0.765726
-0.677894
-0.156894
-0.568721
-0.253582
-0.0168294
1.63512
0.309598
-0.44136
0.498286
1.75631
0.50031
1.29226
-0.529789
0.470634
-0.792282
-0.755608
2.04313
1.64283
0.235745
2.82073
0.914574
-0.828997
0.950044
-0.364814
2.21986
-0.882914
-1.97367
-1.496
-0.258421
-0.0886948
0.56237
0.493882
-1.58373
0.154943
-0.799701
-0.490991
-1.09376
-0.0442878
1.07699
0.34225
-0.373385
0.171271
-0.59799
0.51353
0.361426
0.949267
-1.04107
0.743755
0.252374
-1.27782
-0.269137
-0.27721
-1.06728
-0.975503
-1.23795
0.236272
0.37217
0.866328
-0.523562
-0.0557221
-0.171045
-1.46663
-0.614009
-0.456244
-2.67427
-0.650066
-0.388156
-0.202431
-0.910409
-0.928023
-0.0837669
-0.0376217
0.382217
-0.584707
-0.274889
-2.53853
0.36314
-0.792055
-0.713085
-0.342652
0.244452
-0.460559
0.834356
-0.385208
1.31609
1.33062
1.35151
-0.976522
-0.640296
-0.626924
-0.211075
0.629858
0.223179
0.461895
0.713682
-1.51938
-1.42432
1.02097
-1.90989
0.504091
-0.237054
0.624241
-0.7845
-0.729466
0.141239
-0.937939
1.06505
1.00339
-1.45988
2.03771
-0.31127
-0.721311
-0.621071
0.0481573
-1.33328
-1.01596
0.595992
-1.80635
-0.250554
-0.526015
-1.22403
-1.48676
-0.139322
2.87502
1.98526
-0.00252891
-1.82676
-0.45189
-2.27848
-1.12348
0.044701
-1.70538
-0.915262
1.95834
-0.864266
-0.276271
-0.138793
-0.885592
-2.45449
0.420412
2.1357
0.126652
0.318315
-0.705162
-0.871657
-0.636767
-0.512008
0.716087
-1.61387
-1.76915
-0.785325
0.968652
0.987514
-0.168809
0.990286
-1.17016
-0.822999
1.35244
0.186701
1.29975
-0.119143
-0.192593
0.212219
-0.68147
-1.12689
1.78541
-1.49278
1.05161
0.418527
0.66596
-0.784814
-0.763667
-1.58684
-0.319079
0.581462
1.60188
-3.16005
0.534279
-0.2779
0.16778
0.54527
-0.288584
0.521782
-0.289703
0.041054
0.834202
0.33102
-0.494783
-0.593405
0.0893888
1.08217
-1.23528
-1.13173
1.14331
-0.126493
-1.43867
-1.11871
0.669612
-0.800694
-1.19568
-1.94538
-0.813803
-0.595762
-0.455887
-0.65377
0.671411
-0.900418
-0.438291
1.29118
0.141848
0.367023
-0.833423
0.746229
-0.851417
-0.882735
-0.756885
-0.394835
-0.857744
-0.246257
0.521199
-1.75419
-0.994014
0.402743
-1.47115
0.157165
-0.93509
-0.789917
0.199127
-0.647775
0.0526915
-1.07273
-1.0036
1.57022
0.729669
-0.51919
-1.43843
-1.62234
-1.24056
0.798391
0.586385
-0.153469
-1.33365
0.268662
-1.19446
1.58089
0.871153
-0.276063
-0.539108
1.03005
0.10512
-0.403277
0.18233
0.492618
-1.7869
0.53563
-0.0482383
-0.234198
-0.804709
0.837388
-3.2068
1.02346
-0.466823
0.250969
-0.222686
0.471473
1.15044
0.960504
-0.640843
-0.237938
-0.756736
0.934074
-0.0889704
-0.167558
1.34431
1.99787
-1.23196
0.426619
2.1436
-0.387196
0.397612
1.03315
1.57373
0.878132
0.738004
-0.311218
-0.2251
-0.183531
1.55869
2.61967
-0.858667
0.464815
1.23077
-2.09433
-2.32664
0.804717
-0.266465
0.122878
-0.564522
-0.175916
0.29794
-1.58778
-0.0624577
-0.091854
-0.686874
-0.231116
0.0286401
-0.12579
-0.3465
-0.925429
-0.134337
0.360108
-1.0427
2.24359
-0.843592
0.759507
0.240931
-1.12723
-0.246154
0.935014
0.817478
-0.435595
1.43067
1.14866
1.47294
1.2406
-1.18293
-1.37398
0.707682
-1.01498
0.75909
-0.591058
-1.25702
-0.693725
-0.635578
-0.251177
0.409828
0.666979
0.995512
-1.87496
-0.868499
-0.278447
0.0906721
0.20945
1.30618
0.850079
-0.0563648
-1.20954
-3.53021
0.0180551
-0.360964
2.8046
1.80445
-0.489118
0.0153431
1.52472
-0.965863
-0.36709
0.527793
0.10536
-0.357916
0.0746302
0.715205
0.217612
-0.221127
-0.269643
-1.02876
-0.651035
1.62766
-2.65305
0.916281
0.601525
-0.660542
0.131611
-1.37939
0.521743
0.468341
-0.291086
1.10657
-0.737453
-1.21573
-0.29153
0.491539
-1.44483
-0.757534
0.418011
1.97265
-0.647553
-0.3225
-0.663176
1.5146
-0.177796
-0.807339
0.0412575
0.524131
0.745122
-1.38037
1.02325
-0.829129
1.93533
1.39096
-1.15556
-0.5807
-0.362336
-0.379527
0.409318
-1.52201
0.859282
-0.171841
-0.166046
0.573841
-1.02691
-1.97671
-0.467485
-0.202537
-0.0872384
-1.79599
1.09134
-0.519953
0.549768
0.967668
-0.493669
-1.73904
0.465945
-1.24178
-0.0938765
0.229852
0.343559
0.326345
1.13408
-1.58877
0.719634
-1.52156
1.94299
0.815329
1.38395
-0.17923
0.0859751
0.143907
0.88845
-1.21625
0.162371
1.07326
0.356545
-0.325807
0.498342
-2.06169
0.410434
0.753588
0.848574
-0.408337
0.372691
-2.86608
0.695328
-0.805274
0.830276
-0.462377
0.446353
-1.22832
-0.538167
-0.174352
0.0165222
-0.094156
0.429547
0.587197
-1.11986
-0.431138
2.38439
0.599797
0.83218
0.511694
0.823966
0.224849
-0.710554
0.258682
0.635436
-2.06224
-1.06017
1.15457
0.636671
-1.46799
1.15873
0.584083
-0.148505
-0.657264
-1.23019
-0.487622
1.51376
0.983455
0.289936
-0.975089
1.4721
0.792548
-2.16999
-0.239528
-0.443991
-0.123731
-0.35159
2.40327
0.548648
0.686199
0.676964
-0.0340194
0.660855
2.01109
-0.594945
0.693156
-0.558155
-0.160736
3.08687
0.231905
0.232691
0.829184
-0.894785
-1.35185
0.075712
0.143516
1.26262
-0.836116
-0.424272
-2.2958
0.837358
-1.03888
-0.779956
-1.60898
-0.223025
0.406274
-0.729325
1.60308
-1.64255
0.111951
-1.48676
0.542892
0.212679
0.959991
-0.366016
-1.95798
-1.32526
-1.09129
-0.969017
-0.0822694
-0.173363
0.385859
-0.654413
-0.529704
1.74981
-0.349051
-0.996375
0.987412
0.658507
0.0335475
0.778786
-0.607481
1.07112
-0.291043
-0.377284
1.24052
0.00499326
1.15856
0.319712
1.32358
0.526571
-0.229009
0.292682
0.961703
0.490537
0.0554767
-0.0762845
1.23015
0.165321
-0.921204
0.548121
0.541397
0.31441
1.873
0.265615
0.16801
-0.915701
0.775995
-1.41175
-0.308033
-1.18972
0.324463
1.15416
-0.120298
-1.1207
-0.304182
-1.70087
0.599737
-1.21258
0.401247
-0.559869
-0.798957
-0.953336
-0.13537
0.649709
-1.64741
1.59036
0.166087
-0.735957
-0.0643027
-1.20137
-1.05508
2.19047
-0.562545
0.170626
0.281794
0.463838
-1.56269
0.702905
-0.390922
0.0261365
-0.677805
1.07805
0.420811
1.95214
0.802081
-0.352949
-0.784135
0.262201
0.320588
-1.23605
-0.0552346
-0.907306
-1.28509
0.512469
1.48615
-0.570073
-1.85493
-0.0938561
0.00407201
1.273
-1.26871
0.421135
-0.0579573
0.96192
0.925984
0.503312
-0.703713
1.18335
-1.15741
-0.053856
-0.922568
1.7198
0.67218
0.257418
-0.622382
0.113735
1.20878
1.21412
-0.738487
0.680297
-0.0884305
0.957394
-1.46851
1.45861
0.30811
0.858779
0.240918
2.30094
-1.11143
-0.106891
-1.33048
1.94033
1.58354
0.408611
-0.490315
-0.276396
0.40744
0.660891
-0.297062
-0.391781
-0.778278
0.761291
-0.629713
0.812336
1.26191
-0.320062
-0.597206
0.465889
-1.30492
2.05977
0.776042
-0.65029
0.846445
0.0270352
2.44509
-1.9845
0.112106
1.20186
0.745162
0.870173
-0.295545
-0.0032047
-0.485347
-0.384241
-0.204848
0.897137
0.911841
-0.779653
-1.39694
0.428857
1.10737
0.616886
0.386911
0.102078
0.720177
-1.51046
-0.177446
0.0456141
-0.699743
0.911085
0.566368
-0.969912
0.28219
-1.25566
1.30509
-0.944122
0.718716
1.53488
0.0170212
-0.210854
1.02835
0.472644
0.190434
-1.44258
-0.110623
0.727005
0.100354
-1.25981
-0.204602
-0.111296
1.64561
-0.133676
-1.5832
-0.311741
0.710461
1.8182
0.673979
-0.744184
0.206271
0.44348
-0.761469
0.38609
0.0513799
-0.463476
-1.17527
0.956017
-0.185026
0.397803
-0.786742
0.358101
-1.16108
0.620135
-1.11413
1.35399
1.42544
-0.760423
-0.779327
-0.89095
-0.334544
-0.554417
0.869651
0.497379
0.346787
0.633817
1.06314
-0.60059
-1.45925
-2.03133
1.10086
0.833412
-0.347575
0.791158
0.23257
2.7037
1.46826
0.613939
0.144584
0.585457
-0.828467
-0.16087
1.16655
-0.35382
-1.0564
-0.867028
-0.650381
0.348723
-1.06466
-1.39855
-1.59598
1.48507
-1.52486
-1.15366
-0.403354
0.0838183
3.11833
0.84896
0.282913
0.630289
0.999474
2.18446
-0.52288
-0.240528
-1.00177
0.300761
0.629147
-0.00556916
0.190052
-0.265051
-0.134006
1.52746
0.152537
-0.842913
1.2039
-0.899371
0.558844
0.652566
-0.730475
0.466393
0.447139
-1.66497
-0.619418
0.301319
-0.896655
-1.24202
1.162
1.67428
-0.757693
-0.805734
1.13761
1.4011
-0.556288
-0.0178028
0.851477
1.25502
-0.552792
0.831692
-1.24511
-1.22543
0.527416
-0.929039
-1.74176
-0.439979
0.705048
0.0268919
0.529541
0.65784
-0.210591
0.108423
0.937611
1.29155
-0.493059
2.27328
-0.250813
-1.46667
-0.0203544
0.491883
-0.464807
0.278203
-0.393365
0.390259
-1.17876
0.439938
-0.349599
1.56762
0.25144
0.939062
0.411861
0.174428
-0.627524
0.883078
1.06732
-1.21216
0.933196
-1.38927
-1.72807
-1.20708
1.36826
1.335
0.973951
-0.193589
-0.56789
0.852772
-1.30341
1.36687
-1.04722
-0.109061
0.860381
0.506929
0.283785
-1.04745
-1.32988
0.560857
-0.392745
-1.38594
0.16635
-1.1067
-0.830723
0.299096
0.347322
-0.128802
-0.768431
0.370213
0.0360417
0.92682
1.48308
1.73493
1.85961
-1.02824
0.0143366
-1.15535
-1.48071
0.732429
-0.709806
-1.30341
-0.629055
-1.2851
-0.417907
0.586597
-1.62099
0.064676
-1.03279
-0.278378
-0.344323
-1.94196
-0.551327
1.96411
1.4592
0.587209
-0.55095
0.679655
-0.010604
2.25669
-0.484577
2.04672
0.270815
1.55075
-0.051616
0.746275
-0.421941
-0.438811
-0.413166
0.0529779
-0.899975
0.0443282
-2.22857
0.0473552
-0.79524
-1.10399
-0.634097
0.284709
0.546768
-0.316783
-1.62513
1.45422
-1.43801
-1.27152
1.4723
1.38983
-0.797152
0.128967
-0.375853
-0.0609386
-0.143547
-0.050498
-1.64512
0.51582
0.392446
-0.304926
-0.262032
-0.809771
-1.22022
-0.869392
-0.915828
-0.0286392
0.381353
-0.164644
-1.45964
0.375865
-1.45282
2.39854
-0.489008
1.8808
-0.460223
0.922543
0.570401
0.893779
0.63593
-0.374064
-0.480836
-1.34783
-0.419146
-0.882155
-0.155593
-1.0841
0.00526291
0.0511174
-1.35104
0.998524
0.699915
-1.01036
2.39624
0.537415
1.40337
0.429303
-0.408095
0.050013
-0.580248
0.630165
0.0362782
-1.16672
0.400118
-0.348581
-0.0100762
-0.795765
-0.915259
-0.728178
1.59314
-0.196999
-1.28244
0.290429
-0.300111
1.899
0.238539
0.623072
1.31099
0.0710502
-0.872234
-1.4706
-0.657484
0.260998
1.59585
-0.620094
-0.654402
-1.83837
-0.0372729
-2.10634
-1.34565
0.0918553
0.545267
-0.328845
2.06246
1.79234
-0.196587
1.33916
-0.760469
0.726947
-0.478172
1.2024
0.282707
-0.0633224
0.600678
-1.95045
-0.347442
1.3797
-0.763243
0.440121
-0.270641
0.429736
0.547375
-0.252821
-1.62284
2.1311
0.882355
-0.735695
-0.985921
-0.80441
0.400739
0.0790802
-0.92412
0.667931
2.92211
0.266028
-1.0589
0.827173
0.242452
-1.45225
0.030054
-0.682312
1.86167
-1.5745
2.05836
0.275492
-1.95149
0.791193
-0.720449
0.34268
-1.94011
1.07149
-0.908506
-3.08094
-0.105926
0.426312
1.98739
0.506308
1.47162
0.0967169
0.426829
0.582168
-0.433646
0.497434
0.44651
-2.15202
-1.22271
-0.120688
-0.257567
0.265141
0.923229
0.873131
1.25957
-0.801832
-0.663956
0.281665
0.0530694
-0.978937
-1.27931
1.3284
0.706536
1.44926
0.14427
0.198346
1.21997
-0.0452992
-0.543393
0.644372
1.5764
-0.298395
-1.64845
-0.524807
0.920798
-1.38476
0.804955
0.625378
0.385772
1.07845
-0.94152
0.9998
-0.0569993
0.00541615
-0.847591
-0.146369
0.950145
2.63884
-0.781924
1.69392
1.04418
0.716808
-1.35089
0.172678
1.13137
0.891284
-0.421228
2.12259
1.4589
0.0361522
-0.511074
-0.902825
-0.456112
0.944574
-0.508647
-1.56408
-0.513213
0.467199
0.303911
0.806612
0.681616
-1.4214
0.0408722
-1.76273
0.68766
0.942974
-0.304438
-0.436899
0.0216983
0.462118
1.6073
-0.142461
-0.537427
-0.60743
-0.693388
-2.31338
0.163216
-0.139284
0.375187
-2.18418
-0.628591
0.733825
0.443405
-1.24916
-1.29746
0.259034
0.45728
0.17481
0.789395
0.913689
1.19721
1.73742
-1.16793
-0.563982
0.167994
0.764727
0.373258
0.110705
-1.5971
0.357986
0.529726
0.744512
-0.980312
-1.79138
1.3871
-0.112614
-1.13448
0.0318255
0.00178725
-0.135151
0.428757
-1.14396
-0.3467
0.634552
-1.17132
-0.663986
2.30573
-0.260289
-0.628553
0.187334
0.308196
-0.380887
-1.15531
0.180653
0.394042
0.589769
0.882384
-1.67045
1.19775
-3.27352
-0.741063
1.7506
-0.688904
0.362283
0.359933
1.29807
1.48381
1.40511
1.11716
1.29981
-0.271798
-2.25917
-1.64731
-0.156186
1.79778
0.318677
-0.511338
-1.19412
0.699236
0.661545
0.00769717
-0.536508
0.63588
-1.76877
0.173882
0.31431
-0.3935
0.200615
-0.496756
0.60192
0.68802
-1.10459
-1.20492
-1.19465
0.538477
-0.565193
-0.659873
0.326225
-0.519539
2.4105
-0.268229
-0.173428
0.533088
1.7362
-1.44895
-0.37148
1.61172
-0.354804
0.0683578
-0.0851406
-0.54075
0.0648138
1.32614
-0.651824
1.16783
-1.62367
-0.989484
-0.0942028
-1.32159
0.710039
0.930681
0.22229
-0.639426
-0.923807
-1.61611
-1.36771
-2.23303
-0.409271
0.176801
1.48388
0.488957
0.356574
-0.685993
-1.60029
0.209636
1.24002
0.215605
0.577837
0.625294
-0.930908
1.52112
0.528675
-0.279526
0.840279
-0.078688
0.507606
-1.15571
0.0720162
0.732852
1.01721
0.512384
1.47472
1.49716
-0.381938
-0.185465
1.42964
0.60121
-0.171458
0.619414
1.35226
-0.0796344
0.9464
-2.52492
-1.96114
0.394735
0.945336
0.255142
0.729907
-0.138826
0.31711
1.63396
-1.91308
0.832129
-0.775662
-0.927422
-1.15754
0.28215
-0.423444
0.402883
-0.806752
0.352707
-0.745908
0.128713
-0.280423
0.165768
0.723143
0.565669
-0.436271
0.479948
0.00953317
1.67045
0.757883
-0.114687
-0.634629
-0.321679
-1.29689
-0.289553
1.42772
-1.53977
-1.17985
-0.580115
-0.97303
0.0833007
0.894653
-0.668793
2.07368
0.279142
1.78753
1.237
-0.603761
-1.78383
0.744582
0.278276
0.365682
1.66793
1.15392
0.0348176
-1.17513
-0.809409
-1.05598
0.937961
-0.906912
-0.0459647
0.194387
-0.503104
1.43457
0.368077
2.89731
0.349069
1.04828
-0.00360054
0.776322
0.883733
-1.12543
-0.614363
-0.46909
0.261592
-0.340189
1.2506
0.28703
-0.110789
2.05614
-0.352283
0.206028
-1.87208
0.523949
0.103908
-1.77588
-0.920334
-1.93316
-1.33277
-0.562284
-0.877377
0.28583
0.426732
-1.18131
0.464275
0.929974
0.60223
1.16769
1.0419
2.05877
1.2549
-2.59843
-0.705
-2.12724
0.439222
-2.27769
-0.075865
0.556223
2.36091
0.285977
0.655598
-0.0605954
0.515491
-2.18217
0.0893472
-0.22898
1.57945
0.634097
-0.352166
1.47456
0.879223
1.87249
-2.70459
0.00255048
-0.781731
1.21025
0.634318
-0.150467
1.04472
2.25605
0.949907
-0.226788
-0.771525
0.86605
-1.41027
-0.989637
-0.232003
0.587714
-0.349782
0.323155
-1.92522
0.444352
1.77772
0.497278
-0.54279
0.836744
0.351857
0.798691
-0.0860345
-0.282252
-1.26465
1.54973
0.98001
-0.945191
-0.824807
-0.782296
1.0664
-1.21062
-1.32356
1.0341
0.633487
-0.628228
0.399306
-0.842115
0.0358236
-0.356662
-2.13561
0.584269
-1.16808
-0.222006
-0.624468
-1.53265
-0.635842
-0.18227
-0.949416
0.102867
2.36045
-0.095364
0.017378
-0.298266
-0.985708
1.7983
0.642777
-0.0124322
0.23749
-1.67845
-0.647458
0.552507
0.12434
1.30079
0.509257
1.67463
0.506836
0.837138
1.36659
-0.590624
-0.454862
1.51761
0.255704
-1.51725
1.11263
-0.451767
0.475722
0.808487
0.120305
-1.59414
-0.395779
0.0216646
-1.25203
-1.0824
-0.814854
-1.12884
-0.873695
0.184414
-0.673483
-0.201728
-1.04605
-0.85508
-0.055432
0.0253053
1.60935
0.877376
-0.214335
1.03551
-0.862887
0.540572
0.657837
-0.608167
2.82066
1.81777
0.103479
-0.796887
-1.1418
1.29527
0.136494
0.932162
-0.421157
-0.00631547
1.36158
1.28879
1.76957
2.17634
-1.04496
1.3575
0.432013
0.936599
-0.666043
-0.00390035
0.881647
-0.103913
-1.76569
-0.943377
-0.0221114
-0.689153
1.93678
0.229597
-1.00562
0.0571236
1.07394
0.23801
1.11027
-0.298611
-2.12178
-0.125967
-0.477703
0.660053
0.877056
-2.41834
0.476556
0.750425
1.60925
-1.05156
0.501042
0.652483
0.410145
-0.22806
0.919513
0.291768
-0.109632
1.18641
-0.650309
0.355159
1.21401
0.0807318
0.71035
2.03292
0.378074
-1.07912
0.564575
0.915235
-0.180182
-0.359326
-0.674374
-0.940076
-0.0402949
0.666671
1.97673
-0.449384
0.11053
0.219035
-0.671212
-0.913395
0.758778
0.711042
1.67208
-1.38208
-1.10735
0.890618
0.769019
1.2316
-0.020555
-1.65215
0.144715
2.74525
-0.440649
0.163313
-1.26733
-0.0557954
0.108592
0.0518038
-0.410727
1.28707
0.749506
-0.795153
-0.492822
-0.32126
-0.945127
1.09
-1.54875
-0.947424
0.277865
-0.394132
0.289361
1.29071
-0.869056
1.82504
1.30247
0.983129
-0.42437
-0.274729
0.886533
-0.236919
0.462463
-1.1704
0.545275
-0.30309
-0.0274962
-0.0366688
-0.232433
-0.193828
0.718163
-0.571609
-1.44835
-0.152766
1.08288
-0.522698
1.0339
1.33538
0.653207
1.11129
0.153402
-0.380372
0.422627
0.432877
-0.151826
-1.69272
-0.156702
-1.80429
-0.0372568
0.060955
0.418654
0.0267965
1.94507
2.25663
-2.13912
-0.0190142
-0.105305
0.858654
0.64683
0.148605
0.410017
0.984489
-1.01108
-0.427182
-1.29892
1.54821
0.757954
-1.72881
0.844571
-0.073284
-1.53571
-0.474825
-0.151863
1.59515
-1.04326
-0.801176
-1.16271
1.18705
-1.24144
-0.298695
-1.54613
1.56193
-0.198314
1.10003
1.05054
1.09143
0.0519835
-0.970924
-0.212064
0.50945
-0.683428
-1.34035
0.993019
0.300187
0.195171
0.865988
-1.1662
1.9964
0.992934
0.52967
0.262303
1.48989
-0.163473
-0.391502
0.458987
-0.598223
1.45589
-0.594682
-0.748733
-2.63623
-0.111118
-0.417825
-0.320192
1.77793
-1.01986
1.54608
0.516985
-0.319363
0.74508
-1.61942
0.0708358
-0.798928
0.188484
-0.27449
1.31372
1.71986
0.537523
1.67159
-0.140564
0.642296
-0.0487132
-0.689166
-0.0313864
-1.13091
0.223898
-0.792531
0.401859
0.680987
-0.47905
0.354819
-1.79986
-0.7463
0.379714
0.744294
0.940201
-1.16289
0.494556
-1.41733
-0.29218
0.113687
0.540885
0.0969019
-0.782818
1.0953
1.35312
-0.00899935
-0.334349
0.00605798
-0.36577
0.0395167
1.96183
0.00266165
-0.514198
0.879755
-0.935055
-2.44468
-1.46179
1.08473
0.520311
1.46207
-0.173864
-0.0176815
-1.99072
-0.153852
-0.215333
0.555129
-1.33129
0.466548
1.00465
0.269542
0.866843
0.689811
-0.0826625
-1.27025
0.632298
-0.112989
0.268393
-0.0233457
-1.73538
-0.184416
1.397
0.755653
-0.438806
-0.129289
-2.19911
0.443831
-1.57083
-0.490696
0.409563
0.268618
0.805171
-1.37479
2.07867
0.00879008
-0.448089
-0.880285
-1.82882
-0.162349
-2.49749
-0.548505
0.740442
1.13468
-0.744681
-0.998192
2.22204
-0.779704
-1.45805
0.88208
-0.683424
0.492308
1.25861
0.429899
1.67904
-0.232949
0.391742
0.433239
0.786166
-1.11387
-1.86804
-0.248753
-2.1149
1.23254
0.66712
-0.43545
-0.661155
0.0789814
-0.740961
-0.631594
0.577571
0.478916
-0.284006
-0.241113
0.371373
-0.537321
-0.839848
0.103664
0.121117
-0.588273
-0.449846
-0.676318
1.06497
-0.474985
-0.44111
-1.55374
-1.20348
0.0295414
0.649399
-0.1257
0.270523
1.68339
1.59513
-0.0189224
0.527511
-1.37052
2.04831
0.969143
-0.02631
0.172068
-0.396107
-1.01476
0.0588605
-1.29628
-0.557738
-0.746271
0.511839
0.334422
0.258729
-1.19396
0.665417
0.359926
0.82501
-1.55679
-1.34556
-0.476816
2.09813
-0.723372
1.02764
-0.897017
0.463102
1.71482
-0.531365
0.810139
-0.178597
-1.23265
0.168112
0.865581
0.870188
-1.70831
-0.754458
-2.16091
-0.0489437
0.953782
0.326749
0.830485
-1.27954
0.349506
-0.447752
0.198673
-1.18655
0.252859
-0.720275
0.217969
-0.096177
-0.324853
-0.241917
0.34447
-0.566007
-1.74336
-0.308248
-0.23718
-0.43674
0.955529
0.544556
-1.70042
0.952584
1.55263
-2.00256
-0.756025
-0.15956
-1.27564
0.505798
-0.431248
0.436675
0.127522
0.745582
-2.24284
0.177961
1.86019
-0.530263
-0.0654178
-0.0874262
1.56641
-1.49627
-2.09293
0.614487
-0.678759
0.526539
0.0435315
-0.0591171
0.387568
-1.12449
-2.35818
-0.316632
-2.23323
0.492481
-0.23163
0.931217
0.070139
0.183186
0.386563
-0.519917
-0.187761
-0.844842
0.0729707
1.20589
1.08347
1.93752
1.21211
-1.40876
1.23679
-0.292664
-0.960461
-0.839712
-0.620729
0.275107
0.529288
1.1548
0.330482
0.173781
-0.48006
0.316285
0.886942
0.490243
0.0983028
-0.828336
-1.34865
-0.732924
0.495608
-1.11664
0.433914
0.657677
0.616224
1.03351
0.68754
1.26372
0.646296
0.563154
0.196273
-2.28145
0.213709
-0.111731
-0.119142
0.900074
-0.166066
-0.766017
-0.682993
-0.145092
-0.297755
1.22612
1.03632
-0.246887
0.983815
0.0177481
0.574007
1.68253
1.04714
-0.599829
0.480937
0.842752
-1.27303
-0.085457
0.427833
0.584418
1.46018
0.553396
1.05112
1.25054
-0.4067
-1.18356
0.478901
0.987704
-0.721438
-0.389642
2.13057
0.477354
0.849552
-1.00596
-1.82316
-0.0183271
-1.20663
0.957675
-1.55506
1.32201
-0.269937
0.323106
-0.532754
0.932528
-0.0473796
-0.49406
0.400365
-0.694246
0.599596
-1.51836
0.957526
0.331099
-1.76387
1.11763
-0.35471
-0.678959
1.30985
-1.7648
0.197353
1.46094
0.706401
0.451224
-1.24296
-0.494809
1.06071
2.03263
0.610471
-0.77982
-1.35661
0.393123
-0.267525
1.27415
0.282805
-0.554914
-1.00727
-0.874361
-0.682493
-0.35804
-0.793757
0.261745
-0.178599
0.416784
0.950823
-0.415517
1.26324
0.687596
-0.14998
-0.174349
-0.114799
1.14916
1.22861
0.193031
0.873922
1.09096
-0.577891
-0.980901
1.95757
1.02288
1.13396
-0.0322367
0.632478
0.994743
2.80823
-0.816309
0.878525
0.330053
-2.05892
-0.219234
-0.594312
-0.497177
0.671263
0.202923
-0.111155
-2.57094
-0.529892
0.0934317
0.563971
1.59526
0.201131
-1.77775
1.13837
1.52279
-1.53546
0.758292
1.14491
-0.33297
1.21288
1.715
-1.704
1.92226
0.0442542
-1.13099
-0.278913
-1.2083
0.436268
0.0713689
1.18103
0.257431
-1.20438
-0.377722
0.0114771
-0.0998765
0.69528
-1.05547
1.53799
-1.15034
0.122254
-1.04587
-2.30551
-0.167551
-1.82042
-0.354683
1.30974
0.601575
0.80406
-0.539298
-0.0146074
0.424169
0.0956931
0.07368
-0.997526
1.79113
-1.0336
-0.259515
-1.95685
0.696463
-1.48848
0.254164
-0.79935
0.119918
-1.47998
-1.0398
1.19919
-0.719385
-0.467535
1.7255
-0.0243886
0.757792
-0.309482
-0.546162
-0.104348
-0.0757211
0.782214
0.888347
-0.597346
-1.71585
0.916679
0.114394
-1.38454
-0.880857
2.70972
-0.430708
-0.32396
-0.158592
0.840473
0.180925
-1.26233
-0.587542
1.16455
0.197401
1.22051
2.48644
-0.946661
1.82134
0.682388
0.637333
0.952973
-0.330951
0.4763
-1.22107
2.24515
-0.730024
0.0978483
-1.79835
-0.940156
0.940291
-1.2342
-0.0365008
0.0900188
-0.464214
0.379824
0.451781
-1.37386
-0.248376
-1.96209
-0.0819152
0.657028
0.803043
0.727124
-0.537737
0.124168
0.156362
-0.668367
-1.13528
-0.0723252
-0.933382
-1.30643
1.25581
1.02421
-0.119519
1.40862
-0.49245
-0.000670493
-0.153452
-0.915091
0.79687
-0.905105
1.96501
-0.0401036
0.226869
0.909792
-0.161739
1.92872
-0.112062
-0.381436
-0.15672
0.0550537
1.91862
0.839889
-0.275677
-0.503117
-2.0706
0.301831
1.27227
0.417713
0.546529
-0.1044
-0.457952
-0.864326
-0.500149
-1.68127
0.563649
-0.72663
0.469516
0.945142
0.356443
0.468417
-0.348391
2.40742
-0.503887
-1.01324
0.0536375
0.290758
-2.548
1.93918
-0.249591
-0.577145
0.865343
-0.822344
-0.232738
0.193157
0.692329
-0.0610454
-1.28402
1.1539
-1.33832
1.6403
0.97164
-1.04534
-0.949077
0.577761
-0.373609
-0.11258
0.638419
-0.708905
-1.79902
0.831272
-0.827647
1.41828
0.688647
0.602916
0.222054
-1.9414
-0.104154
0.935929
-0.167995
-0.671109
-0.728999
-1.39786
-1.70223
-0.399367
-0.404185
-1.71086
0.39672
-0.237113
-0.584699
-1.78623
1.53973
-1.79896
1.04996
0.272611
0.538525
0.297754
0.610771
0.310294
-1.79724
-0.00270748
-0.170195
0.909245
1.13164
-0.539136
-0.601741
0.216359
-0.617883
0.513868
-0.745516
-0.510166
0.564587
1.14069
-0.157587
-0.0980505
-0.210949
-2.62253
-1.22203
-2.35722
-0.743173
-0.518523
-2.11101
-0.74715
0.507105
-1.03936
2.0809
0.336729
-1.24179
1.2972
2.09371
-0.337404
-1.68009
-0.409911
-1.42415
-0.901651
0.211088
0.974496
1.14169
-0.0239734
0.16839
-0.745156
-0.398715
-0.0212411
-1.36432
0.455047
0.550625
-0.875334
0.25183
0.749784
0.201198
-0.778131
-0.14872
0.570151
0.451935
-1.70273
0.281785
0.568353
-0.0190432
-0.761526
0.858317
-0.746766
2.11627
1.65641
-0.729762
-0.196831
0.323131
0.424806
-1.10151
-0.791661
-1.21846
-1.32331
-0.119416
2.41587
0.702072
0.150544
1.69364
-1.40997
0.17581
0.0771542
1.2689
-0.889982
0.312402
0.0332325
-0.0203367
-2.12936
-1.8179
-0.120047
-0.988515
2.40494
1.19614
1.11054
1.20721
1.95348
-0.212944
-0.21336
-0.940445
0.41248
-0.196754
-0.541514
2.16198
-0.775513
1.58085
0.756552
-1.95993
0.141823
-1.25532
1.0781
-0.975744
1.61811
0.785967
-0.906416
-0.124015
-0.0919428
0.664513
0.897565
-0.531467
0.860629
1.11233
1.18706
0.0922619
-0.466013
-1.01134
0.610737
0.0608763
-0.0941033
0.444016
-0.876998
-0.171326
1.14807
2.09285
-1.0432
-0.627112
1.00203
-0.66372
-0.562925
-0.298993
-0.402893
0.924933
0.00191563
1.17177
1.30376
1.06103
1.5096
-1.20245
1.27816
-1.80577
-0.272887
1.76986
-0.636433
0.103644
1.18577
1.49763
0.707883
0.318371
-0.952729
-2.56966
0.474205
1.13651
-0.111401
0.356765
1.69098
0.674426
0.0560017
0.100984
-1.13379
-1.18239
-0.0630179
-0.506039
-1.62209
1.51582
0.916802
0.508576
0.0307004
1.74912
-0.879797
2.08571
-0.382433
-2.09464
-1.1901
0.633269
1.97013
1.54315
0.853285
0.680719
-0.434738
-0.167721
1.2066
0.569804
0.0814835
0.23693
-2.24217
-1.23836
-0.385201
0.420322
-0.467634
-0.343871
-0.128062
-0.833193
-2.69628
-1.40251
0.0218984
-0.721231
-0.701303
-0.274271
1.6322
1.72932
1.5491
-0.52631
0.368802
-0.104914
0.313117
0.965156
0.401527
-0.757536
0.334183
-0.72747
-0.528973
-2.02683
0.724324
-0.0770377
-1.09295
1.51734
-1.01738
0.571368
0.0564461
1.29322
-0.394532
-0.0830687
-0.531556
0.311995
0.679562
0.738626
1.46829
-0.490196
-1.04523
0.638306
3.08869
2.2782
1.15247
-0.113348
0.167198
0.465104
-1.52998
1.51168
0.750827
-0.728336
-0.248519
-1.09712
0.519121
1.87158
2.01016
0.612635
0.589615
-0.943461
0.252856
-0.301587
-2.53611
0.775991
-1.23589
-0.0111104
0.467821
-1.19129
-0.510443
-0.752966
-1.44824
-0.142094
1.07115
-1.7631
0.089501
0.7158
1.36428
-0.775612
0.770541
1.24245
1.03716
-0.517178
-0.377751
0.363702
-0.448153
-0.997089
0.971246
-1.19736
0.22982
-1.63898
1.15207
-0.516001
-0.912891
0.818903
1.77261
0.582198
0.478794
-1.36992
0.724756
0.464695
-0.477165
-0.919938
0.0913899
1.41262
-0.660998
0.407368
0.779488
0.575257
0.949286
-1.7229
0.362425
-1.7789
0.138688
1.22996
-0.225789
0.398642
0.74428
1.1172
-0.506756
-1.83275
1.27427
0.204388
1.43072
-1.01733
-0.53792
-0.610066
-0.137704
0.468901
1.64464
-0.246741
-1.32645
-0.829152
-1.17558
-2.21499
-0.52204
0.427373
-1.52481
-0.141722
-0.241885
-0.302739
0.679267
0.320027
-0.791351
-0.864458
1.09428
0.0247747
0.507665
-1.7857
-0.16381
0.767768
-0.18404
0.535215
-0.28325
0.582893
-1.2138
0.36043
0.439552
0.146333
1.2275
-0.916592
-0.589414
-1.33321
0.640023
2.39228
-0.824602
-1.14035
0.418911
-1.47098
0.477909
0.108211
-1.75242
-2.27239
-0.124194
-1.47377
-0.608998
0.288718
1.72577
-1.17953
0.167933
-1.56407
0.0761005
0.0639668
0.776896
0.529806
-0.780867
1.58649
-0.763485
0.274808
-0.59212
-1.4111
-1.12662
0.614
1.13279
-1.17071
0.658448
1.01142
0.244482
0.676715
-0.839232
1.50229
1.86847
-0.508101
-0.510334
0.891976
-1.4663
-0.21553
-0.517732
0.659673
1.51596
-1.06541
0.154036
-0.356818
-0.651858
0.864161
-0.101999
0.335014
0.769325
-0.171111
0.539977
0.138251
-0.663193
-0.150315
-0.446677
0.258644
1.09957
0.0320665
0.928793
1.82786
0.338062
1.78433
-0.830731
0.14276
1.24052
-0.535289
-0.292291
-0.992886
1.18238
-1.57509
0.879
1.55419
0.0167317
-0.544955
-0.497785
0.262604
-0.300791
1.51544
1.77099
-0.177949
-1.5547
0.682897
1.04178
0.988499
0.00838292
0.7179
-0.00457424
0.940511
-2.07005
1.96522
-1.34723
-0.305831
0.715932
0.144187
0.293553
-0.721126
0.675996
-2.09839
0.040543
0.238705
-1.46302
-0.465455
-0.768005
-0.668327
-0.36967
-0.908743
1.65007
-0.460428
1.02412
1.1659
-0.25735
1.67003
-1.13957
1.45818
-1.65207
-0.337731
-2.16738
1.1827
0.538375
-0.165956
-0.647594
-0.732791
-1.52292
-1.50825
-0.295756
0.445425
-0.400379
-0.189333
-0.00959265
1.15787
0.376742
1.04709
-0.830793
-1.29332
1.40988
0.091031
0.199515
-0.83333
1.23473
0.591978
0.25857
0.742653
-0.989608
-0.105774
-0.310284
0.755112
1.39473
0.0843752
-1.48464
-0.0766789
-1.26243
0.282272
0.707259
-0.0215787
-0.0321084
-0.668675
0.474217
0.222371
-0.285346
0.197364
0.21374
-1.88626
-0.828852
0.0119886
-1.01684
-2.04949
1.68248
0.284688
0.798091
-1.33137
0.770149
0.504791
0.568441
-1.13961
1.59562
-0.460268
-0.347728
-0.402065
1.133
-1.12248
-1.61066
-0.0438866
-1.19667
-1.01977
-0.568437
0.108293
1.31072
0.532345
-0.0928909
-0.902475
-0.948156
-1.17083
0.967104
0.800372
-1.75198
1.99742
-1.26956
-0.567585
1.94428
-0.118808
0.710892
-0.0984794
0.397582
-0.654011
-0.8861
0.771478
0.46707
-0.82929
-1.74854
1.25254
0.122759
-1.37317
-0.958963
-1.13428
2.15164
0.514313
1.53124
2.07008
0.461802
1.17627
0.942245
-1.61164
0.605974
0.341636
-0.207398
-1.99905
1.50617
0.664674
0.289403
-0.366716
-0.127937
1.86917
-1.5452
-2.00171
0.581292
1.14564
-0.817551
0.556698
0.572681
0.32064
-0.762674
-0.975494
-0.959804
-0.591384
-0.046186
-0.394071
-0.819895
-2.1527
-1.04327
0.345117
-1.23391
0.202002
0.379087
-1.5644
1.41348
-0.139754
0.976721
0.283346
-0.25938
-0.703696
-0.0867121
0.320346
-1.30054
1.59868
1.86808
0.491261
0.106273
-0.790987
-0.519872
-0.0588073
-0.0288771
1.12795
-0.0220893
-1.471
-0.996261
-0.0694771
-0.194015
-0.291965
0.267616
0.340349
-1.50413
2.24084
0.579934
0.727748
1.65205
1.16639
0.778005
0.262417
0.760107
0.747655
0.620355
-0.933431
0.696694
-0.500366
0.876396
-0.851078
-0.656568
-1.34616
1.75651
2.35913
-0.676505
-1.54403
-1.01172
0.551125
0.0689657
0.201291
0.448704
1.55497
-0.89586
-2.03026
0.0611762
0.248369
-0.971942
1.40404
0.181889
1.20771
-0.563711
-0.0365209
-0.676778
-1.83682
0.612864
0.658055
-0.77467
-1.27614
-1.4446
-0.483214
-0.200837
0.423383
0.85111
0.264189
-0.943069
-0.62254
1.04519
0.964891
-0.893601
0.243582
0.326822
-0.134187
-0.376392
0.0817125
1.80749
1.67798
0.687915
-1.62281
-0.204103
1.75283
1.45811
-1.08764
0.787639
0.317749
0.316195
0.343537
0.147691
-0.687954
1.32004
0.78796
0.243698
1.4679
0.539301
-0.386929
-0.230476
-0.0887248
-0.308906
-0.474516
-0.809592
0.396878
-0.398511
-0.700297
0.23649
-0.913898
0.294143
-1.05852
0.0688302
0.869196
1.59558
-0.256803
1.48869
0.873177
1.4083
-1.29097
0.843542
-1.78221
-0.257236
0.820558
-0.663561
-0.874781
-1.01859
-0.661583
1.12076
1.34603
1.75897
0.434048
0.479909
0.735983
1.01398
-0.674412
0.760533
1.10495
1.38979
-1.12844
2.1374
-0.277585
1.11212
0.679207
0.00348026
0.585278
0.212734
-1.40763
0.154675
-0.494663
0.132551
0.103115
-0.93625
-0.540304
-0.0642028
1.03794
0.681842
-1.0366
-0.795048
-0.812842
-2.20973
0.580999
-1.78579
-1.68155
-0.0381148
1.24251
2.31848
0.343244
-0.236194
1.00036
0.121797
0.944409
-0.688471
0.934629
0.255121
0.874379
0.941251
-0.648332
-1.35893
-0.626613
1.34884
0.966119
0.51096
2.28898
-1.82837
-1.49776
-1.41471
1.40271
1.60844
0.992016
-0.274568
-0.357941
1.25845
-0.289321
0.0702297
-0.0415818
-0.744601
0.762494
0.275268
-0.250275
-0.138287
0.48888
-0.00142205
-0.0218241
0.296816
-1.54613
-0.10882
1.41105
0.789908
0.632113
-2.00218
-0.424455
0.60843
-0.518452
0.391269
-1.47485
0.161997
0.0799432
-1.12921
0.767156
0.550579
0.977276
0.241966
-0.816435
0.544054
0.33028
-0.717708
0.437723
-0.0939136
-0.53767
0.436165
-0.368282
-1.1499
-0.900476
0.119874
0.511807
-0.41423
1.55727
2.23247
-0.947806
-1.42603
-0.264746
0.495356
1.09464
-0.16539
-0.291379
0.807983
-1.26421
0.610301
-0.18857
-0.607073
-0.302639
0.223289
1.98312
0.765189
-0.0624514
0.788194
-0.257679
-1.03163
-0.691811
0.360941
0.628912
-1.7048
0.649212
0.468633
0.750019
-0.306232
-0.550822
1.89113
0.870676
0.65588
0.672862
-2.41354
-0.340856
0.175544
0.347908
-1.88009
-0.646286
0.00561625
0.232489
1.09675
-0.0331303
0.535174
-0.150655
-0.0220389
-0.653882
-0.20119
-0.202888
0.0242948
-0.958666
-0.698951
-1.84033
0.429307
0.415208
-0.597262
-0.849252
-1.87912
-0.0493109
0.843142
-0.651959
-0.110481
0.809802
0.39165
0.000959694
-0.24608
0.533905
0.154269
0.0685738
-0.367977
-1.75658
0.707126
1.02812
1.40843
2.22651
0.52501
0.476121
-0.871831
0.519924
0.177312
0.135975
1.02799
0.634738
-1.01099
0.309386
-0.329251
-0.34125
1.53119
-0.713745
0.133974
0.480042
1.22334
-0.038425
1.10301
-1.57122
1.42938
-1.64315
-1.13327
-0.818782
-0.120302
1.35683
-1.67352
0.200794
0.752506
1.47537
-0.615559
-2.15435
1.54962
0.257276
0.957083
-0.170853
-1.65997
-3.00312
-1.94752
-0.305813
-0.0361413
-0.295284
0.363217
-0.0723248
1.08783
0.627145
-1.55924
-0.290036
0.821575
0.0979145
-0.124257
-2.29466
-0.0762338
-0.620824
-0.331691
1.1781
-0.0096615
1.37271
0.0786026
-0.629053
0.51268
-0.112881
0.294026
-0.164277
0.0863126
1.14276
-0.607552
-0.544095
-0.312794
0.164602
0.687782
-0.281265
-0.122179
0.259196
-0.730578
0.568404
1.72662
1.31207
1.84899
1.82628
-0.892413
-0.611528
0.799427
-0.889832
1.40389
-0.175145
0.271583
-1.22526
-0.749096
0.754682
-1.54744
-0.747342
1.16635
-0.347403
-1.13331
0.950977
-1.09374
0.587805
-1.53245
-0.101775
-0.927627
-1.79669
0.265157
-0.422666
-0.242093
0.845634
-0.704515
-0.039099
-2.33437
-1.52753
0.211333
-2.28435
1.34017
0.982404
-0.704551
-1.52952
0.0408619
-1.05604
0.924352
-0.518477
-0.618447
-0.444536
0.610395
0.330257
0.379945
1.16779
-2.37803
0.570402
-0.859199
1.69704
0.61801
-0.0123993
0.345501
0.823685
0.178052
0.664883
1.7073
-0.242821
-0.731688
0.587918
-0.586157
-1.06251
0.211441
0.45251
0.404865
1.28558
-0.639577
0.732013
0.16624
0.0849053
-0.414296
0.882252
1.44427
0.463422
0.849897
-0.644206
0.306433
-0.825117
-0.818546
-1.22169
1.01808
-0.34072
0.714499
-0.627064
-0.695508
-0.160022
1.48968
-0.830578
0.878333
-0.681791
0.812672
-0.272129
1.33675
0.734801
0.393429
-1.00136
-0.377004
1.91388
0.253835
1.12976
-1.80961
0.82935
0.993745
-0.0562012
2.29963
-0.394658
-0.572272
0.234661
-2.1824
-1.71192
0.385623
1.32123
-0.934151
-1.21312
0.383132
-1.58473
-0.600748
-0.751676
0.875238
-0.106137
0.00313646
-0.635606
-1.50525
-1.41705
-0.0596039
0.00735319
-0.00156474
0.276918
-1.66945
0.196162
0.642982
-1.05717
-0.220866
-0.0854455
0.545811
-0.0474427
-0.264632
0.486018
0.380064
0.164249
-0.0514829
-0.587028
0.746414
0.0274869
0.435784
-1.67334
-0.914763
-0.335912
1.36077
-0.915994
0.774015
0.402305
-0.348462
-0.439111
-0.988419
0.612182
1.29209
0.449167
0.396887
0.357519
1.45874
0.331329
0.0473305
-1.48293
0.900705
-0.200395
0.253311
0.853442
-0.377948
-1.54346
1.26327
0.989664
0.100951
0.694646
0.255948
-0.235437
1.00754
-1.11581
-1.08266
0.926464
0.345548
2.20971
0.0238259
0.771546
0.868922
-0.94757
1.58211
-0.566922
-1.71184
0.857411
0.534093
0.81129
-0.497102
1.57377
0.496921
0.181699
0.37725
0.405359
0.309834
-0.180385
-0.867574
-1.53763
-1.84477
-0.556191
0.510569
-1.58978
-1.56452
-0.0729035
0.361553
1.65244
0.0456374
0.643682
-0.659754
0.492572
1.44067
0.19401
-0.258446
0.373977
-0.0205695
1.05004
0.291597
-0.663189
1.92469
0.828583
0.492597
0.408093
0.662653
2.11729
-0.569447
1.77306
-0.231561
0.82428
0.952623
-0.0538575
0.513429
0.0170492
-0.377606
0.820291
1.77367
0.0629084
-0.0175924
-0.841702
-0.919096
1.09743
-1.00298
1.00773
-0.995824
-0.536861
-1.07786
-0.0635505
0.7543
-0.141338
0.642546
-1.5621
0.698591
-2.10958
-0.300015
0.213204
-1.57568
-1.79402
-0.796398
-0.329599
0.00170624
-1.70452
-0.0618049
-0.432602
0.301265
1.38741
-0.449576
0.0614994
0.937496
-0.438529
0.217606
-1.77575
2.41326
-0.876271
-0.820358
0.878703
1.55694
0.14101
-0.190186
-0.183824
2.16049
0.688605
-0.452437
-0.67998
0.418888
0.482288
0.462742
-0.37457
-0.663759
-1.85264
0.437235
-0.731308
1.03466
1.2378
0.856447
-1.1402
-0.949639
-0.377928
-0.0732153
2.04857
0.136628
0.00616956
1.14947
-0.985368
-1.8207
-0.401101
1.7511
-0.742281
0.570067
-0.581467
0.0622853
-1.68124
-0.90816
-0.473425
0.158716
0.134413
-1.63185
-1.05551
1.75434
0.381906
0.810218
0.187765
0.135243
0.674602
0.895266
-0.467698
0.0278216
0.449038
-0.428714
2.14161
-1.47774
-0.539913
0.483719
-0.10921
-1.01925
-1.13035
-1.33454
1.01813
0.693538
0.902267
-0.29677
0.260014
-0.797169
0.464858
-0.106637
-0.238237
0.286975
0.0426441
-0.378434
-0.573849
-0.0238932
1.43068
-0.142504
-1.7175
0.814016
0.137853
0.649759
2.52938
-2.60671
-1.61975
0.227633
-1.24508
-0.561014
0.665471
-0.778399
-2.05902
0.017172
-1.79308
-0.615195
-1.08017
-0.016161
-0.70568
-0.14109
0.743453
-1.34797
0.510202
1.30104
-0.0914499
-1.17109
0.463525
-0.498769
1.76013
0.943428
-1.55459
-1.50805
-0.684085
0.311127
1.13448
0.129329
2.66242
0.226332
1.15958
-0.981184
-0.478861
0.791736
-0.410535
-1.72371
0.310372
0.477891
0.707657
0.571988
-0.653631
0.0640396
-0.904446
0.749558
-0.191244
-0.800489
-0.398752
-0.892997
1.01099
0.813561
-1.44647
-0.115829
0.851887
0.359465
1.16252
-1.45755
0.268564
0.142059
-1.27665
0.431786
-0.174236
-0.288226
-0.776809
0.120339
0.189621
0.408066
-0.163025
-1.27151
1.22019
0.674972
0.366799
1.08339
-0.553318
0.690485
0.983767
0.942045
0.262292
-0.720706
-0.999612
-0.364517
-0.206262
-0.933983
-0.165571
0.21665
-1.86819
1.39077
0.400343
-1.15238
1.17752
-0.26498
0.922671
-0.769783
1.27091
-1.18114
0.808606
-0.454253
0.386211
0.522872
-0.436555
-1.30145
1.16041
-0.0449089
-0.00161022
-1.48325
0.805326
-0.290181
-1.02824
-1.66663
0.65156
-1.34087
1.28726
0.174337
0.249332
1.33711
1.55194
0.0499499
-0.768038
-1.12727
0.55474
0.166797
-0.282847
-0.080238
-0.72286
1.82086
-1.30153
-0.0717072
0.919132
-1.69721
0.237048
-2.11577
0.389196
1.35024
1.79156
1.40598
-1.6982
-1.69795
0.185772
-0.412735
-0.62924
-0.0725053
0.0821211
-0.989321
-0.708142
-1.51515
0.300542
0.908882
-1.71443
0.209666
0.694866
-1.40341
0.0210342
-0.480425
2.54895
1.22759
-0.281744
-0.945706
-0.598491
1.44415
0.190575
1.84335
1.50341
-0.0551639
-1.67575
-0.0794097
0.902217
-0.074894
0.157834
1.43996
0.485171
-0.303069
-0.680384
1.2031
-0.355333
-1.11119
1.18889
-0.0834665
0.285855
0.907985
-1.047
1.02446
-1.4406
0.234787
1.75843
-1.68009
0.0575007
-1.7295
-0.415567
-0.0187592
1.81467
1.10581
0.526004
-0.269795
-0.596651
0.403554
1.54278
-0.683151
-0.119296
0.447496
0.733684
2.39205
-0.889849
-0.0527778
0.448482
-2.23699
0.168051
-0.153948
-0.953919
0.178297
0.800793
0.532553
-0.126075
1.30047
-0.843871
0.982332
-1.50352
0.222097
-1.77593
0.811248
0.653432
-0.152709
0.202258
-0.43952
-1.09128
1.31524
-2.97851
-1.34076
0.291566
-0.040222
1.7934
-0.974736
-0.308651
-0.815758
1.1911
-1.38158
-1.5677
0.157652
-0.619885
-1.08498
0.780747
-1.0315
0.71964
0.0521427
0.457791
-0.959737
0.547756
0.221001
2.52086
1.9539
1.34171
-0.207869
-0.683347
-1.14925
0.4756
0.0723521
-0.346195
0.0492009
1.46833
0.59103
0.075404
1.38515
0.52057
0.795019
-0.30938
0.431861
-1.59817
1.77702
0.172585
-0.942745
-0.382515
1.85552
-1.8711
1.61315
-0.236846
1.41506
1.22833
1.21642
-0.603886
0.0336104
-0.148566
0.354863
-0.281078
-0.860653
-0.946397
-0.501745
-1.32201
-0.503644
-1.56798
-0.59508
0.523537
-0.157707
0.664824
1.29145
-0.575224
-0.971248
0.10283
0.0422511
-0.797206
1.05511
-1.50282
-0.563071
-1.00494
-1.53071
-1.16345
0.555471
1.32629
-1.15984
-0.716179
-1.01138
0.493398
-0.431991
1.72045
-0.0999844
-1.48799
-1.10834
1.70023
1.88774
-0.295145
0.667897
-0.241441
0.285523
-0.20872
-1.61147
-2.29932
-1.50827
0.519124
0.388239
-0.134797
-0.804089
0.759259
1.25826
-0.593953
-0.502417
0.477482
-0.793169
0.192597
-0.0519587
-0.910729
0.358386
0.455868
0.55195
0.575007
-0.555185
-0.955396
1.53152
-1.32797
-1.322
-0.345076
-0.941335
0.609124
-0.121282
-0.408419
1.14987
0.4872
0.0158467
-1.19893
0.641466
-0.928596
1.13857
-2.57776
-0.5417
0.139802
-0.73864
-1.34251
-1.01204
1.50036
-1.07366
-0.181892
-1.31777
0.372555
0.277706
0.850405
-1.33755
-0.245031
-1.42203
-0.315855
0.19646
1.24694
0.67387
0.0277107
0.677124
-1.94163
1.15256
1.14035
0.0351418
-0.950228
0.117052
0.480569
-0.611414
-0.207115
0.485719
-0.125155
0.198918
-1.98798
-0.224874
1.87968
1.66943
0.751325
0.756912
-0.718689
0.272222
-0.628286
-0.231126
0.362142
0.0681487
1.0778
-0.281662
-0.407365
0.240091
0.231538
-0.161929
0.599349
-1.10377
0.800368
-1.08588
-0.705267
-0.372271
1.10594
0.655658
1.7315
-0.177772
-0.0755966
-0.393139
0.631609
0.729956
0.443433
2.14899
0.365442
-0.461885
-1.50394
-0.369585
-1.71719
1.85046
0.458093
1.28176
-0.805174
-1.07608
-0.164934
0.479336
-0.639295
0.739094
1.65143
0.103682
-1.55328
-0.370521
0.789502
-1.8576
-0.415385
-0.795538
-0.452441
-2.18152
0.989979
0.552113
0.0928796
0.00110769
0.649834
-2.53609
1.54345
-1.87013
0.0172517
-0.182028
-1.00567
0.336665
0.839317
0.507989
0.408926
0.0385212
0.901137
1.66993
0.20824
0.758454
-0.733072
-0.0161979
0.124704
-0.0378044
0.477631
0.512764
0.0467487
-1.85158
-1.38374
0.379943
-1.67285
1.31806
-0.549054
1.38099
1.38134
-1.63244
0.684672
1.01585
0.240302
0.0952569
1.57422
-0.148543
-1.38113
0.574545
-1.45671
1.8632
1.31256
0.287271
0.606237
-1.20194
0.977432
-0.81291
-0.93026
0.819653
-0.25179
-0.128969
0.0709227
-0.125534
-0.444651
-0.245099
0.896222
0.612172
1.02633
-0.10412
1.32696
-0.13257
-1.41838
-0.614911
0.4525
-0.862048
1.05313
-0.310934
1.97328
-0.733667
-2.35817
0.0151944
0.0277811
0.637857
-0.833845
0.579574
0.618998
1.93313
1.77269
-0.104651
-1.58627
0.571507
0.0504121
-0.925016
0.199648
-0.660581
0.446522
1.91507
-0.414926
0.627684
2.66409
1.91126
0.0393486
-0.00531828
-1.12149
0.50314
0.53614
-0.882467
1.17255
0.250317
-0.986927
-1.79249
-0.82116
-1.70606
-2.04996
0.443861
-0.20339
-0.280268
0.217996
0.20506
0.284073
-0.415546
0.515636
-0.272011
0.432815
-0.384045
0.625764
1.23695
0.317937
2.31675
-1.46741
-0.087009
0.510257
-1.70639
2.8951
0.59292
0.0533699
-0.4167
-0.773233
1.03837
-2.00012
0.0220975
0.446939
0.614584
0.531054
-0.95244
-0.302863
0.056179
0.713432
-0.326211
0.120649
1.48719
-1.1708
-0.141929
-0.983802
1.46361
-0.162969
-1.37233
0.815292
0.623473
1.06915
-0.942045
0.880165
1.58339
0.175602
1.51693
-0.277811
0.225048
1.08302
0.489279
-0.23866
-0.929326
-0.410063
0.0736966
0.781691
0.539187
0.348213
1.10446
0.147052
0.708902
1.05051
-0.0696326
0.852285
0.370788
0.867922
1.36957
-1.62256
0.332112
0.138378
-0.074995
-1.00671
0.615773
-0.725157
0.499068
-1.42435
-2.53492
0.278521
0.541376
-0.814725
0.234519
-0.305087
-1.69817
-0.235641
2.34208
-0.138536
-0.108961
0.779528
0.0673386
0.953977
0.396684
-1.24562
-0.305072
0.237562
-0.295982
-1.5775
1.39687
0.0541432
0.945618
0.791968
1.25913
0.503752
0.895576
-0.188124
0.523427
0.645509
-0.535933
2.25581
0.761309
0.86911
0.0869955
0.683133
-0.814743
1.33952
0.0860956
0.472592
1.96522
-0.246347
0.380006
0.000248432
0.205598
1.57228
0.701775
1.39516
1.1559
-0.316127
-1.24955
1.23253
-1.6597
-1.20214
0.689627
0.475546
-0.220077
-0.626061
-0.367454
-1.21939
0.0923008
-0.747162
-0.290724
-0.193976
-1.00305
1.68598
0.194362
0.616638
-0.497934
-1.09355
0.100215
0.785326
-0.713222
0.481055
0.394874
1.43903
1.29548
1.57112
0.434816
0.706142
-0.0178172
-0.353989
1.06828
1.32995
-0.301888
-1.9029
-2.33181
0.405097
-0.395613
0.139928
0.974134
0.947439
-0.72774
-0.436431
1.19059
-1.11042
-0.147208
-0.199935
-0.558492
-0.401238
1.53296
1.16236
-0.304947
-0.818597
0.375681
-0.915072
1.30245
0.484829
-0.865244
0.372633
2.70774
0.384538
0.121759
-0.510131
-0.86621
-0.860167
1.42146
-0.192687
0.381786
1.4174
0.182166
-1.18045
-0.428238
-0.821585
0.0941223
-0.884459
1.02669
1.57056
0.592943
-0.668625
0.701215
0.761076
0.140709
0.61966
0.238372
0.422412
0.804457
0.169285
-0.63805
-0.0209879
-0.443495
-0.773613
-0.430165
0.529809
-0.640073
0.0120134
1.78479
1.0165
-0.38703
-2.13724
-0.289852
-0.22826
1.04285
1.11926
-1.21256
0.051975
-1.04502
2.2405
-2.35939
0.622435
-0.531652
0.794832
0.581121
-0.600241
0.620513
0.805585
-0.175242
-0.632984
-1.17403
-0.219002
1.05503
1.18703
1.49054
-0.495128
2.27512
-1.25375
1.20403
-0.395254
-0.200462
0.342906
1.03662
-0.9652
0.074998
-0.513078
0.627232
-0.556181
-1.71019
0.0521029
-0.131412
-0.659624
0.477932
0.0760223
-0.282991
1.24733
0.56364
-2.27366
0.149298
-0.849779
0.274829
-0.115273
-1.15836
-1.72749
0.985625
-1.13066
-0.799861
0.13235
-0.250936
-1.56288
1.69652
-0.493735
-0.143722
1.23753
-0.0742182
-1.02479
0.917084
-0.859214
0.783998
1.66588
-0.622134
1.54522
1.82912
-1.15345
-0.935873
0.103499
0.0505642
-1.56487
0.288079
0.924688
-0.300351
-0.576721
0.202942
-1.1178
-1.44181
0.293692
0.154316
-1.49304
0.00234395
0.885594
0.552276
0.210944
1.76802
0.772805
-0.883657
-0.550221
1.21316
-0.228578
-0.650885
0.00786662
-0.763792
0.201535
-1.34812
0.176717
0.211402
-1.3205
0.70852
-1.1736
1.00363
3.3468
1.71144
-0.0719674
-0.606967
0.920664
-0.953592
-0.460512
-0.211919
0.969806
-0.929687
-0.324074
-1.98058
-0.0385104
-1.44285
-0.180142
0.219342
0.176302
-0.501737
-0.0752446
0.0951675
-0.876657
0.211853
-0.0229656
0.0678977
-0.116536
1.05931
-0.672391
-0.690784
0.204412
1.90181
0.502472
-1.29406
0.864209
1.07057
-0.183461
-1.17541
0.153274
0.436365
1.22058
-1.641
-0.294852
-1.75904
0.38435
0.263092
0.0445186
-0.724704
0.684183
0.984708
0.583515
-1.56619
-0.204172
-0.0390161
0.911607
1.98036
1.01418
-2.31376
0.126762
0.0557414
0.872359
0.982599
-0.0894319
-0.382367
-0.0569021
1.08436
2.30085
0.406563
-0.283736
0.630799
-1.12771
0.863482
-0.575008
-0.70506
-1.86337
1.02978
0.247178
0.583734
-0.98687
-0.597147
0.396881
0.383884
1.83883
-0.413971
0.669572
-0.599434
-0.287919
0.469276
-0.437242
-0.166454
-0.257083
-0.648873
-0.812015
-1.06346
-0.132425
1.04116
1.00685
1.24785
1.85777
1.04623
1.05343
-0.285857
0.31507
0.811041
-0.0063135
0.879679
-0.835811
2.4135
0.217084
-1.41932
1.4319
1.35667
0.234403
1.07018
-1.00064
-0.314018
0.932392
0.424826
0.62714
1.41166
-1.26119
1.62838
0.429486
-0.572366
1.27615
0.265887
0.630251
-0.666575
0.130809
-0.17364
-1.14266
-1.29502
0.419164
-0.935677
1.57343
-0.878421
-0.393709
0.645025
1.12285
0.967723
2.22186
0.997249
2.32709
0.314422
-0.296481
0.174077
-0.00669366
-0.91774
0.0299398
0.481962
-0.0364523
-1.6498
-0.218838
-1.16703
-1.45519
0.537394
0.398005
-0.329946
-1.09948
0.618691
0.301822
-0.0461239
-1.31248
0.672089
1.1309
-0.294433
0.845529
-0.940432
0.944096
0.994595
0.288807
-0.286961
1.10044
-0.435369
1.49959
-0.743675
-0.320524
1.03378
-0.450798
0.187002
0.985854
-0.933554
0.103331
0.0585326
2.52417
1.17738
0.470697
0.0070014
0.947223
0.493905
0.795832
0.525125
-1.29749
0.599506
0.0691328
1.40803
0.700951
1.0776
-1.48078
-0.967009
-1.52564
1.95632
0.747729
-0.756875
-0.500736
-0.217396
-0.203762
0.216059
0.640843
-1.08978
-0.0544794
-0.0458539
1.50033
-0.0492495
0.624359
1.3876
0.247779
-1.31957
2.28693
-1.16373
-1.53257
0.805394
-0.29549
-1.55266
1.4071
0.110616
-0.763635
-1.3301
-0.500748
-0.00868815
-0.0675014
0.633722
0.572923
0.55099
0.327442
0.137386
-0.0696456
0.0303217
-1.4993
-1.61148
2.95087
0.648675
0.736548
-0.380562
-0.68971
0.322006
1.3525
1.45023
-0.0985916
0.425077
1.24804
0.208707
1.75084
-0.39039
0.665425
1.66235
-0.611372
0.441141
1.39585
-0.871657
-0.326768
2.09246
2.30382
-0.368847
-0.951541
0.565017
-0.597655
-0.548935
-0.78994
0.196032
-0.460194
-0.52698
0.704793
0.715401
-0.837069
-0.185803
-0.781403
-0.116427
-0.735451
0.630299
-1.56315
0.103581
-0.888555
0.0843507
0.298097
0.244515
0.16913
1.80399
-1.91962
-1.80013
-0.976279
-0.720018
1.0408
0.800189
0.584275
-0.527406
1.11511
1.02153
0.759195
-1.34151
0.657359
-0.552465
0.35245
-1.75059
-0.472715
-0.98316
-0.486809
-0.884429
-0.80678
1.00944
-0.888672
-0.11685
-0.0313125
-0.41213
-0.077796
0.788716
1.1036
-1.52852
-0.772625
1.78846
0.578636
0.178534
1.08063
1.56837
-0.346095
0.215861
1.68182
1.79302
1.03795
0.450671
-0.00973833
-0.491442
1.26642
1.45088
-0.0732938
0.745482
-0.547318
0.516218
0.0039075
-0.939045
0.439931
-0.657305
0.565075
1.00965
0.68628
-0.738145
1.32786
-0.207192
-2.33453
-1.34771
-1.16843
0.325041
1.36641
0.464496
0.810206
1.21515
1.2641
-1.71706
-0.808121
0.0952098
0.559245
0.907232
0.537614
0.566975
0.427691
0.790222
0.566289
0.402757
-0.381291
-0.487422
-1.92548
-0.438893
-0.0588212
-0.0800405
0.893388
0.909925
0.396095
-0.50631
1.5072
1.42298
1.15274
-0.747129
-0.663347
-0.195449
0.256532
-0.0115743
-1.35609
-0.577285
-0.61212
0.823249
0.886888
-0.0171577
-0.45563
0.498012
-0.959329
-1.5566
-0.0546722
-0.0263678
-1.61168
0.402235
-0.578815
-0.146185
-0.290466
0.260354
-0.100065
-1.07337
-0.645958
0.492135
-0.111441
0.0330676
-1.23476
0.756729
-0.0536975
-0.329259
0.936527
-1.57326
-1.14271
-0.00508416
0.0779161
-0.495536
1.27402
-1.66243
-0.654231
0.122839
0.739448
-1.8252
-0.501135
-0.571751
-0.280767
0.101181
0.131437
0.279889
0.443126
0.692301
-1.44795
-0.696681
-1.56484
-0.99657
-1.97024
0.238828
0.503942
-0.794923
-0.508857
-0.28623
0.770171
-0.444373
-0.849665
-0.295652
1.82559
1.66007
0.323785
-1.76414
-1.26023
-0.477166
0.527397
-0.269609
-1.25309
0.575305
-0.563539
-0.780405
-0.617187
-2.32382
-1.0582
-1.60483
-0.547684
-0.265432
0.988287
-0.0378109
0.12498
0.261521
-0.691958
1.22303
0.101153
-1.79928
0.126228
0.460403
0.317637
1.92583
-0.0492811
1.42389
-0.687347
-0.202787
0.0198699
-0.965489
-0.517973
-1.11712
1.81555
-1.9734
-1.33978
1.92536
0.507256
0.324195
1.01696
-0.524105
0.286164
-1.87232
0.132012
-1.84015
-1.48615
-0.06655
0.21146
-0.962774
0.441281
-1.24015
0.931556
-1.11873
-0.326285
0.875407
0.24937
-0.491225
0.750553
-1.57343
0.503096
-0.936851
-0.717025
0.413419
-2.56506
0.122219
0.952457
0.551939
0.624348
1.4841
-0.754531
-1.6759
1.50181
0.0276439
1.59577
-1.97812
0.203425
-1.02504
0.285843
-0.0319225
0.376828
0.454739
1.28737
0.736038
0.220154
-0.0855395
-0.0813316
-1.6902
0.691219
-2.01301
-0.348774
0.47364
-0.0602296
-0.853751
-0.856456
-0.375877
1.47766
-1.31141
-0.707661
-0.129735
0.188422
0.222624
0.717892
-0.266307
-2.08234
0.332859
0.966028
-1.10003
1.51322
0.953791
-0.407984
-0.992106
-1.76764
-0.298297
-0.53978
0.0841206
-1.14263
0.448723
1.24317
0.661093
0.525876
-0.85367
0.980971
-2.71827
1.31112
0.0763778
-0.53636
-0.698741
-0.760761
-1.20864
1.3376
-0.283458
0.731668
0.516445
2.05185
0.131741
-0.480884
-1.42401
2.05318
1.34114
0.388316
0.548022
0.377004
0.367813
0.222013
0.508495
1.24912
-1.90945
-0.118783
1.65029
0.101309
0.327363
-1.34829
1.13621
-1.45525
-1.3282
-1.89844
0.542328
0.663318
-0.533652
0.518777
-0.217629
-0.930004
-0.16992
0.304704
-0.322671
0.259985
0.505722
-0.934803
-0.78862
0.32646
1.31419
-1.03018
-0.811709
-0.0901257
0.210247
0.622095
-0.357728
-0.94469
0.599775
2.04231
-0.56699
-0.557437
-0.286428
0.00815296
0.653657
-1.25333
1.4127
-0.919801
-0.31867
-1.01492
0.551335
0.663778
-0.764322
1.44981
-0.878311
1.44939
1.27051
-0.198459
0.0641704
-0.67889
0.225404
-0.628606
0.0295612
-1.16488
-1.51011
-0.120987
0.0517526
-0.758827
-0.646736
1.90796
0.987922
0.16986
1.39763
-2.25925
0.160149
0.69092
0.630723
0.0611407
-1.91155
-0.0570614
-0.66769
0.0338646
-1.52704
-0.771871
1.29878
-0.333339
0.524639
1.26633
0.897132
-0.104343
2.75788
0.0245726
-0.1148
0.209333
-0.242126
0.719358
0.337636
0.649225
0.839581
0.890332
-2.07047
0.226822
-0.00557506
-1.45077
3.55778
-0.163877
-0.829973
-1.71014
0.916626
1.06187
0.100104
0.0790554
-0.999134
-0.425256
2.11675
0.0424739
0.677308
0.580653
1.33292
0.182713
-0.0281064
0.00290465
-1.15339
-0.156537
-0.760278
0.812504
0.724777
0.826152
0.328018
0.763147
-1.32524
0.0909587
2.16971
2.08391
0.0291035
-0.0743121
0.182121
-1.55757
-0.586392
0.30895
-0.0235743
0.892561
0.302274
0.594032
0.265484
-2.52306
0.415211
0.841363
-0.503281
0.843518
-0.651458
0.766057
-1.34642
1.0945
-0.598471
1.51719
-1.61597
0.0698216
-1.30429
-1.01289
-1.15074
-1.31136
-0.825204
0.0949994
1.31938
0.134555
0.0109393
-1.01871
-1.83645
3.09026
0.10043
-0.821295
-0.11517
-1.13169
1.28855
0.76976
0.3591
0.884506
-0.483327
0.596921
-0.210618
-1.10413
0.186309
0.796249
-0.531917
0.241521
0.532789
2.02906
0.36052
2.31282
1.70936
0.287813
-0.573979
0.749984
0.232057
-0.905437
0.793768
1.68147
-0.608328
1.75474
-0.0358694
-1.13586
-0.0397668
-0.587244
-1.04764
-1.81001
-0.108319
-0.812587
-1.86484
1.78513
0.545835
0.39981
0.623728
0.0936312
0.0848315
-0.246602
1.19608
-1.49847
0.0917423
0.962093
-0.146092
-0.670104
0.0611498
0.769907
-0.445758
0.923109
0.901644
-0.809491
1.60513
-1.40217
-0.0710241
1.11143
-1.36353
-0.199422
-1.52862
-1.14214
-0.519867
0.916106
1.07612
0.0487422
-0.130263
-2.37374
0.650997
0.440844
0.639013
-0.245027
0.345306
-0.281028
-1.90927
-0.116349
0.310346
1.41509
-1.0524
0.550731
-2.24798
-0.469448
-0.59624
0.697039
-0.745941
-0.597038
-0.673663
-0.733251
-0.311134
-0.821515
-0.858605
0.106335
0.257755
0.233945
-0.52399
-1.18991
-2.50271
-0.93961
0.251554
0.548096
1.15394
-1.37906
0.691668
-0.227981
0.879688
-0.016983
0.888941
-1.34703
-0.298346
-0.00207454
0.166986
-1.91801
0.308891
-0.942961
2.89383
-0.206579
-0.86997
-2.41097
-1.17482
0.214449
-0.910307
0.339932
0.489691
0.225806
-0.119411
-0.777217
0.0991446
0.200396
0.292755
-0.0265738
-0.00697774
-0.469234
-0.544516
-1.29031
-0.458471
0.75153
1.46237
-0.9202
-1.96705
0.625389
-0.536345
0.252408
-0.0556049
0.235681
1.09304
-0.437451
0.707766
1.95373
1.82885
0.11543
-1.07307
-2.24427
-0.199414
-0.624886
0.82552
0.481866
-1.22428
-0.5001
-0.984594
-0.978112
1.01136
0.199658
0.793442
-0.433018
-1.04691
0.629569
1.18658
-2.09304
0.281655
-1.12193
-0.267099
0.656374
-0.260078
-0.58292
0.207635
0.239477
-1.32008
0.829256
-1.62961
1.36953
0.647663
0.191578
1.15569
-0.697993
0.955773
1.31649
1.02639
-0.639193
-1.08791
0.261952
-0.707707
0.80685
-0.532694
1.28606
-0.79652
-1.32275
-0.442696
0.83518
-0.747384
-0.0394418
0.0289624
-1.01372
0.56252
-1.30787
0.260729
1.39349
0.264916
2.84504
-0.581954
0.402196
-0.397412
-1.83501
1.99221
0.436382
0.610059
1.7749
-0.178471
-0.111667
1.03411
-0.494071
0.0461243
-0.383443
-2.34047
-0.635506
-1.19406
1.30432
-0.415363
-0.180199
0.0572689
0.625058
-0.57242
1.34484
-0.172955
-1.23338
0.585112
1.83921
-0.121283
-0.409736
0.0531947
1.2615
0.612589
2.55141
0.345056
-0.0463392
0.414457
1.24129
0.0367215
0.968523
-0.188692
-0.391819
-2.2297
-0.120402
0.843934
0.427067
-1.40045
-1.0105
-0.951684
-0.333004
1.00729
0.0515659
-0.444627
0.562052
-0.791256
-0.432262
0.585618
-0.139337
-0.168661
0.792606
0.413098
-0.306138
-1.25025
-0.237258
0.279744
0.967914
1.12236
-0.221103
-0.800718
0.498088
0.265612
-0.618272
0.177578
1.13199
1.5378
-0.515049
-0.386029
-1.34677
0.134714
0.701708
0.600849
-1.23498
-2.01224
0.238417
1.12369
-1.43213
1.56642
1.17654
0.287483
0.90307
-1.03982
-1.09019
-0.639235
0.793128
0.532316
-1.04751
0.142706
-0.923026
-1.29782
-0.635868
0.0585816
-0.188783
0.494993
0.856451
-1.95539
0.027189
2.33195
-1.00189
0.290306
1.11898
-0.866827
1.52805
0.303189
-0.2437
0.26786
-0.57513
-0.109954
0.40714
-1.56361
0.420241
0.385896
-0.293151
-0.0989277
-1.07225
-0.52397
1.79377
0.332141
-1.30931
-0.757564
-1.35672
0.121646
1.75765
-0.592788
-0.159946
-0.86167
0.0852848
0.0255469
-1.50882
-1.36498
0.204751
0.294406
-0.00611347
-0.414299
-0.740024
-0.601365
-0.568251
1.96352
0.704591
0.532999
-1.31886
-0.172028
1.02485
0.223222
1.27161
-0.489073
-1.14918
-0.827567
1.37237
1.01959
-0.957594
-1.17418
0.22245
-0.418973
-1.25443
0.400546
-0.37043
1.04677
-1.31105
-1.42925
-0.0695239
-1.06251
3.58679
1.78479
-1.31268
-0.221982
0.558536
-0.768732
-1.48898
-0.0344127
0.101798
-0.0295701
-1.57576
2.81217
-1.5464
-0.65781
-0.401866
-2.91982
-0.484929
0.199539
2.48281
0.546859
-1.26314
0.0962695
-2.00821
1.38816
0.448512
0.241738
-0.357237
0.360387
0.485655
-1.08951
-1.95333
-0.700445
0.265545
0.0787453
-1.73932
-0.903929
-0.618988
0.921843
-1.12146
-0.306445
-0.577047
0.72257
-0.0467202
0.318391
-1.72259
-0.375861
0.187687
-0.483953
0.818077
-0.0420756
1.84125
1.17811
-1.33201
-0.715047
0.536168
0.621395
0.184814
-2.12373
-0.205458
0.626451
0.0711103
0.660771
-0.51768
-1.05087
0.0616946
-0.443002
1.36089
0.0205126
-2.38405
0.11677
-0.502355
0.395884
-1.1231
-0.0167498
-0.190131
2.07494
-0.543036
0.576256
-1.22952
-1.24624
1.30705
0.170672
0.0450194
1.21653
2.01071
0.622865
-0.777572
0.753397
0.0349959
-0.133953
0.818755
-1.7052
-0.0394731
1.83148
0.7763
0.317109
-1.35381
0.427013
-0.535878
-1.32864
1.30812
1.21271
0.524559
-0.952792
-0.852629
-0.27148
1.2956
0.863218
0.841136
0.220818
0.0367347
0.666029
-0.861439
1.13118
0.160772
0.282574
-0.724834
1.48266
0.446224
1.13578
-0.467803
0.964213
-0.617048
0.108339
1.17806
-0.841374
0.226392
-0.0767991
1.04767
-0.527654
0.874144
-1.19906
0.00623202
-1.29131
1.35369
-0.0599989
0.465631
2.46693
-1.23662
-0.929176
1.34797
-1.16871
-0.662784
0.156753
0.0609602
0.137325
-0.127983
-0.812183
1.39976
-0.735297
-0.299506
0.704099
-0.298878
0.0353181
1.90832
1.60533
-0.319596
-1.5971
-0.109588
2.89586
1.9307
0.216063
-0.521849
1.83892
0.833138
-1.65056
-1.70252
-0.163925
-1.09417
-1.00212
-2.23897
0.677009
1.78887
-0.744923
0.703072
1.25348
0.659074
-0.586074
-0.136081
1.11479
-0.266881
2.08357
-0.39786
0.0763004
-1.49069
0.930527
-0.254146
1.08981
-0.833878
-1.7685
-1.2674
0.332514
-0.393108
1.13397
-1.53736
-0.384884
-1.32307
-0.698644
0.577935
-0.583992
-0.431592
0.729147
0.49848
0.531854
0.252682
-1.65412
0.194661
1.2075
0.222055
0.374554
0.788753
0.636729
-0.10574
-0.0685541
-0.79052
0.819021
1.25066
0.62489
-1.12859
0.0832499
0.0501352
0.0194408
-0.779582
-0.719577
1.73619
0.702075
-2.17835
-1.76434
-0.313084
1.47136
-0.111431
1.21915
0.86153
-3.365
-0.289726
-1.87647
0.0892121
-0.34117
-0.412627
0.958882
-0.288198
-0.588464
1.61261
-0.255719
-0.957183
-0.624698
1.21898
-0.7329
0.0753751
-1.38864
-0.0624044
1.17845
0.555342
-1.27762
-0.39972
0.65817
-1.20262
1.2548
0.662803
-1.06614
1.59876
-0.361403
0.751223
-0.419945
1.58664
0.296528
0.270045
1.62013
0.367839
-1.72976
0.975404
-1.23065
0.543534
0.413308
0.00802284
0.0927691
0.275137
0.690461
0.622193
-0.136977
-1.6114
0.493388
0.339709
0.755728
0.0855101
0.305024
-0.319663
1.28672
-0.36667
-2.57451
-0.0220687
1.07824
-0.810353
1.43527
-0.23143
-1.6481
-0.406663
0.731272
-0.590584
-0.17434
-0.672405
-3.12406
-0.351766
-0.192593
0.342989
-0.151132
-0.380608
2.54531
0.316848
-0.142898
-0.0905249
-0.221845
-0.271622
1.40925
-1.01333
0.452583
-0.917563
-0.574611
1.37962
-1.05374
-1.3759
-2.1398
-2.1524
-1.16266
-3.08858
1.484
0.0957423
0.343453
-0.889976
0.729679
0.672438
-0.454982
1.62108
0.893469
-0.742519
-0.447915
0.131686
0.179369
-0.330493
0.92911
-1.12326
-0.992551
-2.28774
-0.892301
0.753726
1.35353
0.321171
0.182258
0.247945
-0.403142
0.730713
0.497545
-1.36125
-0.554189
0.0221376
-0.936289
1.10272
0.139663
1.28696
-0.892531
-0.258625
-0.605422
-0.180376
1.49212
0.977458
1.33653
0.933304
1.72009
-0.584529
-1.12958
-1.187
1.05353
0.771256
-1.84236
-0.257812
-1.00159
-0.94943
0.756706
-0.269517
0.389179
1.90237
0.313402
-0.134766
0.433334
0.704024
-0.759566
-1.99947
-1.36844
-0.386537
-0.08669
0.672707
1.36458
1.13883
-0.393156
-2.26021
-0.930295
-0.14093
-0.581356
-1.54838
-1.03434
-0.342138
0.152838
-0.899243
-0.746297
-0.781232
1.0267
0.624512
0.321056
-0.00490147
-0.129368
-0.630226
-1.23018
1.2052
0.214264
-0.307243
-0.753608
-1.03028
-0.355997
-0.116379
-0.0148479
-0.00187224
-0.371994
-1.09258
0.904823
-0.271427
-0.115421
-0.9878
-0.710729
0.138127
1.47123
-1.09492
-0.335754
0.942134
-0.549759
-0.322672
-1.81139
-0.136887
-0.100829
0.0850537
0.770957
-0.0314435
-0.0704748
0.377189
-0.580001
1.91855
-1.44613
0.0511411
-0.540909
0.624568
0.093393
0.993257
-0.496206
0.299521
-0.185915
0.302527
0.361164
-1.08271
-1.0251
1.599
0.731769
1.32886
-1.75944
-0.313756
-0.198774
-1.04872
0.800623
1.59235
-1.14405
0.386208
-1.15196
2.49254
2.17734
-0.85083
-0.40656
-0.604207
0.451213
-0.32008
-2.03272
-0.992235
-0.178537
-0.460049
-0.852556
-0.681082
-0.865856
-2.51169
-0.384494
0.894533
-0.588722
0.671807
-1.18495
-2.26276
-1.21281
-1.33352
1.08806
-0.926624
-1.09183
-0.929234
-0.055802
0.843737
0.746124
0.957045
-0.895888
0.581947
0.272626
0.694329
0.207663
0.511879
-0.729832
1.02407
1.70853
1.11172
-1.35967
0.654577
0.527945
0.339143
0.151828
-2.04313
-0.00460625
-0.668659
0.548547
-1.44626
-1.36943
-0.416277
0.275174
-0.82817
-0.134756
-0.605243
0.911382
0.102576
0.193
-0.258542
-0.52171
-0.365545
-1.71726
-1.71114
1.48391
0.992544
-0.296122
-1.43418
-0.466629
-0.653443
-0.315682
1.06803
1.67584
-0.783139
-0.38294
-0.590144
-0.0768052
-1.09786
-0.617101
0.0227897
1.16332
-0.279546
-0.0871315
0.706204
-0.666963
-1.69035
1.54517
-0.357514
0.623053
1.80484
-0.695779
-0.767254
0.068046
-0.884159
-0.282662
0.90441
-2.34803
-0.585012
0.410622
-0.885042
-1.10284
0.19536
0.373389
0.044943
-0.47093
-0.235292
1.47207
0.912942
-0.299158
-0.544969
0.644779
-0.715906
-0.83871
0.33056
2.13681
-0.213363
-0.146548
-0.955207
0.0606409
-0.826491
0.50767
-0.150608
1.5595
0.987086
2.45057
-0.379419
-1.09041
-0.465212
-1.9281
-0.611704
1.37416
-0.931439
0.109825
0.757978
-1.17198
-0.102227
0.121322
0.773951
1.56459
-1.85659
-0.903056
0.162899
-0.323664
0.130898
0.311617
-1.15491
-0.45987
-1.48793
0.970066
0.255043
-0.151682
-0.510234
1.44347
0.257911
0.0296705
-0.340864
-0.576399
-0.614994
1.03529
-0.283727
0.774554
0.469246
-2.69019
1.47554
0.193482
1.08709
0.309328
1.12391
0.300703
-1.49451
-0.584068
0.503989
-1.22438
2.09013
0.931288
-0.336117
-1.629
0.9344
-0.47785
-0.449032
0.0821827
0.0759172
-1.01449
0.495521
-1.48845
-1.5335
-0.257039
-0.292237
-0.688686
0.567921
0.11219
0.890625
-0.884831
0.772306
1.55441
-0.0133843
-1.88727
-2.13332
-1.35384
-1.25276
0.893473
1.69682
1.71762
-0.180325
-2.11567
0.68893
0.286013
-0.0357603
-0.495868
0.614742
0.820083
-1.5073
-0.11904
-0.253378
-1.4128
1.44464
-2.73025
-0.850005
0.339181
-0.936105
-0.533793
1.25651
-1.25298
0.771563
-0.434064
-0.313351
-0.812134
0.753516
0.22985
-0.163906
-0.337766
0.890744
-1.04087
-1.00721
-0.640249
-0.452865
-0.0713913
-0.682681
-0.510844
0.608377
0.597554
-0.142928
0.0264843
0.0739108
0.907631
1.37561
1.62021
-0.77052
-0.868981
0.952953
1.46209
-0.643022
1.94722
-2.06293
0.733272
-0.68984
-1.10847
-1.75616
0.0462945
0.253929
-0.577444
0.629784
1.01639
-0.794569
-0.120035
0.563861
-0.548324
0.933627
-0.721624
0.992387
0.401726
-0.0437368
-1.2866
2.48599
0.276006
-0.405971
1.14455
-0.200412
0.421826
0.478458
0.0434151
0.665968
0.244639
-0.997665
0.574003
0.740004
2.13415
-0.278288
0.899292
0.238088
-1.25723
1.01166
0.190487
1.14002
0.644339
-0.0368783
-0.0350784
-0.194348
-0.956813
0.413281
-0.135312
-0.930234
-1.55614
-2.00393
0.630487
-0.958145
-0.413804
0.854955
1.16334
1.48717
0.00468928
1.40055
-0.452123
0.786242
-0.484979
0.161832
1.1619
1.07345
-0.569771
-0.972223
1.03847
0.619999
1.52247
-1.10633
0.294011
-0.118893
2.05755
0.012892
-1.39122
-0.84184
1.58966
0.428341
-0.659452
-2.24702
1.28387
-1.55911
0.528313
1.14011
0.136361
0.660434
-0.190483
1.57993
1.65786
-0.989035
-0.169204
0.0569271
0.659263
-1.31906
1.19996
-0.0385229
-1.15223
1.95578
-1.69955
1.07844
-0.523779
-0.71862
0.650287
-0.376242
1.51223
0.0433568
0.144735
1.57657
-1.19059
1.07016
0.734229
-0.420455
0.588663
-1.49808
-0.372021
-0.0595267
1.20332
-0.814412
0.496133
-0.820157
-0.898312
0.438771
0.688014
-0.593253
0.212681
-0.0300015
0.0448616
-1.36826
0.616663
-0.617439
-0.20845
-1.24802
-0.218239
0.723992
-0.471647
0.918351
-0.812708
0.108166
-0.754333
1.09367
0.837591
0.730741
0.411585
-0.710849
0.778178
-0.518174
1.34462
2.66205
2.52178
0.946126
0.730856
-2.74142
-0.517685
2.11369
-0.316
2.75336
-0.241361
0.114182
0.960981
-0.519135
0.159932
1.25254
0.945415
-1.90909
0.379228
0.538948
0.727658
-1.5582
-0.56229
0.923354
-0.133516
0.874084
-0.237814
1.52038
0.256316
0.58837
-0.480254
2.21948
2.13843
0.970336
-0.369876
1.64469
-0.30615
-1.40352
-0.33975
0.620406
-0.911738
-2.22998
-1.28484
0.0778001
0.260105
-0.141097
0.209128
0.344968
0.559425
1.77906
-0.165321
2.62258
1.07541
0.0867696
0.322759
0.288628
-0.286129
-2.72216
0.417622
-0.985682
-0.670263
0.968294
-0.44402
-0.308689
0.0728267
-0.277301
-0.656377
0.501565
0.365944
-0.501557
0.104663
0.108432
0.831967
-1.07586
-0.88773
-1.3461
-1.084
-0.0112817
-0.543616
0.624775
-0.280012
-0.461126
-1.63051
-0.0108765
0.0910675
1.30469
1.75371
2.01947
-0.282825
-0.232289
-0.564347
-0.176485
1.2619
0.593698
-0.41261
1.97658
-2.28173
-0.489926
-0.595423
-0.414412
0.951946
0.281123
-1.79525
-0.731586
0.563201
0.797355
0.422154
1.26647
0.0752525
-0.390349
-0.151282
2.069
-1.00325
-0.508554
-0.142796
-0.0819303
0.590156
-0.263486
-0.433784
1.349
0.506042
-0.368694
0.63912
-0.409725
0.42461
-1.44014
0.768555
-0.460594
-0.449451
0.780484
-1.89885
0.337319
-0.987912
-1.85771
-0.939779
0.390996
-1.30961
0.324796
-0.239856
-0.503442
0.150806
2.00873
0.300147
-0.337011
-0.517488
0.708527
-0.333025
2.92898
-2.2038
-1.0584
1.18801
1.28086
-1.41787
-0.459178
0.190655
0.874796
-0.527742
0.691454
-0.62943
0.530233
0.0140401
-1.72759
1.58367
1.26163
2.89539
-0.558441
1.09065
-0.795289
0.0186906
-0.0668022
1.07072
-0.292026
-0.263641
1.55375
1.43871
-0.126658
-0.789342
-2.22392
-0.0256045
-0.0452599
2.09001
0.49264
-0.536817
-0.548149
1.16206
-0.853692
-0.27361
-1.03182
-0.643297
2.33115
-0.223725
-1.49797
-0.155127
-1.29967
-0.952887
1.33521
0.687958
-0.0643769
0.294825
0.609209
-1.61858
0.916731
0.918483
-1.17766
0.603019
-1.76121
-0.395065
-0.532378
-0.929181
-0.968566
-1.0002
0.411377
-0.339237
-0.297944
0.93886
0.00851309
0.277511
2.83132
-0.459565
-0.706604
-1.22681
0.00861514
-0.465401
-0.349718
-0.177226
2.23476
0.364955
-0.897417
1.15545
-1.65407
0.556357
0.47186
2.23173
0.199471
0.792556
-0.704663
0.882196
0.578135
0.279387
-1.90705
0.167539
-1.4332
0.91816
0.286741
-0.0799728
-2.1217
0.44158
1.5032
-0.314924
-0.707661
0.794201
-0.160152
-0.50231
-0.289494
-1.83735
0.399797
0.251146
-0.789016
1.27197
-0.606834
0.372285
0.519554
-0.588051
-0.0410389
-0.230616
-0.411219
1.22545
0.652726
-0.682325
0.0202129
-0.00940078
0.21467
-0.369994
0.945433
0.428002
-1.78505
-0.866792
-0.571834
-0.577652
1.74749
-1.8328
-0.233137
-0.456998
-0.0666236
-1.39098
-1.37522
-0.120111
-0.671707
0.37812
-0.773454
-1.94183
0.533115
0.59294
-1.62251
-0.317489
0.593398
-1.33903
-0.0816593
1.11647
-1.62243
0.304135
-1.5829
-2.36385
0.528214
-2.39141
-1.5057
1.24774
-1.18172
-0.595654
0.201674
1.76558
-0.726807
-0.324908
-0.0921433
-1.47085
0.273043
-0.515434
0.635819
0.793249
-1.60602
-1.46197
-0.628591
-1.50364
0.728483
-1.62213
2.51605
-1.76794
-0.615439
0.0281764
-1.06223
1.14185
-1.02827
-1.25546
-0.534096
1.15001
1.29011
0.295831
-1.42338
1.10751
-1.13735
-1.78716
-0.191876
1.31469
0.0800724
-0.521212
1.0426
0.199841
-0.437291
-2.68497
-0.221729
0.114074
1.08794
-0.10038
0.247393
0.371243
1.24653
-1.46763
-1.4352
-1.35052
-0.258644
0.620392
0.047146
-0.0844585
1.53001
0.248024
0.535344
0.332125
-0.426568
-0.813966
0.766213
-1.03515
1.29198
-0.0298113
-0.345499
1.993
-0.418918
-0.817526
1.20956
1.0573
-0.404367
-0.198762
2.31531
0.271103
0.956338
0.867407
-0.522048
0.537849
0.284659
-0.703729
-0.366325
0.691858
0.686478
-0.474704
0.273032
-1.08353
0.0648849
-1.03844
0.887164
-0.426854
-0.241128
0.305041
0.403696
-1.15132
-0.350361
-0.0174311
0.607388
-1.38494
-2.67822
-0.558894
-0.911273
1.40917
-1.29206
0.785317
-1.17705
0.117695
-1.67963
-0.624942
0.272549
-1.40584
1.40891
0.466982
0.0646299
-1.20786
2.1008
-1.42762
-0.78202
0.414481
-1.30796
1.72967
0.348742
-2.41781
0.908543
-0.566478
-0.592839
1.24105
-0.0389298
-0.0143126
-1.51837
0.108682
-0.52016
0.518695
0.647617
-0.178636
0.516877
0.535273
-0.0667326
-1.36601
0.159987
-0.161907
-0.107519
0.434322
-1.74018
0.145179
-0.0254639
-0.769058
-0.88639
1.05299
-0.623239
-1.19232
1.18516
0.0135195
0.157519
-1.199
0.825042
-0.740036
-0.225019
0.359975
0.765711
0.442164
-0.822081
-1.75241
1.91238
-0.0726784
-1.47336
-0.215723
1.23379
1.14341
0.77316
0.403563
0.228544
1.18908
-0.252299
-1.09419
1.48207
-0.384957
0.678723
-0.154126
-1.11734
-0.62094
-0.941831
1.37654
-0.715851
-0.730102
-1.59563
0.944385
0.346459
0.892522
-1.43007
0.436987
-0.196162
0.922969
1.33522
0.0304035
0.425541
-0.665246
-0.478349
-0.0797527
0.285603
-0.0418915
-0.574025
0.630382
0.608301
0.503723
0.165465
2.09618
1.3613
1.2343
-0.216511
-0.495955
0.044752
-0.00493306
0.710294
0.552744
-1.26963
1.60305
0.855714
-0.462322
0.419484
1.21886
-1.61826
1.68722
2.35628
-0.211295
1.16799
-1.24484
-0.884068
1.25476
-0.497213
-0.0564312
-2.06027
-0.507886
-0.425347
-1.13712
1.81766
-0.792329
1.33717
-1.44406
0.560044
-1.31301
-1.7676
1.43406
0.0173075
-1.8998
0.685399
-0.93397
0.610775
0.972222
-0.174497
-0.803876
2.73692
1.30055
0.148335
0.317935
-0.249915
-0.273655
-0.853191
-0.565429
-0.326656
0.594587
-0.17411
1.8709
-0.19922
-0.497168
-1.03069
-0.0685827
0.754367
2.48917
-0.485472
0.336263
1.54389
0.706136
-0.578301
1.21356
-1.74665
-0.407856
0.81608
0.626837
-0.873795
-0.924562
-1.75686
-0.441387
-0.867348
-1.57565
-2.54433
-0.238702
-0.596734
-0.972565
0.0338601
-0.292813
-0.0223475
0.780485
-1.01961
1.01529
0.666065
2.52655
0.217206
-0.0290273
0.270384
-0.263882
0.449381
0.761532
0.2164
1.32754
1.51935
1.78695
-0.873443
-0.243155
-0.41231
0.170391
-0.420461
0.821027
-0.552567
1.0634
-0.405195
-0.291598
0.514388
1.0539
0.517375
-0.616035
-0.220546
0.800898
1.10126
-0.228529
0.568206
-0.313468
0.491266
-0.0969449
1.60598
-0.672632
-0.960958
-1.05802
-0.287213
1.45488
-0.150776
1.0004
0.0565199
0.723542
-1.48123
0.566764
0.269122
-2.54091
0.379188
-1.84972
-1.71081
-0.513543
0.56913
0.232873
0.197904
-1.40183
-0.461521
-1.06798
1.27312
-1.59858
0.360545
0.944177
0.689204
2.15019
0.0225022
-0.260021
-0.807497
1.11357
-0.999085
1.86909
-0.417076
-1.725
-0.0475463
0.932585
-0.11983
-1.0916
0.577663
-0.618318
-0.283097
1.18705
-0.646902
1.73996
0.905648
-0.753815
0.974421
-1.72727
0.664359
0.544576
-1.75698
1.23249
-1.84273
1.47783
1.35339
0.800156
-0.254586
-0.390136
0.395654
2.4727
0.668584
1.50322
-0.540764
0.63209
-0.542307
0.357004
-0.891518
-0.0660719
1.44198
-0.351296
2.01849
-0.635616
-0.963719
-0.282078
-1.0221
-0.347214
0.9956
0.0849912
0.183409
1.08904
1.76137
-0.0532023
0.282715
1.41858
0.558449
0.941605
1.01465
1.51875
-0.498558
-0.127831
-0.199918
1.00702
-1.00711
1.04299
1.65396
-0.799673
-0.0651517
-1.42308
2.54266
-2.72079
-1.27345
0.766191
0.467805
1.94153
-0.853262
-1.00949
-1.70213
-0.758862
-0.656534
0.512155
-0.143901
0.362388
-0.407046
0.199993
-0.321553
0.760415
-1.14141
-1.18163
-0.821517
0.305018
1.12608
0.799633
1.32387
1.00423
-0.573474
0.0199256
-1.4127
-0.0594597
-0.232161
0.754928
0.783965
-1.2831
0.932172
1.58375
0.475459
0.452029
1.27327
-0.49579
-0.521827
-1.17594
-1.09478
2.07545
1.81068
1.02325
2.37137
-0.738805
1.34951
-0.650741
0.662007
1.84206
0.669975
0.904747
-0.0875512
-0.675043
1.69906
0.27346
0.342475
0.0898402
-1.11905
0.480986
0.493762
-0.853697
0.195212
-0.90192
-0.289319
-0.192329
-0.368313
0.564778
-0.825473
-1.49778
-1.0015
0.320222
0.487887
-0.266533
0.245415
-1.97072
-0.203696
-0.832512
1.66522
0.344662
-0.304889
-1.97996
1.22806
0.257812
-1.83147
0.230309
0.609579
0.638012
-1.04378
0.423924
-1.22585
0.809704
-0.804753
-0.649237
-0.549586
0.111241
-1.4196
-1.32115
0.398172
-0.553708
-1.17576
-0.791222
-1.39048
-0.0860791
-1.13
0.0682215
0.408146
-0.0840288
-0.240298
0.340163
1.24512
1.24723
0.0365629
-0.511794
-0.00496972
-1.98611
1.61158
0.138543
-0.485337
-2.39787
-0.525163
0.0771714
-0.8123
-1.10706
1.6757
0.384803
-1.58979
-0.150283
-0.152771
-0.586266
0.494587
-1.08668
-0.910987
-1.33115
-1.3061
1.53772
-0.845155
1.67098
0.0466419
-1.03222
-0.556581
-0.0643586
-0.307318
2.8866
-0.0388399
0.365025
2.30139
0.278719
1.16221
0.821537
0.817482
-2.45118
0.395974
-0.196477
0.238229
1.31132
-0.946427
0.382194
-2.7634
-1.42413
-0.831159
1.29451
-0.238564
0.542697
-0.424223
1.11295
0.268635
-0.155032
-0.0520892
-1.0703
-0.298589
0.124715
0.628005
0.108105
1.26069
-2.77583
-0.318805
1.1987
0.258796
-0.237359
0.617994
0.382954
-0.402461
-1.91303
-1.78565
0.449808
-0.817125
0.224201
0.809002
-1.99831
0.979902
-0.422953
0.393521
0.208644
-1.04944
-0.697219
0.177209
0.121834
2.48389
-1.64489
-1.22773
-1.01244
0.417952
1.45796
0.604255
1.66012
0.888036
-1.78014
-0.949596
1.4289
0.160387
0.829494
1.50866
-1.54006
0.398688
1.83023
1.1848
0.992744
-0.533954
2.26774
1.33675
2.80165
-0.954113
-0.00876218
-0.860783
0.0937381
1.61805
-0.301637
-1.32769
0.409867
0.269844
0.230051
2.26741
-1.14961
0.0463611
0.053211
0.121361
2.23349
-0.610605
0.786706
-0.356938
0.415563
-0.970747
0.355989
-0.76915
0.307385
0.145473
0.561039
-0.847681
-0.496665
-0.210578
-2.38608
0.318745
1.40893
-1.76634
1.26668
1.07274
0.477891
1.17792
1.69878
1.09638
2.03178
-0.0754948
-2.08593
-1.31588
2.60125
1.91722
0.307183
-0.940713
0.443253
-0.346595
-0.277976
-0.0102631
1.33
-0.480046
-0.428394
0.645805
-0.841069
0.0599285
-0.729913
0.719102
-0.307262
0.301555
0.939356
0.430398
-0.637267
0.243576
-1.54919
-0.980925
-0.951019
1.09034
0.532433
-0.50225
0.208393
0.0886224
0.372054
0.0545126
-0.234512
-0.0361283
0.94381
0.174753
-0.0712071
0.220249
0.236096
-0.645929
-0.861735
-0.497639
-1.64958
0.503153
0.120218
0.792107
-1.89252
1.07631
0.36547
2.2375
1.05523
0.43788
-1.18417
1.29198
-0.279008
0.794172
-0.00608891
-0.22443
0.228462
0.272467
-0.896966
-0.460491
1.07505
0.510403
0.223977
0.552809
-0.701973
2.68894
0.870086
-0.0494702
1.18288
0.0302854
-0.216563
1.08281
-1.45217
0.6335
0.0101869
0.549697
-0.749816
-1.26613
-0.489363
-1.32139
-1.67405
0.947353
-1.06476
0.858613
0.614981
-0.512567
-0.465649
-1.30812
-0.164235
-1.58208
-0.747032
-0.975299
1.40658
1.40789
0.325611
-0.1688
0.872118
-1.15049
0.643128
-2.63549
0.564112
1.47865
1.56215
-0.707794
0.0483555
-0.188406
0.848153
0.626993
0.224895
1.26603
-0.834183
-1.43451
-0.315026
0.512625
0.574421
0.89357
-2.86588
-0.415842
-2.81766
0.805774
-0.977666
1.74982
-0.638461
0.571452
1.29081
-0.762341
-0.610878
0.0628924
-0.0101696
0.912766
0.19143
-0.553187
0.218485
0.230254
0.634962
-0.040281
0.91443
1.33992
0.803587
-0.601408
-0.535225
-1.24914
0.773406
0.0904537
0.703489
0.251657
0.220071
-0.668878
-0.520847
0.26659
0.0806011
-1.11505
1.09261
0.0282696
-0.565776
-0.238812
1.42963
0.219464
2.11754
0.442693
-0.130393
-0.191543
-0.0688251
-0.419974
-1.16334
0.727206
-0.448181
-1.89836
1.03482
-0.0880243
0.155395
-0.49809
0.347278
0.460987
-1.18503
1.03903
-2.40285
1.02986
-1.51591
0.688711
0.753964
0.271708
-1.18583
-0.656516
0.764278
1.13255
1.72209
0.207227
0.329942
-1.38459
-2.42834
-1.5391
-0.343155
0.665735
0.439308
0.28146
0.2409
-1.44584
1.34963
1.13399
-0.924835
-0.535702
-0.132441
0.108515
-1.03017
2.18645
-0.36213
-0.381681
-1.29073
-0.842986
-0.0219889
0.255897
-0.869285
-0.573999
-0.800558
0.0941462
-0.838889
0.59877
-1.38206
-1.30938
-0.824392
0.683146
0.396572
-0.557774
0.995605
-0.687047
-1.6648
1.35917
-0.0430469
0.732836
-0.638138
-0.923127
0.0712086
-0.88314
-1.36484
0.0611663
0.0980303
0.362093
1.43774
1.50347
1.37745
-1.26856
0.496705
-0.013895
-0.979568
-0.0182944
0.966995
-0.997102
0.398672
0.539143
0.629527
-0.518313
1.54458
-0.531612
1.98141
-0.870365
-0.100018
-1.2546
-0.24235
0.360336
0.490358
-0.106706
0.775477
-0.805816
0.163991
-2.25358
-1.83262
-0.538612
-1.78518
0.616675
-0.626377
1.58776
-2.50079
0.387042
2.1143
-0.161218
0.942259
0.495934
-0.652438
-0.173046
-1.34169
-0.0213689
1.94951
1.79557
-1.2531
-1.59033
-1.60121
-0.160468
0.485147
-0.485062
-1.3075
-0.0789564
-0.538813
-1.61941
0.427289
0.345648
1.66581
0.654519
0.750299
-0.222333
-1.03744
-1.04229
0.298019
-0.566711
-0.421767
0.777297
-1.50923
0.679851
-0.0671479
-0.755874
0.386884
0.418115
0.0959927
0.583381
-1.34799
0.231034
1.27651
-0.439629
-2.12687
1.59022
0.252475
-1.4057
0.613846
1.57305
-0.10321
1.22882
-0.78354
0.346859
-0.65421
-0.571362
0.77884
0.875906
0.395606
-0.288747
0.496767
0.0919241
2.31135
1.42264
-0.573863
0.20254
-0.0535195
-0.186988
2.54749
1.44567
0.114066
-0.571811
-0.719441
-0.529792
-1.65793
-0.973937
1.67612
0.401688
-0.543033
-0.443586
0.236735
0.567323
0.0454045
-0.0684758
0.697818
-0.621726
0.242045
-0.377317
-1.74311
1.03791
-0.045186
-0.0508741
-0.561625
0.322947
0.102472
0.300573
0.648398
-1.33168
-1.58165
1.72312
0.305407
0.838206
-1.0779
-0.615693
1.72958
1.72186
-1.50937
-0.15371
-1.52117
-1.11247
0.024841
0.319727
-2.47773
0.104042
-1.25096
-0.268031
0.304563
-0.602847
-1.6578
-0.67714
-1.48061
0.468111
-2.28569
-1.80539
-1.759
-0.510636
1.23491
0.496101
-0.108392
0.759583
1.62851
2.37945
0.0189819
1.17332
-1.42895
-0.664125
-0.889441
-0.0814393
1.62625
0.566038
-0.887442
-0.360745
0.0571254
-0.969366
0.838027
0.694001
-1.72375
1.35163
1.19252
-1.50089
0.407353
-1.76047
-0.120788
-1.76935
-0.110349
0.192798
-0.525286
0.944535
-0.379292
-1.07773
-0.0899504
-0.414975
1.42251
-0.746269
0.0462968
-0.73621
-0.650052
0.840401
-0.317843
-1.36282
-0.944559
0.388733
0.539598
0.415523
1.56665
2.75599
-0.0147734
0.67803
0.0805666
1.18923
0.919553
0.674088
-0.293611
1.82808
0.560477
1.18549
1.62163
-1.10532
1.0886
1.41238
0.167668
0.0867299
0.0428133
-0.118338
-0.463622
-0.705918
0.136402
-0.925736
-0.0863531
-1.39784
1.37934
-0.0330873
0.0217655
0.596229
0.713733
-0.293103
1.24111
-0.444357
0.805303
0.739974
-2.57812
-1.14728
0.0314499
1.29192
0.251949
0.127646
-0.375018
-1.37403
-0.0892379
0.965903
0.930558
0.121895
0.388525
0.958613
-1.43943
0.218655
-0.0146095
1.07162
-2.34006
-0.563337
1.30992
-0.345208
1.44785
1.40549
-1.46458
1.4498
-0.792942
-0.703505
0.418455
-0.481409
-1.13731
1.91184
-0.236997
-0.634632
-0.103558
-0.208296
0.509543
-0.983494
0.577524
-2.03675
-0.403063
-1.93807
-1.10139
2.76794
-2.38703
-0.920223
1.79154
-0.328106
-0.588597
0.0427528
0.622978
-1.2573
1.35479
1.886
1.08391
-1.55566
-0.773136
-0.600068
-0.477241
-0.567832
0.439868
-1.93914
-0.368013
0.348068
-0.517561
-0.0206667
1.09331
-1.33726
0.208744
0.853278
1.48003
-0.193486
0.399525
-0.327083
-0.604561
-0.152625
-0.323983
-0.218827
-0.968485
-0.740389
0.668166
-0.0540494
-1.37434
0.166023
-0.365176
1.29065
1.14564
1.06034
0.0585659
-0.658853
-0.633116
-0.272777
0.471744
0.979253
1.68137
-0.348894
-0.906829
0.696719
0.719763
-0.643712
-0.241605
-0.376898
-1.1312
0.791892
-0.148276
1.80419
-1.46224
-0.0163671
1.07904
1.57952
-2.85994
0.663154
-0.418844
-0.841109
-0.531895
-0.67285
0.962956
-0.0310317
-1.09422
1.13606
0.44054
0.308343
-0.247635
0.791051
1.307
0.952552
-1.68286
-0.532707
0.568128
1.11878
-0.56774
-0.0296552
-0.115016
1.1421
1.80284
1.55287
2.64726
-0.76315
1.8753
-1.21695
0.539798
0.117838
0.47921
-0.0474504
-1.18822
0.196107
-0.134328
0.761526
0.565063
1.23196
0.688118
-0.352622
1.18239
0.2059
-0.0998076
-0.655342
0.199169
1.55017
0.591651
0.422621
-0.357491
0.460021
0.925522
0.312397
-1.02486
2.19269
-0.479588
0.854484
-0.272441
0.312084
-0.41791
-0.350642
0.0982777
-1.83769
1.32398
-0.15233
-0.288148
-0.581699
-1.74278
1.20139
-0.545003
-1.2731
2.055
-0.179888
-0.0118185
-0.0950342
1.45984
-0.563764
-0.89696
0.124068
0.330273
-0.273558
1.00544
-1.21595
-1.31373
0.966488
-1.09138
1.12734
-0.552879
-0.0091747
0.82756
0.838915
-1.24184
-0.910122
-0.303327
-1.71313
-0.989943
1.33866
-0.212626
1.09297
-0.465919
-0.0214376
-0.19292
2.14801
-0.130812
1.09015
0.336046
1.0259
1.09771
0.368765
1.04672
-0.0251698
0.955921
-0.0873563
0.789947
1.81398
0.657402
2.04167
0.697912
-0.540269
-0.79757
-0.491097
-0.00496179
-1.46899
-0.0335698
0.479818
-1.49701
-1.52609
0.26241
-0.218444
0.0600974
0.737284
-0.338383
1.21898
-0.308425
-2.4067
0.223354
-1.30235
-1.10537
0.540907
0.135896
0.735241
-0.578513
-0.172765
-0.493049
-0.463173
-0.987224
-0.810172
0.856524
0.947057
0.198474
-0.308576
0.67844
-0.966945
-0.248257
0.793898
-0.189321
-2.23753
0.404932
0.534958
-0.350646
-0.167536
-1.57851
0.809971
-0.352587
-0.359536
-0.0769517
-1.37457
0.290119
-0.992811
-0.97424
2.2015
-1.30276
0.505592
0.22089
-0.295644
2.16791
0.493416
-0.691024
0.13352
0.634127
-0.491704
-0.577944
-0.211496
-1.86359
-1.43561
-0.940307
-0.819681
-0.0464472
-0.258708
1.30308
1.17416
-0.76131
2.54995
1.64248
1.1872
-0.37055
-1.8086
1.81287
0.166483
1.17258
0.106105
2.00609
0.331571
-0.75637
0.402586
0.140722
-0.834343
-0.613193
-0.555577
-0.949489
-0.519429
1.3311
0.000271082
-1.46524
1.25546
1.34492
-1.68587
1.04633
0.589853
-0.160288
0.260443
0.380624
-1.28144
0.118551
-0.830371
-0.542118
-1.07138
0.422132
0.524356
-0.87711
-1.56821
1.02784
-1.49079
-0.368851
1.57158
2.28292
-0.198085
-0.414978
0.95574
-1.25568
1.43692
-0.884774
-1.14556
-1.9157
-0.927419
-0.854363
0.518917
0.394021
-2.29672
2.14578
-0.761928
1.80411
2.0767
-0.645341
-0.15802
-0.479707
-0.46813
1.3287
-1.00823
-1.74085
0.435627
0.165092
0.414681
-0.676644
-0.633016
-1.08498
0.280912
-0.226863
-1.17466
0.167923
0.390086
-0.24854
-0.324354
0.228725
0.487778
0.281055
-0.106958
-1.06305
0.62094
-0.28755
-3.71873
-0.491508
-1.09694
0.433872
0.0623327
-1.0016
-0.144542
-0.416776
-1.45067
1.28144
-0.00561303
1.14784
1.28773
-0.237443
-0.470219
0.885909
0.152493
-0.254824
0.36024
-0.10702
0.928739
-0.195803
1.16741
-0.127467
-0.519137
-0.309863
0.36723
0.715329
1.4674
-0.711825
0.148436
-0.632487
0.41109
-1.52248
-0.180213
2.18568
0.973949
-0.251071
-1.37451
1.20271
-0.655824
0.319097
1.7093
-1.28804
-1.08208
-1.23607
-1.2899
1.2086
1.9452
-2.15773
-0.431808
0.969805
-0.252478
0.29953
-1.50805
1.19714
-0.256682
-0.422897
-0.591273
-0.394868
-0.61856
0.125244
0.425947
0.346607
-1.68258
-0.877049
1.08372
-0.359059
0.142162
-0.789541
0.626293
-0.0174266
-0.15138
-0.901019
-1.53943
0.538847
0.244594
-0.699038
2.17915
-0.233392
-0.836441
-0.486233
1.67838
-1.33605
0.0629224
-0.14551
-0.966244
-0.574443
0.0694573
-0.270873
1.10343
0.650434
1.8677
0.712566
0.621093
1.08915
-0.612337
0.087626
0.14194
-0.00700879
0.399479
-1.54865
-0.0950199
0.615767
-0.599752
0.746105
1.94804
-0.708334
0.178117
0.0789564
1.14558
0.290754
0.285305
-0.444415
0.386296
1.14497
0.134477
0.200512
0.710736
-1.39217
0.589521
-2.69069
0.427783
0.899995
0.623177
-0.653176
-0.868895
1.06499
2.2903
-0.271617
-1.2072
-1.28701
-1.24261
1.86304
0.33175
-0.0214344
0.520824
-1.2412
0.570622
0.384348
-0.0135798
-0.347162
-0.227952
-0.185601
-1.77441
0.708269
0.801347
0.35019
-2.65537
-1.71943
-1.5667
-0.315176
0.224728
0.498812
-0.265373
-0.49928
0.0507209
1.37684
-0.0760955
-0.559847
-0.569303
-0.48608
-0.478104
-0.0334226
1.25648
-0.676365
0.331445
1.26866
0.54987
0.283771
0.31177
-0.077597
0.636313
-1.24369
-0.683743
-2.00099
0.791692
-0.365674
0.326224
0.556428
-1.33429
1.89292
-2.11008
-0.243365
1.33778
-0.198784
-1.44528
0.461877
0.208003
0.860937
-1.07575
-0.903449
1.03166
-0.804756
1.7588
-1.45784
0.395994
2.34363
-1.02137
-0.349399
0.368774
1.05214
-0.994387
0.0046199
-0.326899
0.386293
-0.62696
1.62245
-0.0176883
0.216406
1.6404
-0.00496167
-2.22149
-1.36971
1.96498
-0.947882
-0.82328
-0.861346
0.35194
-0.190994
-0.135065
0.673571
-0.0684754
1.98244
-0.838134
-1.03879
-1.37061
-0.289823
-0.782852
1.18849
0.729566
0.912719
-0.846
-2.1797
0.200898
0.492028
0.226293
1.69478
2.51929
1.25888
-0.322026
-0.494682
0.546124
0.817418
-0.0408517
-0.0862871
-0.899351
-0.157609
-1.19021
-1.35742
-0.858234
-0.629139
0.162657
0.626854
-1.81739
0.168386
-0.584187
-1.06042
-0.98513
-1.85346
-0.865274
-0.372704
0.480865
-1.03963
-1.08188
0.678826
-0.458843
-0.201481
-0.626208
0.00604695
0.132257
0.738561
-1.34313
0.126716
-2.37202
0.168682
0.700351
-0.036262
0.370717
2.40447
-0.047383
-0.435084
0.0224759
1.33381
0.521544
0.256987
-0.0984465
-0.855209
0.273051
-0.00777733
-0.163419
1.93792
0.426883
-1.73284
0.831802
1.12526
-0.610647
-1.13076
0.0141778
-1.25164
-2.06622
-1.90987
0.604689
-1.12095
-2.39936
0.86503
-0.430278
-0.995608
-0.0490839
-1.21224
0.682884
-0.879203
1.068
2.64709
2.62819
-1.00382
-0.52136
-0.233791
-1.38206
0.510416
-1.57291
0.18387
-0.787314
-0.281423
-0.0480313
1.31371
-2.57926
-0.952934
-0.641441
-0.35587
0.11473
-1.17671
-1.55724
0.462751
2.25969
-1.99887
0.458589
0.303301
-0.837587
-0.501813
1.7534
1.07525
-0.346421
0.313507
-1.20035
-1.27603
0.228267
1.01375
-1.53718
-0.611486
-0.852795
-0.0555429
-1.37038
1.90556
0.83493
-0.86895
-0.496046
0.174071
0.448568
-0.622223
-1.67779
-1.90481
0.195153
0.0412774
0.75414
-1.79934
-0.517166
0.317907
-0.144646
1.11421
-0.192246
0.419153
0.428508
1.26767
0.449678
-1.22259
1.10597
-0.157205
0.327106
1.27599
0.0254557
0.448002
2.9448
-0.677529
1.69653
0.233097
0.307896
1.12243
-0.18074
-0.251716
0.775753
-0.212016
0.417398
1.8431
1.79821
-0.0982893
0.485314
-0.133658
0.35837
0.993749
-0.251113
0.293384
1.05922
-1.17848
-0.483274
0.699705
0.352923
0.376017
0.77459
-0.246528
0.222576
0.0846266
-0.0125461
0.31606
-0.691185
0.069152
-0.098354
-0.174826
0.688125
0.0505153
0.221654
-0.245864
-0.718859
0.613378
-0.133325
-2.20365
-0.334576
0.40464
0.076277
-0.248685
-1.20454
-0.988707
-0.281686
-0.255695
-1.01318
0.670826
-0.825515
2.09055
-0.535353
-2.01103
0.86882
0.593928
-0.556738
-0.258981
0.238671
-0.534038
-0.961724
0.580765
-1.58192
2.30576
0.825044
0.743392
-0.121671
1.36291
-0.937527
-0.544072
-0.0755106
0.294113
-1.21525
0.149989
-0.00670487
-0.129138
-1.10504
-0.701877
1.85842
-0.520861
0.15214
-0.424716
0.508336
0.292939
0.808748
-0.13873
2.541
-1.47478
1.63569
1.72666
-0.272491
1.34841
-1.01297
0.257215
-0.917453
-1.47972
0.112124
0.889746
-1.02522
1.56605
1.32866
0.950771
0.924191
0.682723
-0.328492
1.31334
-1.27281
0.266695
1.41519
-2.30474
-1.57329
-0.319279
-0.94695
0.17557
0.929813
-1.13904
0.112314
0.454625
-0.49703
-0.780955
-0.0117202
-1.32948
-0.465116
0.541568
0.301351
-0.000461459
2.37006
-0.0869319
0.27662
2.39615
0.460022
-1.90478
-0.799177
0.455595
1.40843
1.24586
0.0702432
-0.555613
0.23835
-1.53844
-0.120597
-0.577758
0.38445
1.52864
0.343856
0.276286
-0.540071
-0.789137
-0.231945
-1.80542
-1.19429
0.765171
0.820457
1.04188
-0.0262243
0.959871
1.51694
0.823159
0.169734
1.08658
-1.75932
0.13886
-0.0907192
-0.812595
0.329152
0.116566
0.491655
1.36712
-1.08556
2.16467
0.234177
-1.75411
-0.0619409
1.2661
-1.02448
0.362653
1.03426
-1.13025
0.354028
-0.703808
0.455535
1.56386
0.459496
0.340522
-1.30988
-0.697277
1.76358
-1.03284
0.405338
0.937497
-0.817195
-0.701792
0.187799
-0.662234
-0.886461
0.647781
-1.02024
-0.456796
0.149574
-2.32575
0.950003
-0.950868
0.0808291
-1.24435
-2.4426
-1.81672
0.503141
-0.579908
-0.864709
-0.757602
1.53091
-0.330158
-2.53792
0.10469
0.153126
2.25016
-1.75685
-0.946173
0.799436
-1.12569
2.27216
-0.771774
0.0531095
0.961078
0.64545
-0.0676007
-0.841175
-1.65694
0.188549
-1.06629
1.14296
-0.218526
-0.544896
0.889064
1.45368
-1.7075
1.69262
0.924005
-1.19205
0.0396194
2.1662
0.781801
-1.4033
-0.539933
0.726497
-0.0255424
-1.35848
-0.237606
0.64106
0.640904
-0.389764
0.0236291
-1.21546
0.422257
1.59211
-0.480561
0.840083
0.922507
0.180866
0.855479
1.02333
0.879585
-1.40963
-0.284433
0.913477
-1.12688
-0.304471
1.19805
-0.25782
0.366312
0.110327
-1.99168
1.60583
0.135617
0.404606
-1.31524
0.685833
-2.49357
-0.223272
0.786039
-1.35408
-0.327938
-0.880341
-0.0768766
-1.48354
1.08258
-1.36169
0.670334
0.407587
0.203141
1.33782
0.388777
1.96521
0.364817
-0.568224
1.43956
0.204918
0.139758
0.621984
-0.497555
0.814466
-1.38244
-0.532658
-0.700957
-2.13811
1.95852
0.601148
0.617264
0.0920581
-0.418987
-0.915928
0.493873
0.756019
-1.07402
-0.302179
0.534186
-0.315234
-1.01312
-0.526552
1.08394
-1.01107
0.8567
-0.285892
0.526984
0.26833
-0.131259
0.189241
0.884223
-1.59676
-0.668001
0.389787
-0.641547
0.809135
1.84285
1.27979
-1.11389
-1.83629
-0.0968586
0.271678
-1.11088
0.0946535
-0.0763054
-1.96971
-0.133607
0.423269
1.14283
-0.858265
-1.4765
0.599964
-0.694854
-0.885889
0.934909
-0.0338824
-0.936551
-0.206986
-1.31967
0.275426
1.81904
1.44814
-0.0117568
-0.297583
-0.0708399
-0.348539
1.20058
0.277021
-0.0447008
-0.2059
0.00114763
-0.960513
-1.33964
-0.770255
-0.830375
-0.887247
0.173555
1.18594
0.65912
0.0307229
0.085713
-0.0142906
-0.141522
2.37515
0.994169
1.11903
0.34257
-0.278153
-1.43872
-1.16233
0.598188
0.539037
0.24274
-0.112805
-0.441316
-0.675542
1.28194
-0.832254
-0.429139
-1.75317
-0.339157
-0.225211
0.400175
0.194499
1.36334
0.223422
-1.798
-1.6229
0.228629
-0.519408
-0.909239
0.185881
0.884249
-0.659215
1.74737
-0.385246
0.758808
1.4185
0.0310915
-1.02174
1.10276
0.858878
0.51599
0.488848
-0.493657
0.17757
-0.269781
1.28523
-0.475748
-0.791027
1.50212
-1.41781
1.05516
-0.493251
-0.59316
-1.80598
-1.18031
1.37684
0.986183
0.602688
-0.389063
0.892689
-1.24509
1.01659
-0.230489
0.122469
1.72544
1.08756
0.526115
0.11919
-0.41185
0.201192
-3.16812
-1.12312
1.63803
-0.999154
1.71162
-0.464648
0.783579
-0.887342
-0.440587
-0.950507
0.885587
0.545011
-0.043412
2.84102
0.172025
-1.9771
2.11078
0.614351
-0.00144029
-0.591444
0.843948
0.23687
-0.971408
-0.123102
0.763553
-1.24257
-0.640246
0.203984
-1.20312
-0.0137334
1.22648
-1.19254
-1.15917
0.49868
0.59361
1.23625
0.129747
1.47354
-0.533843
-0.58709
0.966422
1.31236
0.483865
-0.232007
0.0958782
0.0702334
-0.71352
0.928261
0.102067
0.0154664
0.773287
-0.232755
-0.264967
0.495254
-0.813263
-1.3076
2.44923
1.13028
-0.140563
-0.926114
-0.607489
0.112657
-1.99454
0.43326
0.798423
-1.79306
1.5065
0.37291
-0.499905
-2.10522
1.0782
0.380846
-0.745733
1.2396
1.02137
-0.975025
-0.120194
0.703839
1.98177
-0.0199251
-0.761994
0.364983
0.98336
0.996478
0.255812
0.00487739
-0.404892
-0.459095
0.015101
-0.0990905
-0.105006
0.871205
0.00133437
-0.655044
-1.79006
0.732025
0.80556
-0.0438501
-1.00944
-0.0279288
2.51307
-2.49002
1.37819
-2.79885
-1.15751
0.343378
0.251386
-1.34516
0.0337806
-1.58457
0.375933
1.10981
1.10559
-0.623131
-0.344929
0.0125426
0.112204
-0.410728
1.30131
1.01559
0.799865
0.124671
0.064638
3.55084
1.35029
-0.606096
-0.10148
0.339683
-1.12362
-1.34433
-2.75147
-1.39693
-0.389509
0.163461
0.0845664
-0.750504
0.325445
-1.30638
-0.876032
0.655086
0.0289977
1.37519
0.389592
-0.522323
-2.59496
1.20133
-0.613719
-1.55372
-0.599879
-1.57769
0.147381
2.17393
-0.208525
-0.506061
1.10936
1.35578
-0.390401
0.270385
-1.11445
0.572862
0.166193
-1.34693
-1.23026
-2.14553
-1.07117
0.285479
-0.0254793
0.0856381
-0.195481
1.24556
1.49252
1.37151
1.75187
2.15691
0.517848
0.486982
0.105398
0.367386
0.432284
-0.31304
-1.93289
0.847628
-1.3095
-1.4486
-0.0116068
-0.934211
-0.0882429
-1.26967
-0.161116
-0.538456
-1.15431
1.239
0.070926
-0.505418
-1.74784
1.41053
1.00656
-0.678469
-0.433426
-0.457061
-0.941587
0.700987
1.13905
0.00251532
-0.635307
0.67553
1.70743
0.18286
-0.821571
-0.723877
0.859454
-0.479136
1.62679
0.0134476
1.02681
-2.27392
-0.270402
0.657647
0.0664842
-2.47976
2.06434
-0.692976
-0.0102096
-2.46929
0.225145
0.0736749
0.00499952
-1.17245
0.171433
-1.69084
0.735378
-0.0491908
-0.43339
1.23592
0.476603
0.166943
-0.192335
-0.589066
0.91155
-0.0177404
-0.151137
0.974684
0.289688
0.341396
0.411918
0.330499
-2.29397
1.7912
-0.6479
0.133455
-1.01635
-0.0590906
0.720411
-0.21064
-2.07085
1.1534
0.128507
2.64199
0.689334
-1.11635
-0.109749
1.13148
-0.420431
-0.417558
-0.35191
-0.558166
0.594739
2.07052
0.374631
1.54145
0.70876
-1.0045
-0.252409
-1.40694
0.364536
0.713211
-2.74895
0.0401697
-0.565311
-0.300273
1.37862
1.02798
0.551717
1.31574
0.764958
0.158629
-1.48633
-1.32757
-1.23568
0.479593
0.0428953
0.3319
-0.395329
-0.617621
0.446982
0.0299097
1.2086
0.938634
1.34481
-1.647
-0.589497
0.432673
-0.0868321
-0.0139028
1.63563
1.89015
-0.26517
0.440801
-1.0727
-0.681259
-1.56703
-0.21513
0.0597988
0.620752
-0.910966
0.760318
-0.0599456
-0.736939
-1.22959
-0.53952
0.378497
0.487082
1.5788
0.0679076
-1.41449
-0.00196242
0.952229
-1.28522
0.219826
0.137685
-2.97581
0.996889
0.0240173
0.524389
1.41944
-0.00149369
0.252675
-0.118142
-2.40955
-0.197671
-0.592013
1.79213
-0.0646412
-0.585995
-1.75287
-1.30721
0.794876
-0.851566
0.232154
-0.63865
-0.759572
0.148513
-0.539222
0.817726
-0.858466
-0.627948
-0.138506
-0.41276
2.07041
2.00731
1.52532
1.06088
0.227076
0.705726
-0.908355
-0.312298
-0.673696
-1.38581
0.395561
-1.30465
-1.18577
-1.50709
-0.453152
-0.244905
0.13931
1.8639
0.636859
-0.428025
0.43781
0.32916
-0.585413
-0.863132
0.173121
-0.272744
-0.0580612
0.168101
-0.48784
0.755656
0.938222
-0.463245
-0.303228
-0.726844
0.0293731
0.340846
-1.65844
0.684711
-0.860387
0.0728446
0.431484
0.0459003
-0.706802
0.744022
0.784244
-1.98112
-0.751643
1.09511
-0.412334
-0.552884
0.292142
0.206691
-0.555873
0.750652
-1.35751
1.16939
0.10863
-0.933317
-0.960157
-0.676093
0.259259
1.23772
1.66569
-0.31087
-0.0876199
-0.500103
-1.01407
-1.40875
-1.19569
0.559314
0.288416
0.0109867
0.178035
-0.153348
-1.66584
1.01544
0.802668
-1.18634
-0.298412
0.426586
-0.120368
-1.4004
-0.426053
0.421565
-0.40469
-0.00522137
-0.1015
-0.159012
-0.381016
0.0421659
-0.741771
0.328274
-0.174397
-0.270266
0.0290731
-1.80615
1.1876
-0.919943
-1.06986
-0.93633
0.0135046
1.54526
1.71946
-1.32094
0.310629
-1.60163
-0.677473
-2.2492
-0.423489
0.801371
0.981369
0.278557
0.656259
0.40833
-0.500306
-0.576427
0.398443
1.49194
-0.774651
-0.349761
-0.269878
0.320083
-1.37166
-0.906949
0.356869
-1.3638
0.0436321
-0.587355
1.11006
1.43094
0.308063
-0.554857
0.493356
-1.00998
0.0237917
-2.74071
-0.273433
-0.44574
-0.776171
-1.77996
1.81212
-0.0735711
-0.492526
-0.834129
-1.79477
0.862214
-1.18149
0.178553
0.144748
0.014176
-1.41283
2.01621
-0.0134464
0.991634
-1.29511
-0.931443
-0.407726
-0.631497
0.165081
-1.95421
-0.949023
0.630467
-0.965713
0.139871
-0.851203
0.297833
-0.0225031
2.12363
0.361045
1.04871
0.396928
0.487
0.747618
-0.380626
0.865674
-0.0666308
2.0986
1.14188
0.319998
-0.146931
0.902642
0.771557
0.358168
0.263698
-0.971552
0.133002
2.42546
-0.880537
1.49772
0.0759701
0.697177
-1.38192
0.151378
-0.253176
-1.69242
-0.0388256
-0.594797
-0.238767
-0.309443
0.563972
1.30295
-1.74557
2.72739
2.71415
0.243195
0.864981
-0.388753
2.37173
-0.105358
2.29606
-0.406812
0.97661
-1.57632
0.227095
-1.88013
-0.918355
-0.447233
2.17092
-0.879542
-1.17438
0.907207
0.136574
0.589305
0.947545
-0.103207
-0.607361
1.64921
-0.513374
-1.18197
-0.900949
-0.349073
-0.632096
0.446781
1.00568
-0.242183
0.626129
-0.0467063
-1.17766
0.172169
0.450947
-0.437016
-1.31765
1.30215
-0.749973
-1.43035
-1.57969
-0.876851
-0.31531
-0.964082
0.214184
0.35447
1.38284
1.0704
0.828538
-1.6478
-0.504625
-1.93989
-0.73769
-0.292526
-1.25669
-0.509024
0.579257
-1.27464
-0.545421
2.03242
-0.861203
0.497188
0.122547
-1.30685
-0.811375
1.34242
0.171452
-1.77757
-0.0858638
0.388441
-1.27864
-0.634695
1.36801
0.345588
-0.617715
-1.55996
-1.65663
0.664029
-1.22684
-0.218727
-1.66826
0.856395
-0.125338
0.957011
-0.749747
-1.68086
1.05113
-0.828326
0.1148
1.28517
-0.771846
0.159992
0.499686
-0.033897
-0.396845
0.15221
-0.372288
0.814521
-1.06606
-1.62978
-1.61071
-0.541385
0.297243
-0.122875
-1.61132
0.501714
1.00049
0.840455
-1.30783
-0.638871
-0.348989
0.38558
-0.42968
-0.143618
0.408506
0.597394
1.53872
0.0401255
1.65181
0.414286
-0.881778
0.442469
-0.51815
1.07548
-1.82056
-0.747695
0.22256
-0.625373
0.592926
0.700218
0.839341
0.555763
-1.23438
0.476412
-2.63709
0.894643
2.08138
0.30298
-0.375461
0.906441
0.364122
0.900224
-1.41095
0.810847
0.579838
0.528529
0.628525
0.184326
1.06431
0.460655
-0.612386
1.11339
0.595527
0.520741
-1.47731
0.1821
0.100193
-0.841625
-0.735674
1.69697
-0.157334
-1.26887
0.10923
0.150403
1.5595
0.45133
2.01568
-0.292049
-0.361064
-1.44477
-0.786866
-1.70655
0.268608
-1.83452
-1.10615
0.197067
-0.338892
0.257148
-0.392102
-2.80995
0.375371
0.0278876
-1.23012
0.282798
-1.87139
0.877319
-1.31957
0.6237
-0.743581
0.668347
0.181229
-0.179782
0.794329
-0.205193
-0.223912
-0.291632
0.893056
-0.633027
1.36573
-0.531261
-1.06833
-0.00981534
0.141211
0.430824
-0.416166
-0.266928
0.753815
-0.130031
1.85834
0.52632
-0.518197
0.186209
1.21958
-1.17758
-0.821048
0.5256
-1.17554
1.30219
1.13899
1.39746
-0.341306
-0.114861
-0.172765
-0.493054
-0.421876
0.403966
-0.847271
-2.18404
0.450099
-2.05579
-0.121656
0.74651
0.90672
-0.211808
-1.60969
-0.111439
0.369
0.421245
-1.78963
-0.719059
0.580562
0.0250086
-0.349123
-0.256675
-0.0430522
-1.22727
-0.0996994
0.36245
-0.615846
0.80888
0.908913
-0.153262
-0.256689
0.18379
1.5632
-1.26246
0.276287
-1.07634
0.388667
1.88207
-1.29516
0.556764
-0.706062
-1.87946
-0.357218
-0.69932
-0.497556
-0.612908
-1.1331
0.444834
0.130539
-1.79624
0.880181
-1.30007
0.202534
0.450102
0.0364668
-0.985219
-0.184152
0.453835
1.73662
-1.1144
1.78338
-1.21203
-0.238784
-0.29915
-2.46695
0.953383
0.263949
0.513038
0.262194
0.171069
-0.627529
-0.509904
0.329434
-0.176578
0.136284
-0.310719
-0.575672
-1.03431
-1.26101
1.30454
0.69611
0.233517
0.110579
0.717625
1.33767
0.491497
-0.0477721
0.091953
-0.445801
0.0731834
0.953227
-0.445687
0.822466
-0.371085
1.52317
0.371404
0.763319
1.53724
0.612291
-0.536401
-0.544747
0.595589
0.661853
1.31489
-0.709619
-1.06251
0.142376
0.10069
-0.551892
1.41302
-0.315329
0.0687846
0.610756
-0.369852
-1.16986
0.838261
0.133506
-1.49994
0.740576
-0.432912
0.092179
0.165784
-1.68837
-1.94732
-0.0780341
1.29187
0.457613
0.67347
-1.84654
-0.0995107
-0.12261
-1.36356
-0.400156
0.427868
-0.608772
0.549735
0.200455
0.628909
0.793782
0.865169
-0.935138
-0.831623
-0.259381
0.63509
-0.698346
0.603315
0.0193202
0.871005
1.65928
-0.572036
1.60851
0.77885
0.304219
-1.52783
0.72733
0.177996
0.509766
0.975
-0.86645
-1.38345
-0.249152
1.2868
-1.45902
0.847243
-0.188064
-0.698922
0.329763
0.219797
-0.570679
1.13141
2.24351
1.60521
1.09255
0.51644
-0.861953
-0.932808
-1.7391
-0.458808
-1.09502
0.0733883
0.984078
-0.328724
1.06118
1.13194
-0.226027
0.671881
-1.75966
-0.238306
0.403776
1.37821
1.33063
-0.315105
-1.42266
1.71057
-0.740062
0.93813
-1.90466
-1.89189
0.192152
0.712267
-1.12486
-0.648423
1.25165
0.581474
0.169388
0.484339
0.124486
0.35782
-0.640898
-1.2524
-0.0142271
0.607987
0.399424
0.837876
0.847201
0.284538
-0.279635
1.19149
-0.00396973
-0.400406
-0.0151899
-0.876833
0.847615
-0.562091
-0.403485
-0.795456
-0.37618
-0.725562
1.63656
0.725516
0.769193
-0.249808
0.756907
0.224843
-1.29425
0.86621
2.7289
-0.669207
0.930176
-1.08574
0.149394
-0.0530735
-0.525512
-0.713355
-0.0918608
-1.68262
-0.223148
-0.789903
-0.9479
-1.18707
0.472189
-1.45851
1.47548
-0.301607
-0.811214
-0.61568
-0.72541
0.914408
-0.641056
0.185548
0.928975
-0.814952
-0.412427
-0.0995757
1.21766
-1.93067
0.982631
1.18592
-1.03399
0.558857
0.47069
1.11965
-1.46388
1.3528
0.301583
-0.0231218
-1.16723
0.0953538
0.816202
-0.00790626
-0.00926387
-3.06305
-1.4531
-0.335577
-0.463531
1.0403
0.249127
0.0848902
-1.32368
0.773439
0.841921
0.568439
-0.553741
0.150924
-2.34069
-0.109888
0.341252
1.38478
-0.30222
1.39829
1.38212
-0.473137
0.648038
-0.379804
-1.3371
-0.313247
0.00573528
-0.893858
0.247418
-1.66829
-1.1952
0.462127
2.68827
1.08675
-1.31012
0.914768
0.614598
0.941476
0.0438797
-0.0417595
0.144353
-0.437138
-0.943431
0.109474
-0.745585
0.761056
-0.114685
-1.7418
0.0214828
0.672349
0.443003
-0.254163
1.08337
0.943507
-0.653681
-0.0527663
1.03589
-2.39571
0.608819
-0.970588
1.35778
-1.1092
-0.365663
-0.222102
1.74023
1.3246
0.501939
-1.67812
-0.677812
-0.546095
-0.368631
-0.910552
0.727207
-0.388751
1.11532
-0.0952921
0.268268
-0.47715
-1.70333
1.34534
0.106002
0.138011
0.618928
-0.120277
-1.17291
0.572759
-1.79712
-1.11561
-0.283947
-0.796305
1.13228
-1.32704
0.538028
-0.394227
0.398829
0.509774
1.18792
-0.792773
-0.0606302
0.443929
-0.0350012
-1.94297
-2.54132
0.345821
0.326239
-1.27586
0.899363
-0.648852
0.0617979
-0.912018
0.662922
0.465452
-1.3246
0.140052
1.57876
-2.34531
-0.708928
0.238993
-0.0952278
0.138428
-0.122979
-0.022557
0.618446
0.896065
0.541244
1.2957
0.113058
0.59786
-0.978412
-0.786603
-0.817294
-0.94536
-0.608436
1.08753
-0.725623
-0.22739
0.96856
0.322517
0.873548
1.52008
0.454745
-0.0469317
0.515678
0.0344114
-0.33774
-0.175991
0.688832
-0.945752
1.42275
0.798505
0.177724
-0.342825
0.0242977
-1.71387
0.0938466
0.372883
-0.929535
1.20385
-1.6483
1.379
0.239094
-1.87821
0.0505933
0.866875
-1.79501
-1.61371
0.349077
0.694395
-1.08496
-1.11293
-0.0883923
0.145247
0.728402
-0.196702
0.597214
-0.772117
-1.43847
-0.826091
-1.33512
-1.46038
0.368996
-0.660451
-1.1638
0.338145
0.2779
-0.281909
1.23828
0.983975
1.94803
0.0825346
1.91986
-0.341824
0.0692331
-0.128669
-2.01799
-1.09351
0.718436
-0.367327
-0.226151
1.51494
1.53265
-0.671763
0.0376676
0.221416
-1.29307
0.93178
0.376183
0.159053
-0.367999
1.35434
-1.27094
-1.09608
0.421962
-0.429137
0.0043382
-0.789351
0.335256
0.776392
-0.779718
-0.423924
-0.120813
-0.755038
-1.15451
0.0696726
-2.91647
0.196676
-0.15554
0.056848
-2.39231
-1.56382
-1.24687
-1.21415
0.230695
0.016915
-1.16277
-0.162807
-0.841702
0.726989
-1.89282
-2.60416
-2.00208
-0.494604
0.830787
-0.297296
-0.168206
1.7519
-0.584767
1.67189
-0.464628
2.16412
-0.9165
0.850606
-0.362043
0.267369
-1.22447
-2.4795
-1.14402
-0.616694
1.15819
-1.61905
-1.70167
-0.809319
-1.04948
-0.231954
-0.394844
-0.672058
0.605878
0.339832
-2.05816
0.145194
-1.12601
2.28746
-0.0871716
-1.75104
0.278718
-1.99738
-0.460067
0.108586
-0.101109
-1.6032
0.262806
1.26339
-0.840461
-1.47542
0.812388
-0.0357433
-1.09934
1.01781
-0.607319
-0.410026
-1.16909
1.24898
1.49564
-0.882282
-0.745234
-0.272387
1.24338
0.797724
0.658568
-0.671347
0.611923
-1.58283
-0.11702
1.62411
1.02636
-0.716517
0.596557
-1.43692
0.998412
0.035206
-2.07729
-1.15181
-1.91764
1.66502
0.834444
0.626024
-0.283247
-0.172317
-0.356537
0.718
-0.37994
-1.57018
-0.368452
-0.217803
1.75943
-0.107084
0.0685069
1.24718
-0.309748
0.424598
0.260627
-0.445183
0.839003
0.613634
0.0320061
0.363984
-1.4104
-1.58569
-1.04723
0.264083
-0.851482
0.236635
2.49005
2.45733
1.55976
-0.0362021
0.0570695
0.316749
-1.24001
-0.971242
-2.53563
-0.693287
-1.15382
0.0540912
1.45931
0.236146
1.81212
-0.289364
-0.667237
-1.33639
1.14002
-0.628904
-0.705775
-1.33013
-0.716594
1.48073
-0.0995681
-0.329922
0.798834
-0.73139
1.3268
0.460915
0.822546
-0.73951
0.910762
0.527302
1.30932
-0.453114
0.0336787
-0.841104
1.79743
1.65992
0.223347
-0.837939
-1.06471
-0.946768
-1.02825
0.829649
0.0822942
1.03098
1.11773
0.964267
-0.131332
0.0964153
-0.266225
-0.968663
-0.736735
-0.568001
1.12065
-1.51571
-0.483344
-1.47281
1.75667
-0.384676
-0.726481
0.922683
-1.41616
-1.68581
-2.87984
1.18492
-0.953945
0.580041
-1.17386
-2.16819
1.1512
-0.266687
-0.40845
0.0552927
0.109953
0.330587
-0.965881
-0.454666
-0.658679
-0.602291
0.349002
-0.00615382
-0.681021
-0.250931
-1.06861
0.431296
2.02113
0.199036
0.764221
-1.02349
-0.0622146
1.38611
0.475064
-0.00624365
-0.130354
-2.07814
0.153943
-0.240995
-0.630183
1.1289
-0.780863
1.15433
-0.963276
-1.57087
-0.391093
0.468663
0.866744
0.312363
0.503078
-0.701609
0.145269
1.47083
0.860044
0.232568
-0.528774
-1.02
0.277631
-1.671
0.198776
0.760543
-0.579481
0.0319539
-2.52023
-3.39042
-0.582789
-0.825521
3.36758
1.2337
-0.761062
-0.657887
-0.192743
0.185584
1.91477
-0.429441
-0.310301
-0.16819
-1.76427
-0.101574
0.984535
0.243138
-0.790935
-1.03248
-0.405849
-2.19568
0.170165
0.5239
-1.58274
-1.12566
0.310426
0.654291
-0.0858772
0.768083
0.550797
0.22651
-0.276485
-0.917529
0.0627483
-0.196333
0.0713665
1.41432
0.632361
-0.883945
0.540147
-0.731283
0.208322
-0.462332
0.228559
0.468266
1.66684
2.11984
-0.744708
0.856866
-0.804653
-0.488212
-0.678846
0.403817
-1.99635
0.728451
1.20695
-0.594157
0.0305004
0.197922
-0.174018
-1.56644
0.979053
0.699608
-0.980159
0.316366
-0.511557
0.686211
0.200917
1.85981
-0.563701
-1.00702
0.229137
0.146155
-0.334324
0.809301
-1.54009
0.677815
1.0058
0.852428
0.227442
-0.164623
1.57014
0.89016
1.30159
-0.782623
-0.686004
0.0403005
0.315665
-0.44047
-0.381419
-0.671099
-0.818984
-2.55856
-0.121696
2.27402
0.411647
-0.680628
-0.498587
-0.523666
-1.25983
0.485667
-1.17489
-1.12873
0.705594
-0.797584
0.549535
-0.170824
-1.84956
1.56147
-0.015173
0.109943
1.0845
-0.677135
-0.851717
0.553984
-0.387243
-0.455922
0.544284
0.46158
-1.06407
0.189904
0.514594
0.243597
-0.591527
0.0075205
0.00987738
-1.81016
0.0189905
0.159907
-0.802639
1.81512
-0.627945
-1.1507
1.052
1.7625
-2.21314
-1.09631
-0.340037
1.40874
0.4466
0.591706
0.605693
0.669109
-0.437996
1.00893
-1.83246
-0.0763257
-0.97662
0.47905
0.410456
2.36216
-1.84399
-0.0596552
1.21563
-1.1028
-0.155554
-0.0602036
0.500704
0.80405
1.07318
1.3484
-0.600308
0.498061
2.7452
-1.25674
1.88103
-0.499609
0.360205
0.466508
-1.23877
1.04693
0.382244
-0.603583
-2.05533
-0.198173
-0.735532
0.258217
-0.460335
2.66467
-0.277871
0.00761241
-2.328
-0.236803
-1.22417
-0.185785
-1.71295
1.51068
0.0173732
0.315435
-0.179828
-1.27609
1.9593
0.479885
-1.16128
-0.430435
0.146459
0.326141
3.24201
-1.45343
0.232665
-1.27042
-0.526734
1.63174
0.425434
0.58075
-0.16089
0.607673
-1.72852
-1.2173
-0.500449
0.391153
0.123456
0.423073
-0.624661
1.22183
0.147861
-0.627922
1.04342
-0.19353
-0.776923
-0.175975
-0.0744316
0.00524569
-0.144518
2.33457
0.458724
-0.419562
0.725037
-0.0465
-0.0804264
0.45395
-0.187421
1.45507
0.214367
-1.04652
0.00599164
-0.278222
0.438685
-1.46666
0.134719
0.906877
-0.703807
-0.429511
1.6759
-1.06831
0.64225
-0.770542
-0.812616
-0.423875
-1.21956
1.28789
-0.326214
-1.09372
-0.946345
0.649856
-0.0897887
-1.08815
0.622021
0.0959135
-1.32982
-1.71898
-1.11927
0.962789
0.331229
-0.412734
0.841207
1.8485
-1.6201
0.216732
0.211685
1.21573
0.585829
1.15291
-1.12853
-0.198631
0.151357
1.02426
-0.772683
-0.680359
1.07579
-0.304482
-0.168334
0.462944
0.780484
0.150183
0.361945
0.216746
1.02139
-0.780395
0.959851
0.758075
0.919835
2.03089
-1.25794
0.184056
-0.415331
-0.036142
1.03863
0.336337
0.172096
0.296379
0.702132
1.47915
0.400793
1.78178
-0.436323
0.0560894
-0.169323
-0.599037
0.468796
0.118518
-0.753079
-1.55622
-1.55083
-0.359469
-1.16574
0.372215
-0.0126949
1.04639
0.340253
-0.352725
-0.595534
2.21227
1.9817
1.25669
-0.43009
0.876072
0.517087
0.874064
0.991175
1.25358
0.553856
-0.221297
2.89024
-0.30256
-2.17145
-0.871079
0.932182
-0.75475
-0.849419
0.82762
0.145137
-0.468939
1.74092
0.596432
-0.26999
-0.242482
-1.47798
-1.7725
-1.9355
-0.643315
-1.64448
-1.09068
-0.649014
-0.101357
-0.849737
-1.57987
1.26388
-1.19625
-0.242281
1.64541
1.16239
0.239705
-0.975255
1.23744
-0.623087
-1.24487
-1.0804
-1.29891
-2.19515
0.830078
-0.446087
-0.24851
-1.27083
-0.385637
0.683902
-0.421647
1.27748
0.100771
0.128665
-0.0255566
0.654431
-0.45258
1.08247
1.23057
-0.109461
1.25176
0.595697
-0.10353
-0.945464
-0.188612
2.82609
-0.0843791
1.01037
1.75983
-0.105821
-0.236377
0.751745
0.110221
-0.883575
1.50328
0.274152
0.608895
-1.61256
-0.0180455
-0.417541
0.0176134
-0.323485
1.22494
-1.42366
1.40315
0.11139
1.00164
-0.729285
1.02528
0.73144
0.599146
1.20166
0.95907
0.14186
0.589527
-1.82744
0.61346
0.357743
0.687247
-1.85953
0.220282
-0.636189
0.628991
-0.885089
-0.899366
-0.163286
-0.503432
-0.716845
-1.62579
-1.02252
0.330925
0.65005
0.428445
1.47461
-1.67089
-0.259409
-0.448793
1.44044
1.6094
-0.234324
0.329541
0.296075
1.59269
0.410815
0.699805
-0.274281
1.95485
-1.02911
-0.0239766
0.128537
-0.668977
-0.826684
-0.996892
-1.11765
-2.17572
-1.48686
1.05269
1.07065
-0.716826
-1.52238
0.0482273
0.312797
-0.540538
0.271052
-1.14811
1.73532
0.61454
-0.478259
-0.00284475
0.230391
-0.62161
-0.369169
0.320779
-0.682361
1.99816
-0.0145602
-0.0874706
1.84658
1.80822
0.986727
0.815248
-0.0548381
0.549942
0.53372
0.318406
2.28752
0.269384
1.10746
-0.328351
0.665865
1.14457
-1.17311
1.39994
-0.116131
1.56548
-0.526896
0.666433
0.852329
0.798153
-0.529178
-0.0039584
0.368582
0.822682
1.27569
1.39422
-0.952325
0.00311667
0.166485
0.0116697
0.625104
0.439652
0.00463349
1.13083
1.00268
0.0615585
0.581744
-1.53655
0.232773
-1.04067
0.785504
1.28513
-1.39937
-1.30666
0.334378
-0.529001
1.17272
-0.504284
-1.51114
0.973093
-1.07452
-0.852965
3.03462
-0.406688
-0.104649
-0.949247
0.0373064
0.146879
0.990756
-0.171215
1.70447
0.476107
-0.194825
-0.0445839
-0.627349
0.535906
0.399181
-2.07459
-0.894339
0.0761518
0.655468
0.195772
0.0684677
0.300085
-0.0685973
-0.637878
-1.00788
-0.234504
-0.013752
1.78516
-0.773461
1.02661
0.910037
1.8836
-2.31772
1.57639
0.41768
-0.298924
-0.444369
-0.188441
0.789201
0.290808
1.57429
0.155434
-1.21001
0.597666
-0.24365
-0.936276
1.25996
2.17026
-2.60249
0.12131
-0.442722
-0.12104
-0.724995
-0.385018
0.296659
-1.89512
1.24555
-0.167541
1.47838
-1.28333
0.946363
-0.159407
1.19414
1.14451
-0.0769792
-0.817817
0.314076
0.0730005
0.901692
-0.835024
-0.381104
-0.419137
0.675375
-1.12322
-0.88584
0.765701
2.07139
0.301237
1.05343
1.3023
-0.993467
1.10288
-1.02356
0.481737
1.61409
1.09543
0.205213
1.3234
1.63975
0.811501
0.101245
1.35689
-0.0700281
0.977249
-0.408564
-0.459891
0.0973046
-0.519635
1.20171
1.25212
-0.711943
1.36255
0.425142
-0.181948
-0.455157
-0.181668
-1.50225
1.09397
0.786369
2.63104
0.0176734
-0.577936
0.771611
-0.0243513
0.304419
0.398612
1.78138
-1.10053
-1.83618
0.779644
0.128454
-2.11973
0.290944
1.33641
0.236716
0.587706
0.534624
-1.61445
-0.744769
1.25687
0.784103
0.18276
0.848094
1.21898
-0.741239
-0.68267
0.654203
1.07484
0.695105
-0.678423
-0.50182
-0.0885555
-0.231528
-2.28209
0.515658
2.00278
-0.310355
0.965406
-0.908446
-1.0371
-1.15373
2.33514
1.55632
-0.103923
-0.558263
0.543038
0.449344
1.54305
0.658085
-0.2925
0.18106
0.363039
0.0393479
-0.901054
-2.46635
-0.0794791
0.157063
0.210071
2.2262
1.1038
0.687589
-0.245694
-0.101111
-1.2434
0.176176
0.975108
0.043011
0.0528614
1.40882
0.258759
0.338221
-1.06599
-1.72431
0.391679
-1.16573
-0.585855
-1.39375
-0.687222
0.541795
0.0622509
0.0797823
0.894654
1.72361
0.932036
-0.94916
0.684259
0.6854
-1.19368
0.742742
-1.40096
-0.623211
-1.38883
1.16028
1.0275
-2.06447
-0.216132
0.452585
-1.22121
-0.598378
-0.939641
0.448646
1.3185
-0.974908
-0.412962
0.9357
-1.4912
-0.353042
0.374246
0.613458
0.652914
1.68505
-0.572898
0.966343
2.02436
-1.29064
1.24741
0.210791
-0.764044
-1.86476
1.17354
2.1008
-1.41423
0.608908
-0.539642
0.2336
-1.20602
-0.0711595
0.217587
-0.32607
-0.158019
-0.36006
1.06506
-0.68868
1.13955
-1.55186
1.63046
0.104607
-0.588292
-0.859298
1.38648
1.70956
0.0937909
-0.114269
0.872515
0.775883
0.38563
0.0755345
-0.448659
-0.318577
0.535545
-1.41093
-1.07021
2.09192
1.45935
0.608977
-0.543058
1.86511
1.70034
-0.556791
-0.170942
1.47923
-0.854049
-1.86944
1.83805
-0.452622
0.522673
-1.04655
0.948829
2.46162
-1.01957
0.400794
0.773932
1.9049
-1.12077
-0.185511
1.36867
-0.645637
2.51634
-1.15095
-1.68378
1.13753
1.53557
-0.292184
-0.260574
0.852557
0.540956
0.521275
0.623181
-0.406867
-0.761071
0.147096
0.648124
-1.57848
0.76647
-0.620966
-1.52765
0.43632
-0.194306
-0.818686
-1.5073
0.389254
0.582111
1.83653
-0.262759
2.20669
-1.90842
1.40016
1.3565
-0.697598
-0.0680256
-0.94905
-0.296648
0.068308
0.521523
0.284975
-0.899452
-0.708905
0.301321
0.629184
0.314327
1.49493
1.98168
-1.04749
0.560683
-1.57765
-0.414644
0.494241
1.9572
0.199742
-1.00675
-0.273947
0.829671
1.05291
-0.0387123
-1.63722
0.472612
-1.54653
1.09634
-0.066575
-1.92646
0.039439
-1.20517
0.527132
0.457696
0.767288
-0.0851999
1.08696
-0.165677
0.993237
0.629208
0.430809
0.0414558
-0.026215
-0.442326
0.813491
-0.306602
-0.27424
-1.34305
-1.32693
0.1634
-1.25724
0.14491
-1.34272
0.505538
-0.461741
1.02954
-0.588404
0.736352
0.0410728
-0.260307
0.286115
-0.394004
-1.24448
-0.899643
-1.66641
1.78052
-0.584783
-0.164878
1.25103
0.781535
0.634853
0.160788
-0.847841
-0.69415
0.736317
-1.19912
-1.687
1.64161
2.49367
-2.50784
0.444102
-0.980778
0.297325
1.13935
-1.64746
-0.861522
-2.03433
-0.784827
0.640501
-0.674477
-0.565793
-0.0904124
0.524638
0.455293
-0.576111
0.989201
-0.352101
-0.224112
-0.0615879
1.19028
-1.00292
-0.219568
-0.139956
0.492285
1.22262
-0.804983
1.44387
1.05916
-0.520463
-0.343306
0.536881
-1.69433
0.0413874
-0.626385
-0.10335
-0.207945
1.28605
0.820067
0.738239
-0.271984
-1.19998
-0.796766
-1.00016
-0.325051
1.40042
1.64019
0.323946
0.709881
0.0983258
-0.742427
-1.07144
-1.8437
-1.23551
0.366089
0.157119
0.189775
0.628603
0.175145
-0.321916
-1.22635
-0.783516
-0.501248
-0.0627118
0.853914
-0.631357
0.524775
1.2702
1.09379
-1.88356
-1.67821
0.90641
-0.903658
0.473663
0.736714
-1.55974
-0.349523
0.203007
-0.497781
0.471162
0.9188
1.22911
-0.656266
0.587791
-0.565621
-1.68088
1.4665
-1.90269
1.08329
-0.109945
0.538659
0.527215
1.30587
0.432873
0.494224
-2.31626
0.420977
1.64432
-1.33441
0.0820593
-0.231663
-0.454518
1.11496
1.76196
-0.329777
1.85374
-0.399745
-0.515064
-0.402644
1.14261
-1.31324
0.310232
0.0182478
1.24562
0.488611
0.870783
-0.887926
-0.586635
0.54816
0.354121
-0.748429
-0.408841
-0.759652
-0.423111
0.97736
1.71181
0.470665
-0.0734501
0.584627
-1.0072
-0.491959
0.610859
1.02204
-0.875058
0.0698758
-0.497732
-0.218161
-1.0007
-0.235284
-1.17724
-0.285817
1.44288
1.79529
1.22459
0.677373
-0.328313
-0.90669
-0.58614
1.27518
0.20161
-1.1425
-1.60162
0.917182
-0.612022
0.872162
0.488188
1.13998
-0.868865
1.12048
-1.294
0.457354
-2.16691
-0.404132
0.45573
-1.15634
-0.388842
0.991867
-0.57948
1.83949
0.22405
0.489802
-0.809316
-0.489649
-0.23955
-0.173091
-0.484667
0.00431913
-1.32641
1.10364
0.00132096
-0.14714
0.183466
0.424045
0.950961
-1.41454
-1.29558
0.29418
-1.06728
-1.29382
0.839197
1.99657
0.0620636
0.101752
-0.612942
0.389181
0.656055
0.346171
1.06166
0.541401
0.103585
0.577815
0.034651
1.26699
0.0522806
-1.54301
0.597158
1.96295
-0.0386428
0.896872
1.36845
1.20881
0.968271
-0.560083
0.728505
-0.998355
-1.27336
0.607641
0.836413
-0.823994
-0.163747
1.14945
-0.523382
-2.37475
-0.974819
0.771606
2.67234
-0.314761
0.150877
1.6587
-0.0733211
1.23226
-0.982586
0.803405
-1.67004
-0.892987
-0.999825
-1.16506
-0.539884
1.10592
-0.29954
-1.21803
1.91372
-1.16219
1.63147
-1.02371
0.578357
0.816306
0.241597
-1.63303
-1.5523
0.350103
-0.890596
1.74731
-1.3067
0.301948
-1.48857
0.364937
-0.276429
-0.727261
-0.495603
-0.121689
-0.291373
0.194508
0.693578
1.56456
-0.535133
-0.809887
-0.427415
-0.294007
1.03623
1.424
-0.0897082
0.652894
0.751313
0.445551
-0.413178
-0.520549
1.55089
-0.396287
-0.251171
0.88189
0.876653
1.57614
-1.01563
0.0354096
-0.369735
-1.45902
-1.12129
-0.979267
-0.469522
-0.553272
-0.163768
0.726994
-2.20132
0.326365
1.28911
-1.65311
0.880902
1.44771
0.275161
0.104133
-0.165146
-0.73591
1.12128
-0.132645
1.66379
-0.0182743
1.73693
-0.168727
0.445633
2.58773
1.47685
-2.1825
0.516505
0.677253
0.0202644
-1.28463
1.18796
-0.42899
1.82325
-1.38283
1.14827
-0.254352
0.692628
-1.90977
1.81454
0.548956
-0.403155
1.13893
-0.179974
-0.839652
-0.474915
-1.36021
0.109325
0.59661
-0.278694
-0.45047
-0.212096
-1.35115
-0.30802
-0.701155
-0.161867
-1.00807
-1.88321
0.751661
2.53718
-0.363307
-0.480957
1.06428
1.86051
0.0214816
-0.582854
-0.510278
-0.174781
-0.22419
-0.0846805
1.37368
-0.661832
-0.643389
1.4441
0.87544
-0.290674
0.0504155
-0.6761
0.0228077
0.741916
1.64741
-0.157234
2.06964
0.56725
-0.485342
1.34024
-0.824421
0.415771
-0.826436
-0.416161
-0.434114
0.683269
-0.559939
0.160472
-0.0405741
-0.995181
0.467813
0.943802
-0.163435
1.97873
1.1957
0.928741
0.550298
1.19808
-0.0716274
1.8496
1.06811
0.181026
0.793176
0.0533055
-0.264949
-0.303365
-0.607702
0.748765
-0.0784866
0.402634
-1.8669
1.81469
1.06995
-2.08231
-1.28522
0.0165771
0.352408
0.919757
-0.730215
0.550226
-1.04356
-0.237315
2.33045
0.508708
-0.560556
0.508881
0.44734
-1.28654
-0.311148
0.207284
0.827656
1.61977
-2.28355
-0.0746049
1.78576
1.4034
0.269175
1.25419
1.36768
-0.118067
0.159968
-0.827053
-0.395227
-1.43797
-0.263477
0.815483
-0.574175
1.42326
-1.30241
1.14095
1.17409
-1.4291
0.343491
-0.0813824
0.633096
2.13148
0.595393
-1.51404
0.847524
0.525025
-0.547365
0.224644
-0.473856
0.579243
-0.516179
-0.303293
-0.457163
-0.268738
1.18437
1.5372
1.25537
0.0774464
-0.404432
0.782205
-0.045559
-1.19228
0.783954
-0.776605
-0.768825
-1.478
-1.93546
0.1899
1.85998
-0.751722
0.352227
-0.836835
0.27617
-0.0296478
-0.584941
0.0547459
-0.266976
-0.0692732
-0.72385
-2.19926
-0.467915
1.58955
2.17019
1.3888
0.237526
-0.997012
0.756677
-0.198102
0.070017
-1.58052
0.38885
0.200349
1.11506
0.681546
-0.284356
0.166662
-0.854447
-0.600817
-0.408161
-1.44743
-2.01615
1.19397
0.319853
-1.15827
-1.16063
0.615849
1.03964
-0.772151
-0.520463
1.50734
0.610037
-0.827531
0.874911
-0.202801
-0.0996931
-0.3928
-0.546609
-1.54928
0.729002
0.357158
0.12946
1.09133
-0.519358
0.883069
1.4293
0.495291
-0.153698
1.19542
0.786465
-1.88836
0.922407
-1.37952
-1.35676
-1.6225
1.01683
-0.612517
1.2683
1.44088
-1.24919
0.612227
0.307019
0.600789
-0.790428
-1.41529
0.144862
1.1523
0.373889
0.280169
-0.353166
-0.460959
-0.665991
0.307724
-0.540213
-1.20476
0.57043
1.40752
1.62357
-1.17155
1.50244
-0.842925
0.355396
0.473883
-1.86692
-0.680236
-0.277494
1.09812
0.157601
0.715478
0.612146
0.208972
0.68807
3.12056
-0.0200531
1.31791
1.7476
-1.26414
0.00939065
1.33857
-0.151339
-1.55626
0.606152
-1.54439
-0.0819191
-0.622757
0.223249
-0.032356
-0.691711
0.42186
1.80581
0.571521
-0.408137
-0.621344
-1.98766
-1.55866
1.20132
-0.471559
1.50792
-1.70138
2.07548
-0.520938
-2.2454
-2.20503
0.0341277
-0.412237
0.48954
0.0391685
-1.67313
-0.820127
2.27709
2.10671
0.126624
0.312983
-0.0531902
-1.47715
-1.09834
0.767785
1.27412
1.11976
2.46921
-0.827127
0.604894
-1.38985
-0.529726
-0.481492
-0.24599
-0.0148999
0.638941
0.591399
2.0284
1.4156
-1.3929
0.0288823
0.490153
0.0129086
-0.38708
1.14938
-0.176135
0.844879
1.07273
2.28581
-0.581038
-0.398853
1.22596
-0.195358
1.56555
-1.4181
0.484121
-0.526688
0.352692
1.39827
-0.0324351
-1.04951
-0.539571
0.0430474
-0.0415369
-0.42921
0.6971
0.560388
-0.413575
-0.960399
-1.24005
-2.06088
1.50567
-0.110017
-0.0682439
0.266159
-1.58719
0.719134
-1.17687
-0.332081
-0.296571
-0.451054
0.498453
1.09553
1.3567
-1.15207
1.48124
-0.566267
-1.30941
-1.90737
0.715712
1.77715
-0.375102
-0.87878
-0.522968
2.13384
-0.0159672
-0.291967
-0.325033
-2.0597
-0.236638
0.318165
0.387307
0.129492
-0.218603
-1.79719
-0.0857615
2.24141
-0.73879
-0.104374
-1.4145
2.9954
-1.53842
-0.756088
0.769639
-1.62699
0.443415
1.50779
0.888427
-0.779944
-0.141163
-0.30116
0.0777166
-0.0505285
-0.543239
1.84826
0.630311
0.861423
-0.814991
0.118888
0.866572
0.31964
-0.887565
0.878161
-0.979513
-0.348077
0.817221
-0.914545
1.58265
1.16405
-0.740842
0.316869
-0.655788
1.71851
1.34143
-0.931267
-1.45653
-0.0575904
-2.15596
0.0424309
0.75188
-2.35343
-0.401218
2.32063
1.17318
-0.357973
-0.230965
-0.190135
-0.511851
-0.128075
1.00088
0.329393
-1.12045
-0.06471
-1.40199
1.13483
-1.33604
0.521318
-0.622227
-2.53116
-0.583443
-0.977636
-1.52755
-0.875902
-1.54174
0.118124
0.832406
-0.926057
-2.15073
1.59961
-0.482646
-0.438422
-0.229936
-0.13299
2.00051
-0.905113
0.654868
0.183534
-1.62855
-2.08733
-0.0267718
0.849469
-0.577039
-0.180882
0.201341
1.2779
-0.35391
1.04333
0.169459
1.10693
-0.491842
-0.280488
-0.307006
-1.48075
0.340215
1.10445
-0.0562018
-0.0761053
-0.00267124
-0.305934
1.10054
-0.905282
0.909046
-1.84182
1.48649
-0.735826
-0.301295
-0.461654
-0.0657591
-0.440671
0.963038
-0.41337
1.00674
-1.14687
1.42437
-0.261626
-1.00588
0.162835
0.267892
-0.875133
0.263281
-0.5475
-0.961242
-1.0804
0.661288
0.66591
-0.0631636
-0.978287
0.0224071
-3.81231
-0.709889
-1.63108
-0.98023
1.6405
0.758618
-1.14838
0.126978
-1.48879
-0.0271232
-0.16766
1.37355
0.656057
0.248275
-0.805509
-0.353204
0.259054
0.110665
1.40238
0.769502
-0.519889
-0.727221
-1.09319
-0.505123
-1.34173
-0.512668
-0.080817
-0.526645
-0.0997972
-1.0422
0.843676
1.73837
-0.130698
0.0499526
-1.67753
-0.248573
1.51719
-0.42484
0.171023
0.473158
0.841369
-2.61998
-0.401111
-1.15807
0.386757
0.0136887
1.25407
0.240432
-0.214598
-0.861048
0.57756
0.00364
0.676566
0.156326
-0.808786
-0.451834
-0.928852
1.37956
0.218957
-0.746692
-0.348604
0.523426
-0.538723
-1.13362
0.630507
0.518629
1.72806
2.45296
-0.0762581
-0.945257
0.292723
0.479109
1.54635
-0.293336
-0.652488
0.656389
0.767467
-0.171234
-0.723102
1.36218
0.0687447
0.707202
-0.137981
1.65225
0.191096
-0.194793
0.563077
-2.20899
0.0335402
-0.065529
0.401516
-0.105617
0.814203
-1.95254
-0.465111
-0.00800908
1.34969
-0.852147
0.242156
-0.772882
0.326918
1.11738
-1.021
-2.00618
-1.36701
-1.11597
-1.39282
1.34867
1.52302
-0.131913
1.50899
-0.892654
-0.177713
0.378889
0.363718
-1.50125
1.28932
0.134308
1.7901
0.131404
-0.906079
-0.248884
0.900556
-0.902296
-0.728712
0.690999
0.368751
-2.87063
0.5586
-0.149177
0.453415
-1.4068
0.643086
-0.686167
-1.89139
-1.22496
-2.18407
-0.325821
0.540205
0.291546
-0.668815
0.186183
1.82859
0.348502
1.24197
0.0155931
0.320732
1.83774
-0.269079
-0.78416
0.0651297
-1.39031
0.0225438
1.30358
-0.812722
0.599523
-0.476785
-1.09023
-0.235108
-2.44643
0.847034
0.734177
-1.3403
-0.464699
-0.291741
1.68599
0.590801
1.4118
-0.705326
0.743292
-0.696997
0.38964
-0.208556
-0.402948
-0.555385
0.0196997
0.0467605
0.703596
1.71202
1.13424
0.672497
0.759425
1.5681
-1.84839
-1.0323
1.25851
-0.473028
0.992561
-1.25331
0.156705
0.668253
-0.0520169
1.33586
-1.21769
0.527858
0.947725
-0.237057
-0.55747
1.33723
0.154073
0.10247
1.47754
-0.332308
0.555406
-1.24818
0.47302
0.0389149
0.211364
1.07931
-0.678309
-0.156951
-0.0947842
1.23154
-2.53942
-1.01231
1.07604
-1.70091
0.111849
0.164731
-0.830399
0.0715057
1.11551
-0.276787
-0.649426
-2.08285
-0.673994
-0.876668
0.688838
0.286837
0.302894
0.850545
0.29389
0.244931
1.27174
0.336618
1.8264
0.314202
-0.00853264
-0.344016
-0.238215
-0.555167
1.13542
1.10063
-0.411794
2.17272
1.2319
-0.912927
-0.0300297
0.903535
-0.872394
-0.916017
-0.645314
0.510164
0.868264
0.209722
-1.23036
1.26029
-0.368933
-1.04909
-0.413137
1.06448
1.7588
-0.775505
-0.242407
-0.0597745
-0.2282
-0.624453
0.883616
-1.62932
0.504296
0.436635
0.895304
0.312766
0.763562
0.699928
-0.806656
1.62271
0.789535
-0.0676253
-1.71654
0.555304
0.33716
0.092894
-0.600484
0.474509
-0.100333
0.94341
0.999422
-0.429237
-0.896133
1.04517
-0.231135
-1.11845
-0.165063
0.851182
-0.142949
-0.913943
0.255248
1.38708
-1.28423
-0.559604
1.10278
-0.290902
-0.454053
0.835992
0.649217
-0.425956
2.04448
-0.012782
1.0469
-0.160905
-0.877257
-1.84273
0.169501
1.06386
-0.78849
-2.02282
-0.777345
-2.04674
0.90234
1.93425
-0.289028
1.83512
-0.307368
1.04686
-0.787906
0.406885
-0.0431812
0.64834
-0.505327
-1.967
-1.46924
-1.34652
-0.234112
0.766328
2.28081
-0.458843
-1.65997
-1.9353
1.03649
0.0263786
-1.40523
-0.769389
1.36371
-0.562915
-0.860617
1.16512
0.291106
0.334214
0.665585
-0.100846
-0.261498
1.02011
0.825548
-0.178962
0.377366
1.03325
0.61874
1.01388
0.224014
-1.13767
-0.248575
-0.676251
1.11022
-1.62958
-2.27924
-1.12641
-0.505937
-0.425511
-0.620169
-0.08653
-0.666955
-0.596214
-1.18238
-0.853728
-0.41832
-0.113211
0.251142
-0.0659286
-0.191074
1.23757
0.0401795
-0.66717
-1.28455
-1.23967
0.357348
-0.137455
0.613181
-0.866591
0.0190492
-1.03802
0.59007
-0.299024
0.220499
1.46208
-0.770456
-0.612843
-0.725093
-0.529602
0.869372
-0.286407
-0.396543
-0.32047
-0.0303228
-0.265542
1.59563
0.626711
2.45562
-1.77743
0.0208744
0.397753
1.43789
-1.28309
0.667803
-0.0232028
0.650131
0.662251
-0.572409
-1.52084
-0.603941
0.384216
-0.142906
2.06221
1.83544
-0.0592182
1.50697
-0.238791
-0.339453
0.179249
-0.674064
0.593754
2.05271
0.316295
-0.128083
1.7175
0.135813
-0.0807093
0.0445354
1.00673
-0.0520214
0.843578
-0.179239
-0.892159
1.61036
0.79185
-0.046774
-0.243349
-2.23432
0.0921996
0.443578
0.995854
-0.384933
-1.19219
1.45999
0.116417
-0.120709
-1.3361
-0.443824
0.233721
-0.479411
0.795617
-1.02245
-1.28895
0.18962
0.130435
1.75831
0.294928
0.774276
-0.352551
-0.388312
2.24149
0.390338
-0.00979781
0.749299
-1.35356
1.11544
1.01376
-1.96786
-0.213047
-1.50988
-0.430326
-0.20317
0.722187
0.485621
-2.1285
-1.33256
0.0123127
-0.305717
0.263343
-1.04759
-0.739981
-2.51483
0.0781821
0.69062
0.583234
-0.162593
2.01155
-0.483538
1.0871
1.13747
-0.352474
1.05302
1.66174
0.097288
-0.444598
1.55256
1.09916
1.58427
0.561188
1.40896
-2.49834
0.831845
0.341289
-0.244669
-1.34386
-0.645419
-1.34649
-0.537705
0.647095
0.118496
1.35858
0.322078
0.812397
-0.823401
-0.907021
0.173412
0.995925
-0.727938
-0.37029
-0.00515062
-0.476307
1.04384
0.858005
-0.694908
1.14385
1.63686
-0.757826
2.31249
-0.581177
-1.09273
-0.487353
0.837735
0.741883
-1.12016
0.0460417
0.180551
0.875177
0.0834875
0.871665
-1.27433
-1.79136
-0.807577
-1.26446
0.778954
0.528359
0.599328
-1.35838
-0.722824
1.84414
1.58956
-2.15418
-0.684108
-1.12533
-0.626966
-0.210186
0.647798
0.177216
0.428073
1.83865
1.32218
0.876754
-0.97503
1.36484
0.686342
-0.195291
0.920237
0.329082
-0.562062
0.102767
0.629246
0.464495
-0.267008
0.142984
-0.900741
-0.632069
-0.6523
-1.32313
0.0689806
0.720775
0.710632
-0.948339
0.655861
-0.444268
1.41648
-0.55638
0.465256
-1.13647
-0.492157
1.49915
2.46448
0.195273
-1.17426
-1.68189
-0.655827
-2.44539
-0.488327
-0.84217
-0.0793968
1.57739
0.0153966
0.0410748
-0.169326
-0.242097
0.789171
1.31895
0.116453
-2.90033
-2.0293
-0.589801
1.71787
-0.657841
1.0327
0.483289
2.75693
-0.818824
-2.40373
0.167288
0.745315
-0.727793
0.397368
-0.582787
-0.288922
0.388639
0.716708
0.0982735
0.182958
0.0872222
-0.886395
-0.910985
0.0185102
1.59071
-1.59639
-0.324771
0.324065
0.00569981
-0.298081
0.356766
0.699813
-0.51066
2.56261
0.654685
-1.10876
1.78795
-0.427573
0.640085
1.55754
-0.186316
-0.693275
1.18992
0.982296
-0.527988
0.981809
0.532553
-0.900918
-0.202897
0.184514
1.14547
0.61312
1.34961
0.849571
1.81479
0.32232
0.30859
0.634053
1.26252
-2.46952
-1.79173
-1.53862
0.974781
-0.761674
1.45512
-0.776906
2.08572
0.065041
-1.9516
0.423514
0.83033
-1.00476
-0.775159
-0.0620173
0.446399
1.49124
0.512296
-0.249025
-0.883371
1.39546
1.696
0.0445776
-0.164394
0.680238
-0.327834
-0.380691
-2.33969
-0.120414
1.06454
-0.870853
-0.0112097
0.135661
-0.106671
1.54479
2.27519
0.108768
0.824654
1.2982
2.07294
-0.150826
-0.736448
-1.30546
-0.0631033
0.419134
-1.22383
0.991927
0.567555
-0.984896
-0.224395
-2.28567
1.26755
-1.89071
0.251769
-1.48751
-1.68971
-0.241307
0.369513
-0.393791
1.15858
-1.33619
-0.241406
-0.526491
1.42438
-1.48959
0.540555
-1.29614
-0.61977
-1.03549
1.61015
-1.30797
1.20809
-1.89693
-0.0920763
-0.142102
-1.76959
0.359298
-2.39204
-0.547738
1.49112
1.87932
-1.80554
2.37799
0.191748
-1.81547
1.49546
-2.06743
2.1592
-0.700641
1.75376
-1.51906
0.497147
1.01167
1.05298
1.02366
1.02033
1.14719
0.854784
2.29711
1.17599
0.0791985
0.172423
0.116863
-0.785406
1.43993
0.675077
-0.431622
0.132683
1.36583
-0.0365756
-0.269966
-0.19302
0.159449
0.114273
0.00165099
-0.113019
-1.39085
-0.0650791
2.40795
0.383218
-0.514645
-0.910093
-0.202198
-0.967749
-0.937621
-0.970591
0.565098
-0.692174
-0.0764579
0.661283
-1.11427
-1.17638
0.257135
0.539407
1.18004
0.680222
-0.869565
0.539993
-2.13296
1.10846
0.382472
0.0514492
0.329271
0.572157
-0.651642
-1.90599
0.890033
-1.24505
-1.34206
-1.35279
-0.226869
-1.39252
0.497827
-0.247248
-0.671776
-0.420956
0.718045
0.256343
2.05859
0.409493
-1.66867
0.834346
1.02579
1.16226
-0.68158
-0.133207
-0.453375
0.0660073
0.247993
-0.0641446
-0.759251
0.872857
-0.519444
0.0252437
1.15987
0.304307
1.35559
-0.911969
-0.860957
-1.4855
0.454491
0.510945
1.24024
0.267604
2.72129
-0.525897
0.831895
-0.1179
0.626546
-0.111778
1.5812
-1.06765
1.26872
-1.02149
-2.40703
0.255829
0.166607
0.996158
-0.353572
-1.03977
-1.20872
-0.7462
-1.64931
0.141159
-0.486324
-0.0232924
0.226624
0.340717
1.17534
0.637573
-3.17423
-0.18402
1.46128
0.259874
0.320384
1.91061
-0.158807
-0.152797
-0.317669
1.22733
-0.668175
-1.23942
0.0536082
-0.799079
-0.221257
0.0678257
-0.679848
1.12967
0.125656
0.850837
-1.1173
-0.186407
1.85708
-0.58049
-1.325
-1.04468
0.220133
-1.46561
0.00249106
1.53725
-1.46266
-0.0407777
-0.121041
-0.0869715
-0.0480953
-0.761504
0.124373
-0.559698
-0.130708
0.455335
0.276825
0.518924
0.228303
0.631648
-1.49157
0.404615
-0.356474
-0.0651717
0.115856
0.244062
0.924268
-2.13768
0.504519
2.45652
-0.50557
-0.263241
0.641962
-1.33945
-2.04619
-1.00947
-0.649118
-0.243596
0.157439
1.33345
-0.39424
-2.04711
-0.11248
-1.52524
-1.10491
0.595581
1.51378
-0.262706
-1.31395
-0.738564
0.767203
-0.547653
0.154249
0.104581
1.79469
1.62905
2.15062
-1.26462
-0.630876
1.73386
0.6415
-1.43562
-0.658857
-1.27081
-1.48372
-1.64296
-0.54886
-1.28142
0.0480629
-0.739833
-0.763056
0.00939775
-0.185813
-0.519238
0.790787
0.937883
0.260822
-0.210772
-1.8911
-0.451326
-1.50247
0.11366
-0.566812
-0.709086
-0.276779
-1.57106
0.279429
0.600046
-0.120785
-0.392836
-0.138779
-1.23476
0.286558
-0.791292
-0.0403451
0.77286
-1.23742
-0.317464
-1.90748
-1.1657
0.655683
1.75282
0.621386
-0.959875
1.01369
0.183073
-1.10536
-0.395037
-0.949541
0.332617
1.37342
0.266705
-1.62952
0.420573
-0.157976
0.103478
0.873453
-0.0882215
-0.0606635
0.105482
1.16656
0.489507
-2.2291
0.00186759
-0.348459
-0.786163
-0.229199
-1.61424
0.0499109
-0.0676034
-0.288974
-0.534662
-0.717234
-0.342566
0.945318
1.16481
-1.47547
-0.837773
0.0715625
0.572728
2.12944
-1.05246
0.530007
-1.05073
1.94731
-0.426223
1.49281
1.87603
0.51615
0.914068
-0.324941
-1.4019
0.149646
-0.47809
-2.04213
0.0604668
0.730742
1.21985
-0.540358
0.353157
-1.86939
-0.88855
-0.380212
1.47842
-2.28173
0.0161284
0.872734
-0.934847
0.958588
0.632918
-1.10146
0.0280128
0.530144
-2.10863
-0.219006
-0.360086
-1.24405
-1.0799
-0.365538
1.06111
0.938508
-1.625
0.176539
-0.619539
2.05076
-0.667427
-1.03079
-0.138925
1.26825
-0.392726
1.44856
0.496943
-1.08127
0.9013
-0.400823
1.36616
0.521768
0.430499
-0.62737
1.46727
-0.309032
0.637843
0.678217
0.273274
-0.061724
-1.41672
-0.710813
0.685084
0.0011999
-0.172218
0.0469981
-0.295685
-0.0669618
1.48058
0.436638
-0.304684
-0.161614
-0.836992
0.766326
-0.716686
0.752152
-1.08215
0.583765
0.686395
1.14623
1.65807
-1.15499
0.600028
0.437576
1.30996
0.00946981
0.0899141
-0.215648
0.218265
-0.0347747
1.05607
-0.46781
-0.0453089
0.0114688
-0.853791
-0.595903
2.25104
0.0328183
0.98901
0.11442
1.17943
1.33353
1.10611
-0.98486
0.754118
-0.807486
0.0550755
-0.906041
-0.757403
-1.28838
0.162252
1.02297
-0.884006
0.784319
-0.209773
1.25868
-1.01611
-1.24685
-0.211926
0.211017
0.244617
-0.0993328
0.25776
-0.0232193
-1.11137
0.645822
1.43924
-0.000877082
-1.02614
-1.23829
-1.13862
-0.348224
0.955456
0.669937
-0.647536
-0.511454
0.726123
-1.13337
-0.834084
-0.23551
-0.999741
-0.494275
0.26159
1.45496
-1.74622
0.797684
1.79563
1.93217
0.0207609
0.758279
2.14361
-1.07194
1.24494
-0.907561
1.11796
-0.396866
0.766023
-1.46521
0.808337
1.33109
0.0753569
1.54122
-0.648402
0.332338
-1.59556
0.394646
1.2974
0.902905
0.258557
-1.16509
0.829539
0.330232
-0.496224
-0.607647
0.488562
0.536509
1.33733
-0.575453
-0.732857
0.937184
0.79735
-0.257062
0.8612
1.23575
-0.15868
0.239779
-1.96782
2.151
-0.5658
-0.864869
-1.07414
-0.81685
-1.32647
-0.446916
-1.15125
1.47913
-0.202729
-0.0947312
-1.21349
-1.03741
-0.371844
-0.139886
-0.0489217
-2.215
0.0201838
-1.13769
-1.75566
0.453315
1.11468
1.04294
-0.262294
-0.698532
1.06049
-1.73131
-1.54194
0.451719
0.350834
1.18879
1.84909
0.434619
-0.234333
2.14074
0.648915
-0.926645
-1.54182
0.149926
-1.05394
1.38391
-0.652458
0.345233
0.489581
-0.831907
-0.820576
0.00674742
0.408863
-0.0324025
-1.01158
-0.168846
0.426922
0.0606847
0.187958
-0.542969
0.307772
-1.30533
0.539198
-0.755725
-0.229352
-1.21097
-0.571843
0.00946683
0.851176
1.21502
-0.862908
-0.879472
-1.46315
-0.0300475
0.862941
-0.240012
0.692834
-0.00844502
-1.28462
0.680116
-1.40675
1.11463
-1.72274
-0.572042
-0.05805
0.985885
0.0500948
0.0898568
-0.769765
0.300779
-1.06086
0.0112202
-0.655029
1.00139
-0.352901
-0.345589
-0.0807051
0.320773
0.260167
-1.40579
-1.12324
0.24573
0.655086
1.55731
0.0163182
0.0204816
-0.0441315
-0.240659
0.696927
-0.527387
-0.748356
-0.180196
1.45418
-0.329461
1.40494
1.42269
0.668437
-1.05639
-0.248915
-0.806514
1.00528
0.110684
1.7837
1.18466
0.502667
-0.667737
0.608012
2.09271
-0.829858
0.817906
-0.842599
-0.199517
-0.241748
-0.97867
-0.4131
0.688687
-1.33444
0.67144
-0.347867
-1.37424
1.68948
0.879069
-0.309896
-0.00524461
1.00968
-0.583506
0.0322907
-0.917133
1.37524
0.620072
0.234861
0.0852134
1.24027
0.709452
-0.70826
0.145306
-0.569099
0.594763
-0.350742
0.294902
-1.1158
1.32404
-0.0295607
0.349831
0.403349
-1.0852
1.39072
0.639199
-0.367454
0.271053
0.834617
1.3783
-0.41527
0.295032
-0.736976
0.309346
-0.363646
-0.631729
-1.47646
0.387495
-0.191207
1.10676
0.329697
1.88771
-1.53789
-0.355408
-1.1979
-0.277048
-0.290737
0.160383
0.807258
0.0713935
-0.507066
-0.291042
1.00254
-0.0616407
0.123762
-0.763138
0.526674
0.551947
-0.208888
0.349233
-0.503956
-0.316545
-1.98601
0.0122222
-0.607462
0.786265
-0.154492
-2.46637
2.13301
-1.0781
0.828677
-0.689598
-2.69727
-0.42561
0.106285
-0.692122
0.115864
-0.896318
-0.563859
-1.81714
2.32508
0.21445
0.599769
-1.22266
-0.621174
-0.940755
-1.76205
-1.08388
0.26329
-0.670056
2.26574
0.186075
1.71161
-0.196612
0.876328
1.02808
-0.337029
-0.927593
1.41754
-2.22699
0.184257
0.374051
0.0810354
-1.39529
1.81752
-0.219815
-0.32597
0.736117
-0.366357
-0.309613
0.831605
-0.214019
-0.299664
0.151099
0.842291
-0.709545
0.968765
0.828644
-1.26027
1.14262
-0.101777
-0.366742
-0.812731
-0.721656
0.0484626
0.914946
-0.225092
0.0290342
1.4885
-0.345233
0.405256
0.483453
0.200809
-2.58063
-0.302913
1.07462
-1.01622
0.591771
-0.207101
-0.618008
-0.451207
-0.359608
-0.618655
-0.57713
0.711546
1.08987
-0.720348
-0.474948
-0.407841
0.396003
0.92344
0.66545
-1.87252
-0.798591
1.98646
1.26087
0.124542
1.47719
-1.90111
-1.47629
0.16353
-0.229874
0.315763
0.187029
1.08916
-0.342853
0.194764
-0.691143
-0.0488078
-0.172284
1.03582
0.206116
-0.834601
-0.647567
1.97131
2.36885
0.583891
0.311184
0.978789
-1.07829
0.361861
1.81201
-1.35075
-0.438358
-1.30786
0.508532
1.24584
1.26309
-1.71097
0.30496
0.748798
-0.80894
0.0835235
1.34919
-0.755395
-0.205104
0.376199
-1.06756
0.757232
-0.763559
1.10801
-0.776199
-0.120962
0.568651
0.536355
-0.707245
0.599078
1.37276
-2.34827
0.418224
0.66582
-0.699141
0.638232
0.835911
1.98
-0.92127
-1.6959
1.32617
-0.318843
0.699146
-0.114685
-0.146996
-0.514006
-0.0600547
0.55827
-1.8119
-1.08595
0.0371518
0.127657
0.286075
1.30266
-0.400344
-0.953198
1.2224
-0.593992
1.75721
-0.337095
-2.42882
0.490544
0.242815
0.385719
1.58898
0.881973
-1.00173
1.37969
1.16545
-0.138796
1.2719
-0.0353696
2.4306
-1.34329
1.53801
0.728417
-0.765601
0.866334
-0.105012
-1.11574
1.05268
-0.0938423
-0.25982
-0.26344
-0.110539
0.709237
0.546088
0.814498
-1.37877
-0.741376
-1.2711
-0.389109
-0.599912
0.242439
-0.671857
-0.854524
1.13509
-0.118205
0.086661
0.319153
-1.02194
1.87048
1.06254
0.276794
-0.0896075
-2.23171
-0.212338
-0.328729
1.18124
1.083
1.00948
-0.296973
0.323634
0.051322
-0.732674
0.977035
1.9569
-0.331839
-0.759101
0.505691
1.67368
-0.439223
0.322087
-0.50331
0.451168
1.06005
-1.23268
0.448594
-0.301565
-1.10642
1.31221
-1.14931
-1.49397
1.38882
0.210501
1.50206
-0.556319
0.00843871
1.01479
-1.97535
-2.82586
0.336637
-0.579015
-0.541984
1.5704
-0.0333583
-0.771157
-1.49525
0.307865
0.787841
-0.816056
-0.00609225
-0.628847
-1.08764
-0.325661
-0.561285
-0.0792837
1.58246
-0.502628
0.277438
0.205872
0.130509
0.942055
0.683403
-0.141696
-0.476993
0.596597
0.0574329
-0.232802
-0.208442
0.183061
-1.06475
-0.313537
1.45472
0.332995
0.83069
-0.190767
0.195713
-1.03681
-0.0829657
1.52881
0.24535
0.531186
-0.343614
0.353212
0.606116
-0.408748
0.6568
0.754118
1.72919
1.83303
-0.827053
-0.574136
-0.315548
1.32023
-0.754259
0.146094
-1.7715
0.0188042
0.927741
0.803335
0.148835
-1.10259
-0.21647
1.32805
1.06869
-1.49973
-0.334731
1.90562
-0.768878
0.379937
-0.813138
-1.5661
-1.78525
-1.24098
-1.00336
0.343686
-1.83465
-0.859096
0.61842
-0.262905
0.722186
-1.00181
-0.26388
0.715709
0.176732
-0.223622
-0.238563
0.311706
0.657659
0.827409
-1.35499
-2.17514
-0.128418
0.380996
-1.84167
-0.505272
0.0527491
-0.100088
0.324122
-0.242508
-1.73396
0.787844
0.74709
0.123564
0.379046
0.719138
-0.655892
0.558279
-0.279704
-0.0436709
-0.418261
-0.949888
-0.573681
-2.05844
1.86201
-0.757764
1.26959
-1.79946
0.955663
-0.508357
0.104934
0.825293
-0.667463
-0.00630158
0.173272
-0.928553
0.811861
-2.61566
-0.13788
0.679592
-0.138935
0.796512
-0.762392
1.49646
0.322307
0.374
-0.636488
-1.02269
1.98073
0.393388
-0.385042
-0.148379
-0.737345
0.297846
0.797192
-0.123168
-0.525021
0.260826
-0.880872
-0.115665
1.19966
-0.156404
1.39853
0.119905
0.256482
-1.7541
0.827204
-1.08588
1.54144
-2.00224
-0.246597
-2.12769
1.04565
0.0368327
0.0480793
0.371055
0.487326
-0.788033
-0.14226
0.534774
1.13636
0.450749
-0.282783
0.0346948
0.889167
0.573307
1.58455
-0.699117
-1.17239
-0.313854
-0.898405
1.18827
0.686757
0.026487
-0.245249
-0.499762
0.118252
0.363902
0.38287
0.557242
-0.116608
1.05706
-1.09252
-1.28465
-0.0718664
-0.139493
0.510051
-2.21403
1.27358
0.16595
-1.17223
0.231763
-1.51549
-1.32864
-0.720546
-1.09032
-0.25778
0.557695
-0.738038
0.0512861
0.791837
0.94411
-0.48339
-1.12953
-1.02246
1.16481
1.61527
2.20881
-0.180795
0.177067
0.401579
-0.108575
0.885256
1.20066
-1.0883
0.258715
0.129988
-0.60203
0.855368
1.58764
0.602513
1.08406
1.44967
-0.765793
0.49034
-0.105134
0.4119
-1.15865
-0.490586
-1.20664
0.073332
0.365702
-0.974162
1.42279
-2.22054
-0.571868
0.53391
1.50925
1.63131
-0.480604
-0.494895
0.0736667
-1.45517
-0.392632
-1.2494
-0.498348
0.250005
-0.0788472
-1.75923
-1.06052
-0.473808
0.817858
0.516961
-0.896855
0.102018
-0.706386
-0.709479
-1.52816
-0.451254
0.111979
-1.91148
1.23365
-0.647689
-2.01883
0.53957
0.768929
0.666103
-1.69928
-0.622599
0.213074
0.633799
1.61661
0.279976
0.108218
1.84404
-0.132876
1.16788
0.478916
0.203656
0.0037446
-0.747789
-0.655706
0.166154
0.645839
-0.451027
0.237605
-1.62869
1.05668
-0.563191
0.13063
1.06778
-1.06011
0.0757278
-0.931824
-0.0736962
0.488868
0.514982
-0.0700005
0.0209064
0.724104
-0.862609
-0.327877
0.362377
0.771904
1.34564
0.133476
-1.31366
-1.19434
0.963637
2.01482
0.679728
1.25816
0.0453545
1.5284
0.503666
-0.244913
-0.206838
-0.474935
2.04227
-1.49331
-0.220329
-0.210188
0.339709
-0.113035
1.13682
-1.62428
-2.70486
-1.58295
-0.75684
1.00181
0.183067
-1.46428
-0.212941
1.57133
-0.430147
1.31935
1.79734
0.26673
1.80394
0.202654
0.199251
-0.779227
-1.11668
0.0247046
-1.47236
0.0559717
0.941816
-0.641461
-0.128367
-1.70535
-1.66823
1.87562
1.59171
0.730604
-0.575017
-0.160301
-1.85587
-2.04425
-0.612339
3.1234
-0.827424
0.669244
1.78692
1.10445
0.46493
0.428989
0.16037
-0.464719
-1.6207
-0.840842
-0.624157
0.00542933
0.260176
-0.248745
-0.361551
1.81397
0.753007
0.57097
-0.574553
-0.422279
-0.302916
-0.761322
-1.38578
-0.321468
0.445152
-0.218494
0.927473
-0.514871
0.37272
0.494758
-1.02245
-0.818199
0.448451
1.56084
-1.2128
0.683092
-0.130357
-0.214349
-1.17619
0.194933
-0.907361
1.49449
-0.350811
0.0382137
-0.0397724
0.216028
1.2323
0.289214
1.07974
-1.68487
1.76801
-0.347567
-0.755194
-1.7877
-1.75296
-0.832026
1.30371
1.31193
-0.704347
-0.994101
1.53094
-0.0305756
-0.552473
-0.51369
-0.247298
0.730686
-2.07641
0.564709
-0.216425
-0.313032
-0.560003
-0.664846
-0.651718
0.401091
1.29252
0.15534
1.09732
1.65565
0.0397397
-0.136368
-0.631217
-1.02966
0.100673
-1.23035
-2.92694
0.475166
0.433984
-0.299767
0.665563
-0.522444
0.792394
0.850105
1.9077
1.19817
1.15484
2.58582
-0.074748
0.70758
1.10896
1.63401
1.2289
1.21164
-1.28895
-0.461976
0.284961
-0.315803
0.513611
0.877756
0.0335156
0.435557
-0.577699
-0.439539
-1.94404
-0.673865
-1.00035
-0.191308
1.44003
0.0598825
-0.8155
-1.48493
-1.08914
0.816223
-0.179894
-0.239455
-0.114392
-1.18562
-1.26976
0.477843
-1.05481
0.35081
1.83737
0.775403
-0.733867
-0.798244
0.710248
-0.629056
0.635431
0.426719
-0.501829
0.63843
0.326166
0.478132
-0.657989
-0.422508
1.72274
-0.17821
1.03553
-1.41358
-1.02328
0.369193
-0.366559
0.0548995
-0.558264
-1.21094
-1.2122
-0.683896
-0.932283
0.073271
1.38517
0.128842
2.97939
0.0745283
0.155514
0.995026
0.606027
0.476044
0.276475
-1.63446
0.535018
-0.469702
0.901767
0.342179
-0.843027
-0.189252
-0.938563
0.99275
0.81152
-0.115637
1.27816
0.413444
0.498537
1.06594
-1.0756
-0.611426
-0.491417
-2.47193
-0.316226
0.864625
0.834274
1.12765
0.0568597
-0.0181386
-0.652547
2.03193
0.308209
0.114837
-0.260561
1.84931
-0.0261535
-0.262989
-0.706117
-1.54205
-1.89104
-0.404538
1.23642
-0.102846
1.13952
-0.309454
-0.129474
-0.203652
-0.23889
0.807296
0.199203
-0.213933
1.9358
0.243737
-1.55556
-1.3876
-0.318873
-0.530566
-0.305552
0.0121685
-1.64003
1.47251
0.491412
-0.221482
-0.380219
-1.50029
-0.0177107
0.206285
1.02792
0.0503588
-0.386147
-1.26122
-0.481832
0.536485
1.57795
0.533009
-0.924711
-0.246739
-0.0264071
0.660214
-3.02978
0.327021
1.57516
-1.64667
-0.763644
0.0958538
0.263542
0.909591
0.835344
-1.40135
0.815161
0.0505695
-1.43484
0.286206
1.59486
-0.387154
1.41384
0.438754
-1.79202
-1.01942
0.154771
0.0544265
-0.847636
0.424435
-0.952029
2.4153
0.143387
-0.0489802
0.0326616
0.705335
0.340504
2.64804
0.09524
1.2019
0.725975
-0.748543
1.4677
-1.48743
1.74393
0.428233
0.905239
-0.658301
0.968081
0.481961
0.253621
1.2539
0.831455
-0.246602
-0.985986
0.132876
-0.00572276
0.313176
-0.434126
-0.157743
0.87847
2.19491
-0.973094
0.536339
-0.382534
0.253761
-1.26838
0.0474856
0.0940221
1.37727
0.326892
-0.990323
0.51122
2.22972
0.0989724
-0.0573058
-0.662984
-1.72161
0.511559
0.0576802
1.79658
-0.882742
-0.996754
1.22262
0.159625
-0.49342
-0.504084
1.43721
2.19029
0.601416
1.13086
1.03608
0.531919
-1.06187
-1.08153
0.811394
-0.679233
0.334082
-0.213326
-1.32488
0.333848
0.213361
-0.018465
-0.399904
-0.37405
-1.46278
-0.289747
2.16147
1.15859
0.906632
0.123022
0.460321
0.563257
0.517805
0.601459
0.879365
-0.468035
0.358199
0.928723
0.460169
0.524256
-1.11642
0.727309
-0.719921
0.263804
-1.13414
-0.0273709
0.226991
-0.927691
-0.0621417
-0.882347
0.318744
-0.678237
0.655399
1.157
0.453083
1.15125
0.186241
0.249693
-0.0771458
0.588462
-0.0972081
-0.489664
-1.5256
1.54831
0.111574
2.71114
0.239368
-0.715908
0.379645
-0.169326
-0.6582
1.50106
-0.638607
0.236023
-0.441588
1.42849
0.639249
-1.33704
-0.695951
-0.334566
1.13394
0.733782
0.400737
-0.0327526
-0.516609
-1.04352
-0.225512
0.20444
-1.6719
0.447262
0.812101
-0.903126
-0.214228
0.0609539
1.76851
-3.41228
-0.540623
-1.45572
-0.0397432
-0.346739
-0.0893745
0.684747
-0.778248
1.18356
1.96113
1.55273
-0.0461056
-1.53547
-1.32593
-0.564331
-1.12073
1.89713
0.688694
-0.175829
0.101244
-2.10232
0.387968
0.908436
-0.453547
1.70099
-1.31487
0.703521
-0.22163
-0.584047
-0.71932
-0.72723
0.931014
0.545484
1.14322
0.612672
0.0439168
-1.15358
0.0785082
-1.17054
1.56177
0.435474
0.344138
-1.62103
0.235842
-0.186105
-0.33806
-1.09384
1.42392
-0.919741
1.44692
-1.64144
0.203205
0.611867
-0.27029
-1.15366
-0.175426
0.6088
0.139037
-1.16024
-1.61461
-1.50918
-0.281947
-0.11755
-0.956679
-0.886405
-0.183843
-0.591078
-1.98463
-1.85866
0.529226
-0.644736
-0.601613
-0.146902
0.754737
0.833219
0.289164
-0.49738
1.34826
0.0876767
1.88927
1.35755
-0.696016
0.67865
2.33865
0.151615
-0.439887
0.172923
0.0550004
-0.879286
1.15782
0.955064
1.39209
-0.821907
-0.473958
-0.942968
-0.648914
-0.638695
0.702274
-1.05007
0.0732504
-0.229251
1.03425
1.73503
0.132797
0.0265429
-0.787782
0.237392
2.49211
1.32705
1.27397
0.00587803
-1.14198
-0.160424
1.0737
-0.0862823
0.937805
-0.57916
0.4263
0.230988
-0.112194
-0.572574
-0.324135
0.35383
0.673106
-0.657392
0.192704
-1.17305
-0.506152
-0.5828
-0.27073
0.0202997
-0.850698
-0.468
0.335864
-0.427634
-0.814667
-2.93425
-0.153904
0.556064
0.398743
0.221096
-0.662767
2.88226
1.45733
-0.810523
1.86414
-1.10943
-0.600434
-1.14776
2.76273
-1.82768
1.24404
-0.810848
0.181372
0.873041
0.550125
-0.938922
-1.75843
0.0531633
-0.744984
-0.675513
0.663633
-0.100143
0.289264
-1.00944
1.21359
0.75773
-1.02797
-2.18576
0.463137
-1.28024
-0.675522
-0.419256
-0.691546
1.05252
-1.1104
0.0917669
2.33563
0.358616
-0.824039
-1.51382
0.865722
-1.5674
1.0883
-0.685408
-0.605045
-0.150669
-0.838371
1.91442
-0.498359
0.471987
0.502774
-0.326707
-0.843492
-0.148996
0.05043
1.227
1.17293
-1.2506
-0.142636
-1.14826
1.45848
0.561902
-0.278419
-1.5741
1.5977
-0.0934367
0.339031
-0.891947
-0.100387
-0.949703
-1.50912
1.25003
0.376633
0.275182
1.16478
-1.60565
-0.548466
-0.531856
0.755595
-1.64049
-0.193343
-0.397427
-2.25097
0.535189
-0.97679
0.712754
1.16311
0.00786638
-1.50836
-1.14592
-0.701745
0.393516
0.774499
1.90145
1.70829
-0.00597185
-0.827413
1.75439
0.456713
-0.9551
0.0862234
0.942488
0.00714844
-0.0693134
1.29786
-0.483974
-0.567437
0.378281
0.509945
-0.849202
-1.62552
-0.00895691
0.373873
0.281152
0.497099
1.21925
-1.21917
-0.827515
0.54802
-0.827199
1.90894
-1.96653
0.405108
-1.3578
0.471805
0.168377
0.805871
-0.747582
1.37084
-0.711272
1.12714
0.661806
0.390913
2.61711
0.157137
0.684812
1.24745
1.36044
-1.0216
0.388889
1.17437
-0.825366
2.45303
0.439079
-0.0245792
1.47372
-0.19741
0.138606
-1.22068
0.876397
-1.17207
0.376734
1.08969
-0.206804
0.739013
-0.259236
1.87764
1.26921
0.879782
0.423007
0.0888112
-0.358162
-0.654919
-1.05462
-0.989436
0.463973
0.759563
-1.52228
0.324439
0.997564
0.646359
0.739224
0.560616
1.53851
-0.224758
0.743564
0.629334
-0.728433
0.664396
0.219902
-0.0593288
1.26491
-1.36411
-0.727214
3.1522
-0.489757
-0.0401493
0.451522
-0.997654
0.163759
-1.30798
-0.505862
-0.623013
-0.125365
-1.3209
0.457318
-1.12773
-0.62906
-0.317978
0.157099
0.210923
-0.208923
2.02261
-0.821108
-0.806255
-1.11064
0.893953
1.82897
-0.711152
-0.427448
0.0323499
0.628922
1.58166
-0.307399
-0.238174
1.70123
-0.0463705
-0.548846
1.71151
-0.507206
-0.549215
1.41865
-1.36552
-0.575197
-0.57342
-1.33101
1.26898
-1.78154
0.839505
0.358173
0.754567
-1.66773
2.13824
0.876467
0.0295002
-1.07974
0.700837
0.582366
-0.608396
2.93539
-0.916457
1.57742
-0.64809
-1.2831
0.137751
-0.0535865
-0.377103
0.554236
0.661308
0.186411
-1.49507
-0.088261
-0.546666
0.244169
1.29258
-0.290726
1.94982
1.93165
2.06366
-0.0700345
0.516123
2.45286
0.592154
0.36051
-0.0922202
0.790144
-0.728933
-0.0262331
0.629364
-1.0797
0.58598
0.220545
-1.20613
-0.104938
-1.156
0.605206
1.91228
0.127704
-1.5621
1.41988
0.266803
0.0908239
-0.215511
-0.147501
-0.231041
-0.508313
0.991271
0.243625
1.05439
0.737237
-0.0249724
-0.0507469
-0.155721
-0.0607857
0.436669
1.31001
0.284225
-0.380342
1.33608
-1.54298
2.55153
1.38958
-1.43196
0.95326
-0.321379
0.788395
0.509537
-0.65382
1.56956
-0.435967
-0.165017
-0.635843
-0.574132
0.825414
-1.28079
1.05765
1.117
-2.87358
0.685185
-0.342522
0.736498
-0.190254
-0.646589
2.30508
0.733922
-0.704256
0.872297
0.47399
0.592402
-0.0101206
0.62821
-0.580585
-0.362616
-1.32216
-2.18486
0.229595
-0.507293
1.84479
-1.48362
0.290272
-0.490158
1.53414
0.14361
0.95576
-0.419474
1.81159
0.915443
1.42612
-0.350576
-0.879743
0.484816
-0.334838
0.280285
-0.694295
-0.428151
0.21274
-1.63901
1.48796
-0.288645
-2.41662
-0.646495
-0.321613
-1.26208
0.484236
-2.08771
0.266249
1.81121
-0.679794
1.15954
-1.07412
-0.289412
-0.844464
-1.21033
0.551798
0.5338
0.940461
0.659644
-0.0471475
-0.084922
-0.951689
0.0224245
-0.373616
-0.109852
-1.93733
-1.33825
2.17122
-0.516694
-0.417621
0.375714
-0.523044
0.718665
0.727726
-0.615509
1.16535
-2.03735
0.928551
0.471307
0.738806
0.744518
-0.520415
0.422926
-0.538356
-1.05799
0.702729
0.517162
0.594192
-0.794887
0.0666113
0.745418
-1.2365
-0.413011
0.223769
-0.318421
0.0162812
0.286046
0.0499439
-0.161605
-0.399667
-1.24594
-0.109508
1.70166
1.26539
-0.485123
-0.20488
0.793406
-0.88192
-0.139745
-0.730353
1.5848
-1.17409
0.561265
-0.387917
-0.404645
-0.0476761
-0.507138
-1.7601
0.185512
0.452711
-0.000864327
0.120478
-0.0524784
-1.92909
0.693111
1.71235
1.4572
0.269407
-1.92876
-0.575101
0.136345
0.531919
0.227442
-0.500356
0.804224
-0.814334
-1.74454
-0.592899
-0.70113
-0.0518401
0.368457
-0.712142
-0.507376
-0.485788
1.3387
0.355537
-0.604567
0.151567
-0.383674
-1.10364
-0.1493
0.0455554
-0.831277
1.07385
-0.0938252
0.839142
-0.775917
-0.231753
0.755735
-0.480719
2.65485
-0.508158
0.249148
0.626967
0.880132
-0.294506
-0.584485
-1.36722
0.982638
0.434168
0.469423
0.667166
0.00593454
0.617125
0.294784
1.69224
1.2083
1.26501
0.0895735
-1.04941
-2.10215
0.931806
0.559591
-1.32916
0.506013
0.439225
1.31822
2.30575
-1.51516
0.73544
-0.446974
-0.209656
0.273001
1.1166
1.31176
-1.18219
-0.929828
0.311757
-0.162157
-0.255383
-0.562097
-0.867659
-0.219364
-1.70071
0.808944
-0.355128
1.41894
2.11632
1.91678
-0.055738
0.795466
0.72948
-0.741483
-1.78852
-0.204521
0.950444
1.25624
0.308836
-0.657251
0.641224
-0.679164
-0.39334
-1.04092
-1.05179
1.10513
3.13382
-0.820893
0.621658
-0.598462
-1.59533
0.550843
-1.94983
-1.48181
-0.0584418
-1.13881
0.394424
0.591115
0.930358
0.934174
1.69896
1.27002
-0.627902
0.565373
0.433353
-1.79541
0.502244
-1.20445
1.04349
1.2775
-0.652929
0.574231
1.99555
-1.21904
0.375355
-0.915602
0.364636
0.108672
0.612008
-1.13089
-2.90766
1.56471
-1.18829
0.348556
-0.343031
-0.12561
-1.05675
-0.791395
0.451021
0.552376
-0.034175
-1.06021
1.56768
1.5637
-0.856093
-0.984702
-0.122252
1.31248
0.443077
0.963094
-1.48984
-0.552004
-0.165281
-0.438714
-0.506579
-0.477063
-1.60955
0.856986
-0.61317
-0.630556
0.867636
-0.601371
-0.71833
0.382516
0.139661
0.394672
0.148161
-0.434092
0.275818
0.355635
1.82845
0.297296
0.235115
-0.903709
0.259842
-1.55461
1.77075
0.435448
-0.806473
0.084093
-0.573634
1.30904
-0.71075
0.917899
1.66462
0.13497
-0.345592
-0.0431998
0.478427
0.114038
0.174182
0.844092
-0.3994
0.334896
1.3041
0.485515
0.279485
-0.603851
-2.00107
-0.0384967
0.411039
-0.685828
0.51478
-2.25492
-0.331741
-0.0203916
-0.48282
2.08518
0.217485
-0.000772595
0.115331
-0.779904
-1.57211
-0.558354
0.319136
-1.27329
-0.0764935
0.0881186
1.33032
-0.744453
-0.694694
0.513061
0.216351
-0.363719
0.666276
-0.141829
0.185473
0.0226305
1.68232
-2.87163
-0.839085
-0.548143
0.560933
-1.12693
1.46969
0.173505
0.763666
-0.261323
0.793181
-0.726846
0.309585
0.615229
-1.70114
-1.29595
-0.715161
-1.71352
-0.167218
-0.00543392
-0.33008
-0.734162
-0.476535
0.216014
1.36379
0.359325
-1.55186
-0.353636
0.412922
0.14291
0.816404
0.156173
0.771593
-0.148839
-0.942643
-0.398092
0.639567
-1.80543
0.286039
-0.730234
-0.080642
0.581812
-0.0914893
-0.225733
3.07548
0.657104
1.18744
-0.917653
-2.56103
0.58356
-2.06447
1.16355
0.336698
-2.07057
-0.546959
-0.362401
-1.78283
-0.501646
0.651471
-0.28824
-0.679987
1.642
-1.90175
1.87488
-0.442097
1.76267
0.253504
-0.735202
0.331358
-0.141682
-0.0837874
0.191702
-0.135937
-1.12246
0.67922
1.08619
0.350209
-0.559019
1.55213
-0.573759
-0.728115
-0.776764
0.77961
0.510726
0.00463998
0.216849
0.705962
0.614585
-1.14672
0.981528
-1.15251
1.13034
0.852841
0.117809
-0.018373
0.582989
-1.2777
1.18921
-0.780846
0.424651
-0.625952
0.631326
0.937984
-1.87566
0.0493566
-2.04748
0.0323899
0.259787
1.31213
-0.608056
1.08532
-0.0569023
-0.330255
-0.998242
2.47558
0.65539
-1.04
-0.582672
-0.189356
0.521581
-0.0150223
0.539524
0.425602
0.0505063
0.525275
-0.811773
-0.990086
-0.62196
1.24979
-0.750106
-0.0559289
-0.352419
0.983249
0.354757
-0.919064
0.433621
-0.67546
-0.404812
0.530479
-0.0552607
-0.461232
1.48831
0.0530686
-0.117832
-1.6331
-1.39551
-0.550425
-0.680326
0.924245
-0.00903308
-1.75504
-0.126788
-0.672342
1.53574
1.62554
-0.709825
0.691744
-1.28037
-1.29398
-0.368042
0.32356
0.347718
-1.60274
-1.18556
1.16711
0.367923
-1.58982
0.0612039
-1.01899
-0.866471
0.443198
-0.113278
-1.03841
1.43748
-0.0849758
0.836565
-1.20615
-1.49526
1.34577
-0.810015
-1.4194
0.241298
0.787665
2.88039
0.192188
1.52552
-0.339492
0.398885
-0.778282
0.194277
0.249982
-0.743375
-0.661119
0.0237131
0.893391
-0.609242
-1.35864
0.01012
-0.0810956
0.706945
0.171562
1.22741
-1.1718
-2.53313
0.607411
0.543118
0.189802
1.03769
0.412696
1.37459
0.096523
1.03406
-0.388639
0.0217541
-1.6463
0.473913
-1.55413
-0.729494
-0.062
0.509759
-1.18617
-0.434324
0.607284
-1.01076
0.19352
2.50361
0.092831
1.0303
1.53036
0.86918
0.482851
0.444176
0.933499
0.372752
1.51038
0.302473
-1.75625
-2.19022
0.586739
0.257841
1.5098
-0.725037
-0.741733
-0.106404
-1.16133
0.500072
1.21619
-0.105015
2.07002
-1.29293
1.26099
0.652741
0.349583
-0.187793
-1.03435
1.6554
-0.980884
-0.366105
-0.274643
-1.3392
-0.143585
-0.908376
-1.21783
0.0507588
-1.28226
0.0882919
-1.99713
-0.340904
0.334062
-0.0296333
0.86278
1.07689
1.6926
0.498145
-1.67007
0.620073
-0.64639
-1.18006
0.501868
-0.28173
-1.21941
-0.883862
0.556351
-0.227899
1.28868
-0.67912
-0.0250548
-0.243857
0.223735
-0.329708
1.48045
-0.789605
-0.680036
1.53503
-0.932286
-0.398367
-0.523855
1.17675
0.633107
-0.35308
0.143706
-0.0408472
-0.0662756
1.62839
-0.140863
0.351857
0.472872
0.894196
0.739511
0.375945
-1.20505
-0.61341
-1.00271
-1.57334
0.400974
-0.372818
-0.668648
1.3975
0.010682
-1.72173
0.282247
0.15453
0.766584
1.22977
0.233406
-0.609336
-0.0537289
-0.92481
-0.441175
0.0215976
-0.887012
0.380699
1.28508
0.0065515
-1.90622
0.212566
-0.428906
1.15169
-2.35262
0.873015
-1.14524
2.2525
1.09732
-1.34591
1.1367
-1.02032
0.392566
0.314639
-0.856233
-0.491557
0.616109
-1.89169
0.627529
-0.374864
0.480282
-1.73986
1.28663
-0.269891
-0.380807
-1.43795
0.320237
-0.211794
0.991029
-0.492626
-0.140894
-1.14989
0.423321
-1.08493
-1.81755
1.58547
1.42866
0.94871
0.397151
1.32158
0.255446
-0.0556468
-0.947071
1.48512
-0.100181
0.182434
0.302167
0.695091
1.63245
-0.135486
0.545871
1.42226
0.616862
-0.298142
1.504
-1.41127
-0.556562
-1.08727
-0.139723
0.910769
1.04996
-0.268857
-0.319357
2.02325
-1.012
0.98722
-0.612941
-1.4114
-0.252532
0.996462
1.03142
-0.0460731
-0.882119
0.121061
-0.00452262
1.99769
-0.373884
-0.499113
0.112216
-0.60879
0.130154
0.27302
0.37407
-1.09487
-0.387841
-1.30344
-2.11021
0.402957
0.34578
0.621603
0.698741
-0.918403
-1.60797
0.12105
-0.100704
0.190435
0.184671
1.55854
-0.149676
0.872673
0.366786
1.39017
-0.699172
-0.0288693
0.151088
-0.191116
-0.0414098
-1.45198
1.58006
1.62759
0.512934
2.4791
-0.586751
-1.16733
0.161481
-0.0180986
-1.90371
0.352428
1.59389
-0.544738
-0.155698
0.575833
-0.235433
0.775699
2.60299
0.107671
1.90529
-0.57269
0.0820781
-0.170719
-0.879354
-0.82925
-0.274705
-1.60415
-1.21936
-1.33566
-1.18649
-1.3302
0.678223
0.205147
1.91726
0.46296
-0.339587
1.29588
0.152116
0.648715
-0.0738646
0.0854856
-1.82765
-0.192252
-1.32387
-0.658621
-0.81533
0.705434
1.61602
-0.808249
0.409261
0.719576
0.63733
-1.08645
-1.32293
0.849507
-2.79403
-0.15048
-0.176676
0.434443
1.42958
-1.19794
2.12953
0.911502
-0.5011
1.62627
-0.305252
-1.54936
0.235918
0.0607559
-1.41136
-0.137417
-0.236046
-2.11639
-1.7485
0.631466
-0.0429555
-0.65072
1.45053
-0.0988243
-0.623152
-0.832139
-0.170846
-1.78184
-0.520244
1.0313
0.776789
-0.381692
0.186525
0.306678
0.551448
-0.909297
-1.3278
0.00664186
-0.449954
-0.410056
-2.0101
-1.02779
0.920306
0.805685
-0.652196
0.532272
0.210635
-0.537868
-0.0257071
-0.253487
1.14032
-0.249232
0.780553
-1.12869
1.49416
-0.487417
1.39992
0.903013
1.09955
0.217634
1.14444
0.93503
1.10476
-0.810444
1.83079
-0.817033
-0.356312
-1.00548
-0.301634
1.31552
1.84061
-0.508378
-1.56768
0.652041
-0.347997
-1.1297
-0.868366
-1.17528
-0.591656
-0.227537
-0.218237
-0.413776
-1.6149
0.182174
0.46404
1.45811
-1.02657
0.692298
0.651356
1.25197
-0.325821
1.21097
-0.153482
0.808304
1.05366
0.205547
-0.0512056
-0.00979102
0.931091
-0.404272
1.02437
-0.537938
-1.0321
2.03824
-1.12721
0.0688276
-0.582104
-0.0484346
-0.173192
0.216753
1.38241
2.2871
1.061
-1.05061
1.93735
2.33316
0.375184
-0.391512
-0.0343084
1.48751
-1.44553
0.369012
0.209199
0.587003
-0.622221
-0.342182
2.04117
-1.08034
1.61795
1.7628
0.688845
1.40026
-0.310772
0.130963
0.451608
1.46916
1.46703
-0.525894
0.472086
-0.762679
-0.0673753
-0.97263
0.487707
-0.241422
-0.663348
-1.18611
-0.200848
-0.421128
0.430664
-0.27586
-0.154694
0.453625
-0.748326
0.75698
-0.510828
-2.50309
0.172965
-1.53809
1.46384
0.20715
0.110245
-0.590745
0.955072
1.61275
1.41648
0.610974
1.62362
0.0145724
-0.456722
0.410875
-0.127909
1.27491
1.04598
1.77214
-0.0755557
0.121616
0.671158
-0.684816
-0.279668
0.207017
0.147327
3.04545
-1.13387
0.199416
-0.728271
-1.17244
-0.892107
-1.23299
1.47927
1.53617
1.21363
0.922806
0.362379
0.358236
-1.36582
-0.775318
0.123139
-0.752558
-1.75449
-0.250353
1.22846
0.597131
0.673027
0.295943
0.841719
-1.095
-0.079235
-0.484755
0.304816
0.725846
-1.50929
-0.834889
-2.1038
0.929077
0.253605
1.35787
-0.568113
0.920509
1.43583
-0.0921762
-0.302453
1.03961
-0.208009
-0.423802
0.437379
1.91396
0.52849
-1.94908
-1.3986
0.124195
-0.27426
0.53761
-1.50138
-0.403292
0.482195
-0.12748
0.761189
0.89275
0.126034
-0.115377
-0.527737
0.371129
0.787193
0.384804
-1.19577
-1.65564
0.191103
-1.24035
1.10459
-0.899383
-1.06714
-1.4624
-0.508659
1.71633
-0.27451
1.86165
0.108774
-1.39904
0.318323
0.407427
0.023705
-0.977024
-0.555469
-0.0834808
0.724744
0.896583
-0.691097
2.0261
-0.180574
-2.41063
-0.421761
1.89862
-0.0728595
0.33419
0.366753
-1.30871
0.110165
-0.845165
-0.0711222
0.239494
-0.751293
0.156922
0.106254
-0.535221
0.264482
-0.911525
-0.422206
-0.914859
-0.92741
-1.70341
1.59846
0.746675
-0.770228
0.401259
0.0698879
-0.0528069
0.734545
0.551893
-0.372383
-0.462273
0.939598
1.56781
-0.169352
-1.03296
-1.08848
0.63533
-0.640616
-1.08557
0.894066
2.27057
-0.0290763
1.84046
-0.820836
-0.0644239
-0.726535
-1.12759
-0.644983
-0.166288
-0.445678
-0.980447
0.436172
-0.122012
-0.529388
1.02572
-0.649764
0.708755
-2.10347
-1.28845
1.55844
-2.27959
0.585735
0.4576
0.523505
1.88259
2.10679
0.74284
1.34415
0.265409
0.525797
-0.243142
0.172962
0.384719
-0.350625
0.394301
-0.253551
1.29437
-0.460714
0.559657
0.498734
0.885817
-0.183564
-0.735656
-1.00092
0.558163
0.258218
0.893348
-0.394811
-0.409802
-0.253756
-1.36427
-0.118714
-1.05026
-0.45577
-0.398104
0.0178347
0.330778
0.338415
1.54964
-0.183006
0.0544266
-0.703123
0.761004
-1.11283
-0.130651
-0.673498
0.020001
-0.719353
-0.493636
0.570986
0.387529
-0.0689082
1.50454
0.604324
-0.887394
-0.37502
-0.971742
-0.557572
0.552779
0.666904
1.30561
-0.0305156
1.07766
-0.177283
-0.12966
0.337058
1.19787
0.315803
-0.422854
1.34334
-0.287075
0.987573
0.989606
-0.393729
-0.940519
1.36686
1.81485
-0.283458
1.88678
-0.924706
-0.730938
-0.718779
0.391589
-0.737426
-0.144835
2.15925
0.633532
-2.62603
1.83498
-0.243235
-0.649462
0.714797
1.42103
-0.172352
-1.47333
0.26973
-2.39097
-0.0927106
-0.972345
-0.16214
1.15998
1.62445
-0.0564975
0.0895112
-0.0787975
0.575462
0.327414
0.411509
-0.583647
0.183651
-0.534378
-2.42505
0.519891
-0.962115
0.530379
-0.129529
-0.0415582
-0.520708
-0.303646
-0.27222
-0.336909
0.427854
2.01056
1.84302
0.0961848
0.313484
0.616499
-1.86912
-0.809352
-1.91936
-1.38616
1.21074
0.2112
1.3027
0.617741
0.0962687
-0.832967
-0.763881
1.97551
-0.29339
-0.453663
0.56655
2.16051
1.01996
0.0124686
-1.01724
-0.0301501
-1.5931
-2.09172
0.174248
0.895592
0.675728
-1.03818
0.348741
-0.379044
0.665824
0.0585634
-0.291075
0.840512
2.14799
0.175954
-0.63059
2.09944
0.296298
-0.951067
-0.940098
-0.82379
1.58997
-1.56075
-0.846325
0.974566
0.0634975
0.799217
1.42104
0.288186
1.35828
-0.222408
0.367404
0.113272
-0.687481
-1.31636
0.327346
0.58076
1.91655
-0.348558
1.16609
0.246069
0.883829
-0.139168
-4.03855
0.649257
0.793097
-0.602578
1.50627
0.308895
-0.415469
0.139833
-1.01383
-0.332011
-1.42186
-1.89199
0.995648
-0.222501
-1.13279
-1.80961
-1.18536
0.0212145
0.0600735
-2.36562
0.0552111
-0.0348573
1.5805
-0.628095
-1.5324
-0.98883
0.338315
0.28825
-0.165753
-0.1115
0.0125058
0.759803
0.795168
0.545197
-1.13642
-1.11579
0.704164
0.0700902
0.784585
-1.02429
0.66657
-0.160199
-1.6759
-0.77422
-1.62868
-0.385706
-0.565468
0.712135
-0.478773
-1.11077
0.395242
1.11471
-0.645488
-1.08317
0.542271
-0.822335
0.440581
-0.780461
0.933091
-1.20028
-0.639883
-1.83188
-0.157207
-0.410488
-0.0337192
0.0352712
0.520226
-0.333528
-0.436783
0.549095
-0.952506
0.041493
1.73757
-1.2699
-1.52002
0.220119
1.18752
-0.671335
0.400961
0.0893974
-1.16704
0.306413
0.367166
-1.30387
-0.262815
-0.407765
0.520054
0.994245
-0.818788
-0.434226
0.323369
0.359926
0.8
1.05348
1.13364
-0.991448
1.0275
1.44228
-0.918645
-0.95994
-0.45119
-0.19277
1.02558
-0.687044
-0.0642035
-0.97267
0.230213
0.832153
1.53729
-0.263617
0.332533
0.179074
-0.799215
-0.373053
-0.379585
-0.921075
-0.000398099
2.07146
-0.418488
-0.568404
-0.517764
0.947223
-0.462447
0.0902202
-0.0510864
0.262006
1.26946
-1.47461
2.12905
0.291696
-0.290248
0.402236
0.662097
0.359527
0.019525
1.41397
0.446365
2.13235
-0.617515
-1.86258
-0.296163
-0.804781
-1.81211
0.865335
1.32926
-0.2904
2.10491
-0.0786847
0.562089
0.538507
0.510655
0.179616
-1.69121
0.92054
0.191575
0.448329
0.548613
0.506683
1.64117
0.647668
0.11789
-0.237207
-0.923823
0.92931
-1.67967
0.456476
-0.579335
-0.373668
-0.834117
-0.849593
0.0450339
2.28636
0.709415
0.509549
-0.382304
-0.722706
-0.360602
-0.567467
0.348456
-0.0114524
0.476501
-0.551028
0.0829329
0.106321
-0.00230294
0.197601
1.9366
0.297875
0.919327
-2.48044
-0.223082
-0.570213
-0.018066
0.44529
0.190793
0.579177
2.35493
0.775034
0.0328621
-0.672153
0.113479
0.973619
0.75792
-1.11816
-1.39429
1.19162
-0.631142
0.299865
1.72217
0.526348
1.19881
-1.24268
0.439662
0.551698
1.03161
-0.838436
0.941298
-0.0762917
1.27676
-0.291351
-0.517974
1.22298
-1.35675
0.72915
2.21729
-0.266633
0.252985
0.829466
-0.582892
-0.365694
-0.176867
-1.25052
0.580842
-0.695911
-1.06911
0.959171
-0.331614
-0.157551
1.00977
-1.36273
-1.09863
0.347188
0.580976
1.86195
0.578676
-0.669977
1.58709
1.44202
-0.969263
0.254381
0.0628667
1.98253
-0.0423387
0.198104
0.476868
-0.13555
-0.256148
-0.254908
0.345551
-0.35412
-0.0110809
-0.0978963
-0.187388
-1.64322
0.144844
-0.771937
-0.0114378
-0.273787
0.386128
1.04827
-0.972045
1.70053
-0.166339
-0.806324
1.56734
0.770013
0.903586
1.5074
-0.210837
0.714733
1.40293
0.187593
0.289854
-1.36042
-1.21897
0.852444
-0.154986
0.660881
0.936033
0.794437
2.82461
0.129844
0.136943
0.75503
-1.16207
0.0958534
-0.349567
-1.31003
0.438183
-0.855029
-0.437816
1.61983
0.23014
-0.477035
-0.33365
-0.305534
0.509943
-0.148096
0.592981
0.588892
-0.16809
-1.49074
1.93114
-2.57097
0.929051
0.0847773
1.51712
1.73779
-0.465605
-0.203201
1.03916
0.951172
-0.0823553
-0.234811
-1.89221
-0.814341
0.623729
-0.221302
-0.617733
1.16653
-0.0343862
-0.33524
-0.208489
1.7345
-1.11769
-0.691064
2.46908
-1.36571
0.339203
0.809487
3.05242
-0.609905
-1.97274
-0.857485
-0.920713
0.0975934
-0.12566
1.04581
0.95249
1.25338
1.44086
-0.693791
-2.02169
0.210112
-0.971581
-0.698574
0.470231
-0.859332
0.00317901
-1.62628
0.530852
-0.641102
0.74044
-1.03108
0.0557936
1.90137
1.18673
-0.375436
-0.146889
1.37406
0.712331
0.375065
-1.17537
-2.12413
1.99484
0.577253
-0.110742
1.1425
0.343394
-1.94924
-0.646888
-0.00207359
0.0884099
-0.502115
-1.08303
-0.424414
-0.265698
-0.366797
-0.255124
-0.494952
0.779441
-0.0636634
-1.39524
-0.432072
-0.229522
-1.26491
-0.274765
-0.223922
-0.584729
0.211249
0.0904562
-1.81146
0.404263
-0.15293
1.1482
0.977784
-1.10128
1.79977
1.01257
0.118568
-0.4709
-1.28013
-0.656422
1.98698
0.0739717
0.531014
-1.72704
-0.402075
0.496489
1.17474
0.604796
0.96975
0.994541
-1.53053
0.536582
0.288784
-0.0505961
0.191454
0.835765
0.0190203
-1.09308
-0.838608
-0.162213
0.582291
0.484153
0.665189
-2.11937
0.345448
-0.992061
-0.107263
1.40307
-1.13988
-0.45526
0.810043
-0.608524
0.640456
2.36915
-0.812784
-1.28694
-1.60036
1.66061
1.78478
0.667969
-0.882499
-0.655608
-1.15678
-0.111669
-0.300652
-0.274655
-0.0762519
0.682716
-1.40891
0.305833
1.13189
-0.165621
0.576303
-0.170197
0.369292
0.445863
-0.0205325
-0.720925
-1.79863
1.86926
-0.0310279
-0.229921
0.405647
2.72434
1.60688
0.776727
0.67382
-0.470341
0.00755256
-2.4215
-0.585761
1.98427
-1.11017
1.45385
-0.375867
-0.422774
-0.119821
-0.936798
-1.13254
-0.440472
-1.42689
-0.432184
-0.772835
-0.304663
-0.151159
0.976351
-0.593889
-0.615042
-1.05352
0.22753
-0.226793
-1.2157
0.915122
0.464709
1.68302
0.0300193
-0.291569
0.439938
-0.254034
0.399596
0.210034
0.108545
-1.39905
1.23718
0.982637
0.391801
1.48001
0.648562
-0.325111
-0.234357
-1.56098
0.514972
-0.0653985
0.142351
-1.05275
0.808699
-2.95579
0.104504
0.784801
-0.394477
-1.01018
0.0377052
1.95289
0.278679
2.02913
-0.554377
-1.4998
-1.16256
0.0472092
-1.98325
-0.965608
0.0375868
0.742545
0.129446
0.380967
-1.7045
-0.57883
-1.83228
-0.589134
-0.73072
0.0186287
-1.46965
-0.453252
0.0697002
1.01563
0.788979
2.92738
-0.880944
1.0161
-2.94524
-1.05652
1.6095
-1.16581
-1.70006
-0.686575
0.356049
-0.793107
0.478261
-1.25535
1.35173
0.951382
0.828261
-0.234572
-0.162473
-0.925896
1.45855
-0.847544
-0.333458
0.881855
-0.332271
0.340225
2.70959
0.826952
-1.55644
1.1657
-1.34041
0.0442311
-0.380429
-1.57549
0.936865
0.559905
0.222616
1.35791
1.55841
0.878334
-0.0609109
0.409399
0.484379
-0.215149
-1.35271
-0.188131
-0.825094
-0.581732
-0.820292
-1.62966
2.17491
-0.430946
-0.650205
1.1108
-0.779201
-0.0810356
-1.48525
-0.758662
0.233733
1.06784
1.34642
1.03166
1.78158
0.0069862
-0.950827
-0.23857
1.97119
0.578556
0.802848
-1.14431
0.915229
1.36613
0.024013
0.695841
1.39585
-1.37894
-0.904283
1.79808
-0.662383
1.46876
0.886781
1.06116
-0.539551
-1.68065
-0.77034
1.36334
-1.99384
0.0148951
0.410612
-0.644127
0.573844
0.43331
0.456093
-2.02998
-0.79048
0.357901
-0.3266
0.472512
-1.3275
-0.391795
-0.538397
0.110169
-1.15242
-0.215549
-0.142483
0.0908991
-1.04176
0.304817
-0.717298
-0.410393
-0.617699
0.879194
-0.304386
-1.22611
0.0720032
0.819294
1.34074
-0.0783532
1.15592
-0.59225
0.169821
0.471382
1.96421
-0.593709
-0.356698
-1.45243
1.22971
0.807283
-0.479829
0.129639
-0.623892
-0.525558
-0.684609
-0.389359
-0.943177
0.243566
0.479754
-1.96169
0.294835
-1.43582
0.130138
1.29705
-0.396402
-0.42844
-0.378515
0.499715
-0.166122
0.313189
-0.388307
0.612377
-0.37492
1.14309
-0.570222
-0.401428
1.12859
1.12615
0.621938
-0.191271
1.74958
0.355807
-0.338236
-0.751154
-1.27817
-1.28494
0.707581
-1.21407
1.17188
1.62319
-0.64358
-1.74771
-0.805995
-1.43081
2.48281
-0.312138
0.861385
-0.519545
1.1421
-1.48421
-0.198423
-0.64929
1.02671
0.354701
2.11107
-0.364841
-0.230855
1.15985
0.578959
-1.18168
-1.39549
1.56658
-0.0619936
2.18479
1.65226
-0.739347
-0.130634
-3.42921
1.18864
-1.26077
0.338145
-1.533
1.18501
-0.0818664
0.349062
-1.96495
1.44793
-0.512688
-0.493337
-0.694571
1.85963
0.420798
-3.13597
1.05734
-0.65203
-0.265605
-0.74887
0.0836765
-2.06756
-1.41192
-0.866699
-1.18523
-1.03284
0.56214
-0.493715
-1.09681
-0.333734
-1.0459
0.587003
-0.631255
-1.69261
0.379603
1.87061
1.15422
0.461037
0.143156
-0.720518
-1.70524
-0.537136
0.187054
1.23013
0.238166
-0.814023
0.636654
0.520367
0.989841
0.0747623
1.31718
-1.19488
-0.40785
-1.74204
-0.142246
-1.19686
-0.12497
-1.571
0.462086
2.2465
-0.177632
-0.626592
0.444552
1.22489
0.380722
-0.983516
-0.0807877
-0.282991
0.481497
-2.02927
1.41948
0.960386
-0.587516
-0.688145
0.65644
-0.536109
0.862063
-0.0650557
0.185447
-0.00669158
0.767208
0.333754
0.672715
0.676335
-1.07668
1.37196
1.33615
0.570255
-0.394594
-0.859229
-0.30257
0.277521
0.0919068
0.186153
-0.120096
0.00342029
1.9878
-0.136602
2.09121
-0.718222
-0.974869
-1.91668
0.0779083
0.133827
0.986779
0.70693
0.877778
-0.367731
-0.313419
-0.719168
0.446124
0.690972
1.15415
0.647804
-0.516051
1.50237
-0.400002
-0.327994
-0.694889
-0.782892
1.48644
-0.429258
0.831292
-0.678192
0.350738
1.05445
0.867853
0.30654
0.169802
-0.96484
-0.803041
1.45391
-1.48441
-1.66081
-0.0245351
1.29146
0.691199
0.176016
0.436548
-2.15418
-1.99402
-0.716987
0.0370362
0.391763
0.0686008
1.01643
-0.402082
-0.628498
-0.189522
-1.53319
-1.45221
-0.144798
0.366679
-0.730574
-0.809808
-0.271589
4.10702
-0.484839
-0.957451
-1.00771
-1.01509
0.816827
-0.222219
0.0584536
0.590094
-1.13436
-1.45268
-1.6684
-0.450169
-0.097744
-0.557748
0.882705
-1.08576
-0.314783
-0.0250062
1.24898
0.788365
0.441188
1.6681
-0.940952
0.984263
0.776028
0.766624
-1.95538
-1.5378
0.38872
1.88047
-1.04779
-0.596611
-1.46828
1.27824
0.100298
0.72961
-0.387066
-1.72359
0.702281
0.997169
-0.151046
0.842377
0.565941
0.445335
0.0789433
-0.353742
-0.461825
-1.81082
-0.603538
0.239252
1.57596
-0.0831969
-0.442188
1.52373
-1.93678
-1.64526
-1.48984
0.325779
1.90803
-0.044723
1.86036
0.599233
-0.24862
-1.74272
0.201997
0.318637
-2.19176
-2.13483
1.17363
-0.494995
-0.776426
0.0994756
1.60865
0.524164
1.51664
1.02715
0.263894
0.88146
1.412
-0.0187137
-1.53525
2.61532
0.272556
-0.773783
0.45219
0.537055
-0.766798
1.76303
-1.23428
0.773441
0.768669
-0.0241819
0.158059
0.386978
-0.531969
0.838322
-0.889132
-0.9013
1.39075
-0.375245
0.264839
0.267776
-0.352445
0.409775
-2.15507
0.707296
0.508071
-0.634148
-2.19872
0.333078
0.710014
1.20467
0.452547
-1.19605
0.829356
0.0630446
0.472804
-0.667011
1.80117
-0.209874
-1.85528
-0.604345
-2.22605
-1.22561
0.268549
1.1021
0.878171
-0.333146
-0.312341
-0.467821
2.64542
0.183322
1.21927
1.14547
-1.01504
-0.140559
1.61748
0.82968
1.5927
0.604363
0.376611
0.0976119
-0.402633
-0.320832
0.976301
-0.569826
1.65953
-0.265136
1.16571
-0.80139
-0.872362
-0.792836
-0.0344014
0.791735
0.426806
0.90498
-0.869643
-1.23384
0.762345
-1.52628
-0.226475
-1.31453
-0.95157
-0.325063
0.737848
0.798267
-0.129161
0.533222
-0.0580198
0.922822
0.129149
0.0291857
-0.8525
-0.45138
2.14805
1.2729
0.178366
-1.07893
-0.317877
-0.747861
-1.29355
-1.0971
0.903016
-1.05575
-0.848822
0.319672
-0.559808
-0.854431
0.359217
-0.283892
0.0779874
0.922128
0.497392
0.179387
-1.22047
-1.83964
-1.77073
0.510259
0.210467
0.156329
-0.890424
-0.987653
0.19064
0.20893
0.203467
-0.544591
1.14206
0.191576
0.480058
1.06746
-1.55049
0.225777
0.011745
1.52336
-0.447205
-0.194185
0.456761
-1.54085
0.484081
-2.34951
-0.315742
-1.48583
0.0288009
-0.369161
-1.26743
0.944318
0.653343
0.446893
0.123156
0.203896
1.78913
-0.30253
0.129584
-1.83282
1.03631
-1.2424
-1.57722
-0.566175
1.46609
0.101622
-0.686075
0.349882
0.454678
0.092865
0.46503
-1.03618
0.272184
0.620716
-1.57356
-1.18552
-0.830502
-0.574167
1.24001
0.893482
-1.18305
0.764851
-0.854314
2.46599
0.306977
-1.01304
0.197067
-0.739858
0.47542
-0.150248
0.271581
-0.249312
0.25126
-1.87985
0.362921
0.332057
0.707699
1.63229
-0.198633
0.129446
0.0761231
0.63717
-0.553187
-0.938705
-1.51362
-0.110193
0.0222472
-1.29365
0.574471
2.13878
0.230208
0.650467
-0.165194
0.555951
-0.496223
0.227464
-0.774389
-2.10374
-0.0597352
1.28411
0.0406188
1.79931
1.90745
0.191913
-0.4693
-0.648095
-0.181565
-0.669018
-0.0899608
0.0684469
1.31124
-0.534783
0.206666
-0.172149
0.4089
-0.665847
-1.3728
-0.0887032
-0.96831
-1.9131
1.44311
-0.165171
1.35972
-0.377474
1.00027
0.34857
-1.99426
-1.30289
0.208973
0.380286
0.226992
-1.10288
-0.638649
-1.30119
-0.0149692
1.50483
0.206697
0.269584
-1.29955
-1.04713
-0.860699
2.82878
-0.414246
0.121341
1.37458
-0.979768
0.595026
-0.135338
-1.20546
0.109329
-0.326523
1.35231
-0.308538
0.512833
-1.66524
1.00283
0.555607
0.64364
-1.2068
-0.744288
1.52943
1.77961
-0.764328
-0.844725
-1.45746
-0.189006
1.3562
-0.0371751
-1.53282
-0.178831
1.28232
1.2117
-0.31735
0.368901
1.59144
-1.04763
1.16072
-1.85719
-0.429796
-0.443028
1.17175
-0.501988
0.324316
-0.441269
2.08848
1.01019
-1.82505
0.912658
0.730517
-0.362078
-0.192798
-0.917056
-1.07841
-0.885143
0.977361
0.356902
-0.871582
-1.78274
-1.48002
-1.37228
-2.17087
1.6315
-0.245159
0.0120468
-0.721899
-1.61159
-0.769661
2.64077
0.289362
-0.638904
-1.23677
1.46131
2.07099
1.60944
1.95916
0.219375
1.08856
0.626563
-1.08609
0.053041
0.766795
0.332351
-0.784109
1.14297
-1.05865
0.87173
1.1325
-1.13911
-1.52662
-0.404608
-2.1056
1.74538
1.14048
-0.211677
0.235805
1.46156
1.0544
-1.0985
0.0463837
-1.08812
-1.33174
2.26227
0.544337
1.01391
0.611292
-1.79129
0.563125
-0.204309
0.497978
-0.14261
-0.817956
-1.24286
0.838004
-0.854573
-0.236818
-0.914113
0.0113723
1.14008
-0.822676
0.480584
-0.841926
-1.6749
0.0809287
0.713853
1.37493
-1.26042
-0.00298721
1.20775
-0.0287479
2.37455
-0.0479407
-0.65433
0.86422
-0.852351
0.741406
0.837333
-1.61196
-0.0876223
0.642493
0.405106
-0.982576
-0.987016
0.182159
1.73751
0.87102
-0.990511
0.50265
-1.11538
-1.24761
0.216549
0.894045
-1.14542
0.379485
-0.894613
0.279095
-0.841543
0.488349
-0.999837
-0.0337462
-0.519892
0.14879
0.0323848
0.896953
0.143769
0.877101
-1.19809
-0.355683
0.291596
0.568997
1.09807
0.0890499
0.231808
-0.437138
0.93577
-0.0643968
0.474662
-2.64685
-0.545821
-0.341154
0.432743
-0.794509
-0.853749
-0.0761249
0.662743
0.386549
2.34848
0.268644
0.202995
-0.981592
0.665699
0.83927
-0.783131
-0.640673
0.713128
-0.809918
-0.198528
-2.07858
0.183889
-1.59554
0.364843
0.644261
1.32928
-1.00416
1.27777
0.50369
0.876644
-0.212458
0.405241
0.686489
-0.646706
2.44949
0.985665
-0.0730501
-0.439633
1.1582
0.662686
0.721216
-0.536373
-0.812942
-0.339748
0.568438
0.872393
-1.31119
0.355596
0.734439
-1.84308
-1.14165
0.205648
1.21574
1.32676
0.663318
0.814042
-0.367968
0.229625
-1.74968
0.398635
-0.00821847
-1.23337
-1.26488
0.188454
-0.795988
-0.638054
0.530316
1.67011
0.234178
0.780774
-1.11095
0.28229
-0.581378
0.316526
1.3982
0.806188
-1.29263
0.628329
-0.87826
-1.35035
2.90431
-0.695281
-0.774363
2.12264
-0.330151
-0.276719
0.603427
0.173146
0.974966
-1.46169
0.39283
0.335193
-0.167684
-0.325514
0.685708
-0.369982
0.0301068
1.09279
0.991093
-0.362591
1.395
-0.785493
1.01061
-0.563788
0.762533
1.14411
0.524276
1.81675
0.618099
0.57122
-0.114813
2.04439
-0.25253
1.58239
1.42595
-0.979991
-1.77191
0.740772
0.172806
-2.27578
0.707712
-0.45186
-1.37201
-1.86765
0.302679
-1.22602
-1.96428
0.484102
0.242344
0.317673
-0.462618
0.485555
-0.316856
-0.289652
-1.01638
-0.314884
-0.912939
-1.71737
-2.35502
-0.503016
-1.09325
-0.146446
-0.49025
0.402608
0.747476
-0.0567515
-0.885018
0.455247
0.949893
-0.482028
-2.59682
3.0886
-0.405452
1.80119
-1.19019
-0.767827
0.845472
-0.549658
1.47852
0.706479
0.917853
-0.109384
-0.909914
-1.37311
0.72939
-1.35348
-0.398543
0.6424
-0.976546
1.13005
-0.160827
2.07933
-0.961698
-1.93302
-1.1924
0.999891
-0.577358
-1.9848
1.21299
-0.0620408
-0.352825
0.667592
-0.0213215
-0.286168
0.454568
0.294982
0.43125
-1.0796
-0.0718263
-0.507142
-0.330281
1.29617
-0.814492
-0.38708
1.72638
0.748001
-2.43236
-0.390843
0.785852
-1.17144
0.992112
-0.504481
-0.468036
-0.149401
-0.0173061
-1.25162
1.30659
1.37115
1.78747
1.12857
-0.473963
-1.6632
-0.526914
-0.716228
0.650067
0.198189
-0.691407
-1.17549
0.507563
2.27817
-0.627402
-1.22848
0.0542721
-1.04799
-0.998868
0.893608
2.02079
1.12019
-0.650865
-0.220531
-1.01457
-0.105665
0.451323
-1.21739
-0.0987547
0.143103
0.551964
-0.437299
-0.307079
0.209591
1.19198
0.125552
0.960651
0.109799
0.0278747
-0.965113
0.372666
-0.0427819
-2.37524
0.279096
-0.104513
-0.789295
-0.559821
0.304925
-0.0279673
-0.234764
1.96758
-0.560747
1.33919
2.07026
0.268685
1.41222
-0.98072
-1.61789
-0.884343
-1.21847
0.78155
-0.7265
-1.1637
0.838177
1.196
-0.482365
-0.742713
-0.34273
-0.102219
0.422301
0.144539
-0.718624
0.884493
0.407501
0.137005
1.15068
0.0807074
0.353928
0.303984
2.52714
-1.45735
-1.6061
-0.086019
0.795114
0.935479
-0.158096
0.159288
0.962775
-1.38177
1.31082
-1.48991
-0.497176
-0.608366
-0.728342
-1.12493
-0.850159
0.156842
-1.70845
0.0758255
-1.87696
-0.754378
0.825495
0.891386
-1.82524
0.0308884
1.09751
-0.1766
2.59444
-1.18086
-0.0390015
0.538341
-0.266067
0.0460231
-1.13909
0.89939
0.0305688
-0.338247
1.37476
0.504685
-0.55109
-0.0462307
0.558227
0.646354
0.151374
0.80772
0.629999
-1.4384
0.725299
1.38348
0.347638
-0.0935202
1.22439
-0.780235
0.36811
0.88956
0.865327
0.472158
-0.355668
-1.08904
-0.436031
-0.0411008
-0.412321
-1.21481
-1.44121
-0.130852
1.40492
0.289455
0.286135
0.527714
-0.244113
1.00416
-1.99609
-2.27359
-0.134507
0.13263
0.53415
1.28674
-1.29944
-0.827178
-0.460079
-1.05843
1.13801
0.409055
-0.487377
-0.226085
-0.594092
0.291437
1.07329
2.77549
-1.03998
-1.01928
0.0839007
0.773505
-2.91633
0.266288
0.620531
0.71549
-0.828777
1.08126
-0.626763
2.27215
0.896278
-0.244903
1.05205
-1.89811
-0.101462
2.29747
0.243687
0.217612
0.0964648
2.05715
-1.47178
-1.19857
-0.419843
0.362456
0.554202
0.485549
0.620413
-1.09445
-0.40268
0.477248
0.782575
0.748063
1.90901
0.430266
0.708982
1.6286
-0.0668823
-0.00098604
-0.832473
1.56925
1.19974
-0.0860537
-2.09484
0.67635
-0.153009
-0.175865
-0.466328
-1.62967
1.41649
1.1902
-0.367701
1.46833
-0.310418
0.0765859
-1.39198
0.344492
-1.12978
-0.343384
-1.5351
0.156588
-0.587681
0.638438
-0.935361
-1.69571
0.312999
0.684008
2.10208
-0.598544
-2.49467
2.77942
0.150542
-1.03005
-3.33534
-0.664204
1.58748
-0.845831
-0.370273
-1.57871
-0.975002
-0.539891
0.688867
-0.0919962
0.642192
1.29705
0.0388336
0.908704
-1.36719
0.581033
-0.541357
-0.583809
-1.70315
-0.0908616
0.171496
1.32807
0.0599576
1.32646
-0.0129834
0.303055
1.70349
-0.27446
0.28099
-1.89588
-0.0382082
1.22242
1.2287
-0.478472
0.190339
-0.660217
-0.208508
0.193562
-0.735132
-1.05101
2.2189
-0.700562
-1.76071
0.186381
-1.34203
-0.831295
-0.41545
-0.87611
-0.941139
1.58703
-0.0349761
-0.0770406
0.891013
1.47076
-0.246299
-1.10564
-0.96465
0.552091
1.27574
0.0479896
-0.865744
0.675573
2.33819
-1.44884
-0.46148
-0.0262361
0.68609
-1.39305
0.0434347
0.783678
-0.847909
-1.65863
1.73974
-0.931787
0.558143
-0.769059
0.142218
-0.00419027
1.65118
-0.35286
-0.482998
0.67815
-0.0196379
-0.904001
-1.33044
-0.398618
1.0586
1.50843
-0.116869
0.268023
-1.40376
-0.494421
0.59565
-0.0771725
-0.416557
0.745752
0.0302607
-0.361942
-1.90052
-0.838612
-0.534283
0.433466
0.512843
0.752564
0.376286
0.863541
1.29531
-0.651238
0.876639
-0.403403
-1.22511
0.402963
1.78384
-0.691972
-1.32899
1.16871
0.342526
-1.33912
2.17039
-1.24283
0.194169
-1.17383
-0.212187
0.44111
-0.378231
0.545166
2.05877
-0.705457
-0.452601
-1.66381
0.608844
-0.377361
-0.284056
-0.202864
0.786881
0.287296
0.33361
0.627176
-0.212014
0.547982
1.03977
-0.675105
0.370212
0.291728
0.497074
-0.698271
-0.0479677
-0.566504
0.663896
1.43462
1.53467
-0.807665
0.150262
0.131342
0.86193
1.62921
0.0704334
1.1137
-0.837665
-0.303529
0.744636
-1.57914
-1.38084
-0.647537
-0.366317
-0.139715
2.7156
-0.616109
-1.54177
-0.677245
-1.15748
0.894835
0.228892
-0.510676
0.645518
0.286388
2.10773
0.30419
-1.36788
0.286996
0.165608
-2.06168
0.459344
-0.303888
-0.399374
-1.46954
0.0959739
-0.627863
-1.13236
-0.691499
-0.81205
0.114057
-0.407162
-0.374541
-1.46118
0.644993
1.10886
-2.0642
-0.795487
-0.166804
0.806099
1.98773
-0.317423
-0.716961
0.560405
-1.82694
-0.320321
-0.844106
1.279
0.310042
0.795749
-0.459995
0.768
1.11728
-0.335992
-1.2424
-0.27641
0.319346
-1.61265
-0.596871
0.17313
-0.458897
-2.31257
0.461676
1.18459
-0.18114
-0.369342
0.478602
-0.611105
0.718732
-0.503713
1.42601
-1.68903
1.62595
-1.07922
-1.01391
-0.0365338
-1.4458
1.68913
0.391608
-0.748587
-0.994051
0.485618
0.000437498
-1.41307
-1.48791
0.410737
-0.0488302
-1.11617
-1.36809
-1.31193
-1.22562
1.00569
1.75334
0.989961
0.781554
0.972025
0.411551
0.868103
0.222465
-1.62617
-1.30351
0.144888
-1.63098
0.154225
0.912806
-1.18835
0.291338
-0.0535381
-1.5275
1.18173
1.66917
-0.317641
1.61605
1.50568
-1.42846
-0.214113
0.624806
1.18478
-3.47571
0.777624
2.01764
1.15924
-0.37994
0.306294
1.26662
0.20521
0.0997158
-3.36538
1.0436
-0.40803
-0.767115
-1.17173
-2.16141
0.346043
-0.229323
0.182099
-1.01351
1.72576
-2.34599
0.770363
0.039278
0.107726
-0.470358
0.465225
-1.78157
-1.42942
1.68391
-0.576378
-1.34791
0.694696
-1.00497
0.918959
0.638673
-0.903886
-0.479795
0.0369291
2.20727
0.729121
0.373625
-0.401483
0.51728
0.426395
0.523074
0.962634
0.254965
0.0607081
-0.597058
-0.125583
-0.0559454
-0.116995
-0.191211
-0.875244
-1.21516
-1.17251
-0.638756
-0.258077
-1.05615
-0.418533
-0.382556
1.64339
0.411931
-0.0734557
0.794129
1.22303
-1.22505
1.1456
0.0316232
-0.452264
-2.3605
0.828417
0.144334
0.218013
-1.04778
-0.421176
1.73819
1.23946
-0.470603
-0.479448
-0.0201555
-0.0455618
-1.49145
-0.126273
1.27709
0.116011
1.20579
1.14518
-0.619652
0.146751
-0.469652
-0.683947
0.449094
-0.232336
1.30725
0.932869
-0.404759
0.689029
0.294295
-1.17154
0.579178
0.401957
-0.663613
-0.144161
-1.37751
0.329045
-0.449719
-0.64514
-0.317351
-0.137228
1.00277
-1.40628
1.87761
2.00678
-0.2388
-1.16387
-1.55093
0.0628775
-0.236594
-0.0228553
-0.59044
-0.16359
-1.13317
-1.23923
1.0434
0.00831592
-1.09088
0.615954
0.435284
0.125547
-0.372549
-0.10001
1.86577
-1.41141
1.0887
1.35646
0.239889
1.22524
-0.948017
1.09782
-1.15321
1.5794
0.429136
0.0562597
2.05767
-1.58013
1.21835
0.738781
-1.4087
-0.401951
0.218885
0.821156
-1.15744
-2.33365
-1.82016
-1.08779
-2.1985
-0.442645
0.615799
-2.11304
-0.516555
-0.434191
1.05392
-0.753889
0.371746
-0.448811
0.863555
-2.14996
0.43471
0.921733
1.09741
1.83317
-0.127996
1.63806
0.350717
0.541279
1.66883
0.282488
-0.335574
-1.16799
0.692114
0.718065
-0.225431
-0.613669
-1.69786
1.96866
0.240363
-0.0834111
1.27649
-0.142574
-1.21921
-0.653488
0.334222
-0.00854582
-1.07479
0.135374
-0.367548
-1.95295
0.928053
1.58331
-1.57598
-0.359426
-1.50447
1.07542
1.10978
0.902481
-0.91076
0.0162417
0.978238
-0.786459
-1.21924
1.16114
0.253294
0.301433
-1.15914
-0.739937
-0.943008
0.699164
0.899733
-2.41606
0.434711
0.314214
-1.23029
-0.587324
-0.0997037
0.57756
-0.331105
-0.248029
0.0712888
-0.980296
0.482601
0.31478
0.0179935
-1.1766
-0.311547
0.329883
-1.12458
-1.22215
0.145011
0.314339
0.780455
-1.5228
-0.126782
-1.36454
-0.784842
0.259768
-0.764973
1.1069
-0.367748
-0.49187
-0.190084
-2.02572
0.456765
0.71127
-1.32064
-0.286679
1.52399
0.40061
-0.358722
0.583428
0.598476
1.33769
-0.567714
0.42819
-2.03991
-0.616007
-0.383056
2.4951
0.0356907
-0.0514373
-0.65188
0.152551
-1.06997
-1.271
-0.566729
0.398964
-0.226313
-0.0347065
-0.797347
-0.660172
0.73106
-1.7171
-0.794351
2.16729
0.275452
0.118919
0.906524
-0.279873
-1.80948
-0.110156
-1.03272
-1.34607
-0.130824
0.919064
-0.298354
0.0936376
0.464966
-0.702632
-0.390738
0.585261
2.01226
-0.857484
0.373284
-1.12638
-0.162221
-0.41588
-1.25935
0.0855389
0.971017
0.760562
-0.969724
-0.538604
-1.64616
0.891649
-0.338701
-1.59621
-0.0691279
-1.31451
0.11168
1.31908
0.815711
1.33
0.947959
-0.981694
1.4042
-0.30333
1.08964
-2.12011
0.826227
-0.897293
1.2519
0.27158
0.469189
0.26704
0.0998782
0.966056
0.662397
1.43035
0.20434
-0.0869077
0.818723
1.58505
-0.174794
-0.803547
1.3223
-0.427828
0.349914
0.750361
-1.39363
-1.68058
-0.585585
-0.989097
-0.0304716
1.69074
-0.5929
0.803616
0.304328
1.37953
-0.231785
-0.579913
-1.35795
-1.32076
-1.33721
-0.349978
-1.11281
0.0699744
-1.36703
1.18713
2.35129
0.616748
-0.533259
0.136045
0.620045
0.524937
-0.664531
0.37119
-0.0129448
0.00921369
1.34055
1.07286
-0.730397
0.412609
0.910034
-1.47413
-0.519566
-0.080492
2.00042
0.765427
0.915709
-1.32944
0.272156
-1.02124
-0.793363
-0.606015
0.7734
1.89785
1.8923
0.32109
0.375609
-0.692475
1.75317
-0.401755
-0.0500085
0.28148
0.231038
-1.10069
-1.58594
-0.0668798
-1.87785
-1.04063
-0.361886
-0.275003
-1.45046
-1.79371
-0.569417
-1.18036
-1.34072
0.295318
-1.44298
-1.14886
-1.98674
-0.352417
1.66709
0.16761
-1.26857
0.715101
0.812461
1.91777
-0.709071
0.412558
0.512082
0.337052
1.32199
-0.112663
0.349345
2.66466
-0.514573
-0.825711
0.663767
-1.19287
-0.502025
0.14675
-2.0004
2.07248
1.18826
1.44412
-0.399067
-0.506862
-0.0482405
0.0158159
-1.96145
0.774672
0.0248128
0.280645
0.330423
0.534316
0.628335
1.25178
1.63612
-0.428464
1.49122
-0.788181
-0.779948
0.598689
0.915473
-0.23463
0.530837
-1.08017
-2.09952
-0.704835
0.776822
1.24122
0.404048
1.52772
-2.17185
1.29931
-0.159019
-0.317625
0.757922
0.175511
-1.27228
0.393135
-0.503424
-1.90681
0.414767
0.0205313
-0.438498
-0.304493
-0.239979
-0.211993
1.16847
1.79864
0.498524
-0.106407
0.625015
1.43056
0.184761
-0.401831
-0.857641
-1.22812
-1.07608
2.21835
1.73426
-0.571361
0.85973
-0.506008
-1.23724
-0.99508
-0.260865
0.138188
-1.79996
-1.27314
-0.907369
-1.0851
-0.564052
-0.935585
0.985818
-0.859529
1.59304
0.604539
0.637937
-0.115168
0.558354
0.0414773
-0.378586
-0.564996
0.380243
-0.887787
-0.906801
0.0769034
-0.246193
0.524397
-0.414418
-0.109727
-0.902086
2.0593
0.421404
-1.35616
-0.349417
-0.389237
-0.419508
-0.588208
0.391892
-0.085712
0.244556
-0.105472
-0.206107
1.65587
0.477973
0.209701
0.728917
0.246989
-2.28751
-0.0326164
0.901853
1.2332
-1.87433
-0.76838
0.420184
-0.0219049
0.0159557
1.36577
-0.462367
-2.01358
-0.620675
0.88991
0.329007
1.20905
2.45891
0.832119
-1.52735
2.71169
-0.912657
-0.863918
-2.06834
-0.397269
2.45573
1.43866
-0.749351
-0.175826
0.697426
-1.10749
0.43321
0.506984
-0.0321357
1.42106
0.25525
0.205923
0.894479
-1.36583
-1.09739
-0.43819
-1.13596
0.329122
0.265019
-0.693665
0.691364
-1.13546
0.791451
-0.526858
-0.431984
0.226587
-1.43912
0.320483
0.567685
0.67637
0.208965
-2.37625
0.565197
-2.21114
0.690844
0.173689
1.04071
-0.334315
-0.450007
-0.308837
-0.0889475
-0.967355
2.5984
0.384273
-1.1327
-0.721935
-1.92244
-0.259654
2.26469
0.320834
0.811698
0.0931809
0.5069
0.185427
-0.768675
-0.608498
-0.863941
0.423884
0.536146
0.0543075
0.940084
0.194738
-0.71913
-0.439824
-0.164394
-1.00814
0.326042
1.0573
-0.056834
1.89271
-1.16576
1.10739
1.15833
-0.160335
0.716793
1.23857
0.377411
1.23683
-1.08577
0.834461
-0.775593
-0.59909
1.38208
1.47577
1.37324
0.0412455
0.630282
0.319547
-0.689893
-0.0683154
0.228715
2.02402
0.265003
0.021086
0.356685
-1.05667
1.96801
1.23167
-0.873206
1.07459
0.801479
-0.476247
-0.288782
-0.727817
1.55799
1.31112
1.7066
0.452345
-0.580438
-0.348252
-0.5007
-0.784811
0.210585
0.566051
0.168956
1.11109
1.03075
0.16202
-1.45088
0.0890934
0.0515534
2.67324
-0.951737
-1.16563
0.256711
-0.68682
0.641252
-2.15361
-2.94359
-2.24717
2.18819
1.00677
0.427006
-0.61104
-1.01132
0.0664816
1.99157
-0.727771
0.464836
0.043358
-0.500437
-0.722447
-1.08733
-1.61954
0.491118
-1.04398
1.32034
2.48557
0.219521
0.645402
-1.32186
1.60207
-0.284006
-0.542812
1.78839
1.06258
-0.968745
-0.170527
0.776475
-0.279371
0.448643
0.471952
-0.119892
2.12767
-0.314023
-0.760125
-0.786932
2.40509
-2.18717
-0.208728
-0.904087
-0.337047
-1.22524
-0.56085
-0.985196
0.548484
1.3152
-0.428583
-0.0836192
0.100657
0.809332
0.0949033
-0.980919
-0.741113
0.97992
-1.15439
0.11998
-1.01336
-0.525018
1.95898
-0.0364031
-0.00861663
0.411649
0.931223
-1.43586
0.612237
0.227882
-0.196771
1.33758
-0.883385
1.87039
-0.43452
0.724265
-2.15003
-0.453355
2.71667
-0.335517
1.13054
0.881119
-0.765091
1.10574
-0.275555
0.41152
0.924212
-1.04697
1.49071
-0.505889
-0.128211
1.86065
-0.109787
-1.21446
-0.253309
0.527769
1.79383
1.03701
2.17978
-0.0192424
1.00929
-1.15803
0.571163
1.08692
0.0464643
1.67445
-0.134678
-1.12321
-1.32468
-1.11496
0.379034
-0.210181
0.0342726
0.505079
2.78698
-0.279078
-1.32992
1.6607
1.08398
-0.19794
0.432876
-1.12458
-0.28179
0.826868
-0.409415
-0.505705
-0.079101
0.124057
0.477684
0.844993
-1.18827
2.66385
0.0617824
-0.976903
0.302654
0.417306
-0.983449
0.928533
-0.123984
0.163644
-0.212887
-1.3581
0.96098
-0.59788
0.465913
-0.520526
-0.696725
0.226174
0.146118
0.107144
-0.515773
0.844185
0.478141
1.48391
0.75487
-0.476169
-0.527128
0.753663
0.772588
-0.0164138
-0.309695
0.276519
0.0195037
-0.418064
-0.0620223
-0.850554
1.65267
0.115257
0.621552
0.922619
-1.57534
-0.161432
-0.599627
-1.65064
-1.63555
-0.191999
-1.09761
0.861589
1.46713
-1.41518
-0.86051
0.785372
-2.11131
-0.544781
1.52712
-0.389298
-0.817799
-1.87114
-0.81359
1.07739
0.422918
1.39783
1.35634
2.43123
0.527926
0.598628
0.630231
-1.21277
-0.637964
0.439575
-0.214802
0.334435
-0.563158
-1.38571
0.214492
1.94934
1.33137
-0.712859
-1.71441
-1.95169
-1.13387
0.172276
-2.20194
0.200589
1.05019
-2.92601
-0.307771
-0.0627365
-0.864731
0.662809
-1.06293
0.872037
-0.735064
-1.29553
2.36332
-0.562062
1.52875
0.293024
-0.0103073
-1.66052
1.66916
0.398145
0.581351
1.15493
-0.150782
-0.50666
0.0971493
-2.01324
-0.701198
-0.661234
0.69316
-1.45037
0.0579249
-0.730032
0.164482
-0.0992256
-0.870078
1.38592
-1.93449
-1.93182
2.01397
-0.488316
-0.270953
2.62718
-1.34799
0.585341
-0.635996
0.924278
-0.774844
0.497807
0.596997
1.54606
0.0440354
1.36513
1.78457
-0.0377223
1.08025
0.642569
0.768455
-2.50299
-0.0524404
0.687887
1.68433
-1.55089
-1.22201
1.08545
-0.202799
-0.906884
0.224465
-0.573993
-0.39689
0.0805197
0.984026
-0.547433
-0.79623
0.906683
-0.324315
-0.00442761
1.76629
-0.692111
-0.567964
-0.0462726
0.372193
-0.452483
0.581093
0.917252
0.0502679
0.48467
-0.0416982
1.62059
-0.0157577
0.0956486
-0.135845
0.934181
2.71643
0.0207021
0.0209844
0.883158
-0.464408
0.299531
0.88077
0.787259
-0.371094
0.477047
0.345286
-1.87527
-1.80623
0.237034
-1.31029
1.2162
-0.693378
0.935804
-1.55358
0.354657
0.859627
-0.98236
-2.32219
0.827378
1.32396
0.687031
-0.767229
-0.44803
-0.491624
-0.451232
-0.505932
0.874299
0.330163
-0.0300314
1.01239
-1.65124
0.00114286
0.414697
-0.128203
-2.76555
0.343259
-0.651168
0.561753
0.603614
0.651056
0.726693
-0.534256
-1.58639
0.651706
0.450054
-0.672775
-1.37712
-0.864767
-0.159522
-0.204756
-1.12971
-0.962488
1.96622
1.08371
1.3793
1.44674
0.925269
0.00954467
-0.725988
-0.317588
0.416708
-0.170648
1.49331
0.631874
1.44985
1.01607
1.18322
0.348527
1.41443
0.492855
-1.24153
0.0522703
0.474846
-1.79496
1.60804
-0.848951
-1.86218
0.037726
0.710718
0.593968
-0.187659
-0.457107
0.260321
0.907451
-0.209452
0.175198
-1.27664
1.05919
0.224972
-1.82056
-1.51674
-0.498972
0.760886
0.16563
-1.04126
-1.02007
1.17042
0.257226
-0.850465
-1.25587
0.178836
0.946319
0.650635
1.80641
-0.108853
-1.13986
1.87172
0.529296
1.08905
1.16191
-0.785711
-1.48361
-1.13119
0.393103
-0.0249135
0.589956
0.75984
-0.353091
-0.546736
-0.948002
1.50555
-0.238217
-1.03311
-2.49672
0.31955
1.2032
-0.140729
-1.46767
-0.183786
0.0683583
-0.260457
0.135338
0.0692592
0.264478
-1.01122
0.126364
2.27601
-0.260994
0.8826
2.0971
0.283788
1.23077
-0.368831
0.479608
-0.410247
1.55021
-1.4555
-0.121992
0.680909
1.02864
-0.328234
1.42769
0.222312
1.3996
0.0997512
-0.456147
0.0160888
-0.832091
-0.782924
-1.71262
0.367396
-0.652649
-0.209415
-0.126787
0.610961
0.221176
0.642769
-0.555033
-0.422965
0.141579
-0.558609
-0.00466007
-0.665625
0.193428
0.160794
1.40793
-0.297882
-0.364877
-0.522425
0.0745313
1.46713
-0.326873
0.715154
0.40936
0.600375
0.350113
-0.444085
1.30978
-1.28782
-1.95927
-1.60625
-0.545959
-1.8599
-0.532438
0.136087
1.58473
0.170003
-1.4553
-0.0785688
1.0851
0.895305
-0.845561
1.48005
2.3248
-1.30958
0.454445
1.23494
-0.385449
0.352842
1.16763
0.924597
2.01335
0.495103
0.31958
-1.70984
-1.85814
1.94647
0.643894
-0.482027
-1.80152
-0.0800546
-0.296099
0.0618826
0.126607
-0.0117024
-1.19304
1.18649
-1.28302
1.99304
-0.628045
0.854544
1.05061
-0.327759
-0.706757
-0.589707
0.648004
-0.572682
-1.35157
0.000385523
-0.0319659
0.139715
-0.0486903
-0.828813
-1.04517
-2.6808
-0.15932
0.553948
0.643675
-0.208072
-0.693112
0.329362
0.0810581
-1.31321
0.475848
0.403401
1.345
-0.489457
-0.498098
0.395372
-0.310105
0.702374
0.454062
-0.0779635
1.22245
0.56695
0.24792
-1.11488
-0.737593
-0.293233
-0.139205
-0.928981
1.56585
-0.723796
0.839397
-1.1048
0.337839
2.41553
-0.222803
-1.98457
0.331371
-0.997156
2.15672
1.1103
1.12114
1.10097
1.00527
0.920177
-0.73247
-0.675239
-0.940023
1.54327
0.991079
-0.403894
1.05013
-0.802772
1.84487
-1.42546
-0.594257
-0.666639
-0.0819723
-0.662556
-1.34068
2.06487
-1.2844
-0.728924
1.61711
-0.47613
0.655576
0.54517
2.16656
-0.448207
-0.758494
-0.0381075
0.0343221
-0.225689
-0.865332
-0.983182
0.754095
1.04816
1.26378
0.0896972
0.881997
0.28242
0.763361
2.28528
-0.923973
0.380315
0.700054
0.980641
2.1343
-0.823698
0.569266
0.656675
0.922309
-0.433746
-2.00538
-1.46249
0.557826
-1.01546
0.0650064
0.564892
-1.58322
1.38966
0.501032
-1.8052
-0.319579
0.638768
-1.6411
-0.176318
0.824418
-0.272578
0.571914
0.0657636
-0.780941
-0.754087
0.524731
-1.68877
0.717963
-0.685776
1.35999
-0.18552
0.00964522
0.684999
1.43847
-0.00737947
-0.385859
-1.0477
1.14037
-1.05194
0.118991
1.25809
-0.285446
0.0841099
1.70103
0.262701
-0.637494
-1.65782
1.05578
0.859445
-0.656369
-0.0777593
1.27982
0.674112
0.143514
-0.508339
-0.544422
0.387138
-1.67956
0.870287
0.344676
0.133438
-0.851272
-0.024175
0.606899
-2.13144
0.362323
1.37411
0.440356
-0.279904
-0.921299
-0.987644
0.671133
-2.2601
0.89545
-0.145339
0.864181
-0.187723
-0.0462042
-1.16142
0.119522
0.962059
1.03166
0.478974
2.21535
0.952154
-0.717622
-1.03382
0.227203
1.07592
-0.110171
-0.0127991
0.0493975
1.59323
-2.05572
-0.561625
-0.198064
0.142541
0.478209
0.913839
1.47954
-1.66833
0.647664
1.20728
0.901203
-0.385355
-0.566262
1.0623
0.678282
0.337254
-0.237333
0.31815
0.598235
-0.725483
1.76996
2.26714
0.805662
0.814419
-0.211901
0.0618612
-0.416387
0.00835848
-0.00135988
-1.67327
1.04939
0.57334
-0.339112
1.46532
-0.190318
0.930304
-0.244306
0.628434
0.643962
0.136429
0.268077
-0.540518
-0.953057
0.0987273
-0.797816
0.878666
1.15282
0.854302
1.3579
0.11857
-1.50679
-1.21415
-0.932874
0.710038
0.133784
-0.719317
0.419204
0.497227
-1.18141
-0.470011
0.540036
-1.24324
-2.60007
1.31456
0.816101
0.17316
-0.28725
-0.398918
-0.0195157
0.516814
-0.464987
-0.376547
0.437578
0.543768
0.473514
0.6513
0.8614
-1.81221
-1.21461
0.227967
-1.01982
0.97988
0.653015
-0.364448
1.16742
0.14391
0.398032
-0.387581
-1.058
-0.962358
0.401652
-0.316052
0.404818
0.0122928
0.0493072
0.382971
-1.54596
0.466734
1.32578
-0.259683
-1.60784
-1.59312
-0.164482
0.653437
0.617752
-0.0220792
1.02664
0.25056
0.275867
0.505774
-0.307584
-0.384138
2.58263
-2.12814
-0.525858
-0.916497
-1.18089
0.262304
1.23012
0.180516
-1.44672
-0.0297922
-0.141781
1.5701
2.16362
0.709589
0.142196
0.171364
0.170684
-1.83434
0.511338
-0.200234
-0.483979
0.498701
0.680431
0.983937
-0.399678
0.754646
-0.788396
0.794752
-1.64253
1.43968
0.00586575
-0.633537
-0.128401
1.23459
-0.358523
0.316422
0.317821
0.814567
0.712988
-0.561584
0.734948
0.101813
0.40492
0.821648
-0.917228
-0.524886
1.27513
0.417467
0.107784
0.615789
-0.817868
-0.153489
1.51419
-0.178981
-1.11438
1.13876
1.49037
0.0620831
1.50917
0.778028
-0.218473
0.877747
1.48484
0.126541
-0.557709
-0.52865
0.941777
-1.92332
1.13929
-0.569392
0.211734
2.2723
0.628424
-0.077907
-0.274578
1.91675
1.15294
1.59602
-1.57927
1.79729
0.428004
0.844349
1.28308
-0.108618
-0.984674
0.342443
-0.510389
0.286552
-0.586108
-1.74839
0.0890538
-0.778567
-0.974645
1.28993
-0.103942
-1.01388
-0.0342398
-0.122961
-0.123016
0.516036
-0.0398187
0.456183
-0.695973
1.10321
0.823889
-1.49257
0.311243
1.24572
-0.0272008
1.35083
0.0341741
-1.98517
0.567304
-0.789166
0.270357
0.715297
-0.788834
1.26567
-1.05665
2.13721
0.592713
-0.912908
-0.888288
-1.91062
0.598036
1.7972
-1.05598
-0.863928
0.334961
0.476128
0.00323272
-0.0283934
1.2651
-0.77168
0.0633399
0.699703
0.129214
-0.91343
0.644975
1.23519
-1.72849
2.13179
0.920589
0.0580792
0.964424
0.437112
-2.26328
-2.04239
-0.752013
-2.03336
1.8528
-0.462471
-1.1562
-0.852327
0.642801
-0.653569
1.19208
-1.09865
0.839199
-1.00995
-0.843292
-0.881769
0.19422
0.398068
0.399687
1.286
-0.665787
-1.34566
-0.544634
-1.86826
-0.869423
-0.504024
-0.890774
1.62095
0.391727
0.125635
-1.16948
0.968079
-1.48432
-1.98325
-0.964276
-0.172471
-1.16611
-0.788504
-0.860863
0.202394
1.24603
1.04111
-0.169497
-1.09172
0.31598
-1.40402
0.0527693
0.182537
0.507388
-0.0359985
0.467268
-0.310174
0.339259
-2.27826
2.78326
-1.76253
1.3578
-1.15665
-0.00265706
-1.91142
0.233883
-0.633645
1.64092
-0.83347
0.579085
-1.19859
0.210892
-1.24437
1.29983
-0.465189
0.540866
0.477023
-0.770227
-1.46473
-0.567411
0.0538282
-0.408248
1.90581
-0.792155
0.301432
-0.164926
0.114054
-0.159667
-0.877165
-0.0750499
0.684358
0.795569
0.683734
-0.884671
-0.745636
-0.970172
1.04094
2.04229
1.5599
0.338398
-1.10279
0.614239
-1.31883
0.178598
1.64721
0.455692
-0.74274
0.883158
0.282408
-0.100834
-0.430222
-0.918338
0.0135554
0.647134
0.773089
0.128778
1.00673
0.708118
-0.263559
0.327289
-0.315794
0.36003
0.176802
-1.9377
-0.245273
-0.232548
0.0744994
0.608491
0.144582
-0.523348
-1.71009
-1.53983
-0.289593
1.06442
-0.526059
0.592709
-1.89347
-0.137494
-0.6376
-1.01483
-0.0329182
-0.425658
2.53812
0.641266
0.606033
1.0085
0.761095
-1.84485
-1.61541
0.204276
-0.326345
-0.545591
1.92709
-0.310443
-0.438894
-1.60286
0.457565
1.73396
0.309174
0.0885415
0.563247
-0.903646
0.354907
0.471503
0.154197
0.804779
1.55094
-0.688274
-0.0747293
-0.310296
1.81519
0.175172
-1.35712
1.84868
-0.392482
-0.040181
0.648338
-1.59134
1.78592
-0.828419
-1.57018
0.876533
-0.725912
-0.938891
0.805222
1.39971
0.328647
0.882636
-1.45239
0.376269
1.39781
0.953002
-0.244078
0.875804
-0.127215
-1.53613
0.335234
-0.67391
-0.128046
0.525761
1.59358
0.654029
-0.573802
0.799876
-1.0928
-1.37063
0.0848727
0.130543
1.30166
0.0207423
1.29631
0.210013
0.970797
0.30364
1.97402
0.462607
0.373385
-0.380536
0.876302
0.617841
0.248957
1.89437
0.674756
0.594506
-0.194653
1.06425
-0.279258
-0.204969
0.113457
0.181935
0.954727
0.357176
1.20253
0.311511
0.847463
-0.757283
-0.387999
-0.785015
0.12305
0.527782
-2.17355
-0.783144
-2.36973
-0.517717
0.337644
-1.34584
0.207066
-1.21921
-0.0878043
0.411526
-1.38285
0.450067
0.438786
-0.276338
1.00501
0.553954
-1.66046
-0.798476
-0.59519
-0.588601
0.293206
1.02031
1.04166
-0.041514
0.00896722
-0.361946
-0.63443
-0.547386
0.13773
0.743326
1.64696
0.114286
-0.11925
-0.168213
0.00566864
0.226057
1.04965
-0.275395
1.25817
-0.594282
1.98514
0.0414911
0.288725
0.717892
0.202941
-0.027967
0.162658
-0.770783
-0.841502
0.189975
1.82864
0.727922
-1.29094
0.167357
0.00768429
-0.416147
-0.22841
0.95349
0.0901399
-0.66517
0.71908
1.26863
0.234644
-1.01622
0.769835
-1.26709
0.958128
0.452861
0.483422
-0.235762
1.09568
1.86197
-0.0332311
-1.26863
-1.34884
0.301329
2.03333
-0.354175
-0.21578
0.0727351
-1.38624
1.53549
0.492992
0.21741
-0.181555
-0.526604
-1.29325
1.78451
-0.915202
0.823966
0.216904
0.47925
-0.829184
-0.0891995
-0.118931
0.705023
-0.519073
-0.304652
0.204769
0.944908
0.605165
-0.988702
-1.32685
1.20881
0.722336
2.34807
0.876593
1.43664
0.642778
0.585828
-0.823622
1.03789
0.132814
2.00407
-0.902064
-0.0960904
-0.687626
-0.142237
-1.08323
-0.784859
1.41239
0.961411
0.727035
1.12985
0.349059
-1.03086
0.288427
-0.669126
-0.879083
-0.936505
-0.267677
-0.0605938
1.34051
0.200065
-0.426212
0.663454
0.23458
0.591935
0.368885
1.01103
-0.343398
0.143949
1.3982
1.39881
-1.54775
-1.77341
0.419824
-0.151617
-2.48873
-0.210048
0.677218
1.65309
-0.100122
-0.956266
1.18273
1.17381
-0.842722
0.0611476
1.04392
-0.789443
1.07466
-1.19648
0.257319
0.122673
1.2521
0.357856
-0.0194644
-0.383415
-1.58387
1.93037
-1.55598
0.0486884
-0.101074
-2.4568
-1.65335
1.34678
0.359426
-1.62029
1.25767
1.23473
-0.321962
-0.104287
0.127559
-0.151189
-0.222432
0.273964
0.451264
0.989446
-0.328634
0.405902
0.466546
0.845259
-0.317495
-0.331387
-0.0203277
-1.74129
-1.77022
-1.74139
-0.748518
-2.51951
1.40904
-0.609633
-0.0135108
0.353076
0.576283
-0.134556
1.81333
-1.79915
0.712556
-0.850609
1.78379
0.0730732
1.24157
-0.703277
0.355842
0.803851
-1.42522
-0.356731
0.925682
-1.75153
-2.15688
-0.23765
-0.0844554
-0.214291
-0.507758
0.0728725
-1.70997
0.641834
-1.62013
0.813875
-0.271448
-0.3266
-0.76081
-0.483757
-1.30455
-0.882864
0.0822101
0.139844
-0.515368
-0.391012
1.90748
0.552685
-1.36755
0.439326
1.48991
-0.960659
0.655305
0.0862591
-0.227178
-0.0349609
0.332212
0.466957
0.192646
-1.22862
0.894599
1.2689
0.286082
0.771229
-0.232299
-0.611408
1.2533
-1.41721
-1.11433
-1.03935
0.199529
2.50237
-0.172328
-1.02818
1.005
-0.926162
-0.456815
0.809978
-0.482612
0.775199
1.3432
-0.498124
-0.314757
2.69743
-1.22266
-1.07484
0.604704
-0.629397
-0.532416
0.402611
-1.39284
-0.983738
-1.71087
-0.4421
-0.528518
-0.899665
-1.30501
0.920334
0.252675
0.525698
0.271446
-0.70378
-0.679573
0.531463
-0.0319439
1.05807
-0.00699049
-0.54741
0.672202
0.461045
0.402655
-0.933127
-0.69182
-2.6661
0.42365
-0.40844
0.42844
1.5064
0.184615
2.85861
0.95926
0.91916
0.846363
-1.59554
2.14966
-0.0765402
-1.0706
-1.1442
-0.472233
0.00375313
-1.0589
-0.878173
0.306147
0.316701
-0.197589
-0.796091
-0.837836
1.61241
2.29419
-1.28374
-0.586627
0.97014
-1.128
-0.316615
1.16621
-1.05095
-0.69752
1.13103
1.85649
0.000581622
1.7649
1.89377
-1.1197
0.639882
0.527581
-0.654621
-0.907421
-1.45851
0.0315517
-0.352634
1.48857
-0.574829
-0.145423
0.0545539
-2.3785
-1.2361
0.277838
-0.984895
-0.556513
1.18454
-0.230857
-1.5449
-0.801198
0.304066
-0.230596
-0.151834
-0.178551
0.796683
-0.591352
2.36258
-0.606869
0.118971
-1.16276
-0.882809
0.257171
0.289755
1.32205
-0.653003
0.771632
-0.564688
-0.695587
0.416002
-0.380391
0.341597
0.382632
2.6702
1.16052
1.37541
0.833702
-0.107067
-2.499
-2.01582
1.05825
-0.776501
0.335948
0.116125
0.803914
0.313723
-0.123355
0.754629
-2.47693
-2.1919
-0.303449
-0.0103737
-0.555923
0.869965
-0.406321
2.59595
0.292773
0.960023
-0.178488
-1.14367
-0.500083
-0.709419
-0.298094
-0.772779
0.692914
0.997628
-0.244178
-0.179567
-0.521329
1.48079
0.996125
-0.925059
1.60354
-0.366004
0.376001
0.95441
1.10715
0.00727057
0.655561
-0.223137
-0.338548
-2.23963
0.696678
-0.144977
0.720838
1.47077
0.0943527
-0.284277
1.32633
-0.196913
1.21978
-0.519044
-0.6626
1.59538
1.69687
1.83458
-1.24159
-0.866467
-0.727057
0.809983
1.11057
0.86581
0.383521
-0.998825
0.195179
-0.389086
0.299512
1.37695
-0.551985
0.216513
-0.818744
-0.631668
0.0442027
0.781001
0.116808
1.03258
0.505976
0.872212
-0.847849
0.0323845
2.33038
0.0170802
-0.377172
-0.606074
-0.160581
-1.01126
-1.1554
-0.628321
0.772085
0.45016
1.45182
1.75702
-0.599161
0.683168
-0.770801
0.4294
-0.0802988
0.353926
-1.00457
-0.0822339
0.311179
-0.468845
-0.51673
1.52028
1.13169
1.39636
-0.479225
1.25716
-0.615728
-0.768038
-0.134891
0.177789
1.23069
-0.906113
0.0395544
1.92153
0.145169
-0.52773
0.452357
0.389452
-1.80762
0.267358
0.459404
0.0365961
-2.32763
-1.2227
-0.933055
0.683814
-0.470806
0.246839
-0.13041
2.02817
-0.452286
-1.56139
0.670224
0.493194
0.200819
0.31733
-0.948188
-1.22365
2.33012
-0.452892
-0.710313
0.587573
1.36094
0.348972
0.0895442
0.391433
1.46648
-0.84291
-0.77282
-0.459341
-0.616947
-0.0520568
2.5746
-0.677428
0.208456
0.303405
-0.125079
-2.85181
-1.46195
-0.472272
-1.79315
-0.215136
-0.222544
-0.883305
-0.0178129
-0.0148111
0.267322
-1.00395
-2.07652
0.608669
-0.0756854
-0.672542
1.37929
0.65601
-0.356106
-0.941801
2.04609
-0.538159
1.77066
-0.869605
-0.829848
-0.984472
1.75862
1.96305
0.099901
-1.43341
0.168735
-0.592681
-1.67397
-0.717442
1.06866
0.601312
1.23367
-0.964082
1.2384
-0.63245
-0.396968
1.06327
-0.00579858
-0.257597
-1.99526
0.153606
-0.603722
-0.419805
-1.24772
0.610679
-0.0235572
-1.74841
-0.209531
2.00937
1.79213
-0.739612
0.355316
1.27162
0.700751
0.710895
-0.40051
0.282608
1.55832
-0.277612
0.544332
-1.66134
0.376301
0.714571
-0.0218727
-0.0257369
1.52253
0.906164
-0.479084
-0.232631
-0.57164
-0.592331
0.0615881
-0.548429
1.34346
0.727146
-0.497677
-0.137885
1.10232
0.86148
1.56994
-0.479386
-1.43311
-1.73723
0.874531
0.681642
-1.3957
-0.836587
-0.7856
0.0905089
-0.0177439
1.86838
1.35939
0.638026
0.305878
-1.07136
1.02011
0.981495
0.0231841
-0.363723
1.27918
-1.70829
-0.00188583
-0.14884
-0.303585
-0.561052
-0.621682
1.2488
-1.24303
-0.604618
0.0220522
0.410055
-1.30879
0.338622
0.132201
0.321812
-1.0061
-1.19021
0.34334
-1.52287
1.01778
0.0270652
0.0355079
-0.280115
0.474535
-0.297994
-0.493272
-0.134955
-0.0018521
-0.308527
0.73169
1.94256
0.773166
-1.10468
1.34252
1.06994
1.85933
0.561418
-1.7135
1.90072
0.267727
-1.14513
0.839786
-0.350574
-0.206239
-0.255105
0.398544
0.192167
-0.0699357
-0.951725
-2.427
2.06771
1.1244
0.283537
0.590912
-0.0916163
0.766261
1.2395
1.36946
-0.126071
-0.648166
-1.15933
0.535341
1.20091
0.962519
-1.84904
0.899215
-0.106823
1.21091
1.39471
0.200945
-2.79927
1.77737
-0.287055
-0.354549
0.200211
0.645173
-2.12295
0.841678
0.481174
0.142836
0.0432926
-0.26469
-0.604799
1.37399
0.681451
1.82796
-0.782264
0.289382
-0.764769
-0.463097
1.30509
0.0432734
1.46244
1.10651
-0.587636
0.800896
0.372802
0.043407
1.42736
0.859781
0.646717
0.949949
0.581808
-0.906457
1.11305
0.905079
0.669781
1.33288
-0.342113
-0.471529
-0.327299
0.364156
0.339129
0.113976
-0.497239
-0.575439
0.385579
-0.8672
0.836202
0.85221
0.515155
1.29002
-1.39211
1.13658
-1.18453
1.06534
2.21471
1.27544
0.290343
1.68121
1.97351
-0.290661
1.34703
1.03216
0.956402
0.603702
0.745461
-1.80224
-0.17016
-0.819516
-1.63341
0.914686
0.834617
-0.832232
1.1955
-0.0993275
1.13477
0.490834
-1.45732
0.328718
-1.05642
0.219498
0.175279
0.580246
-0.776574
-1.33133
0.353093
-0.94737
-0.513923
2.33262
-0.226517
-0.591088
2.24332
0.88585
-1.2816
-0.697386
-1.51348
-1.39263
-0.187031
0.182978
-2.08086
-0.396133
0.900498
0.0479069
-0.211249
0.258277
-1.29811
-0.125027
-0.547693
0.444146
-0.52245
2.35871
-0.227762
0.482361
-0.457492
-1.57586
-1.11756
0.364756
-0.165931
0.726067
-0.207181
-2.015
-0.559105
0.52331
-1.34685
-0.522336
-1.40323
-0.140702
-0.669475
-1.23144
-1.72183
0.655079
-0.388954
0.147728
-1.06047
-1.40048
-0.767699
1.0013
-2.87709
0.622029
-0.429571
0.0767834
0.338657
0.30704
0.00791037
-1.33478
-1.36338
-1.21977
1.18965
-0.917489
1.38736
0.307182
0.0773981
0.731315
0.294517
0.713713
0.212599
0.431119
-0.332093
-1.42468
-0.804932
-0.0977894
-0.42184
-1.30166
0.58547
0.35205
-2.55492
0.94042
-1.33644
-1.13162
0.089678
0.141399
-0.734406
-0.517542
-1.42051
1.62675
0.400039
1.61056
1.5543
-0.0410495
-0.774961
0.0678434
-0.632119
1.50401
0.193722
-1.62244
-0.884756
0.371967
-1.27595
-0.267159
-2.07715
-0.688055
-0.414187
1.42486
0.042333
-0.436086
-0.0760513
0.471308
-0.242303
2.10504
-0.822994
-1.33196
-1.16217
0.57975
0.409393
-0.718214
-0.66837
-0.0154501
-0.0110605
-1.44095
-1.46854
-1.94446
0.560133
0.404975
-2.2862
-1.06867
1.99503
2.82709
0.409379
0.851721
-1.46958
-0.695272
-1.00668
-0.246529
-0.0659229
-2.57754
-1.22788
0.531621
0.486891
0.595956
0.528964
-0.274963
-0.61514
-0.647018
0.47093
-0.0606197
-0.499999
-0.440047
0.013236
0.521763
0.589905
-0.918154
0.343394
0.869736
1.7346
-0.646086
0.345995
0.338736
0.321868
-0.0456644
-0.134579
0.4097
-0.304971
-0.169459
2.19036
0.525555
0.347392
-0.238511
-0.626155
-0.225004
2.09923
-0.261964
0.752457
1.38828
-0.00632483
0.698153
0.660516
0.646706
-0.122636
-0.36836
-0.747937
0.758753
-1.55591
0.659631
-0.545609
-1.00448
0.896451
0.865357
0.252452
0.100604
0.677626
0.358293
0.842176
-0.816694
1.32034
1.04445
0.377612
-0.97696
-0.259786
0.669753
-0.480591
0.524701
1.59797
-2.01185
0.709788
0.707029
1.37293
-0.0598317
-0.0444592
2.49399
0.894016
1.2848
1.46919
-0.0194198
-2.15566
-0.712527
-0.480524
0.633573
0.375404
0.428674
-1.23674
-1.31855
0.0986816
-0.652407
1.09413
-0.24065
0.486146
0.107816
-0.752035
-3.12547
-1.65141
-0.622617
0.42385
0.250841
-1.01313
1.43808
1.11156
0.140374
-0.329013
2.71442
0.945441
0.454688
0.0377129
-2.0443
0.0353112
-0.633311
-0.146597
1.53815
-0.792596
-1.84557
1.14882
2.33389
0.140096
-0.996786
-0.457235
-1.05523
-1.63137
-0.00263661
-0.609722
-1.67029
0.181164
0.401973
2.31994
0.0446503
0.220629
0.0907871
-0.637314
0.042102
-2.05565
0.514346
-0.412567
-0.641719
-0.685824
1.6492
1.24391
0.0898892
-0.807587
-1.70532
0.597796
-1.23352
0.363595
-0.426709
-0.0601729
1.13313
0.400917
-1.93717
-0.419602
0.749453
0.308597
-1.46783
0.228976
-1.20433
-0.789664
0.191783
-1.45231
1.88074
-0.292265
0.387131
-1.75717
0.405064
1.45269
0.695209
-0.982343
-0.625144
-1.86753
-0.131298
0.902188
-0.485012
0.753361
1.18499
2.2491
-0.633837
0.753327
-0.0476698
-0.678103
0.403427
-0.169778
0.312092
-0.986269
0.152999
-1.34991
-0.638539
-1.00928
-0.70546
-1.76078
-0.784397
0.953682
0.495884
-0.571524
0.283324
0.375701
-0.00669867
0.896601
-0.171407
2.41595
0.839126
0.123869
0.0257884
1.34044
1.74512
0.461733
0.0337698
-1.35527
-0.286035
-0.75214
1.42996
-0.912357
-1.58939
0.131189
0.678517
-0.135486
-2.05069
0.555274
1.36082
-0.326379
1.63292
0.657874
-0.275856
-0.76486
-0.67551
-0.626533
-1.17452
-0.220413
0.35638
-0.65952
1.1552
0.627801
1.42062
-0.374834
0.414363
0.53468
0.902468
-0.795186
0.211779
1.74711
0.295893
-0.321121
-0.0209715
-0.762094
-0.532694
1.36841
-1.301
-1.3527
1.83794
-0.956254
-0.0826635
0.984343
-0.0396107
-0.296806
0.847794
-0.48455
1.16427
-0.816032
-0.386748
-1.67171
1.45007
0.785209
-2.16294
-0.171306
0.171973
1.03587
-0.939892
1.85634
-0.664038
-0.861175
1.48503
0.858413
-0.183293
0.543386
0.547392
-0.205581
-1.68058
-0.0038442
1.97689
0.0118126
1.69258
0.411558
-0.801627
-0.764845
0.40017
0.671313
0.902299
0.274506
-0.0862554
0.414107
1.42365
1.64612
-0.154634
0.153946
1.26966
-0.341624
-1.11885
-1.48672
-0.393837
-0.679288
1.72193
-1.00609
0.328862
-0.616741
0.875908
0.507933
-0.937395
-0.484501
-1.32524
0.515086
0.13754
0.884402
-1.02235
-0.562968
-1.91882
0.403932
0.706671
-0.131682
-0.885302
-1.17661
0.980196
-0.893942
-1.30588
-0.562775
1.26702
1.29722
0.692765
-0.496705
1.05104
-1.11159
-1.00184
-1.56303
-0.249133
1.50519
0.0582143
-1.49109
0.351972
1.27082
0.77715
-0.666764
1.13421
0.725632
1.45767
-1.90492
-0.543901
0.81315
-0.472051
0.509313
-2.36153
-1.2195
1.42501
-1.54338
0.0115651
-0.429914
-2.41206
-0.451249
-1.35386
0.888671
-1.24798
0.504672
-0.102871
1.16693
0.312693
-0.682916
-0.371165
-0.28801
-0.48267
-0.618254
0.0594766
-0.689483
0.439634
-0.0532202
-0.0340483
0.749225
-0.101442
-1.46393
-1.19485
1.39513
-0.804417
-0.576481
0.392167
1.01011
1.81105
-0.09497
1.47291
-1.31278
-1.24982
0.0775836
-0.77527
0.966252
-0.495437
-0.132518
-0.298088
0.633431
-1.39275
0.691972
-0.131707
-0.852172
-1.95171
-0.880216
-0.577864
-0.148142
0.0533118
-0.843384
0.0974153
0.294222
-1.30298
-0.210184
0.784394
0.181603
-0.539739
1.85595
0.492257
0.0233656
-0.426563
-0.629705
0.33405
0.599638
-0.706915
-0.26813
0.517251
0.0372586
0.714365
-1.14352
1.51695
0.184204
1.86676
-2.09749
-1.32297
0.801537
0.225639
0.37275
-2.28333
0.8375
-0.695807
-0.431511
-1.6457
-0.654594
-1.78585
0.0591384
0.630996
-0.599785
1.41044
0.716076
0.590426
0.678514
-0.921058
-0.298866
0.47402
-1.71346
0.888212
-0.164291
1.56763
-0.162468
-1.39294
1.82933
0.33902
-0.754733
-1.99037
0.328836
1.03413
-0.546371
-1.03564
-0.44194
1.06323
1.18494
2.15201
0.907308
0.488656
-0.376539
-0.716776
1.40248
0.912838
-0.723305
0.73342
-0.645864
-0.705752
0.171786
0.386466
-0.0742549
0.708146
1.99441
-0.291257
1.66735
-0.290843
1.27623
1.39687
-0.208493
0.756092
-1.64869
0.765484
-0.994393
-1.69076
-0.204633
-0.101281
-0.016104
1.88328
0.777471
0.857475
0.286708
-0.767562
0.537474
-0.668257
-0.198816
1.08358
1.36656
-0.981965
-1.76694
0.538979
0.982706
1.67652
-1.27936
-1.10797
1.6676
-0.942798
1.21784
-0.841376
-0.319479
0.445956
0.414954
-0.948045
2.44627
-1.11387
-1.28414
0.280765
1.1944
1.34782
-0.48211
-0.272165
-0.0417244
-0.662812
-0.559832
-1.53398
-0.301077
-0.634505
1.05535
1.74349
0.0339643
0.616133
-0.371187
-1.28953
0.149373
0.690279
0.585435
1.84339
-0.452725
2.48439
-0.823191
0.805563
-0.189416
0.287016
-0.447303
0.0224954
-1.7619
-0.326081
0.361952
0.29165
-0.478391
0.517804
0.412039
-1.97193
-0.48425
-0.711746
-0.737638
0.535236
0.0679187
-0.0475708
0.253809
-0.301623
0.423014
-0.300125
-1.18895
1.33432
-1.36465
0.266849
-1.1781
-0.639811
1.0196
-1.2723
-0.833093
0.805649
-0.659512
-1.42234
0.0315797
0.132358
-0.133704
-0.369497
0.121992
2.21704
0.248211
-0.3625
-0.838117
1.44789
0.0377557
0.128753
-0.359818
1.77313
0.771042
0.800532
0.236789
-0.534893
1.56891
-0.0466459
0.53471
1.47467
0.0374911
0.194394
1.81447
-0.0190992
0.41692
-1.10403
1.46294
-0.769647
-0.127928
-0.458902
0.146487
-0.22736
0.477625
-0.513164
0.53837
0.7907
-2.20374
-1.14461
1.27629
0.21134
-1.54166
1.13564
-1.45291
0.0629473
0.135092
-0.457028
0.00352234
0.935495
0.742232
2.10572
-0.376288
-0.985247
-0.592122
0.0878709
0.226001
-0.325565
-0.678058
0.545307
1.03215
0.0758934
1.37235
0.669642
0.585805
0.819277
-1.41158
-0.920331
-0.265081
0.148061
-1.04337
-0.545139
0.167962
-0.553339
0.619321
0.256015
0.822138
-0.483146
1.08885
-1.17572
0.42784
-0.574659
1.04987
-0.235288
0.11915
-0.613867
0.521723
0.750903
-0.596932
-0.21767
0.413411
0.157767
0.526974
0.636106
1.20084
1.29019
-0.369571
-0.939049
-2.11073
-1.05406
0.414823
0.0505913
0.69965
-0.00175214
-0.0247326
0.408341
0.530602
-0.733232
-0.926205
0.492401
-1.59445
0.475334
-0.0357904
-0.527721
-0.142129
-0.60556
-0.454523
0.40571
0.48616
0.362636
1.99753
-2.62827
-0.928303
-0.925852
1.16824
0.0543785
1.74049
-0.627964
0.203629
0.785763
0.545287
1.15815
-0.879777
0.38823
-0.580289
-0.19989
0.515692
0.637694
1.57009
0.380937
-0.253239
2.07926
-0.0897787
-0.314094
-0.768351
1.44605
0.44293
-1.38809
-0.283852
-0.933256
-0.684104
-0.850465
-1.06473
-0.370246
-1.67501
-0.482199
-1.01053
0.872066
-0.872171
-1.25648
0.110997
-1.67912
-1.53501
0.079594
-0.492696
-0.0320334
0.679056
-0.939121
-0.205227
-0.928236
1.67826
-0.0270685
-0.248358
-0.905202
-0.00979429
-0.82152
1.8983
0.493892
0.448375
0.508832
-0.545152
1.49671
-0.293655
0.820951
-0.298567
0.269127
0.716871
-0.0486782
0.0331619
-0.386258
0.581547
-0.383761
-0.287543
-0.656588
0.279207
-0.156361
-0.261536
-1.10705
0.429103
0.0713379
-0.589941
2.45404
1.55857
-1.97149
-0.288428
-0.0600159
-0.821706
-0.353617
0.132894
-1.05491
-1.01786
1.18421
-0.339526
1.03998
-0.255204
0.151615
0.540225
-0.645543
0.265985
1.03607
0.590389
-0.793304
0.0507504
-0.688687
1.66598
0.0278862
-0.396222
-0.187263
0.264406
-0.0322033
1.41409
1.24624
0.445824
-0.349054
-0.976622
0.879206
2.51403
0.427029
-0.406462
0.177832
-0.871804
1.38735
1.16598
-1.98861
-1.96233
-0.216454
-0.0857868
0.462167
-0.902954
0.126714
1.46766
0.457389
1.06764
-0.48628
-0.560991
-0.0220498
-0.198311
-0.323652
-0.466057
-0.142615
-1.12806
1.467
1.00594
0.176931
-0.310107
-0.0135502
-0.862476
0.78767
-0.131174
0.786831
1.35963
-1.3126
0.305834
0.534813
0.042243
-0.848304
-1.37514
-1.12378
-3.3705
-1.15408
1.32095
-1.06271
-0.92243
0.156984
-0.416624
-0.184968
1.49243
1.03689
1.30079
1.24186
-0.152371
0.11085
0.563467
-0.0855443
-0.495145
0.992237
0.589678
0.836495
0.881916
1.20858
0.804283
-1.82795
0.581583
0.551525
-1.09384
1.09759
-0.394865
-0.323861
-0.00931937
1.13305
0.290361
-1.62939
0.0356466
-0.121592
-0.583597
0.734298
0.496123
0.741615
0.397894
-0.349918
-0.588325
1.60219
-0.743516
-1.73286
-0.798981
0.0574638
0.0521294
-0.382733
-0.349307
1.25123
0.558461
-1.17502
0.396748
0.185468
1.75134
1.25593
-0.166611
-0.160323
-0.932588
2.26343
-0.357601
0.0762874
1.25117
0.835043
0.509404
-0.898289
0.34637
2.36905
-0.0554743
-0.419019
1.28344
0.46542
-0.718145
1.49588
2.21255
-1.24765
-0.402939
0.382985
-1.13166
-0.688901
-0.45817
0.101773
-0.178773
2.64133
0.824429
-0.0763068
-0.89291
-1.14716
0.554579
0.420322
0.614459
0.80793
0.639485
-0.545171
1.44264
-1.53055
0.348609
-0.250857
0.48521
-0.717478
-1.65088
-1.32464
-1.2506
0.962125
-0.323088
-1.56943
-0.970248
-0.200835
-1.2047
-0.842418
0.409646
2.35192
-2.14109
-0.569613
-0.238831
2.50884
1.42488
1.39455
1.03058
0.342208
0.754857
0.154403
0.945657
-0.0850052
-0.742049
-0.122683
0.904606
-0.0881835
1.58983
0.807307
0.0387455
-1.43343
0.422578
0.108574
0.844416
0.261375
-0.461243
-0.109599
0.0219685
-0.409616
-0.873177
-0.990628
0.565005
-0.39254
0.728625
-1.01753
0.733999
0.427805
-1.33252
0.0204914
-1.74231
-2.13092
0.0345007
2.32934
0.128572
-1.35193
-1.36996
0.54011
-0.50608
0.0610775
0.0634999
-2.36303
-0.492347
0.534755
-0.419477
1.78793
0.679643
0.0755638
0.483312
0.177999
0.83821
0.626464
1.91017
-0.435499
-0.570849
0.243064
0.269354
-0.13412
-0.496401
-1.82409
-0.892665
0.0865949
1.97091
0.705484
-1.88823
0.331708
0.394517
-0.454679
0.88627
-1.27815
-1.23184
1.22579
0.0976049
0.583436
-0.751014
2.14708
0.165107
0.730687
-0.329957
-0.214772
-0.871402
-0.544669
0.692396
-0.26977
0.502336
1.46562
0.0560159
0.633414
-0.496668
-0.59448
-1.73782
-0.441033
-1.04807
0.0382496
0.194255
0.426378
-0.0373086
-0.742746
0.682827
-0.454683
-0.718463
-0.164098
0.527033
-1.01278
-0.355035
0.80292
1.8434
0.465417
-0.523571
0.210928
-0.928245
1.44091
-0.637943
0.867794
-0.075559
-1.316
0.47548
-0.228077
0.237755
-0.158274
0.996604
-0.131249
0.898842
0.400329
0.0551128
-0.254776
-0.618407
1.08539
-0.386036
1.1857
0.63155
0.590097
0.173221
-0.826947
1.1905
-0.294304
-0.453369
-1.12844
0.949347
-0.219369
-0.83773
0.663187
1.16501
1.29355
0.161074
-0.072679
1.47247
0.835983
-0.0291358
0.0227916
-1.13136
-1.69721
0.542449
1.15372
0.780281
-1.00653
0.854078
-2.0303
-1.29859
0.548777
-1.7753
-1.29787
1.36673
-0.371529
0.913942
0.801542
0.471401
-0.196938
-0.342477
-0.502645
0.848667
0.131865
0.186056
0.515414
-0.848216
0.585346
0.797632
-0.13986
-2.17333
0.469381
-1.28014
-0.0542712
-0.970772
0.395613
2.25913
2.073
0.441877
0.15527
-0.620405
0.38604
-0.522275
-1.68091
-1.34189
-0.473796
-0.0175733
0.76621
0.0265068
-1.32178
-0.643424
0.554772
1.00111
-1.17226
-1.55172
-1.63305
0.119125
1.08672
1.30293
1.11725
0.501559
-0.00824648
0.0625862
-0.0831364
2.01143
-0.328649
-0.117756
1.00447
-1.05062
0.472041
0.563637
-0.485335
1.5966
-0.33716
-0.837284
0.233703
1.36659
-0.719642
-0.756725
2.58071
-0.00135154
-1.73425
0.839222
0.326315
-0.972455
0.441278
0.0836405
1.63055
-1.02819
-0.171578
0.363023
2.07566
-0.654169
2.53881
-0.62003
0.462235
0.786015
0.0397552
1.45353
0.754488
0.520454
0.907287
-1.77499
1.70208
2.9567
-1.55474
0.882161
0.832703
1.33175
0.830519
-0.126307
1.67536
1.50488
0.15462
0.937646
-1.38137
-0.433254
-1.58451
-0.338168
-0.0116635
0.373391
0.820021
1.65753
-1.07718
-1.03806
-0.0275359
1.49394
0.40757
0.456392
-1.08341
0.859209
-0.475292
-1.94104
1.01426
-1.834
0.455759
0.766278
-0.951128
0.643313
0.81195
-0.942858
0.980134
2.34531
0.878932
-0.66817
0.0567303
0.409438
-0.175896
-0.980882
-0.520683
0.714238
-0.568723
-0.350436
-0.0850393
-0.78386
-0.406181
0.130474
1.51883
-1.40283
-1.95508
-0.120697
-0.154922
-0.163496
0.394835
-0.800135
1.46793
0.686455
0.173609
-0.236414
1.05817
0.295472
0.0816103
1.8332
1.61744
0.586095
1.89904
-0.721144
-0.27855
0.904618
0.309628
-1.11328
0.256729
2.71625
-1.34502
0.233716
1.55502
-1.78313
0.56433
-0.49051
0.579057
0.129624
-0.563224
0.201988
0.889977
-0.509502
0.597015
-0.123371
1.00768
1.0826
0.99899
-1.70412
0.15049
-1.47001
-0.784516
-0.833546
1.89486
-1.52943
0.182354
0.256764
-1.63512
0.67657
0.633748
0.536999
-1.47681
-0.833677
-2.65522
0.104684
-0.474514
-0.267925
0.592071
1.23867
-1.83879
0.356521
0.231913
-0.141795
0.473441
0.954104
-0.456596
-1.08675
1.17657
1.45216
-0.697667
0.881759
-0.270166
-0.614563
0.520672
0.880685
-0.0433822
-0.144296
0.453169
1.06671
-0.773282
-1.54076
0.118744
-0.0591012
-0.76199
-0.98154
-0.185999
-1.4366
1.77961
0.601481
-0.253459
0.128794
0.222791
2.08464
0.653594
0.989159
1.20425
0.0321314
0.318955
-0.765878
-0.538334
1.1607
0.759764
-0.83268
1.08773
0.629358
-0.968127
0.94482
-0.75646
-0.109916
1.61299
0.255064
2.46228
1.01883
-0.544505
0.634494
-0.881599
0.0194315
1.39528
1.89683
1.32706
-1.82458
-0.0160388
0.139325
-0.108595
-0.987952
-0.737548
-0.288827
-0.32261
-0.191431
-0.590061
0.119648
-1.31264
-0.430641
0.0302209
-1.94169
-0.0362749
0.256101
1.15006
1.66231
1.38609
-0.735152
1.96955
-1.24114
-2.06535
-1.39948
-1.22167
-0.595295
-0.247167
-0.950835
-2.63508
-0.379306
-1.55368
0.113054
0.462942
0.808716
-0.0424721
-1.00884
0.641292
1.49485
1.26719
-0.422544
0.108044
-0.762644
-1.38848
0.744361
-0.481794
0.0241065
-0.966845
0.355936
0.557339
-0.00976551
0.116537
0.481864
1.00262
-0.330249
-0.268647
-0.321979
0.452918
-0.551036
0.90552
-0.612635
-1.72349
-0.59543
-0.64533
-1.07685
-1.52985
-1.12661
0.76108
0.110853
0.719812
-0.80108
-1.04325
-0.326806
1.05716
1.51419
0.682638
0.528789
-1.16193
1.39072
1.0837
1.7599
-1.30765
0.41146
-0.346182
-0.235677
-1.65808
-0.409976
0.775894
2.1335
-1.31869
-0.319005
0.216157
1.16498
-0.175368
1.80442
-1.26443
-0.662075
-0.259318
-0.532224
-1.04124
-0.797822
0.536659
-0.769825
0.804755
0.513531
1.24156
-0.961844
0.518736
0.630197
-0.61984
1.11892
-1.52495
-0.661609
0.51757
-0.736606
0.028834
-0.0399088
-0.644613
-0.642538
-0.147981
1.136
-0.719872
-0.285619
-1.49468
-0.32975
-0.605097
0.0602384
0.523169
0.25378
-0.391471
1.02969
2.43822
-2.21577
-1.35406
-2.00103
-1.22014
0.640058
1.09368
0.23816
1.00681
-1.58122
-1.75223
0.166155
-0.0262882
-1.73027
0.649538
-1.25053
0.0369763
0.448334
0.131171
-0.346245
-0.644459
-0.685597
0.269006
0.327374
-1.28825
1.54252
0.0703308
0.24879
1.33595
-1.24293
-0.154329
-1.02629
-0.149071
-1.20374
-0.711774
-0.0320257
-0.100996
0.547379
0.507246
-0.537506
1.20323
-0.0950687
-0.754921
0.805427
-0.75235
0.961608
2.24927
1.43109
-1.08384
0.273429
1.44592
-1.43982
1.09025
-0.744962
0.227338
-0.392831
1.35627
0.627608
-0.434368
-2.12362
-0.593874
-0.314356
-0.0914031
0.51053
1.687
1.59854
0.988211
-1.63835
0.15604
1.32189
0.365332
-0.54216
0.902952
-0.562375
0.484468
-0.795999
0.285752
0.946485
1.12872
0.834368
0.151375
-0.365024
-0.350468
-0.625647
0.822472
0.923719
0.813196
-0.4076
0.0796017
-0.580315
-0.204015
-2.16434
0.875134
1.09215
-1.3938
1.1455
0.860567
1.46527
0.511016
0.829822
-0.0427887
-0.788023
-0.423672
1.95526
-0.00835454
1.92931
0.87047
1.23684
-0.274742
0.694164
-0.601723
0.453715
-0.82957
0.640612
-0.377165
-1.70435
2.14931
-0.407953
-1.73036
-1.39245
-1.03714
-0.517699
-0.82375
0.151847
1.33451
1.05988
-1.53393
0.533343
-1.03122
-0.0227486
0.858969
0.74227
-0.523547
2.16622
-0.0288475
0.999001
1.30548
0.964776
-0.737406
-0.849748
-2.27775
0.316445
-0.510139
-0.691262
-0.67227
0.148927
-0.775801
-0.0617108
0.401008
-1.8846
-1.46349
-1.15213
-0.35046
-0.269361
-1.87375
2.8654
0.57381
0.892811
-0.884845
0.725446
1.44863
-0.902294
0.638591
2.37525
-0.663995
-0.93154
-0.208588
0.101481
-1.09656
-0.913825
-0.866325
-0.69267
0.318455
0.757153
-1.1149
-0.570125
0.912572
1.67281
-0.317985
0.293567
0.20783
0.612577
-2.73082
0.209834
-0.16285
-1.05527
0.136121
1.34882
0.16053
-0.869151
2.44329
0.0932601
-1.91955
0.464669
-1.19708
-0.528771
0.455803
0.373246
1.81583
0.22812
0.0450544
-0.453125
-0.478937
-0.861386
-0.336653
-0.256433
0.873109
-2.05968
-1.47662
0.320992
-0.868291
0.772286
1.78007
0.348629
0.0625767
1.9842
-0.209249
1.63543
0.600112
-2.19203
1.50915
1.66604
-0.228528
-0.4026
0.734173
1.57448
-0.196436
-0.23921
1.29983
0.569786
-0.716563
-0.853395
0.689316
-0.868845
0.562582
-1.395
2.07676
-0.695156
1.14497
-0.416467
-0.360858
-0.311347
-1.43486
-0.139565
-0.786417
-0.0766113
0.803325
-0.0341043
-1.34705
0.304865
-2.43343
0.250219
0.278496
0.406194
-0.784205
0.459415
-0.0103221
0.451564
0.159333
1.1842
-0.99066
0.442494
-0.625956
1.36441
1.39919
-0.480184
-2.183
1.47154
0.121909
0.10707
-0.345914
0.486668
-0.745413
-1.02183
-0.508003
-0.245588
-2.77248
0.896211
-1.25148
0.571735
0.351379
0.351881
0.633918
0.834339
0.929008
0.652272
-0.681308
0.396963
1.66444
0.358851
-1.34394
0.251765
0.721059
1.23611
-0.26273
-0.239537
-1.9562
-0.14026
-1.58477
-1.58921
-1.26266
2.24785
-0.122862
-1.35681
-0.42706
1.0322
-0.121365
1.02212
-1.19903
0.483813
-1.33438
-1.20868
-1.68442
-1.52069
0.459616
0.566403
-0.312297
-0.255262
1.38337
0.130553
-0.910549
2.11399
0.00226319
-0.201896
1.6082
0.244584
1.39527
0.610364
0.000927329
-1.10224
0.0828773
0.0477531
0.704784
0.598505
-0.160868
-1.75818
1.34254
0.0343918
-0.420603
1.75521
0.371326
-0.859938
-0.668083
0.388877
-0.987926
-0.261119
-0.963025
0.800116
0.908512
-0.126816
-0.0601331
-0.631815
3.06363
1.80411
0.676314
0.00905883
-0.899305
-0.838041
-1.11682
-0.645426
2.05349
-1.0066
-1.19042
-0.888602
-2.15859
0.0987243
1.43665
-0.355563
0.414334
-0.0782017
-1.38834
0.431493
-2.07394
0.573272
-1.43103
-0.233884
-0.703709
0.609459
0.371317
-1.94744
0.422407
-0.0440615
-2.12391
-0.671333
0.798339
-1.08774
2.10905
1.54518
1.92048
-0.682581
0.361604
-0.653155
0.0747541
-1.09787
0.46558
1.226
0.951901
-1.04797
0.416635
-1.43056
0.311249
0.175807
-0.00197548
0.439625
-1.70084
-0.112137
-1.06069
-0.583444
0.56976
0.674686
-0.838585
1.55152
0.656577
0.538514
1.06656
0.378498
0.226583
-0.105139
-0.0680662
-0.451458
-0.950361
0.821726
-0.379455
-0.542386
-1.88296
-0.55868
0.417722
-0.803187
0.846928
-0.897293
-0.433572
-0.566207
-0.662881
-1.12427
2.23487
0.501609
0.820531
-0.665171
-0.119442
0.520124
0.522878
-0.774165
0.165943
-1.55241
1.46666
-0.599027
-1.76507
-0.284775
-0.11982
-0.527957
-0.682468
-0.989491
0.502239
-0.0365657
0.119117
-0.569647
2.33051
-1.06971
-0.726823
-2.29117
-0.495842
-0.546875
-0.803411
-0.611573
0.279555
-0.798208
0.121841
0.332901
-0.401161
1.20059
0.717164
-0.31636
1.10882
-1.78797
-0.414188
0.767533
-0.0774793
-0.226901
-0.189618
0.371869
0.968902
1.43189
-0.287046
0.887155
-1.3407
-0.988212
-0.0970446
-1.31054
-0.0329922
-2.22647
0.190849
1.82216
-0.373126
0.205808
0.0588827
0.191168
-0.814518
0.399177
-0.530437
0.631188
0.928342
1.52966
-0.043744
-2.11139
-0.345822
0.597975
0.318786
-0.438868
-0.15395
1.33548
0.545784
0.939013
0.660876
0.0703233
2.53279
-1.15232
-1.01599
1.48374
0.16338
0.970761
0.304748
0.0850155
1.21576
-0.564655
0.699953
-0.168129
-0.371432
0.625035
-0.925984
-0.0113583
-1.90563
0.347844
0.201446
-0.323967
0.488097
2.28827
1.41137
-0.858522
2.28875
0.249072
-0.456912
-0.0868446
-2.49133
-1.06247
1.58256
-1.52684
0.664597
-1.12784
-0.60337
0.23839
0.758238
-2.65323
-0.232053
-0.0311727
1.13731
0.991562
1.44999
0.581572
0.247409
1.00204
-0.57313
-0.379398
0.497997
0.00358438
-0.305837
-0.735196
-1.94121
0.167056
0.729743
-0.250492
-0.847676
-0.326479
1.50832
0.690911
-0.734588
-1.73285
0.6507
-0.811448
-0.608271
-1.86016
-0.311109
-0.171432
0.556149
-2.7495
1.1358
-0.237429
0.291597
-2.08972
-1.1261
0.162219
1.39518
-1.36451
1.95606
-0.762446
1.3553
-0.673471
0.512503
1.21306
-0.803134
-0.299293
-0.173104
-1.30384
-0.0123968
-0.799919
-1.63234
0.360392
0.0163031
0.415728
-0.812886
-2.00107
0.857101
-0.305131
-0.326172
-1.04955
3.13346
0.89945
-0.0511319
0.140174
-0.920803
1.4729
-0.576551
-1.38116
1.18506
-0.185239
-0.178002
-0.0937898
-0.345672
-0.415169
0.268742
0.87687
-1.27266
2.68669
0.295982
-0.343088
-0.485159
1.36438
-1.14312
0.0412161
-0.252183
-0.293719
-1.26526
-0.162987
-0.25199
-0.319885
1.2378
0.190797
0.140347
0.0470798
0.295104
-0.907321
0.471923
-0.954302
-0.115651
-0.703682
-0.0509803
-1.4818
-0.399529
-0.600553
1.49051
-1.8227
-0.933033
-0.318782
-0.176126
-0.474711
-1.09602
-0.258757
-1.59402
1.04463
0.854251
-0.72304
0.419404
-0.310918
-1.98927
-0.470284
0.156765
0.0592385
1.60043
-0.994137
1.03662
0.96936
-0.587295
-2.06621
-0.693638
0.606485
0.164946
0.983983
0.994983
-1.94997
-0.939772
-1.45884
0.254538
0.104203
0.0700153
0.870135
0.56743
-1.24108
-2.19852
-1.76971
1.00675
-0.279278
-0.581183
-0.000210762
-0.370433
0.165048
0.0191766
-0.0483629
-0.740611
-1.09824
-0.524549
-0.162033
-0.0749294
0.335977
-0.261109
-0.417348
0.91716
-0.305978
0.182055
0.550492
0.0918778
-0.0142136
-0.7411
0.361418
1.69171
-0.786856
1.17864
1.46119
-0.551854
1.8347
-0.214252
0.0212333
-1.12196
-1.1172
0.646621
-1.0601
-0.582359
-0.601459
0.417249
-0.180464
0.238832
-1.60036
0.110689
-1.25499
-0.0391562
0.969723
-0.0824205
-0.995783
-0.534377
1.50332
1.10982
-0.290117
0.114789
-0.347189
1.34354
-0.659801
1.06772
-0.26066
-0.825998
-0.38354
-0.841689
-2.3294
0.421336
0.0926493
-0.949589
1.27305
1.88914
-1.19672
0.0719352
0.291011
0.976591
0.102069
-0.429484
-0.854767
1.16791
0.255741
1.02518
-0.544096
0.140517
1.05087
0.109813
-1.06206
0.65855
-1.51542
1.06852
0.380945
-0.629862
-0.907386
-0.753407
-1.49301
0.154606
-1.61222
0.122226
-1.15285
-1.11234
1.38229
0.90844
0.61289
-1.15596
-0.0817107
-1.1671
-0.737527
-0.904741
-0.180094
0.369958
1.00138
0.297941
-0.048166
-0.489912
0.114494
0.634801
0.371318
1.1746
1.75364
0.262397
0.229207
0.889306
-0.271316
2.09201
1.51994
0.674971
0.152746
0.361294
0.741871
-0.252155
-0.383863
-1.07129
0.806929
0.172128
-0.473359
-0.0378461
-1.83861
1.28411
-0.288082
0.541717
-1.72743
-0.190662
-0.311699
1.08385
0.65795
-1.44636
-1.78933
0.538122
-0.115718
0.693541
1.45914
0.758671
-0.995767
0.665538
1.63452
-1.41338
-0.210104
1.0732
-1.76326
-1.35458
-0.601718
0.521452
-0.250598
0.852106
0.0849754
1.71383
-1.33145
0.484416
-0.332769
-0.344909
-2.24156
0.380357
-0.920578
-1.4574
-0.257321
-1.05086
1.12771
0.0281859
1.33072
-1.56698
0.128682
0.618346
-0.226709
-0.536272
0.683142
-0.943148
0.594899
0.00321835
-0.564795
-0.64552
0.419018
0.131538
0.451719
-0.921686
0.632354
0.188638
0.18852
-0.12294
0.635437
-0.0922668
0.149646
-0.692033
-0.885175
0.52
-0.494653
-0.313797
-0.317501
1.09348
-0.342087
-1.39239
0.408739
-0.955593
0.690796
2.1227
-0.948034
0.786702
0.306862
-1.13005
-1.21
-0.078467
-0.209021
-0.289688
-0.432042
-0.452604
1.39302
-0.549043
1.26435
-0.451144
-1.6275
0.60603
0.29277
-0.383328
-2.49079
-2.0621
1.41094
0.0164795
0.203237
-1.25898
-0.831872
-2.6145
0.113853
-0.782707
-0.621094
0.791413
-0.568797
0.694359
0.730712
-1.27227
-0.0344403
-0.408401
-0.128543
0.315996
1.27935
1.59823
1.16616
-0.465566
0.832668
-2.42473
0.376774
-0.07575
0.629065
-1.45796
-1.88535
0.319172
-1.71526
0.917447
-0.806863
0.0604464
1.8028
-0.591701
-0.0929938
0.625789
-1.01673
0.405688
1.1381
-0.629081
-1.55122
-0.305019
0.95139
-0.276846
0.360023
-0.673951
0.838504
0.205179
2.04176
0.225418
-0.430531
-0.552579
1.36413
-0.792552
-0.921714
-0.288574
-1.58095
0.784765
-2.09662
-0.564526
0.0685123
0.183896
0.0841003
-0.172086
0.574868
0.358036
0.158888
-2.19226
0.782466
0.140712
-0.843724
1.12229
1.30306
1.76862
-0.702595
-0.289079
1.18019
1.96459
-0.440543
0.144803
-0.697813
0.792187
-0.0963199
-1.02642
0.55141
-0.327479
2.08721
-1.40669
0.0251176
-0.4596
-0.374452
2.20024
1.12819
-0.621739
-0.705288
0.456909
-0.870744
2.54884
-0.158405
0.16791
1.18029
-0.00935107
0.384796
-1.16009
-0.652649
-1.7765
0.387566
0.912689
1.2873
-0.813288
-1.29333
-0.51179
1.09151
-0.065037
-1.61755
0.595295
0.933456
1.99837
0.112652
0.806416
-0.370822
0.222012
0.697858
2.7311
-0.152917
-0.45348
0.539577
-0.953797
1.20814
-0.136616
-0.512478
1.77952
1.00676
-0.0947564
1.03563
0.463419
0.379902
-1.01082
-0.608442
2.26413
-0.180694
-0.905908
0.0006603
-2.67464
0.102371
-0.455503
-0.0786266
-1.41614
-0.677963
-2.5745
1.0795
-1.75262
0.344063
1.23353
-1.06841
0.312066
1.5914
-1.32227
-1.02521
1.74896
-0.992407
-0.631224
0.465626
-0.0372368
-2.78785
0.930073
-0.301192
-0.176585
-1.38163
-1.41404
0.454113
-0.134122
-1.8257
-0.461826
-0.00906318
-0.990876
0.64272
0.36371
1.52133
0.0257479
-1.15228
0.147825
-0.343777
1.07012
-0.608864
-1.28282
0.17
0.687865
-0.438322
0.942295
-0.996614
-0.486477
-0.275757
-0.125823
0.235884
-1.09231
-0.344518
0.187358
0.143781
0.0431942
-1.48052
-0.073671
-0.116351
-0.238554
0.939133
-0.88708
1.64964
0.78985
0.75123
-0.174541
-0.461667
1.50016
-2.07229
-0.0940644
0.933911
-1.11867
-1.24194
-0.0945361
0.960052
0.028523
0.301836
0.854899
-1.44259
-0.1308
-0.10689
-0.856764
-0.805082
-0.301934
-0.880854
-1.22982
-0.374915
-0.295559
0.642979
0.113676
0.686542
1.25528
1.53699
0.647737
0.854208
1.08504
-0.522056
0.376488
-0.357705
0.173575
0.564486
0.322358
1.12147
-0.498991
0.986279
-0.758711
0.717515
0.478494
0.385995
1.10224
0.823086
-0.319542
-0.631549
-0.047384
-0.63704
-1.16636
-2.55757
0.801493
0.897702
-0.331663
-0.26405
-1.74303
-0.187572
2.14456
-0.954713
-1.66717
1.39625
-0.106754
-1.22158
-0.181487
1.94753
0.491856
-0.468267
1.48468
0.914234
1.25419
-0.415902
-0.75985
-1.8934
-0.304636
0.0331741
0.388915
-1.63921
1.96389
0.16817
0.837532
1.94356
0.156643
-2.27823
1.12519
-0.26095
-1.96013
-0.80623
0.557415
0.465461
1.55257
-1.69709
-0.655118
-0.538412
0.849695
-1.27028
1.41463
-0.0711855
-1.36689
-1.33839
-1.30439
-0.0196968
0.194987
0.568866
-0.240088
0.148167
0.380141
1.53596
1.31326
-1.87508
-1.62424
-0.427722
-0.0178552
0.131296
-0.588211
1.36284
-1.09257
-0.579746
-0.11646
1.30201
1.04184
-0.768397
0.0873165
0.129712
-1.51215
0.667306
0.625048
0.892806
0.345703
1.55821
-0.550266
-0.371809
-2.00592
0.345863
-0.960598
-1.32283
-0.0289075
0.260046
-2.00056
0.673776
-0.0291743
1.08791
1.6299
-0.437067
-0.499026
-0.291601
0.116146
-0.00618011
0.981979
0.353113
-0.872652
-0.0544897
1.09007
-1.40263
-1.74973
1.37871
0.739206
0.640237
-1.5529
0.333036
0.428346
0.296383
0.878508
-0.295321
0.319112
2.40606
0.0966714
0.0378161
1.99483
0.879642
-1.9256
-0.420655
-0.30453
-1.39172
-1.01429
-0.736823
0.72065
0.540988
1.22261
-0.736102
1.03451
0.706972
0.437161
0.19924
-0.371994
1.29562
-0.0698211
-0.536051
-2.28126
0.176427
0.530204
-1.92783
-2.60516
-0.452325
0.531476
-2.04333
0.894939
0.779181
0.0397103
-0.39202
-1.19744
0.282936
0.0983164
1.48062
0.384036
0.80517
0.165634
1.21009
-0.215312
0.72185
0.861877
-1.0464
-0.837611
-0.555877
-0.733687
0.3699
-1.01864
0.121458
-0.911807
-0.094941
0.967131
-0.351332
-0.167914
0.649207
0.567164
-0.416081
0.132734
-1.74012
1.47331
1.01469
0.107601
0.589326
-0.075028
-1.35253
-1.39399
-2.83567
-1.15102
-0.470198
-0.284618
0.182595
0.673014
0.923734
2.42373
0.0712544
-0.91444
0.580519
-1.36424
1.31705
-0.63226
-0.7114
-0.177797
-0.321604
1.21408
0.31527
0.515538
1.26886
0.0392658
-2.09133
0.843214
-1.50623
0.51189
-0.752206
1.1925
-0.063436
1.33881
0.694385
0.577511
-0.13908
-2.06168
-0.449089
-0.342127
-0.392273
0.0827097
1.43922
1.47223
-0.453481
-0.142128
-0.366186
-0.559518
0.308501
-0.805865
-0.403605
-0.69332
1.03484
-0.793054
-1.67261
-0.418946
-1.22183
-0.408493
-0.306842
0.824805
-2.01283
0.119927
-1.14534
-0.0558295
-0.888675
-1.67505
-0.0820103
1.56095
-0.532367
0.31104
0.576591
-0.178227
0.863254
0.830156
0.810577
0.160218
-1.53799
-0.473077
1.52578
0.768923
-0.630956
0.397839
0.151968
-0.163177
0.939472
-0.316176
0.0262208
1.35454
0.179219
-0.553504
-0.180892
0.0865788
1.87377
-0.452856
-1.17454
0.22435
-0.0184831
-1.11
-0.257044
0.332521
0.114818
2.3238
-0.191367
0.335989
0.845079
0.724255
0.586173
0.289241
-0.663674
-2.05155
0.299251
-0.0504519
0.138479
0.642843
0.697696
-1.30718
0.807012
0.160613
-1.65
-2.29777
1.44485
0.136265
-0.910805
0.435477
-0.330842
1.2429
0.773136
-0.632975
-0.728371
-0.0551481
0.34403
-0.651714
1.52382
-1.16658
0.895666
0.0779222
-0.258895
-1.33321
-0.317273
0.125129
0.990711
0.553963
-1.68611
-0.591864
0.183045
0.305244
-1.39445
-0.815856
0.270175
-1.21396
-0.952908
-1.13333
0.920423
-0.183637
-1.39186
0.765043
0.820906
-0.93208
0.724193
0.119119
-1.90771
-1.15766
0.991275
-0.378715
1.17164
-0.924498
-0.695591
1.10882
1.89882
-1.33349
-1.05417
1.17105
0.684742
-1.6068
0.61524
-0.385753
-0.756882
-0.160512
0.827017
-0.878893
0.307292
-2.57263
-0.658058
-0.12553
0.00182742
-3.0195
-1.17545
-0.414611
-1.39239
1.23638
-0.249637
-0.603737
-0.327642
-0.208749
1.77573
-0.183291
0.321797
1.35649
-1.3327
-0.30149
-2.05054
0.858043
0.686291
-0.102458
0.975027
0.640973
1.35189
1.34679
1.21583
-0.558391
1.69305
0.864683
-0.167121
1.11034
0.487683
-1.30819
1.33567
-0.125357
-0.312952
0.228281
0.472174
0.823994
1.63933
0.265051
-0.11457
0.422655
-0.86569
0.494021
0.774406
1.5701
0.344967
-0.225039
-1.47317
0.948765
-0.900832
-0.191452
0.23486
0.281336
0.330482
0.178476
-2.17442
-0.34207
0.463335
-1.6824
0.939952
-0.693152
1.63916
0.3002
1.35543
-0.550847
0.0915424
-0.811585
1.40411
-1.45924
-0.481262
0.00447375
-0.937741
-2.81449
-0.460523
1.91801
-0.301499
1.4487
0.205934
-0.102946
-1.20256
0.333072
-0.18947
-1.82965
-0.750526
1.07308
-1.01759
-1.08023
1.58489
2.15002
-1.198
1.00327
0.488938
-0.631339
1.49454
1.74164
0.172601
0.609438
-0.0281728
-2.14893
0.0701736
-0.95635
2.01798
0.0312418
0.128565
1.24143
-1.34239
0.542371
0.390777
-0.802137
0.632737
-1.32762
-0.724423
-0.277763
-0.477265
-0.0427466
0.584512
0.514961
-1.85003
0.145791
0.395983
-0.850771
-0.530879
0.916397
-0.490595
0.687419
-0.605281
-0.613954
-0.764988
2.22547
-1.61211
1.53068
0.105978
1.74108
-0.272801
1.47128
1.69429
0.160597
1.4546
1.10971
-0.556378
0.141346
-0.440047
0.594981
-0.309743
-1.1355
-0.0105427
1.8062
0.410001
0.284504
0.424239
1.44994
-0.811476
-1.06174
1.45171
-0.179929
-1.09788
-0.327995
-0.614981
-0.0773407
0.196482
-0.243744
-1.13062
0.0641586
0.396604
-0.671258
1.67585
0.175234
-0.634886
-1.34947
-1.40278
-1.39764
0.839173
-0.220407
0.521215
1.6361
-1.02728
-1.22469
0.362513
0.400011
2.34992
0.176657
-2.69255
2.06676
0.340239
-0.187912
-1.80884
-1.32708
1.04533
-0.536418
-0.468289
1.35
0.163837
-0.602734
0.479225
0.570594
-1.0821
-0.306558
0.526175
-0.215137
-1.3701
1.85857
-1.07217
1.51726
0.537077
-1.01113
1.13951
-1.39575
0.963867
0.073509
1.10113
0.405546
0.0798447
0.0696098
0.0407346
0.634809
1.80875
-1.20051
-0.941204
-0.680541
-1.08449
-1.39547
-0.215058
-0.455516
-1.17756
-0.676032
-0.436529
0.795425
0.632905
0.604288
2.34111
-1.02062
-1.01986
1.45588
0.409055
0.103792
0.944826
-0.498791
-0.146765
-0.98483
-0.0564718
-1.35954
-1.40151
0.637146
-0.271236
1.2938
0.915027
0.23616
0.432908
0.395604
-0.331901
-1.18376
-0.816507
-0.51045
0.060495
-2.34366
0.216371
-0.414702
0.695658
1.55831
-0.754445
-0.891912
0.742155
-0.567706
0.681088
1.00382
1.34078
1.20022
-0.886082
-0.715776
0.179685
-0.811931
-0.54449
1.0786
-0.440435
0.295555
0.673557
-0.679171
-0.690868
0.265686
-0.163045
-1.03719
-0.458328
-0.389246
-1.33461
-1.28939
0.649259
1.43792
1.04342
0.120608
-0.487193
0.665902
0.56077
-1.46995
-0.228142
-1.46424
0.418637
0.68703
-0.536137
1.09624
-0.901217
0.42484
-0.808578
1.64259
-1.01175
-0.369118
0.0629045
0.63412
0.0505889
0.227426
0.601304
-0.225453
-0.815744
0.776158
-0.552435
0.826335
0.339999
0.668979
1.71072
0.780441
2.77319
0.634878
-0.789246
-0.216844
0.0816813
0.123955
-1.48274
2.07355
2.05523
-0.727222
-0.851571
-1.08231
-0.00540078
-0.914017
0.919318
0.880732
0.409518
1.55091
-0.516675
0.288461
-0.081418
0.529641
-0.271431
-1.50918
0.47116
1.40527
-2.16528
1.10666
-0.198094
-0.333396
-0.604943
0.604703
-0.845886
-0.0339159
0.328089
1.75246
0.667994
-0.592044
0.867726
-0.235505
0.366262
1.27928
-0.596159
-0.439849
0.258833
-0.833321
-0.574778
1.8155
1.27162
-0.941362
0.380781
-1.03191
1.21753
-0.691561
0.195339
0.335541
-0.294241
0.629589
0.230516
-0.06826
0.603337
0.476862
1.37606
1.95134
-1.14151
1.10168
-0.186555
0.915269
-0.00157207
-1.38452
0.951782
-0.204306
0.21668
-1.84641
0.521053
-0.669489
0.803298
0.57242
0.28518
0.63356
0.248503
-0.216413
-0.525225
-1.37813
0.277411
1.72524
1.71095
1.48363
0.625452
0.191484
1.29102
-1.11509
1.94751
-0.814638
-0.175586
0.16612
0.275894
0.510066
1.50179
-1.56546
0.230375
-0.727091
-0.734741
0.0664927
-1.67735
0.429512
-0.245928
0.465362
0.903938
1.2708
-0.562442
-0.0405719
0.877263
-0.0289218
-0.206748
-0.841002
-0.543903
0.858807
1.57265
-0.84401
0.462563
-0.746391
-0.951086
1.15736
-2.20417
-0.777235
-1.16759
0.970443
0.322204
-0.0881445
-0.519149
1.93466
-0.0769771
-0.378786
1.2829
0.313037
-1.06401
-0.226258
0.667242
1.25607
-0.0979699
1.23561
0.469181
-0.310149
-1.09591
0.168736
-0.0572228
-0.683416
1.19014
0.788421
0.575425
-0.00429803
-0.0565338
-1.27611
-0.711363
1.34947
0.424608
0.717138
-0.34659
-0.252241
0.271438
-0.619395
0.371549
-0.670705
0.158469
0.836437
-0.493697
0.44633
-1.12933
0.667017
0.223172
0.914935
-0.0413275
0.449266
0.311762
-1.83419
-0.0301633
-1.06735
-0.429737
0.365186
-0.101718
-0.0705383
-2.57104
0.6669
-0.252911
0.485503
-0.0949429
-0.851051
0.0659747
1.66477
1.78295
-0.16779
0.689064
0.525409
0.91657
0.138583
0.202994
0.935555
-0.0587992
0.69114
-0.032772
-0.137021
-1.58913
-0.971082
1.0798
-2.27772
0.591517
0.267877
0.198615
2.12764
-1.44235
-0.486411
-0.253324
0.622512
0.0439897
-0.36872
-0.177725
-1.23313
-0.507322
0.017611
0.0937096
-0.218039
-0.621826
0.52586
-0.973853
-0.842391
0.755356
1.72646
0.373462
0.141758
-1.10135
-1.90872
-0.409045
-0.422574
0.0544888
-0.0370312
0.0593837
1.40993
-0.456445
1.06993
0.75562
-0.469564
0.0236191
-0.866077
0.186697
-0.601756
0.550619
-1.83482
2.15798
0.0160011
-1.03774
0.689397
0.0700842
0.478756
-0.562375
1.07685
0.142184
1.03598
-0.478295
0.605082
0.392172
0.448835
1.33759
0.0386277
-0.129907
-0.70189
0.671163
1.32835
-0.353175
0.630582
0.68393
0.893885
-0.456797
-1.66479
0.617453
0.581394
-1.27193
-0.830923
1.80919
1.54917
-0.062009
-2.45164
-0.0957921
-1.17866
0.631883
-1.49552
0.214784
-0.124956
1.82189
0.622618
-0.0474613
-0.173624
-0.846491
-0.0484149
0.303823
1.32509
-1.23403
-0.539811
1.63128
0.260309
-0.63953
-1.72089
0.938971
1.02382
-0.281329
0.599469
-0.372313
-0.758304
-1.56377
-0.813388
1.17342
1.16042
-0.993329
-0.0657526
0.4127
-0.241244
-0.586542
0.71356
0.0654679
-0.707806
-1.10338
-0.20055
0.48518
-1.20841
1.03979
0.119741
-2.35422
-1.07789
-0.120225
-0.250214
-0.5806
-0.719927
0.674265
-0.0605686
-1.71337
1.69307
0.449543
-0.0492225
-0.582971
-0.318551
0.809602
-0.105952
1.18619
-0.540922
-0.823527
-0.361688
0.960408
-0.509019
0.0466161
-0.991154
1.5783
-1.23985
-0.974565
0.558345
-0.0550144
-0.71298
0.895634
0.860012
-0.109142
-0.925833
0.568075
1.34632
-0.559013
0.697609
0.139109
0.87233
-0.258355
-0.271056
1.04028
-2.53976
-0.727583
-0.289835
0.0801955
-0.0415866
-0.101841
0.721948
-1.85803
-0.838036
-1.31533
-1.15607
0.143279
1.02605
-0.721463
-2.37718
-0.292386
1.6882
0.440574
-0.236066
0.215178
1.29836
1.36733
0.156749
3.03162
-0.0929027
-1.68454
-3.40326
-1.46934
-1.17502
-0.0482358
-0.314531
0.66208
0.368373
0.421748
-0.338478
0.0188621
-0.094031
-1.57133
0.551552
1.06506
1.1527
1.3928
1.67318
1.75702
0.352248
-0.90354
0.457994
-0.998063
1.8729
0.0861631
-0.10795
0.631289
1.88762
0.686045
1.11986
0.939574
0.275005
1.26881
-0.19374
1.17284
-0.66218
-0.675038
0.0293347
-0.587525
-0.12684
0.134108
0.763759
1.71329
-0.234637
-0.995792
1.84713
-0.881436
0.233169
-0.138255
-0.560874
0.529005
-0.303359
0.159536
0.701949
-0.262906
-0.487676
0.956573
0.496828
0.69115
1.47378
0.210095
1.56438
-2.02641
0.934146
0.415756
1.3337
-1.27396
1.94987
-1.55513
-1.65015
-1.01898
1.63408
-0.660546
-1.55658
-0.421292
-1.12483
0.837615
0.280534
-0.455681
1.92984
-0.833386
-0.171386
-0.826205
-0.476338
1.3895
-0.352805
-1.27927
-0.000900626
0.737947
-0.576046
0.127296
1.34908
-1.0073
0.197662
-0.0406891
-1.22695
1.83537
0.392345
0.656026
0.0733905
-0.973276
-1.04649
-1.08522
-0.813788
0.762572
0.14963
0.267819
-0.154193
-0.881902
0.718401
0.260222
1.32065
0.935024
-1.82467
1.1334
-0.549556
-1.38972
-1.96959
-1.55501
0.631746
0.241546
-1.3457
-0.593649
0.764408
-1.06026
-0.552665
0.385346
1.46975
-0.510696
-1.17023
-0.0465453
0.724579
-0.630009
-0.0139775
-0.123359
2.15504
-0.377714
0.0856376
0.593692
-0.357003
-1.86195
0.42961
1.43445
-0.348446
0.248372
0.812574
0.196578
-1.14307
0.186954
0.478376
1.55427
0.727859
-0.153893
0.424075
-0.153649
1.16948
0.586489
-1.30432
-0.0276143
2.45988
-2.4485
0.128902
-0.622411
-0.542461
-0.80834
-0.480716
0.73583
-0.184951
-0.9993
-1.30833
-2.36554
0.239011
-0.183969
0.200614
-0.686513
-0.99375
1.84659
-0.359719
-0.671631
-1.44158
-0.987401
-0.248853
-0.795757
1.54597
1.79605
-0.680687
-0.427309
-0.454927
0.796129
-0.519014
1.85384
0.0679958
0.822379
1.31243
0.466115
2.1306
-1.63813
0.785823
-0.783985
-0.155882
0.564959
0.0673891
0.0437286
1.78081
0.804622
0.709259
0.352071
1.67058
-0.0524907
0.599422
0.655345
-1.94763
-0.827637
-1.39471
-0.270578
-0.926944
0.198688
2.00935
0.54341
1.15641
0.540975
-0.14882
1.32662
-0.00774372
0.314023
0.598738
-0.238658
-0.574138
0.405221
0.389689
-1.65724
0.126041
-0.0526249
-1.74446
0.811838
0.255157
-1.07733
-0.485746
-0.585379
-0.122204
-0.486888
-0.152059
0.569521
-0.313119
0.0570979
-0.706984
-0.750534
1.37907
0.0342138
1.65669
-0.460678
0.698767
2.34456
0.977812
0.244911
-0.861132
-1.16409
-0.198538
0.191654
0.447987
-0.198188
-1.82023
-0.929279
-0.626525
1.02556
1.76085
-0.72198
-1.76002
0.587647
-2.09232
0.750847
-0.0584603
-1.21189
-0.0264455
-0.216911
0.845576
-0.706571
0.763661
-0.019537
-0.792182
0.139717
0.560822
2.93023
0.285962
-2.09043
-0.774756
0.323015
0.811582
-1.07412
-0.616877
0.684504
0.656264
0.000728667
-1.4
-0.43732
0.237092
0.882411
-0.238201
-0.938269
-0.0171857
-0.403585
-2.89469
1.40308
0.180239
0.831073
0.303685
0.0911078
-1.74561
-0.287479
-0.500715
-0.127471
0.939594
-0.216253
-0.221865
-1.13975
-1.1663
0.482093
0.649812
0.869374
0.742373
-2.41881
-1.05231
-0.148465
-1.18443
1.51572
-1.3908
0.0685275
1.24904
-1.37132
-0.547802
-1.20518
-1.07623
0.868975
1.94492
-0.612077
0.390481
1.23381
-1.1733
-0.946787
0.24603
-0.679815
0.375287
-1.90703
-0.240472
-1.42825
0.265183
0.590192
-0.503964
-1.82707
-0.757385
-0.243048
-0.3667
-0.278225
2.13648
0.854305
-0.380218
0.288508
0.363977
-0.866711
-1.0378
0.455877
-0.634721
-0.665708
1.50755
-1.49589
-0.475449
-0.840818
-0.393463
-0.796282
1.16642
-0.142702
0.929472
-0.229854
-0.565575
-1.75895
-0.990659
2.11486
-1.64874
0.267139
-0.202962
0.810006
-0.578992
-0.0122505
-1.16838
-1.29709
-0.479794
-0.247674
-0.0308567
1.89978
-0.338353
0.283846
1.50085
-0.369718
0.939911
1.44372
-0.427414
-0.113395
-0.875686
-0.692567
-0.512689
0.153017
-1.08135
1.49292
0.15198
-0.599645
-0.234422
0.700606
-0.74537
-0.636803
0.81784
-0.0711742
1.45829
0.81229
1.45966
0.520914
0.783992
0.57533
1.02515
-0.636265
1.27176
-1.0328
0.268692
-0.0348572
-0.933437
0.237545
-1.42981
0.164214
-0.0562703
-1.62377
-0.0229386
0.978148
-0.243787
-0.551417
-1.60397
0.557951
-0.886582
-0.131888
-1.63728
-0.293961
-0.700893
-0.181953
2.82055
-0.363116
0.336661
-0.784401
1.38608
0.0371325
0.58132
1.26848
-2.51924
0.330551
0.52128
-1.53443
-1.18942
-0.58867
-0.401467
1.11111
-0.377783
0.0654185
-1.67375
-0.821574
-1.42907
0.758161
-1.43765
-0.929622
-1.23244
0.0181848
1.04919
0.427022
0.917946
1.50789
1.30146
1.40797
0.0193413
-0.347982
1.6054
1.17985
0.480063
0.06428
-0.639443
-0.38289
-0.27821
0.785315
-0.466855
-1.35699
-0.490519
0.392053
-1.34302
1.67675
-1.37947
1.02019
-1.7553
-0.30033
-1.45324
-1.02982
-1.85468
0.48527
0.214665
1.22559
0.878304
0.0418208
-1.78198
-1.18456
0.475339
0.792087
0.795209
1.0866
0.611218
-0.843467
1.32664
0.0107889
1.17955
-1.3058
0.639869
-1.45487
0.980301
1.50667
1.44905
-0.379326
-0.397373
1.74673
0.599038
-0.504647
0.268807
-1.21362
0.159241
1.2054
0.175164
0.765708
-2.13934
-0.378173
0.457007
1.38832
0.466603
-1.09502
0.002038
0.715659
-0.336641
-0.932565
-0.94219
-0.0956794
-0.155191
0.0085119
-0.574853
0.508936
-2.15364
-0.705763
-0.460666
0.279698
-2.45631
0.450084
-0.00676131
0.552279
-1.40542
1.12501
-0.389757
-1.26209
-0.28877
0.0699357
1.93741
-0.0339614
-0.987148
0.263837
-0.422927
-0.418721
2.44224
0.926548
1.36919
-0.291481
1.33294
0.532189
-1.16262
-0.56343
0.0114639
1.60253
-0.724827
-0.162134
-0.465976
0.32004
-0.386394
1.27413
0.330288
-0.18573
-0.517488
0.302916
1.58106
0.179505
0.502017
0.454686
-2.49464
-0.540774
1.64947
0.237284
-1.20125
0.0629063
1.25879
2.65547
0.165479
0.411009
-0.541693
-0.806165
-1.32997
-0.480488
-0.480583
0.74565
0.680446
-1.22078
-1.22709
0.242032
-0.315497
-0.768123
-0.109931
0.695206
0.012758
0.194354
0.424873
-0.0163538
0.392235
-0.054386
0.397019
-0.242884
0.863103
-1.4862
1.05715
0.83139
1.00632
-0.635987
0.898782
0.426684
0.0541037
0.0771026
-0.858556
-1.72665
1.18263
-0.950668
0.508997
1.87456
0.124031
1.30226
-0.230917
-0.61548
0.397968
-0.739437
-0.421775
0.256063
1.70857
-2.34075
-0.197219
1.06342
0.118895
1.41533
0.329481
-0.30135
0.765888
0.548942
-0.948327
0.398347
-0.401844
1.31182
-0.447511
-1.32515
0.953311
0.421274
-0.921719
0.317268
2.33074
0.851362
-0.850166
0.589715
0.371366
1.40629
1.31064
0.0869317
-0.162831
1.22073
-0.549162
-0.951303
-0.904858
0.550327
-0.766079
0.29389
0.0627483
-0.899982
-1.69035
-1.44372
0.40386
-0.158201
-0.411863
-0.038563
1.04037
-0.142239
0.580576
-0.391431
0.503884
0.358483
-0.721928
0.250053
-0.39846
-0.19727
-0.209947
-1.46877
0.738089
0.676327
-0.626481
-0.595051
-2.04624
-0.555457
-0.792628
-0.703938
1.52573
0.546219
-2.4152
1.0351
-0.441083
0.373432
1.407
1.02623
0.662552
2.06148
-0.32016
-0.743363
1.40554
2.04609
-0.592177
-0.326676
1.94108
0.565763
1.2258
0.510211
-0.444276
1.58118
0.0378656
0.318849
-1.19427
-1.57943
-0.518482
-0.956253
0.3622
-0.888937
0.40234
0.508034
0.382066
-3.29579
-1.15385
-1.85066
0.604373
0.262505
-1.2827
-2.02608
0.235423
-0.883312
0.0826236
-1.07607
0.38683
1.11435
0.6875
-2.81311
0.397589
-1.89328
-1.00837
0.627076
0.5239
-1.38481
-1.2768
-0.710386
1.07743
-0.0747429
-0.450946
0.0455025
-2.02028
0.208527
-2.07004
1.38682
-0.306914
-1.89981
0.981519
1.01579
-0.47764
-0.724552
0.228685
0.745629
-1.19794
-1.31448
0.186397
0.328861
-1.72081
-0.484672
-0.960835
0.819256
-1.30058
0.0575168
0.805505
-1.89086
-0.204521
0.176458
0.311886
-0.773019
-1.46739
0.11361
-0.186943
0.978529
-0.328473
-0.000287354
0.829501
0.93143
0.653398
-1.18275
0.668926
0.444774
-0.560612
-1.11614
0.506903
0.0855224
-0.708565
-0.0402023
-1.74952
-2.00656
0.0977494
0.20055
-0.143221
-2.1045
-0.158536
-0.440947
-0.304996
-2.32673
0.451033
-0.391597
2.00474
-0.181169
0.862642
0.121862
0.0686888
0.50139
0.861761
1.02091
-1.67591
0.480012
2.84868
0.880348
-1.92782
-0.354802
1.71669
0.599869
-1.00987
1.43986
-0.62708
-1.25759
-0.132296
0.105695
0.0956191
-2.16469
0.249921
0.523973
0.663062
-1.81744
1.88346
-1.6232
-0.941679
1.50802
0.0225587
2.21872
-0.254647
-0.742129
1.87495
-1.01239
0.00521189
0.962225
-0.175731
-0.453011
-0.746447
-0.153858
0.0154789
-0.589747
0.209542
0.456902
-0.217717
1.23188
0.0278235
1.32243
1.60888
-1.516
-0.54666
1.57873
1.30975
-0.257453
-0.39722
-1.83186
0.490965
0.798072
0.236965
-0.164082
-0.728947
1.67836
-0.38795
-1.08679
1.18226
-0.215078
-1.40602
-0.181663
-0.671537
-2.01198
1.22249
-0.0704806
-1.34235
1.07191
0.112867
-1.56025
1.16378
-0.0138686
-0.593462
0.336285
-0.228756
1.13136
-0.885354
-0.627109
0.207054
0.587982
-0.12664
0.585947
-0.348596
-0.338036
0.889596
-1.31102
0.917658
1.40612
-1.9487
0.523871
0.298271
0.192269
0.0602943
-0.758116
0.863165
-0.231751
-0.801464
0.592325
-0.137849
0.61651
-0.209289
0.990177
-0.863087
1.16324
-0.482042
0.469918
-0.189303
1.01875
-0.375562
2.10717
0.341056
-0.696212
0.877784
0.348806
-0.264745
-1.48287
0.397615
-1.33344
0.101687
1.33971
-0.155711
-0.975195
-0.484003
-0.0635411
1.25949
-1.46315
0.544328
-0.613165
-0.950666
1.06191
1.26403
0.639691
-0.191618
-0.329129
-1.04954
-0.191121
1.03507
0.146854
0.575716
-0.572068
-0.4484
-0.623112
0.00491256
-1.25331
-0.705395
1.09108
0.119428
0.215841
1.97291
0.451993
-0.0172487
1.41312
-0.976729
-1.35782
-0.0680054
-2.01536
1.86558
-0.523468
0.568185
-0.760175
1.26471
-0.518571
-3.37983
0.275305
-0.57102
1.24408
1.35122
-0.293771
-0.837984
1.25277
1.31412
1.46848
-0.697753
0.540158
0.448097
-0.999231
-0.447869
0.210638
0.525289
0.938228
-0.999749
1.47078
-0.713119
1.96302
-0.461281
-2.14806
0.799318
-0.894602
0.497777
0.0443881
0.250712
-0.310757
0.900949
-2.09473
0.479733
1.30395
1.19031
-2.0372
-1.16394
-0.771908
-1.22106
-0.512546
-1.38731
-0.547875
-0.680858
0.919046
-1.66331
1.01417
-0.416067
0.277849
-1.10924
0.273239
0.252749
1.23332
1.99218
2.19038
0.618474
0.401047
0.0564225
-0.338852
-0.285788
-0.733214
0.211062
0.375871
0.136647
-0.0567811
1.32164
1.48623
0.0967587
0.0981055
0.780569
1.29037
-1.6671
2.22012
1.49543
-0.697365
0.0449551
0.472787
-2.0791
-0.996853
1.54854
-2.50361
0.350574
0.199915
-0.00372183
0.959335
-0.47983
-0.590374
0.314396
1.24707
0.23764
2.6076
0.039203
-1.42532
-0.21926
-0.65315
0.35955
-0.295937
-0.442358
0.459505
0.070343
-0.531327
-1.48729
0.1492
1.19211
0.621459
0.332546
-0.192292
-0.985698
0.139637
-1.47695
-0.681515
-1.38727
0.898537
0.974615
2.21819
1.60449
-0.913905
2.14514
0.934625
-1.71918
1.28642
-0.870553
0.010209
0.155774
-0.381443
1.32253
0.747236
0.872575
-0.608263
-0.454874
0.460683
1.01555
0.406526
-0.107793
0.176603
0.655991
-0.25611
1.08248
1.34683
-0.587278
-0.00229418
1.85357
0.501196
-0.346036
-0.204207
-0.0744079
0.070693
0.809789
-0.507711
0.333574
-0.120923
0.627396
-0.506181
-0.286098
1.10598
0.331266
-1.8306
-0.42091
-0.458483
0.598943
-0.738722
-1.00078
-0.707654
-0.1557
-1.49826
-0.702453
-0.864441
-0.472076
0.354956
-0.878322
-0.567362
0.592198
0.832855
0.462858
-0.647919
0.918902
0.429625
2.06148
-1.22026
2.7369
-0.317678
1.59107
-0.329815
0.560985
1.08774
1.90768
0.215449
-0.106439
-0.351505
-0.222879
-1.33031
1.29908
-0.676393
-0.944801
0.181865
0.328564
1.02174
-0.238787
0.476957
-2.1021
-0.916079
0.20369
1.55279
0.196061
-0.945374
2.53748
0.624851
-0.238349
0.566807
0.185659
0.766962
-0.187979
-0.619096
0.330336
0.496892
-1.13645
-1.62991
0.344816
0.020772
0.698123
0.435134
1.20733
-1.07599
0.590314
1.72655
2.14383
-1.68988
-0.380032
0.358094
1.94032
1.16981
-0.22478
-0.105961
-0.273097
0.17484
-1.04485
-1.36555
1.17984
-1.64119
-0.41869
-1.50598
1.1746
-0.924046
0.746728
0.0223123
-1.06975
-0.290142
-0.376034
-1.60405
0.0302188
0.0918474
-0.390395
1.01325
-1.62046
0.290677
0.148087
0.76475
1.05325
1.77772
0.343516
2.33813
0.126574
-0.299602
1.3908
-0.965642
-0.157045
0.683016
1.89835
0.600225
-1.0738
-0.865728
1.54056
0.516292
-0.174333
0.737896
0.102529
0.860763
0.385933
-0.6187
0.491445
-1.3085
-0.367709
-0.324884
0.696712
-0.2442
0.126474
-1.20302
0.781793
1.2626
0.446433
0.192045
1.21477
0.68809
1.17816
0.55161
0.682912
-0.0587348
-0.0647766
0.964731
0.525852
-0.663864
2.66216
1.28838
0.955105
-0.475999
0.170275
0.465071
1.17774
0.790365
-1.15344
0.280795
-0.141508
0.86576
0.0300654
-0.497418
-0.0327029
-1.37929
1.48123
0.64936
0.0464621
1.16165
0.910899
-2.35419
1.95205
1.08155
-0.128064
0.420977
0.118008
0.888682
-1.48424
0.174247
-0.769228
-0.139384
0.605869
0.616775
0.868363
-1.41568
-0.399229
0.567377
-0.128753
0.205037
-0.570973
-0.827866
2.02867
-0.765362
-0.212581
0.872477
-1.21295
0.362153
0.012885
-0.694356
-0.0977408
0.420126
-0.239341
0.853829
0.830566
0.0391404
0.0670962
-0.642594
0.881299
-0.895757
-1.44732
-0.779824
-0.184978
0.654203
1.65335
-0.204965
-0.0774089
0.362723
-1.25592
0.205102
1.32442
1.5883
-0.84177
-1.00638
-0.189894
-0.0113149
0.93076
-1.54685
0.90279
1.22008
0.140112
-1.46393
0.695164
-0.474122
0.408506
-0.790209
-0.926801
0.981141
1.53963
-2.42942
1.1211
-0.809396
-0.603578
-1.08036
-1.64487
0.404588
0.33153
-0.0489052
-0.705769
0.10677
-1.39156
-0.348327
0.327106
0.0613284
-0.766239
-0.271122
0.624519
0.380528
-0.658072
1.2991
0.54993
1.40761
0.219625
0.0295969
-0.857825
-0.0203782
-2.52719
1.45129
-0.201745
-1.60383
-0.635523
0.594508
-0.0691016
0.444232
-0.383064
0.420016
1.08896
-0.738007
-1.13121
-1.48657
-1.02911
1.50981
0.824028
-0.312022
1.88154
-1.2005
-0.167553
-0.3547
-0.385202
-0.142538
-0.40039
0.446602
-0.435029
-0.0229046
-0.690209
0.384559
-1.31907
-1.65598
-0.690745
1.85455
0.489739
-0.581198
0.754432
0.570921
0.761577
-0.267896
-1.0493
0.580019
-1.2266
0.396492
0.681705
-0.805164
1.09967
0.0716426
0.0754246
-1.06144
-0.0796742
1.61881
-0.828535
0.932398
1.72936
0.466935
-0.167578
-0.839845
0.953685
0.225756
0.535503
-0.557414
-0.519654
-0.0766005
0.268116
-0.242096
1.12196
-2.74802
-0.911526
-0.989457
1.32014
2.50907
2.14973
1.12532
-0.817603
0.548295
-0.313776
-1.03563
0.251501
-0.623981
-0.0525438
-0.541393
-0.761745
0.997433
0.583944
-0.928001
2.74883
0.889458
0.902837
0.389688
-0.327146
-0.72739
0.0911829
-0.541506
-2.53691
-0.663294
-2.40687
-0.265341
-0.284712
-0.80659
1.14102
-0.378286
-1.29206
-0.0456859
-0.597601
-0.818782
0.537089
-1.52611
-0.11607
-0.679675
-1.02723
-1.8996
-0.721523
0.550177
-0.422177
0.758804
1.21097
-0.128387
-0.776435
-0.534952
0.770453
-0.572138
0.567602
0.458931
-0.840845
-1.07299
0.542104
-0.478553
0.348712
-0.0348901
-0.104078
-0.849972
-0.985107
-0.515281
1.45521
-0.592835
0.0421836
1.42728
0.0610539
0.283027
-0.0363508
-0.270693
-0.417404
0.735139
0.654679
1.53256
-1.53542
1.75973
-0.675767
0.431384
2.50948
-0.386057
-1.89471
-0.47848
0.6348
0.321416
-0.0745083
0.51839
0.455741
0.917551
0.130083
-1.37075
2.30406
0.463072
0.0258617
-0.559088
-0.40312
0.46964
0.631444
-0.208983
0.328202
0.416791
-0.929278
1.24107
0.418875
-0.743124
0.371489
-0.731392
0.15509
-0.861699
0.171754
-0.833172
0.976978
-1.53254
0.0203054
-1.6888
0.915356
0.230871
0.72936
-0.494973
0.908134
0.519219
0.0405458
-0.542132
0.508952
0.203946
-0.570153
0.425033
-0.0427096
-1.37325
-0.264931
0.554155
-0.426646
1.8643
0.5178
-0.0582018
1.02553
-0.871323
0.89378
-0.841295
0.707822
2.16148
-0.172336
1.31789
1.25811
0.422368
-0.976859
-1.10551
-0.114921
-0.491697
0.188481
0.139768
1.14623
0.312468
1.39624
-0.633352
-0.54649
0.298002
-0.276322
0.112278
-0.076677
-0.744042
-0.468569
-1.17591
-0.362109
0.835225
-0.463465
-1.13221
-0.645047
0.139336
0.757762
0.272445
-1.97906
0.216961
-0.173675
0.905708
-0.0685425
1.19002
1.09921
0.575926
-1.34178
1.87139
0.644831
1.08632
-0.322506
1.04163
-0.502405
-0.0170624
-0.0155458
-0.539944
-0.387463
2.46353
-1.21949
0.0569161
0.299135
-0.042101
-0.197738
0.0769943
-0.763317
-1.12731
-1.61582
1.51198
-0.090385
-1.15898
-0.367291
0.399336
-0.174179
-1.00293
-1.2576
1.5743
1.42015
-1.37398
-1.24038
-0.315452
-0.316629
0.354265
-1.21465
0.31079
-0.95922
1.18923
-1.54013
-0.21743
1.28564
0.74547
0.540822
0.535795
0.364774
-0.88772
0.0814654
-0.244096
1.00291
3.09098
0.291276
-1.19012
0.463372
0.474101
-1.00002
0.899614
0.15306
-0.231976
0.2108
0.299983
-0.918006
0.50169
-0.346622
1.64429
0.987966
1.48231
-0.473235
-1.00392
-1.53073
0.868671
0.193216
1.2384
0.0700467
1.76496
-1.60098
-1.13694
0.0974351
-0.340814
-0.0321268
1.99407
0.558614
1.10762
1.57376
-0.68523
0.938985
-0.0660125
0.177885
-1.34134
-0.190031
-0.507456
-0.578181
-1.08178
-0.108041
0.828433
0.358723
-1.19276
-0.411568
-1.43087
-0.769164
0.385268
-0.19364
-1.16913
0.537286
-0.243077
1.81535
-0.408185
0.591824
0.640908
0.748224
-0.525965
-2.09584
-1.32855
-0.774724
1.32327
1.90575
-1.48652
0.290125
0.383874
1.8568
0.57979
-0.816983
0.669481
-0.180178
-0.323162
0.871635
-0.811125
-1.39981
1.23163
-1.21344
-1.00721
-0.738781
-0.722332
-0.116476
1.41132
-2.87625
0.491137
1.26619
-0.118545
-0.606205
0.786142
1.38353
0.142578
1.61097
0.116607
0.30088
1.43409
0.174271
0.0429679
0.0526848
-0.589178
1.42041
-1.14439
1.1553
0.0360904
0.272947
0.485904
0.00823289
1.04737
-1.15119
-0.860715
-1.01674
-0.999666
-1.62472
-2.19108
-1.39234
0.385149
-1.03676
-0.821577
0.0567414
-0.290962
0.232729
0.600355
1.18636
-0.323636
0.595892
0.112135
-0.737586
-0.539672
2.06571
0.502673
-0.0206115
0.544552
-0.00751162
0.441345
0.438306
0.214607
-0.692182
-0.460518
-1.4828
-1.10981
0.861628
-0.354662
-0.320302
1.14884
-0.998009
-0.990186
1.01903
0.204121
0.179607
-0.946949
-2.80205
-0.123228
-0.449433
-0.372126
-1.74217
-1.00206
-2.21294
2.03442
0.717606
1.01238
1.32398
0.575572
0.975172
1.24991
-0.0125539
0.227059
1.79789
0.56221
-0.0847298
-0.572022
0.797693
-1.39437
0.952152
-1.12633
0.950525
0.409386
-2.47479
-1.60798
-0.726584
-1.36838
-0.210188
0.589697
1.12178
-0.170191
1.75282
-0.041625
-0.496808
0.920476
2.10273
-0.148435
0.332976
1.32443
-0.584196
-0.130441
-0.347681
0.834037
-0.077387
0.975182
-0.493772
-1.67134
0.120903
0.636451
0.793592
0.934153
0.0936439
0.771573
0.0595044
1.13586
0.079667
-0.178564
1.04248
1.46055
-2.23558
1.22508
-1.54653
0.945587
-0.545771
-0.269235
0.0236087
0.517606
0.853767
0.253827
-0.826279
1.12758
-0.702449
-1.16144
0.527157
1.09043
-0.0796157
1.62944
0.551484
-1.43573
1.19662
-1.81036
0.323285
0.775861
-0.491865
-0.883051
2.03592
0.0144212
0.0860472
0.498737
0.471907
0.533322
-1.64014
-0.786305
-1.29826
0.972689
0.113394
-0.700203
-0.72026
0.136832
0.696297
0.620854
1.99341
0.855182
-1.10994
-0.12701
-1.62186
0.880666
-0.244177
-0.15213
-0.315561
0.998705
1.39224
1.08424
-2.01563
-0.247321
0.935345
-1.03747
0.206931
-0.947108
0.340549
0.770039
-0.28279
0.442677
-0.571637
2.20033
1.2699
-0.325611
-0.141472
0.129467
0.137085
0.799155
-0.656858
-0.454351
0.285869
-0.157108
1.06607
0.577124
-0.796727
0.681262
0.250095
1.76966
-0.306673
-2.62228
0.729353
0.155566
0.489726
-1.60151
0.981277
1.09348
-0.866525
0.0297174
2.05005
-0.336405
0.555535
1.28845
1.35123
0.567671
0.904333
0.721351
-1.44501
-0.216572
0.402264
0.828358
-1.037
0.874299
-0.632073
-0.754655
-0.549107
0.909625
-0.513172
0.0178221
-1.55042
2.41596
-0.537814
-0.143049
-0.577498
-0.153979
1.34894
2.29997
0.330233
0.685914
-0.764851
-0.684215
0.458948
-0.261724
-1.12524
0.741488
0.242069
-0.101841
-1.77921
0.965807
0.0516386
-0.426112
0.394592
-1.92499
-1.38005
0.388552
-0.847745
-1.35415
0.104161
-0.411227
-1.11773
-1.85984
0.935709
-0.219969
-0.523444
0.38118
0.480193
-0.815741
-1.56775
0.559739
-0.0534444
0.417619
1.9752
-0.429208
0.409753
-0.344443
-0.37916
0.0858536
-0.96641
-0.956965
-1.29981
0.726406
-0.162256
0.101368
-0.855166
-1.08686
0.677706
0.81316
0.00577688
-1.11941
0.824356
-0.959131
0.941358
-1.51604
0.0647909
-0.368159
-0.204876
0.723577
-0.202041
0.222685
1.05813
0.0558797
-1.72974
2.44021
0.655805
-1.62234
-0.149306
0.838905
-1.74982
-0.322732
0.307022
0.450901
0.952018
-1.00958
1.33231
-0.203958
0.756821
0.16363
1.39535
0.552063
-1.63057
0.245401
0.96293
-1.00867
0.797053
0.506116
0.0396701
-0.598729
-2.27608
0.293385
-1.82674
0.250596
1.29002
0.970983
0.125632
-1.46314
0.5525
-0.195971
0.623474
0.759787
-0.565618
0.603514
-0.861178
-1.31743
-0.509968
0.264526
0.0415196
-0.814203
0.717652
0.802518
0.49796
0.144169
-1.0943
1.1969
0.523786
1.78134
-0.64342
-0.806047
-0.25637
0.552336
0.698944
0.249013
-0.863386
-0.156022
0.0271239
0.179923
0.61283
0.842769
0.221506
-2.43407
0.38874
0.330129
-0.618802
-0.059922
0.923371
2.35503
0.438534
2.34566
-0.487044
-0.166053
0.957826
0.985694
-0.181598
-0.821983
-1.21101
-0.994394
-1.41866
-1.35141
-0.85648
1.67967
-0.203359
-0.369897
-0.449495
0.387518
2.25901
-1.46284
1.77603
0.928297
0.273637
-0.810251
-0.688452
-0.268576
-0.813215
-0.524843
1.4375
-0.42623
0.708189
-1.39498
-0.374747
0.999498
-1.08307
-0.397296
-0.30824
-2.29336
1.19221
0.044779
1.62954
-1.64489
0.0557872
-1.36241
1.03333
-0.550515
-0.0452461
0.948842
-0.349561
-1.89955
-0.565992
-0.535762
1.03729
-1.16081
-1.41117
-0.694416
-0.827691
0.595653
1.23754
1.66264
-0.281823
0.677858
-0.588912
0.577668
-0.892217
-0.141104
-1.03884
-0.602678
-0.95275
2.19665
0.724403
-0.44725
0.359519
-0.128244
-0.0287235
0.692506
0.171165
0.031572
-0.673315
-1.29265
0.296996
0.369333
0.933982
1.79419
-0.220713
-0.0630937
0.257773
0.670556
-0.29708
0.333639
0.279223
0.252981
1.08555
1.15898
-0.916144
0.441629
-0.840934
-0.195504
0.410932
-0.529599
0.371407
-0.374437
0.537838
-0.596879
0.620156
1.74361
-0.13393
-1.16529
2.10659
0.11608
-0.884518
-1.3839
1.17536
-0.26335
-1.19232
0.321955
1.09658
0.203179
0.814423
0.337501
0.662452
-0.920123
1.02715
0.323543
-0.344038
1.02184
-0.768566
1.68584
0.640548
0.869531
0.87185
1.33586
0.903929
0.227877
-2.35922
1.0541
-0.919857
-0.972888
-0.459903
0.978257
0.444769
-1.28036
0.939459
2.00337
0.230654
-2.54602
-1.15872
-0.397713
0.705537
-0.0838422
-0.79751
-0.21823
0.72912
0.679419
0.459966
0.083769
0.629259
0.875781
0.548965
0.0368025
-1.24906
2.20187
-0.911297
0.209626
0.686782
-0.929774
0.0813176
-0.0956034
1.05164
-1.11746
-0.141404
-0.414757
-1.32322
0.641251
-0.53431
0.530865
0.674636
-0.850531
-0.516197
-1.1041
0.0254279
1.08353
0.0420185
-0.13444
0.482785
0.0534207
-0.854491
0.0988923
1.69995
-0.533862
1.6698
0.99553
2.33612
0.751597
-1.10273
0.030034
0.0978178
0.00664473
-1.05157
1.37497
-0.262701
0.23376
0.0208997
-0.104991
2.78747
0.531805
0.81952
0.341468
-0.26986
1.0114
-0.297268
-0.165587
-1.72689
-1.23978
-0.77817
-1.04175
-1.31207
-0.058575
2.15884
-1.641
-1.28734
-0.670869
0.71269
-0.831409
-0.0937737
0.535174
0.520132
-0.42755
-0.634002
1.0287
-0.706904
0.0331131
-0.259445
1.00652
-1.49266
1.22976
0.761608
0.60898
0.378203
-0.562292
1.68975
-0.806088
-2.0743
-2.27321
0.663991
-0.363291
0.584906
-0.573991
0.558486
-0.479658
-1.21334
-0.305876
1.68147
1.41974
2.59486
-1.32137
-0.48059
-1.0107
-0.987017
0.905456
0.538147
-0.534065
-0.622674
1.44345
-0.244178
-0.245201
0.809486
-0.716422
1.45116
0.140216
1.12184
1.02082
-0.670411
0.164943
-1.25158
-0.724915
1.30021
-1.16573
-0.778442
-0.190586
0.473541
-0.542478
0.823831
0.143546
-0.252908
-0.496541
-0.66456
-2.70238
-0.145642
-0.810254
-1.10861
-1.37691
0.445729
-0.417162
0.987069
-0.170535
1.07817
-0.182711
0.170305
0.983609
-0.150787
0.150514
0.346718
0.724783
0.108775
-0.628143
2.21093
-0.702722
1.98001
-0.0360789
-0.201976
-0.860398
0.801416
1.26779
0.134196
0.869144
0.393235
1.3127
-2.63645
-0.384933
0.152062
2.59602
1.08049
-0.759101
-0.818437
0.516941
-0.792377
-0.00664723
0.371431
0.861598
0.00359213
0.0215894
-0.971299
-0.201703
-0.0946304
-0.742873
-0.193167
0.0748966
0.609032
0.0345067
0.55373
-1.15352
-2.06159
-1.81662
0.935539
0.785487
0.947899
-0.477419
0.380613
0.291625
-1.60244
0.30196
-0.381753
1.51244
-0.769724
1.19312
0.456259
0.894569
-1.23797
-0.815674
-0.887407
-0.132705
-1.86235
0.61505
-2.76896
-1.78774
-1.3862
-0.0414628
-1.34041
2.8385
-0.474179
1.70322
-0.0657517
-0.0945086
-1.33918
-0.379038
-0.431116
0.485708
1.56486
1.67897
-0.315194
0.825706
-0.611045
-1.09905
-0.367064
0.297982
-2.00174
-2.27335
-1.3764
0.201771
0.0138547
0.354371
-1.85154
0.347474
0.402972
0.840473
0.0143981
0.998436
-0.313003
-0.485555
1.9464
-1.1566
-0.438394
1.31577
-1.04836
1.08987
-0.28684
0.391608
1.8023
-0.0530263
1.89881
0.547341
-0.822947
-0.739307
-2.26426
-1.25907
-0.644839
1.96278
1.46132
0.00801599
-0.884693
-0.0665571
2.27962
0.0290428
2.36539
0.74925
0.937158
-0.542213
-1.81448
3.03841
1.20918
-2.13173
0.235594
-0.932809
-0.520632
-0.919804
0.111518
-0.0409096
-0.560489
0.695058
0.889054
-1.28945
1.23364
0.658413
-0.312528
0.627413
0.680495
2.46191
0.38576
1.54508
-0.457807
0.395609
-0.650627
-0.93612
-0.621079
-1.96162
0.161384
0.153916
0.103545
-2.13989
1.39963
-1.0119
-1.97365
-0.936524
0.664682
0.461308
0.631009
0.0991884
0.55311
0.512652
0.105992
-0.975176
2.0787
0.940289
-0.033352
-0.777605
-0.0345776
-1.67702
0.494227
-0.438267
0.350046
0.191587
0.0115408
1.95789
0.0653113
0.342946
-0.422313
-0.735501
-0.624057
-2.26901
-0.900528
2.19169
1.1403
0.320621
-0.492531
1.80378
-0.827341
1.84403
-0.0869399
1.80444
0.0754423
1.02139
-0.0372946
0.589278
-0.182114
0.260121
0.57002
-0.546266
-1.11293
-1.24716
1.322
-1.69745
-0.376467
0.900291
0.865613
1.2975
-1.4644
-0.220654
-0.128817
-0.594477
1.10119
0.860803
0.285836
0.863895
-0.14726
-0.839028
-0.530088
0.035901
1.19943
1.8154
-0.930959
1.23077
-0.725539
1.0216
0.649927
0.235259
-0.00977153
0.925394
0.380494
0.726776
0.572477
0.399006
0.394586
0.209326
0.403593
0.0506015
-0.20682
-0.652564
1.05799
-0.590251
0.425833
-0.599887
0.263327
-0.092491
0.909588
1.45919
0.224581
-0.738702
-0.465073
0.22032
-1.09972
0.87431
0.499417
-0.742419
-0.243438
-0.0262836
-0.446729
-0.0596399
-0.664695
-0.514964
-0.012562
-0.642107
0.821816
0.313574
0.251389
-0.340315
1.29915
-0.909216
0.234254
-0.646008
2.02437
-0.807564
-1.27599
-0.384293
0.131452
-0.728874
1.15017
-1.58143
-0.363506
-0.943626
0.108298
-0.507147
-0.460122
-0.528402
1.48414
1.44404
-0.1173
-0.961411
0.530359
-0.43486
-0.46129
0.652586
-0.757947
-0.374983
0.0702587
-1.22104
0.998424
0.4539
1.02402
0.414724
0.852804
-0.300593
1.02321
0.959467
1.72489
1.77762
-1.20075
-0.357429
0.115838
0.469166
0.134988
1.37403
-0.0288191
-1.48963
0.841341
0.270132
-0.668785
0.131363
-1.13079
1.36012
0.707616
-0.450122
0.261616
-0.62128
0.263255
-1.51441
1.40429
-1.10233
-0.879871
-0.194658
0.0581822
-1.83224
-1.92524
0.917651
1.07647
0.831936
-1.19511
-1.23968
1.90708
3.05471
2.28748
-0.439968
1.31419
-0.0762187
-2.80719
1.03554
1.61408
-0.770682
0.473411
0.514905
0.186975
2.47131
0.230423
0.185906
-0.414419
1.10277
0.407002
2.17101
0.167774
-0.347297
-1.38058
-1.04555
0.748959
0.0656641
-0.859855
0.663053
0.906132
-0.109001
1.06866
0.197415
1.44046
-0.12385
-0.540037
-0.331414
-0.309862
-0.242775
0.39797
1.12953
-0.852856
0.420736
-1.43673
0.686913
0.632503
-0.874536
-0.507019
-0.228889
1.1254
0.0211173
0.345843
1.56148
-0.2802
-0.452305
0.0700803
-0.2409
1.04959
-1.51698
-0.349881
0.796582
-0.923695
-0.708644
-0.883094
-1.03579
1.01288
1.06629
0.346338
-1.83932
-0.0316881
0.0257886
-1.53578
0.957251
-0.113972
-0.418189
1.41087
-0.42079
1.92092
-1.36867
1.72541
0.0518333
2.17562
1.11096
-0.0409374
0.533379
-0.180408
-0.36246
-0.441022
0.85031
-0.0263871
-1.63063
-0.332925
1.14937
-0.434868
0.347948
2.06591
0.221717
-0.045764
-2.2645
-0.0183808
-1.7871
1.19823
-0.304404
0.135331
0.385839
1.11543
-0.0029012
0.141858
-1.1567
-0.668257
0.135108
0.27667
-0.0612175
0.295559
-0.0403204
-0.0487387
-0.801837
-0.55319
1.32555
-0.917437
0.0182477
1.66278
-1.32979
1.95347
-0.310445
-1.09757
-0.124481
-0.384458
0.542857
0.640619
0.773832
1.8621
0.869158
1.0542
0.977098
1.29747
0.910529
-2.15584
0.436947
-0.375928
0.930145
-0.0810719
1.34721
-0.138875
0.0503581
0.976095
-0.816537
-1.20284
-0.1224
-0.931433
0.457253
-0.664644
-1.35513
0.888947
1.7965
-1.28153
0.582563
0.157927
-0.312272
0.525827
0.548429
-0.479752
0.126175
-1.94996
1.78798
0.284289
0.474118
1.05234
0.112049
-0.163696
0.482342
-1.32509
-0.393386
-1.75599
-0.388784
-1.37626
-0.998019
-0.992591
0.140482
0.542636
1.61478
-0.624897
1.7178
1.50122
1.0202
0.843654
-0.377826
-0.18656
3.09907
0.523263
-1.57249
0.146002
-0.371453
-1.79176
0.808818
0.279129
-3.00056
-0.330111
0.183742
1.23541
0.620504
0.174553
-0.348037
-1.09436
-0.614743
1.07319
1.93434
1.06493
0.929859
-0.00429094
-0.265798
-0.519625
1.23498
-0.296527
-0.282919
-0.226121
0.943653
-1.51479
-1.07192
0.202203
1.42384
-0.710935
-0.548442
-0.435531
0.0813788
1.46415
-0.222934
0.303662
-1.26814
0.705411
0.402253
0.9326
-0.713825
-0.556682
0.112611
-0.637671
-1.56432
0.49739
-0.265183
-0.787714
0.217849
2.40245
-1.63243
1.12147
1.08557
-0.453576
-0.544314
-1.55839
-0.701816
0.118347
0.452252
-1.6717
0.353527
-1.2039
0.992149
0.753613
1.60712
1.8655
0.223973
-1.13222
1.07541
0.620697
0.0107322
1.27457
0.48613
1.14494
1.43691
-0.188912
-0.719388
0.861108
-1.48603
1.15157
0.0289568
0.210757
-0.395124
-0.249995
-0.350525
1.09687
-1.16761
-1.20603
-0.42897
0.983584
2.1793
1.48062
0.296431
1.50455
-0.315773
0.0850182
-0.050016
0.94187
1.10056
-1.7609
0.722858
-0.734263
1.7915
-0.583872
-1.20575
-0.589146
0.963495
1.25994
0.558008
-0.351829
0.0977467
0.0631966
-0.324899
-0.172214
0.306194
-0.139105
0.580077
-1.10076
0.903579
-0.547265
0.559328
0.288403
0.830666
-1.41463
-0.216385
-1.9567
-0.344781
-0.0754896
-0.0507081
-1.46027
-0.217542
-0.34988
-1.01668
-1.97498
0.145855
0.518036
-0.139051
-1.6549
-2.14517
-0.601799
0.135415
0.634829
0.53631
-1.86129
1.75336
0.246641
-0.347112
-0.176304
0.798749
-0.282791
-1.3116
-0.161389
-0.562523
-1.35282
0.505355
-0.00543612
0.342139
-0.845081
0.655134
0.552116
-0.210482
-0.616256
-0.210916
-2.54415
1.88279
-0.658859
-0.00928885
-0.133795
0.23999
1.36373
-0.124046
-0.601731
0.621474
1.4151
-1.44396
1.44516
0.398254
0.489853
-0.656423
0.884593
-1.15403
1.0782
0.326425
-0.71914
0.782117
-0.527497
1.90871
1.10683
-0.0909786
0.314658
-2.23451
0.644812
0.439522
0.0830655
1.02797
-0.0831779
0.633344
-0.120732
-0.948868
-0.525443
1.76596
-0.362855
0.0233454
1.92267
-1.02501
-0.239726
-0.488266
-0.908799
-1.18812
1.01713
-0.324332
1.38437
1.91014
1.06472
-0.195038
0.156444
-1.24014
1.46186
-1.25948
-1.28955
-0.184996
-0.183311
0.662856
1.57844
0.564886
-0.639984
0.324503
0.21485
1.8766
-0.0678654
-0.885824
-0.085009
1.93991
0.155954
1.54319
-1.93538
2.57231
1.95958
-0.135788
-0.760457
-1.17791
-0.969609
0.312
-1.39712
-0.0976825
-0.54559
-0.558591
-1.00434
-0.612314
0.403561
1.27554
0.51753
0.801165
0.887481
0.670095
-0.404407
-1.58099
0.575671
-0.211953
-0.118852
-0.277861
0.571956
-0.0730469
-0.599578
0.726273
-0.992663
0.438654
0.259316
-1.00715
0.219327
0.258321
-0.376566
1.67969
0.395115
-0.129755
0.444063
0.948322
-0.825168
-1.12502
0.739515
1.18129
0.803207
-1.03599
1.16277
0.100856
-0.223688
1.34712
0.953204
-0.829974
-0.239849
0.504496
0.752814
0.79702
0.149935
-1.35746
-0.160104
-0.373965
-0.203303
0.257343
-0.162138
0.466097
-0.392511
1.29227
1.06113
-1.11437
-1.83801
0.139029
-2.5618
0.340911
0.00262964
0.437259
-0.42839
-1.19356
-1.23947
-2.75162
-0.803931
-0.902309
-1.87039
-0.159247
1.77393
-0.0795256
-0.386007
-0.672878
-1.36018
1.40788
1.67936
0.185987
1.94123
-1.56378
-0.169353
-0.336577
0.530543
-1.194
0.896011
-0.160826
0.190227
-0.692883
0.835129
-0.0854715
-0.554468
0.956726
-0.710776
-1.0997
-0.299075
0.279825
-0.755292
0.0355889
0.987993
0.929075
0.0442663
1.40983
-1.95628
0.430867
1.25181
-1.05623
0.543158
0.136609
-0.354605
0.609466
1.13092
-0.975609
-1.16964
-0.526651
-1.01073
-1.11251
0.26983
-0.308833
1.69602
0.438419
-0.914604
-0.368868
-1.49913
-0.464629
0.0197415
0.432428
-0.772254
-0.0786195
-0.200168
0.818086
-1.57836
-1.31449
-1.18028
-0.245176
1.37346
-0.602389
-0.340091
1.20574
1.62759
-0.474145
-0.855955
-0.625049
0.228532
0.162382
-0.0172287
1.86867
0.0985396
1.39808
-1.21446
-0.317778
0.372184
1.02409
1.17749
0.107278
-2.14703
0.447829
-0.316599
0.602854
0.028621
-0.581164
0.577792
-0.38391
-0.526125
-1.52672
0.747089
-0.366459
-0.371308
-0.372005
0.961354
0.558811
-0.460938
-0.163064
-0.00519395
-1.77595
0.284483
0.796634
-1.13469
-0.22021
0.711129
0.0511555
1.49187
0.331997
-1.05267
-1.00935
-0.463418
0.234367
0.574731
-0.280307
1.02416
0.0786193
0.0150127
1.08369
-0.301365
0.582224
-0.202837
-1.45283
0.818833
-0.598559
-0.0870634
1.9207
-0.230306
-1.79121
-0.724806
-1.89156
-0.320311
-0.872352
-0.838689
0.611983
-0.0717596
-2.07133
-0.727245
0.946023
-1.80506
0.290686
0.837194
0.857794
-0.00554723
1.26908
0.385566
0.0407247
0.531537
1.25997
1.07683
-1.07195
-0.404199
-0.351806
0.575203
0.646134
0.614289
0.768702
0.370467
-0.640838
0.174161
1.0225
-0.431987
0.061224
0.0298018
0.598363
0.094997
0.278754
0.448741
1.77169
0.370992
1.95197
0.658221
0.890422
-0.894223
0.828906
0.0396032
1.07433
0.199385
-1.30824
0.472449
0.764998
-0.283869
0.829105
1.00816
0.295661
0.42726
1.54877
-1.89276
-0.218773
0.221899
-0.242548
-1.30466
-0.89576
-0.676321
-0.0309239
1.03594
-0.898311
-1.16563
0.298265
-0.965068
-0.880998
2.01785
1.00398
0.114583
-0.737808
0.396563
-0.0330316
-0.251679
-0.414456
0.924742
-0.821828
0.310085
-1.29783
0.36536
-1.12159
-0.45807
1.95271
-0.681712
1.15136
-1.14169
-2.0676
-0.952099
1.4801
-2.41492
-0.587529
-0.497712
-0.949998
-0.790013
-1.31097
0.569411
2.86587
-0.352605
0.803812
-1.09663
-0.1887
0.0963845
-0.494912
1.6635
-0.971672
-1.83878
0.454309
0.57756
-0.531502
-0.832272
0.0792606
1.00665
-0.358782
0.677029
-2.21597
1.18286
0.450215
1.69674
-1.08274
2.74399
1.20397
-0.540464
-0.481829
0.11959
-0.717629
1.48245
-0.53215
-0.508325
0.95619
-0.901718
-1.48638
-0.767111
1.08457
1.14561
0.750658
-0.810835
0.815185
-1.58078
0.0132148
0.885029
1.14723
0.91065
1.14621
-0.793494
0.389249
2.01646
-1.03094
1.03874
0.523022
-0.362323
-0.111992
-1.03147
0.121707
0.741413
-0.255902
-1.32857
-0.523455
-1.43587
0.872444
0.688415
-1.71675
-1.11152
-0.478259
-1.10431
-0.330516
1.83843
0.513748
1.3088
1.29764
0.221761
0.0715386
-1.03158
0.568778
-0.466873
1.83409
-0.475764
-0.542853
0.858473
1.92612
0.528071
-1.05023
-0.219402
-0.903737
-0.929505
-2.30909
0.674432
-0.735052
1.68301
-0.58502
-0.280353
0.877022
-0.39389
0.122815
1.73446
0.422506
-1.47844
0.140815
0.581075
1.37225
-0.0750945
1.2107
1.08578
-0.259913
-1.9839
-1.08941
0.444478
-0.780983
-1.52532
-1.43751
-0.240061
0.690898
-1.30797
1.48001
1.35556
-0.346002
-0.496586
1.7617
2.02401
0.605281
0.931439
-1.06097
1.26598
0.0297732
0.36324
-3.56937
-0.814962
-1.33485
-1.39014
1.55612
-0.09679
-0.493652
0.0325046
-0.872309
-0.173125
-0.831298
-0.415094
0.157239
-2.04368
0.458234
1.14349
0.722382
-2.0072
1.74079
-0.873643
0.178476
-0.541139
0.578191
0.195166
-0.564305
-0.852505
-0.947397
-0.14266
0.597336
-1.73171
1.32882
-0.537051
0.0864181
-0.543966
0.766092
1.32794
-0.0619712
-1.06993
1.06625
0.286242
0.811522
0.304793
0.50284
0.610649
1.01114
1.68351
2.1757
-0.619965
0.530071
1.49232
-0.610102
-0.776701
0.577172
-0.22584
1.03973
-0.376769
-0.899697
-0.465469
-0.331234
-0.459509
-0.968617
2.44059
-1.17648
-0.406467
0.699002
0.0726483
-0.342846
0.0940777
-0.714588
0.242339
-1.0819
1.92849
-1.91819
-0.93206
-2.13611
2.77679
2.21296
-2.31502
0.193386
1.05401
-1.85903
-0.176694
-0.855353
0.362896
0.580321
0.810652
-1.09832
0.0558149
-0.611242
-2.07527
-0.763366
-1.78363
1.12475
-1.58589
-1.85275
2.2672
-0.666081
-0.885311
-0.327073
0.353456
0.438326
-0.701438
-0.0847273
0.0535289
-0.912645
-0.612319
-0.136671
0.332105
1.21488
-0.529465
-1.08422
-2.18522
-1.55941
0.769241
-1.79505
-0.139242
-0.163957
1.7825
-0.168901
1.05689
2.02211
-0.767962
2.04193
-0.376532
-0.596684
0.265365
0.910097
0.401659
-1.82131
-0.00149071
-1.57413
-0.535838
0.188816
0.331953
-1.17199
0.737972
0.0790654
1.71495
-0.246222
1.02677
-0.418626
-0.797977
1.95624
-0.0894222
-0.726949
-0.578024
0.93759
0.749265
-0.426995
-2.04542
-0.441864
0.0871072
-1.91296
0.505068
-0.199835
1.79021
-0.509549
-0.0451816
-0.200379
0.708844
-0.662328
0.940758
1.27689
0.45509
0.430369
-2.05245
0.919013
1.40811
-1.07417
-1.03927
1.33637
-1.68031
-1.01141
0.253574
2.39344
1.21535
-1.21896
-0.0986955
-0.300838
1.65388
0.893851
-0.180756
1.52932
-1.98717
0.16826
-0.223209
-0.0807935
0.958875
-0.901471
-0.22567
0.530431
-0.842552
0.663705
-0.760522
0.571026
-0.121476
0.477649
0.179945
0.372702
-0.850978
-0.959061
-2.50588
-0.462681
-0.665016
-1.74451
0.237293
-0.491482
-0.397034
-0.878582
-0.223289
0.380179
-0.378287
0.654049
0.0826472
-0.0299785
-0.176014
-0.0103993
-0.528919
1.92244
1.1809
0.342667
0.468482
-0.986187
-0.339879
0.438402
-0.640057
-0.498076
0.675084
-0.694094
-0.778032
-1.56845
-0.923382
1.03532
-0.145018
1.35316
-1.24724
-0.393038
0.133678
0.493245
0.494947
-0.368749
2.33242
1.07832
-0.49437
-2.09442
-0.241529
1.3716
0.70967
1.23409
1.69301
-0.261492
-0.289628
-1.0915
2.14904
-0.731366
1.44557
-1.16252
1.43438
-1.12916
-0.215746
0.764065
0.723778
0.641419
1.24162
0.992789
2.26446
-0.603103
0.158137
0.220055
2.25889
0.393148
-0.429461
1.79453
0.535386
0.0778681
-1.05136
-0.442325
-0.714339
-0.0700656
-0.103649
-1.39245
-0.215704
-1.69664
-1.90687
-2.00205
0.407206
1.76893
0.0184441
-0.183924
0.335916
-1.05192
1.1885
1.40733
-1.42197
-2.51158
0.429566
0.128811
-0.825096
-0.968525
0.22146
0.318784
-1.98334
-1.00786
1.1989
1.55723
-0.297344
-2.01214
-0.756551
-0.0035736
-0.469248
2.1948
1.44041
-0.678691
1.50637
-0.58981
-0.891084
-1.00594
2.02569
1.15337
-0.42892
-0.399697
0.843429
0.667418
1.13407
0.752715
-0.108779
-2.11902
1.04966
0.0235263
0.40237
-2.15247
-0.648656
-0.122085
1.92055
0.59438
1.24432
1.81077
-2.9139
-0.0455725
1.26964
-0.833502
1.09873
-0.940133
1.49172
1.66561
1.61358
1.03224
1.08602
-0.0957521
0.271517
-0.813392
-0.283999
0.188468
1.26013
0.0703082
-1.00647
-0.520534
-0.854416
0.793068
-0.139702
-0.484455
-0.71444
-1.13157
0.0918512
0.21061
-0.417466
0.575926
2.14264
-0.73145
0.452457
0.0473001
0.0129037
-1.03525
2.12755
-1.766
0.159609
1.30658
-0.524762
-0.625297
-0.747024
0.159021
-0.134209
-1.09104
-1.83345
-1.32689
1.47242
0.24239
1.29723
1.06315
-1.11943
-0.616613
-0.32673
0.0539901
-0.792953
-0.478877
-0.666967
0.263083
1.03574
0.371422
0.822969
0.332132
1.36062
1.05158
-0.497883
-1.36484
-0.642197
0.51985
-0.269256
-1.52364
2.07146
1.36831
0.310839
0.324502
0.221978
0.72682
1.02875
-0.0469386
-0.43465
-0.724948
-0.0466999
-0.909649
-0.372998
0.620692
0.811871
0.609602
0.69698
0.0184966
1.20649
0.975658
0.241761
-0.151066
1.48325
-0.75519
1.39015
1.30356
0.70898
-1.01701
-0.521093
0.616696
1.04118
1.14992
1.84618
0.409519
-0.418369
0.796492
-0.378403
-0.61586
-0.532754
-1.2333
-0.384327
0.261318
0.0469532
-0.755648
-0.935382
0.00234324
-1.30493
-0.0838962
-0.26747
1.70924
0.265204
-0.611866
-0.0709019
-0.707691
-0.844117
-0.407186
1.48162
-1.07653
0.259893
-1.20602
-0.797776
1.53006
-1.61801
-1.35778
-0.521189
-1.36329
-1.52511
0.50958
-0.824226
1.29975
1.2003
0.571218
-0.196548
0.656679
-2.90192
0.998342
1.12622
-0.322247
-0.432824
0.757132
-0.903385
-0.862684
-0.638499
-1.42566
-1.71558
-0.328052
0.40402
1.63302
-0.653961
0.719532
0.625721
0.14699
-0.259028
0.787086
-0.974603
1.50232
-1.24094
-0.309031
-0.874036
-0.432382
-0.523569
1.08679
-0.295186
0.329115
1.00566
1.04821
-0.382718
-0.969494
1.93094
-1.48613
1.05856
-0.963894
-2.09623
0.166429
-0.242071
0.840511
1.7127
0.493988
-0.368556
-0.0158384
-0.517966
-0.184857
0.707567
-1.57804
0.274375
0.40037
-0.735409
0.0444323
0.52016
-0.0312389
-0.627569
-0.466516
-0.264961
0.936855
0.465249
0.486905
-0.414251
0.92409
0.761459
2.03766
0.446849
1.47788
-0.433458
-1.21523
-1.73354
-1.83524
0.91529
-0.190082
1.38049
-0.857798
1.6277
-0.457753
0.948581
0.598119
1.1371
0.850745
0.112428
1.10423
0.862747
0.0903656
0.780464
-0.528339
0.613619
1.029
-1.55279
0.552735
-1.16742
1.987
-0.515361
0.0128618
-0.597811
0.824515
1.35448
0.287042
-0.670782
-0.680932
-0.0242313
-0.937428
-0.312254
-1.34605
0.27524
-0.813598
1.04799
0.854927
-0.596408
-0.686626
0.166388
1.19819
-1.11128
-1.99082
-1.71009
0.700904
-1.25751
-0.868427
-0.762374
-1.14453
-0.143776
-0.0355239
-0.166607
0.603368
-1.37668
-0.8104
0.0660868
-1.03288
1.71452
-0.118779
0.0240583
1.06546
1.40379
-0.46096
1.40616
0.346071
-0.687277
-0.0132911
-0.974175
0.383938
0.460708
-0.828791
-0.842964
-0.0133781
-0.985609
-1.57595
1.28311
-0.617538
-0.799198
-0.608634
0.05838
2.418
-1.74091
0.215327
1.1142
-1.4945
-1.51509
1.11371
-0.372231
-2.14015
-0.643023
-1.17343
0.17309
-0.710486
-1.30973
0.473101
0.538167
-0.423799
-0.79797
1.03636
-2.72309
1.61364
1.14069
0.0741351
0.0355261
0.511738
-0.241561
-0.949868
0.734772
-0.90403
0.721708
-1.04922
1.18202
0.863413
0.647424
1.00912
0.0835567
-0.731988
0.420168
-0.738143
-0.25872
0.613323
2.0115
-1.33642
0.504812
1.51071
2.58666
-1.11454
-1.33293
-0.993584
0.970383
0.764434
-0.275931
-0.0140761
1.17713
-1.7288
0.622354
1.53059
0.00464249
1.02088
-0.806758
0.423268
0.725058
-1.43394
-1.28672
0.443698
-0.132721
-0.90693
1.7277
0.639963
-0.889314
0.00288349
-0.842988
-1.56624
-0.848934
-0.412686
0.991457
-1.69529
-2.01397
0.473999
-0.799011
0.391247
1.07027
0.712074
0.87437
-0.956245
-0.629537
-0.899997
-1.37898
0.637929
-1.16333
0.422782
0.178061
-1.38057
0.796025
-1.10065
-0.93593
-0.223947
0.31136
-1.22369
1.28809
0.300641
-0.946266
1.64058
0.199895
1.42221
0.581867
0.465646
-0.0920844
-0.426178
-0.111361
-0.670214
1.29149
1.09215
-0.329999
0.543261
0.61978
-1.67574
-2.47584
1.19737
-0.0301803
-0.931174
0.315156
-0.691642
-0.274492
-1.24214
-1.77616
-0.0488033
-1.43158
0.596149
-0.0112521
0.778233
-0.161752
-1.09178
1.23286
-2.44048
-1.48196
1.20877
1.39373
-1.43696
-0.0666416
-0.4148
0.679689
-0.571066
0.291289
-0.341209
-0.489063
0.637166
-1.2261
-0.778828
0.633264
2.03671
-0.610865
-0.29749
1.83773
0.188672
-1.6926
0.289571
-1.02518
-0.746465
0.542963
0.214438
0.193862
0.898176
0.72248
0.695019
0.772523
1.48902
-0.484386
1.03359
0.853246
0.192874
0.156466
-1.77427
0.770477
-0.710327
0.560887
-1.15522
0.292138
0.856807
-0.53348
-2.06524
-2.12984
0.792354
0.10604
0.305758
-0.437633
-0.395464
-0.328956
-0.733352
0.458189
-0.230126
-0.432394
0.103211
0.926232
-0.411843
0.665739
1.13523
-0.487452
0.930677
-0.478184
1.80718
1.48391
-0.421373
0.0344761
0.114109
-0.953968
0.598651
-1.17466
-0.206859
-0.574236
-1.62777
0.929958
-0.36188
-0.690802
-0.139314
1.27977
0.489447
0.66546
-0.627222
-0.177281
0.685808
-1.17245
-0.757386
-1.49189
0.509328
-0.837383
-0.483656
0.785845
1.60485
-0.402144
-0.207878
0.346559
-2.0826
1.18098
-2.22445
-1.58158
-1.0847
0.639446
0.826249
-1.89514
0.809474
1.28737
-0.991132
-1.72996
-0.31178
-1.06779
1.27702
0.142522
0.562386
0.34143
-0.443934
-0.66694
0.990692
1.3883
-0.0600122
1.36777
0.424133
-1.21544
-0.54604
1.76933
-0.793788
-0.415414
-1.48149
1.07888
-1.35248
-1.06958
0.313546
-0.338707
-1.23402
-0.317434
-0.124281
-0.860255
1.39761
0.208833
-0.452578
0.922841
0.652299
-0.902454
-0.338424
1.23567
1.06351
0.611254
-1.85049
0.863939
-1.90724
0.549157
-1.51585
-0.439436
1.03062
1.06388
-1.58078
-1.09766
-0.00427228
0.616274
-1.12984
0.4897
1.3108
-0.454113
1.44693
-0.317926
0.823706
0.326594
-0.66899
0.230096
1.18354
0.903812
0.832202
-0.819254
-0.475658
0.186919
0.249986
-1.21559
-0.168544
-1.52824
-0.114183
0.842325
-0.797739
0.608667
1.08016
0.238593
-0.966523
-0.470092
-0.10696
1.2599
-1.44788
-1.52437
0.0914629
-0.459101
0.921077
-0.72098
-0.275641
-0.773742
-0.549653
-1.14931
1.89768
1.156
-0.607954
-0.0115874
0.229627
1.75407
1.00004
0.330863
2.82883
0.376721
-0.166696
-0.625583
-1.5133
-0.0289426
-1.14298
-0.66568
-0.654169
-1.20775
-0.464834
-0.680555
-0.225849
1.63728
-0.0495788
0.153215
0.0568233
-1.39671
1.99784
-1.60696
0.972811
-1.39595
-0.30392
-0.395877
0.428818
1.2007
0.207538
0.089419
0.656557
-0.407958
-0.650357
-0.452344
0.697716
2.24066
-0.285308
-2.35429
0.33882
0.719801
0.00661951
1.80819
-1.29194
-0.107799
-2.26442
-0.272939
-0.0781997
-0.918128
0.145868
1.08994
0.129086
-0.00489813
0.155277
0.888786
1.37875
0.235938
0.992496
-1.68304
0.83788
0.50223
-2.26162
-0.0241106
-0.469598
-0.0919576
0.518633
0.840769
0.380039
-0.339867
1.39406
-1.14373
-0.220957
-1.93867
0.342936
-0.0660354
0.0871796
-0.59393
1.22274
-1.09337
0.928483
0.209024
1.41065
-0.454408
-0.780585
1.11273
-1.10286
-0.934892
1.36329
0.547581
0.155447
0.740145
1.21209
0.125443
-0.932017
-0.527054
0.812006
-0.464214
0.669509
-0.692214
0.474209
-0.881458
1.24494
-1.22287
0.74508
-1.05578
0.241069
0.602916
0.526041
-0.602284
-0.0120272
1.59067
-1.03113
-0.391867
-0.728283
1.04518
-0.642999
-1.43146
-0.844742
0.521939
-0.0105812
-0.216751
1.53159
-0.59
0.343196
0.452509
-0.372402
0.821682
0.847864
-1.19545
1.88542
-1.33146
-0.98879
0.0985292
-0.142917
-1.12126
0.205167
1.11334
0.220853
-0.301136
1.88128
-0.602742
-2.23526
-0.599088
-0.237979
-1.21464
0.742612
-0.462192
0.801942
-0.70958
-0.898176
0.202175
1.87848
1.29409
-0.367275
-0.751079
0.269834
-0.147274
1.27701
-1.47009
1.34666
-0.356937
-0.574396
-1.56415
-2.52667
1.53138
-0.231492
0.0658166
0.601493
1.16054
0.53624
-1.6053
0.911663
0.584858
-1.74936
-0.309078
-1.15283
0.832945
-1.41572
-0.425747
-0.152046
0.202638
-1.36356
-0.605451
1.23432
-0.20029
0.928516
0.16393
-0.349536
-0.415666
-0.699205
-0.517093
-0.372023
-2.04331
1.15307
1.95551
-0.653451
0.78866
0.397328
-0.456243
-0.0763866
-0.816335
-0.423356
1.9035
-0.939211
0.713268
-1.47125
-0.478408
1.21172
0.100856
0.376181
1.4817
-0.767003
0.836634
1.22506
0.00522238
0.595442
-1.46502
2.33682
-0.630392
-0.91829
-1.14558
0.626284
-1.02924
1.77737
-0.825098
-0.321434
-0.1753
-1.26719
2.23744
0.368998
-1.42556
-2.59896
0.519286
-0.235256
-1.03903
-1.52872
0.243664
-1.01481
-0.813893
0.666481
0.0606321
-0.484511
-1.02763
0.774056
0.166184
-0.370621
1.18141
-0.601955
0.756093
-0.616579
-0.348134
-1.23103
-0.637566
0.157351
-1.3783
-0.176957
0.366024
0.449454
-0.39064
-0.485457
1.68715
0.705831
-0.566813
1.36198
-0.250843
0.842158
-0.786496
0.012264
-0.933297
-0.774664
0.0214313
1.56707
-2.13108
1.76521
0.29139
-0.115533
0.646462
0.803621
-1.66614
0.365078
-1.00359
0.800749
0.0880174
1.06124
-1.10664
-0.887835
0.994908
-0.766843
-0.0378226
-0.495346
-0.836462
-1.86881
-0.657243
-0.521127
-0.263487
-1.24228
-2.09765
1.19094
-0.693541
-0.0494297
-0.75675
0.262022
-1.7749
0.195765
-1.45527
0.182455
-0.62695
-0.178115
-0.475938
1.29849
1.84523
0.658481
-1.32448
1.08046
-1.16827
1.19752
0.555564
1.48699
-3.56763
0.494427
-1.35724
-0.221674
-0.951194
0.541905
1.86739
3.23106
-0.557546
-0.202801
0.0059877
0.234312
0.355843
-1.98715
-0.35891
-1.63504
0.0770422
0.0777116
-0.429277
0.0705021
-1.20383
1.52686
-1.94197
0.508397
0.818579
0.878747
1.17943
-0.625782
-0.462948
0.385211
-0.937614
-1.20916
-0.682424
-1.69043
0.050643
-0.891385
1.04225
-0.788537
0.873798
-1.0723
-0.41622
-0.561747
-0.296472
0.0629391
1.12034
0.829154
-2.11926
-0.619406
0.950943
0.018333
1.83316
0.319097
-1.72769
0.143774
-0.326581
0.54569
1.12509
0.49124
0.347982
0.710257
2.66229
0.0821952
-1.3874
0.231376
-0.447426
0.464983
-1.76449
1.74545
-1.79063
-1.00373
-0.590702
0.830398
1.20948
0.28002
1.46829
0.755174
0.471814
-0.643887
0.971507
0.770833
0.143823
-1.21968
-1.82656
0.0023157
1.3
0.477171
0.417174
-0.856554
0.0807011
0.732035
1.60693
-0.0525896
0.00957787
1.07518
0.355354
-1.27011
0.74528
0.812244
-1.08812
0.522987
-0.761748
-0.769299
1.69747
0.845382
-1.40937
0.733077
0.835722
-0.0158228
-0.378773
2.58583
0.151626
0.480033
0.793517
-1.37012
-2.3033
-0.671829
0.730523
-1.94733
-0.18039
-0.276044
-0.195342
-0.442984
0.161044
0.0711824
2.33776
0.0243387
-0.536006
-1.89784
-1.27523
0.526042
-1.42628
-2.19426
0.366341
0.840376
1.32386
1.7966
-1.87108
-0.425086
0.166857
-1.14831
-0.0201464
0.853354
-0.576582
-1.58035
0.134944
-0.496293
1.23463
1.45926
-0.215211
-1.00321
0.0411052
1.6478
-1.11768
0.393859
1.13278
1.78479
-1.31689
-0.150602
-0.853402
0.836406
-0.128703
0.0867322
0.478463
0.393948
-1.62581
-0.657111
-0.527522
-0.270584
1.14989
-1.90802
0.750538
1.11622
0.669801
-0.67797
-0.16097
-2.74918
0.951834
-0.925191
-0.08269
1.40429
0.0786024
0.0897164
-0.00632823
-0.396748
-0.1451
-0.945842
0.822758
-1.80867
0.376224
0.0545509
0.181305
-0.827782
-0.248979
0.246324
0.333067
-0.242656
1.24234
0.76955
0.226818
-0.497866
-0.434087
0.798373
-0.447462
-0.78166
-0.65026
-1.91177
0.0868233
1.64212
-2.43914
-0.12796
0.709883
0.37373
1.61683
-1.13103
-1.02811
-1.64058
-0.511131
0.0587282
-0.0482026
-1.49258
-2.15847
0.613114
0.564545
-0.669886
0.339318
1.36445
0.510882
-0.423169
-0.937899
-3.11201
1.16224
-0.183291
0.104225
-1.56806
-0.0328392
-0.607357
-1.21445
-0.420608
0.461199
-0.513567
-0.86065
1.49877
0.915162
-0.122799
2.49215
-1.71199
0.515306
0.843828
-0.728408
-1.22966
0.0362843
-0.220244
0.230664
-0.182315
-1.64929
0.779039
-1.45439
0.098852
1.50145
-0.565521
2.41861
-0.539007
-2.46901
-0.663446
0.384833
-1.25725
0.210247
-0.0586745
1.3797
0.850449
-0.623058
0.407248
0.315419
0.906973
0.795066
0.205366
0.563682
1.62644
0.687535
1.53671
0.174357
-0.151795
-0.466489
0.704556
1.14192
-0.102891
-0.633518
-0.037042
0.796454
-0.492373
0.190126
0.759467
-0.945834
-0.0960904
0.855333
-0.974244
0.063299
0.878648
2.8034
0.880149
-0.527848
-1.31965
2.82113
0.344971
0.768054
1.20511
1.87459
-1.00543
0.0623701
-0.12198
-2.07162
0.54545
-0.726488
1.01015
-0.960668
0.888271
0.299775
-1.88311
-2.28104
-0.177713
-0.0372727
-0.261577
-0.366914
-1.21076
-0.379818
1.66278
-0.240579
1.16941
0.890185
-0.282623
-1.88087
-0.00980043
0.259356
0.261624
-0.206957
-0.569406
0.0435401
-0.442791
0.97904
-1.33182
-0.885349
-1.10009
-1.39008
-1.32278
2.14002
2.13457
2.65232
0.753953
-1.26915
0.611436
0.255318
0.355119
-0.495822
1.87778
-0.564436
0.984181
-2.21394
0.697333
0.960318
0.743377
-1.93318
0.714443
1.77905
-2.73369
-0.127296
-0.1614
0.324742
-0.493997
1.05449
0.937375
-0.718697
-0.956146
-0.424971
-1.55388
0.0366013
0.916645
-0.647239
-0.865854
0.631544
-0.938403
-1.81581
-0.342867
-2.27957
1.11439
1.25296
2.46366
0.00544155
-0.660845
-0.372682
-1.11156
1.14171
0.636464
1.44598
0.12107
1.22209
0.00896752
0.409302
1.85824
-0.856237
0.596951
0.350752
0.403897
2.60084
-0.513567
-0.138477
0.2787
-0.554863
0.206023
-1.32369
1.26524
0.542392
-1.48656
-0.318424
-0.430131
-0.630013
0.18743
-1.13534
0.318255
0.288895
0.380016
0.433118
-0.439423
-0.465137
0.798739
1.7412
-0.339379
-1.44507
0.491346
-1.5643
-0.74828
0.801774
-0.410094
-0.236061
0.880795
-1.03193
0.162375
1.16021
-1.09488
-0.865035
0.907079
1.03938
1.02745
0.57215
0.00536591
-1.96894
0.640456
-0.698834
1.0883
0.797579
-0.549426
-0.616849
2.3977
0.810688
-1.28644
-0.160113
1.4762
-0.192985
-2.67772
-1.26963
-0.800188
-1.21913
-0.753247
-0.0631014
0.172134
1.00045
0.309564
0.192598
-0.915558
0.366534
-0.400925
-0.867212
-0.977723
-0.254143
-0.523933
0.97596
0.207549
0.669372
-1.70993
-1.84203
1.54478
0.779927
-0.812057
-2.28025
-0.0968745
-0.310165
-0.672734
0.218843
-1.35481
0.419128
-1.5579
-0.28072
0.357127
1.42645
-1.95465
-1.07853
0.157327
-0.047973
0.943281
-0.96317
-0.240761
1.0349
0.300891
-1.14788
-0.57553
-0.389488
0.254082
-1.3207
0.653037
0.252535
-0.453032
0.890931
0.964585
0.710577
0.984959
0.725447
1.01734
0.156093
1.11608
-0.108944
0.112593
-1.23378
-1.19984
0.571075
-0.827674
0.719427
1.01454
1.11651
-0.321448
-0.403118
0.127697
-0.634162
0.106557
0.447537
1.52925
1.23114
-0.298564
0.585731
1.51121
-0.726505
-1.20468
1.10449
-0.491231
-0.433633
-0.240984
-0.438355
-1.04855
1.40991
0.00351894
0.782855
0.39226
1.06954
-1.27563
-1.09257
-1.5163
1.32195
-0.324422
0.628665
0.689053
-1.32854
0.523791
-0.0394732
0.19368
1.4133
0.867233
0.0164013
-1.3587
1.31079
-1.47368
0.744261
-0.562346
-0.760735
-1.26049
1.20151
0.113193
0.683961
-1.34768
0.791664
0.414817
0.748573
-0.246281
0.403134
-2.83891
-1.76558
-0.501481
-0.699607
0.0765503
0.753542
-0.654752
0.133463
0.0674851
0.953657
1.1624
1.84428
-0.487902
-0.166059
0.648141
1.64941
0.143045
0.0471113
-0.907521
-0.668907
-2.14299
-0.0732324
-0.535442
-1.15677
0.77761
0.190988
0.265586
-0.808958
0.781917
0.374308
-2.11709
0.833741
-0.934629
-0.207969
0.248308
-0.872023
-1.01907
-0.69319
-0.0374593
-0.466987
-0.415573
1.26196
0.282178
-0.214954
2.10212
2.39642
-0.199066
1.81595
-0.616875
-0.909334
-0.592061
2.13943
-0.718372
1.10641
0.899058
0.627445
1.48844
-0.277706
1.41993
0.985604
-0.628174
0.871325
-0.22447
-1.24629
-1.98976
0.696887
0.13228
0.0758066
0.915083
1.25447
-0.485789
0.149669
-0.496712
-0.447571
-1.29168
0.665529
0.396741
-0.51107
-0.939195
0.145403
2.09367
-0.456397
0.02225
1.61777
0.33372
-0.122243
1.55599
0.477736
0.0634236
-1.39029
-0.14349
-0.417882
-0.973719
2.10529
-1.3511
-1.17041
-0.0681784
-1.17737
-0.0157105
-0.0506916
-0.0511245
-0.911539
-2.0613
-0.310562
-0.203108
2.38157
0.0137449
-1.32088
-0.0273228
1.76977
-2.18714
0.374249
1.12206
-1.19633
1.24811
-0.275937
2.2438
-2.5451
-0.558692
1.1023
-0.193755
-2.0144
0.892321
0.527409
1.60254
0.723873
-0.478208
1.22368
-0.264711
-1.34416
0.241241
-0.350255
-2.23735
-0.691754
0.939088
-0.314534
-1.46468
-0.0911982
-0.660161
-0.286407
-0.53929
-0.77578
0.421668
-0.171647
0.374004
-0.244349
1.00845
0.965817
0.910485
0.12699
-0.588177
0.00332582
-0.934579
0.446125
-0.941309
-0.953992
-0.00038141
0.386681
-0.237863
0.198239
-1.2515
-0.253647
0.951316
0.560667
1.04035
-1.98547
0.490092
2.04962
-1.92268
1.44605
-0.0906519
0.121892
-1.31569
-0.536444
0.0399899
0.353675
1.94488
0.709522
0.250171
-0.90139
1.70058
-0.899016
-0.943275
0.548784
1.80205
0.802322
0.95656
-1.60912
-2.61594
1.62497
0.227174
0.691731
-1.35254
0.422488
1.50273
-0.40652
-0.621479
-0.421956
-0.470732
-1.66121
-0.942514
1.19596
2.40891
1.24262
0.947884
-0.975926
-1.24247
0.812545
0.816268
-0.823139
0.209464
0.0375924
0.616349
1.322
-0.962056
-1.10882
-0.613851
0.568447
0.191493
0.603972
1.99849
-2.13151
0.216155
-1.20219
-0.0859343
-1.69247
-2.29651
1.4322
0.52182
-1.99656
1.24145
0.989426
1.2979
1.1062
-0.246291
0.777926
-0.415907
-0.375022
-0.782332
0.431514
-1.29957
0.44924
-0.758026
-0.492556
0.544095
-0.127094
-0.566814
-0.318906
0.327748
-0.193642
0.724945
-2.3076
0.928135
-0.891646
-1.29863
-0.935899
1.58976
0.722365
0.528605
0.613817
-0.134652
-0.0581238
-0.93393
0.0272157
0.817253
-0.944625
0.464406
0.117008
-0.438635
0.719207
0.7564
-1.39248
-1.50525
-0.0516369
-0.468789
-0.767438
-0.0597898
0.156491
-0.268681
0.990847
-1.05654
0.946015
1.06323
-0.484841
0.0314738
-0.149139
-2.62498
-0.584648
0.729869
0.300665
1.30264
-1.08059
-1.0947
-2.63584
-0.186943
0.84319
0.432346
-1.05124
1.69343
0.0786442
-1.61968
0.242285
-0.153763
1.536
0.368317
-3.07807
0.918659
0.314259
0.653798
-0.463305
0.909858
0.24428
-0.288838
1.55127
0.0866832
0.231795
-0.29226
0.523044
-0.622028
-0.26575
1.55948
-0.0961639
-2.87305
0.0866808
2.54951
1.36639
-0.254213
-0.0498437
-2
1.0758
1.85806
0.655618
-0.767855
0.899489
-0.740251
1.64939
0.46685
-1.04398
-1.06886
-0.759254
0.112515
2.14645
-0.0866739
-1.64266
-0.061066
-0.880636
0.574951
-0.452256
-0.574379
-0.198995
-0.853254
1.33615
0.376802
-0.796728
-2.84136
0.871216
0.75995
-0.246233
-1.24612
1.77516
1.28775
1.27685
-1.05068
0.362957
0.839575
-1.2212
0.870292
-0.836234
-2.81955
0.110699
-1.24287
-1.86699
-0.726664
0.427987
0.370856
0.275409
0.973978
-0.224315
1.30882
-0.330711
-0.300215
-0.986176
-0.894699
1.3374
0.717823
0.583859
-0.168835
-0.890245
-1.47757
-0.787178
-0.420187
-1.00467
0.323121
-0.078442
0.00586361
-1.73258
0.0898452
2.11878
0.60633
-2.02855
-0.254988
-0.730852
1.39128
0.924204
-1.61131
-0.693271
-0.730197
0.142179
-1.47492
-0.946648
-0.153141
0.728835
1.05368
1.45892
1.70221
1.4922
-1.14015
1.51817
-1.59563
0.676508
0.133752
0.770415
0.485029
0.251222
-0.214543
0.0464111
0.41779
-0.533828
-1.56905
-2.02663
-0.414646
1.47593
1.19814
0.205514
-1.28039
-1.25878
0.643817
-1.35592
-0.546646
1.63777
0.252085
-0.683563
-0.72446
1.34225
1.65974
-0.666104
-0.00241995
-0.899197
-0.210361
0.44429
0.742712
0.521259
0.484072
-0.856413
1.17675
2.05377
1.27197
-0.339137
-0.16427
-0.500426
0.756411
-2.00875
-0.426065
-0.709707
-0.115095
0.365287
0.125509
0.0698768
-0.39692
1.01707
0.108312
-0.613972
1.25685
-0.0457258
0.177487
-0.898343
-0.767866
-0.468185
0.130678
0.0857382
-0.662167
-1.74701
0.919378
2.26715
-0.871561
0.876819
-0.392426
-0.220724
0.423672
0.243512
1.40887
0.539242
-0.58613
1.15306
-1.69255
1.24068
-0.439447
-0.369058
0.503988
0.666892
-1.14019
-0.0440014
-0.808132
0.433573
2.10351
0.74558
-0.494568
-0.204592
0.889141
-2.48729
-0.328389
1.51847
-0.112472
-0.649579
-1.07672
-3.16107
1.02035
0.0359274
-0.061714
0.0831876
1.46722
0.257061
1.511
-0.593853
-1.07538
-0.134984
0.332613
-0.0380732
1.76681
1.74107
-0.864659
0.248014
0.547788
-1.40832
-1.63644
-0.696232
1.60336
-1.36822
-1.89829
-0.633768
-1.51476
0.824183
0.265122
0.102317
-0.887559
0.0234593
-1.48341
-0.218887
0.518302
-0.260426
1.39848
1.19396
-0.80392
-0.563358
0.790197
0.214467
-1.20906
-1.56592
2.191
1.03927
0.182403
-0.0776531
0.577596
0.28235
-1.8214
-1.94637
-1.25514
-0.165172
0.963857
-1.36145
-0.357914
0.512921
-0.481717
0.351734
0.454885
-0.62826
0.544707
1.22418
1.87426
0.795558
-0.339354
0.557316
-1.31927
0.332652
0.0940415
0.528317
1.15324
-0.386446
-1.22979
-0.957749
-0.260152
-1.24081
0.613294
1.37284
1.36648
0.619559
-1.6973
0.818965
0.786185
-1.18029
0.653983
-0.0531313
-0.290663
0.762976
-0.810147
0.549964
-0.660826
0.345237
-0.527135
-2.25176
-0.10509
0.142105
-1.65661
-1.19399
-0.641981
-1.90034
1.74907
-1.32469
-0.849632
2.28687
0.567744
-2.40532
1.55828
-0.598971
1.37195
0.22978
0.679469
-0.427799
0.937201
-1.32655
-0.273405
0.872547
-0.555469
-0.206361
0.20594
-1.18861
-1.19919
-0.610935
-0.748221
-0.0427539
1.07611
2.4612
-0.843891
1.73356
-1.30993
0.136925
0.150687
-0.382862
0.0587778
1.16335
0.0788959
0.182809
-0.825544
-0.11869
0.579954
-1.37139
-1.65588
-0.210365
0.282703
0.0842702
2.16418
-0.314337
1.1815
-0.129366
2.48978
-0.323832
-0.643717
-0.604622
-0.925659
1.11441
1.61831
-2.64365
0.0966091
0.173713
0.736537
0.544703
-0.578435
0.632643
-0.251093
0.891037
-0.639962
0.00184047
-1.05911
0.353223
0.848221
0.101375
-1.61212
0.303902
-0.0570113
-1.07236
0.735637
-0.784785
-1.08168
-1.03881
0.0222523
-0.933305
-0.379955
-0.74804
-0.861038
-1.40515
-0.305286
-0.193909
0.948277
-1.01228
0.576013
-2.071
1.34388
0.265092
-0.303984
-2.48108
-0.201293
0.538169
-0.43288
-0.828122
2.57244
-0.78361
0.964972
1.25026
-0.506344
1.19377
-1.52071
0.0360444
0.646714
0.320631
0.462874
-0.550471
1.04541
0.612656
1.35124
0.469927
-0.52708
0.0717102
0.410076
1.03508
-0.236584
-0.0545283
1.8011
-0.137534
-0.236258
-0.652057
-0.74506
-0.100994
-0.156731
-0.77163
-0.596814
-1.69177
1.91786
0.499546
0.318012
-0.637473
-0.876164
0.25024
-0.848895
-2.30388
-0.22344
0.0588712
-1.18889
0.516872
1.18814
-1.43947
1.463
-1.26159
-0.00897396
1.15613
0.329352
-0.20882
-0.74709
0.442636
-0.776053
-0.722835
-0.600579
1.31558
-0.769498
1.72555
-1.80818
-0.91027
-0.279243
0.599959
1.09666
-1.06976
-0.256295
1.08115
-0.261251
1.74172
0.72488
1.31046
-0.0625746
-0.00920832
-0.011175
2.4396
0.952846
0.173466
0.0632043
-0.0804893
1.16586
1.54216
-0.0712572
-0.979742
2.35535
0.870511
1.48423
-0.164795
-0.069936
-2.28303
-0.32176
-0.6251
-1.45856
0.495802
0.130556
-0.744158
0.146809
-0.832561
-2.34464
-0.376229
-0.644875
0.263565
1.07708
1.19986
1.14522
1.08625
0.242165
2.14911
-0.928217
-0.958761
-1.4327
-1.45935
-0.435073
-0.358593
-0.548218
2.61418
-1.14211
1.06473
-0.0482021
0.532344
-0.719121
0.354405
-1.82307
1.87187
0.150531
0.266994
0.560707
0.456726
0.959056
1.768
-0.974203
-1.26857
0.683507
-0.386195
-1.95896
-0.520248
-0.0332039
0.188412
-0.17249
-0.188389
-0.272989
-1.31164
0.528881
0.911808
0.136057
1.07951
-1.2133
0.416612
-1.77766
-1.47013
0.265792
-0.763715
-0.144586
-0.682007
-0.012749
-0.761947
1.30239
-1.01615
-0.0827021
0.129785
1.48497
-0.203292
0.238397
-0.0845475
-0.0424848
-0.168815
-0.498015
1.03736
-1.51859
0.10807
0.320204
1.2682
0.337921
-0.92985
-1.69643
-1.12463
0.899444
0.219227
0.0164499
-0.702731
-1.14045
-0.56284
1.36441
-0.0421155
-0.233243
-1.18675
0.618619
0.620565
-0.802223
1.29725
-2.16128
-0.566787
-1.04532
-1.38419
-1.12516
1.20364
-1.50884
-0.20147
-0.943686
-1.46025
-0.596985
0.957382
-0.312751
1.2431
0.282184
-0.37905
0.377213
1.03004
0.404536
-1.39853
-0.0316901
0.230771
-1.02963
0.985036
-1.64582
-1.01318
-0.604452
1.5168
0.671909
-1.24955
1.23241
0.177006
-0.770534
-0.148565
-0.23112
-0.598039
-1.77337
0.989811
0.0371059
0.0227087
-0.257841
0.420787
0.766001
-0.395417
0.144662
-0.444834
-0.976106
-0.43983
0.80622
-1.13335
-0.403091
-1.09985
-0.782469
-0.841438
-0.39382
0.00280714
0.468504
1.30291
1.67827
1.06716
0.0875483
-0.951334
0.827604
-0.138024
-1.03836
-0.561127
-2.40831
-1.62912
-0.0629832
-0.563052
1.75982
-0.731477
1.74215
-0.0237852
-0.195863
1.09406
0.747939
-1.52773
-0.0785046
0.0090335
0.38869
-0.951091
0.817818
1.57082
0.164145
0.0275063
-1.0096
1.39837
-0.176506
-0.897554
-0.567711
0.672626
1.24693
-0.229494
0.9494
0.781042
-0.712647
-2.2838
-0.627098
0.570865
-0.166912
-0.25039
-0.701598
-2.28896
1.34238
1.58989
-1.95829
2.61431
-1.69164
-0.652568
0.20558
-0.415956
-0.62448
0.461611
-0.428892
0.946277
-1.07145
0.781684
-0.0527359
0.151418
-2.26899
-0.186308
2.47909
-1.15122
-0.331023
1.13534
-0.229573
-1.55187
-0.709705
-1.65623
-0.655963
-0.0444282
-1.17486
0.665726
0.446291
0.0128022
-0.0270821
0.250865
-0.32
0.0526682
-0.883051
-0.168216
0.668501
-0.257931
0.477172
-0.927896
-0.093069
-0.300115
-0.454796
1.62979
0.638143
1.06194
1.9847
0.693957
-0.341309
0.301551
-1.27543
-0.841426
0.90924
-0.527502
-1.32899
0.198032
-1.15515
1.49065
1.7377
1.19329
2.45007
-0.944786
-0.027615
0.258011
-0.416475
1.56194
-0.701263
1.62971
0.0477603
0.644451
1.15069
-0.564214
2.28988
-0.395437
-0.337381
-0.95602
-1.18271
-0.592586
1.2313
-0.222592
0.426671
1.4798
-1.91931
-0.208904
1.80319
-0.500143
1.11357
0.74935
1.96684
1.24421
-0.10428
-0.415341
0.0560951
-1.39956
-1.85587
-0.0696421
-1.36461
0.215363
-1.11098
0.386638
1.46293
0.404491
1.40243
-1.33798
1.44366
-0.00356328
0.365402
0.0651523
0.645519
-0.0442325
0.657373
0.60563
0.541351
0.266607
1.18874
0.74978
0.448993
1.14475
-1.37649
-0.893767
1.03797
-0.915792
0.557839
1.01471
1.993
0.880106
0.000357509
1.12589
-0.114455
-1.25119
1.63509
0.604568
1.85004
0.277259
-1.54675
0.475249
0.903868
-1.39362
-1.42045
1.54021
-1.95239
0.9978
0.972896
-0.56059
-0.212899
-0.444276
0.673135
1.95996
-0.78033
0.65454
0.250683
1.92005
-1.0306
-2.49642
-0.635988
1.52546
0.88233
-0.765652
0.322326
-1.23757
-0.939058
-0.907548
-1.33872
0.923812
0.970095
0.522595
-0.355946
-2.81584
-1.32147
0.162508
-0.639146
1.21215
-1.52445
-0.299926
-0.761355
-1.93961
-0.816364
1.19848
-0.25714
0.22976
0.05763
-0.124768
0.943123
0.139402
-0.69183
0.0847599
1.45418
0.636494
1.22908
0.0540627
1.32236
-0.367177
-0.823898
0.883779
-1.15297
-0.599809
-0.523334
0.546413
0.485272
0.0797689
-1.93486
0.038087
0.750044
-0.10428
0.442159
0.660303
1.09159
-0.252927
1.94715
0.368003
0.605932
0.644832
0.769868
-0.347168
-0.714985
-0.741924
0.723995
-0.760504
0.737512
-0.186358
-1.09334
-1.56511
0.0949985
0.168172
0.0926111
0.959015
0.414497
-0.630722
-1.12234
-1.4901
1.57783
0.546324
0.674039
0.796634
1.0611
-0.880926
1.10374
1.36466
1.62746
-1.448
-1.18791
-0.263618
-1.05199
-0.857097
2.00286
-0.211846
-0.493644
0.594675
0.987686
0.518914
-0.736325
0.0986681
0.51629
-2.04674
-0.687558
0.562739
-1.50755
0.642711
-0.275493
0.235202
0.366839
0.695831
0.302236
0.776097
0.943483
-0.509593
-0.0577095
-0.0309779
-0.987328
0.95194
0.291447
-0.0800228
-1.31672
0.871123
1.38893
-0.314112
-0.644423
-0.119154
0.27059
0.783778
-0.0220485
-0.106495
-0.589737
0.570604
0.133016
-1.14868
-0.612414
-0.767874
-0.192481
0.0489585
-0.824469
1.03766
0.176252
0.280972
-2.11446
0.675165
0.864244
-0.737335
-0.626568
-2.55276
1.06624
-0.552868
1.43009
0.725186
-0.0401196
0.0533099
0.563665
-0.750911
1.14848
0.634172
-0.559007
-0.00229627
-0.757174
-1.90055
-0.77304
0.894701
-0.307325
-0.217435
1.26203
1.62639
0.125699
-0.734173
-1.03874
2.50297
0.223638
-1.05634
0.218256
0.599553
0.358508
0.134632
-0.959685
-0.279386
-1.18585
-0.243936
0.406575
-2.263
-0.14546
-1.1526
0.174336
0.479062
-2.41458
-0.355615
-0.683118
0.876652
-1.05232
-0.148553
0.0685582
-0.0889229
0.534354
1.3414
-0.424094
-1.23935
1.24992
-2.61345
-1.10719
0.792003
-0.669339
1.80291
0.151721
0.842691
0.0122313
-0.0869566
1.168
0.188953
-0.425814
-0.241476
-1.96839
-1.00742
-0.196388
0.335086
-0.558577
0.124659
0.498758
0.551088
-0.55921
-1.61591
-0.944355
1.76174
-1.43885
2.13089
0.430323
-1.14084
-1.58422
-0.317378
0.127757
1.36389
0.129053
1.09788
-1.17816
-0.263893
0.844689
-0.158326
-1.60418
0.439877
0.496383
-0.925839
0.614201
-0.276921
0.532561
-1.23999
-0.896694
1.13138
1.65896
0.479827
1.33808
-0.200221
-0.800318
0.756917
-1.59345
1.34538
-1.18001
0.406019
-0.0609879
-1.30425
0.850557
0.100972
-0.145656
0.361288
-0.61964
-0.937662
1.05843
2.11677
0.214332
1.22071
-1.08245
-0.154745
-1.25098
0.0463856
0.966102
0.0110513
1.67963
0.238982
0.526417
-0.652195
-0.586438
2.34334
-0.389114
1.73349
-1.37401
0.823838
1.64711
0.399077
1.61116
1.62458
-0.587216
-0.817165
1.08076
1.76044
1.57001
0.732116
-0.400967
-0.120452
-1.12437
0.362693
0.0286674
0.384484
0.916794
-0.865964
-0.821576
-1.29816
0.693627
0.376625
0.589025
-0.653916
-0.0146763
0.464163
-0.559903
0.672268
-0.126366
0.562811
0.932061
2.36422
1.06939
0.0635101
-0.813831
1.14838
0.807441
1.05602
-2.25392
0.670484
0.497012
-0.339052
1.84583
0.255079
-0.111036
1.05797
-1.46929
-0.0605308
0.0831873
-1.29695
0.917991
-0.0593038
0.633084
0.3403
0.518414
-1.33931
1.03079
-1.09287
0.0815052
1.72441
-0.0386607
-0.359191
-0.646909
0.00404942
-1.11707
-0.616005
0.755596
-0.675246
-0.612101
-2.12031
-0.208225
-0.0847604
-0.581697
-0.665522
0.0686674
-0.717732
1.18263
-1.02064
1.64707
0.568459
-0.0644131
1.56369
-1.06928
0.957919
0.668979
0.10213
-0.714109
-0.95477
-0.141544
0.83232
-0.274079
2.92198
0.459322
0.238408
1.3836
0.156571
-1.03255
-0.188105
-0.168793
-0.873675
1.34674
-0.338477
-0.511339
-1.13733
-0.602773
-0.77536
0.418944
0.406671
-0.575189
1.60225
-2.05148
0.137616
1.09876
1.2194
-1.36038
1.07355
0.801378
1.59254
0.147015
0.16585
-0.242428
0.0763336
0.397363
-0.25432
1.95161
-1.06099
0.960624
-0.193404
1.96491
-2.71116
-0.308632
0.125743
-0.60728
0.755313
0.337836
0.534355
-0.432305
-1.59703
-0.674197
1.19005
-0.187751
1.18418
1.00232
2.76424
0.024678
-0.945082
0.0741879
0.127553
0.614541
0.555582
1.65699
-1.5251
0.653993
1.24551
1.24201
-0.36812
-0.656339
-1.278
0.0737501
-0.0804102
0.192792
-2.58642
-0.0306723
-1.20213
-0.313799
-0.515083
2.42232
-0.688532
-0.232481
-0.396478
-0.720062
-0.229459
0.577228
-0.0854658
-1.79502
0.651416
1.14696
1.59709
0.577136
-0.765389
0.254973
0.234077
-0.714317
-0.729886
-2.05917
0.473314
0.146102
0.870584
-0.061614
0.0393109
-0.448222
-0.556756
0.0284456
-0.868066
0.180703
0.527797
-1.06821
-1.4188
-0.465979
-0.673191
-1.22634
-0.539026
-1.39196
-1.25641
1.47638
-0.164528
-0.256534
-1.49834
0.909832
0.187275
0.729653
-1.01035
-0.309841
-0.297069
1.51926
-0.459917
-0.879882
-0.829555
0.587786
-0.242698
-0.443592
-0.80635
0.796619
-1.44689
-0.41434
-0.902978
0.107847
-0.141445
-0.0757797
-0.251694
0.207999
1.35676
0.489943
0.0512693
0.185436
-0.193139
0.497712
0.366639
-1.53948
-1.38188
1.06021
-0.0227666
-1.14473
0.614972
-0.807303
1.30919
-0.227814
0.0720174
1.65336
0.235359
-0.19594
-0.514606
0.390545
0.537893
0.405351
0.808617
-1.12689
0.59291
-0.120098
-0.608875
1.1038
-0.186363
1.69199
-0.259071
-2.29511
0.00326276
0.702729
0.48924
-0.11702
-0.273272
-0.286151
-0.199185
0.0893133
0.858024
-1.24554
-1.4175
1.61872
0.299425
2.94589
0.324364
2.76135
-1.52798
0.151214
-0.952267
2.54722
0.447511
2.05784
1.80899
1.82657
0.327039
1.86029
-0.145372
0.302546
-1.29775
0.196585
1.21541
-1.69343
0.705345
-0.945922
0.0433168
-0.189667
0.240187
1.10112
1.76776
-0.0406266
-0.504055
-1.08444
-0.562254
-1.06115
0.0829144
2.0191
-0.327805
-1.37688
-0.942738
-0.894442
-0.204241
0.509108
-0.582358
1.17639
-1.34387
0.701311
-0.833411
0.685626
-0.634715
-0.785136
-0.0786736
1.70193
-0.279477
-0.951597
-0.705318
0.658916
-0.632734
0.233659
-0.343634
1.50062
0.697086
-0.636123
0.108803
0.141605
0.619022
0.0967351
-0.883056
-0.741676
0.600813
-1.32352
1.52172
-0.656307
-0.364211
-0.431871
0.566668
0.532325
-1.08706
0.475392
-1.80798
-0.961898
0.0618465
-0.105698
0.670686
0.456251
0.325746
0.0666922
-1.41691
-2.31639
1.21537
-0.0364496
0.920902
-0.988716
0.766271
-0.260511
-0.882069
0.388698
-0.239317
-1.11347
0.00828665
0.550422
0.368862
0.0297555
-0.297801
-1.66883
-0.0643088
-0.227081
2.48948
-0.314502
-1.06999
-0.0442098
-1.15516
-0.168101
0.524639
0.165548
0.405125
-0.557935
-2.11062
-0.823326
0.479721
-0.331717
0.935754
0.516755
0.392234
-1.23676
0.870153
-0.616404
-0.780566
1.22971
0.473042
0.197223
-1.06823
-1.34189
0.547243
-1.53727
-1.23728
1.4226
0.565794
-0.0862259
-0.338198
0.564756
-1.54295
-0.471845
-0.288457
-1.6279
0.671729
0.65734
0.224109
1.06264
0.82459
-0.671154
1.02262
1.3127
-1.26616
1.0353
1.27096
0.140704
0.125912
-0.0672341
1.35091
0.583061
0.8694
0.136552
0.847531
-1.14841
1.42862
-1.3496
-0.804099
-1.59384
0.377778
-0.298272
1.47593
-0.284228
-0.000248134
1.76356
0.885284
-1.72178
-0.32051
-0.788209
-0.336024
-1.24715
-1.51878
0.0120929
0.470403
1.73177
0.265081
-0.215371
1.79189
0.0985978
-0.270839
1.08491
-0.526887
-0.977064
-1.22432
-0.401078
0.440746
0.800669
0.302408
-1.40251
-0.361668
-0.707409
-0.000975668
0.0126653
-0.215409
-0.122933
-0.247822
-0.0998317
-0.104785
0.421485
-0.542161
1.73598
-0.876864
0.705544
1.5498
1.86772
0.864929
0.953249
1.05491
-1.03118
1.04583
0.117665
0.0896342
-0.0801858
-0.738279
1.16657
-0.917884
0.424287
0.637887
-0.114461
-0.0829914
-0.774791
-1.22571
0.425863
0.983339
0.664053
-0.095211
1.56035
0.690289
-1.73577
-1.29934
0.361847
0.922325
-0.325125
0.170617
-1.09889
-0.47712
0.923235
-0.340471
-0.745877
-1.11983
0.0073263
-0.775503
-0.415469
0.0909107
-0.250541
0.163603
-0.545591
1.42489
-0.255856
0.0243202
-0.610448
-0.402012
-0.739446
-2.13478
1.32325
0.457699
-0.233815
-1.01685
0.422962
0.947018
-0.19531
-1.28477
-0.315561
-0.280109
0.610275
-2.1429
-0.0623316
-1.23221
1.47537
0.0230306
-0.261968
0.193384
-0.0141014
-0.407184
-1.12909
-0.786979
-0.651126
-0.350221
-1.4792
1.38411
2.11336
0.109051
0.109541
-0.789245
0.432376
0.0525547
-0.423908
1.99268
0.93001
-0.387064
1.41946
-0.473857
0.752087
1.25256
-1.27649
0.65851
-0.438018
-0.751344
-0.0553113
0.115243
0.173885
1.5312
-1.00309
-0.0855213
-0.808231
-0.790237
-0.707841
0.413399
0.80722
1.91191
0.421943
0.693867
-0.332553
0.747691
-1.07076
-1.0267
0.665693
-1.45285
-0.0786725
1.54417
2.69472
-3.44811
0.244009
-0.733426
-1.70942
1.10855
-1.01713
1.60722
1.2828
-1.63827
-1.45669
0.407684
-1.25356
-0.01213
1.20394
0.268985
0.160802
0.637165
-0.0890303
-1.45217
-0.98393
0.72606
1.15346
0.327216
-0.210342
0.64815
0.203483
-1.94316
0.879618
-0.550347
-0.03999
1.25125
-0.528644
-1.13704
2.20961
0.102879
1.09689
-0.508794
0.096221
-0.955152
-1.98513
1.20134
-0.720068
0.530675
0.885596
0.799835
0.0297854
-0.827708
0.435988
-0.123551
-0.371101
-0.136912
-0.332168
-0.192181
-0.794333
1.02028
0.948378
0.0538562
0.315753
0.0420598
-0.744525
-2.06849
-0.352481
-0.943961
-1.04963
-0.518202
-0.193408
-1.31347
0.930391
0.00409949
-0.496404
-0.610541
0.564052
0.578252
-0.560511
0.379981
-1.0973
0.287205
-0.599835
0.124547
0.407259
-1.15771
-0.746839
0.853052
0.400029
1.0211
-1.17782
0.306285
1.37367
-1.20794
-0.0594515
0.284528
-0.00846177
0.444668
0.309962
-0.937253
2.68553
-1.35101
-0.68021
-0.253983
-2.01963
1.62405
-0.221807
1.47886
-0.069486
0.643598
0.0493272
2.82701
1.61208
0.357891
0.119514
-2.11927
-0.919051
0.192709
-0.107985
-0.701297
-0.670037
-1.09582
0.0686538
-1.06145
0.194813
-1.85334
1.83631
0.579566
1.57166
0.145921
-0.204733
-1.81793
1.01886
0.372155
1.05311
0.676764
0.0104324
1.24844
-0.806522
-0.628
0.137366
1.37849
-0.636039
0.940528
1.34953
-0.374448
1.03556
-1.50032
0.713526
-1.14419
0.892689
0.475166
0.663571
-0.482005
0.498877
0.111139
0.427235
0.405278
-0.860232
-0.542455
0.444108
0.0447792
-0.507237
0.176075
-2.58089
-0.0964868
-0.21162
-0.703657
-0.400502
-0.746632
-1.21472
0.681864
0.407082
0.388497
-0.524032
0.977631
1.23393
-0.620001
1.09506
-1.28466
-0.195393
0.251139
-0.80505
0.238957
1.22838
-0.415933
-1.42928
-0.242261
0.582757
0.490442
0.740469
0.831167
-1.0847
-1.09847
-0.475
0.117114
0.558739
1.10173
1.60709
-0.38563
0.141401
0.52483
-0.346377
2.08926
-1.20913
1.66436
1.04924
0.864125
-2.02374
-0.231433
-0.401737
0.00734216
0.555084
-0.122008
0.76447
-0.0200769
-0.417967
0.661707
0.610373
0.440121
1.2025
1.21335
1.61929
1.02768
-1.02863
-1.94645
0.827965
0.424935
0.214844
-0.348344
-0.751405
0.0756412
1.30377
-0.141147
-0.267471
0.241323
-0.849472
-0.55465
-0.569928
0.364209
-0.72283
0.95232
0.0708929
-1.16704
-0.829469
-1.44321
-1.20158
0.994863
0.0363467
0.941528
-1.42798
-1.66656
-0.166373
-1.01757
0.592861
-1.35935
0.895007
0.567686
0.861651
0.900158
-0.907678
-0.178856
1.71918
1.95525
0.703561
0.106967
0.138804
-0.802548
-0.00207293
0.0771923
-1.41341
0.599512
-0.571915
-0.975249
0.139832
-0.0447828
-0.961664
-0.328477
2.35775
0.523509
1.08124
0.766515
-0.695841
0.0374374
-1.86754
-1.06994
-0.059241
1.29183
-0.483041
3.18607
-0.111687
-0.88306
0.231284
-2.11719
-0.645861
1.39462
1.56331
-0.547703
0.0774115
-0.666257
-0.362997
-1.11104
1.43059
-0.07888
0.113538
-0.724723
0.712024
-0.637822
-1.63358
0.482187
1.38269
-1.2179
-2.99496
1.45472
0.971769
0.569179
-0.546118
-0.563164
1.42401
0.0561921
-0.80321
1.19026
-0.307546
1.35326
0.40451
0.687193
0.513805
-0.973909
0.0619863
0.600126
-0.45347
0.371084
-0.328612
0.587639
-1.06962
1.55081
0.99271
0.231369
0.674749
2.10911
0.164482
0.335342
-1.43297
0.433123
0.539299
0.274213
-0.042587
-0.314653
-1.58212
1.92523
-0.62082
1.22234
3.19352
0.287401
0.711201
0.835628
-0.982165
-1.3006
0.457682
0.882736
0.598862
-0.000971258
-0.502423
1.4069
0.22456
-0.387048
-0.285664
1.78051
-0.70877
-0.22602
-0.212412
-1.48152
-2.00411
0.371339
0.319957
-0.363219
-0.803074
0.380285
-0.154045
0.706443
0.201428
-0.486283
0.981476
-0.751136
0.857392
-0.409194
1.29425
0.806715
-0.0471656
-1.08017
0.77752
1.28216
0.761894
-1.23261
1.0817
-0.586833
0.801301
-0.669842
-0.136591
1.27339
-0.643547
0.350385
1.76956
-1.61462
-1.99798
1.50398
-0.414604
1.02951
-1.06793
1.57707
-0.0304874
0.502507
0.508098
-0.142947
-1.62566
0.995365
-0.545983
-0.595603
0.35877
-0.500623
0.344387
0.13192
2.43367
-1.19779
-0.36372
-0.597249
2.35899
-0.547476
-0.942896
0.304104
-0.21599
-1.83112
0.38821
-0.0207633
0.23611
-0.493903
0.436508
1.82122
0.423895
-0.56437
0.191024
-0.567486
0.106823
-1.05152
0.619719
1.25608
-0.412005
-0.110134
0.827939
0.815088
0.759956
0.219209
-1.36514
-1.49987
-1.33039
0.538115
0.113011
-0.224943
0.946669
-1.8086
1.17986
-0.584656
-2.59058
-0.206143
0.685381
-1.21494
-0.915422
0.800434
-1.15172
0.624432
-1.79478
0.415723
0.11418
0.146434
-0.593492
0.408022
-0.849652
2.18719
0.203388
0.315524
-1.70334
-0.0696784
0.114693
0.307127
0.838379
0.894761
1.58152
1.53268
-0.366137
1.93677
-1.58104
-1.54475
-0.245472
-0.0638098
0.687019
0.174424
0.675137
-0.396647
1.4478
-0.598808
-2.76647
-1.56935
1.9639
0.11831
2.35442
0.477814
1.06081
-0.763395
1.17978
-2.15047
0.27929
-0.412477
-2.51561
0.777944
1.83764
-0.775078
-0.993327
0.504247
-0.216669
0.0648001
-1.41704
0.624395
0.116436
-0.874865
-1.78742
0.500575
-0.0440158
0.725116
0.831137
-0.507238
-0.303522
-1.10725
-0.43785
-1.22041
0.637698
-1.09932
0.38635
0.65858
1.5094
-0.682812
-1.61094
-1.27124
-1.27383
-1.22714
-2.25412
-0.481139
1.59342
-0.263965
1.3665
0.638207
1.15973
-0.724405
-0.694421
-0.0140451
0.963999
0.645467
0.283164
0.297791
0.57497
-0.376248
-0.743674
-0.7715
-0.23268
0.523893
0.597988
-0.469305
0.591664
2.14576
-1.57606
0.73948
0.538169
0.84997
-0.0847812
-0.67755
0.684706
0.936945
-1.04524
0.765151
0.680755
-0.154848
-0.219569
-0.0054878
1.75971
0.920366
-0.45389
2.15196
0.121649
1.2789
-0.617301
-1.533
1.02172
0.527406
-1.18826
0.0657159
0.587017
0.131852
-0.912741
1.7927
1.82096
0.178119
-1.14909
1.55983
0.0858791
0.913253
-0.578504
-0.979105
-0.282488
-0.352753
-0.260055
0.956781
-0.119772
1.16572
1.29585
-1.14079
-1.05796
0.547521
1.08139
0.332525
1.22327
-0.616544
0.940641
0.686979
-1.13185
2.141
1.31543
-0.0470778
1.1302
0.362052
-1.0673
0.766201
0.17214
0.416618
-2.49515
-0.298666
-0.273621
0.271777
0.214876
-0.0847907
0.418155
-0.548919
0.704556
0.131761
2.18097
-0.109639
-0.312258
-0.800894
0.793798
-0.133989
0.571714
0.0615124
0.773148
1.12548
0.599223
0.665449
1.18625
-0.306735
-0.270657
0.245927
-0.30262
-0.51065
-1.97917
1.44129
0.196013
-0.342285
0.265789
0.97079
1.26006
-0.993673
1.784
0.95984
-0.613346
-0.32925
0.583351
-0.281509
0.593403
-0.351429
-0.194934
-0.304656
-0.0432743
-0.0499115
-1.14035
0.663175
1.2024
-0.0519224
2.39341
1.22435
-0.893465
-0.552667
0.57838
1.06658
-0.687658
-1.174
-0.257497
0.623415
-1.80565
-0.115086
-0.633715
-0.660881
-0.275413
0.299196
0.0488831
1.42289
1.73969
-0.524923
-0.859374
0.149104
-0.121515
1.09438
0.0815075
-1.69004
-0.516028
-0.80468
-0.694602
-0.376793
-0.095571
0.432498
-1.51296
0.634858
-0.500428
-1.47201
1.34881
0.178194
-1.60968
0.0857733
-2.04401
0.249368
-0.57754
-1.29138
0.243994
-1.88409
0.719239
-1.8331
-0.277591
1.09671
0.101302
-1.24039
0.0968156
-1.33564
0.657751
0.287111
0.649879
-0.651934
-0.807011
1.00216
-0.454776
-2.04626
-0.899787
1.10979
-0.768048
0.0775959
-0.724379
-1.24994
-0.744929
-1.22393
-0.774635
0.0790398
-1.5215
-1.1835
0.768652
0.823286
0.878977
0.192363
0.352498
0.227484
-1.03568
0.254637
-1.32763
-2.36769
0.331056
0.0954013
-1.35364
-0.13146
-1.58192
-0.960962
0.683729
0.677427
-0.152358
0.604499
-0.667465
-0.848457
0.248931
0.222912
0.895644
0.981859
-0.0182786
1.43586
-1.64619
-0.698313
0.63397
-0.0421451
-0.394375
0.286879
0.345143
-0.392155
-0.353652
0.103572
1.15658
2.00028
-1.63908
-0.63227
0.314429
-1.06086
1.92973
1.45596
-1.15486
-0.443238
0.981683
-0.000114799
0.599352
-1.26909
-0.0758545
1.48074
0.869892
1.07667
1.91748
-0.055724
-0.690959
-0.285304
1.69608
0.563913
-1.83714
0.281569
1.03336
1.5328
-0.441636
-1.61911
0.764805
1.82952
0.841999
-0.0855784
-0.42947
0.309462
0.196943
0.486138
-1.41749
0.195526
-0.9036
-1.30662
-0.922303
-0.00333679
-0.520816
0.151798
1.06823
-2.85622
-0.55984
-0.376004
-0.812417
0.0550132
0.474642
-0.414839
-0.253828
0.539826
0.553202
0.390215
-1.07783
1.0747
-1.24527
1.0995
-0.472766
0.08964
-0.375584
-0.0607879
-1.35717
-1.42212
1.17172
-0.479507
-0.689665
-0.975614
0.00545716
1.19866
1.52273
-0.507908
-1.31926
-0.362009
0.0973715
0.0719339
-0.670536
0.763264
1.52831
-2.3061
0.921433
0.400903
0.513848
0.0400262
0.124632
-1.31646
-0.842156
-0.544347
-1.56943
1.45482
2.23925
2.14406
-1.6447
-0.579175
-0.570592
-0.274567
0.594382
0.537096
-0.687771
-1.93002
-0.0951043
-0.79188
0.142383
-0.57074
-1.10626
-1.32588
0.518855
-0.262006
0.490017
-2.28054
0.0924733
1.30292
0.146774
-0.576866
1.24266
-0.227904
0.720207
0.858491
-2.15296
0.531165
-0.932529
-0.273196
0.348035
-0.164985
0.936155
-1.13157
-1.34197
-0.138178
0.344508
-0.705487
0.715411
0.634356
1.65058
2.70001
-1.16563
-0.675337
-1.57534
-1.03416
-0.861955
2.31905
0.0952203
0.535083
-0.39777
1.32438
1.09487
-0.185907
-0.736173
-2.09559
0.00406814
1.53491
0.227477
1.10546
0.0191219
0.819015
2.31098
-1.21456
-1.17991
-0.447199
0.32972
-1.42672
-1.39116
-0.238587
0.241024
0.399525
0.628807
-0.639435
-0.592823
-0.74964
-0.107764
0.244546
0.0158388
-0.728879
-3.15103
1.04119
-0.0973325
1.72705
0.40547
-0.989382
0.482355
-1.32717
0.386832
-0.11353
-0.195481
0.813928
-0.50369
-0.39365
1.00371
0.0352139
0.243843
-2.16969
-1.1893
1.94024
-0.628508
0.0582182
1.5096
-1.6068
-1.50768
-0.71306
0.160246
-0.0967458
0.413898
-0.659954
1.23733
-0.607039
1.29389
0.835568
-0.370247
2.40311
-0.363817
-1.70414
-0.261528
-1.26152
1.36534
0.155911
1.21652
0.685849
-0.717238
-1.47456
0.640346
0.184138
0.71842
0.0837944
2.49703
0.0285373
3.27565
-0.362232
-1.04601
0.00866371
1.0313
-0.212623
-0.958889
2.39136
-0.887559
-0.501276
0.586064
0.272161
-0.524297
0.426203
0.866356
-2.69231
1.31197
0.268839
0.477578
-1.06188
-0.312668
0.446587
0.132615
-1.80929
0.932704
-0.750974
-1.95746
0.501036
0.52903
-2.04941
-2.59916
-1.07025
-0.9175
2.03469
1.82242
-0.299528
0.733354
0.425621
1.80935
-0.140615
1.02617
0.714842
0.291529
-1.72346
0.807863
-0.0423759
-2.39233
-1.32198
-0.103775
0.358562
-2.1375
0.21897
-0.661926
-1.9767
0.258855
-1.43275
-1.29728
1.08811
0.428666
-0.694203
-0.485552
0.352951
0.415097
1.50806
0.512147
-1.59486
0.602287
-0.22475
-0.527192
0.529442
2.05946
0.653067
-0.281953
-0.601063
0.375165
0.169669
-0.816497
-0.506191
0.187176
1.25505
0.798531
0.5155
-0.793362
0.705924
2.94959
-0.35938
0.461621
1.81169
-0.652321
-2.0161
-1.22188
-0.195121
-0.0785797
-0.0661902
0.0243612
-0.259258
0.760855
1.02012
0.272622
0.788852
-1.03048
0.324975
0.44474
2.15349
-0.375339
-1.13185
0.811262
-1.49843
1.68746
-0.196015
0.907706
1.16528
-0.233472
0.324497
-1.03353
1.21574
-0.323094
-1.34107
-1.09429
1.75781
2.19404
-0.215934
0.942219
0.951797
-0.567947
0.486963
1.61996
-0.55675
0.810791
-1.69281
0.101685
-0.299323
0.0945547
0.143551
1.239
0.126491
-0.70189
-0.0857046
-1.50696
-0.472868
-1.09384
0.279673
1.11508
-1.53741
0.906766
1.86207
0.322501
0.289009
0.330502
-1.14062
1.3093
-1.58791
0.674663
0.850723
1.05049
0.429622
0.721239
-0.583836
1.69658
0.389159
-0.440482
0.331718
-0.258746
0.133983
-0.43354
1.44536
0.177303
-0.586537
0.243164
0.75651
-0.895885
-1.50098
-1.90644
-0.486102
-1.44647
1.6333
-0.86883
0.245141
-1.99191
-0.436061
1.31648
-0.575458
0.0514311
-3.2763
0.854573
0.627012
-0.850895
-0.00175333
0.406798
0.498238
1.06362
-0.747489
-0.973601
-1.05726
-0.85143
-2.30526
1.01963
2.21502
0.333785
-1.49942
-0.888326
0.252871
-0.628851
1.18356
1.20543
2.11261
-0.2527
1.15551
-1.24102
-0.445795
-0.671201
0.713957
-0.911777
-0.679724
0.523707
0.0247779
1.80248
-1.42435
-2.50373
-1.21431
-0.525227
-0.0798934
0.47551
0.109584
0.15782
-1.03552
0.100504
-0.351587
1.69691
1.98589
1.01203
0.731981
-0.235143
0.487204
0.464939
-0.128878
-0.789151
-0.564695
0.722001
0.0256444
-1.38972
-1.14025
-0.415889
-0.665341
-0.377077
-1.80623
-0.255629
-1.06149
0.258167
-0.477471
-0.805032
1.1568
-1.68749
-0.350952
1.63647
1.26701
-0.264191
0.483043
-0.486598
0.85576
0.293967
0.78993
-1.1004
1.63974
0.236835
-0.119845
-0.804582
-0.738641
-0.787569
0.263355
-1.76267
-0.639911
-0.0165945
-1.65858
0.727178
2.11978
-1.00044
-0.706044
-0.18988
-0.80998
-2.58071
0.246508
-0.195406
0.231061
-0.0958899
0.698779
-0.0171942
-0.342559
-0.246529
-0.358883
-2.04126
0.129489
-1.10562
-0.411314
0.312653
-0.764163
-0.885075
0.481809
-0.704814
-0.161017
0.49294
-1.36927
-0.0354254
0.359407
0.36527
-2.60167
1.72852
-0.296481
-1.05188
0.862927
1.24737
-2.27122
-0.931349
-0.194289
-1.70658
1.25765
-0.823522
0.744387
-1.03539
0.101878
-1.29453
-1.13028
-0.853764
-0.514569
1.9607
0.565737
-0.738452
0.395435
-1.92616
-2.09649
-0.630317
-1.02129
-0.542955
-0.372976
0.0947261
-1.51467
-0.833803
-0.592749
0.228174
0.114777
0.887773
-1.11108
-0.788519
0.337312
-0.463579
-0.100249
-0.882602
1.06139
0.411404
0.985248
0.119575
-1.08436
0.812382
-2.46894
0.833298
-1.36632
1.36267
0.807124
-0.551597
1.20861
1.49595
-1.29343
-0.376329
0.122048
-0.578788
0.0888711
-1.65389
-1.4614
-0.609241
0.816421
-1.00721
-0.782583
-0.355382
-0.618328
-0.292539
1.53669
-2.08431
-0.41228
-0.806366
-1.12809
0.674295
0.57365
-0.131919
0.396943
1.25828
0.523506
0.448811
-0.939408
0.988204
-0.574313
0.38023
-0.870637
-0.375389
1.53725
0.457601
1.22264
-0.0549451
-1.25153
0.681463
-1.65985
0.768051
-1.54456
-0.73016
0.636838
-0.00092113
1.41689
2.34538
0.738577
1.29377
0.757747
-0.52083
-0.127682
0.51412
-0.230442
1.24552
-0.0687904
-0.768829
0.703263
0.733483
2.35911
0.518577
0.816843
-0.0588956
0.303002
-0.781945
0.102297
-2.29091
1.04482
0.0928538
-1.49986
-0.301165
0.227222
-0.238643
-0.167598
0.152349
0.421652
1.08275
-0.220876
0.213675
-1.51868
-0.0512965
2.13698
0.293734
0.390778
0.234724
-1.46706
-0.540442
-1.45035
-0.151284
-0.0531507
-0.627377
-1.35954
0.668069
0.835198
-1.40032
-0.0421265
0.404566
-2.66261
-1.94347
1.00489
2.26056
-0.470992
-1.34421
-0.578978
-0.0416645
1.00697
1.33446
-0.0049603
1.69018
0.960849
-1.67739
1.6916
2.23903
-0.335429
1.61046
1.53661
-0.611817
-0.521328
0.895195
0.185681
0.0777183
-1.49012
-0.286914
-0.697679
-0.340809
2.64139
-0.871565
-1.37863
0.638181
2.51334
-2.95078
-0.0116913
-0.467045
0.715181
0.176447
-1.31869
-0.198569
0.375672
-0.191743
0.80571
0.59885
-0.450804
-0.157154
0.186689
-0.54932
-0.810062
0.370029
-0.360115
0.585042
2.76035
-0.547517
0.679855
-0.503582
0.906806
0.97335
1.02012
0.571264
0.859766
1.59504
0.658192
0.313106
-0.93519
0.385947
1.34454
-1.45283
1.01131
-0.508768
1.11431
0.0992596
0.804449
-0.788989
0.482947
-0.531098
-0.457718
-0.0288419
-0.538012
-2.22144
0.233327
1.93005
-0.798781
-0.0767177
0.229788
1.00545
1.06468
0.61876
-0.296712
-1.21755
-0.84902
0.526951
0.164791
-0.388382
0.960114
1.19643
1.38249
0.120964
-3.05237
0.517108
1.39071
-1.70359
1.28572
-0.735648
-0.244042
-0.23624
1.3495
1.06847
-0.856777
0.337335
-0.352593
-0.36084
-0.192931
0.729898
0.542409
1.33286
0.21424
-1.41994
-0.31586
1.10465
1.42215
-1.20279
-0.356569
-0.0131302
-1.31215
1.03532
0.180203
0.124862
0.108596
0.193493
-0.173922
0.86511
0.374447
-0.873514
0.281457
-2.23316
-0.294354
1.53983
-0.108524
0.190818
0.929612
-0.530653
-0.112881
1.56449
-1.03593
1.35798
-0.66817
-1.16484
-0.174749
0.23066
-0.246087
1.85664
-0.0840065
-0.261462
0.17712
1.7214
-1.4349
1.25152
3.00329
-0.701528
0.995211
-0.869276
0.642603
2.64165
-0.902674
-0.153573
-1.63316
-0.490758
1.84933
2.98781
-1.37591
-0.534014
-0.762533
2.13232
-0.593302
0.326703
0.691859
-0.420122
-2.07486
0.544424
-0.221925
-0.697861
-0.376996
1.51939
0.496265
-0.602017
0.6157
0.925905
0.0157043
-1.25783
1.40397
0.0557095
0.679863
-1.6934
0.233204
-1.34099
1.11181
0.30075
1.0722
1.6035
1.28542
0.142529
-0.704954
0.856941
0.144888
1.06977
0.295231
0.47141
-0.0432706
0.632489
-1.24166
1.30833
0.779437
-0.118656
0.464172
-0.715182
-1.46259
0.174408
-0.525117
1.43131
-0.280653
-1.01197
0.760678
1.49897
-0.342416
-1.17563
-0.647063
1.11717
0.0752171
0.827903
-0.0968244
-0.872546
0.441008
-1.61363
0.910076
1.28996
-0.332026
-0.362179
-0.44481
-0.580274
-0.768692
-1.28592
0.619755
-0.0637013
-0.0899826
-0.392296
-1.15601
-0.222446
-0.268207
0.459385
0.727268
1.23448
-0.368721
-0.881298
-0.489887
0.248936
-0.053855
1.49679
-0.359819
0.750159
0.713698
0.517552
-2.069
-0.849999
1.06457
-0.553886
1.49961
0.394079
-0.587382
-0.215797
-1.15297
0.826428
-0.406432
-0.117445
-0.64362
1.64217
-1.35197
-0.181817
0.748209
-0.231373
0.04261
0.0845385
-0.108202
1.10313
-0.029976
1.38799
-0.68171
0.492823
0.045566
0.458412
-0.460095
-0.238307
-2.1559
1.01424
0.220651
-0.0164178
-0.846213
0.370391
0.265316
-0.67532
0.136426
0.446678
-1.9327
-0.653725
-2.72001
-0.0674173
1.36518
0.651686
0.160553
0.403212
-0.300115
-1.12968
0.592965
0.65914
1.45158
0.184815
1.35871
-0.779833
-0.535586
1.28116
-0.371078
-0.466951
-0.489279
-1.13792
0.454171
1.12736
2.52029
0.751412
0.570824
-0.800738
-0.020867
-0.626866
0.99098
0.211706
-0.490779
0.935776
0.531709
1.0177
-0.0984911
-0.00972366
-0.36062
0.980104
1.62803
-0.886993
-2.67416
-0.507003
-1.76852
-0.694116
1.48585
-0.380405
1.1483
-0.0809797
-0.631566
0.522976
1.76559
-1.28542
0.119809
0.51676
0.172475
-1.26794
-0.289601
-0.124635
-0.470936
0.728074
-0.977743
-0.175923
0.652832
1.1545
0.523186
-0.617917
-1.96664
-0.613984
0.576234
-1.53614
-0.755813
0.632726
0.220624
1.83338
0.897137
0.570404
-1.1226
2.0133
-0.45577
-0.49297
1.59646
-0.450534
-0.0358739
0.0907742
0.381353
-1.34895
1.02617
0.452438
0.066479
0.74636
-0.710685
-1.17332
0.20791
0.112471
1.92216
-0.203405
-0.121486
1.55624
-1.64411
0.660958
-0.0508147
0.116544
-2.28187
1.2866
0.582753
0.63935
1.74219
-0.881185
-0.657882
-0.600734
-1.60737
1.2522
0.697171
-1.30175
-1.02822
-0.452949
-0.59788
0.267755
-0.62939
-0.846204
1.11281
-0.875367
-1.09239
-0.275297
-1.02754
0.499998
-1.39265
0.975671
-0.0676903
0.0426915
-0.278
-0.492581
0.372366
0.991654
0.243345
-0.494274
-1.3847
0.0012877
0.267943
0.649166
-0.0373032
-0.188062
-0.137466
-1.68836
-0.443171
0.192459
1.05238
-0.102699
-0.0311507
-0.349973
0.826885
0.279516
-0.0928938
0.701198
0.301599
-0.434039
0.327652
1.85106
-0.599063
1.34473
0.372392
0.716142
0.383195
0.646102
1.55655
0.865861
0.584779
-1.08455
-0.212066
-1.61338
-0.361719
1.35992
0.0216334
-1.362
-2.00621
-2.35178
0.495299
1.49575
-1.78356
-0.709798
1.55693
0.612142
0.0504689
-0.62461
-1.71161
1.24195
1.47762
-0.162426
-0.622404
-0.889201
-0.186788
0.146748
0.942107
-1.45991
-0.502536
-0.81732
-0.11892
0.488196
0.207866
-1.0268
0.403081
-0.404219
-1.53826
0.398543
-1.00062
1.52511
-0.138822
-1.09927
-0.533036
-0.494566
0.754267
-0.788293
1.05376
0.894999
-0.312155
0.160631
0.483782
-0.931103
0.835067
-0.363583
-0.834771
-0.291568
0.682477
0.472436
-0.655955
-0.802891
1.29424
-1.6993
-0.491574
1.20978
0.87779
-1.14571
-0.5316
-1.07351
0.614573
-0.994168
0.443831
-1.07283
-1.11879
-0.550398
-2.08039
0.54708
0.198696
0.450843
-0.515262
-0.885314
0.281206
-1.55036
0.258994
-0.14979
0.678494
0.328298
0.827047
0.298484
0.236224
-0.309324
-0.665345
0.0951892
1.72757
0.513039
-0.0995545
0.82143
1.42744
-0.454721
-0.862501
0.720384
-0.689576
0.221891
1.78746
-0.453807
0.240119
0.616361
0.139143
-0.118956
-0.539114
-0.706884
0.443781
-0.21477
-0.363458
-0.0803656
-0.643372
0.819476
2.03416
-0.506476
0.406661
1.108
-0.459389
1.52244
0.450899
-1.20281
-1.3854
0.949876
-0.39217
1.42127
0.192838
2.258
2.21166
-0.649511
-2.52661
1.30038
0.985423
-1.85378
-0.0573207
-1.06259
-1.15664
-0.928081
-0.291968
-0.265724
0.290808
0.859058
-0.695491
-0.204574
-1.0401
-0.818211
-1.00953
0.527336
-0.965549
-0.469843
-2.17038
0.58076
-0.937368
-0.893862
0.262665
1.24117
0.687375
-0.7241
0.70734
0.323364
0.861257
-0.401643
-0.515433
1.25963
1.98409
-1.30389
-1.25439
-0.0995243
-0.205429
-1.44089
-1.1438
-0.833609
-0.105522
-0.0569021
0.905257
-0.992676
-0.407199
0.281197
-0.20969
0.767203
-0.895034
-0.710533
0.167541
-0.762102
1.65323
0.943148
0.0924367
-0.0928244
-0.119973
-0.230045
-0.47755
-0.717594
-1.34248
-1.43692
1.86491
0.118072
-1.75655
-1.71302
0.834208
0.376556
-0.909746
0.522813
2.68958
1.20477
-1.30635
0.544385
-2.31125
2.10108
-0.0573441
-0.438148
-0.783107
0.492705
0.43059
0.399012
0.129143
1.04563
-0.317649
0.687629
0.973303
0.79953
-1.13308
-0.0815194
0.734176
1.25599
-0.491334
0.0721136
-0.119621
0.267113
0.0158879
-0.261697
-0.589197
-0.459463
-0.772341
0.0213168
1.17715
0.267872
-0.537958
-1.51084
-0.96104
-1.88302
-0.343657
0.100052
1.03456
-0.644658
0.203764
0.766215
0.588552
2.02585
0.908
-0.263842
-1.12534
0.55551
-0.526034
-0.286416
-0.808861
1.29889
0.898755
-0.430876
-0.658957
-0.515157
1.23938
-0.0262945
1.07382
-2.49003
1.24369
1.31651
-0.505091
0.881615
0.491705
0.879686
-0.578948
-0.00287193
0.289796
0.726341
0.399924
-0.706724
1.71062
0.22418
0.309886
-1.19575
0.0363649
0.507622
0.383952
-0.516483
-0.414646
1.36416
0.0621104
-1.36313
-0.880979
-0.234429
-1.77229
1.70408
0.679215
-0.495735
0.655742
0.0553166
-0.588021
-0.422601
1.14158
0.219713
0.664259
-0.275018
-1.17174
-0.916156
1.92777
0.854472
0.642135
0.770754
1.15202
1.35674
-0.200513
-1.40775
-0.47367
1.61607
-1.85201
-0.199589
0.877458
-1.00144
-0.254776
-0.515184
1.04814
0.4359
0.556852
0.206047
0.912523
-0.809373
1.14506
-1.78228
-0.905097
0.67334
0.627874
-0.519184
-1.20135
-1.28064
0.66735
0.530596
0.483144
2.11746
0.880472
-0.980864
-0.461565
0.41763
1.5064
0.842276
0.595422
1.6688
0.552443
0.95143
0.98104
-1.36619
0.249073
-1.7901
0.0180478
-2.60695
0.0403839
0.563026
0.196658
0.299517
0.0476736
1.14308
0.752954
1.36462
-1.69372
-0.487566
-0.172488
-0.492653
1.10387
-0.498884
-0.124023
0.444024
-0.369623
0.0111259
-2.0081
-1.61282
-2.34709
-0.857507
0.938204
-0.401811
-0.529926
-0.641039
-1.00464
-0.0590283
0.107969
0.415087
1.13713
0.590092
-0.62638
-0.69357
-0.764173
-0.242069
0.306434
0.27768
1.17926
-0.614627
0.646138
-0.850315
1.17717
-0.518345
0.728517
0.612443
1.37785
-1.36089
0.857599
1.48821
-0.414964
1.3039
-0.210084
1.26652
-0.361464
-0.233922
0.747667
-0.0822951
0.70852
0.32189
-0.947629
-0.74012
-0.119002
0.0518628
-1.92309
1.61717
-0.909883
-0.735455
-0.132528
-1.05584
-1.44368
-0.997098
-0.9265
0.315977
-1.24777
1.832
0.317014
0.216401
0.722907
2.07287
0.0358605
-0.0660296
0.637992
-1.02272
0.0923585
-0.496946
0.179459
-0.351993
0.691011
0.387455
0.256116
0.255833
-0.621963
-0.0866478
0.804608
0.458118
-1.24699
-1.40045
0.616775
-0.741998
-0.363823
0.671572
0.197072
-0.628033
0.00798595
-0.746532
-0.0412929
1.04583
-0.921728
-0.0752881
-1.03822
-0.158999
-2.03593
0.666862
0.493883
-0.651113
0.620142
-0.3948
-1.13864
-0.27033
-1.0638
-0.535101
0.647566
-0.0419668
0.87418
1.63466
1.05073
0.0122606
0.431724
0.0112662
-2.49101
1.38946
1.05297
-2.23385
1.83182
1.89409
-1.86027
1.1488
0.520492
0.326446
-0.32227
0.075954
-0.843907
-0.703979
1.11293
-1.00932
0.317397
0.0950552
-0.0808749
0.184495
0.19302
1.11275
-1.69396
-1.50713
2.46242
-2.25652
0.141053
-1.74155
1.25003
1.22689
-0.84196
1.32481
0.546217
0.613309
0.913245
0.584625
-1.14401
0.791982
0.930574
0.976678
1.63678
1.75744
-1.85886
-0.440383
-0.533233
-0.379592
-0.612003
-0.643828
-0.1643
0.084897
1.12978
-0.260445
-1.29705
-0.537849
0.0325952
0.85152
1.37072
1.84701
0.958084
-2.34266
1.20813
-1.40769
0.188852
-2.34547
0.0789701
-0.563272
-0.373917
-0.0406821
1.42323
-0.905191
0.915646
-0.212834
-0.846561
0.78452
0.547848
1.87795
-0.17888
-1.88854
-0.145103
-0.0615932
0.108175
-1.56221
-1.2086
-0.405629
0.246448
2.03868
1.50236
-1.0666
-0.0385837
0.15331
-0.652492
-0.309231
0.46004
-0.28961
-1.28957
0.601427
-1.10104
-0.0554385
1.56997
-0.499142
-0.874289
1.35397
-0.740296
1.16108
-1.18702
-0.502107
-0.710361
-0.887901
0.0342275
0.0197541
0.911088
-1.35328
0.200784
-0.274191
-0.204955
2.44244
-0.262612
-0.840585
-0.932549
-0.790556
-1.11415
0.825766
-0.0399869
-1.27924
-1.0774
-0.472979
0.249535
1.51823
1.40485
-0.462779
0.953188
1.48719
-0.938969
-1.33632
-0.428255
0.0622426
0.655831
0.650771
-1.07166
1.11612
-1.29692
1.09579
0.0810738
0.488513
1.27673
0.543496
1.90783
0.53758
-0.354767
-1.02217
0.478615
-0.189372
-0.00801271
-0.211366
1.04922
0.350401
-0.362736
-1.94028
-0.287686
-2.28924
1.03489
0.801166
1.16782
1.03599
0.193556
-0.211627
-0.23396
0.492385
0.162347
-1.36966
1.25027
1.34052
1.47155
0.494719
-1.64808
-2.26672
-1.95687
0.144951
-0.79495
-0.129853
0.446967
0.598921
-0.0529258
0.535922
-1.02429
-0.269122
-0.768331
0.236438
-1.48378
-0.902457
1.1712
0.354982
-1.24226
0.276113
1.28153
-0.167592
-1.48692
-0.274464
1.66193
1.2434
1.08275
-0.454363
0.0090394
-0.804843
0.569728
0.0783466
0.242338
1.12198
-0.055077
-1.04536
-0.139089
-0.325855
1.71674
-0.778311
-0.738366
-0.730496
0.811286
1.73241
-1.98593
-0.630761
0.455363
-0.981292
0.938892
-0.620397
-0.343916
-0.0817201
1.04039
0.137234
-0.237612
-0.967241
1.42894
-0.777809
-1.99641
-0.0714328
-2.24133
0.610134
1.80081
-1.00315
-1.11879
0.229893
0.41588
0.690301
0.0897381
0.258508
-0.434856
-1.82428
-0.300622
1.93882
-0.88541
0.668115
1.1099
-0.193053
1.26013
-0.721169
0.262964
-2.43246
1.27095
-1.71138
0.0769961
1.02533
-0.0276881
-1.44134
-0.0898228
-0.464175
-1.81313
0.583677
-1.37924
-0.194151
0.884583
-1.23932
-2.78008
0.709425
0.571849
1.14723
1.12197
0.261651
0.796024
1.88415
0.257639
0.667867
-1.78094
-0.995781
0.923174
-0.152195
-1.22781
0.202902
0.802041
-1.34976
-1.96543
-0.9017
-1.17577
-0.95503
-1.0795
0.19788
1.73376
1.2161
0.472907
-0.0195999
-0.973671
-1.17198
0.240848
-0.0532936
0.117344
2.23183
1.50669
0.113025
0.0451339
0.645586
1.08954
-0.168314
1.06259
-0.0513498
-0.712411
-0.942585
-1.00084
-1.89046
0.519354
1.51819
0.0422086
0.636892
-0.0456589
1.18566
0.356983
0.424412
-0.471482
0.495378
0.0502692
-0.506178
-0.102058
-1.17708
1.04591
-0.194575
1.30339
-1.50654
1.73041
0.238823
-0.83474
-0.226719
-0.294554
1.39487
1.36211
0.947256
0.220792
-0.00232589
-1.12217
0.62783
-0.900316
-0.086336
-0.293916
-0.2063
-1.44691
0.716096
0.4959
0.561113
-0.209045
-0.295692
0.459871
1.43602
-0.348407
-1.77063
0.107175
-0.511884
-0.726249
1.44919
0.0762364
-1.08799
0.167527
-0.448237
-0.369264
-0.98572
1.03569
2.58545
1.51585
-1.18497
1.61499
0.912616
-2.30919
0.471274
0.464755
1.19884
-0.361839
-0.509893
0.197498
-0.536693
1.75314
-0.799036
-1.84569
0.0983103
-0.328714
1.00978
0.962816
-0.260745
-0.375133
0.851959
0.335731
2.29897
-1.3742
-0.408516
1.34684
-0.78904
0.38054
-0.486675
-1.21766
0.964704
-1.26264
-2.15758
1.3793
-1.54792
0.155959
-0.00687748
-1.60412
-0.698343
-0.485625
1.14029
-2.14938
1.05588
0.782191
-2.59073
-0.945104
-0.876134
-1.42198
0.513608
-0.237712
-0.515436
-1.47748
-0.60032
0.937659
-0.447079
-0.649867
0.341877
-1.18072
0.258235
-0.675812
0.167158
0.798774
2.23608
-0.904609
0.581868
-0.844402
-0.889998
1.10631
1.49876
-0.552459
0.0478953
2.22322
1.14276
0.3097
0.451798
0.296295
0.592281
-0.310013
0.346612
1.55362
0.655569
-0.662926
0.873277
0.180928
-0.430913
0.369672
0.320731
-1.60116
-1.04616
-1.75062
0.193877
0.221661
-0.54838
0.653014
0.635704
0.862758
1.08334
0.164608
-0.355067
0.281962
-0.232665
0.0864528
0.348005
-1.00357
0.515237
-0.297027
1.82679
-0.536655
1.22567
-0.868739
-0.511691
-1.73995
0.634129
-0.33321
0.0941085
-0.256652
1.52335
-0.754787
1.30117
-0.0768847
0.927417
-0.130571
-0.996045
0.717392
-1.59354
0.672104
0.724876
-0.543648
-0.544342
-0.708829
-0.310208
0.138905
-0.77597
0.760038
1.63277
-0.156159
2.51392
1.12268
-0.31776
-0.689426
-1.32691
0.0372517
1.37403
0.679486
0.843944
1.1128
0.949471
-0.777308
-0.0802783
0.702924
0.334213
-0.361671
-1.08305
-1.73943
1.72937
-2.30509
-0.859181
-1.81005
0.748177
-0.418315
-0.595085
-0.657099
-0.641515
0.164847
-1.40104
1.3186
0.394841
0.744784
-0.573026
-0.46277
-0.703854
1.86348
0.0184258
0.361627
2.02229
-0.679643
0.769991
-0.872375
2.06617
-0.518445
0.2492
-1.05544
2.01183
0.735822
0.632039
0.41995
1.97151
1.21794
-0.106601
0.765851
-0.438784
0.526905
-0.309076
-0.426383
1.41496
-1.72796
-0.249645
-0.40481
1.33046
-1.24836
-0.577347
0.757883
-0.0559438
0.611105
-1.28278
1.09559
-0.430313
0.151382
-0.965846
0.0374184
1.09748
1.96173
-0.265726
-0.851977
0.186289
1.15587
-0.676315
0.386209
-0.294439
-0.464883
0.97561
-0.61618
1.02463
-0.199569
-0.752624
-1.39638
0.252244
1.66192
-1.07478
-0.415392
1.15974
-0.575502
-1.35186
-0.535731
1.13647
0.000135541
0.059731
1.12127
0.366433
-1.24607
-0.048013
0.495657
0.0575641
0.266963
-2.3726
-0.695741
-0.208291
1.12256
1.1361
-0.783755
-1.83701
-1.07509
0.595154
0.179152
-2.02179
-1.7497
0.484974
-2.80944
-0.853672
1.16863
-1.03234
-1.36704
0.477538
1.40457
0.145155
0.435122
-0.0879306
-0.876648
1.51327
0.403408
0.714039
-0.417665
-0.251384
-1.32345
0.352379
-2.13411
-1.10755
0.0151557
0.646331
0.0319494
1.0613
-1.56053
-0.227821
-3.27565
-0.373075
-0.47507
-0.780877
0.038792
-0.216031
0.000764549
-0.871678
0.0858982
0.624566
0.258075
-0.18735
-0.395401
-0.713897
0.390168
1.37703
-0.178011
-1.4707
0.768538
-0.430646
1.84084
1.34998
-1.28891
0.466843
2.17448
-0.665214
0.180589
0.0574657
-0.124509
1.85644
1.47016
-1.22392
0.311978
0.723271
0.094743
1.75699
2.26669
0.803682
-0.928067
-0.964368
1.93555
-1.62018
-0.5835
-0.261964
-0.615843
1.45495
0.669504
-1.75008
0.325405
1.62912
-0.0909199
0.018097
-0.624496
0.91389
-1.70832
-0.361646
-1.22057
-0.266904
-1.24417
-0.364229
-0.709532
0.869893
-1.17979
1.43417
-0.493512
-1.16101
-0.634181
-0.879496
-0.0596619
0.956468
0.507141
-0.0965818
0.0696924
1.23752
-0.768305
-0.132602
0.616652
2.31548
0.0344921
-0.487773
-1.46476
-1.09717
0.259878
-0.608812
-0.52375
-0.249017
-0.797221
0.970746
-0.105181
-1.10196
-0.657366
0.461739
2.06033
-1.10786
-1.75859
-1.40374
-1.00557
-0.849061
0.455787
0.466147
-1.63805
-0.258868
1.21019
2.85027
-1.24816
0.138913
1.35209
0.424167
0.228479
-0.656234
-1.06155
0.263684
0.716618
-1.53214
0.15708
1.2888
0.987411
-0.0261199
-0.269354
-0.89866
-0.197009
-1.35557
-0.850829
-1.82761
-1.7717
-0.754032
-0.212713
-1.14387
0.0108837
-0.110483
1.61624
-0.455408
2.13555
-1.24992
-1.49312
0.811416
0.557055
0.678867
2.5547
0.943914
-0.0317169
0.719114
-1.04361
-0.89845
-0.850663
0.383172
-0.00933695
1.20468
-0.2914
0.681552
-1.00781
-0.449571
0.602643
-0.312173
1.03174
0.290217
-0.1086
-0.475958
-0.444795
0.841237
-1.87544
-0.914347
-1.68231
-0.573986
-0.732558
0.431594
-0.0871527
-1.20979
0.297607
0.113938
-0.417195
-0.322688
0.240411
-0.335163
-1.29867
-1.13216
0.851882
-0.752355
0.589176
0.608373
-0.941188
0.975492
0.349719
0.89372
1.09297
-0.289859
-1.08575
0.498373
0.514576
0.973043
-1.39889
-1.09293
-1.74134
-0.177013
1.03684
0.826861
-0.843791
-1.13881
-0.92827
1.06466
1.01959
-0.770909
0.550095
0.932911
-0.370131
-0.149074
0.400405
-1.16467
1.08306
1.42137
0.246083
-1.59153
-1.17096
1.21033
0.358608
-0.506604
-0.50546
-1.96876
2.38749
1.27953
-1.09837
1.11252
0.882998
-1.52582
0.113532
0.503567
-0.243247
-1.29863
-0.449901
-0.681968
0.509861
-0.0667561
-0.398108
0.439352
1.04343
-1.01012
-1.53109
-0.0923771
0.116547
0.126128
1.28122
-0.859656
1.19952
-1.43238
0.400922
-0.264782
-0.782425
-1.26135
1.78773
-0.175469
-0.107983
0.636151
0.151753
0.289308
1.22914
0.0982563
-0.60806
-0.0386911
-0.107223
1.05235
-0.276217
2.11857
0.236231
-1.74821
0.365322
0.432465
-0.710485
-0.0660362
1.02285
0.244978
-0.730612
1.01209
1.08084
-0.482473
0.357558
-0.950088
2.48687
1.70854
-0.489486
1.10845
0.687225
-0.299175
-0.228596
0.718125
0.61558
-1.15871
-0.0880342
-0.933964
1.99845
-0.967744
-0.0409985
1.16886
0.334352
0.689218
0.238478
0.103267
1.60383
-0.422433
-0.0264857
-0.83783
-1.30135
0.425462
1.236
-0.910867
-0.841491
-0.764318
2.11637
-0.834189
0.302062
-2.08404
-0.245106
0.689217
0.647775
-1.2439
1.8294
-0.0266396
-0.0595481
-0.54909
1.41145
-0.287378
-1.11436
0.917542
-1.8649
-0.148268
0.188475
-0.736218
-0.256177
0.284454
0.0809579
0.361725
-0.331091
0.329654
1.37619
-1.45756
0.0940516
0.32125
-0.913579
-0.729026
0.810245
1.11624
0.46673
-0.784182
1.32071
0.279698
0.555452
-0.193762
-0.826575
-1.05517
-1.18617
-0.703064
0.131069
0.0221165
-0.053818
-0.534614
-1.55658
0.112662
-0.213251
0.70394
-0.567501
0.382084
1.25005
0.396608
-0.417296
1.09552
-0.383646
0.087832
-0.179431
0.0847405
0.0215796
-1.07092
-0.419834
-0.187848
-0.110539
-2.08262
-0.139051
0.426923
0.299762
1.04502
-0.466156
-1.12138
0.655901
2.11844
-0.764994
-0.249148
0.740838
0.4843
0.479308
-0.112278
1.27866
0.442424
2.2196
0.295358
0.57419
1.5639
0.287809
0.613405
-1.38874
0.815535
1.10144
-0.365951
0.352318
-0.707936
0.214625
1.378
-1.50519
-0.34459
-0.0917298
-0.00712377
0.412099
-1.18435
1.12763
0.466557
-0.853423
1.03632
-1.05314
-0.859815
0.315402
-0.159355
-1.14985
-0.228299
0.592157
-0.280136
0.419125
1.08333
0.655092
-0.283025
-0.0877084
0.0867833
-1.82446
0.947317
-0.763241
-0.672858
-0.604082
0.757919
0.368476
0.0132959
-0.883265
0.179574
0.391617
-1.28129
-0.0104312
-1.55125
-1.49893
-0.556036
0.353809
0.442099
-0.463919
0.0489317
1.3396
0.51408
-0.51534
0.0745904
0.215262
-0.30622
-1.09883
0.471069
0.416674
-0.722679
-0.594106
0.661144
0.103996
-0.605339
0.234869
0.442795
1.29755
-1.8143
-0.010269
-0.434832
0.139619
2.43793
0.664822
-0.114369
-1.67906
-0.339207
0.258451
1.35201
-2.83327
-1.06849
2.58111
0.384615
0.228004
0.648102
0.335214
0.829782
-0.0139745
-0.376855
-0.295356
-0.42457
-1.04933
-0.604885
-0.855178
-1.4678
-1.88667
0.446111
0.708822
-0.411164
2.40148
0.992772
0.331105
-0.319683
-1.17634
-1.50315
-2.79511
-0.586798
-0.632752
0.561016
-1.8221
0.158573
-1.82277
-0.592831
1.86146
-0.728436
-1.19819
-0.562171
0.967303
0.655921
0.902566
0.31423
-0.548326
-0.156661
0.219639
2.73663
-0.245342
0.464916
-0.129032
-0.975796
0.10348
-1.15847
-0.15358
-0.0286969
1.748
-1.00821
0.791965
-1.25672
-0.752122
0.888685
0.846322
-0.436012
-0.0986393
-1.39433
-0.0368017
-0.433904
2.01814
-0.653498
0.0346146
2.0584
-0.77193
0.595611
-1.90896
0.52148
0.782161
0.900383
1.31921
-0.835023
-0.637031
0.561507
-0.320794
0.455199
0.593956
0.185779
-0.164888
0.631414
0.723546
-0.227646
-1.33854
-1.69443
-2.0616
0.326459
-0.727513
1.98218
-1.11504
-1.08732
-1.01498
0.891475
0.424214
0.945757
0.91383
0.494399
0.670136
-1.41099
0.358193
-0.753694
-0.207485
1.03939
2.62951
0.334458
0.932955
0.379142
-2.4089
-0.657305
0.31267
0.989874
0.862487
-0.0173188
-1.47514
-1.16845
2.00249
0.0661924
-1.26425
0.577818
0.659328
1.38372
-1.23283
-0.187795
0.780883
-0.33698
-0.261086
-1.71048
0.192168
1.87775
-0.982562
1.0561
0.132473
1.52625
-1.44648
0.334375
-0.691486
-0.48339
-0.595833
0.687902
0.314326
-0.275463
-0.479925
0.63212
0.443198
0.867336
2.45768
1.00315
-0.369781
-0.157373
-0.425899
1.26068
-0.0307834
-0.447734
-0.0315909
-0.578363
0.623223
0.735556
-0.780893
-0.459135
-0.208695
-0.751243
-1.9029
1.10757
-0.113084
0.657793
-0.0831848
-1.28025
0.384273
-0.279779
0.3228
-0.213509
0.744518
-0.979184
-0.652956
2.29908
-0.535101
-0.00571483
0.761677
0.0703781
-0.512046
-1.04549
0.575887
0.120999
-0.943615
1.0554
1.31453
1.93575
-0.369511
-0.0585364
0.412469
0.0969317
0.459895
-0.563485
-0.624912
0.184614
-1.73745
-0.0676359
0.506157
0.541573
-2.75376
1.58642
-0.602843
-0.404416
0.629394
0.842498
-0.054214
-0.524339
-2.31245
-1.03202
0.725411
1.14851
-1.09365
-0.856165
-1.35755
0.738977
-1.83749
-0.00786674
-0.028815
0.325254
1.5044
-0.333966
0.154211
1.17232
-0.0534424
0.875468
0.0821025
0.851716
0.459652
-2.0354
0.660137
-0.470956
-0.0124639
-1.19611
0.867765
1.14842
-0.00817764
-1.0193
0.382284
-1.12115
0.028694
0.206921
-0.297676
-0.577922
-1.32552
-2.89308
-0.127319
0.0607391
-0.218913
-0.713264
0.765857
-1.61403
1.50391
-0.0393974
1.69011
1.05538
-0.567086
-1.33085
-0.420333
-0.939407
1.26631
-1.10201
-1.2953
1.00701
-0.320816
0.317003
1.84956
1.2731
0.492628
-1.61945
1.1041
0.608643
0.697535
1.37196
-1.2859
0.205756
-1.54907
-0.784001
-0.140599
0.128971
-0.503719
0.111107
0.62961
0.550516
0.635198
-0.780428
-0.701278
0.293115
-0.812514
-0.579494
0.940345
1.20589
-1.00576
0.798569
-2.52443
0.628268
-1.7642
0.775024
0.8503
-0.787001
-0.219357
0.0806627
-0.0476657
-1.69798
0.500448
0.687989
-0.163257
1.18026
-0.0260452
0.966864
-0.213127
0.93652
-0.0171792
-1.53101
-0.22377
-0.335885
1.12163
-1.20738
1.29185
0.0872064
0.39108
-2.37237
0.471351
-1.10352
1.16074
0.538247
0.304441
-0.391846
0.324116
1.05951
0.0392401
0.491691
2.88303
1.48266
-1.18909
-0.364548
-1.85086
0.778764
-1.46988
0.346009
0.975203
-0.0321261
0.383541
-0.00157225
0.216969
-1.55889
-1.56928
-0.75958
-0.789804
-1.1518
-0.813473
-3.01407
1.18912
1.70626
0.632214
1.3496
-1.95167
-0.106507
0.493867
-1.05895
-1.2136
-2.08608
0.418048
-1.07195
-0.295667
0.771739
-0.794574
0.904755
-0.725892
0.0580555
-0.288913
-1.6216
2.16294
0.0904422
1.84572
0.632723
1.15404
-0.720897
-0.564503
0.309753
1.75138
-0.907375
-0.343039
0.890996
0.420306
-0.0266997
0.670251
-0.624732
-1.09008
0.420617
1.08442
-0.660289
0.970586
0.734915
-0.146512
0.629293
-0.143738
-0.0577422
-1.20322
0.589446
-0.0245475
-0.49637
2.02191
0.671209
-0.66612
1.12637
0.707309
0.103717
-0.732361
-1.03892
1.10228
0.0984628
0.593468
-1.18948
1.04347
0.216252
-1.0336
0.64821
-0.527036
-0.124235
-0.908575
-0.16331
0.0565249
-0.933621
-1.58755
-0.543006
-1.89841
-0.987629
0.77714
1.24735
0.783518
-0.708422
-1.85695
-0.112707
-0.041729
0.458348
1.58465
1.12413
-0.657374
0.0402207
0.298444
-0.533671
-0.960628
-1.08778
-1.29262
1.43723
-0.784888
-0.967151
-0.786436
1.78201
-0.242666
-2.29178
0.841055
-0.406415
-0.694246
-1.49857
-0.853545
0.26838
-1.91101
0.263331
-1.45826
-0.484531
-0.0567214
-0.0814805
-0.642511
0.451577
0.899046
-0.878356
-1.64776
1.3328
-0.410271
-1.73603
-0.180949
1.35675
-0.374267
1.73073
-0.398549
-0.157648
-1.22809
0.993902
-1.04968
-0.468145
0.268471
1.68658
-1.39265
-0.661156
-1.61854
-0.578742
-1.18777
0.557386
1.27724
1.159
-0.350003
-0.491824
0.14244
-1.00452
-0.419497
0.37983
0.66954
-1.82494
0.156008
-0.917955
0.27604
0.351082
-0.89448
0.0223427
-0.5446
-0.574677
-0.705501
-0.18175
0.346252
0.413407
1.53951
0.679454
-0.713106
1.58511
0.240003
0.0838738
0.189329
0.796742
1.34327
-0.377352
0.316534
0.359924
0.57619
-1.14215
0.921392
0.460687
0.712684
0.717301
0.255818
0.503465
0.345484
2.0498
-0.495593
0.729624
1.84832
0.61937
-0.0550787
0.264932
-0.759416
1.21183
0.819089
0.233968
-0.917259
0.539539
0.46672
-0.213075
-1.78474
-1.90079
0.770778
1.05587
-0.00666124
-0.422148
1.28583
0.47375
-1.03618
-0.194704
-0.224285
0.42325
-0.0942574
0.663748
-0.138706
1.9512
0.744512
0.123606
-1.04056
-2.06265
-1.58706
-0.801926
0.853936
0.672285
1.50483
-0.919393
0.750924
1.44656
-0.115735
-0.109875
0.251543
0.0970089
0.811944
0.364391
-0.765062
1.6325
2.08556
1.98973
-0.044094
-0.394043
-0.763327
0.718856
0.203593
-1.29406
-0.458807
-0.122016
-0.162341
1.78198
0.661164
0.0553667
-0.193592
-1.27103
0.271425
0.63027
0.548745
1.38559
-1.25415
-0.0590995
0.205598
-0.247492
-0.164146
-0.838181
-0.367251
-0.341855
-1.25029
0.471925
0.189121
-0.685231
1.55452
-0.186348
1.1121
-0.905056
-0.820705
-0.158198
-0.909889
-0.425297
-0.284564
0.44446
0.089458
-0.626812
2.27834
0.35681
0.696209
0.704095
-1.04826
-0.955414
0.789243
0.984006
1.33467
0.623333
-0.868875
-0.225218
-1.3327
-0.582362
2.56486
0.0967898
-0.623181
-2.22601
2.90604
-1.40674
0.0334415
0.804831
-0.52411
1.87991
0.230358
1.33092
0.627543
0.639408
-0.944617
-0.686448
-0.363672
0.0909496
-1.26955
-1.47505
-0.544236
-0.340377
-1.50961
-0.48679
0.671481
-0.0778217
0.251727
1.71345
0.447033
-1.32431
0.321739
0.289873
1.23524
-1.15187
0.822369
-1.37772
0.670384
-0.265779
-0.0426289
0.143188
-0.14655
-1.50059
-1.48664
-1.41383
-1.13507
-0.126885
0.210335
0.796725
1.16122
-1.2668
0.0674199
-0.0742772
1.27031
-2.21986
-0.25782
0.501654
0.125747
-0.998541
-0.858288
-0.45363
-0.313554
0.705761
0.314982
-1.02219
-1.19269
-0.393924
-0.334645
0.446545
0.495104
1.56576
-1.29033
1.30361
-0.420704
-1.10064
1.9516
1.10908
-1.58316
0.629229
-0.897481
-1.13799
0.168382
1.2044
-1.20659
-0.416316
-1.87681
0.199102
0.869473
-1.7931
1.59984
-0.441054
1.12
-1.18954
0.803308
0.086469
2.00943
0.243597
-0.228357
0.644516
-0.0759106
2.11787
1.40168
-0.918354
0.576439
-0.905239
-0.573589
-0.125139
1.09286
0.843919
-0.65564
-1.33907
0.648871
-1.5923
-0.214769
-2.55387
0.998447
-0.168729
-0.813385
-0.85544
-0.211016
1.47994
0.570558
-0.291528
0.604518
0.194544
-0.916441
0.242573
0.549045
-0.0938432
-0.0727603
-1.54891
0.27202
0.151027
0.794887
0.167397
-0.188924
-0.379177
-0.500896
0.166758
-2.66075
-1.48993
0.846646
0.029749
0.00714415
0.0770479
0.589148
-0.750956
-1.11362
-0.967215
1.11745
1.4626
0.126102
1.72201
0.885873
-1.13338
1.36533
-0.207185
0.0929821
0.452063
0.578182
-0.463194
-0.227161
0.534936
-0.568653
0.689143
0.270552
0.218886
-1.9842
-0.899753
0.544904
0.49696
1.23791
-0.152245
1.1264
0.168664
-1.38131
-1.11567
-0.228594
0.0909274
0.07091
0.70471
1.39274
-1.13023
-0.284228
1.33328
-0.605187
-0.307584
-0.55998
-0.0912259
0.885682
1.69316
-0.549313
0.799008
0.554839
-2.62304
-1.046
-0.334719
-1.91556
2.20306
-0.473494
1.68976
-1.97886
0.720942
-1.54962
-1.11278
0.555768
0.133007
0.393889
0.483583
0.687873
-1.41342
0.165815
-0.957952
-0.522239
-0.821346
1.46376
-0.174829
0.573146
0.0914921
0.601162
-1.48692
0.672054
-0.202886
0.5761
2.26302
-0.95032
-0.0589166
0.253773
0.402527
0.775125
-0.842084
0.161212
0.396165
0.0824524
0.978707
-1.27024
-0.719431
0.0749395
-0.134688
0.919754
-0.344538
-1.86371
1.17589
0.706906
-0.479973
1.2102
2.9347
-0.567611
0.808929
-0.281836
0.124164
1.32542
0.544504
0.661988
1.45188
0.710091
1.75994
0.0382384
0.951792
-1.09416
-1.8712
0.331855
-0.571012
-0.813161
1.155
1.14471
0.0447401
-0.615995
0.562281
1.19383
-0.80229
-0.383677
0.283747
-0.221568
0.684708
0.953244
-0.894867
-2.03018
-1.45358
1.59515
1.19812
0.087263
0.395207
1.70996
1.62359
-1.0071
-0.260294
0.630461
-2.08828
0.338411
-0.761782
-0.662204
-0.0537962
-1.1649
0.321388
1.18796
0.697813
-0.983308
0.227679
0.847457
0.347803
0.266832
0.702189
0.480394
1.41299
-0.777334
0.475363
-0.133255
-1.97342
0.604605
0.0835294
-0.317891
-1.86489
0.51455
-0.353772
-0.399092
0.892714
-2.11096
1.94218
1.18571
-0.865737
-0.388958
0.0921852
0.376071
-1.7757
-0.0863732
0.46777
-1.29839
-0.308325
-1.66663
-0.112195
-0.581955
-0.897777
-1.46121
0.49128
0.438991
1.22696
-0.563434
-0.0091998
0.479804
0.241519
0.39301
-0.953749
-0.0708532
-0.554561
1.06744
1.2693
-0.123954
0.565354
-1.40369
0.00312454
-1.75984
-0.29248
0.758237
0.332039
1.05702
-0.279548
-0.418685
-0.502941
0.540891
1.0867
-0.267534
-0.592216
1.12439
0.115453
-0.410872
2.08092
0.66404
1.30063
0.648631
-0.848698
0.196234
1.93555
0.844458
0.627167
0.603536
-0.593044
1.42161
-1.69235
-0.587539
-1.02022
0.175159
0.0823206
0.173646
-1.15895
0.519656
0.0975295
-0.592917
1.83609
-0.0561584
1.06334
-0.382845
0.946056
-1.07305
-0.280183
-1.17275
-1.121
-0.913571
0.699787
-2.34837
0.00579679
1.04818
-0.271442
-0.135317
0.38407
1.20957
0.968778
-0.620136
-1.81077
0.274018
-1.28196
1.57525
0.148813
-0.881506
-1.161
-0.905826
0.904478
-0.557785
0.56528
-3.08254
1.44231
0.285374
0.0910593
1.6535
0.975355
0.994802
0.917475
1.81661
0.789376
-0.361935
-0.396623
-0.711449
0.132551
-1.13781
-2.20165
-1.15508
1.04708
2.7953
-1.65301
1.07135
-1.16234
-0.0401988
-1.16811
1.55107
-0.994703
-0.418776
-0.849397
2.80399
-0.851926
-0.39024
0.61602
-0.284723
-0.0737837
-1.36673
0.000879049
1.52294
1.54901
-0.775503
-0.282596
0.702934
-2.83551
0.872987
-2.59483
1.58619
1.21917
-1.22937
0.142805
-0.941613
2.87002
-2.12852
-0.165644
2.65269
0.290318
-0.112608
0.46983
0.161106
-0.367009
0.372281
-0.575546
0.521835
-0.6666
-1.63594
-2.18752
0.493132
-0.526824
-1.97907
0.465353
-1.35759
-2.20425
0.21062
0.727119
-0.175334
0.821576
-1.22283
0.907887
-2.50807
1.44162
-0.061996
0.883724
0.0363818
0.304168
1.39435
-0.234788
0.505502
0.865655
-1.09341
0.451335
1.56435
0.0725083
-0.0591174
-1.01136
-0.142098
0.940359
-0.456879
-1.84015
-0.619954
1.12052
0.77591
1.215
-0.13781
1.03083
-0.27575
-1.35377
-0.564913
-0.963039
-1.37312
0.549021
-0.155699
-1.95911
0.704934
1.47362
0.17507
-0.299904
1.63082
-0.730448
0.728191
0.0571151
1.78173
-0.947167
1.99892
0.293243
-1.34765
-1.20153
0.0508336
0.109585
1.24098
-0.154918
-1.29573
0.673918
-0.41316
0.277826
-1.96561
-2.10604
1.04487
-0.754239
0.027531
-0.599528
0.68497
-0.819212
-2.1811
-0.53529
1.63074
-0.0573496
0.694821
1.06652
-1.91046
0.595154
1.077
-0.388576
-2.10333
0.00376183
0.127942
-0.674758
0.067466
0.0762621
0.303252
2.0051
0.877831
-0.302816
0.39294
-1.0169
0.838871
-0.964126
-0.402481
0.257142
1.64413
-3.18816
-0.0713247
0.334033
0.316681
0.735462
-0.039668
0.248649
0.34274
-0.727217
-1.01246
0.155986
-0.197492
-1.12069
-1.04267
-2.90587
1.36932
-0.0312143
0.0117105
0.188308
0.955253
-0.629636
-1.44221
1.03873
1.33488
0.964921
1.76187
0.570894
1.50424
0.832888
-0.300212
0.74333
-0.130945
0.923244
-1.12316
-1.73063
-0.21289
-1.0022
0.953182
0.113586
-0.223393
0.329567
0.949948
-1.37243
-0.321382
-0.551416
-0.286795
-0.00683284
0.904114
0.74599
-0.190048
0.637773
0.614279
-0.950792
0.765311
0.536437
-0.289921
0.685401
-1.53972
-0.0687994
0.762937
0.783078
-1.87937
0.905622
-0.51069
-1.62097
1.6507
-0.718442
-0.347571
1.2283
-0.278693
0.47714
0.501021
-2.08693
0.736006
1.89887
-1.7882
1.77751
-1.65949
0.557729
0.672599
-1.68937
-0.63332
1.32898
-0.960038
0.403887
-2.25433
-0.730564
0.785105
-1.82948
-1.52234
1.92304
-2.02003
0.212405
-0.37232
0.998243
0.722758
-0.728414
0.391697
-0.124227
1.55381
-0.106299
-1.48115
-0.558927
0.551055
-1.41391
0.743619
0.982344
-1.91789
-1.46481
-0.746567
0.691517
0.330201
-0.786824
1.39684
0.285897
-0.208765
0.679036
0.632682
0.783898
0.899457
0.539149
1.11487
-1.44204
0.635879
0.717182
-1.18555
-0.0219281
-0.45727
0.056278
-0.551164
-1.08828
-0.232987
-0.834291
-1.00639
-0.770739
0.848826
0.154723
0.467082
-0.538625
-0.537561
-1.29776
-2.32159
-1.88837
-1.12979
-0.0151814
0.144484
-0.172633
-0.57327
-1.37333
0.0906218
0.445955
0.346857
-0.53164
-2.05543
-3.29697
-0.444168
2.78203
0.947769
-0.115139
-0.291041
0.168633
-0.0868073
0.29083
-1.30242
-0.201854
1.15648
0.580972
-1.69986
-0.273868
1.95001
0.210629
-0.00552422
-0.617719
-0.797233
1.54979
-0.913449
0.89861
-0.422646
-0.492087
0.668999
1.07698
0.23148
0.305333
0.204171
-0.116416
0.112762
1.95161
-1.29189
0.78994
0.0583243
-1.75061
0.455763
0.889831
0.0396285
-0.435287
-1.07447
0.557635
0.148572
-0.914241
-0.238796
1.15466
-0.838792
-0.114619
0.286268
0.853827
1.61124
-1.06825
1.02708
0.0347604
-0.134059
1.54481
-1.06676
-1.04069
1.61314
-0.0737244
2.04274
-0.896866
-0.300623
-0.956082
0.0571432
-0.0796984
1.70315
-0.108944
-0.757005
-1.25649
0.09451
0.206484
2.08189
-1.72653
-0.264054
1.76331
0.252015
1.72507
0.351751
-0.593542
-0.59506
-0.911803
1.33016
-0.964431
-0.861954
1.55836
-0.486911
1.52823
-1.12099
-1.98007
-0.351553
-0.0963923
0.142895
-0.943211
-0.505554
1.233
0.0287749
-0.662396
0.0634308
0.485835
1.37203
-0.511506
0.705937
0.248017
0.740209
0.265956
0.055486
-0.838119
-0.586738
0.363738
1.74348
0.0566252
0.530753
-2.86926
-2.66954
0.265093
-1.81709
-0.995604
0.906913
0.898128
1.00257
-0.780314
1.91675
-0.599365
0.237614
0.0757759
0.0379593
0.731989
0.941152
-0.0225841
0.258978
0.878215
-2.31342
0.614203
-0.326701
0.458874
0.204826
-1.01194
0.732144
-0.207511
0.123686
1.63213
-1.23065
-2.16441
0.603627
-0.0518299
-0.659625
0.0534912
-0.864781
0.0809482
-0.308761
1.10033
-0.43959
-1.77393
-0.148443
0.549186
0.657378
-0.546553
-0.45428
0.200677
-1.8248
-0.213956
0.563787
-0.164017
0.228572
0.242665
-0.210433
-0.0566889
-1.41324
1.60013
1.12389
0.557286
-0.564194
-1.16625
1.11726
-1.93021
-0.804078
-0.109747
-0.528146
0.106406
0.226873
-0.675544
-0.863507
0.530226
-0.07052
0.958276
1.03174
1.70542
0.521901
-0.691983
0.1059
0.4508
-0.107554
-0.395356
0.901977
-0.656061
0.618658
0.123272
0.189458
0.521179
-1.0471
0.838973
0.00681818
0.173329
-0.851555
-1.2402
0.422674
1.40773
-0.601243
-0.786411
1.43209
0.357516
0.362742
-1.31898
-0.196554
-2.11007
-0.491495
-2.16333
1.35237
-2.21969
-0.847
1.21786
0.494347
-0.0238281
-0.980628
1.30128
1.62635
1.40552
1.26078
-0.423766
-0.917827
-2.35504
0.297874
-0.908865
0.5327
0.970419
0.440395
-1.11138
0.940011
0.220933
-0.606599
-0.355664
0.367039
0.717937
-0.207129
-0.452722
0.543503
-0.769162
-1.12283
1.71218
0.641936
0.338995
-0.457203
-0.0110171
2.78385
-0.356347
1.02524
2.6289
0.498004
-0.0894735
0.505672
0.0761765
-0.167266
-1.6695
-0.62127
0.074204
0.58566
1.83458
-0.688324
0.55052
1.50343
1.59852
-0.821508
-0.267323
1.54253
1.57638
-0.157118
-0.5305
0.568292
-1.1789
0.564129
0.947226
1.31445
0.159431
0.524676
1.66731
-2.32174
-0.0608975
-0.67517
1.07731
0.359233
0.349604
-1.46781
0.0804285
2.84911
-0.188009
-0.509032
-0.0872035
-0.201363
-0.809239
-0.204847
-1.32462
0.961775
0.755751
-1.71882
0.097791
0.291232
0.61121
-2.14246
1.03894
0.912376
-1.99837
0.801291
0.688694
-0.0200768
-0.668142
0.470247
1.59512
-0.941299
-0.173785
-0.85064
1.44448
0.151707
-0.338749
-1.28214
1.05178
0.590418
-0.225519
0.786802
-0.459206
0.364861
-0.687905
-1.22327
-0.668125
0.648231
-0.967456
-0.934796
0.454917
0.0643619
-1.64656
-0.67771
-1.28363
-0.7474
0.441952
2.00726
0.911572
-0.643567
0.198932
-1.03296
1.59626
0.433624
0.0841097
-0.229293
1.69241
-0.135903
0.225228
-0.641319
0.952609
0.223139
-0.345959
0.756763
1.69654
-0.312201
-0.531606
0.0619445
0.860972
0.176743
0.0380602
-0.110237
0.772165
-0.0884959
-0.459858
0.214949
-0.755565
0.634389
-0.498592
-0.5389
-0.26388
0.910088
0.856127
0.797134
-0.147828
0.717181
-1.27263
-1.10902
0.0146377
0.51956
-1.25208
0.128832
0.265739
0.445432
-0.956424
0.825428
-0.293692
-0.809689
-0.147423
-0.354627
-0.68634
-1.22446
-1.16555
0.557191
-0.304598
-0.704262
0.468879
1.33053
0.22837
1.54493
0.94636
-0.229326
-0.842397
1.86682
1.94602
0.583867
-0.448842
0.823003
-0.0803734
-0.158906
0.582283
0.715586
-0.629031
-0.164141
-1.4701
-0.358181
0.7967
-1.26924
-0.747648
-0.0827153
0.705084
-2.05485
0.976373
-0.289431
-1.36275
0.217908
1.31835
0.630489
-0.948774
0.557986
-1.26896
0.597914
1.2822
-1.50587
0.0810494
0.441318
-1.38006
-1.35636
0.974504
1.4239
-0.344608
-0.387347
0.234317
-0.542662
0.323464
-0.000587404
1.97462
-0.447896
-0.466146
-1.5516
-1.59095
1.07042
-0.09873
-0.953909
0.166006
-1.24633
-0.0717098
0.708236
0.636233
-0.187583
-1.18067
2.16694
0.390569
-0.259604
0.253279
0.596218
1.69842
1.09412
-0.428733
0.207567
0.025867
0.500045
-0.945803
-1.00886
-0.765697
1.45484
-1.14228
-0.166572
0.199289
-0.919166
-0.435384
1.47024
0.490791
0.00589901
0.165509
-0.0631275
1.55007
2.00577
0.584019
-0.61101
-0.375944
-0.649081
-0.217682
-1.13116
-1.68169
-0.261282
-0.491317
-0.0484746
-0.566339
-0.901502
0.672886
0.246929
0.491274
1.71207
1.16407
1.55063
0.931202
-0.342818
-0.89963
1.57522
-0.0367999
1.88985
0.158456
1.10896
-1.03667
-0.475476
-0.517876
-1.69778
-0.107499
-0.921858
-0.126033
0.56086
0.354743
-0.719339
-0.777872
-0.798514
0.294661
1.7248
-0.830092
-0.84692
1.57502
-0.637148
-0.478973
0.211015
1.10377
-0.184833
-0.796551
0.182499
0.191803
-2.55732
-1.07007
0.733538
-0.305775
-0.850309
-0.429013
-0.991917
0.633095
0.226663
-1.5414
0.612955
-0.658636
-0.938375
-0.0189438
-0.307756
-0.39442
-1.38561
1.35846
0.813872
0.807254
0.74175
1.18933
1.27051
0.67862
-0.299373
-0.00934702
1.40315
0.48735
1.34694
1.35703
-0.485465
0.250361
0.486525
-0.688288
1.21624
-1.05638
-1.96919
1.20102
-0.260231
-0.382748
1.4398
1.48839
-0.430677
0.513053
-0.557538
-0.877018
0.429532
-0.237301
-0.156699
-0.601146
1.50561
-1.04511
-0.355762
0.421968
0.748844
0.906761
-0.47421
-0.150389
-0.615931
2.11111
-1.39599
-0.778546
0.938071
-0.856162
-1.71219
-0.352516
0.210253
0.367417
1.54846
-0.680823
-0.295583
1.80773
-0.849523
0.431444
0.118101
0.0775113
-0.539893
-0.0810804
0.777853
-0.531385
-1.07758
1.7514
0.548099
0.145514
-2.02664
0.170315
1.00251
-0.733279
-0.550905
-1.15239
-1.78224
0.343792
1.20037
0.939018
-1.19306
-0.167944
0.376927
2.41741
0.815809
1.90156
-0.116069
1.44321
-1.47437
0.0460538
0.227499
-0.513274
0.19063
-0.379947
0.449133
-0.593238
-1.56304
-1.61522
0.801104
-1.70143
0.691903
-1.54823
1.67556
0.880222
-1.03092
-0.237902
-0.187146
2.22838
1.10495
1.80314
-0.0204949
1.23602
-1.51316
-0.693089
1.35942
-0.56569
-1.14225
0.60999
0.632867
0.866278
-1.6426
0.789859
-0.879053
-1.09165
1.8357
-0.469476
0.983205
-0.0767093
0.248169
-0.133673
1.50803
-0.350463
2.41851
0.799838
0.758205
-0.378607
-0.0737771
0.801232
2.32484
0.019749
-1.41908
0.876703
0.513457
-0.720331
-0.302911
-0.626883
-0.0841175
-1.2777
1.38054
-0.510995
2.48953
-1.49763
-0.677999
0.0943564
-1.62999
0.92232
-0.900999
-0.564484
0.151576
0.981673
0.380278
1.72528
-0.731239
-0.883117
0.503686
0.434406
-0.704483
-1.51194
1.03404
-1.00907
-0.651173
0.162827
0.467555
-0.140534
0.614251
-1.02967
1.9689
-1.54434
0.527161
0.0387195
-0.965656
-0.390037
-0.829806
0.822162
-0.729925
-0.329927
-0.097567
-0.453387
1.50834
1.62311
0.0565565
0.318286
-1.77803
-0.278919
-1.27636
-0.62443
-0.48893
0.43777
0.0524085
0.147785
-0.255912
0.600822
-0.396731
-2.07523
-0.26654
-0.563463
0.0770837
-0.780667
0.78283
-0.722358
-0.987645
0.380834
0.297045
0.353178
0.138404
0.782105
1.2609
0.0766406
0.297233
-0.872955
0.588311
-0.617335
1.42194
-0.541201
0.993059
1.5249
-1.67023
-1.60313
0.765866
-0.174979
-1.22674
-0.450912
-0.924026
1.05211
-0.483145
-0.0414768
-1.33264
-0.196432
-0.118714
2.27767
0.957318
-0.706417
-0.224822
0.604522
-1.41475
0.555092
-0.0372529
-0.344518
0.853036
-0.585402
0.0734246
1.18529
0.364544
0.285321
1.75472
1.02338
-0.862925
1.24151
0.115287
0.659374
-0.268872
-0.438993
-0.983341
-1.61928
0.783727
1.72639
2.17731
-1.70432
-0.567047
-0.928593
-0.348094
0.687341
0.451212
0.313028
1.53893
-1.17817
0.987759
-0.744503
0.0822973
0.352994
-1.6149
-0.00549388
1.18973
-0.764543
-0.896867
-0.0248209
-0.143374
1.51701
-0.571385
-0.814419
-0.250619
1.19808
-1.03341
0.798187
0.302182
0.175216
-0.680115
0.638564
-0.339152
-0.646983
1.63731
1.44852
1.94812
-1.81535
-0.316085
0.681209
0.253147
0.524958
0.232186
1.34883
-0.622967
-1.49391
-1.80106
-1.13557
0.568379
-0.495226
-0.0745746
-1.1381
1.31465
-0.83394
0.669895
-0.604972
-0.344547
-1.9816
-0.347877
-0.147383
0.857908
-0.616335
-0.348113
1.8591
0.482979
0.680675
-0.0414754
1.92664
-0.760042
0.141892
0.658982
0.289114
-0.242794
-0.300195
0.81367
-0.167741
-0.578276
-1.80991
0.480463
1.47275
0.30792
0.345189
0.627991
0.592561
1.09038
-0.792133
-0.106285
-1.78457
1.65828
-0.480453
-0.513711
1.3039
-0.0442361
-0.341981
-1.41923
-1.51672
-2.68902
-0.67793
-1.59556
0.279337
0.144195
-0.763617
-0.249081
-1.07503
-0.0293097
-0.275641
-0.802841
-0.454348
-0.386024
0.659403
-1.66431
0.0598493
-1.5708
1.98984
0.258172
1.10873
0.505689
0.455751
0.543206
0.0438465
0.648857
0.673566
-0.14732
0.590178
0.261217
0.0691948
-1.70776
1.05045
-0.40514
0.758777
1.48085
-1.30893
0.833471
1.12419
0.0384277
-1.78077
-0.126662
0.200237
-0.488859
0.0751678
0.721823
-1.03018
-1.06586
0.0909919
-0.892204
1.18521
-0.280134
-0.432347
-2.1425
0.752633
-0.627584
-0.794819
-0.683588
-2.07981
-1.75148
0.000431478
-1.01765
-0.882948
-1.35614
-1.99311
-1.73592
-1.10159
-1.46959
-0.379003
-0.321213
0.600524
-0.15594
-1.00811
-0.720047
-1.86673
-0.232175
-0.432142
-0.178034
-1.14764
-1.17834
2.27716
-1.42278
-1.17561
2.77636
0.243161
-1.28183
-0.876989
2.03712
1.31795
1.91733
0.606399
0.807293
1.6848
0.630647
0.0955654
-0.0146711
1.36789
0.338697
1.05663
1.30242
1.36499
1.00913
0.00107121
1.082
-0.700206
-0.561019
-0.0327941
0.567203
0.689652
0.159565
-0.619981
-0.0918405
0.111479
1.08312
-0.645288
-1.42412
1.11168
-1.04251
0.673442
-0.0847154
-1.6077
0.704483
0.583555
1.7011
-1.22984
1.59561
1.08543
0.875381
-0.00812954
-1.3148
-0.584732
-0.0196371
-0.376101
0.467305
1.26091
-0.731111
-1.07228
0.480079
0.721798
-0.915447
0.883935
1.36238
0.260941
1.95185
0.169314
-1.18992
-1.47593
-0.280491
-1.39503
-1.78451
0.568758
-1.31785
1.34672
-0.00785565
-0.0946406
0.0534224
0.466822
2.26072
1.06474
-0.270431
-2.22189
0.219457
0.271022
-1.05207
0.704831
-0.63253
0.753041
-0.28801
-0.272895
0.131728
1.13
-1.2934
0.327885
-0.181777
-0.112803
0.528824
-0.239119
1.19092
-0.815855
-0.252262
-0.847577
-0.0668775
0.222596
-0.456209
-1.40014
-1.16953
0.1091
0.854103
-0.39496
-0.292779
-1.61906
-0.195624
-0.901068
0.0447335
-0.600281
1.49569
1.18107
0.722865
1.1311
0.332442
0.446813
0.584313
0.261382
0.425416
2.01161
1.18579
0.104338
-0.640828
-1.24374
-0.288991
-0.251546
-0.294507
2.63514
0.374334
1.85332
-0.426264
-0.743053
0.585728
-0.190943
0.128747
0.65811
-1.70022
0.610144
1.08682
-1.1381
-0.0641849
-1.46517
-0.750508
-2.94164
1.5891
0.375818
2.37551
0.944505
0.788627
-0.812963
1.27222
-0.322851
0.814273
2.62288
-0.516897
-0.163154
-0.669568
-0.146701
2.32539
-1.4216
-1.18274
-0.163548
0.324702
-0.282194
0.365782
-0.461393
0.537449
0.0233885
-1.5394
-1.76666
-0.573029
0.833225
-1.02379
-2.47236
-0.89019
-0.702131
0.629589
-0.589766
-0.853228
-1.20388
-1.04993
-0.485182
0.0836185
0.859179
1.21967
0.493654
0.241263
-1.43183
0.634846
-0.45946
-0.887702
-1.02881
-1.61603
0.941085
1.23434
-0.467578
1.36309
-0.00971806
0.682509
0.0471613
-0.71175
-0.159625
0.100522
-1.84152
0.546754
-0.0104343
-0.00297993
-0.977639
-1.36592
-0.331958
-0.726977
0.339446
-0.980599
0.381806
-0.598212
-0.279691
0.0410182
0.449592
0.543038
0.715474
-0.487821
-0.755691
-0.0689573
2.38026
-1.00172
0.43187
-0.477624
-1.47763
0.485101
-1.30524
0.716121
-1.60375
-0.51916
0.156693
1.89654
0.522037
0.240366
-0.226115
-0.901272
0.048504
1.17185
-0.464464
-0.127146
-0.64223
-0.983456
0.2684
0.608653
0.442425
0.932035
-0.786024
0.128327
0.229551
-0.6111
-0.731311
0.966132
-0.216548
-0.430225
-0.421135
0.731916
-0.0539042
0.230946
-1.58616
1.58158
0.552769
-0.698918
-0.632972
-0.828461
-1.07624
-0.365757
1.38631
0.223364
0.245335
0.0770186
-0.66751
0.928341
-0.318316
-0.150397
-0.797987
-0.524645
0.640714
-0.591762
0.480544
-0.729527
0.67035
0.654575
2.6158
1.28819
-0.233699
-0.0869466
0.150298
0.658662
-0.836099
-0.790736
0.446593
2.10699
0.271232
-2.36485
-0.48781
-0.201521
-0.874537
-0.62527
0.263187
-0.574295
0.601928
0.626635
0.773503
-0.107574
-0.648334
-0.273485
0.00423121
-0.767343
-1.10781
1.12346
-1.42359
-0.418821
0.849897
0.957988
1.23041
-0.791587
-2.16343
-0.382124
0.602092
-0.0814871
-0.289992
-2.69403
0.930476
-0.764501
1.61832
-1.85358
1.2636
-0.368777
0.881551
-0.00745195
-1.63872
0.317168
-0.600203
-0.208675
0.0924899
-1.41007
0.641537
-1.74425
-0.532695
0.847496
1.59931
-0.362463
0.475919
-0.0569021
-0.41255
2.19746
1.06697
1.43742
-1.33723
0.460747
-0.197744
1.48735
0.162651
-0.435488
1.24275
-1.02997
0.1936
-0.364907
-0.823387
-2.09744
-0.314234
0.511136
1.08437
0.0517516
0.496698
-0.173525
-0.0144133
0.561232
0.658019
0.859098
-2.2543
-1.1269
-2.22082
0.26071
-0.34962
-0.475128
0.577923
0.384917
-1.24722
0.461751
-0.626362
-0.341003
0.332154
-0.147688
-0.662256
0.195413
1.09801
-0.895197
0.698702
0.215088
-0.552112
0.35916
-0.944652
0.21925
-1.99703
-0.0148586
0.243193
0.211966
1.06901
1.29108
-1.88819
-1.90578
2.0919
-1.1241
0.0262976
0.498754
0.481355
0.390361
-1.22619
0.339921
1.51692
0.370467
1.56451
0.241627
-0.330055
-1.16125
1.48697
1.85775
-0.459497
-0.730701
-0.2199
-0.166088
-0.551928
0.769914
-0.112423
-0.694915
1.03985
1.29922
1.47734
-0.133016
-0.49768
-0.248042
1.58007
0.482979
-0.782069
0.320398
1.2602
-0.584521
0.7756
1.19546
-0.316785
-0.816182
-0.510961
0.861506
1.07174
-0.627519
-1.22184
-1.1325
1.32542
-0.225803
-0.462831
1.71157
-1.8576
0.293263
-0.753575
-0.0935207
1.46004
0.90751
-0.867723
0.783749
1.97458
0.698908
-2.14244
-0.862051
-0.661633
-0.968989
1.11037
0.70454
-0.21066
1.46678
0.421708
0.870639
0.221348
-0.60363
0.989759
0.787371
-1.0976
-0.569103
-0.793178
0.464173
0.717029
-0.159819
0.593819
-2.06885
-0.644662
0.71496
0.578858
0.233899
-0.271807
0.591099
-0.67849
0.414431
-0.94075
-1.22466
-1.53794
-0.758191
-0.0652077
-1.26696
-0.18863
-0.231037
0.602598
-0.88267
1.2008
1.14432
0.174686
-0.269893
-1.24202
-1.67724
-1.8556
-0.212315
0.0714861
-1.55494
-0.571217
-0.451863
-0.20835
-0.444862
1.26936
0.813922
0.489919
-0.18687
0.632874
0.192373
-0.649818
0.469375
-2.76841
2.48786
-0.352174
-1.89241
0.146424
0.203141
0.0671023
1.68221
-0.760057
-0.0877159
-0.00548249
-1.251
1.3554
1.06613
-0.0414361
-0.793593
0.835807
1.41903
0.3582
0.5924
0.877834
0.774988
1.38269
-0.0579413
-1.58306
1.83332
-0.395005
0.400543
-0.916884
-1.20284
-1.25761
-1.31666
1.31161
0.704141
2.25695
0.580753
0.467475
-1.48521
0.217239
-0.447862
1.02943
-1.37891
0.992502
0.650227
1.50401
-1.99289
1.27911
-1.04319
-0.309835
0.304943
-0.15116
-2.08028
0.38948
1.13804
0.545123
0.66598
1.22321
-0.631353
-0.903231
0.971378
-0.920838
0.978938
0.589363
-1.04336
1.70638
0.890405
-0.075826
0.598064
-1.58091
0.99704
0.746834
0.730344
2.13736
1.14425
-0.0493507
0.268194
-0.736025
-2.1474
0.732445
1.21622
1.43557
0.510769
-1.68648
-0.3437
1.45684
1.26953
-1.25837
1.00202
0.350954
2.63292
0.206093
1.13798
-0.0455266
-0.250685
-0.786267
-0.0839497
1.32254
-1.20552
0.302579
-0.435869
0.936753
1.11585
-0.689343
-0.600607
-1.03363
-1.69019
-0.125939
2.66623
-1.15262
0.0850114
-0.961938
1.27998
-0.234164
1.89499
-0.365786
0.645107
-0.186143
-0.955117
-1.12437
0.782888
1.02754
0.25648
-0.854845
0.895706
0.137513
-1.18047
-1.54927
-0.115516
0.480906
-0.174802
-0.390499
1.10608
0.829859
0.550366
-0.619376
1.24189
-0.241809
-0.779257
-1.646
-1.53493
-0.0988376
-0.37339
-0.547153
-0.597511
0.0176402
0.750336
-0.544282
0.0074687
0.819432
-0.418563
1.14948
1.32994
1.00189
-0.653844
-0.913089
-1.05033
-0.419409
1.01462
-1.30631
-1.73867
0.211057
1.2605
0.344759
-0.154056
0.431549
-0.0887042
0.588825
-0.384593
-1.21934
0.797178
1.3849
-0.11074
-0.733634
1.08869
-0.513097
1.08736
-0.933163
0.0695046
-0.0746363
-1.19767
-0.897613
-1.60782
0.464496
-1.00036
1.46684
1.71096
-2.41598
-0.468671
-0.715241
-0.864944
0.190197
0.20488
0.468248
-1.07378
0.628371
0.602702
-0.737664
0.793362
0.0978959
-0.182447
1.16654
0.973743
0.459988
-0.825388
-1.2377
-0.0064652
-0.335371
1.66649
-0.923319
-0.996001
-1.83484
-1.32749
-0.236392
0.905115
1.60623
0.85378
-0.9721
-0.509639
1.13415
0.0923752
0.0164573
1.44826
2.38352
-0.714594
0.891518
0.815005
-0.269442
-1.47383
1.408
-1.09991
-0.0116473
-3.35133
1.97509
0.0463368
-0.689011
-0.025116
-1.4525
-0.369437
-0.688204
0.145993
1.5111
0.199661
-0.464566
0.835891
-0.553622
0.256909
0.488619
-1.22067
0.279835
0.245403
-0.66361
-0.553982
0.407691
0.59706
0.355109
-1.52739
-0.0804539
-0.758634
-0.559539
2.01226
1.46767
0.733243
-1.00532
-0.67233
-0.0188066
-0.289279
1.09573
-1.40475
-0.124557
-0.0772147
-1.50095
0.94254
0.988217
1.09985
-0.109291
-0.542434
-0.175544
0.0166584
1.37933
0.640329
-0.670484
0.679098
-1.16781
-1.45344
-1.87724
-0.31476
0.136882
-0.892935
1.06184
0.84198
-0.358368
0.528138
-0.975141
-1.22786
0.584761
-1.15305
-2.88342
-0.862622
0.568318
-0.123137
0.0627204
-0.294268
-0.23952
-0.122768
-1.07086
-2.6547
-0.130444
-0.864055
1.40848
1.25482
1.60347
0.38961
0.406934
0.858196
0.355401
0.304296
1.54923
-0.556272
-0.520074
-0.170826
-0.0675302
-0.541431
1.17351
-0.942795
0.582532
-0.893198
-0.649158
0.0931765
0.883587
-0.171697
0.947667
-1.17862
0.796044
1.15015
-0.642349
0.990607
-1.07565
-0.405362
1.13139
-0.758026
1.26791
-1.16274
-0.554234
0.401409
0.980004
-0.745402
-2.12484
-0.212309
0.301154
-0.156311
-0.201582
-0.116073
-1.68838
-0.263137
-0.424428
0.629458
1.59336
1.04154
2.10368
-0.417132
1.76801
2.06895
-1.70631
-0.119076
0.0019899
-0.373205
-0.880779
1.3521
-0.373411
-1.71652
0.00661135
0.938004
-1.75198
0.106436
0.766035
-0.141109
-0.333521
-0.42823
-1.62357
-0.216742
0.163201
-1.5773
0.644004
-0.895948
-0.00348371
-1.9977
-1.17779
0.101028
-0.546114
-0.389089
0.773535
0.924507
0.410171
0.791291
1.34736
-0.356657
-0.258712
-1.9682
-0.43909
-1.0862
0.044644
0.0221373
1.4771
2.02822
-1.25412
0.103633
-0.159527
-0.156746
0.320992
-0.34732
-0.804588
1.50911
-0.823092
-0.602901
0.314438
0.5911
0.270563
1.71942
-0.235169
0.333428
-1.50778
-0.439463
0.17678
-0.426654
-0.409577
1.32811
0.0857047
0.430519
-2.08353
-0.330711
0.279648
0.217201
-0.944874
0.872015
0.959776
0.0876198
-0.514519
-2.01412
0.0159321
-0.622476
1.1659
-0.610165
0.0281355
-0.176222
0.324301
-2.24017
-1.12311
0.935224
-0.528996
0.487024
1.64513
0.489315
-1.20873
0.888333
-0.570332
0.558335
0.143853
0.139287
-0.245066
-0.864362
1.30562
0.195413
1.18202
-0.0742765
-1.35177
-0.18687
-1.87676
-0.518337
-1.70609
0.646563
-0.603667
-1.341
1.37868
-0.69548
-0.402025
-0.137983
0.00795633
-0.858776
-1.93575
-1.23371
-0.284237
0.0523545
-1.67148
-1.60666
0.989236
-2.00208
-0.674761
1.08743
1.58703
-0.698647
-0.62066
0.849928
-1.07725
0.98328
-1.06052
-0.582557
-0.27704
0.361697
-0.378708
-0.742834
0.201602
0.580486
-0.106849
0.0137804
-1.187
-0.572894
0.348759
1.40255
1.16733
0.327717
0.668127
0.340947
-1.57891
-0.277884
0.17972
1.374
-0.652385
-0.182026
-1.71925
3.02167
-1.62869
-0.306596
0.224282
1.35842
-0.598605
0.887044
-1.15658
0.572384
0.244577
-0.107194
-0.65889
-1.38186
-0.805149
1.23745
-0.5251
-0.985633
-0.153031
0.515976
-0.182465
1.25911
-0.201716
-0.631925
-0.905501
1.87452
1.32935
-0.260149
-0.202823
1.10819
0.498972
-0.0980541
1.40877
-0.941367
-0.73229
-0.288424
0.554776
-0.9018
-0.0100819
2.13595
-0.278832
0.575033
-1.74057
0.316868
-1.26872
0.387095
2.49183
-2.70281
-0.140942
0.205058
-0.569043
-0.533205
0.559137
0.702297
-0.481127
-1.3646
0.44078
-0.851621
-0.0550362
-0.205522
-0.705355
-0.906084
0.049539
0.788479
0.917826
0.958993
-0.0173047
-0.244154
0.662025
-0.749483
-1.10515
1.86447
1.14259
-0.851547
1.28803
-0.58525
1.26104
-0.64465
-1.82938
-1.81575
-1.15871
0.217642
0.164909
-0.0323188
-1.39814
0.283215
1.51742
0.647153
-0.207462
-0.858415
-0.284755
-0.327641
-1.34226
1.11487
0.693336
1.53324
0.453463
0.821711
-1.19796
1.27241
-1.34789
2.26771
1.03992
0.217967
-0.28311
-1.9346
0.885336
-0.378775
-0.356452
0.556344
0.631279
1.73238
-1.47987
0.122301
0.607949
2.39311
1.21175
-1.20395
-0.729227
1.83467
1.02331
-0.837586
0.479879
-0.980262
0.114632
0.181138
-0.234689
-0.134585
-0.202582
-0.114454
-0.723049
-1.10347
-1.62748
1.46358
0.2269
-1.62116
-1.56366
0.436531
0.715147
0.529965
-0.751562
0.0476184
0.0567861
-1.17439
1.81639
-0.443645
-0.293017
-0.708185
0.600223
1.01928
-1.0773
0.401726
-0.208385
0.898624
0.510699
-1.19079
0.190011
0.376864
0.679268
0.521226
-0.378342
-0.721721
1.6924
-0.27091
-1.23148
1.65215
-0.825013
-0.413945
-0.741632
-1.2503
-0.642667
0.66149
1.06413
2.46227
-0.00897163
0.0127191
-0.320273
0.115098
2.49818
0.88666
1.58573
-0.31825
0.957798
0.525867
-0.271097
-0.931727
-0.719961
0.206823
-0.948819
0.720044
0.115457
-1.01055
-1.14928
-0.632541
0.167753
-1.06068
0.718451
0.889026
-0.415704
0.891552
0.643329
0.535153
0.89254
1.08684
-0.759117
-1.79777
-2.2786
-0.392056
1.08534
0.493418
1.3213
1.51749
1.64867
-0.519282
0.0461191
0.68736
-0.236729
-1.25496
-1.37743
-0.0188814
-0.157078
0.42364
-0.125436
2.08458
1.54148
-0.219484
-0.047826
-0.626098
0.115622
-0.371575
-0.244689
0.340026
0.0100998
0.604568
0.754316
1.133
0.878596
0.0892375
-1.2517
-0.10398
-0.248023
-0.162473
0.0780958
3.02149
1.90806
-0.208367
-1.12891
0.255417
-0.0556358
-0.522568
-0.425792
0.997149
1.65325
-0.632627
-0.69668
0.673005
-0.948736
1.0681
0.132996
0.599083
0.585529
0.140034
0.157069
-1.37217
-1.54451
-0.0327417
-0.124034
-1.18858
1.10612
-1.11649
-1.15967
1.26813
-1.92697
1.08703
0.167075
0.858752
-0.317666
-0.363143
-0.0822173
-0.925134
-0.799957
1.44653
-0.736133
-1.13013
1.21394
-1.01339
1.10101
0.374586
0.257845
0.146992
-0.789675
-0.00125855
-0.234945
-0.549494
0.0850183
0.0438309
-0.377043
0.209809
-1.05855
1.84797
-0.188477
-0.783379
2.42934
-1.38826
1.28713
-0.367918
0.54897
-0.0967268
0.0655375
-2.00829
-0.74565
-1.09229
1.42521
-2.11034
1.03454
1.59699
-1.13751
0.565174
0.14867
1.56149
0.246719
1.7134
0.193286
-0.710992
1.97371
-1.09143
0.0258236
0.771725
1.95454
-1.07136
-0.341327
-0.722697
-1.03532
0.383534
-0.50945
-0.126843
1.46593
1.73291
0.646067
0.85494
-1.42944
0.543421
-0.44271
-0.304758
0.322927
-1.47375
-0.446247
-0.545066
-0.268648
-0.0422455
-1.27703
0.774809
-0.599638
-2.35951
0.524062
0.396943
-0.888655
-1.64831
0.884778
-0.0107139
-1.73972
-1.13624
-1.62575
0.0955161
-0.127103
0.676113
-0.871045
0.415515
-0.363917
0.30871
-0.985419
1.47471
-0.256564
-0.0810703
0.555711
-0.642762
-1.31688
-1.34257
-1.74983
1.17196
-0.565476
-0.660214
-0.424844
-0.471218
0.170476
-0.482762
-0.880049
-0.654168
-0.362499
-1.28249
0.294494
0.518109
0.324535
0.909974
-0.380473
-2.084
-1.79414
-0.187681
-0.149534
-0.691373
-0.918913
-1.01601
-1.19649
0.596101
0.469031
-0.779026
-0.86126
-0.866171
-1.95207
0.839029
0.307664
1.01533
1.56634
-0.223813
0.849596
0.367733
-1.07108
0.20631
0.862464
0.00657398
0.556046
-0.936505
-0.577334
1.56598
0.502734
0.298872
1.47461
-0.734877
0.404258
-0.0506558
1.05635
-0.516169
-0.242264
-2.18311
0.396331
0.203429
-0.608432
-0.167815
-0.0254618
1.98512
0.822381
0.551789
-1.55406
-0.338303
0.64191
0.495966
0.580075
0.51254
0.337335
1.33452
-0.376829
0.257331
-0.602801
-0.405258
0.577259
-0.24158
-1.02444
0.563204
-2.5492
-0.461792
-0.308501
1.19597
0.161438
0.470971
-0.306477
-0.810814
-0.66777
0.522604
-0.0188948
-0.203973
0.650088
0.111309
-0.880147
0.680002
1.38018
-0.156251
0.330409
-0.773571
-1.98575
-0.0274306
-0.176723
-2.2039
-0.868257
1.44149
-1.31024
0.943916
-1.32809
0.950717
-0.517926
-0.835114
-0.31698
1.19006
0.424428
-0.25699
-0.0046283
0.141513
-1.37007
-0.0694764
-0.742989
0.457565
-0.350893
0.7929
-0.382899
-0.153091
0.216156
-0.190967
-0.582258
-1.03798
-1.33464
-0.306506
1.00937
0.587913
0.770395
-0.135409
1.24896
1.81604
0.778605
0.604028
0.287504
0.00600713
-0.104476
0.227756
0.39902
-1.1812
-0.884263
0.146081
-0.313294
-0.164518
0.148992
1.29096
-1.30025
-0.109574
-1.348
0.355318
0.47863
1.00282
0.193521
0.551783
1.1989
-0.571554
-0.0660088
-0.0313235
1.83901
0.363705
0.752689
-0.562857
-0.577779
-0.579299
-0.980246
1.66244
1.88701
0.677224
-0.570956
1.14547
-2.1578
0.0409233
1.38205
0.986063
0.0914463
0.899382
-1.42963
1.35984
-1.68989
0.771526
0.541785
0.773381
-0.586486
0.0157582
-0.0659423
-1.17329
-0.602564
-0.299195
1.99139
-0.496525
1.21069
0.824737
-1.71343
1.19612
-1.29617
0.292898
-0.768048
0.425206
-0.143131
-0.245393
1.35621
-1.49797
0.734607
-0.080023
0.834232
0.20445
-1.00253
-1.09041
-0.374163
0.135958
1.26303
0.172669
1.0939
-0.695617
-1.53506
1.3843
0.685825
0.164535
-0.289756
-0.324958
1.73306
0.796348
1.2104
-0.73859
0.305102
-0.113302
0.448944
0.045701
-0.467901
0.0726392
0.11118
-0.432721
-1.49127
0.0454367
-1.63395
0.984674
-1.51327
-0.304149
-0.415212
-1.5434
0.601902
-0.23063
-0.569355
0.185652
-0.042059
-0.341688
-0.775671
0.502591
-2.06082
0.894145
0.411849
-0.32615
-1.23229
0.058663
-1.89069
-0.907213
0.754991
-0.531667
-0.920775
0.369111
-0.0293344
0.172953
-0.74382
0.582131
-1.48958
-0.00553232
0.747833
-1.68229
1.44336
1.53151
0.977895
2.52376
1.32397
-0.324763
0.178322
-0.205564
1.25714
1.19912
-2.03944
-0.0845777
-0.877257
1.86604
1.46967
-0.768525
-0.881337
2.25695
1.58559
0.188908
-2.83632
-1.15138
-0.935148
-0.939434
-1.53521
0.138857
-1.35734
0.730447
0.835815
-1.94821
-0.997356
-0.683225
-0.105479
-1.11968
0.0696258
-0.883507
-0.712094
-0.503161
0.964463
-0.725276
-0.0859149
-2.21706
-0.85392
-1.63847
1.15679
-1.39306
-1.12558
0.432249
-0.334062
-0.102335
-0.636198
0.625786
-1.94788
-0.595892
-1.15247
-0.287082
1.41178
0.77549
1.29207
1.12325
-1.06884
-0.219395
0.291586
1.0185
-1.12333
-0.584459
0.312768
-0.11741
1.61029
-0.93919
0.296322
-0.551787
1.38341
-1.15612
0.0308964
-1.39977
1.85712
0.66365
-0.888425
0.0968712
-1.04639
0.509592
1.43957
-0.30043
-0.418082
-0.87832
-0.693747
1.18536
0.0662627
-0.00978279
-0.225246
0.289141
1.29161
-0.709726
-0.905973
-1.14779
1.51085
0.360921
0.887145
-1.09267
-2.24723
0.668695
1.14539
-0.518895
-0.329883
-0.884773
0.710242
-0.0954585
0.481019
-0.0946641
1.11507
-0.847711
-0.0163018
-0.352051
-0.45251
0.249696
1.25835
1.87851
-0.26204
0.583385
-1.89475
1.86059
0.649998
-0.406979
-2.23877
1
-1.07651
-1.15167
-0.125642
-0.537774
-1.11751
-0.0888673
-1.89691
-0.0873632
-1.32256
-0.731738
-0.829645
-0.0705476
-0.755878
-1.0331
-1.25449
0.331546
0.811151
0.860809
0.454647
0.796297
1.14512
-0.0703909
-0.140935
0.591206
-1.26907
1.17087
-1.5467
-1.74328
-0.625146
-0.373963
0.0391074
-1.47225
1.35144
1.77921
0.056653
-0.326657
0.505023
1.79981
-0.510335
-0.633496
-0.521043
1.51418
2.94783
0.991881
-1.0849
1.04349
0.687593
1.73525
1.75986
-0.760167
0.751704
1.55948
1.15547
-0.852217
-0.417422
0.595047
-0.52619
-0.856404
0.501602
0.98333
-0.64165
-0.872961
-1.12902
-0.743157
-0.83218
-0.676549
0.117056
1.50651
1.11418
-0.496043
1.73353
0.214776
-1.54887
-0.985653
0.111045
-1.50372
-0.248604
0.414807
0.600517
0.045875
0.557139
0.76007
1.66447
0.912273
1.8038
1.0459
1.25086
-0.796254
-1.0489
1.2391
-0.244681
-0.0743297
-1.22417
-0.859142
1.94228
0.373252
0.168166
0.526488
0.336539
-0.894688
-0.471704
0.480402
0.402608
-0.99207
0.418094
0.272696
1.34859
-0.210365
1.02359
-1.35181
0.225298
-1.82769
-0.71888
1.38018
-0.610678
-0.378435
-0.262469
-0.0727128
1.37499
0.269882
0.118733
1.62997
-0.560479
-0.606378
-0.175331
0.23169
-0.0176901
2.09219
-1.45998
-0.44799
-0.121763
-1.16318
0.418212
-0.467629
0.747413
1.45662
-0.762982
1.97195
1.52729
0.0235115
-1.01181
-0.111953
0.988213
0.161262
0.15014
0.0679792
-0.835697
1.44797
0.418667
0.157032
-2.20871
0.20191
0.270246
0.828204
0.812702
0.401515
0.334736
1.52834
-0.778089
0.124318
-0.0319806
-2.0341
-0.144016
-0.293238
0.541124
1.37727
0.940261
0.176815
0.151148
-0.828683
0.0601314
1.384
-0.675743
-1.11998
-0.0742064
-0.491584
0.401252
-0.374463
0.825133
-0.622098
-0.736896
-0.759212
0.881924
-2.45913
0.0305537
1.1904
-2.62269
-1.07187
-1.85949
-0.236808
-1.78374
0.131698
0.549
-0.718786
-1.32068
1.33456
-0.198401
-0.666952
-0.686157
0.783928
-0.483041
0.83106
2.41976
0.704274
0.912218
-0.463632
-1.12149
1.5223
1.71049
0.341333
-0.864664
0.0780584
-0.424698
1.36672
-0.565662
0.163941
-0.566284
-0.578506
0.865146
2.177
-0.763099
0.225941
-0.822343
0.5825
-0.529145
-0.547389
-0.774781
-0.553377
-1.66586
-0.662016
0.230942
1.0217
0.80168
-0.0861716
1.36897
1.35286
-1.87619
1.16807
-0.86474
1.33905
-0.0190115
1.10666
-0.291939
-0.885397
-0.713429
0.537698
0.961481
-1.11505
0.379454
-0.588342
0.709101
0.966714
-0.311416
0.389099
-0.112748
-0.331224
2.13981
0.657618
-0.0014618
0.344894
-0.517527
1.26383
1.7831
-1.25159
-0.943352
-1.56071
-0.440856
0.791746
0.0951226
-0.681897
2.04716
0.141658
-0.178133
0.0277352
-0.837605
-0.299916
-0.37502
-0.225246
1.23057
-0.410258
0.91089
1.63356
0.478755
-2.43059
0.590865
-1.16246
-0.618062
-1.37993
0.179684
-1.48748
0.614284
-1.00368
1.3811
-0.584508
-0.534434
-0.547496
0.325837
-0.601735
-0.384049
-1.72545
0.539766
1.00782
0.227231
1.07364
0.166644
1.91485
1.93771
0.207596
-0.869725
-0.33292
-0.368708
0.0596638
2.0027
-1.99724
0.61839
0.701116
0.154717
-0.396292
-0.646363
-0.156529
1.06416
0.359892
1.0637
-0.0691575
0.82901
0.291115
-1.32719
0.434215
0.910888
-0.0213204
-0.574484
0.585042
-0.624506
-0.0420977
0.211319
2.30351
0.036995
-0.936256
-2.5607
0.301767
1.29992
0.514181
-0.691496
-1.686
-0.391732
0.686072
-1.04763
0.721139
2.25974
-0.128401
-2.5795
-0.632096
-0.183092
1.62907
-0.175523
1.39036
0.460482
1.64434
0.23426
-0.652833
1.16066
-1.54962
-0.924933
0.0826889
1.21566
1.53076
0.00515687
0.0808125
-1.09457
0.0420803
-0.431061
0.597071
-0.816197
-0.183406
0.0985616
0.319662
-1.69784
-0.881361
0.22023
1.63636
-0.0952329
0.925213
-0.895224
-0.717817
-0.00242513
1.13109
-0.408649
-0.907991
0.680051
-1.06219
0.479918
0.24674
0.383894
-0.770803
1.65308
-0.282397
0.00353408
-0.0545655
-0.283333
-0.847453
-0.145319
-0.707532
1.70218
-0.765689
1.01732
1.38015
-1.31834
-0.635905
-0.647131
0.0652849
0.572468
0.432932
-1.52281
1.06915
-0.772261
-0.575591
0.337447
0.142868
1.04249
-0.0337447
-1.37553
0.440797
-0.188419
0.192755
0.369319
0.176152
2.04108
-1.09366
1.34132
0.562918
0.356015
-1.44882
1.89328
0.684987
-0.636217
-1.76443
-1.05038
-1.34723
0.338809
0.379731
0.367943
0.415984
-0.555772
1.43108
-0.84321
-1.70613
-0.203903
1.30929
-0.152822
0.266705
-0.542333
0.305318
-0.633017
-1.72165
-0.72609
0.9696
0.944297
-0.408858
-0.0161062
-0.0145306
0.80291
-0.960187
0.0224804
-1.09982
0.421885
1.30058
-0.912279
1.12176
1.82102
-0.522904
0.896307
0.0447889
0.697958
0.951126
0.77038
-1.36129
0.364418
-0.949752
-0.664846
0.198714
-0.544217
0.642991
-0.857908
-0.0474237
1.80865
-0.297302
-0.0609852
-1.30779
-3.06962
0.807019
-0.868057
0.108122
-1.28586
-0.245729
1.92208
0.839793
-0.933433
-0.930236
0.128612
-1.37263
0.828627
-1.59719
0.00145817
-0.622008
-0.12883
0.897415
-0.288846
-0.479502
-0.541181
0.347983
0.961478
-0.300133
1.08378
-1.40214
0.407457
-0.87309
-0.0401546
1.37891
-0.515799
0.787953
-0.995332
-1.28213
-0.938702
-0.013294
-1.09799
0.177845
0.912761
-1.27464
-0.527194
0.406372
0.763322
0.613283
-0.00315917
-1.09636
-0.548371
-1.28889
0.825617
-0.0500937
0.120474
-1.36258
1.56998
-0.709897
0.892925
0.691673
-0.468152
-0.105472
0.552069
-0.886493
-1.05855
-1.91598
0.50538
1.90854
-0.448864
1.65698
-0.674478
0.203361
0.580605
2.25696
-0.750359
0.578492
-1.26921
0.517325
-0.995073
-1.5207
-1.52008
-0.631137
0.096379
-0.45865
-0.445968
1.44077
-0.375836
-1.01188
-0.803807
-0.166039
-0.968082
1.44036
2.06515
-0.778061
-2.11134
0.605689
-1.06015
0.428974
-0.441295
-1.35228
-0.59007
-1.07809
1.28854
-0.365816
0.557917
0.205713
2.09201
0.581567
0.432969
0.749925
-0.319773
0.307673
-0.280062
-0.551007
-0.72927
1.43146
-0.159802
-1.49228
-1.1553
-0.14897
2.55275
1.07401
-0.416609
-0.0759289
1.78518
-0.125669
-0.0223973
-1.46241
0.207015
0.851965
0.0236256
1.15205
0.565112
0.614874
0.952581
0.0131632
0.280381
-0.0271989
0.737512
-0.437419
0.834123
1.054
-0.118852
0.33882
-2.0056
-1.88782
-0.851717
0.914392
1.1811
0.868834
0.0495807
0.327392
0.697846
-1.25245
-0.220514
0.681557
0.413073
-0.462336
-1.08749
-2.19484
-1.08629
-0.00598955
-0.585524
1.78002
-0.137907
0.659615
-0.565586
0.47763
-2.10103
-0.391226
-0.184363
1.55938
-0.733797
0.2904
-1.70224
1.61624
-1.47868
1.53244
-0.836481
-1.74193
-0.818257
-0.41696
1.16609
0.34203
0.341731
1.07283
2.23952
1.62433
-0.350014
0.605645
-2.25069
-1.34686
-0.863834
-2.0052
-0.5384
1.61173
-0.830122
-0.849537
-0.368532
1.0382
0.414646
-1.36536
-0.00131083
-0.448505
-1.70096
-0.904397
-0.529876
-0.404982
-0.136223
0.34251
-0.704674
1.68076
-0.564132
1.10647
-0.423152
-0.64031
-0.462254
-0.64964
-0.0613062
-1.43676
0.539177
0.294052
0.208284
-1.4673
-0.193971
-0.5127
-0.928913
1.35445
0.0175154
-0.225628
0.0449344
-1.40555
-0.992373
1.31001
-0.477822
-0.208527
-1.74552
-0.536045
-1.12993
0.0854781
0.909862
1.2401
-1.12718
-0.74356
-0.638567
1.00202
1.86515
-0.763143
-1.0381
-0.510943
-1.34628
-0.812501
0.0436788
1.04876
-1.21687
0.701423
0.419344
-0.65276
-0.122746
-0.808263
0.977261
-0.61391
0.710228
-0.588972
-0.280103
1.51987
-0.916694
2.26993
-0.592139
-0.53551
2.28873
0.756061
-2.15991
0.827937
0.140059
-0.196425
0.286107
-0.356315
-0.0734883
0.113782
2.8572
-0.492553
-0.0965984
-1.12784
0.90708
0.542277
1.23473
-0.0424309
-0.0698768
-0.934871
0.421411
0.0385164
0.391495
-0.583032
1.30639
-1.61457
-2.21193
-0.170345
1.10704
-1.00768
1.63015
-1.23762
1.72567
0.842518
-1.06672
0.83333
-2.43054
-1.19944
0.0576582
0.340045
0.355342
0.368964
-1.12968
0.0732643
-1.10485
-0.392411
1.58997
-1.17907
0.608074
-0.526727
0.62073
0.200044
-0.550759
0.529509
-0.0900524
-0.157488
0.567306
-1.53447
0.476178
-1.45461
-0.126713
-0.0372209
1.10788
1.00496
0.306703
-0.865158
-0.70449
-0.862017
-0.992961
-0.076098
-0.46106
2.00624
-0.0799139
-0.0176499
0.0773605
1.75611
1.14654
1.44793
-0.0569464
0.913449
-1.20674
-0.914424
2.15007
-0.966318
0.9375
-0.277407
-0.0358217
-0.935922
-0.303123
-0.931147
-0.188698
-0.0359968
1.1133
0.446131
-0.459795
1.01749
1.277
-0.194835
-0.394059
0.475215
0.984838
0.0991042
1.00765
0.619775
0.580023
-0.182365
0.695131
1.21151
-1.57388
-0.0255951
-0.713865
-1.56688
0.667946
-1.11643
0.744731
0.434465
1.3773
-0.14123
-1.42374
0.715983
-0.138362
-1.41882
0.431351
-0.516959
-1.07716
1.5194
-1.10537
-0.533538
0.622588
3.06238
0.0190915
0.147659
-0.918965
1.33026
0.751049
0.0257788
-0.567176
-0.167099
-0.897419
0.0946326
-0.88211
-2.14656
0.0558099
-0.63278
2.22203
0.154688
-1.59203
0.303352
0.336047
-0.363178
-0.459
0.203296
1.92714
0.0309997
0.362113
-1.94727
-0.261709
0.134061
0.585344
0.0885535
-1.5742
-0.472307
1.04686
-0.827644
-0.809565
-0.834224
0.0983334
0.478973
-1.85187
-1.89469
-1.50614
-0.761856
2.32984
0.817182
0.755248
1.27327
-0.274392
1.02978
0.451254
0.289827
-1.26958
1.46036
-0.899131
0.0134355
-0.0842136
0.401049
0.795961
-1.23997
-1.6646
1.41933
-1.11005
0.531812
-2.14846
-0.98729
0.726976
0.0447745
0.830314
-0.079298
1.5177
1.50087
0.22543
-0.910979
0.0494094
-0.256174
-0.792893
-1.95217
-0.229722
-0.364062
0.544121
-0.520638
0.983528
-0.399181
-1.43619
0.195043
-0.0456202
-1.2003
1.81182
-0.113468
0.966197
-1.42008
-1.26021
-1.13818
2.28534
0.290236
-1.06063
-0.686546
1.16432
-0.650935
1.33274
0.526294
0.735589
-1.34718
0.977865
1.43924
1.16291
0.65266
0.0123178
0.851583
0.0501278
-1.16328
0.23791
-1.81073
1.11909
0.416941
-0.379887
-0.782935
0.145515
-0.884359
0.348195
0.0228507
0.0603264
-0.0494847
-0.376509
0.00478613
-1.99003
0.610127
0.0681947
-0.596169
1.39483
-2.05503
-0.241805
-0.611714
0.875163
-0.166488
0.257286
-1.04581
0.674423
0.709129
1.2042
-0.716679
-0.140668
1.26069
-1.06907
1.10509
-0.0153911
0.760321
-1.68107
-0.779435
1.93246
0.323816
0.929464
0.534543
-0.261386
0.838785
0.174289
-1.5227
-1.01307
-0.185753
0.514749
0.554926
-1.20062
1.15589
-1.16145
0.318044
1.34754
-0.879529
0.97111
-0.396515
1.25904
0.172397
0.0753046
-0.643022
1.29013
-1.6303
-1.52319
2.54183
1.50956
-1.12928
-0.0553298
0.525007
0.980971
0.188989
1.01763
1.13803
-1.22199
-0.846895
0.717412
0.0342105
-1.84113
-1.74995
1.59723
1.03485
-0.117366
1.97144
1.22747
-0.0604249
-0.949388
-0.242117
1.18845
-0.975287
-2.7355
-0.818004
0.0725355
-1.76409
1.13269
0.0934536
1.23562
-1.6203
-0.354816
1.25454
-0.121179
-0.150841
-1.55816
1.18644
0.149132
0.55606
-0.486534
-1.18797
0.224483
-1.19846
0.346606
1.99769
0.364443
0.614621
-0.0942157
-0.272434
-1.23521
1.03131
0.692265
-1.52673
-0.816455
0.0924962
-0.210128
1.52387
-0.0653746
-0.89274
0.433248
-0.729121
0.859216
0.273701
0.354759
0.697995
0.503775
-0.136711
-1.04738
1.05847
0.975119
1.7039
-0.00666791
-0.737148
0.697104
0.627189
0.0415302
-2.05103
-1.91559
1.03671
0.504438
-0.234498
-0.424273
-0.412291
-0.260843
-1.21109
1.27502
0.548737
2.57322
-0.607404
1.36895
-0.588486
0.259411
-2.17982
0.108494
-1.62907
0.04386
0.410524
-1.77838
-1.18845
1.74049
-0.227185
1.69855
0.0693864
2.20022
1.86195
-0.0381877
-0.0659171
-0.591949
0.919374
-0.322228
0.706513
-1.50565
-0.115538
-1.19294
1.54695
-0.729337
1.16846
-1.17127
-0.523495
0.855074
0.823577
0.0666183
-1.94911
0.698014
-0.98053
0.67355
-2.578
0.180772
0.753629
-0.631844
-1.24857
-0.519698
0.745492
1.55382
-0.169998
0.0223228
1.09232
-1.04635
1.4585
0.568602
0.688018
1.0778
-0.244125
-0.561795
0.670229
0.515998
0.51133
-0.763622
-0.0315858
0.424152
0.0298171
0.951212
0.248874
0.282379
0.881795
-1.58384
0.847582
-0.719878
0.61285
0.494825
1.35702
-0.517958
-1.18859
-0.594353
2.10738
-1.12336
-0.603774
0.233584
0.0239578
-0.397694
-0.495909
-0.276885
-0.35597
0.36635
1.16511
-0.184584
-1.15641
-0.816216
0.0691569
-1.56651
0.36
-0.377011
2.00625
-0.387276
0.661843
0.73994
-0.0786
-0.110473
-0.144573
0.214258
-0.643799
0.185842
0.595481
0.76294
0.0911642
1.45905
-0.532607
0.231879
0.861816
-0.587753
-0.743921
-1.5212
-0.171236
-1.27709
1.33811
-0.514719
-0.259468
-1.23124
0.878007
0.0787555
0.680334
2.54274
-1.53633
0.5912
0.332187
-1.55899
-1.18797
-1.78568
-0.751544
-0.522657
0.127549
-0.594606
-1.00544
0.405555
0.718658
-2.56301
-0.514063
1.63328
1.00878
0.542075
1.01354
-1.45961
-0.427669
1.04363
-1.04777
-1.44021
-0.572191
-1.35314
-0.0217968
1.37946
-0.581079
-0.110408
-1.45428
-0.626543
-0.498875
1.27533
0.753963
0.488371
1.38812
1.80168
-0.139262
-0.236212
-0.497454
-0.932735
-0.640757
0.863007
-1.37726
0.166093
-0.975143
0.25525
0.56643
-0.729772
-0.775292
0.196159
-0.858852
0.971624
1.03414
0.111198
-1.01839
1.84522
0.340454
-2.28818
-2.47848
-0.115893
-0.576027
0.0323771
-1.18904
-0.9595
2.00297
-0.571887
-0.792091
-0.258738
0.0418677
0.707559
1.3956
-0.0753841
-0.423034
-0.147956
0.849481
-1.28662
0.795281
0.227531
0.555316
-0.656688
-0.933388
-1.13019
-1.97141
0.867199
0.545689
-0.276199
-1.88877
0.295003
0.75052
0.753428
1.11292
0.634332
-1.44511
0.447552
-1.16338
-0.0664897
0.59555
0.177596
0.141364
-0.752396
-0.393238
0.981083
-1.39559
1.50502
0.989183
-0.238855
0.709319
1.73523
-0.688769
0.34351
0.7001
-0.411015
0.531805
0.960907
0.325908
0.0964178
-1.59724
-1.19806
0.144828
-0.662082
0.000505328
-2.82859
-1.68483
-0.962649
-0.393207
-0.470437
1.68409
-0.662742
0.471608
0.606327
1.82201
0.697259
-0.562915
-0.153097
0.431455
-0.208861
1.16324
0.000709414
-1.11216
0.596272
-0.534636
0.468882
0.692469
-1.32281
-0.241135
2.52665
-0.51002
0.331569
0.547195
-1.80653
-2.85224
-0.960582
0.25765
0.0278088
0.364186
-0.448418
-0.93452
0.187371
1.68769
1.20904
-1.07198
-0.585387
0.504325
0.251109
-1.0812
0.830737
0.669407
-0.644266
1.72461
-0.0963082
-0.660014
-0.966194
0.832432
1.08882
-0.344615
-0.886028
0.0970106
-1.50906
0.206932
-2.59494
0.330321
-0.199064
-0.119851
0.411958
1.85607
0.0630155
-2.13621
1.29943
-0.15944
0.279922
0.889061
-0.524805
-0.206369
0.256058
-2.32266
0.0108836
-1.11795
1.38244
-0.756185
-0.0836044
1.10142
-0.177286
0.240778
-0.44628
-0.107446
0.0396887
-0.730484
-0.218763
-0.449418
1.48031
0.986051
0.645075
-0.656609
-0.998086
-0.578973
0.295652
0.698406
-1.04252
-1.46617
-0.990034
-0.903372
0.0186877
0.821136
-1.29818
2.44285
0.221532
-0.806632
1.25852
1.18786
0.515665
-1.6148
-0.902703
-0.0970533
0.536331
0.00511622
0.764316
-1.49279
-1.49298
-0.738346
-0.374888
-0.423738
-1.16183
1.67935
1.78304
-0.31134
-1.28257
-0.926827
-0.326233
-0.618333
-0.327641
0.880465
-0.614947
0.307689
0.0765123
0.559302
-0.762198
1.88091
1.6227
0.541613
0.949786
0.391485
1.58591
-1.33516
-0.667496
1.41289
-0.164118
0.656227
-0.0945757
1.10287
-0.921073
-1.96324
-0.54143
0.418077
-1.3305
-1.73271
-2.06025
0.998376
0.291724
0.250755
0.00285435
-0.127881
-1.34992
1.04835
0.614503
-0.499944
-0.349667
-0.50591
0.452487
-0.102958
-0.658883
0.245021
-0.391632
-0.623634
0.237406
-0.923024
-0.320736
1.22795
1.13655
0.569832
0.468611
-1.05836
0.193644
0.751918
-0.478648
0.0759947
0.40395
-3.19304
-0.860255
-2.26622
0.839207
0.112798
-0.831551
0.442781
0.847628
-0.212133
-0.0234693
0.323645
0.0925312
-0.46572
0.852874
-0.0660678
0.328894
0.0700573
-0.991893
1.47006
-0.0600643
0.761171
-0.361247
-1.23571
-2.36715
-0.431129
-0.781543
1.43249
-0.0514439
1.53511
-0.340844
0.205872
0.696195
-1.51051
-0.284345
0.676358
0.927627
0.0516895
-0.16826
-1.63268
0.647134
-1.0076
-0.262667
-2.34225
0.688094
-1.23816
0.916291
1.10276
0.506113
-0.809815
2.5856
-1.46065
-0.239675
-0.336305
-0.19413
0.265789
0.268934
1.26718
1.26679
-0.305484
-2.28591
-0.976241
-0.409256
1.1329
0.0693812
2.89801
0.87172
-0.331207
0.178841
0.0728025
0.0635912
1.82186
0.297059
-0.0543222
0.297501
0.211594
0.0221609
0.754007
1.53293
-0.666677
0.0797105
0.431431
-0.719536
-0.289793
1.24533
0.644313
2.542
-1.41482
0.210156
-0.290402
-1.54373
0.253842
-0.370384
0.503766
0.149392
0.547549
-0.480025
0.107484
-1.94092
-0.278516
-0.0620922
0.486574
0.805196
0.238716
-0.61315
-0.411401
-0.275035
1.30254
0.0129993
-0.123635
-0.425625
-1.36449
-0.318934
-0.358506
1.53976
-1.24604
2.44395
0.936954
1.01763
0.622544
0.774682
-1.29298
-0.195123
-0.522014
1.65309
1.72356
1.1336
1.24961
-0.569665
-0.640418
0.552271
-0.0340195
-1.15395
-1.78775
0.268536
-0.184774
-0.628942
-1.01604
-0.495349
0.713802
1.87675
0.511333
-0.619398
0.122858
1.34831
-0.677977
0.808742
-2.41185
2.3019
-0.613355
-0.33816
-0.442285
1.70696
0.326468
-0.968132
-0.661129
-1.00682
-0.0292245
0.535108
-0.918944
-0.988238
-1.35765
1.39771
1.42203
-0.546017
-0.301778
0.299637
0.177922
0.726749
1.52276
2.37805
0.806584
0.959257
-0.622323
-0.559358
-0.0456954
0.56467
0.141113
1.89949
-1.16753
0.124977
0.96373
-0.0524651
1.15094
-0.112406
-0.771829
-0.351528
-1.06464
0.159653
-0.484119
0.583978
-1.43852
0.194023
-2.0762
-0.489712
-1.51059
-1.63358
-0.630748
-1.09737
-0.599696
0.995601
0.840886
0.492277
2.07443
0.818853
-0.293947
-1.17294
1.12158
1.9157
-0.836291
-0.623574
-0.976659
1.64658
-1.5791
0.768946
0.74348
-0.471047
0.304519
-0.0625336
-0.669306
0.306247
0.173985
0.327752
1.29682
-0.791683
-0.119853
0.1955
0.137718
-0.382892
0.185502
0.0235943
0.860512
-1.79639
-0.970747
-0.0609079
1.03743
0.918901
-0.173309
0.0765667
0.984868
0.395653
-1.32431
0.702414
-1.98352
-0.0336913
0.424728
-0.778087
0.659102
1.59994
1.5939
-1.03202
-1.42441
-0.0888091
-0.963505
1.63858
0.851605
-0.549817
0.955689
-1.24611
-0.918493
-1.72862
-1.44487
-0.504357
0.659153
-1.14414
0.912094
1.23567
0.0477968
0.363667
0.437815
0.225623
0.356515
0.596351
0.0462956
0.831007
0.287032
-1.12152
0.17756
-1.72909
0.455804
-0.837686
-0.44004
0.626894
-0.127365
0.869159
-0.680143
0.392065
0.766583
-1.2969
-1.27402
0.179814
0.434045
0.24363
0.0891457
0.433611
0.50375
0.294411
1.17036
1.33652
-0.471968
0.382904
-0.307311
-0.227824
-0.00911772
-0.204208
0.776887
0.219506
0.80216
0.0653841
1.54379
-0.891806
0.82225
-0.852166
-0.081711
0.930104
1.59092
1.3025
-3.30439
-0.201579
-0.971246
-0.357755
-0.193022
0.924027
0.207177
1.16509
0.27042
1.67974
0.178887
0.152284
0.348795
-1.08414
1.11612
0.337473
0.636294
0.0217826
1.36619
1.65175
0.801525
-0.674671
0.831677
1.38499
1.57358
-0.718728
-0.260912
1.09456
0.0106825
-0.57056
0.335494
-0.123474
0.0026527
1.77362
0.121151
-0.511049
-0.211578
1.64053
0.466495
-0.391965
0.458987
1.34955
-1.14466
0.990755
0.740535
0.655055
1.47072
-0.224498
2.32772
1.93846
0.841103
-0.944676
-0.624245
0.685639
-0.885153
-0.881391
0.189152
0.274024
0.279731
-1.04139
-1.16559
-0.137845
-0.302648
0.361038
-0.611636
-1.24014
-0.377875
-1.19304
-1.29784
0.495947
1.42194
-0.198335
1.00103
-0.0268553
0.676859
0.771278
1.08637
0.727738
0.936214
0.360817
-1.71555
-2.46852
-0.270333
0.974879
0.655218
-1.08799
-0.331356
-0.343826
0.690901
0.857907
0.925995
-0.904045
0.231375
2.03272
-0.801574
-1.09139
-1.70097
-1.17156
0.966783
-0.670359
-2.14753
-0.449779
-0.0579438
-0.607954
1.8014
-1.81838
-0.779139
-0.107845
0.226789
-0.530936
-0.345758
-0.324187
1.95069
2.40109
0.661584
0.992852
-0.437835
-0.922728
0.0723464
0.364167
-0.796336
0.909284
0.630868
1.01362
-1.3907
-0.0657682
0.315477
-0.779161
1.09196
0.899374
0.352794
-0.126369
-0.230625
-0.108879
1.67213
-0.827018
0.824432
0.833632
0.290225
0.870557
-0.533448
1.7867
0.428216
-0.106027
-0.530789
-0.163882
-0.0426393
1.89609
0.151786
-1.13215
-1.67542
-0.440242
1.31716
1.07978
-0.236237
-2.42852
-1.37454
0.415286
-0.0882103
0.463591
0.0119683
0.44339
0.230056
0.0740166
0.399494
-0.422958
0.119531
-0.106594
0.421999
0.966182
-1.36113
-0.0822564
-0.991391
1.17213
1.18711
0.720263
-1.80947
-1.18708
-0.234884
0.899302
-0.189109
1.24747
-1.3751
1.11648
1.02862
0.582279
-2.46414
-0.0765828
-1.57167
1.03172
0.102342
-0.102191
-0.701367
1.65075
0.306391
-2.40128
-0.483368
-1.54556
0.0729024
-0.0678285
-1.44736
0.883831
0.124144
0.797696
-0.202039
-0.945701
-1.1746
1.33535
0.088542
1.70595
0.245611
-0.799279
-1.07309
-2.29587
0.261655
-0.17584
2.06866
-0.483517
-0.668276
-0.389057
0.618024
-0.337407
-0.54664
-1.06825
-1.25396
-1.7387
-0.313886
0.566768
0.0570691
0.78216
-2.02781
-0.365111
0.523579
0.50027
0.88247
-0.294731
-0.212644
0.066866
0.773813
-0.470018
-1.67439
1.11137
1.271
0.362108
0.331121
0.201946
0.0892478
-0.339536
-0.121591
-1.10046
-0.122731
-0.0146692
-0.716611
-0.412186
0.138255
-0.822978
-1.02069
1.31495
-0.979737
0.881092
-0.453307
1.51772
-0.827748
0.727523
0.393287
0.0411174
-0.831193
-0.336771
1.71337
-1.28338
-1.10843
-0.165281
-1.15764
-0.125279
0.185146
0.00490105
0.503114
0.178961
-0.944529
0.21558
-0.873495
-0.820082
0.221368
-0.25649
-1.18575
0.373009
0.142233
-0.660416
0.239386
-1.36862
0.600576
-0.761257
-0.449847
-0.785106
1.1335
0.42195
-0.103009
0.648198
0.508259
0.279943
-1.41352
0.804851
1.90597
-0.583117
0.702835
-1.08075
-0.882511
0.0467546
0.681404
0.311973
1.11211
-0.357245
2.30138
-0.654899
1.17192
-0.130652
1.44214
-0.296889
0.207812
-0.159769
-0.736754
1.3259
-0.27058
-0.00448829
0.26402
1.90237
1.45268
-1.5878
-0.988577
-0.00462031
-0.363602
-0.0450978
0.612917
-1.23982
-0.179062
-0.39349
-0.851347
0.191266
-1.11163
0.764125
0.559486
0.0930816
-0.510359
-0.579648
0.266452
0.277039
0.795261
0.0920221
0.277478
-2.01477
-0.742407
1.32083
0.269325
-0.342218
0.514061
-0.8783
-0.484951
-0.228431
-0.372507
2.4285
-0.858182
1.93229
-0.630737
-0.187107
0.998163
-0.591907
1.06962
0.0952076
-0.945215
0.347752
0.355122
0.966665
-0.937014
1.72889
0.0132834
0.555546
-1.67672
-1.67552
1.6886
0.0742848
1.33681
0.120441
-1.9992
0.0626476
-0.443366
-0.19417
0.22956
-0.431859
0.589185
-0.337318
-0.903977
-0.242752
0.920436
-0.529708
2.05107
-1.03188
-2.60519
-1.05048
-0.220321
0.593578
0.481742
-1.76958
0.515735
-0.811832
-0.862866
0.281064
0.664113
0.580206
0.576989
1.41517
-0.287579
0.860654
-0.44897
0.999452
-1.50221
0.218833
1.0471
0.00383675
-0.571246
-0.201735
-0.324769
1.01652
1.1019
0.0423786
-1.15564
1.73045
2.1909
-1.42527
0.969393
-1.3309
-1.36919
-0.436119
-0.079951
1.14579
-2.39655
-1.24709
0.996227
0.872261
-0.835514
0.0710896
-0.259323
-0.728361
-0.851776
-0.523571
0.344481
-1.37255
-0.269917
1.55948
-0.378017
-0.0718653
1.55364
0.146263
1.57664
1.11656
-0.750952
-1.20921
0.152766
-0.771174
-1.09599
0.199905
-0.147595
0.987594
0.297324
0.684291
2.22023
-0.049472
-1.6234
-1.52794
1.27407
-0.644533
1.22087
0.469791
1.06558
-1.68617
0.412399
-0.660781
1.66306
0.112969
-1.22727
0.812229
-0.355895
-0.950966
-0.371242
-0.198652
-0.460743
-0.565216
-1.25798
1.0445
-0.0960793
0.2861
-0.0564275
-0.608569
0.351979
1.36244
-0.0819675
-0.718082
0.5201
-1.43661
-1.73755
-0.133637
0.529254
0.24506
0.379779
-1.27258
-1.42232
-0.215261
1.29094
0.42361
1.35787
-0.0700399
0.79148
-2.72003
0.066829
0.571151
0.211675
0.542954
0.463636
1.93408
-1.21141
-1.3566
0.0908489
-1.10012
-2.08928
0.252767
-1.99652
-0.615542
0.347324
-1.76433
0.89636
1.34638
0.270007
-1.03911
0.191201
-0.558689
-0.519406
2.0336
-0.592223
-0.695956
-0.0998685
0.191745
2.82239
-0.918125
1.05115
-1.27059
-0.0759292
0.653749
0.790813
0.244311
-1.52454
-0.619421
-1.1029
-0.0942236
-0.331378
-0.815368
-0.15109
-1.21182
-0.961396
-0.763675
0.796408
1.84942
-0.447993
0.164789
-1.11874
-0.89016
-1.16894
-1.17836
0.737003
0.50779
1.17573
-0.909433
0.177098
-1.04077
1.36905
0.353087
0.224328
1.0628
-1.22801
-1.59431
-2.73543
1.75128
-0.506072
0.39005
-0.433723
-0.946741
-1.03844
-0.133578
-0.950042
0.470788
0.597892
0.912915
-0.403557
0.459427
0.766504
-0.771724
1.14257
0.522168
-0.733902
-1.15706
-0.527655
1.23777
1.16644
-0.802674
-0.360899
-0.354148
-0.262584
-1.14102
0.0298894
0.414897
0.292352
-1.80792
-0.75302
-0.943647
-0.328089
-1.47696
1.61819
1.57041
1.26479
0.76419
-0.180136
-1.01689
1.45825
1.21756
-0.171516
-0.617366
0.283823
0.825457
2.34951
-1.68725
0.304053
0.175606
-1.41522
0.636365
-1.37226
1.70405
1.17012
-0.77833
-0.862386
-0.680112
-1.76206
1.14244
-1.19066
-0.239666
-0.0702494
0.468031
-1.0443
-0.851418
-0.823768
-1.52368
-0.707426
1.2437
0.11226
1.4034
1.357
-0.206263
1.08648
-0.421454
-2.03641
-0.451684
1.43605
-1.00091
-0.365108
-0.209872
0.455591
1.36537
-0.36453
-0.424064
-0.339266
1.46371
-1.3758
-1.70575
0.656378
-1.45286
0.389393
0.00443369
2.5463
-0.549049
1.96992
1.22794
0.712468
-0.909207
-0.368713
0.558974
-0.394664
0.506935
1.53523
0.997748
0.0926189
0.0686533
-1.15569
-1.21206
0.755879
1.25455
-0.153077
0.285162
0.690699
0.144286
0.122993
0.0928738
-0.557016
0.581492
-1.36226
0.182183
-0.454043
0.122089
0.480955
0.225276
-0.682987
0.216115
-0.441562
1.53345
1.24956
0.694701
1.30712
-0.787865
-0.729073
-0.013231
-0.891896
-0.843898
-0.871116
-0.953312
0.649111
0.889462
-0.306034
-1.70584
0.408498
-0.883146
1.45646
-0.0402988
0.527043
0.892326
-0.66845
0.0984471
0.682504
-1.55347
-0.799444
0.570534
0.239968
0.64756
-0.505372
0.850376
-0.00139576
-0.772488
-0.456692
0.8266
-0.0223776
-0.716606
0.695795
-1.16183
1.09291
-1.46904
-0.979733
-0.426477
-0.243339
-0.187499
-0.00574547
-0.46325
0.00355726
0.942523
-0.800981
-0.739451
-1.02606
1.15472
1.70103
-0.0427311
0.258602
-0.622767
0.564727
0.128168
-0.320216
0.999254
-1.24532
-0.23368
-1.92297
0.0996384
0.336478
-0.592089
-1.11524
-0.251895
-0.791012
1.35323
-0.972771
-0.131818
-0.12438
0.192501
1.43517
1.82129
-0.133234
-1.04848
1.46398
1.28329
-0.995221
-0.220731
0.138993
-2.12638
0.529298
0.288958
0.424938
1.61156
0.570503
-1.67737
-0.761325
1.54659
-0.358017
0.818341
-0.355771
1.11787
0.935251
0.525313
-0.359704
-0.507848
-1.2476
0.136693
0.137364
-0.916466
-0.889159
-0.0360143
0.0490431
-0.00646168
-2.12789
0.346075
1.57657
2.42065
-0.984064
2.0088
-0.761785
0.614168
1.89611
-0.317386
0.966369
0.382235
-0.602309
0.0513462
1.17266
-0.181273
-0.597672
-0.451469
-0.142127
-0.33006
3.03738
0.257036
-0.519227
0.412205
0.411844
-0.501556
-1.36279
-2.30815
0.805458
-0.621462
0.842546
-0.174187
1.4639
-0.0789742
1.36397
-0.444032
0.450511
-0.405951
0.234437
-0.797966
-0.51293
-0.838503
0.303821
0.121728
-0.606504
-0.910349
-1.9029
-0.914041
-1.34224
0.524557
1.52789
0.986112
0.981272
-0.0478533
0.0790839
0.775798
0.0879861
-0.252022
-0.512544
-0.868718
-0.571041
-0.138003
-0.69877
-2.19271
1.64454
2.40614
1.03015
0.135193
-0.432016
1.07729
-0.584315
0.870694
-0.484715
1.53884
2.06671
-0.463618
0.260173
-0.312803
-0.669007
-1.09565
0.447417
-0.416339
0.509456
-0.557106
1.06712
1.13084
0.280901
2.13815
0.181268
1.09298
-0.826817
0.0866411
-1.82939
1.23775
0.568796
2.10822
-0.0220302
-0.890789
0.064038
0.573983
-2.05567
1.88713
-1.0481
0.85642
-0.946634
1.13189
-1.26058
0.378917
0.172937
-0.433962
-0.831609
0.887496
0.615426
0.959263
-0.711833
-1.05068
-0.476333
0.779247
0.88031
0.395321
0.0644934
0.353993
0.107537
0.558544
0.464954
-0.559418
0.123646
0.549988
0.617899
-0.401854
-0.770185
1.46807
0.229835
-0.371651
-0.824561
-2.19586
-1.59735
-1.2692
0.572245
-0.850621
-0.545721
-0.382129
-1.69187
-0.302436
-0.242191
-2.15647
-0.029261
-0.651869
1.18799
-1.57061
0.135283
0.815476
0.273137
2.1355
-0.798967
0.0876286
-0.251308
-1.17254
0.610649
0.933
-0.878338
0.758613
0.570168
-0.506394
-1.24544
1.04924
1.51745
1.25304
0.760663
-0.526563
-0.155685
-0.164722
-0.0186947
-0.407013
0.61351
1.29572
0.998894
0.851146
-1.108
1.01718
-1.21787
-1.0043
0.837912
0.636496
0.605019
0.244585
-2.06188
0.426172
1.10381
0.784652
0.798895
1.90714
0.521797
-0.311782
-0.164682
-0.593121
-1.3446
0.443788
1.03244
0.691136
0.626555
-0.231034
0.412638
0.688104
0.226389
0.135044
-0.583027
0.30944
0.468588
-0.192036
2.69117
-0.493251
0.355638
0.449125
1.23405
0.265435
-0.280603
0.19438
-0.271281
1.0771
2.91855
-1.09129
0.494121
-2.20657
1.50479
1.0824
-0.952413
-0.997677
0.0382834
1.14774
0.287134
0.939038
0.670569
0.183305
-0.207106
1.64111
1.7008
-1.61617
-0.467441
0.731017
0.913293
-0.260113
0.523343
-1.12209
0.769852
0.310682
0.0639731
0.148185
-1.58553
-1.37116
-0.0712839
0.236272
0.366892
-0.176707
0.573825
-1.29526
0.641328
-0.126792
-0.748176
-1.40789
-0.112895
-1.72116
-1.17844
0.512734
-0.0123484
-0.284106
-1.44128
-1.13417
0.440442
-1.90331
-0.0671273
0.0976346
-1.32249
-1.5115
-2.6299
0.117979
-1.43847
0.734642
0.325874
0.16312
-0.647019
0.748839
-0.612189
-1.57807
1.12191
1.38952
0.229376
0.143558
-0.696714
0.41514
2.36544
0.318352
-0.464699
0.450498
2.33096
0.133373
-1.05071
1.73299
0.609329
0.0531639
0.267744
0.370096
-1.36715
0.13427
-0.14263
-0.242397
0.654246
0.0235795
-0.32788
0.777177
-0.338988
0.521326
0.551432
1.25883
0.251459
-0.955665
-0.764685
0.670022
0.173483
-0.232601
-0.266201
-0.286361
0.595822
-1.8466
1.6337
-0.497479
-1.04342
0.953421
0.901339
0.337749
0.0745834
0.851207
0.523293
1.81571
0.224047
-2.18069
-1.69628
0.623445
-0.216342
-0.175122
0.126828
0.848002
-1.14288
-0.131405
-0.768754
-1.84905
-1.01906
-0.386015
-0.964753
2.30059
0.647517
0.0858083
1.09622
-0.382716
0.138572
0.758547
-1.01081
-0.262071
0.560721
-0.350864
0.435421
0.812472
0.186765
-1.13392
0.853126
1.59029
1.19999
-0.96409
0.111964
0.117483
-1.09423
-0.127997
-0.189592
-0.454535
0.87286
-0.797339
-0.217599
-1.03357
1.61399
0.0619892
0.683007
0.142076
1.09774
-0.253637
0.809948
1.41513
0.00745177
-0.876722
0.495838
0.302418
0.508249
-0.371259
-2.04079
-0.265472
0.400119
-0.00201261
0.652989
0.0641693
0.746951
-1.25282
-0.598446
-2.45041
1.92952
1.55998
-0.797987
-0.997469
0.567987
-1.30718
-1.56512
-0.49703
-1.76197
-1.27938
0.387664
-0.837208
-0.894975
0.0825837
-0.751097
0.640541
-0.905409
1.96616
-0.600315
-0.0332836
-1.40062
0.720965
0.570841
-0.65244
-0.655735
0.651602
-1.30006
-0.0229573
-0.377881
-0.642003
0.184594
-0.088426
-1.58859
-1.11098
1.03052
0.789636
-1.42463
1.03251
1.83169
-0.886953
-0.652028
-1.10777
-1.2883
-0.114656
1.11469
-0.958953
-1.01917
0.960627
-0.0111562
1.45488
0.0387441
-0.898038
0.821524
-0.932808
-0.0283738
2.32406
0.120552
0.0582312
0.422553
0.392396
-0.965795
-0.222308
-0.0197836
0.906042
0.625985
1.00225
-1.81701
-0.0427849
0.56845
-0.419557
0.544603
0.603904
-0.668519
2.14906
-0.943592
0.23722
-1.1865
0.8608
0.0963383
-0.68086
1.12981
-0.326023
2.07819
-0.893773
-0.443958
2.05153
0.184577
2.52292
1.16327
-0.841893
-1.60731
-0.00108933
0.195672
0.174191
-0.898716
-0.336814
0.799243
-0.0483822
0.0026381
-0.376241
0.777707
-1.40201
-0.103956
-1.10105
-0.599621
-1.07943
-0.471525
0.894991
0.125014
-1.08977
0.131378
-1.44146
0.702235
-0.496271
0.63894
-0.154446
-1.92981
-0.392915
0.744117
-0.170866
0.695791
-0.601038
1.41911
0.965996
-0.33788
1.39304
-2.50945
-0.0637482
-1.78551
0.0714042
0.75626
1.54897
1.24461
1.77726
-1.90326
-0.327733
0.0545114
0.0275981
-1.02174
0.0777764
-0.591523
1.52263
0.220048
0.895564
0.0205979
0.153079
-1.89601
-0.739116
0.133798
1.37372
-0.22077
-0.550645
0.583166
1.35672
1.63933
0.126955
-2.42251
-1.05018
2.00798
-0.295013
-0.0564315
-1.14322
0.750782
-0.49907
0.688096
-0.209583
-1.7879
-0.296331
-3.003
0.170844
-0.00569272
1.11655
1.38211
-1.09066
0.918897
0.709562
0.311371
-2.34806
-2.13035
1.04994
-0.474285
-0.560289
-0.347865
0.0546657
0.268788
0.561857
1.7465
0.283543
0.981678
0.841945
0.265546
0.0139964
0.195516
2.32324
2.1947
-0.961531
1.96532
0.434768
-1.24584
0.0312473
-1.86439
-1.25485
1.58204
0.219768
0.62948
0.374767
-1.26025
-1.09013
-0.0920588
-0.772051
0.919803
-0.233169
0.434006
-0.0232255
0.670971
-0.968225
-1.34394
1.40646
2.11608
0.0602931
0.315649
1.98609
0.413044
-0.414555
-0.548701
0.217181
-0.686991
0.230998
2.54403
-0.621733
1.73733
0.129875
0.385145
1.62257
0.327321
-0.521318
0.859741
-0.697671
-0.806753
1.02932
-2.05548
-1.39787
0.998562
0.733129
0.38968
-0.919964
0.604546
-0.986094
1.16499
-0.487738
-0.666116
-1.86892
0.667155
1.6867
-0.42642
0.405391
1.43044
-1.07322
-0.93393
0.0708368
-0.640913
0.334607
0.736543
1.24941
-1.30282
-0.43127
0.195429
2.07213
-0.102106
0.772635
0.180881
-0.575132
-0.628205
-0.18501
-1.39686
0.282206
-0.928042
-0.581137
0.386853
0.669663
0.339663
-0.221915
-0.950024
2.13859
-0.790095
-0.381131
1.46381
-1.35743
-0.557499
-0.138424
1.4629
-0.284081
1.80152
0.244637
-0.378491
-0.614239
-0.420278
1.05207
0.336379
-0.972085
-0.413885
1.43166
-1.14118
1.01717
0.0207645
-1.80727
-1.08456
-0.524747
-0.318893
-0.863163
0.123193
-0.576756
-0.739153
0.935321
0.14397
0.880299
-1.12676
-0.275055
0.668145
0.282517
1.36148
-0.685881
-1.50046
1.86277
0.867488
-0.848916
1.05655
0.335901
-0.316729
2.37526
-0.488298
0.289497
0.246033
1.01539
1.7801
1.64341
-0.747372
-0.45149
0.00243586
1.22218
0.0869681
2.20842
0.592323
0.454266
-1.51995
0.0467616
0.315556
0.525414
0.663971
-2.42466
-0.224354
-0.0741622
-0.299634
-1.25355
0.782289
-0.484978
-0.257633
1.16243
-1.25367
0.368369
-0.518629
0.089914
0.0230188
-0.356466
-0.436729
-0.607375
-1.56549
-0.411234
-0.0141417
0.578536
0.859238
-0.289158
0.391787
-0.0776698
-0.677238
-0.806982
-0.384562
1.47372
0.257513
0.0516527
-0.144356
-1.27216
0.85078
1.11523
-0.207493
0.244821
-0.770432
-0.326314
-1.44605
-0.450117
-0.0711029
0.646012
-0.085313
-1.11899
-1.05756
-0.0162873
-2.04458
0.45209
1.19051
0.414837
-1.21842
-1.15788
0.501279
0.184918
0.360862
0.964226
-0.697073
-0.378131
-1.36686
1.2513
0.584686
-0.697088
-1.06016
0.419686
-1.5279
0.0602406
-1.26961
1.04398
2.04537
-0.0254129
0.703517
-0.561192
0.537325
-1.75731
1.6613
0.456485
0.942688
-1.42249
-0.203172
1.75362
-0.0460013
-0.817501
-1.79426
1.61883
0.462924
-0.340236
-0.769364
0.148138
-2.37432
0.311248
0.0938266
0.753405
-1.16161
-0.283032
0.707664
0.505904
-1.09382
-1.50012
0.0482297
-1.10523
0.702382
1.34644
-0.152339
0.747244
-0.379559
-1.92769
-0.120238
-0.804831
-0.633179
0.489456
0.730897
0.875036
0.551348
0.347699
-0.612929
-0.484486
0.640365
-2.17951
1.57739
0.94456
1.23447
1.32501
0.523286
-0.542024
0.16308
-0.158261
1.51338
1.33069
2.35108
-0.45696
-0.734913
-1.48149
-0.662422
0.161593
0.595662
-0.725304
-1.06819
-0.0983685
2.42356
-0.559616
-0.529837
-0.0612805
-0.0900001
-0.202464
-0.141223
0.605163
-0.220873
0.011957
-1.38957
1.87953
-0.587134
0.287111
-0.163206
0.800658
0.192102
0.159954
0.71388
-0.755899
-0.570179
0.92715
1.76115
-1.47144
0.546584
0.213409
0.29507
-0.309799
-0.933053
-2.3577
0.200526
0.216378
-2.40789
-0.779155
1.15116
-0.672452
-1.71215
1.25277
1.52301
1.92182
-0.546877
0.203838
0.764028
0.569436
0.0602573
0.667256
-0.586617
0.621176
0.899874
-0.187652
0.794878
-0.327719
1.25821
-0.348541
-0.679266
1.5412
0.316021
1.18912
-0.467982
-0.810177
-0.335914
1.37832
-0.307441
1.97132
-0.405371
0.659131
0.740233
-0.216346
-0.649615
-0.612836
0.72792
0.569984
-0.06833
-1.21829
-0.343695
0.126378
-0.884853
0.321967
0.306942
-1.59596
0.131984
0.648399
-0.0248612
0.418711
0.331798
0.072854
-0.980835
-0.224592
0.450018
0.464098
0.0317432
-0.0781795
-0.142467
1.76868
-1.05176
-0.258916
1.99682
-0.957919
-0.316765
-0.401543
-0.507164
0.603309
0.50929
-0.673169
-1.44798
0.554418
-0.903851
0.755556
0.93141
1.26756
2.80321
-1.65821
-0.339139
0.92036
0.824439
-0.311207
-0.96791
0.279557
0.787077
0.448633
-0.646219
0.431369
0.667865
-0.968424
1.04479
-0.100096
0.477282
1.08816
0.232591
1.33911
1.03885
-2.46126
0.0272021
0.510898
1.16332
-1.79782
-0.288583
0.267599
0.612021
0.858852
0.712639
0.410494
-1.82036
-0.346073
0.131777
0.328718
-0.537084
-1.23167
-0.158715
-1.1125
0.00581282
-0.177693
1.8235
-0.446549
0.417983
-1.61762
1.50508
0.639297
-0.807077
0.737073
0.566191
-0.400711
1.64557
-0.216161
0.287443
0.117035
-2.25011
0.672006
1.15263
0.634635
0.408206
0.197294
-1.02281
-1.84042
-0.700816
-0.550418
0.412863
-0.193132
2.02123
0.145733
-0.780221
-1.35165
-0.179384
2.45285
0.98322
0.70475
0.584668
0.330377
0.094923
0.203914
-1.0883
0.416535
0.13797
0.728372
0.394677
0.109905
1.1108
1.47081
0.38109
0.878493
0.478455
0.155093
-0.763564
0.672094
-0.113703
-0.46436
0.939188
-0.635583
-0.610467
0.297233
0.652536
-1.12675
-0.559789
-1.06311
-1.36247
1.06847
0.650964
-0.353141
-2.24205
-0.189179
0.409518
-0.812422
0.084314
1.18433
0.971603
0.0744686
-1.74225
0.634748
0.522633
-0.40941
-1.09336
0.800886
1.07261
0.221292
0.948949
-0.720964
0.467085
0.547162
-0.209706
1.96245
-0.0663744
0.87926
-1.32233
0.567412
0.746747
0.983267
0.326445
0.12401
-0.711558
-0.160282
1.0488
1.32169
0.595402
0.600451
-1.87422
-1.37918
2.25269
-0.886769
1.01305
-0.125384
-0.218924
-0.0490301
-1.23241
-1.02844
0.0763186
0.462546
-1.02286
-2.23015
0.474662
0.0569044
-1.43675
-0.0294744
-1.66774
-0.100314
0.793891
2.43436
-0.325476
-0.593176
1.16374
-1.95766
-0.332961
0.0613663
0.109531
-1.124
2.2282
1.93181
-0.276765
-0.901979
-0.442838
1.66549
-1.10035
-0.399968
-1.3883
1.3022
-0.00219476
-0.369249
-1.07602
-1.19844
1.20292
0.92457
-0.925039
-0.287562
1.41487
-1.09359
-0.320778
-0.601287
0.153344
1.14057
0.119186
2.05663
-2.2514
0.25214
1.75632
0.993508
0.561877
-1.4401
0.539053
0.216731
-0.600204
-0.100138
-0.651997
-1.36838
-1.0735
0.0120574
-0.427732
-0.434529
-2.23493
-0.733086
-0.340666
0.436802
1.26003
1.12343
-0.315022
-0.260324
1.60292
1.56186
-0.490185
-0.235757
-1.28817
-2.35369
-0.0863395
-1.76129
0.108311
-0.323217
-0.941254
-1.3957
1.28636
0.32205
0.556794
-0.579571
-0.874005
0.437503
0.0397009
-1.24471
-0.957435
-0.607927
1.16605
-1.17877
-1.12173
-1.43998
-0.49072
0.0192404
-0.539743
1.60123
0.901921
0.0134107
2.66572
0.521421
-1.03361
-0.332172
1.2649
-0.300145
-2.14892
-1.91211
0.0186465
-1.47019
0.27864
0.00379372
0.770761
-0.38049
0.602864
-0.552409
0.418434
-0.631969
0.481408
1.21332
0.839057
-0.182738
1.71287
1.22979
0.224171
-0.0883819
2.16366
0.301991
-0.675937
0.800203
0.435941
0.235515
0.89661
0.407687
-0.202071
0.616637
0.741901
-1.28968
-0.0398102
1.62941
0.159975
0.866601
0.090206
-0.927085
-0.106688
2.02867
-0.563484
1.1715
-1.12508
0.116178
-1.11065
-0.191963
-0.37767
1.34417
0.586758
0.166725
-1.26678
1.69127
0.239748
1.36189
-2.28076
-1.23076
0.129183
1.34889
0.65246
0.313352
0.951572
1.26568
-0.197569
1.21457
-1.29254
1.69312
0.583526
0.44366
-0.843239
-2.4865
-0.256126
-0.427918
0.508181
1.66567
-0.230362
1.20666
-0.68753
1.14739
-0.532366
-0.036325
0.158166
0.437886
-0.321834
-0.336839
0.114828
1.2421
-0.974378
0.800355
1.11704
-0.253884
0.822356
-1.83838
1.67943
-1.46844
1.44535
-1.76186
-0.208651
1.33569
-0.745358
-0.183277
0.125747
-0.688701
-0.0571767
-0.132801
-1.96851
0.869416
0.338373
0.539828
0.946616
2.44183
1.27776
1.93157
-0.00357366
1.59969
-0.837557
1.53085
-1.46184
-1.08115
-0.580652
-3.10254
1.26514
0.177342
1.0292
-1.56638
1.64434
-1.07084
-0.12548
0.499755
-0.423332
0.869907
0.43595
-0.321182
-0.253402
-0.511078
-0.155885
0.158536
-0.109282
0.828479
-0.177738
-1.13368
-0.255124
-1.03981
0.56154
1.17946
-1.26131
1.63802
1.02501
-0.555758
-0.589047
0.753413
-1.73369
-0.932865
-1.80167
0.721409
1.13301
-0.526597
-0.113992
-0.780474
0.346175
1.01955
-0.535124
0.411676
0.243415
0.691599
-0.723356
1.63883
1.06714
0.524192
0.588386
-0.996945
1.68402
-0.562947
0.592256
-0.788621
-1.03138
-0.558455
-0.172676
-0.783642
-0.75774
-0.561502
-0.245687
-0.0541237
-0.056188
0.874359
-0.392785
-0.0482126
-0.582594
0.0628803
-0.34887
-0.47721
-0.64034
-0.63847
-0.507225
0.787205
1.43988
0.551461
-0.620128
-0.0427741
0.193612
1.12209
0.921902
-1.70191
1.07658
-0.166022
-0.108221
-2.02001
-0.152235
0.550417
-0.00723737
0.495549
-0.173079
-0.081653
-1.08937
0.812059
0.274964
-0.957213
-0.501032
-0.0257271
1.04779
0.470399
-0.0625213
-0.730721
-0.0424948
-0.449056
-1.6396
1.61795
-2.36386
2.08784
0.552502
-0.341747
-1.23053
0.7533
0.691648
0.0456495
-0.167957
-0.613813
-0.952445
1.03406
0.416949
1.75747
-0.922322
0.523059
0.844121
-0.448586
0.744574
1.65916
-0.897303
-0.608139
0.981711
0.199696
-0.926319
-0.890455
-1.89959
0.666592
-0.0521092
-0.384394
0.32001
0.196807
0.472962
-1.7726
-0.175586
-0.621817
0.0510613
-0.500425
-1.04212
1.80195
-0.411708
-1.02298
-0.043691
1.29361
-0.925122
-0.112653
-0.754792
0.079385
1.29319
-0.35921
0.0999331
0.35523
-1.14134
-1.02112
-0.525952
-1.47087
-1.9622
0.266551
-0.570354
-0.359075
0.516179
-0.619651
-0.0924624
-1.12916
-0.822398
0.490047
-1.92009
0.360868
-0.0767867
-0.458496
-1.23033
-0.432375
0.235313
-1.7467
-0.947665
-0.187421
0.908709
0.33792
-1.10416
-0.0271495
-0.0725739
1.16287
0.43554
1.01582
-0.00951672
0.621745
0.253019
-0.660079
-0.190951
-1.79976
-0.834311
-0.646316
-0.179245
-0.272295
-0.136195
0.42896
1.54674
-1.19244
-0.425762
0.359127
-0.491506
-0.476122
-0.63985
-1.4378
-1.13674
1.99325
0.760239
0.837004
-0.0634902
0.387861
0.187109
-0.51991
-0.613409
1.50147
0.84845
-0.818798
0.622439
0.848508
0.555928
-0.18818
0.394953
-0.228724
1.25085
-0.0317354
-0.85043
-0.221143
0.562289
0.358515
0.38974
0.81697
1.83931
0.627609
0.0758429
-0.54346
-1.00698
1.02671
-0.51798
1.53094
0.887764
-1.18213
-0.650768
0.96779
0.45949
0.0380474
0.634328
1.4435
0.795431
0.589266
-1.65821
-0.0784112
-1.45529
0.924106
-0.518511
1.38752
0.0725123
0.131165
-0.598577
0.272233
-2.13409
0.517992
0.0867659
0.267054
0.00771409
-0.553248
0.911352
1.03909
1.02069
-0.124197
-0.37331
2.36185
0.431723
0.0669349
-1.60766
0.123448
-0.335106
-1.75708
0.247051
0.0867673
1.35192
0.780094
-0.406374
0.91209
2.12954
1.46963
-0.445747
0.325653
-0.138355
-0.330702
-0.464288
-0.821215
-1.98188
-0.246111
-0.519416
1.01635
0.276241
1.95264
-1.87789
0.195998
1.03539
-1.76981
-0.883952
0.293553
-1.121
-0.195285
-0.5746
1.74228
0.358731
1.3925
-0.0746747
-1.11271
0.470396
0.862047
0.93943
-0.657811
-0.469008
-0.171424
1.6491
-0.338262
0.791467
-0.325432
0.879914
0.924253
-0.0725382
0.352061
0.697663
0.146557
1.52789
-1.57351
1.59819
1.10164
-1.44153
-1.52808
-1.81344
1.284
-0.256309
0.131796
-0.019783
0.371261
-3.01343
0.177936
0.0207098
-0.770429
-1.73535
0.749939
0.549708
0.105801
-0.430715
0.525596
1.5638
-0.344309
0.0469203
-1.44978
2.53601
0.189223
0.861931
0.702627
0.988135
0.449555
0.608348
0.227518
0.480972
0.671277
1.48301
0.0382967
-0.552843
0.562268
0.364505
0.499222
0.250488
0.668855
-0.111236
-2.37852
-0.539828
-1.22305
-0.0937189
-0.468728
-0.122022
0.433478
0.0402352
-1.09947
0.206863
0.104338
-1.58428
-0.256378
-0.429933
-0.383374
0.0730759
-0.596971
0.0395319
-0.181518
-0.531401
1.04323
2.0689
0.867909
0.88812
-0.871647
0.148921
0.836297
0.987599
0.686241
1.98381
0.991293
-3.0648
1.81557
-1.46108
-0.909142
0.0751247
1.54325
0.873007
-1.20706
0.562408
0.256079
-0.0840071
-0.436073
0.968265
-1.0823
1.22629
-1.77019
0.0895005
-0.946748
-0.477986
-0.249405
-1.47808
-0.338133
2.11247
-0.797869
-1.16343
0.75816
1.09052
-0.831137
1.5422
0.785282
1.13919
0.725034
0.78143
-0.532138
1.02928
0.835467
-1.4498
0.827427
-0.480304
1.78776
-0.651785
-1.73556
1.39928
0.363972
-0.0368847
0.495972
-2.02232
1.61625
-0.418855
-0.655681
-1.43795
0.2304
0.0140361
-0.418568
1.25436
0.283832
-1.2734
1.68015
-1.54485
-0.347093
-0.446312
0.149246
1.23375
-0.221859
-1.30444
0.171095
0.386942
-3.48446
-0.617799
-1.90447
-0.786582
0.0912424
0.348244
-0.504771
-2.25103
-1.64828
1.14847
-1.56489
-1.14362
0.92527
-0.0206626
2.48083
-1.78662
0.27918
1.55304
0.0636889
-0.2068
-1.13128
0.449394
0.340028
0.661764
-0.737798
0.0587373
-1.13856
-1.55947
-1.28458
0.127036
1.9843
-0.214827
0.0105082
0.626277
-0.483188
-0.127343
-0.802449
-0.266713
-1.43265
0.607388
0.974874
-1.01806
-0.487441
-0.812938
-2.43952
-1.93017
-1.36805
-0.521119
-0.89101
-1.21885
0.0297458
-1.74299
-0.655018
-0.507945
-0.404098
1.55219
0.878293
0.227437
0.931054
-0.30803
0.404987
-0.250232
0.393277
-0.927797
0.848298
-0.912007
-1.84767
-0.955534
0.556705
-0.197437
-1.03069
-0.813224
-1.61974
0.0946975
0.127498
-0.625737
0.585975
1.39743
-0.495592
-0.730308
1.56854
-0.444798
-0.361726
-0.32313
1.26464
0.614629
1.50399
0.663849
0.235502
-0.543263
-2.13701
0.691482
-0.928721
-1.30795
0.150345
-1.59723
-1.6179
1.20503
-1.22684
0.49699
-0.933931
-1.48336
-0.452789
-0.356584
-0.345505
-0.567962
-1.38069
0.538587
-0.606923
-0.496893
-0.152023
0.966002
1.29612
0.487492
0.761992
-0.801449
0.0622261
0.318443
-0.528981
-0.190271
0.605531
-0.792811
1.63687
2.26091
-0.540094
0.249368
-0.843863
0.77199
0.94595
-0.185457
0.240601
-2.32147
0.517691
0.540736
0.869641
-0.373418
-0.29178
0.89582
0.208182
0.796236
1.08324
-1.04293
-0.322079
1.66489
-1.08752
-0.984266
0.0533587
2.48367
-0.78759
0.248591
-0.107921
-1.27351
2.37777
-1.45797
0.792583
-1.38541
1.99216
0.942805
-0.130695
-0.322354
-1.47411
0.931835
-1.3186
0.818143
0.603479
-0.433425
-0.600591
1.06897
-0.479741
0.102736
0.717249
0.0236795
-1.85172
0.337937
-0.307175
-1.34107
-0.0674776
-0.908742
-0.727458
0.189165
0.0921832
-0.493492
-0.210813
1.25774
-2.21201
-0.909361
0.387095
0.158246
0.765545
-1.59422
0.394049
1.93961
0.0859677
-0.0717402
1.10337
-1.08039
0.831724
0.726893
-2.03134
-0.857155
1.50955
-0.451933
1.24142
-0.0742474
0.364202
-1.41737
1.66573
1.51853
0.582607
0.567664
0.555075
0.761097
-0.795108
0.634273
1.43073
0.317425
-1.18428
-0.712033
-0.118179
-2.0016
0.31181
0.285876
1.88417
1.19938
1.15016
-1.689
-0.822816
-2.29772
-1.90419
0.853431
1.20966
-0.0671962
2.11209
0.65524
-0.618485
0.232442
-0.719418
-0.437258
-1.29549
-0.379424
0.699095
-0.761051
0.323556
0.503778
-0.206976
-0.111194
1.01477
-0.735227
1.18872
-0.311475
0.186682
0.104571
-1.0766
0.59164
1.04734
0.636386
0.561764
1.09562
0.345908
-1.5553
-1.70661
-1.3435
1.16936
-0.785755
0.0680829
1.4054
0.260447
-0.234306
-1.7487
2.26485
0.429919
1.3153
0.0711905
-1.05479
2.38136
-0.0237132
1.17268
-0.64093
0.681508
1.16808
-0.54815
-1.55836
0.363368
0.864527
-1.85212
-1.09539
-0.390211
-1.46834
1.32138
1.33702
-0.461338
0.482202
-1.02769
-0.0850059
-1.4681
-0.56393
0.146286
0.733138
-0.847856
0.542674
-1.35377
-1.15604
1.11052
-1.69593
0.591762
0.234814
1.61166
-0.376284
-0.0212606
0.0708306
0.251924
0.481091
0.894498
-2.33276
1.26515
-0.805548
0.0429655
-0.148244
0.811212
0.48748
-0.394912
0.162779
0.906545
-1.32552
0.29834
0.627854
0.222109
0.826451
-0.127858
-0.844401
-1.16615
0.425335
-0.365494
0.951359
-1.71982
0.0194163
-1.06952
1.06962
0.340072
-0.320185
0.23427
0.412524
0.0642589
1.39161
-0.606129
-0.629146
0.321975
-0.863566
-0.309599
0.841784
-1.24392
-0.880445
-0.31436
0.249391
-0.407739
-0.322573
0.0490305
0.657943
-2.30026
-1.85339
0.316924
1.02099
1.02707
-1.00143
0.841723
-2.66563
1.22639
-1.10648
2.34245
0.542153
0.417069
0.718697
0.325022
-0.565368
1.56566
-0.339363
0.659454
-0.443462
2.32454
0.196297
-1.19508
0.113568
0.205903
0.607065
-0.53929
0.15913
1.26497
0.922129
0.785194
1.65536
0.271657
1.17507
0.596277
-1.54208
0.30591
-1.66773
-0.290613
1.27243
-0.640672
0.143454
1.02055
-2.03088
-0.391268
-0.148654
-0.455206
1.39277
1.28965
0.474994
-0.0994474
-2.02661
1.69774
0.314231
1.45942
-0.282591
1.67668
-0.0809241
-0.0892589
0.324192
0.880123
0.716155
1.21789
0.518528
-0.658627
-1.37137
1.20706
-0.388659
-1.40552
-1.56045
-0.631853
-1.82846
0.191292
1.30671
0.634009
-0.221172
-0.181811
2.28491
-0.496119
0.427753
0.761343
-0.641709
-1.08578
-0.618224
-0.637326
-0.0812758
0.896588
0.0516022
-1.75827
2.39687
-1.19117
-2.29795
-0.318337
0.913236
2.23278
0.0849291
-1.78369
0.778049
-0.151256
1.69829
-0.0497879
0.842623
0.857209
1.04971
-0.0828558
-0.552594
1.34822
-0.77691
-0.901736
-0.534941
0.410403
0.130772
0.660269
-0.466206
-2.35492
-1.01334
0.146266
0.270979
-0.371703
-0.82481
1.64526
-1.07002
0.765825
-0.665662
-0.317408
0.436954
1.86744
0.582359
0.222822
-0.180136
0.418587
-1.4583
0.69687
-0.296876
0.133716
0.909479
1.88799
-0.309038
0.259585
-0.72626
1.02702
0.638922
-1.55889
1.02247
-0.94357
-0.769165
0.893709
0.43883
0.156853
-1.27488
-0.716804
0.09174
-0.0523923
1.48419
1.25057
0.430249
-0.213138
-0.716599
0.411572
0.380703
0.361021
-1.79494
1.52737
-0.392751
-1.49092
0.347835
-0.939686
0.220393
0.696453
-0.764526
-0.61856
-0.191537
0.397029
0.721398
-0.626822
-0.217484
-1.60192
0.492337
0.0943591
-1.59091
-0.769682
-0.345457
1.3517
-0.923362
-0.211315
-0.840095
1.54333
-0.636571
-1.91859
-1.16096
-0.328988
1.7577
0.883264
0.246397
-1.07661
-1.19223
2.75787
-1.85981
-1.28819
0.748804
-1.35468
0.158739
-0.266848
-0.325396
-0.668083
-1.32293
-0.453883
2.05102
-0.633099
0.670819
0.57578
-0.722837
-1.79536
1.19147
0.407218
-0.229141
-0.657481
2.26978
-0.224087
-0.919703
-0.566307
0.201075
0.557744
-0.814399
-0.849923
1.60264
-1.46734
-0.144121
-0.217525
-0.223146
0.116758
-0.983919
1.5746
-0.282065
1.36932
-0.827205
-0.859875
-1.85322
-0.633647
1.45657
-0.845869
0.205851
-0.896551
0.94325
-0.763555
-0.580369
-0.224898
-1.558
-0.532917
-0.84757
0.971847
0.321293
-0.398667
-1.96662
0.111291
-0.551499
-0.0977036
-0.416461
1.82996
-0.150411
-0.994921
-0.369492
-0.35536
-1.02008
-0.724159
1.53455
-0.545573
-0.186478
1.66613
-1.03297
0.266197
0.787239
0.053057
1.66512
0.50787
-1.19284
-0.674869
-1.64609
-1.4277
0.785254
0.43727
-3.19722
0.399429
-0.266922
-0.0585583
1.13308
1.56689
-0.160397
0.171262
-0.887709
-0.570727
-0.521229
-0.324912
-0.149905
0.630056
-0.834313
0.296368
1.33281
-0.222782
1.04171
-1.11419
-0.7502
0.011107
-1.11526
0.781379
0.826907
0.243649
-2.40543
-0.655931
-1.1248
0.33164
-1.95646
-1.70278
0.0434852
-1.3596
-0.151953
-0.0680062
-0.0377939
-0.604077
0.376557
0.512168
0.368377
-1.31061
-0.0202373
-0.679659
1.79003
-1.35829
-0.743561
0.209559
-1.31504
0.746922
0.579132
-1.13189
0.357314
0.575939
0.596394
-0.977829
0.330801
-1.03884
0.341778
-0.918412
0.475544
0.205879
-0.580407
0.613389
-2.49236
-0.929242
-0.903333
-1.38866
0.340856
0.919322
-1.81612
-1.22176
-0.176708
-0.644147
1.76066
-1.86337
-1.00104
-0.875639
1.1476
0.232268
-0.747481
1.92626
-0.168599
-0.394606
0.299238
-0.87001
-1.5506
0.0982416
0.607139
-1.58557
0.934159
-0.222091
-0.936533
1.00539
-0.960621
-0.928776
-0.358061
0.463571
-1.74911
-0.375775
-0.587888
1.54506
-0.164583
1.92882
0.920302
-0.727897
-0.676351
0.834348
-0.512589
-0.465617
1.31027
-1.33951
-1.14293
-0.728478
0.0370327
2.49471
-1.04722
1.33711
-0.53879
-0.504756
-1.54718
0.779595
0.568996
-1.48288
0.995632
-0.466464
-0.152356
1.48911
0.592314
-0.171516
0.567809
0.639781
-1.16259
-0.763836
0.646757
-1.38794
-1.18989
-0.959597
-2.25593
-0.406104
-0.931152
0.726441
0.544194
-0.47978
-2.81713
0.694323
-1.18549
-0.0995611
-0.845606
0.513576
0.410523
0.749815
-0.575242
-1.18998
0.777719
-0.359445
-0.965895
-0.157746
1.74966
1.62539
0.929083
-0.287001
1.75937
-0.770139
-0.829244
0.782999
0.148356
0.376159
0.051333
-2.32321
-1.15592
-0.714243
0.18804
0.0847144
0.251733
0.922028
1.9197
-0.0702698
-0.52362
0.535032
1.74242
0.0969565
-1.11078
1.60323
-1.09472
0.242586
0.126589
0.570075
1.53075
1.17535
-1.02143
0.272269
1.75335
0.233216
0.193185
-1.37632
-0.422163
-0.0316985
-0.361612
-0.433979
-0.227223
-0.968279
1.00063
-1.32547
0.108008
-0.163068
-0.141008
-0.0307878
0.47168
-0.460413
-1.55004
2.38221
-0.28411
1.24303
-0.0897087
2.06057
0.431844
1.46497
0.372493
0.412754
-1.16132
-1.20979
1.27894
1.26763
-0.882843
-1.80367
-0.439558
0.993405
1.04602
0.517156
-0.05901
0.569476
-0.217717
-0.842217
-0.685285
1.40085
0.54285
-0.909173
-1.27311
-0.983846
0.375486
1.21833
0.955882
-0.520814
-0.631654
0.282304
1.50034
-0.654223
1.67758
0.436193
-0.51202
1.53015
-1.50827
0.721958
-0.58537
0.350375
-0.861152
0.0908346
1.79594
-0.855103
0.0853032
0.0320834
-0.0985997
-1.33564
0.891374
0.752793
1.26701
2.33318
1.3359
-2.41515
1.66633
-1.18573
0.544114
0.879386
-0.77348
-1.53889
0.221065
-1.18965
0.948498
0.245548
1.49121
2.29298
0.924596
0.465821
0.0668393
-0.254339
0.779882
-0.664622
-0.465896
-1.07443
1.24415
0.593632
-1.17648
0.777923
-0.0725699
0.336834
0.952702
-0.934021
-0.788236
1.62357
-1.16404
-0.896577
0.131439
2.1652
-0.0581062
2.5708
-0.274273
0.62574
-0.0902146
-0.993603
0.93571
0.179509
-1.78005
0.179518
0.178605
0.927004
1.07634
2.34899
-0.577419
-0.513968
-1.30798
0.913438
-2.09623
1.26352
-1.11619
-1.36352
-1.33121
0.306576
-0.273588
-0.736233
-0.542657
-1.37615
-0.399421
-1.16903
-0.57949
-0.232761
-0.54716
0.801852
0.873597
-0.19287
-1.24223
0.731834
0.551496
0.779799
0.852685
-1.15507
1.47074
0.391138
1.22511
-0.31938
-1.12945
1.1891
0.947746
0.397282
0.210983
0.61096
0.474522
-1.22955
0.467007
-0.548049
0.8478
0.261657
-0.830868
-0.853498
1.7167
1.0364
-0.177151
-0.0581067
0.89499
-0.201524
-0.20031
-0.169926
-1.107
0.126384
-0.519801
-0.152807
0.331647
-0.712327
1.19312
-0.199203
0.945053
-0.155636
-0.177643
0.0625483
-0.600686
-1.00458
-2.11365
-0.763814
-1.48318
0.767507
1.79959
0.489603
-0.693256
0.396398
-0.775217
-0.995411
-0.0054605
2.16714
-0.0449387
-0.875625
0.146197
1.1646
0.0111871
0.464018
-0.340469
0.708155
-0.258475
1.8457
0.346398
0.935413
0.826926
-0.950591
1.61122
-0.883933
0.132032
-0.447033
-0.127708
-0.477507
0.814587
0.305495
-1.77598
-0.690311
0.697919
-0.390266
0.0596257
-0.922804
-0.88884
-0.470552
-0.847755
0.278233
-0.87901
-1.01667
0.48589
-0.177655
-0.746119
-1.45781
-0.31583
-1.31865
-1.6123
-1.21973
0.234374
1.80495
-0.0605682
0.264238
1.49784
-1.07667
0.692333
-1.66752
-2.1318
-1.63613
0.594265
0.0375327
-0.36775
-0.137809
1.15714
-1.61542
-0.00672823
-0.841719
-0.494481
1.13764
-0.317753
0.93396
0.930193
1.54962
1.46644
0.438433
1.50114
-0.0742339
0.781271
0.749393
-0.0172783
-2.03696
-2.2207
-0.368188
-1.25401
0.206476
1.31874
0.112172
1.32257
0.852974
-1.99107
0.782932
-0.58008
0.928025
0.0271648
0.562253
-0.578543
-0.82785
0.904406
0.0189339
-0.381108
-0.950639
-0.750377
0.264868
-0.545443
0.00729162
-0.675426
0.512384
-1.93748
-0.206456
-1.60428
-0.651262
0.202473
-0.461681
1.62151
0.219382
-1.03768
0.0482016
0.434833
-0.372913
-0.334088
0.528128
0.206073
-0.515814
0.833901
0.613968
1.00605
1.53672
0.156799
-1.09977
-0.236111
-2.00597
-1.23334
2.43606
-0.0727814
-0.816255
0.808905
0.432714
-0.672298
-0.489178
-0.296737
0.481649
-1.24259
1.94573
-1.47548
0.59922
1.1534
-0.100946
0.835527
0.495178
-0.0835468
-0.790992
-0.94979
1.24249
0.874966
-0.161908
0.0262213
0.66135
-0.638234
0.9945
0.67293
-2.19912
-1.47107
-0.115693
-0.578411
1.28496
0.957801
1.02795
-1.17034
-0.873416
-0.650013
-0.340452
0.123253
0.0766737
0.186836
0.643997
-0.536436
-1.61837
-0.55374
0.575194
-0.695918
0.301279
-0.0401976
-1.72711
0.407934
-0.583235
-0.30233
-0.922897
0.297012
0.00169152
0.0924792
0.461964
0.249175
-0.916869
0.609975
0.444257
0.140223
-0.955919
0.429781
0.270877
1.36526
0.00397825
-0.494135
-0.365614
-1.17924
-0.633303
-0.741901
1.00363
0.100978
0.794209
-1.5151
-0.785911
-0.957843
-1.62735
0.662539
2.36118
-0.742513
-0.637738
-0.187572
0.529562
0.917237
-1.11933
-0.154222
0.984423
-0.427882
-0.438214
0.268824
-0.0291556
-1.20411
-2.2462
1.11278
-0.479762
-0.767664
-0.587819
-1.67361
-0.893885
0.511279
-2.88372
-0.793077
1.64429
0.968862
-0.475739
-0.153771
-0.851622
1.17076
-1.62636
-0.623665
0.805798
-2.84102
1.90839
-0.731709
1.86505
-0.443516
-0.03206
-0.422249
1.4844
-1.38595
0.286368
1.11408
-0.873234
1.57141
-0.629315
0.0704392
0.332744
-0.240942
0.254234
-0.7536
-0.315787
-0.166318
-0.823641
2.25018
-2.22686
0.455394
1.24666
0.437906
0.553595
1.7898
1.42283
-0.148435
-0.713691
1.58256
-0.291736
-0.405889
-0.294253
0.806092
0.115298
1.36011
-0.0924319
1.8228
0.37121
-0.372923
1.64899
-1.074
1.18699
1.08527
0.352506
-0.551996
-0.189626
-1.11123
0.358995
0.738689
0.248027
-0.864927
-0.244654
-1.13137
0.201375
0.875022
0.397336
-0.183019
-1.52714
-0.322885
0.124797
-1.49875
1.09603
0.873416
0.431627
-0.411964
-1.7458
-0.453366
0.290053
1.78794
0.0929499
-0.297835
0.465969
0.348598
0.044315
1.1392
-0.370136
-2.31933
0.619419
-1.25861
-1.9122
1.5535
0.664572
-0.901197
1.59408
0.278242
0.74209
-0.678009
0.167166
0.387506
-0.699546
-1.1081
-0.941939
1.28222
1.33079
-1.02054
1.00618
-0.550981
-1.0132
0.22008
-0.359994
-0.43034
0.323964
0.289561
1.38035
-0.500402
-0.338936
-1.10512
-0.0912105
-0.927737
-1.16755
-0.571011
2.0394
0.141558
-0.287597
0.706228
-0.542629
0.436246
-1.27589
1.19839
-1.63123
0.291358
-1.04603
-0.936953
2.15973
-0.140671
1.20512
1.17965
0.33917
1.0052
-1.37318
-0.417437
0.303508
-1.38112
0.528565
1.79473
0.558793
0.796958
-0.831052
-0.642022
-0.474855
0.912597
1.61796
1.21927
0.13442
0.581239
0.140467
0.968711
1.35577
0.650723
1.00411
-2.57006
0.290167
0.569196
-0.32334
0.573084
-0.490261
-0.34815
1.05664
0.153942
0.0267636
-1.09704
0.331416
1.58593
-0.541248
-0.183338
-0.64223
0.373221
-1.36372
-0.630337
-1.1566
0.583011
-1.15738
2.13563
-0.674288
-1.6138
-0.468871
-0.211789
0.200549
1.83539
0.953475
0.723562
-2.63289
2.42975
-0.307956
0.220484
0.263809
0.472497
0.19221
0.672793
3.13714
1.3454
-1.03836
0.743927
-2.29707
0.453861
1.83487
-0.145588
0.921039
1.14958
0.121156
-0.544255
0.782626
-0.171714
0.742259
-0.959853
2.02451
-1.15027
0.631429
-2.35372
0.0514124
0.248533
0.147784
0.479752
0.397353
0.774997
-0.242172
1.16708
-0.790742
-0.702418
-1.01302
0.931742
0.482018
-0.942793
-0.895679
-0.386659
-1.15341
-0.00288761
-0.0835831
-0.324099
-0.248061
-0.69444
-1.2625
-0.575642
-0.164821
0.971646
0.532001
0.992828
1.38816
-0.925289
-1.17914
-1.63228
2.01153
0.137808
0.658637
0.107408
-1.35031
0.721603
2.00925
-0.442212
0.785386
0.507219
0.555184
-1.0982
-0.259073
0.182374
-2.16118
-1.37663
0.717424
-0.701376
1.5986
-0.964245
-0.487875
-0.16202
0.39391
0.473328
0.107635
-1.68343
-1.04089
0.473574
0.678567
0.64885
-1.01131
-0.0234329
0.0870185
-0.48149
0.678676
0.11987
-0.109932
-0.0041737
-0.878195
-0.833085
1.2322
1.20401
0.000836492
-0.294041
0.465072
-0.721666
0.29232
-0.038527
-0.952556
2.52028
1.16428
-1.5587
0.748438
-0.00770956
-0.106487
-0.0737631
0.774415
1.03611
-1.40947
-1.90815
0.96586
-0.16674
-0.461547
0.0401375
-0.998041
0.750047
-0.414669
-0.0739511
0.571714
0.311404
0.779642
0.745128
-0.484342
-0.680597
-0.678154
1.02126
0.290583
-0.688762
-2.45917
-0.782031
-0.409809
1.56186
0.143688
-2.13941
-0.840655
-0.395079
0.232663
2.3729
0.646476
-1.30335
1.08155
-0.359067
1.16861
0.582226
-0.688941
0.78935
-1.54902
2.11602
-1.92184
-0.707668
-0.698261
-0.869873
0.0985256
-0.843531
-0.293896
1.82787
0.964874
-1.84615
0.865583
1.4021
-2.77549
-0.561951
-0.285902
-1.37115
1.98611
-0.45183
1.94528
0.304831
-0.604258
1.44612
-1.08703
-0.120827
0.81373
-0.276671
-0.0761208
1.32626
-0.914436
-0.99153
1.52546
0.615785
2.25694
-0.129075
1.37785
2.54013
-0.516042
-1.21342
-0.629001
0.508294
0.423805
-0.882686
0.0493492
-1.09487
-1.25199
0.499532
0.667013
0.289844
-0.0562117
0.867661
-1.1655
-0.511377
0.86724
-0.0190853
-0.523917
0.439099
-0.908303
0.894372
-0.463191
0.649921
-1.40729
1.24784
-0.697422
-0.736789
1.74498
0.836091
0.723347
-0.113745
0.396021
-0.0177878
-1.02147
0.318833
0.152101
-0.162466
0.503506
2.08519
0.455632
-0.0852994
-0.295895
0.63628
0.173368
0.852013
-0.288136
-1.0531
0.166073
-0.953834
-1.40638
-0.0945761
0.627984
0.80472
-0.415132
0.400933
1.03979
0.877111
-0.698584
0.716391
-0.454604
-1.91643
0.992001
0.66454
-1.10339
1.57175
1.27515
0.10556
-1.77286
-1.06067
-0.0104868
0.352884
-0.770614
-0.568538
1.9872
-0.44524
-0.39427
0.419986
1.2648
0.908952
-0.847439
0.649344
-0.107872
0.472784
0.11509
1.95372
0.0370843
-0.113212
-0.665175
0.385399
-0.26946
1.27534
-0.216359
2.15971
1.13035
-1.37961
-0.469105
-0.0578484
1.03904
-0.833254
-0.196322
-1.32167
0.623922
0.929821
0.285824
0.682644
1.9216
-0.962118
0.380739
0.255912
-0.740416
1.79028
-0.092374
0.624257
1.35842
0.030095
1.76075
-2.33169
0.551275
0.296224
0.642391
0.480765
-0.366692
-1.26455
-0.976196
-0.790533
0.651019
1.11588
0.979085
-1.97006
-0.907439
-1.04647
-2.48186
-1.10298
-0.980482
-1.03601
0.736662
1.62192
-0.837499
0.801548
0.838551
-0.323604
1.35108
-1.67225
-0.216948
-0.42968
0.603635
-0.377773
-0.551169
-0.735536
0.311941
-1.14409
-0.446849
-0.918713
0.53611
-0.473321
-1.16396
0.991211
-1.41474
0.0835202
0.801652
-0.089022
0.472252
-2.14695
0.871443
-0.856244
0.969771
-0.220316
0.316297
-0.21745
-0.82736
-0.548357
-0.948031
0.331996
-2.06473
-1.36588
0.0131447
1.23467
0.469725
0.275811
-0.0880926
-0.234855
-0.0327453
-0.503878
-0.579281
-0.132417
0.0312881
-0.176029
0.622044
0.616005
0.118936
1.16637
0.0535024
-0.213973
0.758688
0.106716
-0.418716
-0.974957
-0.335446
-0.404812
-0.412805
-0.302354
1.31134
1.46068
0.597914
-0.0183083
0.168798
-0.831482
0.324333
0.945891
-1.48387
-1.12258
0.0460932
-0.899873
0.583949
-1.68727
0.536483
-0.255621
-1.07121
1.89208
1.93806
0.228433
-0.910354
0.520379
-0.453315
-0.432552
0.941909
-0.714672
-1.11815
1.39827
-0.919313
-1.44565
0.287045
-0.68591
-2.0229
-0.041941
-0.36351
-1.51145
0.398601
-0.426384
-0.155756
0.285411
1.74091
0.0371341
0.128871
0.633965
0.0276286
0.613525
-0.533853
-0.0434883
-1.45978
0.215921
0.799521
0.00887501
-0.955624
-0.697128
-0.447307
1.06668
2.16052
0.896869
0.288515
-0.137323
0.718853
1.12679
0.642219
0.178995
0.132022
0.672883
0.231827
-0.14712
0.606115
0.385458
-0.310347
0.386133
-0.0128099
-1.34679
0.548154
0.695591
0.862968
0.759839
0.855854
-0.694939
0.256382
1.30123
-0.7259
-0.351527
-1.25379
-0.0607074
1.14794
-0.26912
0.443748
0.992276
0.152383
-0.148747
-0.0135875
-1.332
0.0897135
-0.246757
0.429488
-1.37237
-2.21804
-0.357594
1.13489
-0.44071
-1.18258
0.419235
0.49185
-0.0231809
1.87388
1.37028
-0.707749
-0.706207
0.925135
-1.52425
-0.87473
0.862203
-1.43494
0.547146
0.204839
-0.755086
2.04467
-0.853653
-0.358658
0.229109
0.855265
0.025483
-0.644334
0.908086
-0.384986
0.8992
0.968126
0.718046
0.0542209
-0.946984
-1.90606
-0.237639
-1.21253
-0.601826
1.08464
-0.538763
-0.225832
-0.483758
-0.714525
0.0269117
-0.41764
0.605782
1.60382
0.458717
1.60483
-0.245342
0.734814
2.01035
1.11595
-1.02448
0.193528
1.84991
-1.08678
-1.41268
-0.86698
0.148531
-0.551371
0.951877
-1.75588
-0.661388
-1.34435
-0.86818
1.01433
-0.941073
-2.46425
-1.26137
-0.293048
0.188891
-0.959921
0.0434073
0.2008
-0.545386
-0.139867
0.776616
-1.21717
-0.317219
0.375147
1.08929
0.11596
-1.86081
-0.700413
-0.236585
-0.363371
-2.3324
-2.3387
-0.628985
1.34306
-2.63241
-0.101854
-1.52529
-1.08169
0.256769
-1.87984
-0.868118
1.127
-1.32663
0.223322
2.64011
-0.484403
-0.00135428
-0.491223
1.4098
-0.58175
1.57448
-0.560604
0.483464
0.517312
-0.223489
-1.62391
2.4422
1.61055
0.733937
0.206746
-0.576979
-1.69783
-0.0214542
-0.146567
0.76158
-0.900029
1.25388
0.63683
-0.26217
0.478174
1.25886
-0.474764
0.889623
0.858183
-0.243908
0.713412
0.463497
0.852727
0.955015
-1.05083
1.04957
0.453767
-1.81894
1.01609
-1.3947
1.2051
-0.876993
1.24967
0.286046
-1.28617
-0.674391
1.02958
0.382659
1.16768
0.556172
1.27508
0.583162
-0.21107
-0.16504
1.95008
0.293174
-0.039862
0.99267
0.466798
-0.529092
-0.667667
1.16584
-0.528144
1.48366
0.231014
-0.428289
-0.247312
-2.31273
-0.0542044
0.239856
0.0757714
-0.527797
-1.00662
-1.47396
-0.94817
0.156652
1.46963
0.06764
-0.575316
-0.205722
-0.58182
-2.41463
-0.0537236
0.994312
-1.45758
0.58202
-1.44946
2.1368
0.36289
0.162289
-0.274166
0.922303
0.415909
-0.884492
3.83001
-1.13883
-0.247094
-0.663522
-1.36807
2.15673
-0.383349
-0.359325
0.743403
-1.09752
-0.6352
-0.498616
-0.0145968
0.246563
-1.51614
0.378163
0.8799
0.0997477
-0.204516
0.201585
0.781352
0.56781
0.563403
0.64629
-0.265587
0.688672
0.776028
0.993052
0.813814
-0.855553
0.929905
-0.250743
-0.255363
-1.10531
-1.91736
-1.05128
1.43121
0.937747
0.523265
-0.0948745
1.04476
2.79941
-1.44535
0.735613
0.314856
-0.458077
-0.473891
-0.74207
-1.0524
0.44191
0.644908
0.355464
-0.373681
-0.552422
0.382406
-1.8103
0.0523403
1.69168
-0.657919
-0.41189
0.921334
-0.408294
-0.417949
-0.731788
-0.253042
0.159767
-1.56695
1.41122
-0.766297
-0.751683
-0.029829
-0.619621
0.580461
-0.905293
-0.741907
1.65793
1.08
-0.780343
1.63342
0.522536
1.89396
1.67047
0.588762
-0.347365
-0.730169
1.26558
0.580738
2.37856
-0.0980197
0.594057
0.619544
-0.298889
0.421101
1.72474
-1.50243
-1.48666
-1.21961
-0.668733
-0.964751
-0.720301
1.63225
0.211724
-0.986576
-0.407981
1.88537
-1.26281
-1.63446
1.52131
0.495773
0.78453
1.89326
1.14377
-0.184532
0.844683
-0.240662
-0.394637
0.280261
0.470403
0.884113
-0.571868
-0.187729
-0.172107
0.111633
1.31383
0.809994
1.4525
-0.327363
0.458203
-1.72372
-0.670283
0.501693
-1.19638
-1.29874
-0.593237
-0.842852
0.745344
1.30824
0.81575
-1.17682
0.824641
-0.795109
-1.73696
0.472872
-0.699584
-1.65293
0.0473407
-0.56836
-2.91909
0.930064
-0.627205
0.295402
-0.281591
0.809123
0.35269
0.98186
-1.07451
1.58632
-0.0552567
-1.08342
0.0342937
1.56382
0.285059
1.76131
-0.152632
-0.490153
0.370754
2.58614
-0.747152
0.968301
0.244085
-0.221649
0.896862
-0.189831
0.724
0.0446225
-0.0774382
1.12428
-0.233383
-0.342895
0.316207
0.642225
0.278773
-0.382903
-0.735638
1.21245
-0.90152
-0.949566
-1.32448
0.676713
2.78209
0.16885
0.0113062
-0.026303
0.563289
-0.457973
0.841695
0.477076
-0.894712
-0.284019
-1.01949
1.82345
-0.0899269
-1.64507
0.241701
-2.23208
0.288249
-0.620784
1.1497
-0.569216
-2.07636
-2.1389
-1.05318
0.206954
-1.1175
0.490825
0.670348
-1.30152
-0.14064
0.512997
1.05139
0.241372
0.168377
-0.466913
-1.27457
-0.607115
-2.86892
0.126866
-0.469095
0.913101
-0.0477808
1.1429
0.148372
0.760214
-0.0246733
0.750404
2.45564
0.288544
0.227507
1.36503
-0.396607
0.892173
1.70821
1.86097
-0.342405
-1.02072
-0.796791
1.88281
-0.449063
-1.6628
0.164635
1.8146
-0.28813
-0.529355
-1.01163
-1.99654
-2.25367
-0.184909
0.251939
1.92026
0.591927
0.441543
2.57533
-0.783039
0.0800843
-0.0404866
0.847923
-0.348973
0.100608
-0.287271
0.508235
0.0973403
0.338783
0.416178
0.233784
0.257551
-0.380165
2.2388
-1.16048
-0.215191
-0.569832
-0.530603
0.234171
-0.668977
-1.41649
2.00087
-0.466699
-0.921157
0.809857
0.493784
1.15916
0.503908
0.808199
0.164253
-1.03147
-0.49873
1.89568
-0.722325
0.314285
0.30288
0.893424
0.229935
-0.419443
-0.816507
0.0311564
-0.901076
1.75129
0.269891
0.248014
-0.242117
-1.53988
0.276815
0.334254
-0.485237
0.518166
0.992909
-0.64652
-0.0584415
-1.96276
-0.676643
-1.42828
-0.221784
-0.505074
-1.67726
-0.161525
-0.171249
0.299965
-0.9287
0.0671789
0.634364
1.1621
-1.28983
-0.737252
-0.932042
0.669497
0.977002
-1.08204
-0.325314
-0.44583
-0.0754523
0.977983
2.3557
-0.0225761
0.0609479
1.48894
-0.170484
-0.221047
0.00695413
-0.178126
0.0663726
-0.219706
-1.27656
-1.6925
-0.119048
-0.900034
-1.44798
-0.808994
1.3686
1.28354
-0.349813
-0.884209
1.27765
1.0108
1.29989
-0.913628
0.891909
0.37671
0.391994
-0.107943
1.77561
1.12411
-0.599021
-0.579794
1.13422
-0.297189
-0.988933
0.339516
0.489722
-0.452992
0.907197
0.585771
1.8455
-0.834486
-0.846068
-1.42966
-2.35792
-0.386951
0.0879977
0.529054
1.14365
0.100977
-0.262227
0.143359
-0.282031
1.15424
1.04741
-0.0906007
-0.484656
-0.0273196
-1.83025
0.0545653
0.759609
-0.172152
2.16873
0.0226732
0.315173
-0.657722
-0.857101
1.52076
-0.963846
0.0430318
2.08274
-0.497811
0.802301
1.00863
-0.761864
0.350194
1.49306
2.00695
-0.321721
-0.294469
1.24164
0.686459
-0.769345
-0.0235768
0.582406
0.794699
0.219252
-0.157469
0.971815
-1.14985
-0.620558
1.02062
-0.943004
1.0467
0.585559
-0.721074
-0.561551
0.272104
1.43302
1.80368
-0.428714
1.25235
-1.7441
-1.11364
-0.565707
1.24283
1.00416
0.451118
0.854933
-0.0920275
-0.696243
1.18414
-0.583466
1.9208
-1.19985
-0.880573
-1.08533
-0.918885
-0.151402
0.601855
-1.028
0.361423
1.9672
0.518441
1.1827
-0.262803
0.922297
-0.665261
-1.06251
-0.709099
-0.479366
-0.182603
-0.294743
-1.32154
-1.12713
0.0814912
-0.613394
0.884008
-0.530428
-0.320676
-0.670345
0.0159613
0.563962
0.0551255
0.864696
0.0840498
-0.503925
-0.531996
-0.334726
0.73653
0.712412
1.21876
0.235678
0.618965
0.302458
1.11166
0.289294
-2.17246
-1.08055
0.283192
1.05488
-0.0484632
-1.66117
0.559133
-0.374019
-1.06735
0.575217
-1.16651
-0.54697
0.916017
-0.371009
-0.79268
-0.0279722
-1.72295
0.687896
-0.200396
-0.309436
1.8802
-0.695815
1.20451
0.128457
1.09885
1.15425
0.387469
0.321124
-0.170532
-0.249322
0.598627
0.446583
-0.579834
-0.708137
-0.358834
-0.484196
1.52972
0.91897
0.5787
-1.12762
0.917002
1.22838
0.501554
0.149902
-0.0408285
-0.477821
0.210587
-0.735202
-0.679887
1.8384
-3.59065
-0.948079
-0.718901
-0.287878
0.769348
0.985925
1.83815
1.10678
-0.171778
-1.83237
-0.53093
-0.357049
1.3771
-0.732319
-0.915637
0.447923
-0.132235
1.01131
0.254736
-3.04754
0.23924
0.424114
0.0124994
0.862448
1.6296
1.04264
0.864365
1.01779
0.744075
0.0792271
-0.633617
0.282911
-1.83912
-1.07049
1.11325
0.0374449
0.229582
0.0556735
0.32568
1.48377
-0.609702
-0.121583
-0.756738
-0.548155
-0.44215
0.00179434
0.35746
1.20503
1.19417
0.603347
0.159315
-0.967761
0.0467807
-1.18838
0.305288
0.0748045
0.342333
-0.575348
-0.668322
-0.996193
-0.272777
1.18103
0.564032
0.167077
-0.0465333
-0.113972
0.351237
0.151281
1.13704
-0.0488293
0.730808
0.249283
0.825339
-0.181577
-1.25636
0.259582
1.76596
-1.86504
1.0712
-0.8895
0.0772556
0.605616
-0.859953
0.806423
0.826278
-0.12571
0.23358
-0.928325
1.11317
-0.732366
-0.00182557
0.947503
0.203041
-2.00163
-0.909864
-0.297312
-1.4397
0.100643
-0.357705
-1.24986
-1.07993
0.485395
-0.35711
0.126198
0.624858
0.526012
2.32468
0.291788
0.87479
-0.418713
-0.0241403
-1.37553
0.207078
-1.18577
1.0559
-0.465902
0.40605
-1.11053
0.434802
-1.46301
-1.52317
0.697287
-1.30248
-0.458275
-0.583947
-0.389399
-0.52855
1.46011
1.02537
-0.226394
0.784665
-0.578218
1.91519
-0.149339
-0.898525
0.271462
1.13741
-0.250853
-0.886733
-1.16361
-0.767986
0.0758258
-0.586059
-1.05173
-0.00704777
-0.0414985
1.0384
-0.656238
-2.46523
-1.92106
-0.113462
0.298737
0.315748
0.675384
-1.02682
1.37388
-0.60132
-0.0768639
-1.20809
1.51091
-1.0134
0.666913
-0.0203657
0.730509
-1.73106
-0.566816
0.280882
-0.137864
0.973276
0.444489
-0.279312
-0.875384
1.47644
0.903421
-0.344909
0.82774
-0.474549
1.51851
1.87648
-0.807053
0.205478
-0.43081
-0.735556
-0.241181
-0.472564
0.0331361
-0.397167
-1.58802
0.938183
-0.81147
0.432181
-0.870868
-0.448478
-1.71878
0.540738
-2.24268
0.594933
1.55552
0.060755
-1.37906
-0.133731
-0.697903
-0.554059
-0.913311
1.78886
0.915768
0.833685
-0.0671893
1.37784
-0.473338
0.42734
-0.262182
-0.576169
1.12576
-1.16435
-0.555725
0.193651
-1.04963
-0.300152
-0.370785
-0.296229
0.787935
1.06921
1.93765
-0.632937
0.563893
-1.04851
0.108573
0.593206
-0.0868599
1.53941
-0.284715
0.473341
-0.0764467
0.190502
0.00957614
1.20634
0.689354
-0.00277317
-0.71567
-0.253867
0.408256
0.0699026
1.30378
1.16105
-1.70752
0.362895
0.542795
1.01614
1.38379
-0.126886
0.311034
1.07706
0.698565
-0.0853004
-0.202178
0.856309
1.29646
-1.05254
0.232356
0.347496
-1.69165
0.721132
-0.443626
0.633901
0.532615
-1.16986
1.49188
0.0917842
0.0150768
-1.15002
0.352228
0.525775
-1.43253
-0.294429
0.382235
0.748782
1.02382
0.688782
-0.312561
0.989151
-0.896942
-1.15486
1.14959
1.36525
-0.408483
0.0284431
-0.461491
0.523843
0.249534
1.46108
0.177883
-0.536022
-0.875782
-1.0702
-0.0648541
0.211146
-1.33294
0.726065
0.259374
-0.688013
-0.353076
-0.672242
-1.15444
-0.126054
0.150143
0.180137
1.49842
0.0580507
-0.942707
-0.566453
0.92244
1.64509
-0.243299
-0.38426
-0.82661
0.552474
0.872666
0.344893
1.43618
-0.194163
1.75367
0.493086
1.49396
-0.121333
-0.345475
1.39724
-0.674516
-0.790721
-0.19822
-1.38941
0.0645986
-0.244925
-0.390429
1.27007
0.934766
-0.968364
-0.380987
-0.403223
0.0611837
0.987433
0.770544
-0.291188
-0.208275
0.0736954
0.525045
0.484446
-1.39765
-0.791359
-0.260316
0.796427
0.405636
2.14674
0.113327
0.803423
-0.119661
0.0584794
0.0014444
0.384296
1.51727
-1.11572
1.04274
-1.46477
-0.14157
-1.9763
1.35763
-1.64319
-1.85184
-0.433769
1.48347
-1.23741
-0.540108
-0.130695
1.44503
0.614033
0.654303
-2.18431
1.52346
0.387492
-0.351519
0.414514
1.43958
-1.94278
-0.215571
1.70606
-0.216712
0.721127
-0.752024
-1.75193
-1.5628
0.0235509
1.20752
0.650783
0.918264
0.124474
1.16889
0.411197
-1.01064
0.400668
0.199596
0.460825
-0.109658
-0.347758
2.32527
-1.31291
0.457397
-0.738076
-0.436265
0.945911
0.624533
-1.35044
-1.4102
-0.193688
0.122377
-1.13352
2.55669
-1.07334
-0.201082
0.417458
-1.34269
-0.0905337
1.16452
0.857012
0.1321
-1.77223
2.31566
0.784188
0.462773
0.192596
-1.28843
1.67263
-0.41125
-1.69008
-0.550502
-0.824769
0.580924
0.918425
-0.806376
-0.495856
-0.0947313
1.24628
0.805518
-0.971438
-1.10341
-0.326062
2.34814
-1.72604
-0.805666
1.09264
0.17763
0.271238
-0.599938
-1.24933
1.10248
-2.26366
-0.358932
-0.718732
1.20622
0.653207
-2.83958
-0.77863
2.51727
0.851481
0.440088
1.50899
2.90504
-0.67127
1.03938
-1.61415
-1.68102
-1.40202
1.12446
-0.0694973
0.373813
-1.34458
1.5634
0.46219
1.34693
-1.39532
0.446355
0.739584
-0.657478
-1.07235
0.567439
-0.42379
0.590168
1.09479
0.552003
-0.217802
0.807727
-0.642886
-2.44824
0.0815456
-0.659501
-0.662237
1.08642
0.176222
1.41519
0.965043
0.232079
1.37972
-0.221195
0.381506
-1.23743
-1.07381
0.179022
-1.08128
0.288847
1.30033
1.63756
0.6152
-1.86341
-0.713386
-0.991914
-1.17828
-0.0928501
-1.01113
-1.00926
0.0251131
-0.138163
-1.11744
-1.28076
0.345397
-0.45993
0.145377
-0.924757
-1.01433
1.28266
0.331199
0.249283
0.119941
-0.869933
1.0848
-0.211828
-0.927121
-0.632864
1.73611
0.919752
-1.45235
0.40319
0.273234
1.04553
-1.65571
0.477367
1.23667
1.26678
-1.28503
0.899972
-0.648022
-0.0167426
0.995128
-0.614506
-1.23235
1.35296
0.190658
1.35214
0.115521
0.465445
0.594804
-0.750729
-0.446474
0.0634202
-0.25415
-0.0664492
-0.061025
-1.80608
-0.556573
0.578495
-0.948199
1.02236
-0.144975
0.363068
-0.721838
0.863457
-0.970402
-0.497632
1.39886
-0.0902135
-0.862765
2.1932
1.00706
0.113343
0.731241
1.87852
-0.0185999
1.166
0.529503
-0.585913
-0.920448
-0.472998
-0.0146437
0.672974
-1.78843
0.902565
0.141595
-1.24597
0.213862
-0.286845
-0.0607812
0.570146
0.0440482
2.75083
-0.102669
1.06305
0.777875
-0.207872
1.34878
-1.05811
-0.0187856
-0.801905
-1.2079
-0.195892
0.0296028
-0.893485
0.0918558
-0.56773
0.353626
0.544891
0.356525
0.463451
-1.59623
0.178802
-1.12333
1.87175
-0.911648
1.30208
-0.124782
-0.953955
0.973147
-2.38616
-1.08465
-0.455225
-1.09695
0.518565
0.508242
-0.0900481
0.772417
0.470713
-1.2089
1.1128
0.908101
0.144429
0.450041
-1.06731
-0.524514
0.09526
-0.70986
0.21588
0.425033
0.71125
-0.501345
-1.89156
0.14447
0.555613
-0.51083
-0.161058
0.610081
0.0616267
-1.14469
-0.726814
1.98553
0.556297
-0.096523
-1.21232
0.105116
1.26788
-0.979605
-1.57074
-0.0277272
-1.89061
-0.529491
-1.18334
0.445476
0.0419953
1.49903
1.4089
0.834715
-0.966117
0.183095
0.369147
-0.111075
-1.70054
0.73127
-1.16428
1.16024
-0.418343
-0.379381
1.80095
-0.162103
0.200161
-0.0342273
1.45247
0.609072
-1.4302
0.21455
-0.454317
-0.691102
-1.35759
1.5945
1.13852
1.58281
0.563051
-1.77683
-1.31271
1.05405
0.646429
0.386074
-0.250646
-0.868284
1.51464
0.716014
-0.913351
0.584505
-0.74399
-0.168666
0.0451139
0.222363
-1.27727
0.115833
1.07407
0.100674
0.134845
-0.155073
0.3643
-0.284253
0.519449
0.728129
1.20684
0.741365
1.47778
-0.217848
-0.754145
-0.505655
0.357736
0.528933
1.14412
2.05138
0.285014
0.282701
-0.249009
-0.35207
0.332805
-0.59493
1.6858
0.778502
-1.09637
-0.3734
-0.770087
-0.89173
0.262117
-0.385631
-0.0806977
0.278412
-0.420491
0.418523
1.6458
1.59689
1.32121
-0.411933
0.44743
-0.0581694
-0.0228788
1.09351
-0.555057
-0.693713
-0.665619
0.656987
0.0294788
-0.663914
-1.84657
0.560386
0.917601
-0.204554
-0.0214723
-0.023764
0.0486516
1.37722
-0.538462
-0.257163
-0.390618
0.128512
-0.594625
1.35184
2.13891
-1.92886
-0.647339
0.325445
0.110429
1.97058
0.107066
1.49807
0.182848
0.345414
0.663269
0.0170966
-1.01898
-0.337977
0.0232491
0.892536
2.50991
0.458673
-0.741663
-1.4082
-1.56049
-0.497982
-1.91316
1.06184
-0.950858
-1.24422
0.466444
1.04937
-0.631811
1.66594
1.81057
-1.44001
1.15724
-0.313755
-0.105069
0.263589
1.05635
-0.975802
0.602649
0.32039
0.765513
-0.903
1.2637
0.585952
1.41501
0.798654
1.37903
0.355448
-2.42531
0.582887
0.102381
-0.449697
1.39101
-0.73291
0.254813
-0.683288
0.0420324
-0.287037
0.523689
0.271846
-0.52226
0.174325
1.15751
-0.813486
-0.0928035
1.30077
0.395527
-2.19368
1.40346
-0.30832
0.87049
0.046165
-1.25796
-1.92891
1.08066
0.718502
0.399504
-0.470229
-0.59458
0.106238
-0.457101
1.29787
0.321813
0.239105
-0.671831
0.686803
0.484952
0.569427
-0.604058
-1.59447
-0.0279292
0.254142
0.112627
0.181915
0.550058
-0.0487986
0.995124
0.240906
0.461944
0.819407
0.0652326
-0.13078
-1.17902
0.535927
1.07991
-1.08745
-0.629391
1.01601
0.857194
0.253309
0.810424
-0.0580143
-0.537044
2.1575
-1.42162
1.85004
-1.77369
-0.255839
1.06645
0.531231
1.29412
0.053368
0.303505
0.347875
-0.521904
0.0143799
-0.011256
1.84186
-0.982187
-0.832161
0.282101
-1.67238
-1.3185
0.76553
0.844958
-0.188707
2.31619
1.5742
0.347519
-0.225281
-0.14692
-0.146494
0.312672
-0.300924
-0.481666
1.43028
1.00313
-1.22051
-0.384775
-1.06275
0.657124
-1.20225
-2.62222
-0.277534
0.177064
0.632292
-0.70799
1.07139
0.347436
2.14829
0.891024
0.262725
-0.643477
0.280794
0.656439
-0.494075
-0.621375
1.02409
0.968185
1.07085
1.03503
-1.55278
-0.917943
0.265287
-0.119801
0.604119
1.56358
0.352229
0.329769
-1.01319
0.0396698
0.423242
-0.272515
-0.803812
1.27796
1.00697
1.07463
-0.272324
0.533434
-0.401847
0.547406
0.712711
0.35173
-0.968021
0.699505
-0.546643
0.569566
1.26893
0.176238
0.0779914
0.940552
0.392294
-1.52552
0.769462
0.671053
-0.02368
0.2609
-1.32232
-0.190765
2.19497
-0.937465
-1.45412
-1.00028
-1.26561
1.03554
1.46532
0.83357
-1.57853
-0.246333
0.444969
-1.08538
1.15571
0.27728
-0.615684
-0.622188
-0.213414
-0.427591
-1.00583
0.979709
-0.404797
-0.804806
0.284894
-1.46918
1.02075
0.434449
-0.405752
0.922559
0.998889
-0.522758
0.0424738
-1.79268
-2.33598
-0.671446
-0.0873191
0.164808
-0.255316
0.306083
-0.48514
0.415145
0.046512
0.809669
0.206068
0.623568
0.806293
0.344195
-0.176111
-0.697278
0.794954
-0.503079
0.276647
0.715532
-1.03715
0.224183
0.659146
-0.440577
0.540029
0.403653
0.835754
0.176838
0.2246
-1.16754
0.104742
0.248814
-1.20151
-0.426247
0.760401
-0.3013
-0.794753
0.990304
-1.02768
1.28114
-0.555597
-0.556687
0.916462
-1.2193
0.737194
-0.00521916
-1.57769
0.243334
-1.51655
-0.338979
-0.221143
1.18767
-2.06519
-0.283245
-2.12836
-0.406369
-0.50545
-1.77154
-1.79622
1.74727
1.3711
1.41826
0.725542
0.441864
-0.363109
-0.992896
-0.660617
-0.175864
-1.06453
-0.158834
-0.490031
-0.227387
1.52913
0.333228
-0.055795
-1.42721
-0.689657
-1.32892
-0.719718
0.0877981
-0.0842902
1.99389
0.126747
0.971568
0.156702
-0.225318
0.0705978
1.28841
0.120441
-0.404672
2.54596
-1.35815
-1.49113
0.899728
-2.17352
-1.94621
0.992479
0.0872359
-2.78498
-1.98848
-0.743077
-1.20968
-0.373127
1.20536
1.46258
-0.224204
1.13213
0.909075
-2.4933
-0.94492
0.0534347
-1.11675
0.644627
0.898899
-1.16584
0.884531
-0.221059
-0.406396
-0.384052
1.3281
-1.9141
0.910146
0.587692
-0.742863
2.12008
0.174012
-2.1485
-0.901878
-1.2909
0.0713239
0.513604
0.0736815
-0.244595
0.992004
-0.0442274
-0.603793
0.353623
-0.419129
-0.668636
-0.248035
-0.0765682
1.53026
0.00276911
0.942644
-0.297955
0.0424979
0.759396
0.220519
-0.518228
-0.619042
1.72549
-0.833646
0.231667
-1.55309
-1.06871
-1.05898
-0.135539
-0.850434
0.281421
-0.849097
-1.21867
-0.0609732
0.0191184
-0.289818
1.61043
0.292514
-0.138515
-1.39228
-0.194884
-0.661829
-1.1343
0.292303
0.509304
-1.83327
0.573435
-0.610304
-0.398806
-1.87755
-0.18841
-0.851214
1.04474
-1.01211
0.42181
1.33392
-0.205643
-0.305713
-1.68377
-0.0775982
1.78916
-1.16253
-0.376369
0.0182251
0.469112
0.475471
0.19218
0.832381
-1.28758
-0.782947
-0.290177
-1.52802
1.52853
0.753725
-0.122486
0.253266
-0.356314
-2.09376
0.97043
0.827839
-0.764285
-0.486995
-1.14228
-0.104537
-0.917312
-0.764284
-0.552314
0.0272197
-0.594813
-0.721709
0.0347177
0.380875
0.360795
0.0664722
0.958794
-1.27811
0.424343
1.75163
-2.32792
0.728651
2.08977
-0.833581
0.935006
2.12657
-0.25055
-2.25283
0.678154
0.327347
2.12593
-0.256909
-0.0085178
2.5487
-0.725625
-0.814964
-0.00828427
-0.236372
0.114558
-0.475501
1.06221
0.478846
1.44299
0.355415
-0.414688
-0.295113
0.691831
-1.12021
0.0365192
0.453221
0.575113
1.50376
-0.0961342
-0.382398
1.15035
3.14784
1.00417
0.0682236
-1.04152
-0.613473
1.8051
0.351311
-0.133125
1.45299
0.247877
-1.85887
-1.33202
0.529582
-0.706907
-1.77803
0.428201
0.0999829
0.80655
1.7765
-1.55023
-0.31051
-0.291777
1.03502
0.936649
-0.832688
-0.371527
-2.35173
0.673671
-1.34065
0.937177
0.432364
-1.92388
-1.41245
0.572295
1.96108
0.219994
-0.515625
0.0814404
-0.806593
-1.3193
-0.0446596
0.0207226
0.576909
1.12812
-1.66144
-2.00372
0.137732
-1.78677
-0.623742
0.110665
-0.440412
-0.219125
-0.114471
-0.596042
-0.245084
0.549989
-1.1183
0.495391
-0.922725
-1.21891
-0.766891
0.288743
2.15459
-1.59213
-1.26851
-0.318777
-0.67953
0.751213
-0.542981
1.31522
1.00402
1.41837
-0.0861541
1.24686
0.696236
0.241129
-0.125832
0.152262
-0.0935994
0.193623
-0.157393
-0.466102
2.31007
1.18575
-1.78783
1.46725
-1.05872
0.41944
-1.44197
-0.635046
-1.44174
0.0619891
-1.42209
-0.150572
0.347318
-0.914989
-1.3695
-0.452965
-0.515232
0.610448
0.677461
-0.596162
-2.22232
0.490337
-0.969951
1.74171
0.585433
0.249541
-0.328365
0.326266
0.919703
0.717898
0.40695
1.49251
0.779708
-1.72071
-1.31939
-0.393029
0.441275
0.996014
-0.279985
-0.238522
-1.57877
0.52587
1.04044
-0.34128
1.06015
1.01563
0.851945
0.296018
0.00202495
0.197072
0.850587
0.0655797
-0.752583
-1.8262
0.537275
-0.195796
-0.459744
-0.699163
-0.0675621
-0.29436
0.532955
-0.39716
1.17217
0.395568
0.826293
-1.25022
-0.111248
1.30708
-0.55837
-0.768572
0.142222
-0.542876
0.163823
-0.558632
0.716904
0.666963
0.329865
-0.993222
-1.09754
0.309384
0.297796
-0.111937
-0.903466
1.23346
1.74724
-0.599583
-0.352429
-0.755315
-0.174282
-0.708169
1.10433
-1.50517
0.491352
-0.475761
0.348223
1.10261
0.15386
-0.613376
-0.274562
-0.520512
-1.57651
0.00946546
-0.445423
0.561125
-0.741314
-0.124034
0.515117
0.561898
0.452252
-0.403446
-0.486426
-1.87851
-0.425692
1.69152
-1.02364
1.32363
-0.0398844
-1.59962
0.669287
-1.39396
0.101257
-1.6925
-1.5873
2.34539
-0.473432
3.15317
0.771073
-0.248994
1.30321
0.42312
-0.351251
1.26603
-1.98529
-1.59509
0.470109
0.0154112
-0.149136
0.0131704
1.43224
-0.395276
0.942012
1.19764
-0.511752
1.42144
0.525909
1.89603
0.13296
0.0750805
0.586434
0.55291
-1.217
0.395493
0.19156
1.55237
1.17022
-2.39089
0.975245
-0.725919
0.855263
-1.16897
1.04292
-0.349
-0.687827
0.881034
2.12908
-1.07416
1.23292
-0.464762
0.595496
2.00059
0.0696927
0.936045
-0.110422
-0.131362
1.82377
-0.814094
0.700582
-0.787799
0.169047
-0.23897
0.111463
-0.139339
1.48582
-1.33385
-0.288158
0.991961
0.49264
0.905331
0.801179
0.151402
0.263457
-0.282091
-1.46367
0.994872
0.673237
1.11651
0.989349
0.371209
0.306916
-1.18154
-1.31155
-3.15726
-0.210638
-1.33952
0.789738
-0.218384
-0.927698
-1.82547
1.28717
-1.04189
0.413095
0.0108055
-0.845071
1.20584
0.709436
3.33845
0.506301
-1.16963
-0.0913261
-0.170133
0.441169
-0.59129
0.854638
-0.206803
-0.0208611
-0.228222
0.056552
-0.196771
0.325501
1.2813
-0.0105945
1.32751
-2.22881
1.07724
2.12317
0.275549
0.493605
-0.448395
1.10556
0.815862
-0.0316778
-0.615868
0.155627
1.08832
0.322973
0.214773
-0.680149
0.142909
-0.34409
-0.987251
-0.0845379
0.348679
-0.726968
-0.286819
-0.999697
-0.97627
-0.725616
0.423157
-0.489163
2.74182
0.670456
-0.232754
0.031386
-1.50796
-0.499634
0.381982
1.47198
-0.320245
-0.548696
-2.2872
-0.203537
-2.11279
0.199246
-0.931579
-1.51177
0.432506
-0.194987
0.357794
-0.907537
-1.63392
0.528959
-0.276051
0.799201
-1.17234
1.5861
1.00542
-0.883538
1.54351
-0.731426
-2.11888
-1.239
0.321103
-1.08816
-0.43829
-0.741696
0.361401
0.755956
0.0654985
0.671751
-1.0665
0.217719
-0.259358
0.395649
-0.341353
-0.178697
-0.340825
0.767495
-0.642836
0.888754
0.629885
-2.35638
-0.861085
-0.258196
-1.35271
0.36481
0.123774
-0.238499
0.872552
-0.0637755
0.910068
0.0674092
0.176929
0.222521
-0.754481
1.185
0.420586
0.92491
-1.03383
-1.78273
1.88238
-1.69269
1.80573
0.711162
0.834212
1.03624
-1.57264
1.5803
1.33529
0.564248
-0.809692
1.86701
-1.47992
-0.608481
-1.41658
0.160418
0.252606
-0.00558227
0.270649
-1.01576
0.0999716
1.43903
1.95114
0.979837
-0.757048
0.326938
-1.41005
-0.514081
0.205327
-0.0710816
0.642138
0.325803
0.293547
0.374088
-0.727178
0.372404
-0.305871
0.589925
-0.1598
-0.423283
0.0761632
1.38878
-1.53282
0.254114
-1.84315
-0.337414
0.245839
-0.0659128
0.363805
-1.61405
-0.20228
0.256443
-1.22916
0.61227
-0.0593755
-0.0918185
0.0929166
0.483133
-0.813457
-0.53198
0.597169
-0.763438
1.143
-0.292926
1.32986
0.571438
0.634787
0.704177
1.66736
-0.426198
1.13741
-0.298863
-0.947225
0.00412762
0.708637
-2.08228
0.778792
-0.815521
1.70087
-1.05727
0.809171
-0.00451171
1.38514
0.598864
0.473624
-1.26054
0.218046
0.400953
-0.474717
-0.50803
0.40234
-0.528725
0.458862
-1.78474
0.0806446
0.106665
-0.914961
-0.161737
1.94729
-1.40546
1.24958
1.77111
-0.56251
0.340504
-0.386062
-1.69705
-0.273453
1.40051
-2.92343
-0.997406
-0.403925
0.894267
-0.543456
0.550111
1.06606
0.5301
0.865302
0.230611
-1.20169
1.29485
2.04562
-0.0312992
0.701078
-0.139071
-0.262424
1.7206
-1.42676
0.300309
-0.78062
1.15425
-0.523731
1.20443
1.40584
-0.30421
1.6896
0.164837
-0.335238
-1.23049
-1.17808
-0.0835786
-0.172552
-0.795376
0.870437
0.752094
0.697208
-1.11629
-0.861014
0.265074
-0.318556
0.478067
1.31831
1.51081
-0.301972
0.314307
-1.2064
-0.179341
-0.314094
-0.396911
0.52148
-0.812411
-1.57726
0.796029
-0.499356
-0.539763
0.215192
-0.112454
2.40337
0.713504
-0.232515
-0.169158
0.300705
-0.228677
1.13779
-0.233854
-0.737663
0.848604
0.0866969
0.106903
2.10061
0.795447
0.974181
-0.303859
-0.47951
-0.560427
0.0976213
0.433661
0.450172
-1.77668
-0.337457
-0.270705
-1.05897
-0.453392
-0.203953
1.10716
-0.9896
1.46959
0.438814
1.11249
0.935431
0.142342
-1.27257
-0.727384
-0.635633
1.76424
-0.7306
0.107429
-0.651336
0.199576
-0.948982
1.91513
0.683338
-0.252284
1.10435
0.443514
0.447172
-0.792743
1.40979
-0.316923
-0.686707
-2.26687
-0.892985
1.34073
1.60888
-0.0345895
0.156161
1.50037
0.116751
0.317618
0.219279
-2.11094
0.813984
-0.846278
1.38759
0.674446
-0.610215
0.643062
-0.387872
0.118689
-0.25172
0.261855
1.47067
-0.496099
-0.894702
-0.545179
0.302865
-0.127456
0.973621
1.65778
0.189197
0.25382
-1.78924
0.774333
-1.38967
-0.251016
1.16017
-0.484781
0.35679
0.540475
0.293891
0.878572
-1.42318
-0.261952
2.0397
-0.384553
1.13806
0.553815
-0.653302
-0.918519
-1.26664
1.05759
1.3687
0.589208
0.570518
0.38342
1.08211
0.700457
-1.25979
-0.485366
-0.412728
0.419264
-0.750018
-1.58531
0.428636
0.533005
-2.17835
1.04958
-0.517444
0.216415
0.517079
-0.518926
1.92709
0.7582
-0.355273
1.00858
-1.79774
0.429087
1.50697
0.548841
1.03291
0.606757
0.619353
0.732728
-1.10305
0.476635
0.616651
2.07882
-0.178807
-1.079
-2.1612
0.477293
-1.32678
-0.237641
-0.884722
0.0437841
1.16717
0.341929
-2.84803
-0.503345
-1.12331
-0.737485
0.00443494
0.0732615
-1.60526
-1.64511
-0.746968
0.50301
0.191124
-0.461891
-0.952664
-0.748869
1.08368
-0.378021
-0.249337
-0.933612
-0.234293
0.262784
1.26273
-0.205952
0.320156
-0.325944
0.328547
0.914068
-2.50519
-1.11711
-0.00185555
-0.523293
1.22388
0.80457
0.382152
-0.74784
-0.208436
-0.347896
0.786268
0.228246
-0.197655
0.35779
1.78435
1.13982
-0.299071
-0.488507
1.37375
-0.41059
1.61446
1.56004
-1.66533
-0.590309
0.744828
-0.815644
1.2303
-2.04707
-0.477598
0.333025
-0.732134
0.322346
0.739947
-2.24202
0.726193
-1.25703
0.812795
-0.661394
-0.282316
-0.698989
-0.801348
-0.874682
1.96549
-0.82891
1.97913
-0.0270251
-0.701897
0.139949
0.251485
-0.319425
-1.21663
-0.079047
0.996011
0.168573
-0.435892
2.3737
-0.112054
0.780989
0.670573
0.403334
0.242539
2.34451
0.016654
0.352656
0.862632
-1.56183
0.780983
1.05446
0.136762
-1.17921
-2.41459
-1.0889
-0.498519
0.0161792
-0.345666
-1.68612
-1.65571
0.350973
-0.974817
0.15153
0.843425
-0.360586
0.320726
0.750664
0.512084
-0.0847991
-0.05606
0.346342
-0.783805
-0.11914
0.97474
0.960208
0.962394
0.639016
-1.08258
-0.412009
0.780859
0.151849
-1.17626
0.532966
-0.227666
0.685329
1.40585
-0.702853
1.75131
-0.322006
1.48421
-1.32823
-1.28845
1.55936
-0.951102
-0.714383
-1.32235
1.06348
0.2348
-0.313442
0.961227
0.166402
0.158242
-0.237914
-0.690104
1.35894
-0.839818
-0.822756
-0.291505
1.54821
-1.92381
1.79909
-1.68716
0.691156
0.247666
0.0545874
-0.792236
-0.0542151
-1.4404
-0.69831
-1.20782
0.746724
-1.26466
1.52121
-1.30382
-0.590322
-1.12038
0.819761
-0.558829
1.42773
-0.622679
-2.27267
-1.72075
1.05148
-0.506982
-0.146527
-0.688911
1.14954
-0.432794
0.0350122
0.750337
0.630741
-0.32836
0.286668
-1.11864
-0.152093
-0.157112
0.165544
0.115949
2.11533
0.705745
-0.0321641
1.16782
0.253616
0.493359
-0.495406
-1.14564
-0.340253
-0.562118
-0.576105
0.590286
1.20085
0.891875
0.938094
-0.574188
-0.113824
-0.282799
0.132828
0.241344
-0.424904
-1.47917
0.925907
1.3578
0.0392798
1.11253
1.5982
-0.888588
-0.675947
-0.652293
-1.02793
1.01347
-1.27891
-1.25997
1.03564
0.534823
-0.681986
0.690942
1.23153
0.094671
-0.630156
-0.032947
0.764956
-1.30109
0.621094
0.492685
0.636791
0.703605
0.245301
-0.609239
1.56243
0.447422
-1.14115
-0.414591
0.763616
-1.53553
-1.22338
0.0198261
1.61124
-0.150848
0.0984632
-0.329708
2.33106
-1.06101
-0.286525
-0.146561
-0.69817
0.570828
-0.881168
-0.484958
-0.924343
1.94189
0.887363
1.65867
-0.729487
-0.00922483
0.342246
-1.19182
-0.0230303
0.283115
0.983805
-0.924682
-1.65428
-0.567387
1.72298
-0.94939
0.983651
1.22048
0.621887
1.10971
1.6449
1.14951
-0.924088
-0.976878
0.926415
1.14778
-0.663994
-2.01629
-0.408075
1.3977
1.01999
-0.307561
-2.05974
-0.592726
-0.777283
-0.459399
-0.788094
-0.12924
-0.0503969
0.523235
-0.0480167
-2.32171
0.473104
0.330173
-3.28099
2.41792
-0.347474
0.764045
-1.08661
-1.12168
1.20311
-0.727193
0.469481
0.047733
-1.47037
-0.137948
1.40341
-0.583011
0.107577
1.53776
1.14855
-1.31193
0.977208
0.493254
0.106897
-1.06925
-1.12287
-0.903596
-1.61913
0.117379
-0.832207
0.3791
0.974229
1.37215
-0.387396
-0.640076
-1.14862
1.59309
-2.05374
-0.692015
1.36478
-0.873505
-0.575716
0.859418
-0.149334
0.133239
-0.645525
0.831046
-0.130747
1.30922
-0.388937
0.682172
-0.25604
-1.38285
1.14797
0.699724
-0.137156
0.375751
-0.604937
-0.509836
0.992609
0.339224
-0.25372
1.76962
0.0344948
-1.57746
0.111698
0.198242
0.601507
-0.185756
-0.0666785
0.0572693
0.229924
1.32702
-0.695349
-2.34231
0.395681
0.166356
-0.463725
1.6537
-0.779471
-0.855815
-0.444106
-0.0615963
-0.451643
0.754677
-0.90379
-0.454786
-0.280972
0.131256
0.763856
1.07529
0.497354
0.657153
-0.426067
1.75718
1.4477
0.120905
1.14227
0.0425234
-1.18661
-0.880731
-1.08386
1.45681
-0.466071
-0.384019
-2.09747
0.341641
1.11798
-1.70252
1.28883
0.80404
-0.238503
-0.629364
-0.816214
-0.533576
-1.68877
-1.40612
-0.746655
-0.664278
-0.476872
-0.284875
0.950568
-0.548518
-1.16639
-0.400273
1.56887
1.11851
0.086221
1.28361
-0.373762
-1.35559
0.351631
0.746006
-0.0242003
0.898395
0.662395
1.7542
2.24058
1.44193
0.567536
0.474742
-0.292483
-0.427561
0.238905
-0.571555
0.472837
0.901502
-1.50647
0.19648
-0.049971
0.5693
-0.73855
-1.17825
0.7505
-0.182359
-0.530258
-0.793922
-0.428122
0.0244854
0.911141
0.971182
1.13763
-0.646988
0.399268
-0.454994
-0.261786
1.58118
0.559681
-1.04788
-0.605206
-1.22091
-0.621294
2.11044
-0.702549
-0.73039
0.510431
-0.0287347
-0.712601
-0.715165
0.0379176
-1.10399
0.844038
-2.17195
-1.00021
-0.508227
0.87811
-1.07383
-0.190029
-0.722472
-0.359454
-0.681052
-0.909936
0.0279369
-0.308564
0.799229
0.176965
1.50425
-0.727935
-1.89589
-0.876855
2.19014
0.413264
0.535714
-0.127344
0.414943
0.0311068
1.14816
-0.824106
-0.210481
1.20091
-0.385138
-0.185329
0.739899
-0.647688
1.23182
0.183937
-0.43464
-0.309705
-0.649368
-0.91405
-1.15905
0.446544
-0.175699
1.28477
-0.821385
-0.421335
-0.210913
1.06869
0.547548
0.472523
0.142336
2.05068
0.676496
-0.262426
0.943189
0.0388301
0.183371
1.40368
1.75853
1.19885
-0.554931
0.312279
0.253593
-0.636848
-0.7006
1.11732
-0.543644
0.959985
0.676552
1.85478
0.0468048
0.0628084
1.76226
0.508344
-0.522741
-1.60501
-0.210678
-0.904026
-0.169361
0.339746
-0.318271
1.80128
0.285008
0.340609
-0.440475
0.34938
0.895587
-0.353282
2.10053
2.57403
-0.426145
0.520877
0.11544
-0.217316
-1.78374
0.0698529
-0.662861
0.299154
-0.560706
0.583408
0.0314889
-0.102704
-0.636537
0.696391
-0.945056
-0.122171
-1.69757
0.999334
0.898213
0.191356
0.606355
-0.984891
-0.668164
0.516894
1.0891
1.23677
1.85636
-1.25007
0.187102
-0.131373
-0.916947
-0.238102
0.378023
-0.505597
-0.836643
-0.638302
-0.617013
-1.59496
-0.18289
0.267211
-0.886997
-0.155635
0.00982451
0.874063
-0.0855284
0.344315
0.525771
-1.07629
0.920419
-0.628532
-0.501167
0.513317
-0.338945
0.832006
-1.38262
-0.760016
0.400733
0.319586
0.941846
-0.217616
0.00033313
-0.535487
0.447103
0.465291
-0.0460174
-0.182316
-0.564339
0.556784
-0.0838811
1.0681
-0.40344
-1.49564
-1.29993
-0.272856
-0.116199
0.674419
0.426455
0.222327
-1.25278
-0.276992
-0.420638
-0.290374
0.653173
-0.228962
-0.884619
2.14807
0.961296
-1.56008
-0.55648
-0.0758749
-1.32901
0.783453
-0.784502
-0.890907
0.574356
1.29094
-0.618427
-1.22615
-1.72915
-0.0341675
1.53329
-0.415495
-1.41153
-2.01939
1.10272
-1.19346
0.904404
0.200612
-0.565951
-1.58009
0.678478
-0.101188
0.257371
-0.499535
1.06634
-0.519122
0.0642701
1.58892
-0.394695
-0.230167
-0.903162
-0.173903
-0.388362
0.813595
0.0945845
-1.38064
0.256594
2.4179
1.54298
-0.238958
-0.443939
0.207781
0.691907
0.00363821
0.577512
-1.26699
-0.711727
0.262798
1.08232
0.85225
0.474593
1.72719
-1.19206
-1.19925
-0.0838715
-0.970454
-0.556775
-0.00541484
1.01911
0.00620008
-1.31379
1.68016
0.576973
-0.728479
-0.624525
0.872306
-0.761102
-0.726968
1.59328
-0.724744
0.514088
-0.358835
0.682796
-1.38253
-0.552677
-0.0376813
-0.683186
-1.58279
1.53432
-0.250484
0.641536
0.959194
-0.3998
-0.664044
1.13529
-0.353684
1.47078
-0.526774
-0.771787
0.652438
0.623779
0.0431229
-1.86624
0.510327
0.228535
-0.308377
1.6307
0.607273
0.835568
-0.321441
0.525658
0.545543
-1.31589
1.34424
-0.71674
0.470555
1.23646
0.198957
0.452447
-1.84173
-1.21629
-0.334366
-0.0510114
-0.726496
2.13593
1.64521
0.595839
-0.0500079
-0.659324
0.542162
0.555318
0.341843
-0.910349
0.385332
1.6013
-0.481096
-0.573162
0.0275842
0.307671
-1.25055
0.178055
-0.807564
-0.162681
0.695421
0.303393
0.136812
-1.35395
1.15273
1.93868
0.460228
1.6981
-1.20088
-2.12705
-0.550999
-0.967518
-0.594452
-1.41409
-1.97929
0.00160402
1.7136
-0.169501
-1.27439
-0.686655
0.890764
-7.12276e-05
-1.55696
-0.725789
-0.381761
-0.497905
1.83548
0.471583
-0.199097
-0.749153
-2.27955
-2.15284
0.457169
-0.0551782
0.52901
-1.90343
-2.44845
-0.00401312
-0.0368858
-0.319643
0.423145
-0.985089
0.488964
-0.522241
-0.00465328
-0.0843449
0.778951
0.599968
-0.98682
2.00209
-0.718552
-0.379834
-0.0847674
-0.886091
-1.42238
-0.51186
0.880571
0.346688
-1.46156
-0.689104
0.502087
0.820216
-0.168495
-2.00043
-0.691086
0.512069
-1.51597
2.17626
1.02292
-0.849475
1.25174
0.774362
-1.28698
-0.0250761
1.16035
-0.375572
-0.29803
0.0339599
-1.23382
0.340757
0.785605
0.580996
-0.757718
-0.757839
-0.311679
-0.0248953
-0.995076
-1.13367
1.20668
-0.207682
-1.27299
-0.95756
0.978228
1.19418
1.16069
-0.280975
1.97256
-0.953295
0.114948
0.91617
-0.863753
-0.693631
-1.7511
0.827149
1.21024
-1.58475
-0.751848
-0.616695
1.80466
0.171227
0.984537
-1.02579
-0.990934
0.620248
1.43979
-1.13792
0.398114
0.245274
-0.555822
-1.3402
-2.08567
-0.57717
0.60974
0.0332892
-1.46233
1.13373
-0.163698
0.447988
0.634997
-1.0629
-1.01288
0.670377
1.88924
0.261299
-1.20068
-0.634662
0.504275
-0.0774367
-0.134475
-0.563292
0.730269
1.11619
0.913905
-0.300797
0.903527
-0.523335
0.188341
-0.560667
0.562928
0.641615
0.906888
0.462423
-2.6149
0.00457436
1.12677
1.14049
-1.30973
1.64057
1.18331
-0.889611
0.242276
0.280215
0.33043
-1.37608
0.993231
1.67384
-0.934465
1.00797
-0.569675
-0.557977
0.482774
2.05141
-1.20518
-0.731779
1.9509
-0.00788099
1.1805
0.675835
-0.379208
0.591811
0.598703
-0.639114
0.630729
-0.303727
0.521248
0.419475
-0.607589
0.648511
-1.47021
1.48456
1.36294
-0.455504
0.633005
1.63495
-0.590327
0.604882
-0.924856
1.42998
0.726637
-0.227567
-0.215526
-0.916196
-0.576538
0.27872
0.481665
0.695672
-0.0163264
-1.7907
-0.563397
-0.757301
1.42678
0.69903
0.553973
-0.224763
0.0224018
2.26131
0.479074
-1.1379
0.0588823
-0.720687
-1.25325
-1.70483
-1.10249
2.24372
-1.40774
-0.0430696
-1.35407
-0.307371
-0.969587
0.765864
0.0143854
0.1725
1.3686
1.94261
-0.375308
0.537302
1.83497
0.55464
1.43434
-0.947604
-0.65644
0.675984
1.08699
0.97366
0.195077
-0.848875
0.418918
-0.874497
-0.814299
-0.0268964
-0.830139
0.580642
1.49072
-1.03185
1.95291
0.585144
0.0873235
1.55281
-1.10329
0.430978
-0.00281274
-1.41615
-0.291914
0.629141
0.0243582
-1.13138
0.323706
0.587629
1.38269
-1.34712
-1.7023
-0.320879
1.4321
0.467447
-0.546664
0.160015
0.403018
1.55772
-0.0346978
0.753629
-0.906107
-0.122312
-1.38741
0.14789
1.0028
0.120305
1.08623
1.18806
0.44577
0.0992168
0.210608
0.333082
0.539723
-1.01394
-0.922967
-0.685596
-1.20573
-1.60522
2.12465
-0.723143
-1.1252
0.80262
0.636739
-0.322484
1.39593
0.185288
1.40115
-0.508545
-0.633563
-0.0739269
-1.68268
1.11206
0.268348
0.10222
-2.08003
-0.0866066
-0.41551
-0.366175
-0.696797
0.709837
-0.430094
-0.897965
-0.740754
-0.739765
-1.95395
0.271573
-0.462343
-0.633181
0.436608
0.279821
-0.374491
0.883818
1.36247
0.951879
-0.244247
0.346845
-0.244332
0.573596
-1.06338
-0.685756
-0.226352
0.524147
-0.973722
0.518054
1.00553
-0.604722
-1.76941
-1.19199
1.54453
-2.07887
0.310036
1.51596
0.884471
-0.0953018
0.201542
1.44657
0.218687
1.49168
-1.21187
-1.71306
-1.01379
-0.628419
0.41685
-0.397858
-1.65235
-1.48504
0.635113
1.9164
-0.361183
0.197623
-0.108983
-0.0175375
0.766182
1.06165
-0.435222
0.65216
1.87795
-1.2827
-1.08623
-0.809288
0.833393
0.228579
0.354308
-0.9555
-1.37078
0.843015
-1.02753
-0.492685
0.112955
-0.296928
-0.270888
0.36183
0.239049
-0.235259
1.17247
-0.285512
-0.512421
2.19129
1.00482
1.04581
0.0255814
0.417028
-0.483447
-1.13538
-0.532305
-1.39135
0.430374
0.642733
-0.854531
-1.10832
-0.975567
-1.5095
0.359573
1.16314
0.457019
-1.2321
1.07474
0.772541
0.844261
0.200228
-0.0537398
-0.0392532
0.232717
0.150725
-0.92518
0.684096
1.22242
-0.620012
-0.33301
0.736944
-0.161702
0.2541
-0.0341325
-0.853345
-0.885329
0.684127
-0.64253
0.562428
-2.13008
-0.257275
-0.634036
2.75098
-0.53442
0.628872
0.641363
-0.163971
-0.00907981
-0.408797
0.165975
-0.858762
0.0545529
-0.205853
0.81019
0.339519
-0.433003
0.907076
-0.361582
-0.332402
-0.885056
-0.42152
0.53605
0.353358
1.14925
-0.601947
0.601745
0.160159
-1.11167
1.34971
-0.282915
-1.65116
1.02331
-0.790227
-0.80371
-0.336645
-0.131086
-1.69463
0.0356218
-0.878825
0.309514
0.314778
-0.570407
-0.121298
-1.36856
1.18969
-0.508876
-0.610573
-1.38859
0.65206
0.236912
2.43829
-0.0631639
-1.2061
-0.914569
-0.593951
-0.265115
-1.10011
0.630101
1.31383
0.82101
-0.473803
-0.701775
-0.406299
-2.05531
-0.38126
-0.26413
0.10472
0.540183
1.79169
-0.739812
0.0319854
0.0953567
0.691557
-0.0883777
1.80201
-0.434017
0.585377
0.210083
-0.0900844
0.0587965
0.727966
-0.183051
-0.216572
0.330306
-0.310356
-1.24114
0.551024
0.00731814
-0.0192133
0.206104
-1.45586
-0.435015
0.889889
-0.647642
2.32984
0.231175
1.39294
-0.434348
-0.299488
0.722075
-0.793923
-0.68481
0.471418
1.49403
0.373777
-0.661819
0.413776
0.752752
-0.216168
1.28819
0.497837
-0.165977
-0.884542
1.48016
-0.998232
-0.887513
-1.92245
0.552128
0.0662905
-0.161793
-0.459856
-0.440466
0.277726
1.29874
-0.604899
1.32586
1.59331
-1.38274
-1.01903
-0.423991
0.0962616
0.386237
-1.06072
0.229931
1.51122
1.34162
0.368339
0.866413
2.54716
-2.07905
-0.758611
-1.53877
-0.362654
-0.190873
-0.369481
-0.699776
-0.929469
1.62529
0.158394
0.284623
-0.594124
0.0731224
-0.474782
1.27616
0.171823
0.120995
-1.77881
-0.381432
-1.00061
-1.52636
0.737222
2.19267
-0.0146862
1.57385
1.08144
0.971945
-0.851076
0.822885
-2.18885
1.05844
-0.242048
0.205084
-0.928441
0.435689
1.37086
-0.98181
1.27633
0.183773
0.554495
-0.383881
-0.784691
0.149361
-0.214484
0.669754
-1.08836
0.670841
0.404927
0.533584
1.39117
-0.111538
-1.86645
-0.8023
-1.09381
1.10766
-0.307816
1.8744
0.488791
-0.104379
-0.0773652
0.692408
1.02395
0.190375
1.19279
-0.305775
0.325568
0.831175
0.0608556
1.17158
-0.535452
0.0464967
0.462317
-0.445294
0.667017
-0.240129
-0.0431408
0.556508
0.177958
-0.469238
0.152574
0.442832
-0.164054
-0.285288
1.56826
0.589759
0.820369
-0.610502
-2.18696
0.744909
1.4153
-1.40159
1.32786
-2.34444
0.438706
0.457842
0.37003
-1.7539
0.750767
-0.715918
1.15803
-0.507823
-0.30494
-0.403024
1.63663
0.254146
0.160538
0.654723
0.996401
0.622268
0.628042
-0.279731
0.08996
0.51584
0.242582
0.502572
1.32824
0.282039
1.11202
0.7209
0.762781
-0.672916
0.241974
-0.131643
-1.4457
0.656193
0.394971
-0.334214
0.959268
-1.21851
1.45935
1.28445
-0.163038
-0.635082
-0.368737
-0.262311
-1.27312
-0.728168
0.479501
-0.919163
-1.56544
-1.69118
0.186666
-0.11532
1.07666
1.35901
-1.40937
0.633987
1.09354
-0.21694
-0.665517
0.683709
0.846197
-1.45221
0.551719
-1.42643
1.0961
-0.0664805
0.110756
0.0210688
-0.773641
1.01953
-1.81634
0.685567
2.00696
-0.000978291
-0.0336831
-1.27926
0.901605
-1.16102
-1.72161
0.52993
-0.0152727
1.00617
0.0969976
-0.785574
0.111328
-0.13377
0.863834
-1.68904
0.0867565
-0.159916
-0.444511
-0.718513
-0.326723
0.584361
0.162304
1.05503
-0.930309
0.197159
-0.297657
0.0990506
-0.577347
-0.880668
-2.05108
-0.710573
0.478269
-0.270393
-0.519438
-1.46155
0.939087
0.113689
0.836487
1.31592
-0.746931
-0.349546
0.982116
-0.212179
-1.52766
0.395614
1.53179
2.74255
1.10237
0.515459
-1.13553
-1.52297
-1.31676
1.37223
-0.679206
0.957756
0.86256
0.477064
-0.944545
0.204845
-0.193234
0.338128
0.879711
-0.696
-0.207419
1.90958
-0.374787
0.464147
0.381556
-0.724404
1.56534
0.012387
-0.469537
-2.5417
1.52791
0.909663
0.759494
0.600105
-0.734733
-1.10468
-0.743834
0.359281
-0.08648
0.488543
-0.803179
0.171367
0.233496
-1.23114
-1.39734
-0.16181
0.680374
0.120426
-0.475265
1.40149
0.0597306
0.0834805
-1.14883
0.221439
0.433039
-1.21221
1.00816
-1.17194
-0.817612
1.17755
-0.196079
-1.18752
-0.453828
1.30028
1.07626
-1.17465
2.04817
0.791238
1.29142
1.14341
0.448437
1.46151
0.621687
0.961689
0.982004
0.52352
-0.24324
1.08433
-0.75768
-0.148739
0.314388
0.139569
1.2541
0.00995958
0.30886
-0.39347
-0.461873
1.89664
-1.2599
0.385826
-0.220874
1.25918
1.51757
-0.184721
-0.340232
0.488784
-1.22197
-0.92065
0.369114
0.196517
1.14235
-0.714532
2.7571
-0.00668955
-0.491938
0.902417
0.949774
0.118254
-0.677383
0.763004
0.0973186
0.402261
0.427549
0.792656
-0.766791
0.00883794
0.780688
1.11197
0.957256
-0.0349827
0.14678
2.45502
0.818161
-0.400029
1.17863
0.967692
1.07195
1.04333
1.73619
0.923534
-0.00800622
0.516071
-0.311816
0.140451
-0.242882
-0.730659
-2.48747
-0.161281
-0.593136
1.25658
0.939642
0.587829
0.0392219
0.176569
0.350884
1.40798
0.647374
-0.469027
0.309316
-0.786137
-0.502212
-0.365921
-1.03466
-0.154866
0.407849
0.0580962
0.745259
0.346175
-0.317324
-0.0694421
-1.52311
0.0340768
-0.440666
0.180739
0.0460525
0.609121
-0.485578
-0.0362561
0.417324
-0.00646877
-0.079344
-0.42117
-1.50871
0.023284
-0.0893584
0.683929
0.621395
1.04216
0.145258
-0.516902
-0.503498
0.329509
-0.58984
0.0231357
1.24645
-0.0573664
1.12266
-0.775307
1.4297
-0.739069
-0.682946
-0.0722328
1.29267
0.115058
-1.72933
-0.558066
-0.779457
-0.848839
-1.17992
0.265894
0.841861
-0.209617
0.603328
1.18983
-0.424667
0.0789451
0.953129
-0.248154
0.422018
0.293033
-0.425162
0.241108
-0.325826
-1.22449
0.78821
0.500146
1.62071
0.444169
0.175551
1.17338
2.27834
-0.0707861
0.430128
0.139822
0.386344
0.0473694
0.133623
0.139348
0.594153
0.860622
0.473236
-0.609886
-1.1444
-0.696156
-0.937374
1.24313
1.42781
-1.04774
0.649672
-0.164677
1.2695
-1.0101
-0.643356
0.921186
2.27175
1.24471
-0.182087
-0.962965
-0.0585832
1.22518
0.0692265
0.967084
0.563078
0.787046
0.734705
-0.156759
0.822805
0.925098
0.467418
-0.558033
0.408943
-0.51782
0.14703
-0.207288
0.939837
-0.26588
1.43146
-0.452925
-0.0758935
0.82062
-1.21416
0.159341
0.633922
-0.143281
-1.19168
0.86339
-0.185166
1.21816
2.412
0.814003
-0.472129
-1.50339
0.992263
-0.80459
-0.7097
-0.622877
-0.216737
1.04495
-2.33911
0.501602
0.583034
0.522588
-0.189476
-1.4358
1.24215
-1.2067
-0.229644
-0.611711
-1.1965
-0.0745908
0.307629
1.41789
-1.02971
-0.389948
-0.012715
-0.472457
-1.27164
-0.489479
0.629662
0.84563
1.85062
3.2074
1.07443
0.00988543
-1.7902
0.89761
-0.695107
0.37667
-0.375683
1.39682
0.497371
-0.64034
-1.80123
1.95335
0.0372801
-1.30498
-0.359871
-0.77962
0.784338
-1.63736
-1.56877
0.191055
0.328977
-1.24597
1.00479
-0.645334
0.169375
2.16405
-0.59383
-0.731681
-1.32362
-0.588642
-0.934325
2.07182
0.478311
-0.382317
-2.28371
1.14285
0.187691
0.816578
0.25884
0.455813
0.442162
0.74012
-1.48025
0.0107646
-2.887
0.08265
0.832336
-1.50501
-1.53425
0.875996
-0.720605
-1.25801
-0.138885
-0.367378
-0.680719
-0.0779926
-0.755345
1.28702
0.39767
2.43578
0.390825
0.0115442
1.64494
0.283315
0.814515
0.499457
2.06153
-0.11842
0.0553364
0.284304
0.791225
1.76709
0.0971832
-0.0710593
0.519524
1.48908
0.503436
-0.187896
1.61196
0.674828
-0.532057
-0.0847659
-1.29765
0.88247
0.467074
-0.0636788
-0.813665
0.562175
-0.949764
0.376581
1.7947
-0.648638
-0.485464
-0.222066
-0.111839
-0.151275
-2.83968
-0.1681
0.81663
0.858982
0.194726
-1.59173
-0.238796
0.438831
-0.857223
0.570647
-0.800264
1.15109
-0.993381
0.405844
-0.143448
-2.05494
0.508491
-0.863972
-1.75622
-0.536055
0.408649
-2.13891
0.090758
-0.337499
-0.59071
-0.587679
-0.545381
0.00196719
0.607109
0.873311
-0.38647
0.344984
-2.12458
-0.958033
-0.42174
1.2124
0.262736
-1.2513
-1.33514
0.0546449
0.621524
1.28574
0.865271
-0.906325
0.675578
0.837811
0.0832689
1.29304
-1.46566
-1.48091
-1.68842
1.22404
-0.390549
1.10083
0.978408
0.490614
-0.654028
0.715347
1.06289
0.396964
1.15512
1.06953
1.0651
0.713461
1.71164
0.360572
-1.05817
0.741643
-0.398384
-1.66946
1.11989
-0.115013
0.747824
-0.0948669
0.69016
-0.96013
0.198574
-0.666352
-0.78111
0.726955
1.06677
-0.0585443
0.139312
-0.30471
0.253763
-0.491813
-1.63701
-0.486279
1.11435
0.99944
-0.658662
-1.6884
-0.00560832
-0.125905
-0.397841
-0.591643
-0.204332
-0.687261
-1.58704
0.704867
-0.138758
-0.378821
-0.481264
1.78835
0.0383073
-0.382389
-2.15958
-1.21667
2.11325
0.0280915
-0.286259
0.381128
-0.409901
-0.213308
-1.21455
-1.84485
0.418655
0.495228
1.21146
-0.410894
-0.834742
2.2018
-0.938734
0.362189
2.11617
1.66252
-0.493932
0.768213
-0.1633
-0.716163
-0.46055
2.75828
-1.09948
-0.991161
1.87199
0.651796
-0.330161
-1.27155
-1.14879
0.831273
-1.80023
-1.00706
-0.55584
-1.38246
1.15698
-0.736798
-0.363646
-0.0741831
0.443353
-2.06068
1.37782
0.929458
1.18435
0.571742
-1.21852
1.25632
0.166283
-0.62415
-0.589971
0.632074
-1.7222
2.82317
0.682824
0.0596123
-1.19663
1.97887
-0.197298
-1.14298
0.0193461
0.247356
0.355428
-1.83975
0.122375
2.6442
-0.959078
-0.28708
-0.583447
1.81887
0.87923
1.49976
-0.824327
-0.634541
-1.14649
0.144067
0.831104
-0.920734
-0.430654
-0.963391
0.841022
0.822474
0.587668
-0.98819
-1.679
0.525897
-0.502112
0.0169346
1.64636
0.918841
0.907143
0.249109
0.877886
0.20866
-1.1006
0.329373
-0.503422
-0.441688
0.537764
0.547364
-1.17844
0.592223
0.115883
0.148314
-1.82979
-0.0975641
0.0554006
0.313984
1.83063
-0.104211
0.259022
-1.52117
-1.74094
-0.618786
0.0314083
-0.019508
-1.26255
0.909193
0.915533
-0.0589948
0.515508
-1.16827
0.102277
0.552905
1.59705
0.69453
1.41241
0.915573
-1.98668
0.324619
1.13605
0.823248
-0.309362
-0.173377
-1.424
-1.5834
-0.194694
0.646651
0.241658
1.16155
-0.496248
0.636215
0.346492
-0.410119
1.43728
-1.20418
1.20232
-0.807895
-0.235223
-0.873562
-0.183771
-0.630263
1.54885
2.0777
0.324131
-0.641918
0.236532
0.289347
1.94162
1.08986
0.344336
-0.563006
-0.180351
1.04636
0.127786
0.331226
0.24456
0.546028
0.269632
0.870794
-0.260363
1.27254
-0.186972
-0.847748
0.893898
-0.848569
-0.14326
-0.00529855
-0.395735
-1.32394
0.0465317
1.01371
-1.17866
0.0467336
-0.848577
-0.060202
1.33592
-0.169545
-1.68405
0.287778
0.698322
-0.162653
0.328644
-1.19682
-0.315606
1.65437
1.26958
1.09079
-1.04371
-1.21901
-0.507187
-1.91926
-0.0509495
-1.38771
0.784236
0.0728474
-0.18944
-1.18518
0.172218
1.09988
-0.292965
0.168531
0.487876
0.331378
-1.30675
0.133281
0.987466
0.451501
0.154199
0.65831
1.41767
0.324591
-0.841364
0.181668
-0.661834
-0.605586
-0.0656829
-0.831365
1.34073
0.344799
0.999663
0.624964
-0.456007
1.38884
0.805181
0.465059
0.302399
-0.127679
-0.397489
0.626808
0.395124
-0.230778
1.5404
0.431388
-0.281538
1.00599
-0.177577
-1.38516
0.22321
1.22537
-0.112847
0.201184
0.422073
0.518943
0.154485
0.000833333
0.492987
0.245951
-0.147192
-0.77446
0.214339
-1.33814
-1.60249
0.247936
-2.13107
-0.831116
0.149335
1.28545
0.237527
-0.675197
-1.8094
-0.847596
0.363826
-0.0397713
-0.653685
-0.311934
0.774706
-0.230516
1.0728
-0.400553
1.9017
0.702939
-1.55574
1.69652
-0.76791
-0.991885
0.224483
0.545898
0.818442
0.754189
-0.657654
-1.79907
0.300242
-0.345779
-0.540178
0.346285
-0.270454
2.0534
-0.982514
0.847988
-0.00547248
0.59763
0.399761
-0.5047
0.190212
0.782691
2.00739
0.327859
-0.178251
0.0794863
-1.41951
-2.04112
-0.682415
-1.18703
-0.664794
-1.78972
0.208162
-1.00531
2.47321
-2.13007
0.512501
2.07867
0.253043
0.184176
0.117538
0.417478
0.0745681
-0.627486
0.188407
0.5336
-0.59456
0.163461
-1.98853
1.19597
0.458131
-0.801418
-0.808031
-0.843431
1.05675
-1.65319
-0.396814
-0.772019
0.992031
-0.273095
0.55714
0.180309
0.0543749
-0.610121
-0.372525
-0.123618
-0.000726044
-1.41914
-1.17948
-0.331194
-0.688766
1.78043
-1.26208
-1.18779
-0.460613
-1.16506
0.186129
-1.113
-0.888268
1.00917
-0.129061
-0.663957
-1.92055
-1.00679
-0.407397
-0.0103831
-2.22285
0.265667
0.0952401
0.0923588
-0.370875
0.863284
-1.9735
0.135166
1.64294
-0.255068
-0.345196
-0.100286
-0.353844
0.588153
0.179503
1.21972
0.507448
-0.182822
0.504983
0.491848
1.28458
1.28593
-1.43911
-0.89543
0.783629
-1.10391
1.06266
-1.7395
-0.956585
0.255329
-0.425814
-0.39766
-1.19458
0.689021
0.303972
0.145168
-0.857527
-0.110133
-1.08178
1.19774
-2.02766
0.53716
-0.790218
0.59106
-0.449376
-0.242604
-0.540052
-0.554243
-1.06611
-0.92552
-0.856433
-0.306506
0.782026
0.0802559
-0.182054
-1.29276
-1.18443
-0.687719
-0.690405
-0.386558
-0.328326
-0.763212
-1.09003
-0.473902
0.763025
-0.274852
1.0787
0.0335559
-0.254661
0.0478073
-1.42429
1.17241
-1.69032
0.010475
0.665902
-1.34544
0.689282
-0.964827
0.118793
0.928556
1.31516
0.558622
0.98087
1.00641
0.26946
0.0917303
-0.411851
0.719788
-0.265702
-2.34146
2.28248
0.00561517
-0.492539
-0.374009
-0.968087
0.441046
1.09038
1.52182
-0.642612
0.136588
-1.13563
-1.28492
-0.312282
-0.649237
0.393751
0.0726052
-1.49659
-0.232961
0.206993
0.115594
-0.253193
0.328052
-1.13847
0.52474
1.10708
-0.519653
1.58062
0.122351
-0.670633
0.58793
1.1074
-0.428644
-0.702123
-0.432644
-2.05841
-1.78982
-0.1551
0.269615
-1.45464
0.441398
0.00427228
-0.74885
-0.562163
1.41916
0.753766
-1.58461
-0.901911
0.909592
-0.624778
0.770497
0.292942
-1.79134
-0.413001
1.14791
0.0586716
0.430565
-0.510578
2.09261
-0.757473
0.190285
0.922219
0.115384
-0.693345
-0.343247
-0.831731
-0.970189
-1.88252
0.0559761
0.783205
-2.22084
-0.104732
1.53566
-0.722972
0.290301
-0.223998
0.451696
0.595211
-0.506231
0.785951
0.847322
-0.586163
-2.0718
-1.54724
0.991501
-0.662542
-0.130366
1.62518
-0.629666
0.71741
0.241862
-0.834381
0.203717
1.58558
-0.542727
0.24265
-0.816186
-0.841737
-0.0638348
1.54395
0.986335
-1.53464
-0.404748
-0.304483
0.515208
-0.583071
1.25715
-0.889004
0.276839
1.38847
-0.819576
1.08739
-1.41707
-0.0834567
-1.37229
0.1924
0.0605546
-0.22528
-0.627786
1.35579
0.283499
0.00700194
0.902061
-1.21199
-1.12333
-2.9752
0.75896
-0.903952
-0.0827406
-0.401522
0.893525
1.52749
-1.67537
0.702198
1.10339
0.968351
0.243542
-0.6458
-0.336954
-0.224214
-0.44925
2.65796
-0.553092
-1.32493
-0.91368
-1.63662
-0.463578
-0.117955
1.01327
-0.0596173
-0.638318
1.05713
-1.01223
-0.239313
0.250738
0.0137326
2.39291
1.01819
-0.0478802
-0.586612
-0.1894
-0.809058
0.219872
0.683195
0.792146
-1.61658
-0.642654
0.812464
0.9786
2.12223
-0.852359
-1.10541
-1.37369
1.58438
-1.30356
1.076
0.893058
0.0524084
-1.46897
-1.04699
-0.225098
-0.615292
-1.17242
1.00304
-0.0235955
-0.393393
-1.78105
-0.113126
-1.22695
-0.0146242
0.272098
-1.29825
-1.96126
-0.0665985
-0.11734
-1.56648
-0.081154
-0.727517
-2.39781
-1.15483
-0.364348
-0.0486957
-0.0886202
1.30873
0.919186
-1.6219
-0.624163
1.31543
0.80819
1.62459
1.58278
0.318884
0.293164
-0.324356
-0.338606
2.35276
-0.329839
-1.46717
-1.4219
-0.571924
0.589424
-1.01685
0.485749
2.80224
-1.6284
0.104822
-1.41192
1.14236
0.790777
-0.923498
-0.510146
0.698872
1.42663
0.18428
1.48569
-0.661534
-1.26994
0.514558
-1.39071
0.226402
-0.415094
-0.176143
0.547302
-1.23655
0.763031
0.486397
-0.789192
0.741142
1.84492
0.972106
-1.53716
-0.243337
-0.894845
-0.312976
-1.30426
0.142211
0.374251
0.0157658
-0.153924
0.170016
-1.46407
0.711394
-0.206876
-0.530818
0.0734909
-1.33876
-0.00878507
1.32068
-2.61945
-1.69144
-0.243122
0.575073
2.50379
-0.638
-1.09703
-0.914446
1.7839
0.803242
-0.578967
0.509332
-0.958003
-0.364837
-0.524728
-1.93391
-0.977879
-0.0382
-0.631381
0.266954
-0.74013
-0.95993
-1.06741
-0.513316
1.65287
0.350202
0.284746
2.03791
0.658554
0.33885
1.41651
-0.159563
0.312473
0.536743
-1.42947
-0.931954
-0.75991
-0.117095
-2.31021
0.139288
-0.12408
0.276469
0.122748
-1.34734
0.97819
1.02734
0.302929
-0.433811
0.334571
-0.137907
-0.121091
-0.278466
-0.376599
1.59136
-0.324493
0.702331
1.3516
0.368239
0.399482
-0.608513
0.488768
0.423299
0.924681
-0.86046
1.00025
-0.637962
1.43807
-0.329352
-0.784268
-0.898542
0.683418
0.696843
1.80206
-0.195978
0.803997
0.721855
-1.56049
-1.73
0.38551
1.49876
-0.525599
0.375496
-0.20013
-0.0940929
-1.86488
-0.534391
0.312667
0.484097
0.779536
-0.851412
-0.827575
1.39913
-0.910122
-1.23314
-0.00945419
0.60165
0.848967
0.394372
1.87575
-1.35843
0.710273
2.46924
1.12439
-0.280314
0.405424
-0.63214
-0.500027
-0.259719
0.25088
0.29
-2.03305
0.75595
0.626602
-1.32742
-0.252665
0.906898
-0.151602
-0.491286
0.210549
-0.785344
0.247832
-0.280944
-0.604481
1.33421
0.523097
0.267054
1.39562
-0.183721
0.0861613
1.14587
-1.03803
-0.814014
0.241443
0.319953
-1.90182
1.20216
0.618078
-2.6773
-0.78887
0.330004
-0.9449
2.38238
-0.27009
-1.65612
-0.413223
0.795972
-1.27739
0.372987
-1.55807
-1.04185
-0.82026
0.906736
-0.285293
-1.01338
-1.38018
-0.172648
0.847407
0.142793
-0.758339
-0.858622
0.252439
1.66431
-0.555162
0.961798
0.324247
-0.676407
-0.566565
0.903138
1.12034
-0.482224
-2.99907
-0.677718
-0.959355
0.765902
1.33151
0.377963
-1.24453
-0.840165
-0.673695
0.185934
-0.523596
-0.695887
-1.11929
-0.212246
1.79132
0.326724
-0.217247
-0.821319
0.778159
0.0775424
1.2332
0.742413
-0.614763
-0.480745
-0.865403
-0.523813
1.66271
-0.804541
1.11516
0.784816
-0.493241
-1.23978
0.0934497
-0.834425
0.478136
1.20617
-1.09803
1.05729
0.429215
-0.262001
-0.725687
-0.747151
0.36523
-0.613078
-0.575121
0.216029
-0.00818104
0.947439
1.58586
-0.624246
-0.193667
-0.150118
-0.00927067
1.16843
0.0657352
-1.92341
-2.42966
-0.752
-1.06949
-0.30284
-0.24467
0.499787
-0.692322
0.184494
-1.30345
-2.03666
0.273949
-0.72074
-0.667633
-0.282985
-0.723565
0.454842
-2.08058
0.506479
0.589988
-0.0708098
-0.166389
1.27361
-1.32816
0.991705
-0.234781
1.76189
0.54963
-1.03924
-0.772978
-0.186063
1.10407
0.620686
-0.397148
0.112401
0.747961
-0.234038
-1.56309
-1.61285
0.971427
0.521143
-2.63885
-0.949267
1.60951
1.24303
-1.92297
1.21194
1.30257
0.351426
0.674096
1.92566
-0.714505
-0.938244
-1.9173
-0.820176
1.19652
-0.714367
-0.21801
-1.88995
-1.35557
-0.159169
-0.340031
-0.916807
1.23737
-0.214674
0.916771
0.818237
1.34742
-0.982647
0.53645
1.62832
0.420949
0.373036
0.357871
-0.804347
-0.551256
-2.25403
-0.401417
-0.580767
-1.15396
1.00098
-1.94855
-2.88287
-0.908242
-0.344701
-0.872942
0.0931408
0.457595
-0.429097
-1.69935
1.57702
-0.304143
0.00288075
0.0345104
1.22431
-1.25141
1.70347
-1.45754
0.367706
1.56925
-0.687883
0.0621185
0.137206
-0.258896
-0.900208
-0.577006
-0.955921
1.33148
1.5475
-0.740977
-0.0440366
1.09548
0.456998
0.629767
-0.147807
1.14041
0.228819
-1.42691
0.704171
-1.79486
0.00678629
-1.0441
1.87442
1.12768
-0.547363
0.0425683
0.0472481
-1.04153
2.44508
-0.419251
-0.75775
0.762851
1.12498
0.442612
-0.216499
-0.206197
-1.20187
0.330146
-0.534429
-0.398564
1.37311
-0.254075
-0.826793
-1.28311
-0.238732
1.9669
-0.303753
-1.55087
-0.446542
-2.13576
0.0685344
-0.142099
0.345566
-0.0304788
-1.16204
-0.422259
-0.0729761
0.656722
0.18598
-1.03579
0.938964
-0.120647
-1.77716
-0.287813
-1.30389
-1.5277
0.0612469
-0.573739
1.3923
-0.500191
-1.80223
-0.0879263
1.09882
1.20593
1.47333
-0.556246
-0.89713
1.4549
-0.139899
0.546277
-1.56674
0.117817
-0.065501
0.778598
0.332532
-0.285637
1.44138
1.06291
1.45573
-0.0298919
-0.660094
0.0942806
0.311946
0.0532979
-1.77558
0.802132
-0.257797
0.373579
-2.21227
0.919049
1.2906
1.24266
-1.36042
0.3605
0.0784329
-0.175759
-0.602531
0.0343632
-1.34675
-0.578972
0.928277
0.108233
0.55734
-0.562947
-1.35044
1.20379
-0.556434
1.28283
0.727056
2.24075
1.27121
-1.33493
-1.23321
0.0957877
2.91375
0.942801
-1.52028
-1.74662
-1.03119
0.752831
1.54387
0.432742
0.0551457
-0.602859
0.670242
-0.235883
-1.82278
-0.22145
0.202746
1.15792
-0.153945
0.979466
-1.99266
0.11106
-0.101634
0.869155
0.144837
-1.16742
0.771191
0.41152
1.60042
-0.196981
2.10334
0.0341352
0.59193
0.430497
-0.616628
-0.776669
0.462264
-3.07954
0.575697
0.349359
0.22354
0.0828655
-0.634631
0.0781354
1.12691
0.867592
0.421279
1.86822
-0.497203
0.670502
1.32896
0.621026
2.01391
0.431008
1.25624
-0.239873
0.917723
-1.87022
-0.0536624
0.310919
0.835245
0.847821
-0.932594
-1.00741
-2.3495
0.0993121
-0.815558
0.86488
-0.49139
1.05151
-1.84706
-0.757305
1.36445
1.19502
-0.158365
-0.152213
-0.996917
-0.400304
0.26641
0.194134
1.78403
-0.753306
0.981787
0.285811
0.273057
0.483736
0.207174
-0.436221
0.399102
-0.2942
1.00408
0.190298
-0.998958
0.892195
1.0553
-0.933661
-0.635106
-1.27409
0.934844
-0.422065
-0.114521
1.81685
1.19635
-1.74167
-0.508979
0.606278
0.214168
-0.833651
0.777321
-1.73777
2.27553
1.75837
-0.63884
-0.0983328
-0.579255
-0.42805
0.797951
0.848821
1.49456
0.0463606
1.60951
0.0494905
0.366268
0.692572
-2.68719
-1.41808
1.18834
0.245437
-0.742982
-0.24401
-0.733771
0.687453
0.747513
-0.409726
0.308131
1.37771
-0.376855
-0.582366
1.39344
0.422338
0.0370758
0.544916
-1.0812
-0.528291
-2.27359
0.20288
-2.26994
0.58957
3.22045
1.6848
1.50423
-0.721629
-1.20101
-0.616336
0.584701
0.206471
-0.254204
0.622098
0.52101
0.0218363
0.871082
-0.792608
-0.695577
-0.478213
-1.17814
-0.0114452
0.436926
-1.68166
-0.402092
-0.418037
-0.225834
0.641863
0.479419
0.461975
0.946339
0.000227213
-0.005831
2.06338
0.293127
-0.166774
0.423718
0.187688
0.683632
-0.7882
-0.637288
0.56606
-1.49371
0.00584328
0.290172
1.14504
0.6419
-1.56556
-0.141321
-0.885208
0.785562
0.533378
1.91783
-0.568497
0.51534
-1.0727
-0.922923
2.23858
1.52044
0.248506
-0.612282
-0.720908
1.02273
-0.476919
-1.40705
1.25309
-0.568573
-0.442723
-0.270991
-1.39863
0.0828671
0.398697
-0.179162
-0.573613
1.03325
-1.25559
-1.46102
0.318769
-1.03287
-1.0986
-0.838068
0.142381
1.66101
-1.50608
-0.821015
-0.135366
1.60425
0.63351
1.69142
0.0289207
2.0465
0.144092
-0.0170954
1.22884
0.049354
0.469228
2.52457
-1.04656
-0.724566
-0.447275
0.417195
-3.08361
-1.026
-0.81046
-0.928806
0.650895
-0.010368
0.56948
-0.967596
-0.122343
0.54711
-0.582568
0.427183
0.879767
-2.00635
1.06935
-0.994693
-0.70546
0.398961
0.0747489
0.611452
0.284618
0.671803
0.268815
-0.816338
1.23792
0.454685
0.816108
1.69894
0.961779
1.12555
0.546284
0.372738
1.64782
0.309752
-0.656145
-0.81942
2.61575
-1.80823
-0.559033
1.32202
-0.826615
0.80913
1.12495
1.65454
0.402017
0.107806
0.619529
-0.0239813
-0.358684
0.257481
-1.44609
-0.782157
-0.047088
-0.664787
-2.08757
-0.140456
1.17603
0.114508
1.14936
-1.73067
0.00274992
1.10864
-1.64259
-0.0188413
0.840736
-0.506671
-0.582237
-1.58319
3.12885
0.398077
1.28768
-0.081761
0.595821
-0.593483
-0.491264
-0.0540281
0.878616
-1.09939
-1.40389
2.15961
-0.058378
-1.86074
-1.15197
-1.50902
-0.751899
0.530919
-0.0447531
-0.570817
-0.186139
-0.644693
0.112259
-0.329974
-0.390879
-0.439301
0.263489
-0.192203
-0.815785
-1.18789
0.120859
0.966558
-1.52273
1.47489
0.113196
0.323708
0.265021
-0.712693
0.432197
0.749057
2.29596
-1.37096
0.757422
1.0467
0.2297
-0.142129
0.415023
1.55189
0.695952
-0.741279
-1.88229
2.31363
0.690455
-0.683919
-0.449485
0.736737
0.679987
0.785571
-0.0668247
-0.420485
-0.771376
0.033241
-0.960668
-1.40805
-0.290088
0.522862
-1.01675
-0.389737
1.59831
0.567936
-0.988222
-2.31602
-0.295444
-1.94988
0.449043
0.0783271
-0.943272
0.124898
-1.38104
-1.90233
-1.21316
-2.29776
0.126474
-0.794417
-0.133253
1.24361
-1.0538
0.158385
0.372945
0.304264
1.32504
0.400491
-0.158497
-0.803342
-2.11545
-1.1414
-0.109698
-1.43519
0.138359
0.0407361
0.991739
1.45614
0.224162
-1.19889
-1.01716
-0.448492
1.41062
0.352548
2.88601
1.60751
-0.572054
-0.852121
-1.40639
0.0699263
1.2223
1.12841
0.741941
0.789027
0.533603
-0.750643
0.355802
0.0740061
-1.07202
2.49711
1.352
0.384703
-0.451284
0.300646
-0.227528
-0.209625
0.593812
-0.806703
0.729502
-0.189998
0.541367
-0.0977978
-0.740913
0.257811
0.964886
-1.02634
1.56273
-1.20798
0.844036
-1.22786
1.12489
-1.56735
-0.794015
0.553097
0.716227
-1.26856
0.71929
0.826349
1.51863
0.638517
-0.565435
-0.174846
-0.252612
-1.0715
1.52066
2.13535
0.436607
-0.337763
0.405443
-1.27407
0.910226
0.625891
-1.66194
0.265357
-1.41935
-1.17672
0.579717
1.65168
-0.500723
-1.09133
-0.306566
-0.67586
-0.713417
0.156792
0.477767
0.0560963
-0.357776
-0.0848485
-0.279106
-0.759053
-0.503085
0.585324
-1.28969
-0.340885
0.485708
-0.912632
-0.795878
-0.746777
0.599878
-0.385537
-0.0585358
0.524023
-0.198493
-0.0865952
0.413542
-1.43935
0.228266
1.68166
0.764272
0.121003
0.261025
0.289961
1.73381
-0.539876
0.719804
-1.73966
0.456981
0.862808
-1.11608
-0.854282
-0.0131781
1.25292
-0.668947
-0.557274
-0.140235
1.7158
-2.38951
0.165376
0.0656086
0.891441
-1.4432
-0.20895
-0.461569
-0.317947
-0.277754
0.152395
0.482202
-0.688171
2.13472
-0.61499
0.175781
1.0085
-0.0493439
1.35528
-2.55294
0.0714117
-0.104564
0.467687
-0.847321
-0.00842953
-1.43643
0.0688092
-1.12762
1.58231
-0.140296
-0.235702
0.424953
1.50842
-0.561157
-1.00672
-0.250436
0.270902
-0.303766
-0.265092
-0.37269
0.9336
-0.397973
-0.206824
1.11131
0.984722
-0.329024
-0.829527
1.50825
2.00027
1.14018
-1.20385
0.22642
0.270977
0.0230442
-0.676589
0.160666
-0.682243
-0.0100319
-0.16872
-0.543617
-0.511611
-0.549226
1.73083
-1.88134
0.421891
0.543242
-0.26177
-0.014129
0.395141
-0.531473
-0.206355
0.19177
-0.571848
-0.422771
-1.11633
1.25588
-0.107022
-0.365153
-1.076
0.924083
0.570428
0.579272
-0.780184
1.33405
-0.000799716
1.51323
1.96568
-1.77489
2.0682
-0.330992
-2.29174
-0.545755
0.900681
-0.610343
-2.06379
0.356364
-0.947444
0.41061
-3.05749
-0.160666
-0.294742
0.489464
0.43716
-0.215426
0.153946
0.302589
-1.6598
0.149332
0.31183
-0.305576
0.77475
-1.23843
-0.948484
0.828788
-0.721349
0.424781
-0.563372
1.1931
-1.04272
-1.21024
-1.40287
-1.7842
0.105785
-1.10229
-0.572705
0.904433
-0.447929
-0.284835
0.269238
-0.528019
-1.09521
0.809571
0.227233
-0.706307
-0.0814919
2.37496
0.377247
-0.209779
-0.116514
0.903022
-1.79601
-0.0339064
-1.04085
0.567729
0.424884
0.327351
2.66883
1.1253
0.451561
-0.555614
-0.232038
1.68395
0.526093
-0.335652
-1.22565
0.526739
2.2669
-0.0300813
1.39528
0.127549
-0.946237
-0.76543
1.76245
-1.56408
0.615001
-0.650896
0.318378
1.04415
0.954356
1.03679
0.839611
-1.13921
0.345414
0.486888
-0.247206
-0.0524787
0.857278
1.24085
-0.255266
-0.904448
-1.98046
0.111504
-1.71089
-0.277113
-0.53726
1.42914
-1.77795
-0.621129
-0.691763
-1.66606
-0.251799
-0.424832
0.719323
0.891453
-2.33141
-0.196248
-1.09952
-0.0439504
-0.121829
0.30639
-1.53273
-1.18178
0.790724
0.549372
-0.864962
-0.828899
-0.505178
0.654456
0.679607
1.03917
-1.17846
1.23903
-0.032475
-0.0779797
0.389031
0.049907
-0.091704
0.772368
-1.59717
0.169793
1.50699
0.69164
0.683384
-0.640868
-2.04123
1.79938
0.601644
-0.389522
-1.02016
-1.09645
-1.25527
-0.870294
-0.655541
-0.272938
-0.564983
-0.0871482
0.689388
-0.469944
0.894232
0.964528
0.0520421
0.140103
1.63853
1.28363
-0.317946
0.497026
0.805377
0.610626
-0.569644
-1.61638
-0.263051
0.541852
1.25187
-0.187288
-1.46443
-1.40581
0.377213
0.385458
-1.25821
0.628629
-1.07236
-0.356953
-0.663533
0.308139
-0.8579
-0.251356
-1.47395
1.64161
0.348319
0.217079
0.0382699
-1.21038
0.195765
-1.3682
-0.552649
-0.234703
1.60376
-0.56689
0.156391
0.487074
0.586811
-2.11079
-2.25169
1.82848
1.58589
0.30124
0.387667
2.04091
0.923119
0.60212
1.82285
0.617058
3.41021
-0.322509
0.162753
0.195115
1.4889
1.17283
0.521846
1.19613
-0.771293
2.36627
-0.727825
-0.0401773
-0.119831
1.04422
-1.46721
0.723176
1.38424
-0.184999
0.389638
0.819781
0.392541
0.57134
0.884528
-1.583
-1.20872
-1.27093
1.61804
0.348998
0.467233
0.817177
-1.22245
0.50586
-0.860786
1.18402
-0.360613
-1.32897
-0.58146
0.728508
-0.316603
0.369626
0.846
-0.416824
0.790201
-1.61651
1.22508
-0.538377
1.79351
0.00776958
2.13525
-0.507333
0.441411
1.38908
-1.45028
1.39294
-2.01652
0.73663
0.490147
-0.614249
1.08978
0.0771031
0.605841
-0.980699
-1.44342
-0.346451
0.0112007
0.0513817
0.210661
-1.01981
0.511126
1.30468
-0.283126
-0.472428
0.761441
1.13035
-0.867324
-1.31998
-2.21274
0.859376
0.827611
0.277204
0.50703
-0.414084
1.33822
0.527636
0.132889
0.793119
-0.608739
0.333593
-1.7886
-1.43219
0.76572
-0.109313
0.847036
1.50352
1.32784
-1.37833
0.495818
0.882705
-0.315277
-2.20335
-1.45133
-0.0794684
0.418774
0.0625907
-0.671046
0.131527
0.453733
-2.16157
-1.30275
0.0159932
1.09745
0.605209
0.395702
1.33596
0.333366
0.900067
0.401039
-0.279862
0.572405
0.603721
0.0167887
-0.144002
0.220248
0.699038
0.226714
-1.41447
-1.06679
-0.0994126
0.181872
0.342587
-0.0177117
-2.21005
-0.598313
0.860025
-0.994174
-1.00421
-0.52103
-0.18813
-0.94646
0.617467
-1.22111
-0.223462
-0.940341
-0.309773
0.701561
-0.310093
-0.315235
0.577469
-1.87771
-2.38528
-0.854133
0.204676
1.20517
-0.962558
0.86241
0.214283
-2.69158
0.229995
-0.753543
-0.572511
-0.60521
1.48927
-0.947006
-0.00609696
0.445113
0.231993
-0.975049
-1.81399
-1.74347
-0.884938
-1.06159
1.06551
-1.51493
1.63419
-0.174069
0.526551
0.168799
1.03236
-0.113928
-0.798244
1.16164
0.0794604
-0.741639
0.895209
0.283951
1.60163
-0.443971
1.66377
1.10815
0.0767802
0.458627
-0.566836
1.13672
-0.236546
-1.02562
2.67455
0.232281
1.33674
0.553681
-0.19736
0.375375
-0.00680214
-0.617293
-0.0262713
-0.965445
0.537135
-0.543949
1.02077
0.595969
-1.14066
0.580504
0.286602
-0.00394976
-1.2077
0.668347
0.0789877
-0.317798
-0.951788
-0.0446346
-0.757594
0.993738
-0.603427
-0.224617
-0.882385
1.59763
0.280432
-0.609758
0.276334
0.129572
-1.32372
-0.416177
0.132038
0.31651
-1.05919
-0.518128
-0.408713
0.747072
1.41642
-1.22501
0.322969
0.406115
-1.46739
0.0772553
-0.496044
0.372284
-0.840066
0.764934
0.187163
-1.70211
0.929575
0.189605
-0.310716
-0.460086
-0.589432
0.667005
-0.508359
-1.80559
-0.547788
0.774068
-0.878084
-0.403646
-1.14999
-2.45261
0.356246
1.128
0.0516652
-1.72736
0.0505747
-0.0936847
-0.436354
-0.92664
-0.125025
-0.254161
-0.281112
-1.80806
-0.229568
0.0796116
0.233978
-1.15164
0.578497
-1.56116
0.904943
0.200256
0.749497
0.44485
1.60053
-0.452212
-0.514046
-1.04727
0.312295
-0.572199
0.711803
-1.5635
0.704998
-0.149752
1.65224
0.694117
-0.530996
-0.608311
0.426075
-1.0497
-0.281235
-1.40647
0.682027
0.975712
0.88489
-1.56988
-0.0473813
0.269266
-0.791068
0.457526
0.336896
-0.1184
-0.280881
-0.685824
0.30023
0.766966
-0.081382
-2.45753
-1.21078
-1.92476
-0.201987
-0.755943
-1.63323
-0.356692
1.96231
1.71516
-0.497798
1.49001
-0.41899
0.544963
-0.747385
-0.779766
2.60679
0.523788
0.188733
-1.79408
0.0759521
0.118715
-0.187347
-1.59091
-1.54702
-0.411391
0.589931
2.22107
0.619227
-1.97565
1.04033
0.589267
-0.498579
-0.297256
0.448985
0.828527
-1.07455
-0.897608
-1.8636
0.344209
-1.23494
-0.644646
0.625499
-1.30302
0.381608
-1.52731
0.38502
0.0525387
-1.97308
-0.894209
-0.0554563
-0.127494
0.609066
-0.764626
-1.01884
1.10684
-0.128649
-0.0435972
-0.144258
-0.0504746
-0.191409
-0.525332
1.17365
0.338044
-0.65754
-0.121903
-0.262186
0.74528
-0.964391
-1.16864
-0.0440906
0.547184
-1.3913
1.42656
0.0154374
-0.881789
0.161442
0.972617
-0.939251
-0.597895
0.189429
-0.521335
-0.714608
-0.502021
1.94621
-1.37053
-0.891336
-1.99806
-0.882594
-0.215506
-2.66814
0.792672
-1.12678
0.242425
-1.54722
0.547123
0.103289
-0.167218
-2.61381
0.397244
0.371895
-0.396275
0.651694
0.904545
0.323848
2.46341
0.436435
2.37647
0.817592
0.103897
-0.181459
0.678195
0.759602
1.45794
0.174957
0.525849
-1.0749
-0.690092
-0.93032
0.165025
1.27869
0.639252
-1.4994
-0.353172
-0.663059
-0.891301
-0.0633873
-0.513895
1.65311
-0.362725
0.430613
-0.929394
-0.163852
-0.779386
-0.768658
-0.598552
-0.175837
-1.05829
1.41733
0.745315
-1.59893
0.302984
-0.247553
-0.980877
1.48853
0.179626
0.759374
1.20774
0.937754
-0.644477
-1.17623
-1.16045
0.69884
-1.48721
0.515676
0.363949
0.611155
0.287605
-1.29575
-0.956313
1.72045
2.55575
1.56195
0.756808
0.12747
-0.207367
-0.613525
-0.224627
0.805072
0.462906
-2.25658
0.346847
0.0618227
-1.99778
-1.41176
-0.716745
0.414821
0.354491
0.182967
0.539246
2.30631
-1.42995
1.57344
-0.181707
0.0688618
1.61331
1.01289
-1.03121
-0.71687
-0.0312169
1.53311
0.4693
1.10633
-1.13218
0.135195
0.750396
-0.811975
1.00608
0.221933
0.781507
-0.686044
-1.07997
0.0142595
1.18375
-0.249506
-0.825605
0.597734
-0.808434
-0.375277
0.22472
-0.0026691
0.637502
0.247826
-0.413695
-1.05628
0.115115
-1.57374
1.21193
-1.79737
0.358736
1.64032
-0.602082
-1.20108
0.0033654
-1.67531
0.374221
1.47558
0.220296
-0.457796
1.11764
2.24774
1.13299
-0.379258
-0.958741
0.0428696
-0.4425
-0.723663
-1.12221
-1.16265
1.67665
-0.422515
0.179598
-1.50142
1.06341
0.0848787
-1.59132
-1.83322
0.411262
-0.82671
-0.830466
1.03345
0.923466
-2.68823
0.539351
-0.917923
0.602184
0.855647
-0.0986368
0.500845
1.75867
-1.26834
-0.974988
-0.367171
0.601179
1.29816
1.47463
-2.58015
-1.32785
0.669405
0.111633
-0.473213
0.737539
1.20021
-0.171329
0.208061
2.42435
-0.498022
-1.22155
0.273953
1.04548
0.620191
0.5981
0.732061
-0.0836512
-0.809561
-0.486098
-0.31626
-1.64079
-0.297423
-0.75212
1.38116
1.78227
0.0110821
1.56213
0.926875
0.940008
1.79862
-0.784222
0.545553
1.59837
-0.903923
0.494953
0.298195
-1.75744
-0.403064
2.53018
-0.741032
0.0652177
1.28314
2.05798
-0.419645
2.09142
-0.53483
0.1998
1.69201
-1.767
0.630861
-0.313035
0.870901
2.26742
1.25942
-0.569302
-1.1603
0.436161
1.76525
-0.457464
0.360575
0.881668
0.682974
-0.487694
0.424323
-0.939298
0.653789
0.540003
-0.382476
1.10595
1.52928
0.61098
0.0918006
-1.55912
0.186077
-1.64824
-1.32709
0.622332
-0.538404
0.865151
-1.52154
0.366672
0.796415
-1.10032
0.355042
0.77979
0.21676
2.19272
-0.898412
0.564248
0.787952
1.21924
-0.152829
1.90007
-1.26543
-0.398942
1.37901
0.460361
0.503309
-1.0391
-0.594832
-1.78974
0.549166
2.1185
-1.09377
0.173572
1.38707
-2.89685
0.359455
-0.537884
0.210903
-1.07984
0.516354
-0.847739
-0.0235346
-0.765436
0.199494
0.962868
-0.344534
1.74676
0.537771
0.420283
0.533107
-0.785435
1.13661
-1.48883
-0.988655
-1.70693
0.1444
-2.51237
-1.19856
-0.14711
-0.729685
0.341338
0.790678
-0.204846
0.754598
-0.618451
0.88881
-0.54632
-0.911462
-0.0208756
0.70417
1.67607
-0.820724
-0.587178
-0.0975138
2.21648
0.0795335
0.612133
0.780893
0.681659
-1.19391
-0.356706
-1.3738
0.799665
1.03563
1.89679
0.478525
1.40454
-1.45546
0.50582
0.975919
-0.40446
0.800189
-0.00869912
-0.891806
-0.613641
1.90351
1.89387
-0.269045
-0.977586
-0.954673
0.786791
2.45724
0.575291
-0.714937
0.772885
-0.955273
-0.253549
-1.66977
-0.587376
0.148715
-0.709204
1.67538
-0.88126
0.981543
-0.842785
0.935599
-0.754761
0.926279
1.09324
0.301732
-0.277011
-0.328558
0.6661
0.160842
-0.283216
1.55227
-1.00063
1.44717
-0.345372
0.755307
1.61681
0.52572
-0.0394359
0.00992113
0.729519
-1.40933
-1.09
0.67492
0.78254
-0.128688
1.58085
-2.26662
0.220212
-0.614919
1.76802
0.551809
-2.13624
-0.966643
-0.595568
-1.27782
-0.561655
-0.561845
0.347915
-1.52379
-1.36404
-0.194633
-1.71939
-0.52699
-0.525487
-0.396541
0.635408
-2.63902
0.383853
-0.122022
-0.67332
-0.247447
-0.590873
-0.17218
0.595288
-0.104451
1.0743
2.18991
0.793043
-0.585858
1.88808
-0.260533
-0.90878
-1.2809
0.490104
0.171385
-0.0578502
-0.515162
0.0702446
-1.93206
-0.662648
0.633901
0.772021
0.246981
-0.380654
0.888099
1.09579
1.06429
0.369327
0.736108
0.867485
0.618687
0.860658
0.56965
-1.39507
0.657631
0.136161
0.722907
0.604988
-0.399855
1.25806
1.46875
-1.32509
1.3291
0.173132
1.6481
-1.75841
-0.225393
-0.12702
1.2867
1.58625
1.01092
0.562975
-0.318248
-0.411552
0.568456
-0.951141
0.170406
0.499166
-0.0860701
1.08104
0.470434
-0.674829
-1.53856
1.33526
0.138195
-0.315103
0.148845
0.17985
0.89069
-0.683708
2.15868
2.27008
-1.5735
0.479147
-0.176603
-0.472012
0.889897
1.00845
0.780021
0.498781
1.43868
1.84443
-0.383858
-1.53512
0.971553
1.71144
-0.166085
-0.612278
-0.230362
0.643802
1.9349
-0.981945
-0.602894
-1.69942
-0.724452
0.926065
-0.21037
-0.37141
-0.724732
0.597449
-1.22114
0.236373
-2.33368
1.40153
-2.0452
-0.466555
1.74555
-0.425745
-0.872995
1.03614
-2.39042
-0.114791
-0.101908
-0.166959
1.56298
-0.504298
-0.472917
-1.11591
-1.29275
0.43419
1.06269
0.98917
0.232588
-1.58773
-0.225424
-1.65123
0.679593
-0.217913
0.306676
-0.0347934
-0.43851
0.511149
0.126601
-0.495693
-1.98023
0.488752
0.626477
1.27217
0.576101
-0.40535
-0.698353
-0.217712
0.574259
0.159025
0.909367
0.0935682
-0.580175
-0.339904
1.38614
1.14261
0.112498
1.2596
0.56918
-0.83973
0.759405
0.737527
-0.499084
-0.741552
0.77881
0.285036
-1.19742
2.2045
-1.27714
-1.11776
-0.665469
-0.0552029
0.0799287
1.0331
0.712667
-0.0452073
-1.09534
-1.11351
0.414799
1.52216
-0.522904
-0.82039
0.91358
0.674687
-0.0686504
0.461194
1.24236
1.24002
0.0964622
0.631241
0.20727
-0.424761
-0.00379193
-0.0336499
0.529826
0.934669
0.441833
0.307402
-0.860566
0.393102
0.952095
0.598264
1.13338
1.75696
0.0938782
0.766332
0.0497805
-1.21177
1.00148
0.148141
1.29072
1.23768
-0.423703
1.35632
-0.615752
0.667378
-0.877621
1.2396
0.287982
-0.167327
-1.09869
0.19692
0.838751
-0.45234
0.605418
-0.991518
-1.97635
-1.02769
0.81846
-2.59759
0.172082
1.888
0.96382
0.787785
-0.552781
-0.326466
2.02798
-0.824638
-0.5687
-1.86102
0.865876
-0.617998
-3.0883
-1.64581
0.856812
-0.724917
1.31401
0.0366374
-0.812277
-0.362978
-0.544474
-0.702478
0.811983
0.74132
2.20749
-0.764686
0.795596
-0.0904559
-2.30238
0.0574263
-0.209435
0.479658
-1.10248
2.68281
0.195986
-0.303104
0.284461
1.73396
0.139754
0.358003
0.151258
-1.0793
-0.186314
0.801114
0.688803
-0.944474
0.17528
1.7581
1.0727
-1.19818
-0.220588
-0.0728207
-0.256201
2.47648
-1.24149
0.255255
-0.660239
2.79684
1.80079
-0.191264
1.26163
1.00351
-0.294895
-1.76946
0.279103
-0.243531
0.0313225
-1.41615
1.60334
-0.325848
1.12083
-0.0488599
-0.34209
-0.0264231
-0.79543
-0.814719
0.865834
-1.84627
0.00847995
-0.275405
0.328327
1.17337
0.747333
-0.710783
-0.174127
-0.384998
1.11237
0.321138
-2.44047
1.17783
-0.566775
-0.35675
1.78084
-1.44569
0.260154
0.533976
0.0774006
-0.817012
-0.0376967
0.285545
-0.834199
0.347573
0.85306
-1.45483
-1.11811
0.239449
0.747074
-0.760605
0.594495
-0.597401
-1.03375
-1.4729
0.755914
-1.17209
0.202999
-0.796076
1.45854
-1.99653
1.76288
1.17831
-0.950654
-0.149493
-0.177313
-0.24734
1.48471
-2.34941
-0.706596
-0.313709
-0.783458
0.439565
1.13974
-0.781071
-0.165884
-0.141948
0.480527
-0.455026
-0.278863
-1.11358
0.895738
-1.45118
-0.320926
0.723891
0.981132
-1.2819
-1.29798
0.0735071
0.622427
-0.851173
-0.540096
0.244812
-1.16234
1.5304
-0.703704
0.405687
-0.488331
-1.74396
-0.326375
0.0651655
-1.03756
1.70954
-0.442926
0.882916
2.13744
-0.117324
-0.619979
-0.400112
-0.741504
1.74361
2.18422
0.45449
0.908338
0.548567
-0.961244
0.520388
0.416996
0.403967
1.05323
-0.787579
0.193269
-0.533195
-0.234124
-0.785033
0.610207
-1.08949
0.72795
1.11182
0.966294
-1.61129
-0.105422
1.03702
1.27974
-1.1138
1.13301
1.5773
-1.37035
-1.50551
0.723659
0.344402
-0.613278
0.487629
0.580412
1.01076
-1.91295
-0.675537
-1.77101
-0.0917423
0.303943
0.249348
0.0719934
1.88089
0.0459819
0.0381944
-1.38397
0.3203
1.3139
0.195067
0.662598
-0.693691
-0.481189
-0.634971
-1.5351
-0.344218
0.54006
-0.0763087
-1.44142
-1.91704
-0.174364
-0.0585719
-0.944518
-0.648704
0.346896
-0.0872057
1.25749
-0.460938
1.12034
-0.0420192
0.46698
-0.524928
-0.761977
0.0925364
-0.925074
0.248401
-0.578787
-1.43407
-0.00166368
0.825058
-1.30888
0.698167
0.915093
-0.866303
1.06098
-1.49479
-0.216087
-0.605297
0.0799683
0.122833
-0.101201
0.523366
1.65975
-0.462855
0.248109
0.667778
-0.610006
0.227978
0.634139
0.0239744
1.76348
0.32302
-0.674434
1.62901
-0.489573
1.1884
-1.58895
1.18625
-0.470236
1.37465
0.458205
-0.148197
-0.262681
-1.04118
-0.400987
-0.522716
0.479194
-2.06621
-0.730601
0.327522
1.43333
0.46756
-0.404764
-0.774773
1.25792
1.82079
0.23083
0.648353
1.90157
0.943205
0.104074
-0.769744
0.324099
0.19939
-0.248357
0.437509
-0.39335
-0.256408
0.0838716
0.701356
-1.14066
-0.633316
-0.735385
0.766055
-0.976976
-1.16328
-0.389233
1.23244
0.27955
-0.761512
1.32123
0.494055
0.681732
0.239341
0.496705
-1.02963
0.90078
0.420005
0.686209
0.742551
-0.205459
-0.590898
-1.26935
-0.597775
-0.42001
0.341049
0.603677
0.837894
-0.524569
0.0768727
-0.971498
-0.86909
0.881053
-0.518205
0.947109
1.55852
-1.11498
-0.233925
0.958633
0.517855
-0.0273108
0.454286
0.656979
-0.645964
1.40563
0.977745
-1.05088
0.529289
0.701985
1.17823
-0.936548
1.93443
1.74923
0.405276
-1.15374
-1.45646
0.380803
0.233557
0.87813
0.702178
0.807352
-0.531528
1.97306
-0.670773
-0.916819
1.4994
-0.582867
-0.80303
1.86797
-0.549292
1.87785
0.180795
-0.126472
-0.0750149
0.419941
0.713807
-0.536651
0.14707
0.3893
0.110948
0.682452
-0.624024
0.495643
0.753187
-0.496334
-0.29937
-0.955761
0.912266
0.0678258
-0.169359
-1.07887
-0.0202695
-0.614661
-0.446861
0.174488
-0.401318
0.0477601
0.597502
-1.77801
-0.770349
-0.0737423
-0.797206
-0.768653
-0.29111
0.0100445
0.414091
2.21569
0.141653
1.5777
-0.472359
-1.68477
-0.44347
-0.850929
0.155388
0.263502
-2.45873
0.530365
-0.456363
0.634785
0.712915
-0.24009
0.416609
-0.06076
-0.602416
-0.991734
0.0987445
1.35244
1.56477
-0.930448
0.0662286
-0.853301
0.0907523
0.0531207
-0.747125
-1.6601
2.1042
-0.695871
-1.7631
0.385392
0.165735
-0.82936
-0.272722
0.333052
-1.7099
0.497783
-0.0658441
0.40906
0.317846
-0.550058
0.321497
1.3508
0.134324
-1.32808
1.37542
-1.56763
0.755332
0.577937
-0.940252
-0.000102162
0.842461
1.64241
0.790766
-1.08585
0.0773327
0.685295
0.361834
-0.0982618
1.01464
-1.31692
-0.102398
-0.824083
0.114528
-0.65303
3.08284
-0.859371
0.850546
-1.37028
-0.394655
-1.06434
1.37768
0.730183
1.11228
1.16991
0.181769
1.04378
-1.38977
1.50923
-1.79823
0.97087
1.21451
0.535597
0.738647
2.06691
2.42752
-1.22976
0.264586
0.895945
1.67324
0.192289
-0.165341
0.580536
-0.764156
1.24183
-0.163442
-2.40385
1.14757
0.246847
1.00237
1.15562
0.457631
0.0807821
-0.792846
-2.34403
-0.444433
-0.1692
1.09576
0.44244
-0.59122
1.72043
1.71872
-0.818441
-0.0184109
1.47274
0.105135
-1.34966
-1.51152
-0.865744
-1.10415
0.431304
0.673936
-0.449463
1.34157
-0.485603
1.51848
-0.554505
0.590425
0.806647
-1.63265
-0.0777919
0.946231
-0.45861
0.123977
0.205098
-0.816866
1.59636
-1.54924
-1.61879
-1.20317
1.34433
1.19696
-1.30652
-0.260278
0.418951
0.205313
0.466925
1.20308
-0.265275
-0.440891
0.952362
0.700898
-0.319261
-1.45323
-1.49187
-0.747684
-0.825027
-2.02141
0.211797
0.875871
-0.480831
0.751579
0.777231
-0.337545
0.286684
-0.181962
0.509078
0.418135
1.22838
-1.24278
1.23384
1.17517
2.34334
-0.854251
-0.465742
1.5032
0.289997
0.272285
2.09375
-0.626953
0.464837
1.19163
-0.000778139
0.0210261
0.428669
0.297983
-0.829321
1.36368
-1.60223
0.924835
-0.0233532
1.02958
-0.953474
1.7452
0.255975
2.05096
1.18298
0.335027
0.459438
-0.929692
-0.326234
1.42544
-1.05651
0.485824
0.832864
1.312
0.830131
0.0482697
0.834742
0.335287
-1.25216
-1.68057
-0.253184
0.151516
0.238067
-0.532035
-0.712196
-0.608525
1.83308
1.78462
1.7163
0.661507
-0.160632
0.829209
-0.0692892
-0.169299
-0.286959
0.571408
0.669945
-0.215997
0.0230473
1.44418
1.18097
-0.231661
-0.338152
1.13849
0.69844
-0.509516
0.892731
-0.146447
0.234802
-1.69235
0.539423
-0.40011
0.590681
-0.297241
0.929355
-0.902694
-0.875015
0.532248
1.35025
1.15743
0.624561
-1.57254
0.95193
0.635409
-1.23014
-1.39849
-0.538911
-0.561094
1.83723
1.27314
0.53978
0.715548
-0.254289
-1.86761
-1.39641
1.14095
-0.695914
-0.217178
-0.0144616
0.686105
-0.36218
-0.402767
1.28773
0.988115
-1.40774
0.564943
-0.519745
-0.639063
0.260189
0.140644
-1.35818
-0.0612158
-0.31527
0.203833
-1.23108
-0.669084
-0.559645
-0.336137
-1.68552
-0.673732
-1.58158
1.10883
-1.23038
0.0885717
-0.216958
0.0886614
-0.106871
0.404276
0.684059
-0.553756
-0.975927
-1.69113
-0.876738
-0.814318
1.11442
-0.240272
-0.834245
0.0640758
-1.12897
0.404477
-1.50162
0.419301
-2.38486
0.939525
1.90696
0.061344
0.697197
-0.695769
1.00918
-0.986911
0.839067
1.57508
-0.359184
-1.72295
-2.20498
-0.41306
-1.18218
-1.68787
-0.340127
-0.961324
-0.00637233
-0.801687
-1.05336
2.32316
1.68918
-1.0066
-0.942592
0.258497
-0.464502
0.423472
-0.354145
-0.556645
-1.47998
0.319977
-0.00208199
-1.5053
-0.467286
0.92221
-1.77542
-0.213744
-0.121807
-0.275846
-1.02467
-0.369605
0.420827
0.545527
0.650792
1.32901
0.442454
0.94389
-1.79361
1.23513
-0.319959
0.10533
-0.153842
-2.7976
-2.05238
3.07331
0.372481
-1.59637
-1.91871
-1.45447
1.38344
1.41962
1.27982
-1.2983
-0.337859
1.12745
-0.269701
-1.53406
1.56269
-0.707536
0.222127
1.36465
-0.11078
-0.00490797
-0.211327
-0.486259
-0.460155
0.895983
0.875306
-1.18162
-0.793328
0.386272
-0.830345
-1.32825
-0.654152
-0.648114
-0.707214
-0.123241
-0.339684
-0.460908
1.42918
-1.68903
1.35854
1.19861
1.36959
1.45812
-1.31401
-0.630088
0.579819
1.81292
0.218314
0.980795
0.326897
2.16821
0.449274
0.70038
0.514925
-0.55894
-1.71849
-1.19702
1.21914
-1.40371
-0.648752
-1.16358
-0.898003
0.118308
2.46296
1.09435
0.101572
-0.458555
-0.0027287
-1.39658
-0.728631
0.211801
-0.169391
0.0313037
2.19865
0.944031
-0.912503
-0.341592
-1.96463
0.26408
0.873149
2.13327
-0.434884
-0.884023
-0.330326
-0.81818
0.831666
1.03832
1.09946
-0.931178
1.22918
-0.0375773
0.781017
-2.39864
-0.482303
-0.0411051
-1.19039
-0.518394
-0.823447
-1.16183
-0.170385
0.0799486
-1.17035
0.291507
0.372371
-0.13389
0.0420537
-1.86734
-0.867548
0.0957921
-0.00282997
-0.566715
-2.06132
-2.15257
0.537078
0.810137
0.130962
-1.89074
-0.614672
-0.134555
1.29427
-0.702678
0.370086
-1.05645
-1.71199
-1.2148
0.715954
1.00961
-0.324132
-1.20239
-0.0437201
-0.851226
0.405529
-0.545308
0.297454
1.11575
0.69512
-0.448326
0.428404
-1.0762
-2.08136
0.0110331
-0.290207
-0.0415469
0.462791
2.20199
0.874927
-0.82128
-0.658071
0.0381785
-0.299359
-2.14548
-1.00541
1.17961
-0.420829
-0.0746893
-0.284392
-0.293642
1.09798
-0.652151
1.13311
0.672328
-0.470271
1.33804
-0.363935
-1.21463
-0.170427
1.30358
0.0466257
2.04659
-0.847356
-0.146248
-0.69609
0.0752104
-0.762898
-1.33259
-0.363834
0.0377023
0.514555
-1.15169
-1.19271
0.883283
-0.459894
0.102863
0.963362
0.193722
0.136482
-0.325893
-0.673553
-0.997574
0.884849
0.246436
1.83634
0.550203
1.88755
-0.560839
-0.000214934
0.709664
1.20196
-0.387777
1.0492
1.36596
1.91073
-0.207675
-2.58914
1.54124
-0.340707
-0.197464
0.676711
-0.212316
0.674057
-0.132322
1.24791
-0.109313
1.92148
-0.391022
0.0970544
-1.02667
0.708952
-0.681575
-0.443577
0.75328
1.17648
0.777615
-0.318873
-0.471251
-0.178433
1.08509
1.97803
0.166786
-1.30567
-0.18655
-0.784038
1.88391
1.11349
-0.174962
1.52899
-0.432818
0.666116
-1.70727
-0.149215
0.974325
-0.284861
-1.26486
1.84987
-0.220211
1.39443
-0.117943
-1.28582
1.30581
0.565457
0.223527
1.22725
0.4895
0.174797
-0.133849
1.08648
2.26761
0.944977
0.161875
-1.72377
0.558347
-0.916764
-0.831512
-1.83481
0.389616
0.0978875
-0.231128
2.1011
-0.4663
0.584159
0.316178
-0.160688
0.676179
0.613441
-1.63349
0.729551
1.45296
-1.07197
-0.489592
-1.90344
-0.222547
-1.03156
-0.335357
-1.08851
-1.03713
1.02209
0.73463
-1.46419
0.716067
-0.775103
-1.29746
0.699601
0.52995
0.394324
-0.116703
-0.750895
2.19772
1.11048
-0.482878
-1.93621
0.250538
0.247129
-0.274526
-2.12176
-0.543923
-0.866686
-0.219544
-0.803277
0.717222
0.394338
-0.182582
0.826269
-1.07906
0.795002
0.851286
0.415573
-1.36487
-0.554279
-0.968211
1.52755
0.00270146
0.584177
-0.491736
-0.872559
1.79165
-1.60561
-0.120713
-0.192793
-0.946367
-0.183586
0.984959
0.00315857
-0.775689
-1.07026
0.657582
0.941557
0.330806
0.764444
-0.717499
0.614657
0.298064
-1.26253
1.20424
-1.24581
-1.03497
-0.445076
0.653937
-0.487492
0.218641
-1.00394
-0.0848584
-2.06798
0.60593
1.68217
-0.465595
0.60298
-2.38753
-0.0623292
-0.0806727
1.38129
0.799952
-0.33424
0.523
0.699453
-1.63156
-0.975559
0.66678
0.630518
1.83149
0.871795
0.50913
0.125493
-1.53176
-0.678314
-1.73682
1.16205
-0.126762
-0.754351
0.656946
-0.351036
-0.85495
-0.61502
-1.098
-0.0167769
0.927966
1.03763
-0.0792717
-0.218898
0.625686
1.76456
-0.651938
0.36454
-0.319496
1.38629
1.33024
-1.03272
-0.152545
-1.10813
-1.15821
-0.292773
0.291479
1.17917
0.435571
-0.174717
0.316652
-1.1355
0.695613
1.05031
-0.203333
0.0350295
1.41959
-1.38991
0.135079
0.270319
1.2592
-0.0165352
-0.765975
-0.852439
-0.0276468
-0.987272
-0.121211
-0.675974
-0.525684
-0.445131
-0.492739
-1.66433
0.650798
1.13624
0.527662
-1.16001
-0.0591832
-0.283023
0.125383
1.34908
0.0384627
-0.702229
0.65925
-2.31722
0.019574
-1.10989
-0.144946
1.38565
0.640529
1.23829
1.78873
1.85061
0.405659
0.690759
1.69581
0.570588
0.0206621
-2.07275
-0.700608
0.517176
-0.0415149
-0.275427
0.124032
-0.0757267
-1.41556
1.66208
0.118508
1.61441
0.561459
-1.65773
0.893298
0.638471
-1.8818
0.751314
-0.171477
-1.8139
-0.551854
-0.735909
-0.514958
0.547844
0.319638
-1.23128
-0.296089
0.371352
-0.855967
-0.00234091
-0.0496797
-2.38405
1.86156
1.55724
1.44316
0.0258953
-1.36416
1.08382
0.594666
-1.14622
0.241165
-1.57965
-0.398607
0.37463
-3.26357
-0.195537
-0.860792
0.551571
-0.879354
-0.298035
-0.63721
0.63877
0.374113
0.83374
0.30807
1.02937
1.93949
0.72268
-1.24957
-1.48891
0.0743852
0.610448
-0.991291
-0.475333
-0.69617
0.0286473
0.387829
-0.518045
-0.648204
1.34057
1.31594
-0.8329
0.332776
-0.639101
-2.1936
0.78055
1.55764
-1.14286
0.598776
-0.899029
0.440605
0.547414
1.1406
-1.05769
-1.09358
1.3103
-0.81121
-0.188335
-0.999853
1.01832
-1.49244
-0.595662
-0.158124
1.35973
-0.120769
-0.851451
-0.0402628
0.348305
1.23881
1.13017
-0.616427
-0.662275
-0.110286
-0.369114
0.626076
0.829289
0.77732
0.78272
-1.09203
0.440894
-1.34796
-0.702004
0.764856
-0.430543
-0.564893
0.0815789
-0.979261
0.945229
-0.37361
-0.176386
0.649799
0.0257291
-1.77351
-0.0210276
0.790849
0.353978
2.34734
-0.0403011
0.273423
0.746784
0.135208
1.41693
-0.280088
0.232413
1.03518
0.756004
1.90497
-0.0181643
0.707122
-1.6599
-0.925753
0.365114
-1.22361
0.611318
0.732305
-1.44391
0.721758
0.487731
1.08553
-0.615461
-0.984976
-2.10338
0.251028
-0.131715
-0.444068
1.77318
1.51193
0.131737
1.61327
0.386143
-0.629059
1.23132
-0.23549
0.0871289
-1.5359
-0.160035
-0.596872
-1.12807
0.255975
-0.0151393
-1.48262
0.24897
-1.70081
-2.08497
-0.100717
-1.07139
0.550817
2.41135
1.22655
-0.154923
-0.0589644
-0.864468
-0.148923
1.47375
0.220239
3.31261
1.02826
-0.845255
-0.190013
-0.629452
0.0534803
1.14594
0.422096
1.38333
1.51989
-2.24921
-0.382362
0.429081
2.13991
-2.20314
-0.654987
-0.179564
0.275343
-0.916086
0.707278
-0.267626
-1.36581
0.26486
-0.644038
0.314428
1.71375
0.406691
-0.241237
0.123911
1.83244
0.549198
0.204273
-0.205831
2.21636
-0.209597
1.71184
0.765286
-0.174828
1.12706
-0.270005
0.34578
0.835075
1.02177
-0.756451
-0.0944997
0.123788
-1.01391
-1.43716
-0.421107
-0.0739522
-1.02248
-1.34726
-0.90421
1.88668
0.532936
-1.09608
-0.544965
-0.73399
2.57532
0.204663
-0.866006
-1.0633
-0.84192
-0.635791
0.379474
-0.604586
-0.743436
1.24105
1.87042
1.21557
0.406366
0.724123
0.766182
0.799594
-0.471138
0.522285
1.34662
0.0799707
0.538548
1.0218
0.526454
-1.43733
0.0601307
0.504077
0.36082
-0.0719047
-0.545883
-0.515691
1.73775
0.878452
0.0489615
-1.01338
0.517884
-2.14358
1.64723
-0.802583
0.133645
-0.16159
-1.18062
0.41341
0.605997
-0.657844
-0.384552
0.58148
0.366583
1.15829
-1.66858
0.454763
0.215837
0.823912
-0.682714
0.281534
1.04708
0.541121
0.901367
-0.976308
1.44301
0.832706
0.304423
1.05372
-1.66289
1.10593
-1.46909
-0.918678
-0.123982
0.53403
1.54184
0.0123847
-0.27019
0.278952
0.562094
0.213393
0.532345
-0.435181
-0.810123
-0.635075
-0.115011
0.0426953
-0.536484
1.71905
-1.88957
-0.97962
-0.692861
1.47707
-0.230397
0.369695
-1.26283
0.766672
-1.81944
-0.0549495
-1.24531
-0.651173
-1.31995
0.20194
1.8504
-0.507158
-0.779485
0.237045
0.889079
0.514682
-0.0421957
0.437142
0.111322
1.71491
-1.67473
-0.0477346
-0.333688
0.241818
-0.35515
-2.00121
0.33141
-0.658408
-2.47553
-0.582455
-0.313192
0.624602
1.44132
-0.608727
0.0315678
-1.31172
-0.933432
-1.28163
2.96002
0.781995
2.00196
-1.41924
1.37673
-0.339266
-0.957139
-2.20982
-0.191146
-1.03199
1.63049
0.378634
0.126847
-0.778826
-1.31223
-0.709906
0.540647
-1.11846
-1.1699
0.729663
0.766109
-0.184304
-0.821257
-1.10753
0.862559
0.893221
-1.46106
-0.183538
0.150073
-0.234943
-0.964025
0.597184
-0.350951
-1.93039
-2.11113
-0.121301
0.997546
0.674338
1.12686
0.197327
-0.116444
-0.846955
0.508293
0.00739855
-0.144683
2.73606
-0.291909
0.728397
1.56696
-0.168669
-0.754276
0.632093
0.475666
1.42772
0.246697
0.969792
-1.0008
0.755127
-0.6931
-0.42868
2.65717
1.4138
0.251152
-0.0330974
-0.397984
-2.54082
-0.392125
1.61557
-1.00783
-1.92395
-0.561175
1.08259
0.860057
0.707687
-0.0781021
-0.0766012
0.0118043
-0.239832
1.97336
-0.241737
-0.158249
0.703732
0.199599
0.0292534
-1.53026
-1.713
-0.797238
1.09807
-0.150098
0.588734
-1.13861
-0.706314
0.403585
-1.35738
-0.168714
-0.0493283
0.383655
1.33961
-1.24994
-0.319791
-0.0210335
1.27198
0.403836
0.553635
0.753184
0.301938
-0.419244
1.16024
-1.8352
-0.117738
0.203471
-0.0442917
1.22569
0.981601
-0.163774
0.814742
0.258019
0.873877
0.584344
0.262841
1.29603
-1.404
-1.92672
0.847092
-0.316526
-1.11833
0.681552
1.20079
-0.643574
0.310456
0.218629
2.99063
0.635846
0.0565382
-0.701162
-0.9477
-0.931985
0.609418
-1.156
1.26623
0.24106
-0.550869
-1.06899
-1.00072
-0.444726
-1.08804
-2.61259
2.06381
0.754539
1.71724
1.53065
0.216717
0.685425
-1.36817
-1.97514
-0.357068
1.1448
-0.681011
1.29113
-0.663181
0.157451
0.916077
2.64177
0.494827
0.732094
0.0962879
-0.0356118
0.00958127
0.681045
-2.23321
-1.30797
0.935055
0.490209
-0.877033
0.517238
0.257213
2.10734
-0.334666
0.649083
-1.47627
-1.50015
0.876263
1.86105
-0.0779403
0.281565
0.232355
-0.524219
-0.214872
-1.10388
-0.507257
1.04698
0.101529
-0.966569
0.426266
-0.290561
-0.16723
0.219991
-0.753104
0.627636
-1.38163
1.65454
0.286198
-0.477872
0.521749
-0.767656
0.442521
0.0165776
0.0929649
1.47237
0.552346
1.117
-1.46407
-1.24177
1.23093
-1.01
0.542585
0.99224
-0.315305
-1.11276
0.0839006
-0.480364
-0.175647
0.12459
1.52579
-0.56657
1.12605
0.60476
1.13289
-1.42242
-0.383379
0.463971
1.06572
-0.38155
0.943019
-0.347233
-0.374135
-0.327397
6.50287e-05
0.12128
1.86887
-0.135237
-1.40543
-0.896106
-0.267541
1.3265
-1.21222
-1.06025
-1.18393
0.298772
0.00473607
-0.655308
0.199577
-3.18412
-0.64923
0.899594
-1.10111
-0.558374
1.74206
0.912984
1.26115
-0.00819743
2.38403
1.30247
0.386666
-0.964316
0.271783
0.758379
-0.0565543
-0.506814
0.475461
0.937597
-0.662289
0.25468
-1.18352
-0.976693
-0.626932
0.933796
0.848343
-1.29528
0.675074
1.49496
-0.323799
0.707829
-0.632382
0.75334
-0.267766
1.77884
0.07925
0.282097
0.41419
-1.48563
1.33823
-1.02324
-1.87107
1.79258
0.983488
-0.795457
1.53694
-0.496267
-1.04109
-0.420113
-0.711319
0.983168
-1.15612
-0.757853
-0.164053
0.163492
-1.25384
-1.25194
-0.717177
-1.07033
-0.676354
0.681259
0.797933
-0.3427
-1.18205
-1.8857
0.721325
-0.412784
-0.0481028
1.27043
0.819171
-1.1238
-0.377067
0.186719
0.0968887
1.14489
0.741453
0.799615
-0.205169
-0.274233
-0.984182
-0.280915
-1.15847
-0.713981
-0.657407
0.00835776
-2.00477
1.30308
0.503613
1.75776
0.490968
1.50398
0.215939
-0.471066
-1.21389
1.29211
-0.370278
-0.581605
0.144491
0.616252
-2.48207
-0.116521
-0.0411564
-0.210539
-1.3986
-0.203984
-1.67963
0.523342
1.30418
-1.48461
0.60275
-1.1524
1.7409
-0.220489
-0.409741
1.78673
0.529495
-1.63643
-0.609224
1.15757
0.164328
-0.27835
-0.601376
-0.114714
-0.203925
1.61692
-0.608592
-0.116591
-0.396688
-0.826439
-0.986993
-0.625229
1.56948
-0.550357
-0.864907
0.486233
-0.403945
-1.03285
0.411602
-0.309635
-0.457794
-0.990009
0.641366
-0.390576
-0.685443
0.528283
1.28625
0.933044
-0.505246
0.690571
-1.50187
-0.0744545
1.87678
0.862444
-0.0989439
1.73634
-0.835171
1.20958
0.851723
-0.684151
0.960741
1.30312
1.2111
-0.513357
-0.0976379
0.60166
-0.019406
0.841314
-0.330258
-0.464817
0.200609
-1.22113
1.24741
1.78799
1.52711
1.181
0.308972
1.27099
0.86554
0.0720977
0.157847
0.046345
-0.471951
-0.137698
-0.761732
-1.5894
-0.44264
0.781876
-0.771116
0.256326
0.827499
1.79983
1.0796
0.491447
2.58897
0.906343
0.823293
-0.431949
-0.724802
0.689955
0.278093
-0.168154
-1.11709
-0.569817
1.31724
-1.01899
1.49344
2.12275
-0.728032
-0.519259
-1.92087
1.46873
0.225742
-1.04621
-1.10951
1.61421
1.54644
-0.430879
0.467705
1.06637
-0.372084
0.187724
-0.197463
-0.350039
0.370281
0.632832
1.74077
-0.505829
-0.361229
-0.872505
-0.347342
0.587158
0.561471
1.43027
-1.18404
-0.991073
-0.462278
-1.13976
-0.170404
-0.360031
-0.140339
-1.03504
0.36047
-0.14428
0.664958
1.84836
-1.15837
0.377495
0.310065
-1.74922
-1.60154
1.14513
1.60159
0.0966697
-0.829949
-1.00637
-0.824902
-1.28345
-0.868218
-1.91975
-0.250708
0.648975
-0.432854
-1.20826
-0.431897
-0.743222
-0.595001
-0.765102
-0.726509
-0.42594
0.308643
-0.292579
0.145068
1.6031
0.477937
-0.606684
0.378098
1.88338
-0.794618
-1.49924
-1.70744
-0.922962
-0.555628
-0.405667
-0.577093
-0.954732
-1.51696
-0.498494
0.0377346
-0.025572
1.20043
0.371647
-0.929168
0.299936
0.54125
0.644943
-1.64099
-0.797878
1.30849
-1.07949
-0.425184
1.10226
-0.0822397
-0.114131
-0.503336
0.511874
0.40577
-1.68273
-0.810941
1.91429
0.275291
0.639237
-1.20551
-0.0921155
0.996248
0.625983
-0.737443
0.244392
1.79563
-0.142385
-0.646258
-0.583203
-2.3028
0.126556
-1.31484
-1.0591
-0.269976
0.610977
-0.134757
1.55179
0.229755
-1.38995
-0.604653
-1.25545
-1.11744
0.431323
-0.845236
-2.18831
-0.778888
-1.52171
-0.501676
-1.19826
1.9739
0.449193
0.70788
1.83361
0.601243
-0.242948
0.301377
0.499139
0.774955
0.732064
1.60633
1.39528
-0.902302
-0.269032
-0.422424
-1.0919
1.08139
1.63484
0.596057
0.534214
-0.930652
0.431542
1.09382
0.0847237
-1.85728
-0.85482
-0.77789
0.77733
-0.942579
1.19238
-0.537633
1.19768
0.297878
0.292435
0.908446
0.894196
0.924697
0.227862
-1.42376
0.306974
-1.02095
0.0776696
-1.43709
0.656002
0.261222
-0.467123
1.29602
0.670149
0.110953
-0.472284
-2.29927
0.038815
-0.36038
-0.860872
1.13073
-0.303673
1.2042
-0.0186582
-0.224434
-0.91493
0.684445
0.264294
-1.05969
1.34915
0.68515
-1.53903
-0.00270909
-0.195377
-0.143549
-1.30253
-0.216924
-1.23357
0.111237
1.29551
0.303888
-0.00569558
0.63738
-0.759706
1.41076
-1.49121
1.04161
-0.757916
1.05674
0.730915
0.469837
0.0446171
0.962354
1.42119
-0.440301
0.352884
2.55388
-0.70003
-0.604079
0.92235
0.93836
-1.85573
0.0970973
0.156861
-1.21484
0.106821
-0.5545
0.0742161
-1.01504
0.600924
-1.61101
-0.138172
0.878658
-1.25344
1.51625
0.0443938
0.23748
-0.0894293
1.15669
0.66705
-1.28627
-0.191083
-0.409559
-0.443049
-1.94852
0.304057
0.617505
2.72456
0.374427
0.0940272
1.80878
-1.70322
1.24174
-0.180065
0.998557
0.543222
-0.239544
1.42962
-1.56256
-0.00126284
0.788505
-0.664186
-0.600785
0.929278
0.795529
0.62531
1.1705
-1.40114
1.34789
-0.530118
-0.854358
-1.52959
-0.679228
-0.863544
-0.558437
-1.55189
0.367363
0.749998
-1.56364
-0.264654
-1.06167
0.338239
1.32205
1.48053
-0.236466
1.48031
0.118987
-0.597839
1.07218
-0.677609
1.96942
-0.593278
0.612602
0.443519
1.0523
0.351887
2.77124
-0.529112
0.191223
-0.659876
1.58107
0.177957
1.3392
-0.708026
-0.0815051
-1.22481
-2.90017
-0.0949514
0.534594
0.865209
-0.617293
0.563931
-1.66244
0.0480361
0.736001
0.556291
-0.172237
0.294387
0.0455392
-0.206248
1.82495
0.303582
-1.35179
-0.360515
0.45832
-1.70207
0.11327
-0.845571
-0.102869
-0.0880527
0.205928
0.441617
1.25904
1.02163
0.703324
0.817692
-1.36788
1.15339
-0.127142
-0.11372
-0.617938
-0.0759542
1.05518
0.677861
-1.87954
-0.61255
-0.908959
-0.935827
0.854181
0.0828185
0.642806
0.661496
0.449235
-1.2219
0.500661
1.12645
0.0982508
1.04495
0.3194
-0.762625
0.0328895
-0.190527
1.99869
2.26067
-1.08843
-0.603296
0.259682
-0.112824
-1.858
-2.04478
-0.982402
0.826138
0.206707
-0.289216
-3.2653
1.00475
-1.4818
-0.154517
-1.29191
-0.126684
-0.517847
-0.0813382
0.656699
1.00904
0.417226
-0.25734
0.120123
1.01005
-0.378089
-0.999292
-0.654505
-1.38956
0.614684
0.589279
-0.0655645
-0.878994
0.408604
1.25349
0.184605
0.635407
-1.68394
-0.105819
0.627986
-0.39675
-0.279535
-1.29063
-1.85555
-0.526152
-0.153526
1.46772
-0.823598
-0.427936
-0.625643
0.572374
1.75624
1.91456
0.99099
0.700505
-1.31357
-0.583493
0.72068
0.299791
1.04754
0.636878
-0.803844
0.616493
0.864755
0.318416
-0.0429797
-1.6668
1.04595
1.46781
-1.45456
-1.48178
-0.180832
0.145924
1.11243
-0.0454703
2.08814
0.124836
-2.35318
-0.867913
-0.166332
0.428748
1.58171
0.456112
-0.972103
-0.642532
-0.439629
2.13153
0.831629
2.01871
1.82521
-1.22896
0.908888
0.551314
1.42981
-0.907192
-1.27311
0.818358
-1.07744
-1.22905
-1.47364
0.6175
-1.3017
0.836589
-0.0810471
-1.99862
2.08637
-0.646147
0.0732426
-0.871737
-0.924469
0.867929
-1.68807
2.66028
1.08085
0.793679
-1.04063
2.23662
-1.11615
-1.00443
-0.246917
-1.80162
0.243438
0.588244
-2.11804
0.786082
-0.66472
0.802867
0.753827
0.642401
-0.408306
1.21836
0.41578
0.518235
-0.725872
-0.0585277
0.313373
-0.238256
1.59456
0.214613
0.688954
-0.991181
-0.428067
0.154614
-0.786726
-0.315801
2.36355
-0.6519
0.830866
0.419574
1.61078
-1.08745
0.818118
-1.71699
-0.942333
-0.109038
-0.293172
-1.27458
0.248269
1.62529
-2.22593
-0.2988
-0.0380976
0.284095
0.45371
1.79569
-0.999062
1.74621
1.5166
-0.392124
-0.857885
0.271979
-0.0827044
-0.698022
-0.243138
0.334768
0.565583
-1.41625
-0.204555
0.834132
-0.596601
0.246674
-0.112624
0.326865
-0.58108
1.11182
-0.873808
-0.407255
-0.499328
-2.79178
0.185096
0.836987
0.679859
-1.08084
0.338944
0.761901
-0.112527
0.0727084
-0.38162
1.14242
0.552121
2.06671
-1.31196
-0.533957
-0.394232
-1.33645
0.920584
-0.414562
0.443618
-1.69642
0.203873
-1.24793
-0.638573
1.13038
-0.613836
1.99599
-0.336011
-1.01589
-1.87164
-2.25491
-0.508966
-0.83793
1.27318
-0.935202
0.191807
-0.875438
1.22324
-0.37416
-0.254277
-0.763583
-0.262502
1.15462
-0.655421
2.02156
1.3715
1.87704
0.172288
-1.29742
-0.909045
-0.824773
1.30279
1.02894
0.538843
0.612385
0.930163
-1.02138
-0.129821
-0.242764
-1.53608
1.49531
0.306447
-0.717234
-0.588002
-1.74738
0.0886857
1.16981
0.0180206
-0.423848
1.63119
-0.92501
-0.610035
-1.85011
-2.57574
-0.0145763
-0.669776
2.26615
0.34336
-1.19617
0.357685
-0.0820053
0.200175
-0.439453
0.743738
0.71225
0.709126
0.513616
1.00113
1.1173
-1.50141
-1.56382
0.100169
1.46248
-0.79392
0.364255
-0.190862
0.437007
-0.171982
0.306062
1.52083
-0.576922
-0.866209
-0.060532
-0.894118
1.2392
-2.18242
0.137651
-0.878962
0.117561
-1.38867
-1.57908
-1.5904
0.0376462
-0.153109
0.678225
1.6802
-1.29827
1.0546
-1.46795
-0.076094
-2.67252
-1.82888
1.25134
0.633009
-0.338693
0.969753
0.785851
0.420105
-0.37894
0.427729
1.44593
1.58181
0.334361
1.00278
0.904738
1.02463
0.157294
-0.920612
0.754415
1.82869
-0.769628
-0.299681
0.278984
-0.675106
-1.15348
0.191758
0.325557
-0.601264
-1.04582
-0.962458
0.178974
1.42982
-1.27015
0.168352
-0.710349
0.586049
-0.61814
0.250851
0.00923258
0.255581
-0.00365531
0.127406
1.31854
-0.0160409
-0.580677
-0.040307
-0.547744
0.387617
0.0664662
0.817174
-0.111236
1.08852
1.11278
1.1702
0.587827
0.436193
-0.849165
0.668682
-1.28544
0.984795
0.936854
1.6493
-0.756467
-0.149475
0.139136
0.00936544
1.10074
-0.603965
0.450057
-0.0411243
1.25451
-1.4041
-0.756443
-0.0311377
-0.0941873
-0.184579
0.400315
0.454218
-1.33845
-0.911574
0.875484
1.39386
0.736987
0.517068
1.82795
0.507177
-0.516814
-0.752826
0.767776
-0.137291
0.157455
-0.838947
0.819349
-0.228565
-0.748209
0.0341302
-0.0271583
1.29685
-2.01717
0.835515
0.688595
0.367481
-0.33345
0.365184
-0.919793
-0.271304
1.05028
-0.841516
0.970248
1.50838
-0.129582
0.548825
0.459052
-0.761988
-0.16734
1.61791
-1.00226
-0.875612
-1.27457
1.26279
1.16931
3.48586
0.718427
-1.06075
-0.0826917
0.865804
0.125712
0.0340843
-0.641095
1.34932
-0.500477
-0.137138
0.77824
-2.89824
2.07654
-0.0250679
-0.391912
-0.0461457
0.870967
-0.0367149
0.35729
1.62225
-0.570121
1.177
0.101838
1.10153
0.113146
0.151758
0.165792
0.667765
0.540045
-2.38421
-0.242126
-0.00184673
-1.09679
0.382407
-0.589699
0.686192
2.19669
1.78005
1.713
-0.00513768
0.164687
-0.709265
1.31919
-0.123504
-0.194925
-0.72918
-0.59299
0.428253
0.591348
0.588151
-0.509374
0.0537369
0.656697
-0.302236
-0.768827
-0.68252
-1.15916
-1.28531
2.37511
-0.298854
0.975077
2.09959
2.12561
0.362228
2.01606
-1.90997
-0.621596
0.928653
-1.24235
2.58899
-0.12167
-0.739338
-0.298515
-0.46164
0.560914
1.1915
-2.15367
-0.367568
-0.953885
0.184875
1.00609
2.05157
-0.428951
-0.812996
-0.464468
0.116207
0.308338
-1.10681
-2.30089
-0.134633
0.291066
1.27283
0.1142
0.400849
-0.93749
-0.137927
-0.984438
-0.647921
1.69626
0.356789
-0.0648665
-0.944421
1.12251
-1.54891
-0.985991
-0.641116
-0.436584
0.484096
-0.356994
-0.407959
0.478524
0.408765
0.325736
0.835586
0.319971
2.04717
0.226137
-0.486765
0.000807643
0.951587
2.09424
-0.162357
0.20653
0.0959768
-0.074017
-0.704104
-0.437864
-0.544868
-0.558622
1.33634
0.0225772
0.916034
0.727754
-2.17573
0.926739
0.412219
1.31203
0.612917
0.792786
0.025879
0.428608
-0.191562
1.24773
1.14781
0.483794
0.0590086
-0.169201
-2.73583
0.343867
-1.24331
-0.0937721
0.59388
0.62134
0.940859
-1.12194
-0.0313876
1.40698
1.25369
-0.939425
-0.89512
-1.98385
0.80592
-0.92255
0.454635
-1.04125
0.943936
-0.580909
-0.512764
2.26016
0.422175
1.38168
-0.315226
0.983742
0.56428
-1.13431
1.52182
2.08271
1.17482
-0.180219
-0.968733
0.323491
-1.21663
-1.7126
-1.02099
0.126948
-1.06213
0.658206
-0.73773
-0.883547
-1.58051
0.0979779
0.152578
0.543918
1.06614
-0.58923
0.641921
-0.124391
-0.634942
-1.58102
-2.23714
-0.419503
-2.02676
1.04644
-0.00241476
0.152488
0.730356
1.70197
-0.263479
0.387024
-0.496093
-0.196954
-0.208809
-0.288187
-0.443269
-0.958842
-0.460537
-0.546196
0.109072
1.71232
-0.829562
0.0257678
-0.332762
0.269785
-0.011073
1.2198
0.364851
1.42442
0.128261
0.0278869
0.690928
-0.0822987
0.4232
0.666858
-1.13047
-0.423989
1.75052
-0.488189
0.886471
0.65782
-0.341134
0.0981428
-0.623923
-1.31704
0.386635
-1.11989
0.511626
-0.513344
-0.460116
0.509302
0.258548
-0.207522
-0.248543
-0.821399
-1.35161
-1.5513
0.520069
0.341979
-0.812683
0.0947368
1.38257
-0.29902
-0.325154
-2.64403
1.17222
0.311085
-1.38403
-1.13243
0.641551
0.617645
-1.23697
0.598304
1.18157
-1.00699
-0.120646
-1.58677
-0.595924
0.542064
-1.00225
-0.837635
-1.21056
-1.29669
0.61894
0.373529
0.267431
0.588808
0.475535
0.234381
-0.314743
0.504969
-2.49321
1.52365
-1.26504
0.265002
0.50843
1.29638
0.862484
1.46811
-0.402394
0.87285
-0.31509
-0.638172
-0.988833
-0.0931077
0.333642
0.832856
-1.17068
-1.6305
-0.325478
-1.3979
-1.03113
0.845961
-0.111765
-0.808122
0.927397
-0.816562
0.453034
1.00387
0.904934
-1.0614
-0.497721
-1.28424
-0.646975
-0.290749
1.34579
-0.14278
-0.884065
1.05967
0.208618
-0.917388
0.425494
-0.438194
0.408597
1.82568
0.464016
0.344626
-0.0891781
-0.643695
-0.0327179
0.0796301
-0.427372
-0.23665
0.89941
-0.346046
1.35931
-0.671175
-1.23809
0.0543474
-1.13684
0.311048
-1.07107
0.976132
-0.573596
-0.200006
-0.329398
0.714412
-0.337627
0.145245
1.65946
0.865066
-1.12254
0.670405
-1.83123
-0.620895
1.49764
0.324195
0.277612
1.56967
-0.00991017
1.83638
0.965399
0.508923
1.71885
0.636527
0.139004
-0.387982
1.78444
0.408441
1.79428
-1.01875
1.81763
0.594907
-0.932132
-0.605699
-1.26525
-1.75895
-0.556066
0.711869
-1.31642
-0.785571
-0.77156
-0.0728502
1.98548
-0.193839
0.243679
-1.50534
0.23121
1.2347
-0.879812
0.379774
-0.988571
0.656867
-0.785927
0.711728
1.24857
-0.253214
-0.104653
-0.0383461
-0.461976
0.146415
-0.326063
0.346368
1.2107
-1.04441
-1.2865
0.663431
0.771547
-1.00895
-0.920929
0.671622
-0.41267
1.12167
0.689777
-0.106512
0.00353473
1.13784
-0.0814365
1.06363
0.943429
-0.283662
-1.32555
-1.23552
-0.670482
0.243944
-0.247517
1.44022
2.43253
-0.159821
-0.56666
0.986588
0.8247
-1.19436
0.719219
1.61854
-1.21567
0.355083
0.703402
0.408211
-1.06664
0.681829
0.42362
0.488348
-0.998303
1.28642
0.665895
-0.708565
0.311963
-1.33961
-0.287651
-0.412052
1.35473
0.743107
0.586124
-0.882651
-1.0992
-0.725861
-0.0484351
0.219878
-0.449272
2.14557
-0.441701
0.41439
-0.250663
-0.662587
-0.694405
-0.911874
-0.562561
-0.575678
-1.14929
0.421693
0.773746
-0.662792
0.776732
-1.07281
-1.50958
0.705646
0.557371
0.0135573
0.355722
-0.533581
-1.62656
1.19011
-0.499745
1.49728
0.516701
-1.83926
1.12636
-0.467557
-0.630732
0.436854
-1.45367
-0.788574
1.05581
1.11275
0.385266
-1.47364
-1.23655
-1.32666
-0.921637
0.10316
-0.301997
1.90061
0.1309
1.2886
0.00859213
1.19485
0.819005
0.768505
-0.235658
0.937152
-0.0833496
0.115384
0.983396
0.96579
0.0389811
0.437681
-0.0607931
0.247356
0.384302
-0.900173
0.458138
1.79213
0.125924
-0.100519
0.130536
0.0117865
0.127953
-1.34822
0.0199931
0.491793
-0.874225
0.463182
-0.534853
-0.752121
0.67002
0.830598
-0.765709
-1.97013
-0.19148
-1.16343
0.336447
1.01843
0.0387286
-0.306217
0.96741
0.581815
-0.266502
0.233113
-0.743214
0.293108
-0.868428
-1.10054
1.33217
-1.57157
0.146438
1.94382
-0.143905
0.000128448
-0.121617
0.583068
0.0439842
1.24526
-0.79022
0.955439
-1.84127
0.0271169
0.254052
0.0324682
-1.41161
0.0822747
0.050098
0.860995
0.990159
-1.31094
-0.173221
-1.30581
1.02699
1.52675
-0.926043
0.811541
-0.823067
-0.268762
-1.05531
-1.11774
0.883061
-1.25475
-0.741094
-2.73647
0.824064
-0.0348147
-1.38703
-0.612355
-0.886596
1.21453
-0.411388
-0.217337
-0.510287
-0.517801
0.347434
0.277626
-1.7733
1.07317
0.476145
-0.344409
-0.398084
0.140404
0.274006
-0.344376
-0.62437
0.0300995
0.13625
0.551765
0.937363
-0.924488
1.6865
-0.518732
1.04681
0.507151
-1.54583
0.079882
-0.178381
1.17731
1.47264
0.41827
-2.16945
-1.7641
-0.341411
-1.14642
1.25638
1.37524
0.465093
-2.03917
1.50089
-1.29099
-0.735908
0.67389
1.04449
1.64885
0.240953
0.142762
0.0727128
-1.6929
-0.794044
0.988514
0.683999
-0.495881
-0.503095
1.71334
1.50787
0.630984
-2.64731
0.233115
-0.571548
0.257785
-0.0606962
0.306145
-2.04895
-0.428101
-0.992014
1.31904
1.38163
-1.0293
-0.261237
-0.337502
0.3661
0.00678927
-0.185549
0.397077
0.722668
1.06741
-1.30249
-2.44754
-1.45957
0.413727
-1.1631
0.93883
0.318565
-0.00603592
-0.854827
1.72063
0.530662
0.255934
0.924639
-1.38817
0.0580499
-0.422876
-0.379893
0.768899
-0.681199
0.841372
-0.269728
1.28641
1.12663
-0.326726
-0.410898
0.421109
-0.67729
-0.960438
-1.19854
-0.910272
-2.10239
-0.485736
1.6745
-1.20385
-1.60096
-0.336906
-0.995543
0.341384
-1.06246
0.930871
0.958479
-1.43289
-0.575948
-0.54793
-0.474842
0.274477
0.727438
-0.840937
0.302751
1.08203
-0.550949
2.72009
0.13804
0.864355
-1.8391
-0.294718
1.32993
0.444718
-0.558828
-0.934222
2.0714
1.78183
0.309346
0.837805
1.15474
-1.05508
0.869487
-1.55174
0.588569
-0.709659
0.0766749
-1.3271
0.244997
-0.448489
0.353376
0.00136083
0.529249
0.938196
0.136589
1.86918
-0.634952
0.529263
-0.758969
1.16027
1.02956
-1.16056
0.360972
-1.19997
0.642331
-0.503886
1.07578
1.27024
0.936864
-0.447466
-0.36862
-0.855207
0.793401
-0.672776
1.15395
1.37232
-0.212618
-1.31346
-0.511629
-0.866876
0.280082
1.15648
0.049162
-0.183318
1.05012
-0.949036
0.98566
0.632551
-1.30386
-1.389
1.46612
-0.676769
1.2654
0.233473
0.0365742
-0.150443
-1.84994
-0.585885
0.695872
-1.99899
1.58419
2.3413
2.24966
0.485947
-2.09064
-0.810622
0.286863
-1.19478
-0.425595
0.878483
-0.75128
-0.724812
0.64422
0.420183
-1.67841
-0.865131
-0.803797
0.675278
-1.52598
1.9536
0.60861
0.0966924
0.185388
-1.75897
0.513402
0.664846
-0.577129
-0.986598
0.316411
1.13432
0.455657
0.387025
0.113735
-0.599932
0.70728
-1.0769
1.86882
-0.196868
-1.12486
1.19621
-0.0136362
2.61687
0.845746
0.913386
2.20622
1.07116
0.537961
0.81504
-1.3523
-1.86034
-0.489474
1.54519
-1.37371
0.392623
-0.408374
0.676063
-0.0167196
0.129534
-0.273405
-0.204961
-0.541679
-1.24206
-0.258889
-1.01749
-0.283046
0.468044
-1.27905
-0.498226
0.116316
-1.62018
-1.61018
0.0806471
-0.599527
0.0325928
-0.405737
0.458218
0.362487
1.24174
-0.683735
-0.410657
-0.458329
0.474456
0.00391912
-1.7584
0.171748
0.239445
-1.1448
0.0981485
-0.924682
0.020238
0.0472445
-1.31843
-1.29178
0.967821
0.710604
-0.276161
-0.843479
-0.361098
-0.452229
1.12189
0.279146
1.40025
-1.3669
-0.263724
1.73096
-0.331769
0.5221
-0.998595
0.377191
3.31377
-0.978671
-1.41631
0.410909
0.454971
0.101986
-0.407144
-1.51489
-2.1545
-0.936525
0.712718
0.12348
-1.90643
0.541458
-0.057454
-1.49313
-0.223877
-1.16108
0.725
0.0947764
0.163681
-0.190527
-1.43519
0.0899299
0.172855
0.199115
-1.25149
-0.943076
-0.726848
0.748846
0.675006
1.15491
-1.46249
1.12847
0.236811
0.671989
-1.45494
-0.791506
1.08665
0.314802
0.00432777
0.601173
0.160299
0.740493
-0.20868
0.493967
0.121276
-1.56519
-0.176442
0.278544
-0.634981
-2.06542
0.345488
0.520664
-1.09261
0.988832
1.64104
-1.22965
-1.01139
-0.941421
0.299623
1.60698
1.37655
-0.900351
-0.200217
-0.864167
-0.362081
-0.0582429
0.360037
-0.935674
-0.514815
0.758502
0.310592
0.752533
-0.944938
-0.0621632
-0.32074
0.250322
0.192338
-0.188279
0.0646694
0.216528
-1.16921
-1.16871
1.27086
-1.39032
-1.33874
-0.406287
-0.0830843
0.863598
-0.62588
-2.27795
0.342686
-0.404407
0.353583
-0.621598
-1.46629
0.755534
-1.41716
-1.64767
-1.44259
-0.417377
-0.353344
-0.800341
-1.08527
-0.288388
-0.217399
-0.751975
-1.34019
0.533577
-0.937238
0.108915
0.748303
0.119166
-0.303369
-0.460103
-1.36952
-0.172122
0.476072
-0.929156
0.905305
-1.79724
-0.770163
-0.0874299
1.32379
-0.229031
0.447404
0.677447
-0.083684
-0.18502
-0.846891
-1.22246
-0.324075
1.39987
0.602919
-0.188973
1.07309
-0.143669
1.26449
-0.505165
1.3554
-1.16998
-0.364088
0.622485
-0.903098
-0.857063
-0.353823
-0.457924
0.503563
1.33357
-1.42685
1.04597
-0.885185
0.718336
0.621762
-0.175969
-1.19814
-1.68101
0.0576445
-0.878626
0.764605
-1.02839
-1.76276
-0.561944
-0.916741
-0.891055
0.106789
-0.464278
0.550306
1.26863
1.1342
1.88753
-0.154098
-0.0525255
-0.0371514
-0.334331
-0.0271347
-0.292617
-0.616223
-0.898577
0.11152
1.74165
-0.257702
-1.53538
-0.443836
-1.13648
-0.00892276
0.802281
-0.103851
-0.199819
-2.05799
-0.609794
1.86901
-0.148151
-1.53976
2.09288
0.459317
0.707532
-0.500764
1.51839
0.188204
-0.741852
0.400382
0.207292
-1.14891
-0.173367
0.305412
-1.21012
-3.29722
-1.98876
-0.583407
1.84758
-0.911461
1.81579
0.368973
-0.800737
-0.529999
0.358
0.968221
-1.41421
0.00637192
1.06872
-0.0936609
0.547197
0.837862
-0.519202
-0.908864
0.714544
0.728607
-0.115156
0.454756
-0.0343644
1.01041
-0.353915
-0.929946
-0.269461
-1.20916
0.200428
1.80359
0.509647
-0.184186
-0.40327
-0.335004
-0.807072
1.28829
-0.475963
-0.710268
-0.59374
0.0168395
-1.65513
-0.975507
0.443482
1.38896
-0.340475
1.21724
0.54587
-0.120782
-0.458239
-2.45936
-1.59534
-1.05806
1.73234
1.1823
0.849163
0.501597
0.523037
0.247343
1.42984
-0.207558
0.91677
0.240743
1.00825
0.00251257
-0.044677
-0.968316
0.537325
-0.100267
0.981766
-0.0113726
0.47913
1.02547
1.63011
-0.0127736
0.536636
2.54815
0.378807
-0.952894
-0.590793
0.613714
-1.16455
0.0293598
0.284899
-1.3997
-1.19333
0.708769
-1.00826
0.665377
0.348149
-0.403171
1.70205
-0.312933
1.80421
-0.0784788
2.16208
1.47942
0.0938302
0.19126
-0.996372
0.018952
-0.863643
-0.116101
-1.22242
0.973973
-1.29953
-0.264822
-1.5976
-0.750386
0.762142
-1.16222
-0.966066
-0.175732
0.342746
-1.10972
0.895582
-1.36012
-0.756663
0.117476
1.15613
0.80309
0.265652
0.668597
2.03206
-0.0197112
-0.616921
-1.12698
0.0794113
-0.667165
1.35458
0.599568
1.28725
0.223662
-0.969575
-1.66689
-1.27028
-0.0522293
-1.37207
-2.01536
0.601382
1.49432
0.766301
1.02843
1.15371
-0.498284
0.822002
0.15767
-0.263129
0.353286
-0.236217
1.07964
2.26566
-0.667305
1.4636
1.4483
-1.33071
0.487245
0.533977
-0.57142
-1.29952
-0.235077
-0.185973
-0.258843
0.642199
-1.88119
-0.936814
-0.00493604
-1.3587
0.520947
-0.427545
0.380361
0.557782
0.422494
1.95547
1.31555
-0.309221
-1.10206
-0.106514
0.245578
-0.039404
1.02342
-0.227431
-0.00820047
2.35455
1.74038
-1.41071
-1.10423
0.822426
-0.255006
-0.038701
-0.812141
0.0947977
1.44202
-0.950499
0.243868
-1.10382
-0.389545
-0.735986
-1.71132
0.786064
0.0786284
1.42233
1.98946
0.599674
-1.75786
0.327903
-0.888683
-0.882779
-1.1745
-1.84029
-0.190425
0.759354
-0.658998
0.059316
2.41481
-0.0661479
-0.212652
-0.45984
-0.51484
-1.5394
-0.110144
-0.747419
0.461865
-0.713211
2.78404
-1.31267
0.585131
1.79719
1.16045
0.183409
-0.0963532
-0.0515599
-0.363054
0.410754
0.601488
-1.1424
-0.203679
0.137325
0.362169
-1.4613
1.53843
0.606812
-1.93619
-0.547312
-1.1915
-1.29382
1.6609
-0.291219
0.942711
-0.241822
0.716763
-0.491021
-1.43285
-0.561024
-0.175021
-0.743528
-0.382902
2.03744
-0.217959
0.218784
0.0365903
1.58553
0.357413
0.377765
-1.71739
-2.21069
0.127391
-0.226022
-0.565821
-0.409589
1.64731
-0.226738
-0.00558841
1.36454
1.21428
0.0956971
1.43168
-2.06843
-1.39737
1.12667
-0.682902
1.25069
-1.38211
-3.16796
-0.608822
-0.275161
-0.486683
1.45836
0.522159
-0.148881
-0.396359
0.812977
1.85289
1.77472
-0.561398
1.34747
-1.16488
-0.987517
0.605393
0.815113
-1.73284
-0.112048
-0.761258
0.622214
1.3848
-0.527425
-0.148349
0.0820793
0.578595
0.326211
-0.386706
-0.896037
-2.08332
-1.45956
-0.557729
1.46268
-0.770675
0.829809
0.120295
-0.486469
0.0399954
-0.593009
1.0657
0.602104
0.267859
-0.835413
0.339131
0.411137
1.32878
-0.424454
0.0676133
-0.853313
-0.187866
1.6741
-0.135689
-0.293914
-0.796582
0.839937
-0.446741
0.871049
-0.471054
-0.839709
-1.83455
2.44776
0.501943
-0.737973
1.9566
-0.267197
-0.476529
-1.10269
-0.274571
-0.661244
0.549559
-0.799648
1.32768
-1.28968
-0.614993
-0.0662768
-2.2924
-1.11686
0.51616
-1.43037
0.425927
-0.262632
0.656052
1.63533
-0.0735843
0.578159
-0.514577
0.592084
0.426716
-0.641392
-0.691847
0.11843
0.278381
-0.568898
1.06095
0.94104
1.20906
-0.651961
-0.35889
1.0475
-0.654474
0.406072
0.975925
-1.04966
-1.06424
0.80621
-2.1845
-0.238019
1.77607
1.40181
-0.0976465
-0.559185
0.458218
-0.827757
1.86962
-0.0423493
-1.1012
0.251642
-0.0538335
-1.13932
-0.948592
-0.11678
0.595674
0.114937
-0.18772
1.18586
1.26528
0.483441
0.287198
-0.904325
-1.52069
0.143559
0.184023
1.69737
1.02091
-0.700724
0.768916
-0.224176
-0.893
-0.548518
0.637102
1.12866
0.79711
-0.00544399
-1.05216
0.983726
-1.34324
-1.37593
-0.84892
1.14158
-0.984056
-1.18544
-0.218946
1.34408
0.457444
-1.59411
-0.283712
-0.671242
-0.701551
2.02537
-1.53962
0.479909
-0.724044
-0.845617
0.918985
0.156456
-2.10696
0.214793
-0.558285
-1.6472
1.35519
-0.957226
0.0267305
-0.230141
-0.169247
-0.736003
-0.356634
0.43647
-0.332853
-0.257615
0.463831
1.21149
0.285623
2.01874
-1.51393
0.596743
-0.759396
-0.850222
-0.259109
0.0958694
-1.09836
-1.37029
1.20037
-0.347141
0.67838
0.0912916
0.140571
-1.33341
1.03012
0.436113
-0.9148
-1.13869
0.0535926
-0.953698
1.6116
-0.276064
0.295037
0.290626
0.178101
-0.0809323
-0.499329
1.54522
-0.635798
-1.13301
0.952179
-0.390722
-1.31434
0.100432
-0.408773
-0.630507
-1.13106
0.0556029
0.483349
-0.617266
-0.31829
2.34003
-0.643093
1.6795
-0.168149
0.833632
1.32329
-0.64485
-1.91215
-0.982255
0.9497
-0.963916
-2.00636
0.0517312
1.67184
-0.467121
-1.20665
-0.647231
0.222415
-0.246579
0.0221167
-0.398817
0.579441
-0.270834
-1.67209
-0.856084
-0.374659
-0.569246
1.27898
0.24557
-0.37677
1.63362
0.222998
0.61221
-0.0696681
-0.0501974
-0.478797
0.238706
1.22248
0.0264299
0.267289
-1.85753
0.243803
-0.0410466
0.0588035
1.31446
1.33324
-0.858463
-0.843389
0.805098
0.0566772
0.636265
-1.00128
1.01849
0.457658
-0.876662
-0.233482
-0.218592
0.578124
-0.361458
0.580227
-1.856
-1.54297
-0.573227
0.343593
-0.269894
0.0023948
-0.458814
0.712635
-0.505105
0.436695
-1.29916
-0.706813
-0.958252
1.16802
-1.54049
0.558888
-1.2573
-1.84917
0.213646
-1.25164
0.321319
0.514322
0.16421
0.927745
0.933085
-0.346961
1.02227
1.37565
0.471915
-1.27588
0.0496863
-0.332128
1.57247
0.799127
-1.08019
1.15377
1.61158
-0.770163
0.870061
0.560612
1.89165
0.470653
0.931032
-0.0785627
-1.65483
1.51048
-0.107026
1.02723
1.68567
0.0812641
0.454213
0.966218
0.0944172
0.93772
-0.892445
0.296392
-0.0780507
0.217952
-0.478559
-0.161359
-1.24729
0.741467
-0.514019
1.49498
2.01586
-0.693566
0.613954
1.38963
-0.78472
0.807074
-1.06093
-0.357646
1.70031
1.26775
1.80374
0.296428
0.785991
-0.403261
1.05029
1.08717
-0.880778
0.328966
0.58885
0.141991
0.780725
0.83714
0.596278
0.195715
0.725292
0.838734
0.145213
-0.00706595
-0.503657
1.07772
0.905256
-0.0941309
0.483115
-0.994468
0.889079
0.435143
-0.962752
-0.650191
0.504638
2.0084
-1.20098
-0.352654
0.0563586
1.1041
0.997318
-1.13761
-0.037196
-1.80653
0.904164
-0.871687
0.331894
-1.50505
-0.151064
1.24791
-0.999645
0.558942
-0.23098
-1.1951
0.157086
-0.0789737
0.104652
1.13412
-0.322745
0.568113
-0.41438
0.0823638
-0.667008
0.555344
-1.71919
0.086976
-0.342715
0.342631
-1.27341
-1.02299
0.371866
1.33325
-0.667622
0.773844
-2.98763
-2.06067
0.788984
1.53751
-1.23614
-0.468767
0.84534
-0.567778
-0.870455
0.559825
0.792011
0.759275
0.802745
-1.38493
1.17552
-0.67219
-0.293478
-1.48213
1.14211
0.441462
-0.0519508
-0.486007
1.04465
-0.33405
-0.767116
1.16349
0.124272
-2.16363
-0.409375
1.47691
-0.008259
-2.06762
-0.0734782
-1.41807
-0.373687
-0.861309
-0.745112
0.957364
-0.629227
0.515705
1.57805
-0.546579
-1.98332
-0.528521
-2.21952
-0.301971
1.20393
-0.0697272
1.27601
1.03394
1.64006
-1.02366
-0.900832
0.584691
1.11687
1.09588
-0.9034
0.570403
1.6289
-0.18669
1.86681
-2.0912
-0.784487
-0.0336617
-0.0505634
0.101409
-0.372425
-0.413582
-1.55757
-1.09982
-1.26631
0.684333
0.986506
1.20403
-1.60766
1.29791
0.493005
-0.601939
0.765508
0.130056
1.88886
1.10451
-0.822601
0.820812
-1.19815
-0.174224
0.245704
0.80198
0.502988
1.39565
-0.97812
-1.40783
0.330489
-0.626575
-0.120493
0.0951443
-0.547125
0.433956
1.55269
1.22604
-0.099803
1.60057
-0.970356
-1.82472
1.98649
-0.980404
-0.265015
-0.599763
1.03949
-0.49495
1.28852
-1.05853
-0.729482
0.0767221
-0.813474
-0.848051
-0.68152
0.0782821
-1.35514
0.278905
1.43081
-0.231718
0.258202
-1.46764
0.494101
0.0160418
-0.894106
-0.691655
-0.236127
0.507774
0.406414
1.20691
-1.27158
0.302322
0.187106
1.38525
1.33717
-1.43614
0.336291
-0.0537138
-2.27229
-0.428761
0.248669
0.192841
0.930826
0.756164
-0.31916
0.218702
0.770131
-0.924715
-0.669233
1.25894
-0.451439
2.48408
-0.206283
0.184428
-0.679413
0.823331
0.424775
0.558375
-0.264948
0.593011
-0.61161
0.263434
-1.03819
0.494052
1.41115
-1.49742
1.38835
1.22555
-0.100598
0.139751
-1.50402
1.76958
0.75683
-0.639652
0.372195
-1.92969
3.06764
-0.862738
1.57384
-0.877436
-0.768149
-0.515003
-1.66833
1.30486
1.34786
-0.778336
0.231315
-0.486833
-0.161781
-0.855548
0.0717609
-0.392353
-0.340276
-0.512099
0.732871
1.23891
1.91095
-1.43716
-1.79975
1.25894
0.716196
-0.510378
0.610094
-1.27167
-1.49585
0.155784
0.17488
1.52416
0.420545
-1.23205
-1.42889
-1.64725
1.24973
-0.223844
0.241076
-1.60548
-0.583205
0.192162
-1.80114
-1.8856
-0.145562
-0.969808
0.642155
-0.284268
0.139562
-0.645695
0.799691
0.43813
-0.0186582
1.11152
0.396411
0.027267
0.0453229
-2.46793
1.09599
0.825833
0.438246
-1.58521
0.437516
1.02921
-0.384635
-2.52405
-0.0260965
-0.357908
-0.172192
-0.974115
1.18189
-0.486536
1.4206
1.12856
-0.0895441
-2.00468
-0.202701
-2.4341
-0.38642
0.837315
1.10577
0.123663
0.331172
0.42515
1.56424
-0.0931982
-1.09146
-2.52209
-0.481575
-2.29654
-0.365926
-0.0845891
0.71165
0.287457
0.927891
-0.909545
-0.528566
0.10776
-0.245862
0.246464
-1.53583
-0.991452
0.466427
-0.694704
-0.313677
0.804814
-0.483709
-1.49942
-0.63752
1.71353
-1.31549
-0.997333
0.973835
0.0688677
-0.91503
0.395573
0.164199
0.214348
-0.705821
-0.482601
-1.07253
-2.04041
-0.531622
0.140663
0.373519
1.38011
0.0894854
0.539782
-2.19325
-0.485447
1.67555
1.057
-1.48299
0.56639
0.0291407
-0.0254937
-0.444741
1.8186
1.36636
-0.795048
-1.18778
1.46089
1.89361
-0.247219
-1.38634
1.54425
0.805729
0.788462
-0.2679
1.00159
0.580789
-0.402497
-1.40219
-1.83286
0.667853
0.150054
0.288951
-0.780377
0.521553
-0.397338
0.721119
-0.68563
-0.0587338
0.607693
-0.34507
-0.232184
0.706816
1.76866
0.669425
0.532441
-0.758167
-2.12395
-0.105328
-0.440139
-0.047939
0.964332
0.906512
-0.700607
-0.305025
-0.614272
-0.0944308
0.0644708
-0.949534
0.797504
-2.09746
-0.589855
1.14126
-0.727423
-0.0723626
0.672358
-0.927005
1.85489
-1.66097
-0.313407
0.63296
0.962929
0.105358
-1.31091
0.715246
1.28949
0.179098
1.37672
0.00104946
-1.87141
1.39907
1.3059
-1.79386
1.05179
-0.42224
-0.30092
-0.539717
-0.54035
0.824985
-0.23659
-1.1459
-0.775123
1.60206
-0.596851
-0.853206
2.02152
-0.0471796
-0.138281
-1.95259
0.236826
0.806725
-0.156806
0.367841
-2.02512
1.50794
-1.28213
0.940842
-0.0772135
1.25683
-0.579354
-0.747248
0.830386
-1.82329
0.251633
0.372118
0.558711
-0.918
-0.452979
0.498159
0.425711
-2.39112
-0.557617
-1.19495
0.198575
1.03831
-0.246925
0.825095
0.319906
0.409553
1.02754
0.93503
-1.18807
0.203101
-0.601391
-2.62598
0.0796892
0.338098
-0.494769
-0.851434
1.3005
-0.440419
-0.315616
0.521826
-0.679254
1.37117
-1.14716
0.784596
0.113379
0.474347
0.589748
-0.444064
2.5238
-1.4958
-0.90787
0.565122
0.428579
-0.305579
-0.175093
0.245402
-1.20816
0.0438785
0.0871399
-1.11768
0.799186
-0.263038
0.504887
-0.627442
-0.424749
-0.636971
-0.209893
-1.36294
-1.25747
1.01707
-0.505907
-0.180641
1.11466
-1.11311
-0.803607
0.772214
0.471819
-0.0317655
-1.7834
2.51058
0.598173
0.463314
-0.077072
-1.24653
1.40952
0.671175
0.00502878
-1.32468
-0.776441
0.62205
1.16242
-0.939049
0.873415
-1.17614
-0.913126
1.05634
1.63864
1.32424
0.888798
-1.62834
1.09596
-0.356829
-0.599864
0.933066
0.112567
-0.191109
-0.756095
0.256084
-2.07191
-2.12778
-0.664895
0.59415
-1.47928
-0.957834
-0.150223
0.860884
0.96885
-1.06419
-0.558402
-1.95897
0.22622
-0.397189
0.0961155
0.973966
-0.141978
-1.19615
1.5295
-0.103132
-0.313709
0.492763
0.288337
2.25101
-0.667105
-0.503268
0.218596
0.364989
0.287988
0.548627
0.0584021
0.442579
-0.831032
-0.374479
-1.18893
0.86284
1.33752
0.184946
-2.10368
-1.59694
0.513583
1.06483
-0.410614
-1.03672
-0.224192
1.60339
1.2051
0.497735
1.00912
0.206594
0.30142
0.228303
-1.46323
-0.578246
-1.51759
0.908289
0.297939
-0.585072
0.727796
0.0586056
0.371777
-0.519449
1.2248
0.266568
-0.767982
0.213276
0.522823
0.658515
0.85472
1.04098
0.514625
0.814089
-1.40923
0.37634
-0.782803
-1.47043
-0.692206
-0.477806
0.171444
-0.21597
1.0292
-1.56796
0.409592
2.32086
-0.431376
0.0546065
-0.408092
-0.302194
0.646096
0.672298
-0.201541
-2.03804
0.13766
0.272122
0.230421
0.0665004
0.303425
-1.15309
-2.23885
0.244402
-0.911992
0.25729
1.44084
-1.09129
0.132084
1.60299
0.85097
-2.35153
1.96015
0.924497
1.36789
-0.293489
-0.553713
-0.567087
-0.980023
-0.907736
0.774175
0.557989
1.01978
0.856765
1.09771
1.5055
-0.0209886
-0.0440708
1.30936
-1.21075
-0.267623
0.0883366
0.345205
-0.973806
0.399478
1.53352
-0.834243
0.755071
-1.49283
-0.57727
-0.386293
1.86583
-0.0300916
1.58935
0.40352
-0.90014
1.04722
-0.547682
-1.02845
1.17022
0.22891
-0.212465
1.06447
-1.79486
-0.851819
-0.237722
-0.976521
0.653058
-1.20508
-0.204651
-0.890643
-0.607044
-0.0239731
0.791841
-1.08585
0.535178
-1.62155
0.124226
-0.295851
0.445306
-0.267669
-1.58784
-0.727375
-1.0481
0.191382
-0.8512
-0.859009
0.879213
0.385525
0.802932
0.671961
0.111067
0.927226
0.129755
-2.0341
-0.951425
-0.00918496
-1.39353
1.75141
0.510669
1.35754
-1.56573
-1.77573
-2.48145
1.19559
-0.225462
-1.86621
0.543944
0.900128
1.29389
0.921223
-0.326819
0.257743
-0.0490508
0.998817
0.23816
0.588134
-1.15042
-1.0897
-0.499453
0.084709
-0.817167
0.186321
-0.157272
-0.561378
0.382681
1.36807
1.10169
-0.662841
0.793854
1.36423
1.23703
-0.635547
-0.105841
0.292353
1.52036
-0.825738
-0.0956312
1.29166
0.805281
-1.02095
-0.888851
0.190029
0.810636
1.72606
-1.1002
-1.47831
-0.151733
0.255559
1.07836
-1.59736
0.696459
-1.23897
1.89116
-0.239243
-0.481608
1.00292
-0.593928
0.541203
-1.67025
0.272498
0.727177
1.87535
-2.97065
-0.0735056
-0.864811
-0.253684
0.220778
-0.47043
1.64294
1.54293
-1.10208
-0.412087
0.948459
-0.082441
1.01869
-2.10795
0.343147
-1.18505
0.949364
0.503914
-0.406566
0.0798326
0.477901
-0.510606
-0.586227
1.6959
0.0836095
0.0700294
2.19792
0.564728
1.72522
0.608791
-0.172189
-0.0910911
-0.452862
-0.899672
-0.254522
-0.266885
0.0897313
-1.82871
-2.04731
-0.262434
0.385343
0.931771
0.335627
-0.23411
0.161654
-1.92221
-0.421915
-0.977571
-2.19461
-0.00320679
-0.376801
0.410963
-0.244112
-0.803755
0.610516
-1.53239
-1.17827
-1.21287
-0.174083
-0.325137
0.888472
0.384639
-1.07784
-0.768982
0.244387
-0.110551
-0.395628
0.244657
-0.161866
-0.556906
0.802917
-0.0274831
0.935563
0.206005
0.165507
0.356702
-0.274928
-0.411079
-0.398138
-1.03491
0.256291
-0.130411
0.697665
1.1863
1.79424
-1.20421
1.39615
-0.651973
-1.58444
-0.165589
1.4114
-0.0319194
1.08294
1.59817
-0.0403889
0.542045
-0.0777771
-0.73937
-0.130188
-1.09527
-0.57954
-1.52869
0.626702
0.665127
0.684811
0.187229
2.01376
0.373147
0.0995637
-1.07772
0.754337
-0.619917
-0.968338
0.813165
-1.2627
-2.11321
-0.26348
-1.33006
1.75931
-0.475897
0.0970016
0.207626
0.208304
0.616052
-0.446758
0.91237
-0.705619
-1.21002
-0.946751
0.901669
-1.18213
-0.550882
-0.730591
-1.43255
0.839749
-1.11692
0.648332
0.263934
0.363163
-0.789286
1.44987
1.48621
-0.820257
-0.168741
-0.220668
0.00199729
1.47581
1.04472
1.33686
-0.356452
0.370766
-0.0664043
0.298
0.609599
-0.210208
-1.02492
-0.22567
2.29655
1.37875
-0.385435
0.570673
-1.50023
0.224618
0.368605
0.051167
-0.0157912
0.0325841
0.78392
-1.93215
0.0705265
-0.253012
-1.42523
1.27875
1.45643
-1.26397
1.264
-0.68674
-0.238613
-1.95657
2.1944
0.528159
1.85689
-0.136027
-1.58476
1.42909
0.875338
-0.0966215
-0.535946
0.341816
-1.62058
-1.29106
-0.281651
-0.128146
-0.869663
2.13802
-0.468517
-0.997481
-1.4062
1.27321
0.903198
0.907288
0.397679
-1.18642
-0.791821
1.19945
0.597189
0.0366319
1.3529
0.675903
0.0556014
1.26702
-1.45357
1.29466
0.628482
-0.0124086
-0.274553
0.266703
0.306807
-0.738135
2.76562
-0.958336
-0.138068
0.319058
-1.30526
-0.182179
-0.443651
0.100951
-1.05472
-1.14112
-1.09853
-0.647015
-0.53095
1.00888
1.15585
-1.24723
0.205765
-1.90888
-2.11409
1.03959
-0.0958945
-2.07986
0.52188
-1.29083
-1.90694
-1.03114
-1.31758
0.393378
0.915848
0.148207
1.0893
-0.0727549
0.733019
-1.86843
1.28462
-0.321376
-1.32988
-0.511143
-1.29669
0.432544
-0.368766
1.20961
-1.58763
0.761767
-0.00794786
-2.30103
-0.988109
0.564684
0.808514
0.404981
-0.0588911
0.168497
2.04361
0.526843
0.68907
-1.42851
0.71004
0.705981
-1.35557
-0.708621
0.783187
0.0737856
0.339977
0.865163
0.33152
0.657364
-0.396656
-1.47903
1.1498
0.289211
0.481105
0.411439
-2.04174
0.84741
-1.39712
0.932363
-0.282411
-0.0390472
-1.18375
0.295104
1.29599
-1.18836
-1.64571
0.0708781
-1.921
0.206379
-0.733717
1.08384
-1.10499
-1.09184
-0.860364
-1.55935
-0.95932
1.9305
-0.833947
-0.349128
-0.759873
-0.0807336
1.16802
0.592926
1.40776
-1.23284
-1.24632
-1.46093
1.35669
2.09921
0.37084
-0.181659
-0.317026
0.506916
-0.971033
0.932602
0.430428
-0.205752
1.43886
0.247875
0.0143074
-2.10651
0.0971768
-0.797304
0.825866
1.8429
-0.35394
-0.48512
0.643703
-0.440594
-0.618661
0.827973
0.013974
2.29393
-2.04347
1.88609
0.139958
-1.53721
0.986304
-0.750979
0.45944
1.41922
0.342241
-0.736137
-1.57826
-2.11436
0.290693
0.588414
-1.0214
-0.513834
-1.19937
-1.82116
0.445783
2.1915
1.14481
-0.660326
0.354079
0.721269
0.151029
1.39356
-2.00141
-1.33753
-0.13339
0.0893261
1.23061
0.179396
0.100133
-0.736039
-0.678256
-0.690999
-0.189311
1.39313
0.821953
-0.81036
-0.458159
-1.57363
-0.0727146
-0.0807294
-0.643404
-1.33944
0.33469
1.78613
-0.0618628
1.07911
1.42003
-0.434652
-0.418725
-0.426171
-0.985432
-0.243636
-0.601517
-1.07229
-1.68176
0.554962
0.448043
-0.295179
1.23711
-1.0038
-1.41578
-0.796636
0.572456
1.1223
-1.67862
-0.852433
-0.932836
0.360451
0.0991682
0.40289
-2.00056
-1.18968
-0.142127
3.91882
0.824104
1.07041
-0.415585
0.849604
0.247861
1.8252
-0.297039
0.133385
-1.71842
-0.221306
0.00929838
-0.164709
-0.0372462
0.0840198
-2.20815
0.317352
0.754081
0.122385
-1.12346
0.546631
0.341707
-0.431455
1.35902
-0.437954
-0.775734
-0.549639
-0.996081
1.10963
-0.35136
-0.940435
2.37266
0.319545
-1.55896
0.955038
-0.269544
0.793335
-0.376283
2.11438
-1.20021
-0.457572
-0.965495
1.03123
0.144741
1.22574
-1.09647
-0.3588
-0.42047
0.726571
-1.02629
0.46767
-1.00371
1.58499
0.516003
-0.183177
0.797995
-0.298511
1.56871
0.973624
-0.94749
0.648762
-0.22167
-0.0825635
-0.610913
-0.730958
-0.467707
0.869125
-0.0625626
-0.821628
-1.48503
0.282972
0.404262
0.615633
-1.01463
-0.724053
-0.523224
-0.170743
1.57003
-0.800268
-1.06814
0.341228
-0.0916837
2.50679
-1.08557
-0.313611
-2.05826
-0.0641133
-0.597575
-0.992269
2.33564
0.987042
-1.15385
-0.113333
-0.478071
0.14091
-1.52333
0.558221
-0.643116
-1.89514
0.836937
-1.3037
0.257996
-0.240402
-0.0569817
-0.416243
2.30462
-0.880735
0.246186
0.0936859
-1.03179
0.34971
2.08453
0.226918
0.624872
0.282283
0.0481424
-0.143525
0.276045
1.67884
-1.90154
-0.00671816
-0.967076
-0.98446
0.53355
0.371674
0.291084
-0.685613
-0.89922
0.101152
0.806353
-0.0149345
-0.504864
-1.21002
0.0100058
-1.08616
-0.415664
-0.864817
0.35017
0.358739
-0.358227
0.915391
-0.330602
-0.0609572
1.13684
-0.348124
0.44503
0.842494
-0.341336
0.809169
0.350903
-1.82665
0.233505
-0.602063
1.31007
0.533154
0.49619
0.133575
-1.38084
0.256485
-0.511218
1.13265
0.259863
0.22104
0.331611
0.408996
-0.795205
-0.406455
0.20844
-1.04061
0.941946
-0.965431
0.523232
-0.776581
0.364727
-0.863477
1.52405
0.421128
1.25169
-0.397909
0.119788
1.2677
-2.37557
1.22554
-1.51876
0.858332
-0.814115
-1.01571
-0.625593
0.867394
2.07501
0.518409
-0.883741
-0.409666
-0.0740135
-0.218587
-1.74638
-0.530167
0.563976
0.123579
1.39166
-0.102831
0.658693
-1.81629
1.7047
0.961734
0.192837
1.28449
1.70801
1.28167
0.5093
-0.163654
-1.52994
-1.36612
-0.768122
-0.261742
-0.425429
-1.50564
-0.973732
-0.983125
-0.906827
0.132545
-1.38851
-0.316225
-0.385587
-0.876203
-0.346806
-3.05686
0.570053
-0.257508
0.789684
0.179086
-0.189279
2.1978
-0.394502
0.260792
2.42958
-0.611664
-1.81712
-0.215712
2.07053
-1.49835
-1.75163
-0.954588
-1.18649
-1.22944
0.914186
1.55931
-0.273885
-0.75886
0.284114
0.312462
-0.894746
-0.942497
0.680123
0.405943
0.134977
0.191066
-0.101905
-1.38229
0.717774
-2.06964
-0.798469
1.01283
-0.788017
-0.368719
0.207253
-0.695619
-0.671679
2.6541
0.00362873
-0.129624
-0.192468
-1.18349
-0.61107
-0.976942
-0.69542
-1.82338
0.554793
-0.193685
-0.113618
0.0485566
0.225202
0.56663
1.8114
0.780969
-0.391805
-0.816015
-0.162686
0.351949
0.573377
0.968895
1.01553
1.47755
0.366224
-0.467893
-1.16635
-0.264682
-1.49455
0.367088
0.860879
-0.748087
1.44966
-0.951295
-1.15237
0.625298
1.7623
-1.20949
0.100985
0.940455
-2.09119
0.801596
1.48409
-1.74737
-0.269014
-0.218655
-2.20411
0.940543
1.66536
0.0233884
0.526086
0.0107875
1.31269
-0.100493
-0.84459
-1.78041
-0.467966
0.365033
0.366876
-0.0784844
-0.192448
2.26241
0.222857
-1.81642
-1.73884
-0.0150224
0.484284
-0.250232
-0.141554
-1.95389
0.719981
0.362233
2.07706
-0.467053
-1.64884
1.53264
0.223454
-0.0987742
-1.12531
-0.368546
-2.82914
0.305731
-1.03221
1.61302
0.528624
0.611889
1.47532
0.848704
-0.921862
-0.390453
0.395023
0.934537
2.27732
0.69769
-0.0774211
0.416536
0.187234
-0.703666
-0.833387
-2.24776
0.0233792
-1.91648
0.476602
1.32402
-0.0302555
0.730445
-0.284709
-0.452091
0.0514747
-0.362968
-0.237668
-0.823689
0.427219
-0.3678
-0.157387
0.810489
-0.486897
-1.23701
-0.892084
0.175321
-0.986032
0.127632
-0.986414
0.700053
0.991108
-0.19011
-0.970219
1.15163
0.160462
-1.61233
0.485737
0.579097
0.874688
-0.215388
-1.53788
1.07977
-1.67872
0.402311
-0.311321
-2.49118
1.19483
-0.0607539
-0.545918
-0.00046891
0.719496
2.76787
2.69293
0.252145
0.674424
-1.29483
0.0465047
1.05295
0.420077
-0.136164
2.10063
-1.00125
-0.443901
0.420671
0.481969
-0.836586
1.15687
-0.75685
-0.876622
0.70608
1.37199
-0.594661
0.496853
0.739626
-0.350809
-1.00583
1.38858
-1.50349
1.78059
-1.79467
-2.00267
0.0856789
0.0474082
2.29421
-0.320409
1.36807
0.694509
0.0790651
-1.3174
0.21597
-0.344166
-0.339664
0.545339
0.420529
-0.738172
-0.423638
0.840936
1.27913
1.73201
-0.300587
0.808041
1.06141
0.259875
-0.302694
1.59906
-1.30691
-0.464388
0.364881
-0.562358
1.22355
-1.09079
-1.81418
-0.840391
0.648194
0.90578
-0.202906
0.164801
0.714627
1.24468
0.86283
0.76238
0.491636
-0.383948
-0.499901
-1.17157
0.663888
-0.525953
0.217413
-0.741411
-1.92338
0.283785
0.0363297
-2.21643
0.813886
-0.0459734
-0.309071
2.55417
-0.340838
1.06109
0.853656
0.417835
0.327889
-0.320574
0.0981512
1.09125
1.2169
0.361372
0.697072
0.765186
-1.27121
-0.502697
-1.15168
-0.294984
-1.99436
-0.535131
-0.903456
-0.650179
-0.235313
-0.561442
1.93845
-1.7848
-0.00819421
1.36404
1.74494
-1.06537
0.722736
1.55828
-0.693594
-1.57375
-1.17266
0.108896
0.367429
-0.97395
-0.202755
-1.32136
-0.0200396
-0.209948
2.00387
0.7691
0.141525
1.72314
0.346931
0.0599713
1.37959
0.571767
-0.524451
-0.813804
1.49755
1.2411
-1.01447
-1.22873
-0.62615
-0.462511
-0.459815
0.783208
0.206176
-0.527698
-0.276165
-0.932182
-0.983022
-0.581184
0.713584
-1.62698
1.5737
-0.96033
1.67671
-1.60943
-1.92937
-0.379495
-0.165814
0.851079
1.41082
0.796309
-1.5522
-0.220318
0.203845
1.24891
-0.430046
1.46142
-0.337416
-0.969441
-0.134733
-0.681075
-0.700544
1.26865
-0.421147
0.394173
1.08576
-1.99237
0.843483
0.123569
-0.531225
-0.224498
0.298824
1.44664
0.376819
0.383528
-0.750071
-0.00313824
-0.0391039
0.0791032
0.0530888
-0.235984
0.364856
-0.787766
1.78194
-0.424408
0.213653
-0.537024
-0.660616
-0.637874
0.634106
0.640995
0.112969
0.557444
-2.61616
2.37881
-0.486694
-2.08278
0.437907
-0.437736
-1.15608
0.660101
-1.15611
0.687295
0.285061
-0.602505
-1.157
-0.651366
0.813053
-0.600138
0.978732
0.206325
0.89693
1.75691
0.259572
-0.292154
2.00051
0.70761
-0.779472
-0.125693
0.0538051
1.53828
0.387144
-1.49804
-0.947072
-0.884416
-0.739561
-0.177828
-0.607514
-0.255057
0.902449
-0.682007
0.447266
1.08902
-0.0453279
-0.176059
1.39497
0.736356
0.80974
-1.89808
-0.901165
0.941486
-0.309943
-0.0990481
0.701242
0.18823
0.340846
-0.409514
-0.954592
0.0332563
-0.0582594
0.919901
-0.153773
-1.03743
-0.408349
-0.545721
-0.517884
-0.971652
-0.254198
0.150518
0.0874705
2.44607
0.104617
1.01711
-0.894123
1.14137
0.288379
-1.00183
-1.89042
-2.28338
1.5779
1.01148
-1.61092
1.28752
-0.936191
0.399472
-0.998424
-0.451629
0.81463
1.29959
0.419627
-0.524465
1.53553
-0.578028
-1.03133
0.251838
0.523057
-1.30315
-0.196767
0.114828
-0.989826
-0.422713
-0.805822
-1.05832
1.19535
1.64041
0.0458816
0.185912
-1.59389
0.715733
-0.44321
-0.893976
-0.213123
-0.514709
-0.850661
0.266588
1.37324
-0.388077
2.17112
-0.971743
1.18025
-0.0180021
0.871421
-0.486183
0.629484
0.939777
0.226194
-0.611707
-0.480498
-1.94795
0.798679
0.503127
0.904396
-0.795019
0.585605
-1.58551
0.994182
0.164462
-1.13017
0.324348
0.580897
1.37427
-0.0957719
0.465945
0.115659
-0.316739
-1.36898
-0.533241
0.199634
-2.03043
1.58153
-0.459109
0.660365
-1.12811
1.04161
0.533618
0.962206
0.0383476
0.0820246
0.16168
-0.163902
-0.406793
0.496058
0.269356
0.130969
0.58842
1.11998
-0.185574
-1.33874
-0.264372
-1.8143
-1.29111
0.0415034
-1.29032
0.016038
-0.520694
1.16648
-1.00595
-0.84649
-0.19807
-0.278188
-0.764365
0.9157
1.39404
-1.07414
1.65181
-1.10572
-0.0133822
0.597639
-2.61894
1.01599
0.019419
0.00320345
0.400914
-0.475574
0.455313
-1.05944
0.258412
0.252393
-1.05502
-0.827805
-1.25933
0.761172
-0.258852
-0.894052
-0.486353
-0.426717
0.328744
-1.59131
-0.83924
-0.0674564
-0.689115
-0.0177267
-0.361059
0.0927758
-0.143156
-0.775292
-1.68026
-0.123681
0.965446
-0.563881
-2.02082
0.632388
-1.30045
-0.453601
0.438998
-1.41405
-0.706304
1.51167
-1.12402
0.189432
-0.510574
0.801939
-0.206856
0.461142
0.707813
-0.188587
2.17092
-1.7084
-0.709449
-2.36066
0.548796
1.52995
-0.700524
1.6795
1.89191
2.38469
-0.578139
0.748591
0.041277
1.61944
1.30117
0.60297
-0.67643
-0.575277
1.13938
-0.231924
-0.337681
-0.344887
0.0698608
1.39327
0.691944
0.286094
0.478429
0.869174
-0.553853
0.331178
0.419053
-0.372132
0.302165
1.27016
-1.13132
-0.430979
-0.642528
-0.745165
0.256675
0.433299
0.963777
1.24282
0.371076
-0.161815
-2.3205
-0.122674
-0.365225
2.63989
-0.524664
-0.533712
-0.100148
-1.11871
0.520102
-0.814744
0.494933
-2.13501
-2.17926
0.180628
-0.83415
-0.435267
0.874461
-0.280971
-1.88055
0.128337
0.927273
1.00106
-0.810482
-1.01319
0.519637
-0.0903828
-0.878236
0.051329
0.718692
-0.856335
-0.150169
-1.21584
-1.14051
-0.046414
-1.18779
-0.994167
-0.707027
-0.3513
-1.09964
-0.307676
2.15381
1.00609
0.495921
0.641567
0.963141
1.23305
1.80862
0.304879
-0.283452
1.47498
-1.94705
-0.357053
-0.175232
-1.49125
-0.0875657
-0.148462
0.813527
-0.403893
-0.678886
0.981654
0.270478
-1.97144
0.278686
-0.792288
0.325958
1.09339
0.309311
-1.03533
-1.09746
0.825286
1.52925
0.175781
-0.982077
0.515032
-0.489301
0.782155
0.144662
1.24464
1.90189
-1.47564
1.66475
-0.212145
-0.527037
0.188123
0.291046
-0.688558
-0.949239
0.242281
1.31492
0.858173
1.09043
-1.41244
0.176095
1.06634
0.385691
1.81198
0.161555
-1.35646
0.847144
0.372887
-0.865669
0.673068
-1.61719
-0.691531
-0.979482
0.0984954
-0.54203
0.829
0.219299
0.514369
-1.05952
-0.745664
0.0549809
1.51632
-0.64472
-0.597111
-1.30802
0.239881
-0.390108
1.38968
-0.67016
0.0421237
-0.936088
-0.716107
-3.3525
-2.37885
0.271263
-0.772358
0.669118
-0.39239
0.797434
-1.4529
-0.723871
0.0161072
-0.982532
0.971262
0.651175
-0.239316
-0.32521
-0.586373
0.10402
0.313543
-0.741373
0.109192
0.171667
1.25491
-0.952916
-0.357645
1.70383
-0.057166
-0.730497
1.35299
-0.322614
0.691794
0.437157
1.59593
0.500687
-1.40678
-1.21955
-0.122317
-1.04143
-0.956477
-0.652171
1.23608
0.594478
1.72045
-0.519856
-0.346584
-0.309954
0.0591708
0.373019
-1.06218
1.37109
-0.534536
0.13855
-0.776657
1.8815
0.300824
-0.562939
1.15269
1.10207
1.23113
0.568825
-1.41359
-1.0146
-0.255843
-1.6959
-1.1829
1.49361
-0.215489
-0.591284
-1.97225
-0.0312064
0.416626
-0.192365
0.497384
-1.41649
0.980212
0.224343
-0.527672
1.45022
0.175648
-0.0533647
-0.6326
0.515409
-0.567603
-0.570215
0.0046472
1.07235
-0.118894
0.240457
0.13339
-1.34094
0.386424
0.0941215
0.659672
0.742486
-0.46425
0.298338
0.926286
1.04065
-1.2987
0.319876
-0.521087
0.360161
0.127403
0.272485
-1.16535
0.380108
1.61708
1.1212
-0.218407
2.0731
-0.48983
0.286809
0.380079
-0.856769
-1.25047
1.54501
0.335545
0.529
0.316548
1.80307
0.155774
-0.429821
0.857687
-0.454638
0.221629
1.26369
1.29987
0.129461
0.027033
-1.50368
-1.17537
-2.56592
0.372886
0.605793
-0.795595
1.53768
1.61767
1.42884
0.518933
-0.975632
1.25885
-0.641133
0.143674
0.979688
-1.29202
-1.21451
0.884422
0.603771
0.814663
1.16109
2.18004
0.667503
-1.08692
-0.261056
-1.79709
-1.0728
-0.146707
1.13443
-0.423308
-1.62535
-0.0954407
0.788756
-0.668277
-0.327362
-2.35297
-0.169752
-0.418543
-1.11054
0.801673
0.0185619
-0.916521
-0.108384
1.02453
0.287588
-1.51292
-0.844598
-0.730158
0.216657
-0.463246
0.652187
-0.0370622
-0.192474
-1.01067
-1.65833
-1.07309
-1.524
-0.610011
0.462659
1.13394
2.93946
0.805973
-0.104845
1.16736
-0.948277
0.830761
-0.859937
0.909467
0.135349
-1.57349
-0.382675
0.873232
-0.976815
2.29382
-1.31643
-1.93595
-0.405251
0.743973
-0.452081
1.53016
0.223544
-0.390887
0.088352
0.765741
0.409453
-0.921251
0.116518
1.21414
-1.37475
-1.52711
-0.66928
0.777927
-0.208941
0.217468
-0.385805
-0.558357
0.0162653
-0.835861
0.221661
0.839901
2.2565
1.27331
0.0821537
-0.515611
0.267362
0.424357
-0.304795
-0.0959058
-0.200984
1.42932
1.22912
-1.3636
-0.16354
-1.85892
0.218493
0.215094
1.10551
0.0238524
-1.93077
0.670978
-1.72249
-0.886532
0.732438
0.217958
-0.30879
-1.15386
-0.253292
0.0551465
1.1445
-0.0474262
0.7742
-0.0625507
-2.05549
0.619678
0.684451
-0.379109
0.247707
-0.395401
0.901879
0.422818
1.22332
0.225687
-0.0336062
-3.13974
-0.442843
1.46197
-0.0286608
-1.55383
1.42923
0.679617
-0.736153
-0.216684
1.01698
-0.422567
0.0388158
-0.668301
-1.03655
0.734837
-0.408281
-0.81777
-0.701819
0.948835
0.293002
2.20168
-0.957598
0.914813
-0.105541
0.994793
1.02719
-2.02333
1.63507
0.571132
-1.41336
-0.769242
-0.1181
-0.366172
0.280873
0.141756
1.34518
0.471626
-1.70718
-0.733297
-1.15829
-0.855149
1.39735
0.0223006
1.74665
1.30928
0.541441
0.157218
-0.315796
-1.44349
1.14155
-2.374
-0.808547
-0.123018
-0.312728
-0.44087
0.633048
-0.90635
1.22503
-1.31669
-2.08602
1.78303
-0.151074
-2.14772
-0.548207
-0.068656
-0.232853
-0.608658
0.127187
-1.34675
1.55305
-1.40356
0.383394
-0.575503
0.307525
0.160345
0.142583
1.44803
0.142519
0.148764
0.639475
-0.110056
-0.418341
-0.303222
-0.370439
-0.345979
-1.76864
0.0817938
-0.988102
0.412312
-1.24937
-1.40943
-0.865232
-0.990103
-0.87894
0.652839
-0.940589
-0.980346
-1.52376
-0.0262172
-0.796535
2.00957
-1.28607
-0.0289078
-0.947174
-1.17331
-0.583132
2.77194
0.268186
0.474685
1.59422
0.0932645
1.17557
-1.14068
0.0795544
-0.273306
-0.698641
1.38742
1.19153
0.135162
1.71845
-0.934188
-1.91304
0.466801
1.78448
-0.604711
-0.539944
1.07235
0.397768
0.618584
0.286052
0.342219
-0.894238
1.63046
1.26908
-1.09022
-0.278501
0.422232
0.938086
0.696601
-0.658927
-0.0338601
-1.27219
-0.380314
-1.75991
-0.785982
-1.03027
0.761038
1.10266
0.530776
1.21039
-2.07283
-1.82381
0.941545
-1.13184
0.0487347
2.00622
-1.07024
-0.526959
1.32158
1.10109
-0.161367
0.335432
0.721935
0.989859
1.60951
1.23065
0.617269
1.15322
-0.998979
-0.597083
0.366983
-1.69167
0.737504
0.331156
0.67902
0.392234
0.432347
0.0945287
-1.64383
-1.37073
-1.16764
1.44906
-1.21324
-1.83293
-0.292998
-1.56694
-0.434453
1.881
0.872477
0.8822
0.61472
-1.28546
0.116907
0.418426
-1.56603
-0.0917737
-1.56103
0.280792
-0.808212
-0.916038
0.0590167
1.67839
-0.971424
0.50268
1.08204
-0.151022
0.197582
-0.961084
-0.629095
-1.34261
-0.286401
-1.07219
-0.133763
0.643716
-0.207924
-0.74354
-0.659312
-0.887399
-1.25593
0.75028
0.972139
0.178548
0.739795
-1.06256
-1.43744
0.0642323
0.195606
-0.0823953
-0.589946
0.101049
1.1593
-0.722767
0.69114
-0.514582
0.404001
0.679416
0.0285041
-0.165439
-0.715087
-0.194386
0.189517
1.041
0.695446
-2.04634
0.206151
-0.84004
-0.737379
-0.298487
-1.79479
2.11807
-0.0679208
-0.562988
0.704901
-0.19827
0.220283
0.108091
1.26792
-1.39768
0.245897
0.723966
1.54498
1.16575
0.752195
-1.20297
-0.457023
0.813291
2.4761
-0.182099
0.636698
-0.189869
-0.796129
-2.44172
0.629524
-0.0302522
0.0883082
0.379638
-0.343695
-0.298222
-0.54859
0.125436
-0.779584
2.12973
-0.321509
0.405815
0.175849
0.511405
-0.730597
0.989497
-0.343791
1.44648
-0.128394
1.34496
-0.436614
1.11506
-0.144658
0.880815
-0.372602
0.0447394
0.251805
0.690083
0.468728
-0.11862
-0.937749
0.192946
0.266994
1.68399
0.909617
-0.245825
0.035559
0.210058
-0.169626
-0.743891
0.00892818
0.575231
-1.07394
1.23397
0.875773
-0.190045
0.0233737
0.368623
0.716391
-1.46602
-0.169153
0.960943
0.91634
0.923765
-0.260714
-0.795283
0.286645
0.55986
0.0940136
0.516476
0.151055
-0.679547
0.466631
-0.440661
0.37993
-0.140992
-1.42275
2.07388
1.05169
-2.08682
1.47476
0.584985
-1.23448
0.0410526
1.76652
-1.93214
-0.977424
-0.877138
1.33751
0.706514
-1.6056
-0.43919
1.05982
0.727241
-1.17532
0.218746
1.33458
1.4585
-0.771775
0.628576
-0.0810447
0.76299
-1.82831
1.48702
-3.03422
-0.140875
-0.159584
1.59884
-0.531317
-0.28082
-0.423454
1.72793
0.156847
-1.33186
0.324911
-0.543221
-0.118622
1.18133
-1.01622
-0.65944
-2.46092
-0.0462549
1.18171
-1.57499
-0.055348
0.284346
-1.592
1.22637
0.211976
0.559387
-0.359981
-0.205397
1.41379
-0.521778
1.40604
-0.110857
-0.501791
0.900007
2.31505
0.261772
1.58836
-0.627487
-0.0500555
0.9868
-0.377778
-0.472555
-0.129723
0.482116
0.204066
-0.410991
-0.564243
0.194715
-1.2952
-0.0467681
-0.416232
1.16234
0.371513
1.61863
-1.38145
0.908615
-0.360406
-0.571986
-0.700512
1.60523
-0.127987
2.11199
0.0280481
0.415409
0.2512
0.56711
0.595028
0.339853
1.59467
0.160714
2.09475
1.64387
-0.315143
0.95465
-0.112311
0.302768
1.7801
0.295397
-2.14555
-1.6992
0.661563
-0.949605
-0.566399
0.714355
0.445829
0.846432
0.0281901
-0.180686
-2.76648
0.929297
1.11688
0.0497509
1.38826
-1.35011
-0.101005
0.824754
-0.745202
-0.133628
1.19545
-0.251807
-0.787365
-0.693353
-0.28502
-0.658126
-0.134721
0.0891233
-0.948806
0.643799
-0.975293
1.61443
-0.74007
-0.142373
1.09631
-1.30318
0.254036
-0.130556
0.221465
0.597306
0.0276176
-0.64288
0.00578904
-0.853682
-1.03962
-0.884097
0.513852
-0.368091
0.0188275
-1.02685
0.59857
-0.879198
0.492379
-0.604621
-0.127577
1.96943
0.363573
1.19149
0.254684
-0.363683
-0.432703
-1.22461
-0.365819
3.40343e-05
0.473209
-0.85882
0.384348
0.644218
-0.947092
-0.152996
0.220483
-0.0328985
0.790545
2.44883
2.11574
-0.137873
1.13004
-0.373247
0.734908
1.8943
-0.666042
-0.18563
-1.14293
-0.579081
0.342054
-1.0115
0.341861
0.174936
-1.07633
0.593852
1.25236
-0.871628
-0.274031
-0.0995823
0.345199
2.18991
1.0611
0.355359
0.378669
-0.154398
0.781566
0.128158
0.774152
-0.183372
1.53808
-0.359706
-0.70943
0.0225285
-0.0809133
0.478513
-0.187838
0.65014
0.0608106
-1.54876
0.249029
-0.612156
0.523738
0.883717
-0.277586
0.420725
-0.0694306
1.48294
-0.808401
-0.370003
0.583405
1.23418
0.0771732
-1.1149
1.99868
0.81147
0.457786
-2.21578
0.634633
0.795591
0.0528796
-0.0804837
1.65593
-0.573986
-0.101196
-0.101205
1.18002
0.203913
-0.187762
0.334031
-0.0911732
1.23704
0.182481
0.216454
-1.02074
-0.982663
-0.162746
1.11272
-0.0091477
1.05214
-0.532427
0.294718
1.52224
-0.150346
1.42502
0.252605
1.90645
2.15971
0.0425239
0.319772
0.213346
0.267066
-1.38825
1.24066
0.0184311
-0.792631
-0.862635
-0.107557
-0.983173
-0.0939967
0.254349
0.412762
0.667117
0.17505
0.812664
0.281165
-1.78932
1.33839
0.97808
0.617701
-0.0709295
2.40988
1.13248
-0.315762
1.14125
-0.11629
-1.3568
0.373721
1.55332
0.085536
-0.74957
2.15835
-0.727417
-0.752177
-0.885044
-0.127258
1.56835
1.1271
1.80067
-0.440746
-0.289531
-0.154362
-0.735096
0.980021
-0.160858
-0.326171
-0.139074
0.663564
0.584488
0.312154
-0.010076
-0.11634
-1.4587
-2.35899
1.58089
0.66163
0.181622
0.625803
0.906654
0.823204
-0.660958
2.14008
-0.947135
-0.381288
0.528036
0.00711131
1.50119
-0.0446872
0.592584
-0.0665919
-1.51253
0.396945
1.77609
0.201882
-0.415529
-1.55227
0.0139837
-0.986684
-0.00880253
0.315656
-0.806845
1.56881
0.0377771
0.887457
-0.543929
0.790882
-0.401917
-0.801876
0.901672
-0.710926
-0.980849
0.995683
-0.926853
-0.394534
-0.193389
0.906623
0.113135
-1.02007
0.504438
-0.798143
-0.232977
0.274817
0.818572
-0.355822
-0.373959
1.88823
0.430039
-0.996833
-0.529224
-0.23701
-0.318047
2.0578
-0.0769593
0.604454
0.755881
0.761277
-0.0253072
0.941555
1.65661
0.95974
0.119223
-0.429916
-0.411175
-0.158353
0.095619
0.319538
-0.292719
-0.218528
-0.624676
-1.20334
-1.42162
-0.626128
0.239375
0.51458
-0.841165
-0.441799
-0.212317
-0.349561
0.696064
0.21896
-0.0329232
-0.112758
-0.0914483
0.0684257
-0.529354
-1.4507
-0.0733007
0.950841
-0.0936074
1.20637
0.0938914
-0.539049
0.582828
0.180266
0.865919
0.151352
0.650765
-1.7128
-0.454545
-0.575633
1.22145
-0.535009
0.0806677
1.33219
-1.60473
0.117097
-1.25259
0.295537
-0.965651
0.999397
-0.817858
0.889666
0.968257
1.42313
-1.19673
0.304568
0.0561126
0.189094
0.157936
-1.22967
0.629499
0.0578071
1.1994
0.186213
0.641331
-0.00875539
-0.681054
1.47837
0.027437
-0.515481
-0.24505
-0.763372
-2.08967
-0.102953
-1.0715
0.934693
0.900744
-0.88016
-0.0672063
1.04335
0.79095
1.01823
0.3225
0.918013
-0.736452
-0.421132
-1.54013
-0.741384
-0.0202243
0.694012
-0.0355796
0.870444
-1.49849
0.403719
0.607863
0.879038
-0.986667
0.993471
-0.519241
1.39144
-1.95876
0.982326
1.36059
-1.1914
-1.73526
-1.32369
-1.85031
-1.2479
0.85066
1.1418
-1.09931
0.342099
0.944004
-1.72361
0.222724
-0.496285
-1.76798
0.426082
1.07601
-1.82097
-1.64224
0.425635
-0.300754
-0.692065
-1.09588
-0.602332
0.748959
0.143128
0.617979
-1.8584
1.92055
0.163449
0.336765
-0.208646
0.234699
0.854094
-0.662225
0.680905
-0.0250992
0.737302
-0.46355
1.11566
-1.06514
0.886323
0.260538
0.764756
-0.570205
1.73815
0.223007
0.943957
0.263204
0.132546
-2.19883
0.9932
-0.0448806
0.320761
0.700972
-0.684342
0.538561
-0.973369
1.96554
-0.831947
0.961115
-1.80254
0.0956743
0.108218
0.665052
1.35045
-1.32814
0.428149
1.19333
-0.895993
1.61442
0.153049
0.969639
1.40257
0.616285
-0.298925
-0.514904
1.11239
-0.21739
-0.994802
-0.428624
1.98603
1.31524
0.412338
0.176488
-1.41184
1.5966
-0.846376
2.50999
0.660869
-0.325697
0.703066
0.70432
1.43234
-0.232221
-1.66217
0.029048
-0.474193
0.367429
1.33772
-0.202145
-1.06213
-1.44102
-0.507326
-0.344576
-0.479386
-0.489864
0.296442
-0.955068
1.04192
-1.13107
-0.243389
-0.355949
-0.379241
-0.0557681
-0.272919
-1.30718
1.2529
0.438627
-0.478609
1.51143
0.434001
0.968118
0.603453
0.168482
-1.07543
1.02511
0.22361
1.41466
-0.23615
-1.48155
-0.805101
0.323034
0.523116
-0.344321
-0.134677
0.817966
-2.35208
-0.170941
0.0903304
-0.179398
0.0773208
0.423632
-0.54151
0.109982
0.200651
-1.138
-0.185992
-1.09987
-1.35656
1.37991
0.518723
0.234548
-1.27782
-1.9674
-0.341537
0.162508
1.48301
2.8646
0.411313
-0.517458
-0.718412
-0.706719
0.376124
-0.308031
0.324149
0.113206
0.708522
1.22924
-1.03488
0.432014
-1.62683
1.35292
0.574561
-1.18756
0.175941
-0.104136
0.480038
0.928804
0.668653
-0.149766
0.271273
0.468417
1.68215
1.45726
1.21702
0.63449
1.13413
0.171849
0.447693
0.497832
-0.892383
1.03346
2.21791
0.570876
0.493967
-0.735013
1.15495
0.205699
0.0700071
0.558527
1.53345
0.0731069
1.06017
0.182436
0.546171
0.520209
1.42285
-0.306205
-1.10788
1.0862
1.3853
-0.918086
1.10529
-0.240944
1.42094
0.423174
2.34856
-1.09407
0.367343
0.110466
2.35691
0.192377
-0.437034
-1.12136
0.109158
-0.992309
-0.537065
-2.02859
2.83509
-1.40587
1.56405
0.754077
-0.215206
1.84615
-1.72645
-0.148385
-0.568772
1.17116
2.87351
-1.39978
0.453032
-0.508057
1.65261
0.153827
1.16625
-0.658984
0.2203
-0.272979
1.49934
1.09216
1.66537
-0.338455
0.735452
0.0176606
0.566512
-1.02521
0.0791588
0.899892
0.961812
-0.0139979
1.38664
-1.1655
0.134154
-0.398824
1.54994
0.0398138
-1.42016
0.609825
0.197027
-0.621014
-0.669286
-0.13231
-1.7503
-0.445212
-0.936826
-1.20489
0.12135
-0.0835771
0.701479
0.259412
0.0530962
0.016982
-1.06048
-1.1573
-0.427425
0.197005
-0.0769344
3.13461
0.956168
0.424761
0.331861
0.330652
-0.179305
1.85488
-1.49371
-1.79503
-1.13295
-0.870254
-0.377736
1.54571
-1.21848
0.299641
-1.87964
-0.726571
-1.35505
0.44486
-0.208829
-1.92523
0.200405
-1.75006
-0.577618
-2.32903
-1.3159
0.441483
1.37436
-0.5454
-1.32311
-0.658644
-0.225436
-1.47383
1.12332
-1.04258
-0.761141
-0.467598
-0.18504
-0.306477
0.497956
0.17861
-1.36786
-0.684017
-0.976165
-0.983603
0.884571
1.48459
0.00485486
0.344663
1.07535
-1.02327
1.32513
0.711605
0.578247
-1.66298
0.22774
-0.375996
-0.109175
-2.27225
-0.525414
0.0688506
0.466855
-0.632038
-0.951672
-1.41441
-0.491653
-0.674278
-1.49339
1.38423
-0.871433
0.00274819
0.0677897
2.29141
2.41685
0.577912
0.229711
-0.597627
1.21777
-0.976137
-0.8695
-0.455411
-0.0725583
-0.157417
-0.150413
0.205533
-2.5998
0.0353389
1.11878
-1.1324
-0.542223
0.906646
0.0775694
1.61217
0.800781
-0.494668
1.02167
0.0428226
0.372216
0.547795
0.473482
-0.0440964
-0.711574
0.505929
-0.299271
0.334545
1.1517
-0.805877
-2.05563
0.248465
1.10638
-0.0949774
-0.0406272
-0.668626
0.994749
0.268777
-1.30564
1.60378
1.1937
0.620895
-0.535593
-2.3545
0.22589
0.547845
0.0515909
0.457584
-1.1521
-0.692068
-1.04653
-0.492162
-1.24272
-1.93848
-1.01569
-0.308094
0.225803
0.737246
-1.23131
-1.0188
0.228035
-1.49982
-0.284378
0.260138
-0.903319
-0.441585
-0.141917
1.42249
0.230345
0.178881
0.61916
-0.581846
-0.0298327
-0.137319
-1.04331
0.745712
0.233511
0.723204
0.186779
0.233759
0.455386
-0.0696321
-1.35819
0.0721367
2.07031
-1.46663
1.07863
-0.997369
-0.207543
1.39604
1.0239
0.871357
0.0300248
0.365991
0.0350348
-0.183622
1.16615
-1.23981
-0.81004
-0.766185
-0.720597
-1.65258
-0.38361
0.637726
0.552852
0.597331
0.826393
-1.38254
-0.594838
-0.976584
-0.333977
0.0493115
0.217104
1.74229
-0.0633045
0.685343
-0.924639
0.247312
0.83686
-1.04723
-0.256852
-0.0311173
-1.50439
0.434632
0.376776
-0.694898
0.517714
0.220093
0.647662
0.796417
0.0924411
1.22193
0.974558
0.394977
-0.999902
1.71275
-0.487321
-2.786
0.437128
0.103969
-0.262585
0.454066
1.97966
-0.974028
-0.229489
0.110192
-1.85918
-0.242437
-0.865451
0.572065
-0.849205
0.851962
-1.71046
0.6185
1.41317
2.17783
-0.702738
0.437181
-0.803226
-1.14871
-0.633413
-0.820199
-0.509478
-1.36708
-0.450144
0.139834
0.054275
0.772379
-1.15002
-0.925964
0.607291
0.737266
0.430942
-0.418437
-0.861815
0.447112
-0.429924
0.604856
-0.24113
-1.87553
-0.802416
-1.03711
-1.80284
-0.107019
0.464837
0.126464
-1.18702
-0.20088
-1.39269
-0.3213
-0.80237
0.499597
-1.29498
1.94028
-0.976645
-1.30355
0.913431
-1.88722
2.02026
-0.325745
-1.04443
1.39259
1.16641
1.80856
-0.345519
1.02729
0.626326
-0.833195
0.566998
-1.26978
0.554031
-0.0283225
-0.964866
0.919028
-0.361286
1.39185
1.68225
-1.36708
1.50084
0.916141
-0.0393427
0.297281
0.0650016
0.0876214
-0.879202
-0.826729
0.753336
0.568038
0.567464
1.30798
1.26823
-2.26529
-0.195411
-2.10802
-0.482454
0.846741
0.0354672
-0.0954324
0.300598
0.803399
0.373659
1.4851
-0.255195
0.72775
0.0188078
-0.882868
1.31094
0.0398078
-1.50223
-1.25263
-0.565011
-0.80267
2.51232
-0.0371606
1.12875
-0.247596
0.79252
-1.17065
0.0948218
0.481115
-1.47033
-1.68672
-0.493181
-0.382141
0.170806
-1.76826
0.742284
-0.471244
0.470188
0.581262
0.314003
0.0287521
-1.91632
-0.746907
-0.202172
-1.86622
0.375647
-2.27304
1.09593
0.143853
-0.388392
1.3738
-0.354291
1.82166
0.499022
0.292875
-0.417415
0.424082
0.123052
0.683234
-1.36055
-1.00357
0.988249
1.18077
-0.408537
-1.71432
-1.69967
1.39042
0.526018
-0.0263579
0.728673
-0.308232
0.235404
0.332666
-0.0383133
-0.00926709
-1.1702
-0.166247
-0.47915
-1.43628
-0.962519
-0.211292
0.530086
-2.63129
0.502757
0.00930274
-0.136791
-0.0609479
-0.711884
-1.52242
-1.63694
0.726234
-2.18257
-1.06112
0.856941
-0.418714
0.747307
-2.44458
-0.105239
-0.827646
-0.505275
-0.816901
0.501415
-0.50308
-0.316284
-0.616478
-1.21095
-0.758187
1.88461
1.31496
-1.25323
-2.62894
-0.849856
1.73519
1.19261
-0.482633
-0.0852216
-1.23679
-0.76103
-1.51149
1.87999
-1.71832
-0.657765
-0.261793
-0.254941
-0.530676
0.080381
-1.10722
0.702129
1.40698
0.304766
0.640853
-0.876684
1.71363
0.0772721
-0.565089
0.100667
1.55563
0.228827
-0.948409
-1.2826
0.220926
-0.334896
-0.254892
-0.851213
0.980936
-0.404852
-0.744076
-0.127419
1.6347
-0.459217
-0.608386
-1.53183
-0.288768
-1.49495
-0.77477
-0.574588
-0.840144
1.93677
-0.975023
1.26625
-0.510325
-0.196296
2.12618
-0.0972717
-1.63968
-0.463554
0.113159
-1.85496
-1.52177
-0.760064
-0.681067
-0.710012
0.0414699
1.95382
1.13987
-0.772886
-0.0167035
-0.0894359
0.473724
0.186846
-0.267042
-0.668098
1.28784
-1.68783
-1.85671
0.432955
-0.0513131
1.44865
-1.13426
-2.69966
0.0919884
-0.871157
0.472018
0.608192
-0.219443
-0.585656
-0.319327
0.26883
0.456772
-0.359082
-0.797916
-2.42502
-0.80543
1.39451
-1.28356
-0.396129
-0.213087
1.6224
-0.501817
1.02839
0.699546
-0.442307
-1.49998
0.549683
-1.18233
-0.0101201
0.710597
1.78571
0.111125
-0.613981
-0.591005
1.18633
0.224845
-0.413984
-0.391599
1.28702
1.25261
-1.00004
0.834986
-0.348014
0.178485
-0.722229
-1.07145
-0.149636
-0.74609
0.241508
0.0970749
-0.885656
-0.225567
-2.07296
0.245359
-0.926841
-0.376585
-1.0925
0.111598
-1.14698
0.754813
1.0736
-0.442885
1.47098
0.920761
-0.787758
-1.58483
-1.5312
-1.19889
-1.5899
-0.0931889
0.984985
1.91073
0.653114
-0.316909
-0.258494
-0.183022
1.65406
0.0911838
1.11558
1.64579
0.408578
-0.2949
-0.101791
-0.796891
0.155585
-0.64873
-0.583964
-1.39172
1.00513
-0.669546
0.833019
0.144512
-0.541088
-1.24442
1.06224
-0.522011
-0.510733
0.198569
0.75245
-0.703276
-0.191626
0.498866
0.349338
-0.651067
-0.940175
1.11594
-0.729032
0.0976841
1.39919
-0.588623
-0.402317
-0.613569
-0.208298
-0.890315
0.546487
0.702596
1.3709
-2.29328
2.01721
-0.149932
1.54874
-0.750767
1.48331
-1.78768
0.340217
-1.60672
-0.877898
0.488932
-0.130259
-0.0294814
0.329159
-1.78332
1.41683
-0.259584
1.12845
-0.737675
-0.719213
-0.861187
0.387129
-1.24322
-0.900203
0.201881
-1.31728
-0.678394
-0.0206808
1.75736
-0.155305
-1.32814
0.195786
0.534991
-0.471311
-1.21037
1.2038
0.131246
0.0512608
-1.28245
0.898954
-0.324071
-0.00129157
2.12764
0.332168
-0.312842
-0.661166
-0.46232
-0.692745
0.106963
0.212577
1.0266
1.08752
-1.12421
0.767259
1.39368
0.690556
1.35011
-1.26471
0.664008
-1.24483
-1.27895
-0.805716
0.276349
-0.2759
0.298481
0.230246
0.282777
0.399606
0.678473
-2.3416
-0.235483
0.279144
-0.42837
0.0914332
0.563849
0.896466
1.30917
-0.136427
0.435706
-1.20809
-0.198204
-0.589622
-1.42505
-2.2358
0.423182
-0.422164
1.26815
0.293492
0.17252
-0.167514
-0.995118
0.579358
-1.92575
1.15408
-2.1231
0.854645
0.130651
0.250308
0.380521
0.697022
-0.0874101
-1.58203
-0.753056
0.884599
-0.451922
-0.880792
0.4594
0.00258809
-0.466873
-0.171604
2.16753
2.01843
1.08869
1.80392
-0.258324
0.182314
-0.76563
-0.0974801
0.187927
1.46572
0.617964
-0.811452
-0.040557
1.43774
-0.276333
0.446812
-0.458043
-1.55077
0.775831
0.271106
-0.519022
1.5578
1.67968
0.705352
1.02146
-1.1268
0.844546
0.839621
0.557217
0.583225
-0.464942
0.13454
1.41714
-1.00835
0.868665
-0.412944
0.570765
-0.478488
-0.0153916
-0.252989
-0.431741
-0.320641
-1.37157
-0.306753
0.725214
-0.622283
-0.650751
0.77945
0.805862
0.51625
-0.0100964
-0.978866
0.0667971
-0.422787
0.201935
-1.46609
1.83367
-1.02975
-1.26082
-2.04798
0.80729
-1.48325
-0.442268
-0.923265
0.518533
-0.40475
-0.491316
1.37114
-0.342244
-1.50569
-0.00906438
-0.617293
1.11895
-1.02458
-0.299596
-0.28467
-0.489901
-0.513211
0.611211
-0.527879
0.392554
-0.137759
-0.954755
1.49792
-1.82705
-0.298853
-1.7576
1.5795
-0.569062
-1.51659
2.39237
0.0397068
-0.703555
-0.363197
0.65496
-0.90768
-0.0299726
1.27871
1.268
0.33788
-0.387303
1.1592
0.0860224
-1.06433
0.748965
1.80444
-0.951276
-0.760865
-0.642155
-0.589901
-0.226377
2.36175
0.94821
0.820366
-0.287578
0.523361
1.25319
-0.643494
-1.72512
0.0266747
-1.12898
1.27705
0.258439
0.692651
-2.42556
-1.33666
0.611352
-1.86285
-1.27723
-0.160659
0.0987468
0.292956
-1.32542
-1.09267
-1.27169
-1.16767
0.0183854
-0.617641
0.106245
0.803709
-0.652039
-0.0711373
1.2759
-0.141181
-3.40217
-0.415576
1.64815
0.077737
-0.62631
0.55341
1.18079
-0.113078
-1.00247
0.147889
-0.300998
-0.583737
-0.583694
-0.34085
0.66283
0.585876
-1.49663
-0.186579
-0.394084
-0.623885
0.926762
-2.04291
-0.377095
1.02015
0.526094
0.489714
0.373485
-1.38119
-0.734943
0.126911
0.233665
-0.0752394
-0.610727
-1.44165
-1.02857
0.924105
0.381495
-0.799756
0.883464
1.21032
-0.885707
1.01406
-0.66714
1.60252
-0.869202
0.0239338
0.763491
1.5954
0.000664473
-0.0924882
-1.15051
0.812999
0.272116
-0.881036
1.33477
0.481811
-0.665215
-0.650678
1.89876
0.146835
0.279221
0.782186
-1.03784
-1.42751
0.323624
0.645075
1.96684
0.706167
-0.299828
0.0488456
-0.310413
-1.11299
1.66398
0.0519623
0.916048
-0.605582
-0.247922
-0.934122
0.921709
0.408044
0.56967
0.215421
0.461677
0.0104231
0.0496521
1.47597
-0.30025
-0.405146
-0.878851
0.203384
0.10683
-0.498008
-0.902281
0.218876
2.68921
0.392572
0.0162274
-0.333314
-0.0010227
-2.08467
2.40743
-0.730094
1.15089
-0.0307344
-0.287268
0.304744
0.644043
-0.677384
1.49155
1.0682
1.30802
-1.09677
0.0752345
-1.0882
0.278398
1.36722
0.868904
-0.816482
1.05927
-0.956411
-0.957378
0.914174
-0.437193
-0.531528
-1.01631
0.376535
-0.754832
0.464695
0.645167
0.392093
0.732596
0.597082
-0.832215
-1.77995
-1.06187
-1.39855
-0.743981
0.0225945
0.070761
-1.14597
-1.36741
0.93748
1.89464
-0.420089
-0.66599
1.40916
-0.302977
-1.66441
-0.14454
-0.805466
-0.273793
1.75172
2.01402
-0.432846
0.496696
1.42543
-1.13009
0.198431
-1.81776
0.0213156
-0.138191
-1.57433
2.96712
-0.691677
2.06622
0.803084
-1.40495
-1.8932
-0.231062
0.0648484
-0.103947
-0.843071
1.61944
0.799228
-1.0761
0.0101643
-2.7502
1.026
2.12234
-1.15157
0.774933
-0.767726
-1.05925
0.53312
-1.81632
-2.25031
-1.30044
0.0233486
-0.990328
0.902324
-1.06999
0.387852
-0.342446
-0.727414
-0.41609
0.953623
-0.654164
0.897635
-1.54315
-0.548735
-1.01891
-0.493807
1.23792
-1.43247
-1.41327
0.866333
-0.102965
-1.36579
1.85225
0.484088
0.238724
-0.185533
-0.333416
-1.36919
-0.546236
-0.257233
-0.829124
1.05364
-0.28832
1.84635
-0.339918
-1.19059
1.29152
0.797537
1.7778
-0.559833
-1.03861
-0.432626
0.969442
1.4374
-1.07411
-1.3187
0.00470603
-0.463502
0.00587535
0.28684
-0.182689
0.0136129
-0.388605
-0.454653
-1.15245
-1.23498
0.747499
0.675601
1.13498
0.428941
0.444675
0.0919232
0.285312
0.842653
-0.074891
0.526752
-0.156999
0.295938
1.2176
1.68214
-1.18076
-0.76482
-0.31103
1.71126
-0.0231924
-0.0180416
0.925475
-0.246111
0.634449
1.24269
0.176708
0.196016
-0.429561
1.13632
-0.305129
-0.24276
0.143132
0.929611
1.07096
0.0405654
-0.665555
-0.860874
-0.781086
0.506399
-0.145269
0.329166
-1.68715
-0.576585
-0.547421
-0.837193
-0.500567
1.37568
0.905768
-2.58428
-0.801821
-1.29739
-0.175651
0.22822
0.210199
1.10397
-1.03937
-2.0492
0.990903
-0.00531512
-1.64837
-0.311777
-0.260719
-0.401835
0.28519
0.390204
-0.866871
1.97203
0.3355
-1.16117
0.0176913
0.318884
-2.02634
-1.32288
-1.34354
-2.05612
-0.257151
0.277382
1.07369
1.07443
-0.112435
0.057727
0.461446
-0.910084
1.04168
0.144853
-0.681939
-0.261317
0.218088
-1.7498
-0.0470106
1.61083
0.0178304
1.11672
1.81052
-0.579487
0.783158
0.741382
-0.791075
-0.447846
-0.891804
0.071826
0.965693
0.193545
0.441221
0.0371138
-0.277296
0.204816
0.253247
-0.184579
0.893238
-0.654191
0.19185
1.6369
-0.581946
-2.13589
-0.424813
-1.3492
-0.248536
0.537292
0.473838
-0.303465
-1.10119
-0.136226
-0.44011
1.11687
-0.18454
-0.986365
-0.975659
1.15006
-0.197427
0.133509
-0.0525541
1.18966
0.686941
1.39676
-0.157206
0.718685
-2.65878
-0.596788
1.03483
0.963024
-0.304704
-1.45975
-2.13528
1.16509
0.512807
0.665529
0.776328
0.162256
-1.09822
0.0333242
1.07382
-1.47615
0.659553
0.612299
0.613531
0.957152
-0.633337
0.41228
-2.0914
0.284452
0.805614
0.0030207
0.83866
2.22399
-1.92203
0.630577
-0.935629
0.597378
0.757852
-0.0678934
-1.0547
0.0776228
0.271493
0.0191804
-0.641877
-0.437459
-0.281977
0.286455
0.98245
0.730219
-0.229538
-0.0712064
0.291797
-1.20072
-0.761371
-0.836282
0.973209
0.442215
-0.194919
0.903359
0.716974
0.976444
-0.566953
0.331159
-1.65334
1.10494
1.21792
-0.924091
-0.838537
-0.426963
0.258221
-2.01805
-0.905645
-0.644108
0.605727
1.49744
1.17182
-0.951863
-0.171085
0.073195
-0.808802
0.39215
-0.883268
1.95692
-0.046405
-0.147256
0.100435
-0.878682
1.01454
0.803545
-1.61172
1.66774
0.712835
-0.649168
1.62801
0.572698
-2.51284
0.636775
-0.616439
1.74152
-0.069417
0.046008
-0.71105
0.112174
-0.924722
0.214253
0.132856
1.60082
1.10493
-0.203197
0.648091
0.802775
0.936052
0.448389
-1.44803
1.59766
0.796865
-0.51749
-3.04922
-0.325198
-0.693453
0.678558
0.958618
0.187375
1.34749
0.237121
-0.451405
0.147496
0.958313
0.312284
0.731205
0.0394859
-0.660555
0.0401865
-1.02802
0.356957
0.636985
0.061274
-1.80624
0.0987825
0.235711
-1.32618
0.0573618
0.528389
0.277163
0.127257
0.321833
1.28338
1.3869
-0.538974
-0.112311
-0.680796
1.79846
1.17164
0.623308
-0.339339
0.00315762
1.37998
0.456151
1.44162
2.07388
-0.699961
-0.972677
-0.0625781
-1.1331
0.0153522
-0.988903
0.363421
0.611064
-0.548151
0.942045
0.879562
0.796182
0.584215
0.887516
-0.962633
-1.1077
1.23913
-1.27629
-0.92563
-0.376527
0.695694
-0.465346
1.72729
-0.963409
1.68932
0.53659
0.152459
-0.858238
-1.11388
-0.68563
0.21929
-1.40586
-0.661492
0.176232
-1.16835
0.376256
-0.849752
-1.0009
0.687492
0.922858
0.187863
0.863903
1.78955
1.25436
-0.484411
-0.32435
-0.4976
0.556888
-1.89487
-1.11571
1.31702
0.814245
0.80381
-0.27863
-0.772645
1.79451
-1.33665
0.738779
0.225341
1.09168
2.74132
-1.00906
1.01789
0.330643
-0.716722
0.521553
1.40538
-0.057098
0.99541
-1.03952
0.0996414
1.48157
0.257859
-0.979092
0.143551
-1.85194
-0.04024
-0.0261664
-0.719327
1.16216
-1.01645
2.72882
-0.222565
1.50021
-1.06313
-0.159236
-0.235858
1.23362
-1.26391
0.445877
1.07533
-1.01399
1.41391
1.91649
0.0401649
0.281772
0.273593
-0.332976
1.31065
-0.665337
0.240168
0.24131
0.353554
-1.18894
-1.07444
1.38451
-1.29493
0.459599
0.122813
-0.8177
0.442711
-0.53667
-0.188331
0.402411
-1.24836
0.960045
-0.492235
0.530503
-0.745818
1.05304
1.13615
0.777663
0.125996
1.31721
1.80011
0.680738
0.154878
1.45601
-1.29875
-0.242835
-0.613102
-0.0862489
2.15851
-0.90394
-1.40023
-0.471081
-1.31017
0.197471
-0.0129505
-1.17061
0.170361
-0.630221
-0.841361
-0.073706
0.307296
0.128901
-0.255055
0.164622
-0.549624
2.09547
0.345529
-1.04668
-0.935693
-0.660911
-0.794048
0.611036
0.425818
0.0646691
-0.244737
-1.73058
0.516674
0.557639
0.674623
-0.138856
-0.512631
-0.533213
-0.83483
-1.34236
0.137104
0.159644
0.660273
-0.00928009
-0.897949
-0.249997
-1.11608
0.765913
0.66267
1.59666
0.205709
-1.10596
-0.679217
0.281973
-1.10785
1.18436
-0.230482
0.0883124
0.121235
2.10505
2.64504
-0.33439
-0.493762
0.853579
0.0629457
-0.456198
-2.89953
0.178184
-0.23487
1.62711
-0.69087
2.20334
0.0391577
-0.67003
0.303539
0.271544
0.216731
1.01226
-0.902484
-0.622376
-0.770557
0.216953
-1.20769
-1.00082
-0.688882
1.13957
1.54823
-1.4023
-0.292953
-0.790103
1.05153
0.486318
-0.212683
-0.358751
-0.259525
1.002
-1.68379
0.684076
0.356417
-0.328216
0.413244
2.05967
-0.904993
0.260713
1.20322
-0.128338
1.0213
0.528544
-1.70688
0.482642
0.337113
-0.223092
-0.812694
1.1899
0.815849
-0.0194523
-1.29255
0.0791373
0.705501
-1.24355
-0.568932
0.326785
0.243481
0.209709
-0.634735
0.452839
-0.419171
-0.104609
-0.794903
-0.98166
0.927567
-0.840182
-0.457084
-0.0892584
0.77919
0.65185
-0.984662
0.560062
0.517624
-0.422108
-0.859608
0.196571
-0.428501
-1.75813
0.461261
-0.312794
-1.30654
0.0179014
0.267599
0.712631
0.504495
-0.366203
-2.45375
-0.479
0.442665
0.652875
-0.56615
0.0785115
0.955489
-0.000751495
-0.0879013
-0.0782852
-0.270738
-1.08483
-1.13635
0.0835606
-1.19284
0.79025
1.39125
0.368321
0.344826
-0.344405
-1.03591
0.683752
-0.345334
0.809438
0.108577
-0.0315616
0.732533
-0.5416
0.712809
-1.1905
2.07945
0.381717
0.96288
0.234546
-0.175553
1.95195
0.0283352
-1.69316
-0.959061
-0.749523
0.77328
-0.464207
-1.57106
0.100726
-0.833429
0.442148
-0.42277
1.54605
1.6966
-0.0130049
0.810436
-0.630812
-1.72372
0.116822
-0.524548
0.742193
0.550761
1.47996
0.0671059
-0.401659
-0.629094
-1.97062
1.34107
-0.587308
-0.910043
0.261441
-1.67993
-0.148024
1.10772
1.44513
1.76126
0.744987
0.692297
0.0224437
-1.10676
-1.74547
1.14382
0.507522
0.403527
1.35785
1.10345
-0.186688
0.143735
-0.482547
0.0143613
0.685058
-2.12084
-0.0633109
-0.755556
-2.84603
-0.826168
1.0653
-2.37317
0.990313
-1.01267
0.723336
0.751864
-0.491446
1.30443
-0.488634
-0.537464
0.709803
1.12763
-0.344596
-0.768519
-0.181857
0.810658
-2.06772
0.143008
-2.65483
-0.106408
0.45016
0.437317
1.54205
0.982806
-0.143266
0.473986
-0.363607
-0.0640157
0.120982
1.63352
-0.898001
-1.88594
-2.61676
-0.362891
-0.838285
0.741296
-2.39069
0.693884
-0.398799
-0.427822
0.679444
-0.146038
-0.722979
0.716157
-0.867981
1.97837
1.54107
-0.569486
-0.6039
-1.90408
-0.663652
0.631318
-0.972871
-0.509191
0.376011
-1.50058
1.60928
1.29297
1.2769
-0.748508
0.420411
-1.05715
-0.0438946
-1.11487
1.5412
0.0874537
0.542797
0.186983
0.418986
-1.21054
-0.972908
0.672948
-0.530145
0.564799
0.318777
-0.904095
-1.73127
-0.290564
1.30054
0.691602
0.200879
0.115738
-1.89391
-1.28637
0.386085
0.458184
-2.24046
0.0782349
0.120588
0.680436
1.1229
-0.208205
-2.47178
0.0273765
-0.517367
-0.457324
1.56174
0.574874
-0.355273
-0.338307
-0.843939
-0.695512
-0.820584
0.275209
0.899396
-1.74902
0.615671
0.166863
1.00571
0.513123
-1.43264
-1.68764
-0.375954
1.12508
1.5423
0.191488
1.9557
0.941502
0.540508
1.09207
-2.15271
-1.20973
-0.802623
0.245428
-0.806387
0.290721
-0.505936
0.624765
-0.952768
-1.72017
0.146794
0.465957
1.26256
-1.96532
-0.188568
-0.711606
0.135526
-0.650922
0.395706
-0.761078
1.64661
0.651524
-0.092033
-2.20451
0.60002
-0.209093
0.353274
0.294191
-1.28927
-0.0494249
-0.0163602
-1.2564
0.631647
0.520432
-0.940111
-0.227397
-0.519696
-0.232094
-1.3359
1.44068
0.86349
-1.14058
0.922015
-0.554294
-0.975376
-0.204146
0.317315
-1.06109
-2.0769
-0.882252
0.124523
0.269502
0.78636
0.400754
-0.94989
0.71619
-0.0668046
-0.675711
-3.08526
-0.372869
1.94482
0.190732
-0.383803
-1.10521
-0.356164
1.2437
2.25338
-1.05958
1.99531
0.978343
-0.340294
0.865278
0.852149
1.30785
0.320195
-0.0642287
-0.871998
0.807262
0.478238
-0.0805302
-2.08204
-2.12934
0.967178
0.0160161
2.36125
0.309226
-0.5286
-0.770441
1.92968
-0.131584
0.268498
1.24268
-0.253439
-0.0100462
-0.525443
-0.548998
-0.517763
-1.25726
1.1639
0.514925
1.01435
-2.1525
0.381219
-0.0615491
-1.07493
0.0113261
0.376176
1.41327
0.82035
-1.57301
-1.40561
0.107803
0.932721
-0.950474
0.185302
-2.1341
-0.41993
-1.27585
-0.202537
0.676697
-0.328635
1.0653
-0.173171
0.366117
-0.223159
1.33695
1.10265
-0.203905
-0.26981
0.169055
-1.58691
0.788489
-0.702367
-1.13913
-0.484041
1.26625
1.61562
-1.3072
-0.122606
-1.84582
-1.13644
0.748918
-1.43886
-0.93419
-2.22451
0.301669
-0.0699349
-0.16925
-0.192522
1.37931
-0.640326
1.53327
1.66025
0.559908
0.709369
1.1093
-0.666808
1.90125
-0.980678
1.48506
-0.136969
1.14532
0.505345
-0.473802
2.6479
-1.17
1.39158
0.189534
0.693729
-0.413969
0.935474
-0.304551
-0.459849
0.742141
0.0781375
1.57671
-1.04261
0.250714
-1.45265
-0.205078
-0.141308
-0.923609
-0.858893
-1.18781
-1.16072
-0.13652
0.315739
1.71162
0.275493
-0.906602
-0.389678
-0.311616
-1.32761
0.294961
0.201492
0.691274
-0.237686
1.03982
0.333105
0.114969
-0.595258
0.41908
-1.26155
-1.36049
0.42786
1.21087
-0.0303078
1.27175
-0.306037
0.778864
-0.0463918
-0.591084
-2.16468
0.16253
-0.907045
-0.0743279
-0.573447
1.23657
-0.468946
-0.776639
0.924152
0.380752
0.996818
-1.8104
0.220608
0.312055
-0.84584
-0.46971
-1.07821
-0.332146
-2.38696
-0.879521
-2.00316
1.31013
0.274986
0.372108
-0.313979
1.56815
0.327885
-1.64305
0.083873
-0.0239237
-1.83878
0.969308
1.41291
0.0666097
-0.314076
0.681656
1.36857
-1.58541
0.152037
-1.05166
-0.0616445
-0.09719
0.415211
-0.324034
-1.14315
-1.45594
1.45439
0.0118375
1.29717
1.61786
0.392337
-0.924116
0.848683
1.53476
-1.15453
-0.770864
-0.438047
1.14093
-0.00645864
-1.44021
0.0989611
1.08512
0.357634
-1.17345
-0.70169
0.474864
-0.592993
0.0195516
0.119332
0.579768
1.70862
2.11332
-1.46499
-1.51156
1.09062
-0.0651153
-0.889686
-0.299506
1.46274
-0.812903
1.162
-0.440597
-0.269189
2.08186
1.25799
-0.1202
-1.56894
-0.407954
-0.138276
1.96416
0.647009
1.90649
-0.638318
0.449062
1.47129
-0.898219
0.371564
1.44758
0.959606
0.552685
0.474753
0.0751967
-0.249726
-0.840053
-0.386807
-1.81754
1.6082
0.58
1.3898
0.487099
-1.39807
0.854969
0.62713
0.628797
-1.17655
-0.689286
0.554957
0.294351
-1.18476
1.26249
0.970315
1.07199
1.32517
-1.00531
1.66963
-0.181837
-0.0237762
0.269763
1.03666
-1.30413
-1.88874
-0.367236
-0.487298
-1.47211
-0.0563185
0.0936312
-0.35948
0.726867
1.31483
1.27932
-0.482705
0.118529
-0.0188628
-1.92896
-0.250798
0.953784
-1.07502
1.09665
-0.781222
-0.230864
-0.946175
1.01756
1.4834
1.37249
0.879133
-1.14122
1.3631
0.0562222
-1.51904
1.03118
-1.30992
-1.11979
-0.856563
-2.32885
-1.32729
0.4824
0.0777904
1.22543
-0.52933
-0.51602
0.39037
-1.91601
-1.09211
1.6541
-0.286518
1.25812
0.360813
-1.67129
-0.347757
0.162814
0.473838
1.85306
1.05467
1.22461
-1.39492
0.141527
0.244125
-1.77158
1.22561
0.694014
-1.05694
1.10715
-1.13459
-0.666321
0.906008
0.792226
-0.00192833
0.179945
0.0523939
1.30404
0.286105
-0.172243
-0.12239
0.940366
-0.12385
0.880278
0.959601
0.457362
0.04934
-0.492943
-0.968751
-0.149379
-0.133826
-0.330065
-0.991741
-0.299484
-0.127632
0.226043
0.362462
0.207425
0.64059
-1.19712
1.94245
0.256735
1.17609
-0.0991787
-0.263751
0.809412
1.49979
-1.59374
-0.548451
-1.38748
1.42982
-0.690824
-0.0254352
1.47841
-0.294868
-0.733933
1.72743
0.79609
0.214376
-0.725723
-0.920373
0.611244
0.587095
-1.52497
-0.424533
0.425558
-1.0797
0.646487
-1.18629
0.519091
-0.370825
-0.617609
0.524273
-0.730014
0.00975722
0.0897821
0.140414
1.51241
0.875708
-2.52205
0.574603
-1.20526
-1.04121
0.774602
-1.54922
0.881026
1.07299
-0.337234
-0.432834
-1.18209
0.889582
0.146244
-0.814586
0.0468996
0.453679
0.945432
-0.425641
1.80345
0.526337
0.876059
-0.291052
-0.575758
-0.428082
-0.537222
-0.335953
-1.01674
0.136626
-0.249398
-0.0108743
0.0375606
0.868832
-0.0897858
0.44325
0.321448
1.17176
-0.204654
1.31518
0.690526
-0.00832021
-1.60987
0.803597
-0.621724
-0.367979
-1.66531
1.50339
-0.484937
-0.108575
-0.136989
-0.573274
0.159836
-2.35227
-0.476406
2.33718
-0.517115
0.336812
-0.1291
-1.26654
-0.0307903
1.10395
0.551189
0.178076
-0.443306
-0.00732881
0.628179
0.0483739
0.705623
-0.588898
-1.04544
0.935713
-0.407844
-0.0266895
-0.321109
0.04039
2.09936
-0.042492
3.46388
0.244856
0.303452
0.816748
0.779315
0.809143
-0.29
-1.3079
-0.990295
0.180384
-0.528026
0.88308
-0.525083
0.988274
-0.191089
-1.67653
-1.6769
0.934215
-1.6289
0.187177
-0.915646
0.231632
0.976947
-1.50086
0.0505052
-0.628018
0.403919
0.985175
1.46836
1.87093
0.981466
-0.713117
-0.827578
-0.675197
-0.451502
-1.67251
1.7314
0.597103
0.507546
0.480409
1.78256
0.817525
-0.778567
1.31866
2.7952
-1.21753
0.0745686
-2.44187
0.289414
0.333466
-0.958037
0.673925
-0.109142
0.430835
0.636339
3.108
-1.83326
-1.52384
-1.62193
-1.91632
1.30567
-0.894313
-0.284853
-1.44782
-0.434748
0.524616
0.258392
-1.12558
1.16149
0.400238
3.14092
1.91266
-0.0754986
0.753737
0.206132
-0.0803407
-1.20732
-0.140399
-1.03768
0.181216
-0.481956
0.0138732
-0.295258
-0.502573
-0.876082
-1.77274
0.258562
-0.424112
-1.6434
-0.686802
-0.872427
-0.328419
-0.926226
-0.602522
-2.00265
-0.501697
-0.259712
0.303726
0.512486
-0.0209736
1.18266
0.99864
-0.651705
1.42578
0.0140756
-0.599811
-0.201302
0.444879
-0.548429
-0.154208
-2.53561
-0.149149
0.157495
1.48661
0.686454
-0.916375
0.537155
0.0408743
-0.281477
-1.22373
0.418029
-1.32166
-1.06032
-0.786985
-1.32609
1.54104
0.403273
-0.550102
0.261826
-1.72405
0.350764
0.757552
0.187472
0.845925
-0.704714
0.580201
-0.606094
0.00581086
0.535749
0.116875
-0.270923
0.919489
0.51631
1.33321
-0.189405
-0.956996
0.153244
-1.45662
0.586371
-0.405798
-1.27524
-0.407091
0.150291
1.17009
-1.37682
1.02641
1.80123
0.883297
1.09088
-0.721034
-0.77145
-1.27068
0.987838
-0.286782
1.68663
-0.327822
-0.486967
-0.457601
-0.169696
0.360815
-0.570997
-0.817311
-0.811434
-0.145273
2.86047
1.69369
-0.0759926
0.432443
-2.41132
1.63042
1.24401
-0.0392865
-2.06451
0.596726
0.380251
0.711914
0.479321
-0.553033
0.466264
2.25742
0.530446
0.687527
-0.937948
0.456931
-0.933098
-0.45998
-0.465322
0.345844
1.02566
-1.67104
0.323882
-1.98655
0.498619
-0.834602
-1.2135
-1.56156
2.48226
1.39188
1.38611
0.160622
0.51847
-0.149449
0.280568
0.169782
0.48424
0.36332
1.12808
-0.171379
0.844984
-0.348376
0.314759
0.469876
0.397826
-0.855912
-0.715972
-0.236589
-0.272417
0.7265
-1.32733
2.3957
-0.0637472
1.24807
0.0210754
-0.0188397
0.41768
-0.247577
-0.390669
-0.21364
-0.0714587
0.917461
0.377095
0.771132
0.316844
2.69628
-0.425937
-1.35755
0.0707901
-1.50793
-0.0602152
-1.32008
0.0706109
1.04224
0.492361
2.57256
-0.321908
0.75002
-0.538788
-0.541186
-0.511279
0.750385
-1.49682
-0.381544
-0.0847229
-0.605876
0.424593
-1.01889
0.814534
2.55484
-0.288322
0.10743
-0.396669
-0.329103
-0.615829
-0.442711
0.66722
-0.800897
0.0745558
0.0784268
0.705409
-0.545195
0.329528
1.65691
-0.378051
0.338412
0.0718706
1.14344
-0.482258
-1.94392
0.271038
1.14335
-0.0187726
0.639791
1.41111
0.494083
0.889164
0.0878901
1.3048
1.53999
0.458936
0.828897
-0.774068
-0.274555
-0.78734
-0.161264
-0.562898
1.14936
-0.739459
-1.83767
-0.334512
-0.399264
0.40516
0.504607
-0.171996
0.456085
-0.969805
-0.493847
0.058383
0.609974
0.428108
1.85653
0.976496
-1.8026
0.131143
0.775396
1.16212
0.556609
-0.311513
-0.04238
0.163681
0.031779
-0.381977
0.603382
0.692267
0.492309
1.35979
0.679593
0.463103
0.307468
-0.118304
-0.318814
-0.335964
0.749092
2.92221
-1.77124
-2.30604
0.58638
-0.369652
-2.14246
1.15293
2.49876
1.42083
0.0347505
0.755541
1.39886
-0.0539654
-0.0701634
0.773535
-0.443532
0.339494
1.18406
0.726492
-0.99144
-0.439146
0.709633
0.384251
0.560534
0.233666
1.19595
-0.847805
-1.30477
0.337788
1.06021
0.755427
-1.12743
0.461716
-1.0552
-0.608035
0.191148
0.207435
2.57467
-1.017
-0.107731
1.33124
2.29805
0.0676233
-1.95165
0.363797
-0.198009
-0.992249
-0.215381
-2.13636
0.00717163
0.592973
0.158688
-0.721623
0.399071
0.990983
-0.0240607
-0.0398593
0.265628
1.9666
-0.658217
1.77146
-0.341368
-0.504812
0.370081
-0.326473
1.53449
0.644038
-0.105566
0.549242
1.08079
-0.374132
-0.3466
-0.0504052
-0.605678
1.60399
2.74387
0.887275
0.783422
-0.0123195
-0.00520933
-1.42288
0.187891
-0.662712
-0.654266
-1.27305
-0.899907
-2.0247
0.280835
-1.3694
-1.0139
0.605965
1.63382
0.885798
-1.05332
1.46925
-0.229146
-0.385074
0.413546
0.219034
-0.458621
0.198353
-0.581881
1.81727
-0.237744
-0.333341
0.796576
0.00325072
-0.291025
-0.621708
-0.0826584
-0.602474
-0.371433
-0.217253
0.705982
-0.0146015
0.72033
0.385731
-0.350421
-0.815137
2.73381
-0.0630489
-0.688462
-0.938441
0.895236
0.142989
-0.542255
-0.0542557
2.02137
1.39095
-0.421275
3.51058
-0.178976
-1.00557
-1.18176
-0.713922
-0.143508
-0.747558
-1.33091
0.0856062
1.12945
0.0201529
-1.1887
-0.342588
-2.05637
0.0317053
-1.51964
1.517
0.915684
-0.146292
0.551596
-0.511397
1.46229
-1.01669
0.328483
-0.0910905
1.15823
-1.08373
-0.656294
-0.172159
0.245053
0.711336
-0.0417587
0.327655
2.17647
0.90604
-1.25162
-0.602201
-2.0229
0.157459
-0.879514
-1.27125
0.251495
-0.162909
0.0471151
0.748307
2.55413
-0.186896
-1.39782
-0.592739
0.97053
-0.788694
-0.00179029
2.21718
2.81211
0.469329
-1.2597
-0.197359
1.10834
0.796907
-0.491103
0.391021
-0.177942
0.698754
-0.410791
-0.0879474
-1.56191
-0.610376
0.629419
-1.26949
-1.26143
0.0285801
1.65189
-0.636183
-0.801106
0.399279
-0.253161
-1.26011
0.64366
-0.211061
2.67539
0.541462
-0.729815
-0.109831
-0.28738
-0.142506
-0.0962737
0.288361
-0.520171
0.689951
1.67143
-1.62282
-0.232803
0.64204
-0.676947
-1.34768
-0.15393
0.369764
0.709098
-0.776148
0.890531
0.596291
-1.35025
-0.0276944
-0.694598
-0.267128
2.26463
-1.02838
1.11227
0.80657
1.71392
-0.441208
-0.477928
1.09958
1.33247
-1.38895
-0.671463
-0.600902
0.684512
0.436613
0.445458
1.14462
-1.07726
-0.4805
0.794822
-2.1998
-1.95404
0.133901
-1.21117
2.39093
0.825504
0.351723
2.0206
0.349749
-1.32506
0.0471611
-0.643111
0.947954
-0.472495
-1.39368
0.3215
0.993952
1.346
-0.0524738
0.90346
1.46574
-0.338886
-1.18391
1.30452
-0.297423
0.11148
0.031599
-0.814182
-1.46556
1.27354
0.774956
1.15862
-0.762569
-0.295445
1.38915
0.773609
-0.64778
1.06642
-0.925513
1.58457
-0.381257
0.816616
1.95477
0.0331938
-0.995442
-0.819435
0.112707
-0.656349
1.11817
-0.141512
0.0799876
0.47431
-0.758467
-0.331334
-0.830418
-0.219436
-0.964414
-0.612076
-0.042767
0.582885
-0.585166
-0.626203
0.181754
0.113104
0.765353
0.46147
-1.05212
-0.403739
-0.0268222
0.140112
-0.233941
-0.0433853
0.499178
-0.280008
0.315962
0.279217
-0.186302
1.00418
1.37607
-0.103471
0.178218
0.65876
-0.329622
-1.27237
0.0168053
0.0314981
0.169003
-2.44003
1.27569
-0.987581
0.898295
-0.252452
-0.405016
-0.17242
0.0853486
0.950396
1.29925
-0.867664
1.17849
-1.07569
-0.402545
0.111733
-1.71947
0.16845
0.703174
1.26132
0.278172
-1.21467
-0.872762
0.494157
-0.274024
0.428729
0.969152
0.588592
-0.30499
-0.609853
-0.575321
-0.225554
0.665558
0.468693
0.8772
-0.957482
-0.166992
-0.718138
-0.303241
-2.01434
-0.0799384
-0.67306
1.42157
0.554513
1.27545
-0.037192
-0.863663
-0.821555
0.413162
0.503463
0.700149
0.120507
-0.939797
-0.329711
-0.953196
-1.21089
0.222745
1.71826
1.08481
0.101086
-0.432897
0.597496
-1.32118
1.06479
0.255652
1.39641
-0.194735
-0.200699
-0.0679279
-0.492978
2.12216
0.96845
1.23461
2.49599
-0.763221
-0.504555
-2.01412
0.812234
-0.149843
1.43608
-1.32808
-1.02753
-0.0138729
-0.251046
-0.111827
-0.503377
0.554408
0.604212
-1.05427
0.0850004
-1.24932
-0.634058
1.52288
-1.13441
-2.04266
1.01049
-1.68264
0.410145
-0.620125
-1.70323
0.952833
-1.00913
-0.190283
-0.0720076
1.04228
0.287917
-0.0151597
0.447067
1.37483
-2.45708
0.757333
-0.609424
-0.256908
1.8217
-1.52888
0.447344
-0.86654
0.787621
0.0781807
-1.65613
-0.953502
0.205424
-0.825054
1.45101
0.165421
0.590361
0.607924
-1.34555
1.37945
-0.0109631
1.10468
-0.113752
-1.3503
-1.15077
0.822948
0.612292
-2.1107
-1.14389
0.354953
0.665483
0.747088
0.651435
0.124125
0.458367
-0.886325
-0.419821
-0.72748
-0.0743763
0.374216
1.35519
0.02048
1.38178
1.221
-1.06132
0.0723232
0.82065
-0.0519459
0.566865
0.0336546
0.216717
-1.1763
0.314908
0.560906
0.0908353
0.544397
-0.772775
0.112126
-0.75334
-0.83115
-0.904639
-0.781493
0.640308
0.280718
-0.0195521
0.532187
-0.905112
-0.305346
0.548082
-0.915406
0.0757731
-0.301158
-0.153791
0.398548
0.245792
1.4673
-0.473725
0.355195
2.05068
-1.11916
0.363511
-0.96986
2.05327
0.519909
0.6858
1.91928
-1.25452
0.0673617
-0.717069
1.31885
0.112731
-0.930397
0.0032329
0.875237
-0.170072
0.61044
0.168301
0.166588
-0.824681
-0.723358
0.871017
1.23304
-0.370533
0.494329
-0.703598
0.88251
0.355415
0.189611
-0.0741991
0.350174
-1.11627
0.727498
0.0987119
-0.143421
-1.06223
-1.49236
1.56756
0.182216
-1.32841
-0.903301
-0.155068
0.935354
-2.02448
0.391069
0.889443
2.01997
0.230773
0.389529
-0.358877
-0.0327365
-0.64011
0.334212
-0.711381
1.40533
-1.11365
-0.826131
0.918777
-0.84787
-0.222589
0.638321
-0.305935
-0.986863
1.79742
-0.899194
-0.155858
0.141564
-0.0775474
-2.49396
-0.437381
0.45836
1.05703
1.92648
1.9568
-0.745142
-0.556682
0.933636
0.526973
-1.41214
-0.346192
-0.722913
0.308857
0.291766
-0.334617
0.256317
0.379982
-0.102561
-0.493768
-0.23295
-1.37462
-0.749323
-0.492541
-1.5678
1.91199
-0.265453
2.70348
1.47677
0.3061
-0.884661
0.751591
-1.31439
-0.0669576
0.271858
0.114408
1.38744
0.0294844
-0.612934
-0.598951
0.314569
-1.27195
0.18148
-2.20607
0.783543
-1.0665
-0.15783
-1.08075
-1.72966
-1.10946
1.01692
1.15688
-1.22138
1.16929
0.426015
-1.09089
0.607053
-0.447384
0.164222
0.0880111
-1.29683
0.425652
0.349576
0.387486
-0.863106
0.969552
1.56714
0.517763
-0.900653
0.928805
0.826927
-0.554874
-0.013745
-2.04372
-1.54917
1.7828
1.84769
-1.92755
-1.05554
2.58543
-1.27115
1.17154
0.0349573
1.0942
-0.262758
-0.450697
0.761175
0.543858
0.785484
0.158948
-2.19089
0.33828
0.25159
-0.338127
1.13506
2.55714
-0.110531
1.11895
0.568789
0.957722
-0.381598
0.28658
0.0805128
0.444321
1.20782
-1.1039
-1.50171
1.58351
-0.34335
-0.257596
-1.36488
0.194587
1.31427
-0.0986114
-1.17169
-0.0245602
0.181521
-0.710271
1.48828
0.774124
1.86452
-1.53207
1.02564
-1.89992
-0.856173
-0.157736
0.389052
2.26459
0.872291
1.02273
-0.105018
-0.531418
0.873633
0.437087
1.43465
-2.2318
-0.691399
0.653105
0.0685637
-0.79667
-0.983906
1.069
0.565146
-0.863475
-0.114036
0.287424
0.971108
-0.0819505
0.389645
-0.761759
-0.136697
0.446589
0.525318
0.162254
2.28783
-0.184972
0.213323
-1.48348
-0.343132
-0.320006
0.633085
0.617823
0.242203
-0.512516
1.90129
0.34476
0.473222
1.20382
0.988251
1.08181
-1.68656
-1.32108
0.648638
0.101575
0.276523
0.808894
2.39372
1.64188
0.311872
1.53591
0.652704
1.86777
-0.444251
0.237939
0.513102
0.757535
-1.54585
-0.509323
-0.506129
1.68119
-1.05549
-0.412593
1.69551
-0.852561
-0.793174
0.319091
-2.60022
-0.716431
-0.622226
0.121686
-0.703722
0.702497
-0.563278
-1.15634
-0.30859
1.47764
0.111472
-0.817689
-0.763798
0.153947
-1.0762
-0.266563
-1.29702
-0.249524
-1.98543
-0.774635
-1.19801
-2.36739
0.751706
-0.335366
-1.30596
0.833721
1.27769
1.28916
-0.889949
0.29688
-1.20913
-1.38064
-0.286116
-1.40674
1.99866
-0.464098
0.394669
-0.0965765
-0.773517
0.714832
1.20372
0.161028
-0.497005
-0.729264
2.59249
0.253555
0.219669
1.1862
1.28473
0.304459
1.16571
0.799805
-0.248335
-0.417765
0.209611
-0.741379
-0.859248
0.272343
0.138631
0.162872
-2.25278
2.19546
-1.67736
-0.63275
-1.28418
0.376907
0.126649
1.3477
-0.00823945
-0.374252
-0.183341
-0.452521
0.459142
-2.8839
-0.453183
0.732559
-1.34583
-0.479338
-0.639192
0.213292
0.763204
0.622961
1.83426
1.66476
0.651236
1.31129
0.397247
2.67718
-0.636388
0.394105
2.18796
1.58223
0.967369
0.179015
-0.200539
-0.32108
-0.0409938
-0.344746
-0.0197925
2.99696
-0.426551
0.670486
-0.405617
0.10061
1.43097
-0.15275
-0.975722
-1.66517
0.0360934
1.84814
1.83882
-1.24237
-0.378503
-0.722807
0.0172791
-0.551071
-0.847979
-0.0868981
-0.330671
0.868224
-1.01573
0.391727
0.583511
-0.064164
-0.442237
0.509415
0.50754
0.103663
1.27706
1.74666
-1.35177
0.671051
0.0266477
-2.56022
0.901442
-0.39348
0.649631
-1.4779
0.517589
-0.0925755
-0.324019
0.829609
0.642022
-1.2744
0.477888
0.194242
0.524813
-1.10366
1.14751
1.08952
1.09591
-0.717931
-0.334715
-1.85965
0.488949
2.20477
0.583825
-0.166217
2.397
1.06162
-0.177414
-2.43535
-0.420957
-1.47223
0.739931
-0.391263
0.904012
0.136229
0.75889
0.0117236
1.46014
0.353767
0.182798
-0.240981
0.472149
0.996828
-0.924555
-0.851304
-2.37419
2.06329
0.165657
0.106647
0.362608
-0.253791
0.701953
0.898073
0.663378
0.0326638
-0.0977431
1.09882
0.688364
0.21304
0.78487
-0.309273
2.25099
-0.0913435
0.265405
-1.17327
-0.456451
0.442275
-0.0840867
0.368444
-0.145448
-1.34086
0.727017
-0.709727
0.633674
-1.54472
0.319523
-1.23422
0.919225
0.461845
1.20514
0.350164
0.553587
0.508809
0.616606
-1.39195
0.203082
-1.60136
-1.82555
-0.904609
0.342575
0.492695
0.368473
0.0857819
0.635927
-1.19497
0.902811
-0.611356
0.0942201
0.230586
0.629394
1.10341
-0.276547
0.455389
0.074163
0.321632
-0.73551
1.0559
-0.84201
-0.815965
0.861013
-0.180368
-0.153374
1.04419
-0.683707
0.149096
0.538546
1.96079
0.146851
-0.46873
-0.838617
-0.216838
0.0587014
0.516761
0.0355299
1.12733
1.28699
-1.54
1.1915
-1.27828
0.780245
1.65883
0.546656
-0.251149
1.48637
-0.322686
-0.738853
0.704247
0.257946
-1.12939
-1.47343
-2.38024
0.452559
1.95392
-0.281864
-1.38021
-0.0732346
-1.89609
-2.14964
0.299782
0.203831
0.547856
0.72348
-0.669085
-1.66244
1.30217
0.119086
0.66673
0.483625
-2.502
-1.17519
-0.643107
0.2744
0.154738
1.48735
-1.57945
1.22562
0.103791
-0.603286
0.204511
-0.105457
0.532583
-0.220511
-1.25252
0.322895
-1.05553
1.27482
0.314388
1.50154
-0.118307
-0.0887498
-1.5433
-0.0343629
0.121338
1.34494
-1.67441
-1.7838
-0.469683
-0.79602
0.710692
0.258269
0.022343
-0.281571
0.545484
-0.0999634
-0.416491
-0.442946
0.913779
1.36981
-1.25799
-0.858148
0.939317
0.919455
-0.401594
-2.30292
-1.45288
-1.28244
-1.80607
1.46421
-1.8256
-1.63074
-0.129048
-0.80898
-1.03528
-1.5757
-0.0399948
-0.0950688
1.01394
0.405235
0.510068
-0.644912
-1.31739
-0.551899
-0.641458
-0.887685
-0.250973
0.0354559
-1.36455
0.739248
0.411579
-0.200296
-0.668484
-0.400164
0.859475
0.747176
1.7905
-0.982872
0.0635931
0.431883
1.55176
-0.163487
-0.920556
-0.405428
1.34858
-0.745862
1.3028
-0.245589
-0.242148
0.560735
0.563445
0.311342
-0.476238
0.209495
-0.470033
-0.697981
0.567584
-0.713876
-0.410084
1.17497
0.24468
-1.91826
-0.75041
-1.25219
0.130586
0.879202
-1.12245
2.68811
-0.318028
0.764485
-2.02732
-0.669612
-1.53049
-0.238604
0.0306413
-1.02772
1.37932
0.239933
-0.36214
0.799493
-0.85062
1.64851
1.19851
-1.43477
2.28795
0.90505
-0.509978
0.936114
1.59937
-1.04962
-0.0900817
1.29282
0.238562
0.850629
-1.69533
-1.31999
-0.893548
-0.828184
-0.265582
-0.939837
-0.596225
-0.411555
-0.932548
-1.19749
0.820919
0.759969
-1.27588
-0.769083
1.26561
-0.212134
0.705285
0.164292
1.25607
0.028172
0.601145
1.08005
0.214563
0.495968
-0.487291
0.070534
-0.347484
-0.419509
-0.378152
0.188642
-1.07521
-0.474519
-0.370916
-1.10203
-0.327674
-0.658145
-2.0263
1.97432
-1.40322
-0.363755
1.95715
1.19001
0.138993
-0.333045
-0.574061
-1.84389
-0.935448
0.330858
0.487482
-0.908338
0.713564
-1.20288
0.0487881
0.0936526
-1.50094
-0.462555
1.21639
0.337069
-0.750001
0.460163
-0.718082
0.614908
-0.557433
-0.99823
1.85421
1.08882
0.436635
-0.912932
-2.03052
0.500928
0.500746
1.04637
-0.712696
0.355404
1.03829
-0.246277
-0.132341
0.0913892
0.404276
-0.716809
-0.269527
-1.32302
-0.79107
0.434381
1.17786
0.893929
-0.215225
-0.582312
0.492257
0.233539
-1.62751
-1.12133
-0.622304
1.7095
0.138488
-0.394446
-2.05071
-0.465752
-0.558454
0.0881885
-0.525025
1.27829
-0.588856
-0.350885
-0.0827426
0.60998
-1.43725
0.599783
-0.167816
-0.52229
0.151576
1.7545
2.02405
-1.24866
-0.828557
-0.733715
-0.0541248
1.6292
-1.02066
1.2978
0.172649
1.35296
1.08739
0.891287
1.06097
-0.758722
-1.24749
0.435588
-0.98204
-1.06018
0.374514
-0.361663
0.907325
-0.517667
-0.799038
0.897144
0.217576
0.0270119
0.510818
0.476599
-0.877324
0.33641
1.2085
-1.08755
-1.51552
-2.63938
-0.625965
-0.655833
0.361303
0.920137
-0.259368
1.98482
0.158618
-1.08042
2.16118
-0.0820855
-1.65688
0.51646
0.695727
-0.587198
-1.57628
-0.732913
-1.06019
-0.231317
-0.378675
0.579742
-0.797561
0.9794
0.0948653
-1.06928
-1.54302
0.700535
1.18015
0.430331
-0.011191
0.615294
-1.00021
-1.64946
0.379369
0.730514
-1.37632
0.207141
-0.0157657
-1.11083
-0.57833
-1.46543
0.25171
-0.750588
0.80741
1.71005
-1.00945
0.781899
-2.34946
1.19839
-1.23533
-1.73587
-0.304154
0.887347
0.225618
-0.118468
0.510672
0.697092
0.842272
0.947203
-0.260386
-0.136452
-0.143563
-0.625456
0.277768
-1.24548
-1.83358
0.605163
-1.82463
1.77979
-0.0475405
-0.111419
-1.33923
0.467415
-0.662898
0.0699457
0.450393
-0.59528
1.42701
0.513884
-1.14923
1.04117
-0.182018
-0.801278
-1.06768
1.78217
-0.962004
0.741299
0.0201604
-1.51171
0.743577
1.49193
-0.899234
0.0789354
-1.31143
1.72859
-0.0193758
0.36648
1.77878
1.2749
0.886969
-1.31738
-0.395017
-0.128047
-1.53214
-1.75581
-0.162841
0.934003
-0.914725
-0.762187
-1.20643
0.289904
-0.107372
-0.826186
-0.958408
1.12532
0.0763457
1.34797
-0.236171
-0.507014
-0.00389111
-0.176625
0.370814
-1.57314
1.22974
-1.53129
0.0273911
0.188729
-1.24352
1.02391
0.554604
-0.496903
0.596685
0.590754
0.108864
-0.299553
-0.253268
-1.90489
-0.185297
-3.20863
-0.13689
2.37511
0.994357
-0.537213
-2.75278
-0.646032
1.30208
2.55838
-1.50643
0.253313
0.81643
1.91428
1.42236
0.0358485
-1.05737
0.617763
-0.223173
0.581568
0.0115898
-0.9764
-1.61114
0.806789
0.47955
0.378295
-0.589291
-0.716008
1.00647
1.18839
1.26567
-0.935416
-0.896942
-0.00920129
-1.42707
0.102603
-0.866377
0.171927
0.502765
-2.26871
0.294394
-0.280611
-0.395412
-1.14659
-1.31349
1.38724
-0.212237
0.811742
0.737055
-0.983325
1.78082
-0.942027
-0.69706
-1.64256
-0.348353
-0.0193695
-2.62652
0.4985
-0.572827
-0.917961
-0.291782
-0.501381
-0.157172
-0.989225
-0.0680194
1.24507
-0.650261
0.0188214
1.62797
-0.276981
-2.39738
0.115951
-1.81393
-0.184915
1.17367
0.116212
-0.328054
-0.353856
-1.46378
0.633521
-0.887404
-0.343652
-0.203626
-1.45103
-0.459032
1.54609
0.259188
1.28352
0.306769
-1.55244
2.9673
-1.68178
1.61819
0.130871
0.809324
0.810157
-0.434948
-0.120352
0.329607
0.902103
1.02826
-0.316465
0.0351093
0.524588
0.650227
0.211921
-0.16835
-0.193171
-0.21036
-0.86079
-1.50298
0.0774851
-0.432228
0.391117
-0.602438
0.407765
-0.0384571
-0.459606
1.81895
-0.10222
-2.01442
-0.0888811
-0.151784
0.165668
0.687246
-1.27404
1.02655
-0.133939
0.446184
0.556521
-0.245311
-2.47776
1.13026
-1.55493
0.0996469
-1.40196
0.771946
-0.70923
-0.357639
-1.40017
-0.105065
0.630911
1.25957
1.17109
0.391795
-0.558485
0.9787
2.46206
-0.989544
-0.605958
0.897403
0.8862
-1.43019
0.52346
-0.570604
1.11228
-1.13826
1.4576
-0.459532
-0.175488
0.378698
0.136888
0.76282
1.78615
0.846772
0.416167
-0.145287
-0.959555
0.936262
-0.952847
-0.239642
0.461365
0.166024
-1.30778
0.439617
1.0535
-1.48205
-0.645337
0.797868
1.08805
0.588394
1.99772
0.983654
0.297299
0.0466017
-0.342203
-1.56387
-0.976432
-0.284763
-1.37086
-0.277958
0.771297
-0.0898983
-0.137227
-0.544271
-1.3194
0.256472
-0.0374393
-0.138004
0.502934
-1.42873
-0.00222051
0.515545
2.02909
0.866517
0.258295
1.22853
0.783823
0.182217
0.231591
0.391952
0.451881
0.146766
0.972496
-1.08587
1.41635
0.443634
-1.48568
0.739802
-0.77761
-0.498721
0.308105
0.0485674
0.742976
-0.367415
1.40834
0.153508
-0.9065
-1.81399
0.426704
0.118095
-0.526291
1.59709
1.88607
2.42561
0.00553691
1.35988
-1.79257
1.37367
0.650311
0.393474
-2.55357
0.786887
1.86349
0.713804
0.533244
-0.336719
0.162326
0.114972
1.82032
-0.366988
1.7384
0.113076
0.0590697
-0.567393
-0.226216
-2.11581
-1.76654
-0.0398382
1.12826
0.807609
0.188756
-0.627596
-0.0491733
-1.41251
0.235705
-0.191734
0.00940692
-0.634059
0.310386
0.73669
0.853862
0.907654
1.76091
0.172146
0.0874262
-0.394944
-0.458826
0.493729
0.367302
1.46385
0.242662
0.721698
-0.965725
-1.0083
1.07517
2.32593
0.183632
0.394711
-0.406234
-0.933536
-1.13568
0.435618
-0.475949
0.645502
-0.066388
-0.360613
-0.00953352
0.921133
0.666996
-0.220243
1.78311
0.193217
0.613186
0.0504584
-1.42401
0.891254
-0.649929
-1.03797
0.184125
1.1622
-0.831931
0.245701
-0.485252
-0.305453
-0.000283003
1.00199
-1.21047
1.99434
-0.501024
-0.545951
-0.101218
-1.69079
-0.716329
2.22011
1.24268
-0.336471
0.273664
-0.226735
-0.0667296
-0.961917
-0.57455
-1.4436
0.482133
1.09843
1.05301
-1.1235
-1.93165
1.00156
-0.798745
1.62819
-0.490752
-0.379483
1.40997
0.975348
-0.764364
-0.252541
-0.105549
-1.72338
-0.488987
0.803838
-1.25973
0.0285161
0.772405
-1.70294
0.392251
0.895166
-0.0681221
-1.59901
-0.671012
1.0647
0.651066
-0.158784
-0.261555
0.976292
-1.20281
0.541983
0.793552
-0.669436
-1.30741
0.653278
-0.817881
1.76115
-1.01093
-1.12444
0.829348
0.0593275
0.302439
0.66909
0.516799
-0.867927
-0.872352
-0.542999
-1.51102
0.256121
0.224093
0.29665
0.318562
-0.0352408
-0.719475
-1.40312
0.442044
-0.726887
-1.07344
1.34845
0.315269
0.902177
0.132665
-0.495164
-0.76129
0.131816
-0.127202
0.473305
-0.720956
-0.133824
-1.06472
0.204558
0.0468611
-0.064152
-1.31781
-0.945396
-0.0699643
-0.107358
0.31207
1.35917
1.38196
2.06699
0.0284083
-0.387997
-0.42241
-0.124102
0.431343
0.671848
-0.705674
-0.495561
0.951739
-0.248873
-0.388615
-1.01079
-1.52049
-0.533568
-1.24934
0.570558
-0.804102
-0.646126
-0.389921
0.506851
1.32159
0.976689
1.0223
-0.246389
-1.58891
-0.0950934
1.57519
2.25939
0.903852
0.756242
1.84128
0.642355
-2.12992
-1.0192
0.931349
-0.115473
1.37897
-0.339958
0.61742
-0.848763
-0.0993028
-2.4728
0.0807543
-1.0682
0.586309
-1.67546
1.17587
2.07986
0.05866
0.574124
-0.383701
-0.764372
0.205107
-1.23363
0.0742326
-1.05617
1.17724
0.541891
0.676234
-0.337828
0.658007
-1.63114
1.03212
-1.33578
1.75673
-0.839968
-2.08173
1.87144
-0.884
0.738698
-0.773301
-0.298132
0.385431
-1.26234
0.976057
-0.689107
1.90931
0.385654
0.718221
-0.417256
-1.54808
-1.43568
-0.980889
-0.324844
-0.218591
-0.149259
0.879859
0.726384
-0.506477
0.845446
-0.213482
2.52536
0.82708
0.945139
0.389397
-1.31405
-0.0489389
0.913274
-1.11673
-0.0206819
0.982568
0.234009
0.00895822
-0.585303
-0.354382
-0.0700974
0.669846
-1.19781
0.185225
0.688199
1.68812
-1.47558
-1.79699
-1.24443
-1.24468
-1.00246
-0.733326
-1.8361
-0.157211
-0.469182
1.56367
1.70372
0.203811
0.144437
-1.39757
0.938724
1.43614
0.0349063
-0.546415
-0.592889
0.216397
0.126373
-1.16097
0.22362
-0.297014
-0.188407
1.08962
-0.872329
-1.78946
-0.107497
-0.805245
-2.13746
-0.828253
-1.39194
-0.928112
0.156633
0.160387
0.528978
-0.570295
-0.912391
0.280634
-2.11598
-0.805153
-0.588207
-0.381605
0.533364
1.16908
0.524779
0.844853
0.659415
0.469129
-0.0172751
0.999583
0.179802
0.565014
-1.12958
0.833536
-0.28482
-1.19949
-1.24912
-0.0232775
-0.485797
-1.13701
-2.3044
1.70041
1.813
1.29001
0.875666
0.791853
0.481422
-0.454194
0.617742
0.762911
0.912514
-0.00630784
0.590471
-1.22464
0.33472
-0.0494182
-1.163
0.0198936
0.429709
1.17856
0.0347281
1.34543
1.77307
-0.890528
0.0722473
0.0753524
0.290998
-1.01249
2.48574
0.923774
1.98291
-0.80789
-0.621318
-0.939355
0.246139
1.20252
1.74082
1.18018
1.03597
1.27088
-0.809076
2.89478
0.391672
0.430296
0.276886
2.47097
-0.721699
1.35533
1.24349
0.0788208
-1.34468
-1.21875
0.513013
-0.989303
-1.44686
0.821204
-0.560312
-0.192689
-0.474634
-0.912048
0.678062
-0.100518
1.37675
-1.69
1.37644
-0.437403
1.45229
-0.709901
0.353527
-0.605726
0.888254
0.204107
0.303483
-1.50679
-1.4622
0.353999
-0.000202835
-0.468091
0.932727
0.439323
1.07539
-1.13385
-0.463059
0.656409
-0.436107
0.557634
-0.899883
-0.0924478
-0.281918
-1.07439
2.51003
0.0751916
-0.840923
-0.10778
-1.30714
-0.0164662
-0.367802
-0.860451
-1.31401
-0.467345
0.639812
1.1085
0.744742
-0.0207967
-0.546593
0.721915
2.32609
-0.352969
0.201957
-0.0450974
0.160406
-1.32499
-0.124667
0.957798
-1.22027
-3.20075
-1.42008
-0.35228
1.20129
-1.21005
0.502049
1.09585
0.111485
-0.32819
1.34101
-1.67347
0.962747
0.275168
-1.13016
1.34359
1.6239
-1.47186
1.31803
0.0530537
-0.963258
1.54777
-0.962201
0.0874942
1.10748
0.69761
-0.0973572
-1.13701
-0.882814
0.567692
-0.390832
1.49534
-1.5838
-1.11146
-0.467282
-0.247809
-0.689472
0.550767
0.0945978
1.81404
-0.0270836
0.941617
0.723794
0.111018
-1.02378
-0.863325
0.569729
0.0344867
0.0718478
-0.553475
0.364248
1.15872
-0.620822
-0.433013
-1.8524
1.22574
0.218377
0.391852
-0.370814
0.63274
-0.286481
0.00520819
0.42884
1.50083
0.151107
0.593064
-0.602592
-0.250567
-0.306665
0.453298
-0.182244
-1.74642
1.39591
1.61767
0.795643
1.53459
-0.126517
-1.29708
0.337816
0.208528
-0.0430121
0.39382
-0.77873
-0.267458
0.585795
-0.22603
-0.217566
-1.37409
1.05051
0.205502
-0.746295
-0.313525
-1.00154
0.55899
-1.32392
-0.0449505
-0.25826
1.01728
1.10845
0.611865
1.19032
-0.822578
-1.22078
-1.2338
0.13388
-1.05559
0.332091
0.900979
-2.12052
-0.365981
0.845382
1.84623
0.0554072
0.928392
-0.284205
-0.990308
-0.856002
0.837993
-0.971325
1.9033
-1.15366
0.253543
-0.622535
-0.0662348
-1.53297
-0.289741
-0.00789797
-0.848991
-1.08361
0.155774
0.50267
0.459168
-1.29047
0.743475
1.00839
0.869682
-1.63095
-1.16663
0.785337
-1.05676
-1.01719
-1.35575
-1.43473
-1.05362
0.00399798
0.73973
-0.602086
0.839602
1.99726
-1.73874
0.369029
-0.0273538
-0.781096
1.36602
-0.733239
-0.227683
-1.60391
0.973593
-0.0911696
1.67797
-0.00172901
0.350293
-1.3189
0.474385
-1.14887
0.084861
0.564183
-1.09662
0.460615
-0.710641
1.3481
-1.00669
-1.12728
0.983462
0.352077
-0.987156
0.141431
-0.634796
-0.243633
1.24806
-1.1037
0.912612
-1.13072
-1.14186
-1.05483
0.904032
-0.0290974
0.277515
-0.275682
-0.0354975
0.874812
-2.38093
-0.427188
0.324284
0.64929
-1.79794
-0.528378
-0.0640095
0.213385
-0.567304
-0.59976
1.01751
0.0294093
-0.335561
-1.36855
-0.866777
-1.45808
-2.28602
0.139608
-1.28343
0.523621
0.316702
-0.771215
-0.414754
-0.588822
-0.469237
-2.18846
-0.070992
-0.498086
-1.08298
0.73696
-0.945538
-1.0077
-0.201036
-0.588489
0.0498078
-0.610952
1.30661
0.195681
-0.0954276
0.0416162
-0.930254
-0.0741831
-0.615673
-0.296109
1.81245
-0.645804
-0.0911085
-1.61709
0.524509
0.0603929
-0.428567
0.150895
0.449704
1.49456
-0.406558
-0.390074
-0.627039
1.16783
-0.527876
-0.633631
0.238182
-2.80469
-0.555553
-0.105807
0.219468
-0.366861
0.598297
1.83838
-1.95156
-0.680097
-0.823127
0.990084
-0.278798
0.988564
1.9916
-0.373485
-2.06368
-1.18671
0.173285
1.00991
0.534054
0.219306
0.461823
-0.732341
-1.38124
-0.546301
0.958415
-0.499869
0.0897235
0.153823
-0.747846
-1.15357
-0.464895
0.43858
-0.670632
-1.29377
0.0633798
1.4848
0.934021
0.853311
-0.220446
-1.33789
0.685559
0.26686
1.5974
-0.236966
-0.590287
1.41723
-0.750935
-0.647686
-1.01687
1.69648
1.49875
-0.160025
0.787975
0.722001
-0.749616
-0.0255531
0.161638
0.664624
0.0824416
1.30265
-2.34683
0.333283
0.839002
-0.268853
-0.193283
-0.832081
-0.78968
0.684372
0.978012
0.526748
0.738192
-0.26946
0.425818
-1.48463
-1.11242
0.668264
0.268606
1.95442
-0.244417
0.712542
0.543349
0.981523
-0.687584
0.493394
0.441309
-0.106269
0.56249
-0.784106
-0.53496
0.238789
0.423433
1.6174
-0.0768518
0.3733
1.4271
-0.105568
-0.611505
0.181584
0.544051
1.54046
0.875234
-1.7013
-0.590771
-0.335909
-1.92815
-0.0749243
-0.0367215
1.91642
0.839646
-0.50277
1.03205
1.18905
0.143999
1.34545
1.43267
-0.395059
0.238475
0.626941
0.376158
0.0776045
-0.199819
0.751752
0.0687622
0.726246
0.861953
0.435674
0.864474
-2.44477
-0.653403
-0.153364
-1.78772
-0.972498
0.458779
0.793721
-1.62721
1.64134
2.17858
2.01695
0.955883
1.02047
2.40834
2.1279
0.992903
-0.969705
-0.472124
-1.75446
1.14459
1.5556
-1.18288
-1.46107
1.91822
1.29281
0.0903481
1.23126
1.38977
0.0796912
0.637842
-0.259968
-1.93847
-0.378858
0.908345
0.0685758
-1.75418
-0.0487167
-1.02414
-1.92632
0.868859
-1.66605
0.338225
0.271606
0.370248
0.131462
0.813379
0.454696
-1.9363
0.0576208
2.12928
-1.2534
1.17294
-0.657664
0.325485
0.8691
-1.63862
-1.97388
-2.15774
-0.497545
-0.688482
0.279022
-0.322885
-0.865729
-0.286166
1.03808
1.47139
-0.917273
-0.362227
-0.347964
0.290643
-2.14027
1.08349
1.01883
-2.09505
-0.502091
-1.07388
0.888995
-0.991761
1.1945
0.51606
1.21032
0.278484
1.96378
0.0621848
-0.669915
-0.283273
0.446795
-0.631284
-0.786274
2.18767
-0.61979
-0.597862
0.402604
-0.867381
-0.514809
-0.367108
1.06911
0.764535
-1.03095
0.717718
-0.280703
0.214483
-0.214549
0.409587
-1.50141
-0.11765
-0.338232
-1.94641
-0.167185
0.272141
2.89971
-2.14052
-1.68631
-1.01663
0.300371
0.42702
-2.05413
1.52803
1.61479
0.300771
0.650791
0.287971
2.17044
0.531166
2.39929
-0.465335
2.42035
-1.39713
-0.538653
-1.9252
-0.039723
-0.0231177
0.412565
-0.623569
-0.25168
-0.301165
0.0863904
-1.92906
0.266805
0.543173
0.176488
0.277132
-0.272161
0.612503
0.42532
2.26833
-1.28357
0.70782
-1.82347
-0.241484
0.169703
0.133007
-0.975921
-0.691799
-1.04343
0.616647
-0.583971
-0.410473
-0.911369
-0.312366
-0.0737321
0.985059
-0.576763
1.274
0.641351
0.0368221
0.589953
-1.00269
-0.790362
-1.07709
0.509811
0.605969
-0.821807
1.43008
0.295525
-0.792637
0.165989
-1.30791
-0.913567
0.217884
0.202711
0.682925
0.866693
0.252572
0.633733
1.53708
-1.96158
-1.22376
-1.53041
0.987288
0.0540875
1.09023
-1.32929
1.52951
-0.536539
-1.66934
-1.0111
1.11275
-0.54516
0.424697
0.074243
-1.07925
-0.0941795
0.454954
0.682393
0.610369
-0.500317
0.491623
-0.0343424
0.516995
-0.580668
-0.819647
0.359903
-0.727576
0.192914
-1.66022
0.540833
1.53218
0.222514
0.651631
1.06387
0.810715
-0.5441
0.22018
1.0951
0.749743
1.23903
-0.0179909
-0.23706
-2.42076
1.65257
0.843589
-0.436758
-0.820665
-1.07299
0.218817
-2.14545
-0.28238
-1.40084
-0.26303
-0.012669
-0.670641
1.29905
-1.17821
0.110755
0.101235
-0.0234737
-0.588369
0.574736
-0.224178
1.15868
-1.86639
0.490554
-0.737404
-0.234737
-1.69457
0.333019
-0.78073
1.36203
-0.090126
0.815091
-0.258015
-0.281087
0.496542
-1.49192
0.428495
-1.92714
0.463676
-0.514253
0.293029
0.000332773
0.361016
-0.719027
0.98327
1.10425
-1.35126
-1.57848
0.816218
-0.256498
0.250203
-0.546874
0.42233
-0.293685
0.153552
-1.22784
0.585238
-1.71522
-2.47356
-1.2013
2.02645
0.272681
-0.58429
-0.614381
1.81908
-1.49346
0.887193
0.672269
-2.12043
-0.128611
-0.566201
-0.729985
-0.351301
0.545942
0.815986
-1.08611
-0.543174
0.507417
1.27923
-0.521295
-0.0795437
0.352124
0.633524
1.02361
0.554205
-0.425291
-0.113242
-0.638241
-1.71449
-0.0472298
0.524184
0.606659
-0.0215428
-0.808069
-0.712553
1.16382
0.845306
-0.937104
-0.315744
-0.508732
0.122761
-0.38064
-1.0081
-0.00165683
1.11364
0.741276
-0.665291
0.623894
0.536064
1.00383
0.710798
-0.50651
-0.00955451
0.74554
0.443049
-1.59491
0.180682
0.014147
0.174504
-0.295975
0.707193
0.434818
0.672228
-0.105413
-0.520735
0.235866
0.353385
0.603822
0.895947
1.10923
0.288076
-0.272214
-1.87823
0.720608
1.01323
-0.272506
0.631001
-0.308797
-0.278249
-0.266746
1.04805
-0.5916
-1.96276
0.681955
-1.63593
-0.201406
0.506632
0.592764
-0.428456
-0.694692
-0.508263
0.60625
0.267076
1.42508
1.56874
1.09268
-0.38491
-0.293464
0.275402
1.80134
-1.29397
0.202294
0.820216
-0.764472
1.28844
1.57176
1.33154
1.50728
0.0600461
-0.787948
-0.541586
0.234596
-0.122509
-0.262666
-0.620153
-1.54839
-1.27512
0.509087
0.0594356
-0.718783
-0.875106
-0.226719
-0.149796
-0.0189229
0.76167
-0.282221
-1.74396
-0.189234
-2.11341
0.27071
-2.75973
-0.53787
1.35422
-0.512111
1.27366
0.637828
-1.52153
0.476336
-0.5511
-0.389454
0.117647
-0.226423
-1.40783
-0.000357807
1.1759
0.335335
-0.528403
1.73954
0.147095
0.0760365
0.735436
-0.318215
-0.0418717
0.249469
-1.33806
0.528042
-0.981705
-1.22427
-0.535271
-0.377424
-0.656919
0.506482
-0.00723177
-0.122425
-1.16222
1.24621
-1.17474
-1.28024
-0.64212
0.187518
-1.95287
0.36809
-0.939426
-0.891498
-0.336045
-0.693895
-0.378087
0.0300555
-0.23689
0.335282
-1.81344
0.456715
-0.957025
-0.0066694
-0.640989
-0.626064
-1.14569
-0.0510616
0.298032
-0.723966
-0.672772
-0.0293534
-1.45618
1.3782
-0.894195
-0.823092
1.2402
-0.178679
-1.02823
-0.295277
2.20399
-1.52791
-0.983041
0.399829
0.152981
-0.699556
0.167603
1.27586
0.0382491
-0.385169
-0.765885
0.378506
-0.549881
1.17165
-0.540336
0.664375
-1.66148
-0.91167
1.13677
1.99529
0.0473754
0.233469
-0.782435
0.0271515
-0.142307
1.0621
1.59229
-2.12412
-0.360625
0.0300362
-0.00564098
-1.09024
-0.836069
0.740424
-1.71358
0.463033
-1.57392
-0.556653
0.315112
-0.0225235
-0.605805
0.589949
-0.011442
1.56446
-1.15436
0.553279
0.665112
0.713
-0.819928
-0.352899
-1.02404
0.863191
1.48705
1.58586
-0.265218
2.20295
-0.326044
-0.471402
0.361171
-1.07684
0.633256
2.22256
1.63556
0.476316
0.320956
-0.0348929
-1.7446
1.34343
1.47936
0.87479
0.44536
0.141583
-0.80717
-1.55194
0.22471
0.43056
-0.19655
-0.00931656
-1.17543
1.82894
-1.4132
-0.198833
0.666039
1.56405
-0.526626
-0.365252
0.874643
1.4052
0.171066
-1.74427
-0.719566
-0.677032
-1.71451
-1.61162
2.24484
-0.382917
0.201678
-1.96586
-1.66564
-0.11392
-1.04895
-1.16028
-1.03346
0.0571845
-0.939129
0.76911
-0.970633
-1.27756
0.338007
-0.148642
-2.61443
-0.818874
-0.804224
-1.19028
0.27795
-0.381612
-0.619102
0.167268
-1.63645
-1.22045
-0.0835772
0.332299
0.71026
0.304238
1.26717
-1.11334
-0.293488
-1.33849
-0.313984
0.383227
1.60243
-0.472383
-2.10215
0.301935
1.04778
-0.342585
-0.853269
-1.12512
-1.14819
0.22747
1.75953
0.347356
1.20777
0.422318
-0.37777
-0.104124
0.594331
-0.938332
1.34585
-0.546081
-0.816681
-0.849998
0.251292
-2.00341
1.02232
1.25266
-0.0460221
0.332692
-1.65429
0.882662
1.40132
0.873032
1.25897
0.341501
0.731038
0.569528
-0.503715
-0.360406
-1.11112
0.0726187
-1.8946
-1.1472
-0.86573
-0.691786
-0.232055
0.0029732
0.107949
-0.674888
1.59043
-0.152947
-2.37397
-1.72697
-1.94248
0.0808217
0.497566
0.949101
0.787582
0.885874
-0.149204
0.452815
-0.742745
-0.957293
-2.36403
-1.94735
0.485789
1.77403
-0.683055
0.850125
1.23686
-0.781313
-0.435341
0.50689
0.389973
-0.932735
-0.00261539
-0.625686
-0.133239
-1.59941
0.241615
-0.159076
-1.75522
0.694068
0.454625
0.927981
0.27195
-0.931162
-1.20231
0.926089
1.16892
-0.225763
-1.82833
-1.58963
-0.227921
-0.289883
1.09349
-0.10446
-1.04628
0.509705
-0.0216529
0.699312
0.343611
1.18224
0.162466
-0.272672
2.73687
0.318673
0.505193
0.677159
0.720327
-0.870016
-0.703894
0.814296
-0.0503947
0.228748
-1.06076
1.42406
-0.396635
-0.716689
0.953529
-0.633253
1.28097
1.38163
1.41204
0.406646
0.0214197
-0.0531384
-0.134741
0.845743
0.310542
-1.2573
0.249705
0.494914
-1.11717
0.0799993
2.52093
0.258927
-0.00741374
-0.706825
1.7981
0.436572
-1.16543
-0.255946
-1.04414
2.06815
0.529854
2.10927
-0.498575
-0.784211
-1.15505
0.509527
-0.503154
-0.281228
-0.13183
0.271372
0.67122
-1.12007
0.750246
-0.731354
-1.52135
0.498459
-1.20296
0.0352916
0.457704
0.875701
-0.0573329
0.867113
-0.00857854
-0.538442
-1.8586
2.03914
0.716989
-0.884462
0.493873
1.21945
0.780953
-1.32768
-0.433829
-0.505507
-1.34745
-0.813488
0.834632
-1.56384
-1.18042
-0.144316
0.926047
-0.0229421
0.0256414
-0.612127
0.145398
-1.49714
-0.806124
1.01471
-1.13165
0.55849
0.484532
1.10894
1.04588
-0.0614915
-1.45884
0.377736
-0.339875
-0.0122886
-0.382941
-0.375684
-1.98905
-0.845682
-0.718919
-0.0441967
-1.79232
-3.55376
-0.133797
0.829733
-0.37191
-1.47216
0.592299
-1.33962
-1.13759
-1.88049
-0.652349
-0.303404
1.79618
0.822014
-0.498847
-0.205012
1.25795
0.0683726
-1.13524
-0.298553
1.08977
-0.589948
-0.404952
0.12027
1.27056
-0.26609
1.78739
0.430019
0.0733991
-0.183308
0.850688
-0.75844
-0.628906
-0.112491
1.79807
-0.535281
-0.825711
-2.0827
2.42992
0.92955
-1.27685
1.77442
-0.248833
-0.228542
-0.182791
0.959347
1.45211
0.0784706
-0.48511
-0.929928
-0.769689
-2.07871
-0.186979
0.631318
-0.472081
1.70341
0.230624
-1.27675
-0.439826
-0.0690868
0.207863
-0.743254
-0.0852476
1.71286
-0.689233
-0.121622
-0.817116
-0.908119
0.401254
0.472559
-0.738584
0.403239
-0.552647
-0.0689349
0.904269
2.21834
2.27851
0.0720882
-1.55898
0.607798
0.318168
0.139912
-0.0720415
0.350955
0.655823
1.21815
-0.129848
-0.545764
0.486735
-0.76543
1.08115
0.143264
-0.58304
0.163618
-0.412908
-1.32206
-0.0448505
0.343366
0.383992
-0.785787
-0.332164
-0.102954
1.40117
1.19583
-0.326045
-0.679883
-1.67303
0.256873
-0.0334569
-1.0656
-1.92935
1.2055
-2.15571
-1.4531
2.20043
1.3605
-0.193274
-1.86364
-1.11384
-0.306295
-0.742991
-0.328509
0.430022
0.167921
-0.378354
-1.21672
-0.0365788
1.09142
-0.144639
1.09787
0.890361
1.34944
-1.15348
-0.346874
-1.23061
-0.182219
0.567053
1.44653
1.14749
0.375319
-0.259635
-0.0368137
-0.616614
-0.755154
0.633865
-1.34282
1.60844
-1.44586
0.171507
1.68491
0.438488
-0.0596825
0.238471
0.551
0.30921
-0.468122
0.717433
-0.897934
0.0421775
-0.196162
-1.54094
1.61088
-0.66562
-1.1699
0.777963
0.568278
-1.75011
-2.5569
-1.06972
0.793888
0.119986
0.430505
0.931235
1.54171
-1.30485
0.421846
-0.474625
-0.770956
0.00552988
0.745768
0.656554
0.326378
-0.250111
-0.371256
1.63328
-0.491412
1.18849
0.682644
0.802953
-0.0850728
-1.2338
-0.288029
1.0479
0.530361
-0.419874
0.390406
-0.810341
-0.873799
1.09378
-0.0120534
-0.707115
-1.06443
2.14952
-1.85712
1.40911
-0.145981
-2.00784
1.12653
1.69204
0.858471
0.589725
-0.109824
-0.254355
0.504986
0.766625
0.111121
0.540712
0.0192185
-1.24585
-2.00185
0.542315
0.234695
-0.20027
0.969745
1.41462
-0.596462
0.851084
-1.14116
1.65914
-0.320784
0.91373
-0.28563
0.682879
0.0430084
-0.298954
1.18936
-0.697329
-0.0448375
-0.383088
1.44777
-1.41506
-0.305602
-0.948579
-1.81542
0.797673
-1.19206
-0.553807
-0.589397
-1.06435
0.163442
0.382941
0.454118
0.219546
0.0168294
1.51995
0.146454
-0.135886
0.287291
-1.86849
0.580549
-1.80841
0.118487
0.665414
-0.356315
-0.518371
0.645716
1.06862
1.02461
-0.137278
-0.638659
-1.11985
0.396749
1.44488
-1.47884
0.281981
0.577018
0.862596
-0.347036
1.17235
0.511452
0.281662
1.50457
-0.689681
0.988731
0.794547
0.367761
-0.340368
0.188074
0.771099
-0.973626
-0.095562
1.67227
0.680226
-0.972365
-0.497355
-1.25414
0.535234
0.741071
-1.08132
0.503601
0.288469
-0.329389
0.462135
-0.188356
-0.914053
-0.963427
1.47414
0.0484483
-0.522091
1.09184
0.714704
-0.0100181
-1.8848
-0.679079
-0.412923
-0.488374
0.403941
0.399235
0.290953
-0.0752626
2.16914
0.146957
-0.355983
-1.62027
-0.23196
0.467361
-2.24458
0.663991
0.532469
0.201414
-0.259568
0.59908
0.223857
0.343621
-0.919994
-0.481822
-0.150767
0.786553
0.431802
-0.939523
-0.66484
0.449865
-0.548059
0.509863
-0.113982
-0.128034
0.06074
1.17523
1.10709
0.472993
0.75942
-1.24299
-1.56947
0.374912
-0.507561
0.328554
-1.13507
-1.28572
0.229439
0.535915
-1.25733
0.855295
1.95143
0.0735586
-0.837659
1.40582
-0.392917
0.276703
-0.457255
0.463164
-1.29948
1.6783
-1.83237
0.295734
1.53745
-1.67594
0.485517
1.91689
1.61817
-0.0657216
0.536718
-1.44064
-0.235704
0.29704
-0.124274
0.499657
-0.0587024
1.38123
1.24741
-0.510626
-2.01668
-0.111115
1.66778
-0.481163
0.412721
-1.59763
1.60934
0.190945
-0.633275
-1.26022
0.938383
-0.965879
0.682373
0.535474
-0.0593105
0.0302185
-2.34486
-0.56302
-1.1949
0.780155
1.40196
-0.48321
0.0549661
0.562744
1.10224
1.55748
-1.34644
-0.65248
0.583883
-0.994487
2.00352
-0.717823
1.6811
-1.04112
0.175104
-0.480653
-0.263219
0.90669
-0.0514901
-1.00754
1.76665
-0.314631
-1.33144
-1.80781
-0.774597
-0.921122
2.23423
-0.096486
0.191298
-1.34337
1.71184
1.22736
1.41352
0.212798
-0.368264
-1.29069
-0.935943
1.65546
-0.157343
-0.495876
0.335152
-1.174
0.412549
-1.42272
0.459112
-0.078497
-1.00868
-0.491295
-0.634595
0.0932
0.722539
0.376798
-0.152841
1.22456
0.756731
0.310244
2.34752
-0.03587
-0.50608
0.793003
-0.663894
-0.760488
0.580849
0.145053
-0.64316
0.671707
-0.344221
0.673905
-0.476782
-0.722953
-1.10506
-1.7539
0.266936
-0.23426
0.326639
-0.812683
0.476611
-0.169174
0.117089
-0.170272
1.60488
1.14291
-0.532711
1.17077
1.21315
-0.902752
-1.67372
-0.977817
-0.822853
-0.0615886
0.950771
0.652039
0.211284
1.3303
0.354031
0.121959
-1.82711
-0.303917
-1.42433
0.495317
0.511426
-0.680128
0.250998
0.819507
0.938363
-1.14675
-1.48179
-1.16797
1.23698
0.406073
0.386543
-0.612317
-0.474301
-0.470335
-0.228972
0.96587
0.64588
-1.84015
0.958397
0.0188346
1.56942
0.590855
-0.613823
-1.48457
-0.112306
-0.00847256
-0.672504
1.09708
1.04013
2.98984
-0.477704
1.46228
-0.31157
-0.553214
0.94276
-0.451505
-0.555677
1.14028
0.371643
1.61569
0.160315
0.459855
0.776842
0.358239
-0.0933154
0.66472
-0.261391
0.122178
0.566814
0.201469
0.270944
-1.89376
-0.88842
0.115795
0.83446
0.575075
1.16586
-0.107705
-1.24982
0.954328
0.954024
0.574739
0.261253
-0.277964
-0.145375
-0.68627
-0.607462
1.18417
-0.267593
-0.67086
-0.415472
1.57964
0.862575
0.747746
1.39181
-0.22664
-0.409315
-0.00722986
0.707146
0.185033
1.18385
0.692723
-1.15194
-0.645075
-0.459262
1.0736
-0.381825
0.493364
-0.780539
-1.94667
-0.324785
-0.296455
0.207097
1.23585
-0.0415028
-0.252629
0.979631
-0.321144
-0.757642
-0.00811183
-0.701589
0.609248
1.10951
-0.0556781
0.553844
0.818412
-0.0215948
-0.555402
-1.22008
1.96434
1.06894
-0.0839619
1.68298
1.40441
0.561233
0.977324
1.54897
-0.856508
0.144579
-1.17944
-0.74008
0.473503
1.16626
0.946439
-0.960674
0.598571
1.54253
-0.398136
-0.727636
0.161719
-1.96578
-0.12937
-1.47558
0.695736
0.803726
-0.219994
0.0940179
0.673416
-2.20084
-0.737516
3.21579
-0.705414
0.200461
0.0861343
0.380796
0.836187
1.12108
0.0373284
0.403481
0.691831
0.756217
0.337315
2.82475
1.70188
-0.351437
-0.662194
-1.69804
1.01726
-1.85372
-0.584017
-0.606819
0.437343
0.324789
-0.64155
-1.67952
-1.44747
-1.06882
-1.39398
2.08765
1.16494
-0.215661
-0.192894
-0.397555
0.332579
0.461916
-0.307589
-0.909587
0.544383
-0.412979
0.179297
0.246945
-1.05008
-0.261434
1.20184
-1.03203
0.621275
0.671684
0.627644
-1.14402
-0.492384
1.52864
-1.69972
1.43248
0.492403
0.14362
-0.380971
0.276057
-0.506739
1.43091
2.13207
-0.910533
-0.376877
-0.404768
0.293044
0.059682
0.898926
-1.59205
-0.908331
0.99705
-1.13225
-0.351692
0.340016
-0.308073
-0.446562
-1.14152
-1.45152
1.03748
-0.785814
1.10501
-0.665541
-0.80319
-0.313247
1.58104
-0.129877
0.1721
0.0257131
0.0120267
0.936842
-0.302884
-0.746891
-0.615143
0.364653
-0.296929
0.611542
-0.555755
1.02591
-1.30912
1.23479
-2.11388
-1.93051
-0.179091
-0.523081
0.0617692
-0.823852
0.561778
-0.444727
-0.0700326
-0.131692
-0.366656
0.0910347
-0.551948
0.551976
-0.916791
-0.300386
-0.832059
-0.104279
0.0844318
0.616119
0.845838
1.20535
-0.62346
0.240567
-0.332261
0.413335
-0.440143
-1.1731
-0.984641
-0.373819
0.3937
0.178905
1.77663
0.779503
0.0119462
0.591714
1.90406
0.0269794
1.07323
-0.173777
0.510078
-0.756557
1.83179
0.456927
1.13392
0.475834
0.0729385
0.602055
1.07412
-1.19391
0.33293
-0.21505
-0.540662
0.831551
-0.450796
0.874181
0.225558
0.679724
-1.91992
-0.601422
1.35251
-0.632683
-0.600677
0.840997
1.44055
0.568915
-0.337131
0.164901
0.785391
1.95516
0.687844
-1.03301
-0.853679
-1.16748
0.143077
0.700822
-1.5911
-0.0533084
-0.291545
-1.27114
1.52901
1.69474
0.985331
-0.306629
-0.240432
-0.902939
1.1845
0.741049
-0.863488
0.675988
2.87019
0.802844
-0.425955
-0.0199781
0.178804
1.27515
-0.853375
-1.65043
0.037577
1.1817
-1.35308
0.280225
-0.0319132
0.064802
0.114676
-0.188266
-0.745842
-0.68682
-1.7398
0.260089
0.51084
-1.47688
-0.552572
0.59471
0.664943
-0.398765
-0.227847
-0.504548
-0.201621
1.38383
-0.0821747
0.297756
-1.1856
0.149533
-0.136497
0.385324
1.95794
-0.00822151
-1.50842
-0.116703
-1.04306
0.734782
1.03136
-1.6145
1.33044
1.87204
0.515075
0.438541
-0.89677
0.745471
1.26093
-0.465586
0.0897371
-1.38765
-1.19117
-0.50522
-0.527125
0.3052
-1.01169
-0.423109
-0.955456
-0.841561
0.928185
-0.664111
-0.132541
-0.249164
1.13142
1.79701
0.939734
-0.571637
-0.367562
-0.204069
1.06824
-0.0534604
-0.34123
-1.09321
0.339735
0.500766
0.0840306
-0.509726
0.563466
-0.867923
0.178532
0.813279
2.16169
0.832006
-1.2257
-2.11156
0.77603
-0.388316
-0.38606
0.988172
0.599687
-0.167494
-0.59146
-0.745411
1.00257
0.740933
-0.111331
-0.0902919
1.8011
-0.37471
-0.248853
-0.208113
-0.377517
1.27357
0.996132
0.114241
0.18968
-0.682276
-1.44299
-0.659063
-1.01808
-0.00596005
0.678285
-2.49113
1.62759
-0.685688
-0.123474
-0.704633
1.10049
0.41935
-0.322039
1.64619
1.70447
-0.0834904
0.0412195
-0.485937
-0.159142
-0.128475
0.587257
-0.72686
0.815837
0.32056
0.645687
-0.040917
1.35431
-1.37654
0.174423
-2.07803
0.226034
1.06798
-1.8845
0.433021
0.11958
-0.0466655
-0.040049
-0.496156
-0.207502
-0.80822
-0.634352
-2.65931
-0.845235
1.29426
1.10932
-0.506299
-0.302587
2.40979
-0.461584
1.00923
0.185482
-2.00318
1.33086
-1.074
0.0920687
-0.884508
-0.830658
-0.282024
0.180455
0.951651
-0.770716
-0.820458
1.05064
-0.513105
0.129602
-0.232156
-1.26783
-0.689216
-0.609333
-0.533947
-0.384575
0.191144
-0.334722
-0.401532
-1.0097
0.305096
-0.537204
-0.494725
0.0173275
-1.76372
-0.171478
0.949189
-1.71904
-0.211282
0.384442
0.671042
0.0909625
-0.549479
-0.936203
-1.06742
-0.535835
0.520801
1.70366
-0.561835
-1.88511
0.293432
-0.563823
-0.283545
0.00392634
0.641804
0.0255532
-1.19948
0.188971
-0.102481
0.876586
0.469483
0.754522
0.118842
-0.990348
-0.705986
0.122915
0.828628
-0.484688
0.244127
0.286048
-0.83553
-1.94492
0.75529
0.42712
-0.271152
0.380663
-1.98251
-0.0672754
0.343325
-0.4829
-0.112117
-0.960919
0.979596
-0.743421
-0.832901
-0.374434
-0.174402
-0.794612
0.427589
1.7286
1.83315
-1.26513
-0.33099
-0.58746
-1.0595
-0.0786644
-0.883358
-0.480809
-0.404796
-1.42135
0.183357
0.873026
-1.00684
-0.877468
0.791718
-0.293444
-0.747263
1.90846
0.683826
0.309172
0.62657
1.49475
-1.9987
-0.310086
-0.941752
1.43765
-0.650153
-0.813264
1.22135
-1.11733
-0.388433
1.71721
1.33563
-1.36388
-1.22554
1.30682
-0.215226
-0.814651
-1.32021
1.07186
0.811937
-1.55197
-0.302534
-0.787177
0.0120618
-0.92898
1.84895
0.482824
0.379187
-1.46178
0.0392151
0.0274585
0.721982
1.09624
1.02414
-0.110092
0.8918
0.0685731
-0.708538
0.0742052
0.104671
-1.19631
-1.14204
3.01225
1.58974
2.52031
0.594459
1.95162
1.33502
1.21772
-0.231646
0.809167
-1.31542
-0.412936
0.677561
-0.499945
0.548398
1.76309
-0.0145919
0.572943
0.296886
0.00543493
1.25684
-0.122761
0.753585
0.616928
-1.28514
-0.107605
0.343915
-1.45287
-2.2948
-1.01935
1.02831
-1.0066
-0.620907
-0.975211
-1.50217
0.600532
0.498902
-0.612596
1.11333
-0.712681
-0.0594774
-1.51105
-0.590168
-0.57082
-0.0269474
-0.931159
0.120187
-1.85497
1.18022
-0.238555
1.86748
0.798889
0.242804
-0.784637
-1.0912
-2.79423
-1.39968
-0.174192
-0.0234211
-0.802815
0.0795901
-0.996421
-0.749556
0.761012
0.707693
-0.571908
-1.32696
0.0372407
-0.338616
-0.310684
0.841162
-0.246599
0.690409
1.53374
-1.6427
-1.03138
1.09166
0.562365
-0.575764
-0.571502
-0.36278
0.960193
-0.169478
0.661655
0.171835
0.160105
2.20231
-1.01124
1.18204
0.616461
-0.348735
2.37977
0.338533
-0.21757
1.66391
0.206773
0.29217
-2.4608
-0.446902
0.161291
0.652277
-1.16615
-0.922571
-1.87678
-0.70927
0.0535583
1.37199
1.23565
1.03862
1.29581
0.747339
-0.0379656
0.42917
0.641746
0.876966
1.94417
0.34575
0.548865
-0.371154
-1.41609
0.0695147
0.905029
-0.0168655
0.419491
1.58503
-1.21957
2.39533
0.629
-1.04541
0.257782
0.124378
0.191777
0.571387
0.473646
-1.26095
0.0445171
-0.555426
-1.18465
-1.33653
2.95309
-0.429113
0.242084
-0.69048
0.199791
1.38606
1.4363
-1.8275
0.112202
0.321859
-0.750882
0.393553
-0.453939
0.200722
1.29272
-0.871921
-1.14538
-2.52996
-1.11137
-0.767199
-1.44226
0.869615
0.283329
-1.3184
-0.314736
0.258423
0.507932
-0.21769
1.76213
-0.239622
-2.36986
-0.753557
0.392724
1.25919
0.32632
-0.56761
1.78349
-0.0447073
-0.275415
0.474091
-1.78722
2.07968
-0.0383792
-0.130617
0.170059
-0.305871
-0.301703
0.0714321
-0.191984
-0.46892
-0.157092
0.33858
1.13194
-0.719159
0.898898
-1.92545
-1.44892
-2.02755
-0.0963259
1.62878
-0.423673
-1.12558
0.588043
0.702768
0.0289637
0.902035
-0.378354
0.0175915
-0.410804
0.137337
0.328883
-0.358571
0.940752
0.205031
0.364459
0.0505311
1.05383
-0.239731
0.441705
1.65062
0.43695
-1.34824
1.01267
-0.396012
-0.649955
0.442588
0.657916
-0.761957
-0.800621
0.195625
-0.439272
0.00960374
-1.55701
0.0158566
0.966893
1.08752
-0.230824
1.03908
-2.14881
0.384003
-1.16171
0.423532
-1.4231
-1.60962
1.81985
0.857216
-0.102071
-2.23069
-0.859551
0.160672
1.32058
-0.601793
-0.725821
0.481824
-0.850306
1.64299
0.688845
0.321449
-1.41662
-0.890267
0.660149
0.593874
-0.261016
1.93753
-1.39997
0.336017
-0.0187048
-0.936397
-0.730351
-1.02308
-1.64092
1.02147
1.6252
-1.42372
1.90379
-1.3972
2.17278
-0.653699
1.1129
-0.286639
0.769036
1.22703
0.84387
-0.138909
-0.779874
-0.271471
0.104146
0.56908
-0.469007
-1.54618
0.543327
-0.122138
0.161173
0.220736
-0.488341
0.320545
0.470359
-0.808014
-1.28154
-1.3715
-0.923148
0.387586
0.453191
0.215931
-0.372641
-0.746891
-2.47767
-0.808233
1.34219
-0.140389
-1.08384
2.02779
-0.757101
-0.658695
0.641961
0.788501
-1.007
0.248129
-0.334826
-1.28329
1.33926
-0.289709
0.276362
-0.681538
0.0623317
0.74969
0.364078
-1.13625
0.533866
-1.01719
-0.329502
-0.701803
1.68277
1.71969
-0.754897
0.904778
0.315577
0.00305945
0.729329
-0.990467
-0.168067
-0.587294
-0.983805
-0.342478
0.615582
0.0498542
-0.0624996
0.244915
0.369548
0.238718
-0.943718
0.205675
0.504347
0.0592793
-0.465685
-0.358933
1.09732
-0.809476
-1.79707
2.41368
-0.165429
-0.727039
-0.164822
-1.68979
0.475705
-1.14428
-0.868298
0.0409119
0.155913
0.519177
1.09269
-0.180598
1.40459
1.54783
-0.186382
-0.333157
-1.44263
0.654223
0.80348
0.0350515
0.629625
-0.942081
-0.145491
0.182632
1.12588
2.48351
0.0838232
-2.00697
1.04634
-1.70536
1.59223
-1.56067
-0.27353
1.92135
0.354806
0.213895
-0.0760716
-0.672134
-1.45801
-0.0377436
1.41126
-0.693683
0.000926554
-0.408543
-0.827578
-1.02742
1.42409
-1.06567
1.38895
0.09865
0.862248
-0.588435
0.183327
1.38869
-0.390514
-0.954483
-1.32916
0.771409
0.0172721
1.05695
0.119309
-0.943416
0.639483
0.600291
1.40307
0.378257
0.594067
0.0239056
-0.0647331
0.959345
-1.43783
-1.08434
-0.376411
-1.35483
0.173879
1.3935
0.103565
-0.596365
0.80612
-0.0998713
0.0253949
0.00855732
0.968006
0.16757
-0.159093
-1.62739
-0.564576
0.777895
0.150116
-0.236398
-0.704607
-0.26808
-1.09842
-1.08711
1.73211
0.215283
-0.0465216
-0.12568
-0.751707
-2.4132
0.544127
-0.405501
-1.02422
-0.0737939
0.675973
-0.383997
0.500423
-0.994476
1.90754
-1.42808
-1.19979
-2.07758
1.77017
-1.58063
0.494794
0.101551
1.55046
0.194052
0.493313
-1.15567
-0.0897173
-0.944164
0.0596452
0.654533
0.451153
-0.219171
0.893541
1.18958
-0.662488
0.895093
0.47681
0.0836642
-0.318084
0.802599
2.58425
0.432856
-1.16656
1.03245
-0.533559
0.746019
0.387194
-2.52777
-1.44928
0.505667
0.770061
0.634828
-1.75349
-0.334509
1.07425
-0.414891
0.342209
1.34592
-0.40657
-0.611533
-1.02277
0.474603
0.395026
0.816839
0.485373
0.443803
-0.838929
0.979302
1.01774
-0.399565
0.122338
0.873893
-0.137225
-0.0425559
0.225781
-1.86507
1.53668
0.549889
0.320235
-0.0768281
0.582561
0.0432338
-0.940178
-0.323187
2.84342
-0.953156
1.56714
0.411623
0.149111
0.562643
-0.703225
-0.993668
0.179237
-0.647975
-1.6036
1.71017
1.38831
-0.509755
-1.00071
-0.0713946
-0.848157
-0.11152
-0.426602
1.46702
0.645773
0.690339
0.331093
1.64059
1.52142
-0.86246
-0.224342
0.925593
1.36813
0.158983
-0.832374
-0.277588
-0.276901
-0.773996
-1.10642
-2.04467
0.775844
-1.23335
-0.198119
1.86078
0.712691
0.5724
-0.712982
-1.68904
-1.65298
-1.68045
-0.0469344
1.86877
0.781778
-0.243974
1.15059
1.97017
0.96613
-3.56423
-0.0455297
0.118927
-0.971994
0.355031
-0.639503
0.0963905
-0.494923
0.338102
-1.20059
0.824086
0.117585
0.652294
0.922919
0.214629
-0.165616
1.13006
-0.144324
-0.0284632
-0.4073
1.18139
0.161223
1.07786
-0.81215
-1.02656
-0.17337
2.32424
-1.21768
-0.334931
-0.0482246
0.28566
-1.86819
0.838839
2.37087
1.59267
2.19992
-2.03791
-1.95069
0.174558
1.15737
-1.1909
-1.00885
-0.559036
-0.519825
1.79964
2.86123
1.28444
0.679513
1.40317
0.787486
-1.49961
-0.091574
0.115051
0.895406
1.2982
-0.359493
0.32042
-1.59639
0.299969
-0.308795
0.143857
-0.834037
0.132171
-0.37229
0.0267223
0.499503
-0.512271
-0.559025
-0.977525
-0.932029
1.49904
-0.72664
0.123109
-0.0819259
-1.25059
-0.95435
-0.836415
-0.658951
0.84062
-0.825747
-1.22913
-0.296358
-0.995002
-0.933237
0.754774
0.445514
0.0108455
-1.06493
-0.01033
-1.3942
-0.599762
-0.297482
-1.1129
-0.764078
0.473172
0.715997
-0.455221
0.48499
-0.550584
-0.522345
0.337173
-0.130765
0.373876
0.504892
-0.507
-0.130891
-1.53167
-1.64415
0.34562
0.167155
0.646376
0.845118
0.228762
-1.95675
0.303534
0.775138
0.83454
-0.170079
0.565015
0.0602207
-0.194477
0.0519125
2.47811
-0.972106
0.166977
-0.423077
0.489694
-1.23214
1.16623
1.32
-0.407126
0.439657
-0.834231
-0.801526
1.50518
-0.212948
-1.0292
1.86947
0.298473
1.25834
1.02957
0.897929
-1.43255
-0.447595
0.0127506
0.548239
1.26906
0.869447
1.1552
0.0162994
0.030632
1.98754
-0.133996
1.44946
0.473344
0.21937
-0.00306815
0.712444
-0.548433
-0.355126
0.0682021
-0.665709
0.534708
-1.63933
0.674929
-0.282573
0.341494
0.382346
1.70693
0.126293
1.48639
-0.426743
-2.22128
-0.568006
-1.52868
0.579731
0.324639
-0.542074
0.223031
0.856328
0.36006
-0.11251
0.0454156
0.16061
0.895121
-1.9651
1.14568
0.230589
-0.861297
-0.0510531
0.207806
0.581737
1.30788
-0.238894
-1.71494
1.21631
1.28037
-0.144578
0.870919
-0.594089
0.429457
0.085726
0.579974
-0.622796
0.0163878
-0.800473
2.31721
-0.391035
-0.51811
-0.728391
-0.637848
1.0083
-1.07576
-0.842677
-0.476131
0.562398
-1.8512
-0.312403
0.433913
0.452239
-1.37168
0.43567
0.0864019
-0.324557
-0.037829
-0.718343
0.873338
0.0415224
-1.29772
1.98883
-1.70294
-0.761658
2.57111
1.1758
-0.461528
0.463956
1.51037
-0.619761
-1.30576
0.553126
0.766995
-1.35171
1.11339
-1.09637
0.217509
0.26723
0.838332
1.02107
-2.24829
-0.152688
2.24694
0.0216929
-0.21709
-0.680442
0.86443
-0.119202
-1.5626
0.0704806
1.37491
0.526004
0.189823
1.2555
0.570154
0.947255
-0.785058
-0.435155
-0.613226
-1.08171
0.459476
-0.432286
-1.90766
0.729801
-0.85806
-1.96923
1.05811
1.32092
-1.1926
-1.43533
0.233504
0.255041
-1.81748
0.818818
-0.725624
-0.330181
-0.114592
-0.334815
0.456946
-0.0575235
-0.113131
-0.826879
0.576854
0.533429
-1.77556
-0.906681
-0.490472
0.814406
-1.00138
0.67552
-0.31324
1.52933
0.88734
-0.00328332
-0.433991
-1.07806
0.974887
-0.935614
0.319511
0.387337
-1.66511
1.15318
1.43936
-1.2554
-0.00928599
-0.44277
-0.0761842
1.59424
0.309802
1.36189
0.208016
-1.13347
0.0635872
-0.67793
0.677741
-0.738173
-0.835624
-0.393725
-1.31857
-0.505538
-0.406155
-0.0510623
-0.471283
0.660153
0.279484
-0.272148
-2.19709
0.556621
-0.980358
-0.198547
1.53095
1.75382
0.443343
-0.064448
-0.213273
-0.28735
-0.716457
-0.637579
1.03728
-0.722078
-0.144028
0.40879
-0.687541
0.63912
0.130651
0.260225
-0.738566
0.370082
-1.04743
0.795997
0.207217
0.855084
-0.809784
-0.640018
1.49138
0.173286
-0.514924
-2.02835
0.328569
-0.513309
0.641814
0.528413
-0.448639
0.633936
-0.546886
0.178807
0.147942
-0.433464
-0.277798
0.377329
2.3309
0.327369
0.774252
1.57463
1.91202
-1.69916
0.548492
-1.16016
0.362695
-0.690668
-0.502801
0.684281
1.32872
0.756048
-0.227403
1.18071
0.719833
-0.973217
1.69411
-1.90762
1.91712
-1.07146
-0.476383
-1.36365
0.113705
-0.405162
-1.81578
1.49996
0.294555
-1.02047
1.00479
-0.68642
-0.168437
-0.694312
2.19639
1.37976
1.96119
0.85753
0.614624
-0.56339
-1.10975
-0.752894
-0.394766
0.228982
0.780531
-0.749547
1.87397
-0.629102
-0.367956
0.120162
0.195125
-0.795649
0.975686
-0.750294
2.17258
-1.10287
1.37585
-0.440332
-0.0473107
1.47593
-2.0022
-2.30998
0.216449
-1.39956
1.80464
-0.343517
0.724068
-0.532393
-1.36181
0.818599
-0.626305
0.321856
0.786794
-0.584276
1.90573
-0.678724
0.753353
-2.20182
-1.0039
-1.04209
1.3356
-2.46637
1.1976
-0.364396
-0.425125
0.717815
-0.322472
-0.724627
1.2324
-0.754748
0.877819
0.471357
1.38597
-1.37681
0.971905
-1.28642
0.105202
0.484288
0.840047
-0.279254
0.680453
-0.756531
-0.547236
-0.200999
0.0961202
-0.162435
-0.220833
0.135031
-0.493951
0.0579239
-0.393009
0.381792
1.36097
-0.864464
0.592036
1.70254
0.449709
1.2165
-0.726246
-0.783613
-1.99879
0.248094
-1.47036
0.0690533
-0.47453
-0.0882372
0.387291
-0.134809
-0.0847172
0.602214
0.151508
1.10653
0.159216
-1.75163
-1.11745
-1.46029
0.924625
-2.08831
0.95139
1.49824
0.115402
1.60934
-2.10066
0.857207
0.156405
-0.12901
-0.582204
-0.753064
-0.0623527
-0.685595
0.1373
-1.70659
0.967783
-1.28054
0.767006
-0.545725
1.63653
0.851077
1.42955
1.49565
-1.48874
0.941904
-1.6374
-0.168178
1.08013
1.04933
-1.50244
-0.582497
-1.23224
-0.52259
-0.209415
-0.0508568
0.263888
0.416881
1.90054
-0.508247
0.331169
0.0984536
0.337721
-0.646148
-0.531546
0.951881
0.21007
-1.12534
0.169478
-0.312373
-1.05854
2.49363
0.401666
-0.241244
0.241151
1.24234
-0.536645
0.625127
-0.895443
0.313097
0.910283
-1.36052
0.694375
0.352898
-1.08909
0.208944
-0.395709
0.175024
0.778972
-1.11336
1.21206
0.125359
0.22023
0.272688
0.271224
-0.273503
1.2233
-1.19956
-1.72629
-0.114333
0.79397
-1.18852
0.662281
1.59911
0.44432
0.682218
0.204141
0.912287
0.796175
0.205917
0.431258
-1.17763
1.21287
-0.244581
0.809136
-0.0704703
0.395484
-1.06843
-0.050516
1.02343
0.275671
0.864497
0.286824
-0.681203
-0.242113
-1.25341
1.44898
0.344372
-0.421577
0.869351
0.294774
-0.292696
-0.86838
1.65805
0.5272
1.66592
-0.886742
0.585759
1.18019
-1.16176
0.481557
0.36503
-0.692192
0.0511791
-0.711808
1.39386
0.310165
-0.313981
-0.886355
-0.18644
0.123179
-0.464152
-0.552144
0.89463
1.39049
-1.2483
1.40281
-0.219467
0.608061
0.164174
1.10417
-0.199678
0.39268
0.587152
0.337212
1.18526
-0.75318
-1.73913
0.338354
-1.05596
0.0724753
-1.48845
0.0658195
-1.75547
1.07101
-0.584791
0.483621
-1.03868
0.716603
1.57126
-0.77119
0.0305893
2.50861
0.0693251
-2.44079
-0.136271
1.21022
-0.578281
-0.859748
0.0236436
1.3485
0.744779
-1.84354
-0.978974
-0.17417
-0.929719
-1.4814
0.0602258
-1.91176
0.72627
1.32607
0.464696
-1.1512
0.652365
0.348444
-1.12854
-0.156047
0.342469
-0.823128
0.874481
-0.00375968
-0.0885209
0.327605
0.48401
-0.444126
-3.83986
-0.0782371
0.922926
0.324134
1.05441
-0.212898
0.129419
0.179128
0.00994152
0.904747
1.09887
0.868921
-0.526085
-0.665485
-0.0802221
0.395218
-0.638109
1.12913
-0.148372
-1.20718
-0.770163
-0.230628
-1.49095
2.12507
-1.26582
-1.22106
-0.0869246
-1.20873
1.69061
1.25875
-1.79013
0.983376
-1.44501
0.219454
-2.71163
-1.867
0.94959
-0.122213
1.53323
0.252922
2.12057
-0.402738
0.327079
-0.834132
-0.758571
0.55956
-1.23536
-1.93258
0.105444
1.02442
-0.367349
-0.87526
1.49045
-0.167564
-1.59151
-0.177823
0.349115
1.16826
1.48701
0.798196
-0.78515
-1.27707
-1.37903
2.36133
0.741564
1.24709
-1.1451
-0.0028702
-0.0689666
0.800861
-0.570998
-1.18205
-0.315712
2.36595
0.0905519
2.09734
0.441128
0.365167
-0.662124
1.60417
0.520347
0.419611
-1.11105
-0.43163
1.10465
-0.0813465
0.352607
-0.718953
-0.0790714
-0.499597
0.598843
-0.447563
-0.751857
-0.961575
-1.15628
-0.93331
-0.378604
-1.46021
-0.644962
1.85713
-1.46554
-1.48294
-0.895597
-0.967529
0.401494
-0.687212
-0.338413
-1.34911
0.386519
0.663487
-0.864968
-0.473615
0.914773
1.45325
-0.639045
0.445952
-1.04789
-0.394967
1.59011
-0.156053
0.993373
-1.39406
0.00779974
-0.438964
-0.460308
-2.42842
1.91322
1.94289
-0.998915
-1.56532
-0.541042
0.0329173
0.867486
-0.268468
-0.248584
-0.237478
-1.3634
-1.98738
1.10806
-0.478176
-0.422938
1.24508
0.493164
1.17564
1.86475
-0.262305
-1.06624
-0.373705
-1.64819
0.39838
-0.278931
0.734296
-0.0853994
1.61676
0.133895
-0.653652
-1.82009
-0.502749
-0.00846666
0.528295
-0.478613
-2.34071
0.585989
-0.68074
-0.258145
0.159459
-0.107646
-1.94001
-0.581909
-0.206238
0.0943412
-1.53951
0.137064
0.777635
-0.787768
-1.05547
0.53727
0.131838
0.869479
0.376416
1.14556
-0.562298
-1.09704
-1.05399
-1.51876
-1.04241
-0.65427
1.63931
-0.151984
-0.411739
-0.243837
-1.05782
1.03233
1.37611
0.886642
-0.388202
0.488222
0.823876
0.812524
0.516779
-0.299091
0.896617
1.00535
-0.778425
0.886459
-0.927134
0.046707
-0.459995
-0.443762
-0.0806916
0.148044
-1.13824
1.04036
-1.69026
-0.400855
1.07143
2.06424
1.82508
0.477904
-0.485441
-0.757338
0.702816
-0.290867
-2.11074
1.68591
0.147505
-0.427418
-0.969004
0.754592
-0.743681
0.773327
0.0410157
-0.348379
0.828713
0.0541812
0.861312
1.36043
0.193246
0.113777
0.322855
-0.54565
-1.42053
-0.697407
-1.03686
0.233179
1.40021
-2.04902
-1.71533
-0.242374
1.47574
0.336349
0.721118
-1.79493
-0.259028
0.204469
-0.603786
0.959802
0.376329
1.20316
-0.185861
1.46914
-0.476073
-1.46361
-0.318094
0.612223
-0.384428
-1.18685
0.150477
1.467
1.44807
0.104364
-0.703254
0.184688
1.25406
1.20685
-0.581596
-0.444052
1.77196
-0.592394
-0.959354
-0.465111
0.804804
1.92798
-1.58924
0.103838
1.7119
0.344
-1.39764
-0.396419
-0.197027
0.637183
1.78068
2.75337
-0.737217
-0.144638
-0.564342
0.835468
-0.0563278
0.597035
-1.24076
-1.18729
-0.938986
0.363403
-1.86032
-1.29492
-1.05285
-0.392206
1.63965
0.489656
0.82501
0.137657
0.289237
0.261759
-1.10636
0.0165885
-0.492625
-1.42958
0.408699
-1.18583
0.944956
0.210975
-1.18723
0.485154
1.09226
0.722987
-0.342704
-1.15563
-1.99248
0.648188
-0.297178
-2.41
0.357971
1.14185
-1.72977
-0.496656
-0.095066
-0.733079
0.279941
0.497083
-2.35085
-1.70216
1.03761
0.0745999
0.428294
1.17705
-1.53211
-0.595994
0.709326
-1.37901
0.235497
0.216906
-1.63156
0.189098
-0.963408
-0.466515
-0.0112025
0.0941532
-2.48997
0.34466
-1.17491
0.85027
-0.336297
-0.254209
0.508565
-0.020089
-3.08415
-0.233924
1.53721
0.924922
-1.40464
-0.449753
1.54091
2.5312
-0.637389
0.738432
0.550685
-0.447836
-0.375208
-2.36484
0.0576609
1.65204
0.447662
0.121665
-0.888278
0.993719
-0.864074
0.357233
-1.92785
1.34993
-1.39196
0.365159
0.143631
0.668419
-0.215031
-0.77883
1.04121
0.732819
-0.221201
-0.478578
-0.204757
-1.07275
-0.398305
-0.303515
0.104904
0.509583
0.805928
-0.211801
-0.866658
-0.303546
0.719436
0.857518
0.772799
-0.785983
1.55543
-0.0949787
-0.351186
0.798873
-1.09883
1.50753
1.12465
0.445617
1.13796
1.30551
-1.0479
-1.16615
-0.988395
0.326765
0.65518
0.731678
1.18215
0.998945
0.638792
-1.10281
-1.23209
-1.87465
-0.702851
0.208485
-1.54086
0.296455
-0.923401
-0.103675
-0.41601
0.214452
-0.718495
-1.11347
0.640902
1.78368
-0.887468
0.876357
0.64107
-1.22775
-0.276174
-1.87504
0.396335
0.23853
-1.62116
-0.248218
-0.00896984
-1.14472
1.55833
0.0287989
-0.564289
0.823197
0.0340695
-0.359065
1.97307
-0.278718
0.234117
1.39722
0.783789
-0.156573
0.293609
0.437734
-0.293077
-1.26675
1.46285
0.839357
0.984002
-1.0212
-0.380231
1.83005
0.875819
0.386658
1.43734
-0.508079
-2.22717
-1.47086
0.948896
-0.589056
-0.14501
0.918527
1.47201
-0.466503
0.383523
-1.40501
0.818662
-1.19224
0.719949
0.911693
-0.533129
-0.0231658
0.608301
-1.32531
-0.318413
0.366181
-0.925931
-0.521498
-1.16844
0.507057
0.168166
-1.02607
-0.109695
-0.290419
0.25637
-0.83923
0.91117
-0.181425
0.583109
1.28373
-0.543835
-1.48997
1.32352
-1.04573
-0.826089
-1.54636
1.28179
-0.487167
-0.308353
-1.25524
-1.18064
0.257358
-0.902561
-0.862438
-0.532973
1.7482
0.694708
-1.37972
0.36923
1.50398
-1.33213
-0.42291
1.19208
-2.92458
0.819129
1.47898
-1.57114
2.01746
0.716151
-0.350034
-0.676302
-0.460609
-0.38298
0.535101
-0.159435
-0.432245
-0.184407
2.2197
-0.570962
-0.578152
0.132942
-2.47886
1.39658
-0.662943
-0.116568
2.24661
-1.6803
-0.849591
0.416561
-1.04556
-0.00670546
-0.899194
-0.0413399
-0.337495
-1.09872
-1.64896
1.62569
-0.370876
-2.68057
0.918275
-0.292736
-2.02026
-1.52806
-0.160266
-0.990806
-0.508636
0.72498
-1.86073
-0.126397
-0.0314263
1.01459
-0.264905
-0.487245
0.0784034
1.51124
1.3523
0.552965
-0.231414
-0.233545
-0.788094
-0.629119
1.20291
0.205973
0.679025
0.863758
2.13886
-0.201316
0.0864552
1.70261
0.975005
1.41397
2.37898
-0.214949
0.0718226
0.948406
0.953163
2.26753
-0.425165
0.388446
-1.10849
-0.996008
-1.6063
-0.786759
-1.14717
0.441819
-0.985742
2.25139
0.387454
1.20743
-0.471135
-1.24075
-0.417701
-0.103234
0.809197
-0.726643
1.31242
-1.38106
-1.68465
-0.637558
0.154572
-1.19931
-0.657392
-0.632314
0.342463
-0.132598
-0.555866
-2.23294
0.859983
-0.905855
-0.92021
0.160664
1.1212
0.962263
-0.3982
0.209965
-1.59155
2.3393
-0.611787
-0.156291
-0.122572
-0.521273
2.91542
-0.748591
-0.898758
-1.21517
1.03331
0.371072
0.783431
0.62515
1.03349
-1.15041
1.56572
-0.756207
-0.705184
-0.257375
1.0402
-0.000130296
0.246744
0.884406
-1.88026
-1.51603
-0.0250387
-0.309572
-0.243999
0.465671
1.29697
1.05752
-0.189197
-0.67528
0.837697
0.78454
0.369318
-0.389348
1.04305
-0.620151
-0.435421
1.36201
1.83929
-1.02187
-0.266963
0.401673
-1.06311
0.494214
-0.661427
-1.57408
0.105374
0.126512
0.627588
-0.49217
0.698358
-0.122355
-1.91143
0.476331
0.824828
-0.932239
0.0772817
0.811029
2.39503
-1.79747
-0.404879
-2.04134
-1.206
-0.0189334
-0.460651
0.338348
-0.972189
-2.36232
-0.0242828
-1.41305
0.0746889
0.500261
0.073155
-2.46145
1.1055
-0.531187
-0.495533
-1.90106
0.221468
-0.336615
1.43885
2.16068
1.40745
1.22986
0.937824
1.54483
-1.50562
-1.23005
-1.74086
-0.77888
-2.43128
1.4122
-0.361832
0.981302
0.612561
-0.0673927
-0.815833
1.2807
-0.325246
-1.63927
-0.176457
-0.625699
-0.0329567
-0.765178
0.399941
0.269753
-0.549753
0.705293
0.149878
0.21731
1.09153
0.7994
0.895192
-0.353623
1.29157
0.875856
0.263022
-0.359159
-0.326644
-1.14372
-2.94823
0.201646
0.327671
-0.380041
0.496354
-0.80398
0.6487
0.872445
-0.365987
0.520896
1.91077
1.7238
-1.47417
1.2933
-0.395631
-0.378312
-2.27512
0.250641
0.724549
-1.94729
0.38783
1.71836
-0.753412
-1.09625
-0.905816
0.345197
0.458862
-0.130945
0.000887573
0.162395
0.316839
0.0339525
-0.895063
-0.591511
0.200839
0.354433
0.00152022
-0.283545
-0.93332
-0.359669
-0.567807
0.812511
-0.503281
-1.52731
-1.11081
-0.999638
0.510082
-2.63614
0.2875
0.246305
-0.603853
0.382508
-0.123155
-0.424027
-1.12733
-1.61851
-0.213225
1.59338
1.14103
-0.277074
0.542205
0.617621
-2.25868
-0.138105
0.545904
0.792175
0.0248935
-2.28011
0.180838
2.36735
-0.645067
2.30094
0.709663
-1.50164
-0.0233305
-0.244932
-1.24423
-1.32541
-1.02335
0.696506
1.8443
-0.316881
-1.64229
1.40386
-0.30177
-0.383998
-0.335609
0.596956
0.967222
0.208367
-1.32504
1.00904
-0.632391
1.52145
0.421951
0.418039
0.434292
-0.855027
-0.360262
-0.300318
-1.62764
0.111297
0.514035
-0.868177
0.135796
1.35478
0.223678
0.291454
-1.72019
-0.538908
-0.777008
0.392675
0.315382
1.08007
-0.214571
0.869634
0.622572
1.32926
-0.687308
-0.450184
-1.3738
-1.57937
0.665746
-0.91017
1.03189
0.491115
-0.280397
-0.0990988
-0.435097
-0.59755
1.6824
0.962451
-1.61937
-0.324918
-0.123072
0.759284
-0.12145
-1.65548
-0.538139
0.276742
-2.06505
-0.0172828
-3.04683
-1.46418
1.04097
1.01751
0.222617
-0.704676
-0.666545
-0.276669
0.515794
1.17436
-0.793166
-0.29083
-0.508336
-1.02154
0.25674
-0.558419
-1.65733
-0.621316
0.289222
0.177762
-0.381221
-1.43891
-1.10366
-1.14919
-0.845555
-0.450447
-1.27999
0.555696
-0.783122
0.546361
-0.50925
-2.10898
0.2325
1.02231
1.28367
-0.136237
0.866865
0.928059
-0.134748
-0.273671
0.214916
-0.59988
-0.283
0.75161
1.67231
-1.47462
-1.16978
-1.05025
0.81488
-1.44842
0.216687
-0.538741
1.87214
-0.152081
0.176204
0.784826
0.279359
-0.628744
0.631288
-2.13616
0.014831
1.51678
-0.295582
-0.142117
-0.283337
0.0358801
0.607776
0.0621611
0.857
1.58744
0.068078
1.19716
0.516537
0.130034
-0.291988
1.29949
-0.586865
1.15443
0.57132
-1.47721
-0.75347
-0.103935
-1.16761
-0.0478641
0.28634
1.71901
-2.25596
1.18896
0.988479
2.30919
0.470311
1.6853
0.380156
1.26253
-0.600675
-0.558288
0.684009
1.92047
0.604009
-0.698282
0.153416
-1.27785
0.335502
-0.850805
0.0218391
0.00223851
-0.0229549
-1.42017
-0.238319
0.0774774
-1.58157
-1.00529
0.187105
0.0343583
-2.83976
0.268052
1.21636
0.328795
1.0479
1.39847
-2.28269
2.22918
0.53394
0.550428
1.22683
-0.327452
2.22512
-0.55743
0.71903
-0.0160986
1.32831
0.740111
1.13842
-0.0882911
-0.0608907
-0.118404
0.899773
0.731764
1.63466
-0.0915134
-0.694451
0.120331
1.80738
0.733465
0.297178
0.212516
-0.183737
0.336914
2.14792
-1.42431
-0.597704
-0.188366
-1.71644
-0.69317
-0.613837
-0.97744
0.621044
1.18571
-0.748238
1.61605
-1.05578
0.903615
-1.98108
0.0193717
-0.078732
0.0378887
-1.17655
0.868244
-1.36191
1.19237
0.480925
-0.799022
0.186489
0.766732
-0.300412
-0.764966
-0.848671
0.876249
-0.461575
1.06155
-1.60634
-0.0206391
1.14636
-0.288817
1.18288
0.259897
1.01285
0.789113
-1.12757
-1.32256
0.503551
0.243381
0.124313
-0.772171
0.249927
0.0260693
-1.33046
1.55112
-2.35604
0.299283
-0.702296
-1.16619
-0.209383
-2.52648
0.493887
-0.0284556
0.650412
2.46962
1.24214
-0.286192
-0.418629
0.591233
-0.0276782
1.37994
-0.309393
-0.140154
0.635183
0.296389
0.758742
0.814918
1.27577
0.49559
0.619763
-0.0317011
-0.0861878
-0.47077
-1.26816
-0.780588
0.032978
0.106892
1.01373
-0.877204
-0.640201
2.29654
-0.660209
-0.395338
0.415678
-0.498102
-1.56667
0.183023
0.336714
-0.865434
-0.109884
1.90101
-0.144445
-1.29107
-1.77213
1.00353
0.687986
0.621283
0.358729
0.246136
-0.0361507
-0.315727
-0.652974
0.282134
-0.768338
0.565094
-1.34933
0.599707
0.336526
-1.46604
1.49288
1.93365
-1.66423
-0.0764255
0.170072
-2.03534
0.204545
0.298564
1.00574
0.189698
0.361894
-1.35656
-0.72032
-1.45673
0.690122
-1.19457
0.170196
0.453234
0.964641
-1.12914
0.446911
-0.768518
-0.798679
-0.97643
0.478437
-1.69842
0.524087
-1.21711
0.941785
-0.292644
0.67229
-1.70263
0.951726
0.330788
-0.683063
0.368006
1.39817
-0.10921
0.434042
1.97989
-2.0743
1.13039
0.549648
-1.8676
0.76563
1.23033
1.35396
1.38451
1.12559
-0.517007
-1.22522
-0.684956
0.715466
-0.68508
1.35396
0.172368
-1.73763
1.96721
0.48857
0.0342983
0.372582
-0.432813
-1.90683
1.24546
-0.0860835
0.0470667
-0.135524
-1.41113
-1.3412
-0.947406
0.475579
0.362632
0.314252
-0.37222
0.119613
0.0923914
0.522248
0.25508
-0.438761
1.43789
0.530543
-0.664528
-2.3268
-0.970802
-0.0439113
-0.616479
-1.36667
1.04197
-0.0814788
0.89035
1.2245
-0.592786
-0.367771
3.30296
1.08336
-0.517345
-1.44673
-0.17466
1.07267
0.237362
0.824473
0.197301
1.32215
2.1671
-1.81548
0.174355
-1.42369
0.143698
0.0150847
-1.01216
0.143286
-1.17412
0.227923
-1.27657
0.591106
-0.931016
1.72
1.27207
-0.172521
1.61937
0.649411
-2.31797
1.16423
-0.7376
1.46858
0.178529
-1.33259
1.77058
1.22779
0.771233
0.923895
-0.413156
1.43947
1.09958
0.431902
-0.105374
0.360494
-0.28668
-0.148576
-0.880359
0.312573
-0.547042
-0.695623
-0.568146
0.574169
-0.765179
0.484571
-2.13766
-1.1781
1.61917
0.225768
-0.0558082
0.699166
0.963451
-0.1136
-1.58619
-0.704943
0.246324
-0.837996
-1.07961
0.112234
0.654574
0.245594
0.475083
-1.63293
-0.311691
-0.556894
-0.65629
1.34507
1.83748
1.2604
-0.953554
-2.41762
-2.39377
0.678074
0.869574
1.21377
-0.382899
-0.431383
-0.126814
-0.068025
0.0637773
1.39353
-1.19034
-0.105328
0.275739
-0.709628
0.849154
0.78849
-0.157927
-0.747963
0.399553
-1.12499
-0.224237
1.26477
0.229036
2.12986
0.960373
0.0442154
-2.06128
-1.65752
0.847131
2.41479
-0.349912
-0.24992
0.20118
-0.215804
-1.34659
-0.231485
0.306946
0.506339
-0.972693
1.51993
1.03952
0.864683
-0.120626
-0.714711
-0.683209
-0.42589
-0.272913
-1.50458
-0.246761
-0.198233
-0.799857
0.510901
1.43982
-0.205205
0.277833
0.395344
-0.410345
0.774022
-0.999586
0.707861
0.973188
2.10529
2.33085
0.689134
1.04348
-1.0792
-1.65112
-1.40032
-0.348126
-0.647205
0.222197
1.47601
-1.30281
-0.980811
1.60377
-0.375281
-0.339368
-0.480697
0.419143
0.382757
0.0342134
0.0099262
0.189058
-1.09259
1.44366
1.33491
-0.565289
-1.07175
0.564646
0.509096
0.489802
0.383384
0.225951
-0.890402
-0.565678
0.0637628
1.62046
1.41233
0.646355
0.539449
-0.67672
-1.4614
-0.52948
1.46377
1.67362
0.206799
0.332977
1.30902
0.82782
-0.300866
0.132712
0.470683
-0.599426
0.203565
-1.91906
0.929095
-1.34071
1.59747
0.393475
0.0191433
-0.241805
-0.293483
-1.68477
0.234674
0.297288
1.79231
-0.597735
0.791956
-1.31831
0.316229
-0.371161
0.912755
1.15898
-0.182353
0.882105
0.54815
-0.728464
0.111952
0.439221
1.36486
-0.220951
-0.977654
-0.504994
1.04352
0.439753
-1.38304
-1.93174
0.976637
2.28399
0.725088
0.853193
0.423215
-1.09271
0.091683
-0.77671
0.92235
-0.623276
0.552658
-0.454343
0.427587
1.60844
1.62413
0.739932
0.963933
-1.60595
-0.624388
-1.50653
0.409394
2.26033
-0.7818
-1.12214
-0.274641
0.751832
1.46004
-0.124279
0.551024
0.152074
-0.591548
-0.172244
-1.43072
-1.29355
0.443302
-1.36321
0.713481
0.64099
0.42437
-1.22276
-0.472781
-0.304077
-1.2421
0.68488
-1.36052
0.0555702
1.28744
-0.629936
-1.43921
-0.303636
1.90378
-0.152463
0.213258
0.182482
0.479717
-0.858373
-0.840966
-1.91601
-0.216463
-0.147782
0.722459
0.404926
2.02147
0.848608
1.46445
0.833369
1.72619
0.418186
0.2089
1.0834
-0.0824577
1.66612
-1.71327
-1.85635
0.106178
0.429333
-0.611849
-0.452663
-1.1881
-2.1866
0.114524
1.15695
-0.0638754
0.355635
0.944355
1.87022
0.527979
-0.178874
-1.71404
-0.402039
0.989746
-1.19697
-0.895194
-0.477012
-1.70386
0.279166
1.62327
-0.799798
-0.128859
-1.26748
-1.01285
1.14269
-0.840592
0.889146
1.80325
-0.82391
0.674018
-0.861454
0.0482529
-0.0138522
0.522412
0.211324
0.62663
-0.614515
-1.55786
-0.648071
0.668359
0.58195
0.291437
0.868262
1.89478
-1.20117
0.43949
-1.5291
1.27226
-0.384412
1.06493
-1.61833
-0.718327
-1.1202
-0.309078
0.946363
0.302955
-0.295163
0.824874
-0.719644
-0.681681
-1.05523
1.53398
0.30779
1.63862
0.192782
-0.828604
0.660798
-1.17464
0.762996
1.76273
-0.540828
0.582831
-1.27388
-2.18851
0.29828
1.37333
-0.311356
1.80821
0.475344
0.424343
0.169023
-1.25409
0.858814
0.0912793
-0.75863
0.879238
0.0713338
-0.131284
-0.275856
0.223614
-0.0803965
-0.361633
1.07752
-0.43412
0.241442
-0.852584
-0.213654
0.415231
-0.200131
-0.817383
0.574171
0.104523
0.279435
-0.232014
-1.45796
1.25226
1.3137
-0.41741
-1.72831
1.55064
1.85895
-0.932795
0.925387
0.22873
1.63019
-1.14818
-0.234769
-1.24425
1.29254
0.600099
-0.504046
0.203545
1.03019
0.000126839
0.819971
-0.225313
0.123053
0.493869
0.967531
-0.555725
1.1335
0.150221
0.919339
-0.537861
1.34259
2.30855
2.02259
-0.548026
0.118394
0.508406
0.341712
-0.574694
1.78817
-0.85456
1.00904
0.18149
1.34038
-0.658689
2.42683
-0.171414
-0.35496
-0.487568
-1.21665
-0.382201
-0.684601
0.441994
1.30673
0.293046
-0.790161
-0.617872
0.387335
-0.495242
-0.498883
-0.347715
0.201244
0.212493
0.332612
0.906938
0.690096
0.651217
0.760252
1.25371
-1.77284
1.26101
0.143842
-0.977034
1.42102
2.34825
0.642113
-0.681488
-1.52445
0.940883
0.443819
0.33176
-0.829008
-0.864579
1.17578
-0.973045
0.553001
1.24772
0.93267
1.14156
1.20096
-0.174909
-1.35491
0.760512
0.336604
-0.0701972
1.5243
-0.679813
0.330655
0.648359
0.467672
0.364957
-1.1813
1.85946
0.0461342
-1.67108
-0.669527
1.34127
0.572071
-0.179309
-0.333484
0.561307
-0.896109
-0.709714
1.94366
0.187617
0.952105
-0.64917
-0.770376
0.0994498
-1.56424
0.358213
-1.25643
0.256432
-0.115063
0.332518
1.65415
0.390446
-0.0907673
1.06085
-1.00743
-0.273659
1.17294
-0.418922
-0.402426
0.527562
-0.179574
-0.561291
-1.07883
-1.75314
0.926923
0.483944
-1.72093
1.07813
0.0191407
-0.731114
-0.0752147
0.75042
-1.06246
-0.74865
0.0925514
-0.992351
-0.430583
2.20106
-0.0896144
-0.484838
0.881828
-0.367882
2.71618
1.73577
-1.92066
-0.306546
-0.829543
-0.103155
-1.04198
-0.881969
-0.610938
-0.375207
-0.154194
1.23609
-0.241648
0.665993
-0.46519
0.588518
-0.855743
-1.26812
-0.0332441
-1.13132
-0.917271
0.179391
0.229879
-0.799628
0.775681
0.244261
-1.33038
-0.0997405
-0.807316
-0.530885
0.229039
-0.283217
-0.0239427
-0.389591
-1.85549
2.12413
-0.106088
-1.1245
-0.487631
0.299634
1.546
0.28677
-1.26555
2.53282
-0.427003
0.495726
0.739231
-0.975885
2.12545
-0.672592
-1.69733
0.648348
-0.634566
0.305922
-0.603622
1.03615
-0.886449
0.268336
0.481317
0.315844
-0.608074
-0.0537907
-0.578838
-1.37442
1.498
-1.93024
0.624125
1.4622
-0.336772
1.59157
0.562561
0.212568
0.406858
0.440714
-0.0182832
0.552459
0.475643
-0.216879
0.0799882
-2.23618
0.886243
-0.449382
-0.873261
-0.0682461
-1.09033
1.36749
1.26778
-0.565654
-0.182562
-0.703839
-0.672068
-0.346621
0.0646954
-0.0554322
-0.874672
-1.80436
0.276668
1.01196
-0.162734
-1.06693
1.27651
1.10889
-0.0100532
-0.65787
2.12959
-1.35593
1.33552
0.650005
-1.6633
1.78595
1.17722
1.42717
0.501401
0.770373
1.05215
-1.40315
0.417702
0.493277
-0.372396
0.341308
-1.58193
0.80333
-0.678419
0.613163
-1.36034
1.01035
0.247809
0.88553
0.74071
0.601411
2.77926
2.03949
0.088381
-1.49428
-1.28092
0.0172244
-1.38207
-0.175477
1.08986
-1.12248
-0.808793
-0.139083
-0.945511
1.00958
0.346923
1.4101
0.940606
-0.308984
-1.8151
1.69375
2.37596
0.122777
0.82756
-2.0288
0.297402
0.534902
-0.640722
-0.599311
1.79975
-1.38013
1.12729
0.81076
-0.177151
1.44082
-0.334523
-0.527092
0.919846
0.331744
-0.169199
-0.341794
0.485591
0.53451
0.423331
-1.05574
1.30676
0.99846
1.20942
0.714219
0.821728
0.897741
1.07903
0.54353
-1.05585
-1.49607
0.15505
-0.946314
1.94978
-0.959848
-1.50744
1.3005
0.337911
1.14094
-0.992566
0.912552
-0.398827
1.50175
1.63459
-0.299479
-2.65795
-1.13743
0.678413
0.478824
0.945302
-0.880855
-1.90053
-0.825956
-0.0220391
-0.376016
0.962173
2.3142
-0.45896
-0.635184
0.446298
2.29365
-0.945533
0.993251
-2.32719
-1.70819
1.91332
-0.612557
1.07243
-0.0394911
0.0294368
-1.42026
-0.967338
0.112734
-0.421643
-0.917345
-0.265543
0.214076
-1.54512
0.134565
1.68361
0.872255
-1.95058
-0.273911
-1.60029
0.42793
0.121523
0.713768
0.682391
-1.43114
1.96866
0.664186
-0.764365
-0.0111746
-0.649846
-0.621829
0.478095
0.324955
-0.164906
0.738356
-0.97153
1.03114
-0.520475
-0.772585
0.438998
-0.0886113
-0.0138375
0.574069
0.747781
-1.15512
0.386383
1.00171
1.89086
-0.153163
-0.439835
0.968382
-0.180681
1.84698
0.00676203
-0.246325
-1.50024
-1.3456
-0.775511
-0.617435
2.25116
1.4365
0.805855
-0.175675
0.113367
1.37942
-0.398654
2.63929
-0.686584
-1.01377
0.463686
1.47135
0.715959
-0.454693
1.48846
-0.247583
0.0927472
-1.79021
0.193635
0.921326
-0.590547
-0.874204
1.23944
-0.559722
0.646653
-1.53574
2.2556
-1.56857
-0.621127
0.627202
-0.315455
-0.329159
-0.225956
-0.953132
-0.29218
-0.470848
-1.67804
-0.107992
-0.64659
1.19432
-1.66917
-0.510207
0.700338
0.572617
1.05827
-0.186403
1.47647
-0.301394
0.0764741
-1.56037
-0.0542139
1.46481
-1.59956
1.32505
-1.8276
-1.14136
0.792552
1.18954
-0.580012
0.410151
1.53636
-1.15549
0.745951
-0.652553
-0.271981
-0.0431661
-0.241972
0.0770461
-1.15317
1.40021
0.987214
-0.96885
-0.437531
1.69581
-0.0454925
0.475791
0.439336
0.287666
-1.35091
0.784435
-0.724835
-0.656615
0.116224
0.399943
-1.33114
0.136593
0.286612
1.47133
0.923626
-1.29153
1.63426
0.177133
-0.0793485
-1.0199
-1.50517
0.798084
-0.653005
-1.16635
-0.727975
0.727944
1.15135
0.489494
-0.768939
1.3993
-1.24928
-0.289208
-0.630362
0.565988
-0.0929276
0.858659
-0.126127
1.13853
1.28896
-0.87786
-1.72538
-1.17003
-0.249547
-0.8604
0.313319
0.194758
-1.67633
-1.12464
-0.27732
-0.122539
-1.56301
0.0507572
-0.38596
-1.68159
-0.286784
0.448557
0.632718
1.74126
-0.902862
-0.460954
-0.728325
0.526935
-1.28402
-0.297851
-0.276959
-1.15577
-1.20943
-1.01716
-0.574751
-0.431459
1.68228
0.0191521
2.23958
0.616271
-0.0795718
-0.872635
0.828098
-0.83089
-0.122911
0.930316
1.73415
-0.904671
0.420915
1.31833
0.0706576
-1.02665
-0.824672
0.483342
-1.07209
-1.61166
-0.472631
0.052434
1.16187
-1.41898
-1.17542
0.498084
-0.497785
-0.577081
-1.96778
-0.0421684
-1.62549
-0.519336
-1.64218
0.13398
2.13949
1.05483
2.28388
-1.01143
-1.0329
1.04502
-0.022472
1.11761
1.11279
0.558282
-0.133762
-0.892385
-1.63556
-1.4229
-1.09725
-0.0774558
1.4276
-0.359575
1.22593
-1.75027
-1.39449
-0.901004
1.33271
0.691081
0.752622
0.0575927
-1.12885
1.38382
-1.04098
-0.998088
-0.454817
0.155574
-0.928822
0.307234
-0.565055
1.41839
-0.888596
-1.30241
-0.377695
-0.29715
-1.28263
-0.61679
-0.0666205
-0.313749
-1.19615
0.990742
0.228557
-1.60624
0.439147
-0.267357
1.27574
0.0722312
-0.0743576
0.195509
-0.420534
1.27364
-0.653879
-0.584185
0.669233
0.205551
0.0692458
0.564626
-1.98848
0.859399
-0.99594
1.31783
-0.242922
-1.49628
0.518606
0.357971
-0.276546
-1.88167
-0.549028
1.52187
1.53366
0.413168
0.699636
0.870537
-0.906021
0.572466
0.129254
-0.973986
1.87097
0.943964
0.243771
-0.317863
1.53572
0.523166
0.702498
1.81081
-0.958489
1.46241
0.0186534
1.20753
0.167828
-0.765016
0.588984
0.333923
2.44276
-1.46652
-2.06651
0.995804
0.81671
0.802325
0.324743
-0.702304
1.03402
-0.584299
-0.633692
-0.313759
-0.139617
1.67698
0.0781661
0.222173
-0.916509
-1.41552
-0.385694
-1.52354
0.0969113
-0.543901
-0.574839
-1.43828
1.98823
-0.307582
-0.194708
-0.239398
0.719799
-0.800998
0.582687
-0.294735
0.931513
0.479245
-2.04567
1.75993
1.44225
-0.290456
0.539185
0.577432
0.203648
2.39258
-0.957828
-0.262809
-2.20141
-0.0705923
1.43327
-0.28539
-1.29226
1.09758
0.590567
1.04645
0.412542
0.0171691
-1.51453
2.12266
-0.829108
0.266434
0.297573
0.409922
-2.39256
0.122059
0.881038
1.1487
0.309833
-1.92219
-1.61968
-0.803573
-0.70764
-0.0152175
0.195917
1.36479
0.150052
-2.60838
1.27822
0.333467
-0.103669
0.925956
0.142721
-1.68284
-0.218776
0.304041
-1.24557
1.19011
0.695958
-0.900512
-1.05628
-0.876153
0.577814
-1.65367
0.238879
-0.960789
-0.644179
-0.442295
-0.712976
1.27036
-0.040288
0.457195
-1.44512
0.879712
2.15468
-0.382111
1.5145
-1.14881
-0.533987
-0.280247
1.39596
0.446844
-0.6057
1.40964
-2.31417
1.16513
1.36335
0.895021
-0.754728
0.481665
0.356701
-1.11009
0.053256
0.0377261
-0.052771
-0.684961
0.417971
0.325377
-1.34478
0.00379622
1.64601
-1.3409
0.111686
-0.782957
-1.52481
-0.304331
0.280204
1.54656
-1.10668
0.355228
0.870888
-0.113306
-0.302701
-1.95555
-1.08803
-0.605744
-0.242545
-0.148802
-0.955658
-0.221995
-2.76932
-0.0520958
0.403671
1.31132
-0.271619
0.528874
-2.34649
0.436031
0.359998
0.846344
-1.36384
0.745118
-0.330767
0.315199
-0.204128
-0.726186
-0.610113
-1.62198
-0.822424
0.845938
0.7628
-1.50096
-2.26276
-0.0569133
0.285543
1.11592
-0.908605
-0.266696
0.846826
0.0502766
-1.13355
0.216568
0.654085
-0.468405
-0.229545
-1.3408
-0.0401744
-1.09847
-1.2776
-1.50939
-0.653291
0.526433
1.10017
0.521652
-1.08218
-1.03944
0.307999
-0.887548
0.968019
0.0107617
-0.272789
-0.529021
-1.13039
-2.08245
-0.193021
0.293945
-0.49327
-0.587618
0.0639061
-0.559479
-1.19585
-0.0354058
-0.198719
2.93475
-0.0985379
1.66353
-0.118406
0.356338
-0.692717
0.786663
1.37949
1.82539
-1.28611
-0.860641
-0.0488588
-0.117414
0.210333
-0.352614
-0.0911304
0.476668
-1.12543
0.286733
1.49536
-0.621107
-0.183169
-0.051213
0.0893246
-0.111974
-2.06522
-0.987028
0.968298
0.341578
1.56867
0.234002
0.937481
0.591337
0.557809
-0.421267
-0.995984
0.643029
0.651518
-0.440004
-0.71154
-0.138891
0.192441
-0.875015
-0.411252
-0.493351
-1.35627
0.258855
0.316529
0.0518681
-0.876036
-1.62435
-0.300765
0.805871
0.00897318
0.437419
-0.409975
-0.534906
-0.0944186
1.20935
0.266362
1.44125
1.21143
1.59197
-0.389842
-1.36262
0.309902
-0.2517
-0.433207
-2.36987
0.199688
-2.40972
-0.373923
-1.47562
1.09468
-0.422305
0.647373
0.140118
-1.17138
-0.734695
-0.558022
-0.0171631
1.6572
-1.38962
-0.570638
-1.76579
1.82558
-0.0929538
0.584209
-0.777379
-1.78073
0.0878325
-0.880503
-0.187327
1.96681
-0.166339
0.820868
0.0914126
0.404923
-1.00351
-1.23832
0.431052
-1.84525
1.20797
-0.46339
-0.612914
0.338224
1.96792
0.691139
1.01296
0.287446
0.885249
0.72379
-0.103368
1.05018
2.54767
0.908497
-2.55661
-0.504978
0.42583
1.20112
-0.101583
-0.495892
-0.0312952
-0.261896
0.878061
1.5027
0.855836
-0.680716
-0.0701264
2.09394
0.196628
3.07859
-0.347253
0.283073
-1.50228
-1.75283
-0.426714
0.170159
-0.0606562
-0.350774
1.05274
0.942508
0.901567
1.09203
-0.325696
-0.313617
-1.00795
0.667021
-0.0601387
0.813358
-0.733951
-0.826222
-0.680034
1.70057
0.435872
-0.16481
0.69524
-1.28442
0.550273
-0.139231
0.406844
0.90684
-0.10533
-2.22649
-1.14564
1.10186
0.0137323
-1.12688
1.39008
0.135395
-0.501786
1.50483
0.31097
-0.84399
0.478472
0.222451
-0.180722
0.0531703
1.98925
-0.922137
-0.0243278
-0.884615
1.41015
-1.49632
-1.19117
0.49568
-0.428068
0.120995
-0.26539
0.319158
0.409004
0.369294
-0.862424
0.730487
0.153923
0.287479
-0.888847
2.21805
-0.341343
1.73995
-0.184215
-1.77691
-1.70905
1.00688
0.261314
-0.335398
-1.07351
-1.46881
0.0293443
-0.431497
-0.841041
-0.508862
-0.788861
2.59126
-0.403591
-0.128506
0.0581064
-1.21696
-1.14553
0.321109
-0.861208
-1.17781
0.359914
-0.590112
-1.526
-0.830958
0.549916
-0.273237
0.00547826
-0.686438
0.2487
0.806092
-0.524167
-1.2089
0.982097
-0.989662
-1.76192
1.59428
1.11759
0.937763
0.127457
-0.660949
3.14893
-0.475957
2.872
-1.31602
-2.42133
-0.90552
-0.296747
0.18796
-1.44321
-1.55719
-0.118803
0.237671
-0.0595435
-0.385352
0.160623
-2.14452
-1.04173
0.513865
1.67744
0.736572
-1.10644
0.950457
-0.625043
0.0658702
0.187593
1.73638
0.472748
-1.86606
-1.49094
-0.186163
1.31267
0.405585
1.35465
0.0197029
-0.083137
-0.293804
-0.398473
-1.25111
-1.2537
0.62369
0.344366
0.744529
1.10484
0.237721
-1.63676
0.507481
1.0762
-1.06577
1.07135
0.608005
0.179609
0.632764
-0.018528
0.285481
0.581037
0.647583
0.691808
-0.403734
0.623589
1.19948
-0.386758
-1.09592
-1.0615
0.898461
-0.320471
0.599448
-2.02128
-0.393983
0.491757
-0.657842
-1.56254
-1.34274
0.0765863
2.72643
2.41755
-0.526266
-1.38243
-1.38608
-0.953709
0.872609
-0.16966
0.954175
-1.18975
-0.221218
0.256189
-0.117208
-0.80162
-1.80137
-0.83317
1.07734
0.895654
0.0504478
-0.650671
-0.828158
-1.07772
0.541528
-1.55091
0.718244
0.326853
-0.447813
0.839282
-1.80522
-2.05214
1.7437
0.941189
-0.818956
0.410139
-0.679459
0.988793
-1.61942
0.211097
-1.07046
-0.246942
0.321407
-0.591359
0.237546
0.378689
1.76146
-2.37812
0.310762
-0.141131
1.21603
-1.36573
0.535698
0.543851
1.39803
0.689705
0.438734
-0.245869
-0.578587
0.634368
-0.93093
-0.126513
0.75033
-0.0612741
0.592654
1.80361
-0.924874
0.299721
-1.00183
-0.915402
-0.0793776
-0.769259
-0.296929
0.108381
0.52362
-0.193736
-0.422437
0.673743
0.645303
0.814818
-1.14729
-1.46127
-0.462546
0.583567
0.920743
0.449778
-0.166857
0.949243
-1.11132
-0.639773
-0.768342
-0.78963
-0.0528813
1.02931
0.715254
-1.37096
0.178539
-0.50913
-0.211361
0.812587
-0.0664506
0.173733
-1.09658
-0.984446
-1.06606
2.20742
0.138012
-0.182883
-0.909297
1.22721
-0.5485
-1.35315
-0.556079
-1.3763
-1.67089
1.00562
0.201102
1.25726
0.272348
0.936479
-0.865833
-1.65095
-0.285604
-0.236001
-0.738181
0.872718
0.459813
2.18752
-2.22737
1.05356
0.321472
-0.407446
-0.438813
0.64977
-0.33504
0.318625
0.574317
-0.819692
-0.698592
-2.65071
-0.383629
-0.520226
-0.670699
1.04589
-1.33964
-0.81936
0.0484322
-0.0279554
1.7535
-0.564839
-1.57255
-0.117083
0.32034
1.00567
0.823228
0.534035
-1.39678
0.248954
1.2024
-1.12322
1.26654
-1.5214
-0.679253
1.26184
-0.782126
-0.0230672
-1.79731
-1.2284
0.562704
-1.17005
-0.845638
-0.223789
0.783554
-0.725693
1.08391
-1.16032
-0.942188
-0.369978
1.44798
-0.559497
1.22746
-0.207135
0.780379
-2.09045
-1.74456
-0.985164
-0.936921
-0.294841
-0.312236
0.684609
0.0483546
0.324285
-1.18732
-0.101225
0.96407
0.486256
-0.0026347
0.267357
1.71491
-1.30314
1.55329
-0.709031
-0.0227308
0.537539
-0.818797
0.66017
-0.845146
-0.253865
0.754566
-0.0880679
0.183028
0.927165
0.31673
-0.341149
0.703402
-0.757913
-2.2393
0.0540159
0.654768
0.167816
-0.0401267
0.267675
1.11336
0.271931
-0.88732
1.69213
-0.733684
-0.365259
-2.35539
-0.517648
-0.0353947
0.371344
-1.72605
-0.793843
-0.0353714
-0.274626
-1.27537
-3.14978
0.396078
0.206585
0.21494
-1.9952
-0.470278
-0.270597
-2.2279
-0.84774
0.45162
0.527373
-0.95735
-0.352944
-1.48937
1.43516
0.0177785
-0.918861
-0.555214
0.339302
1.9477
-1.68044
0.111254
0.128489
-1.85419
-0.396241
-0.122633
0.901932
0.543586
-0.815041
0.551249
0.547549
0.955284
0.655958
-0.337557
0.0216918
0.292436
-0.306002
2.40237
-1.12761
-0.452908
-0.410721
0.934608
-1.39163
-0.305126
-0.534644
2.5957
-0.896302
-0.347427
0.00699192
-0.00343919
0.0134096
-0.0370528
-0.748653
-0.531567
-0.661264
0.980139
-0.156786
-1.13786
-0.865812
0.261963
-0.653718
0.335296
-1.51944
1.8315
-0.755644
-1.93731
-0.388456
0.219394
-0.37537
-0.381042
-0.0078848
-0.720076
1.15092
-1.04793
0.142841
-0.546911
-0.520593
0.0333245
-2.70855
-1.28534
-0.045399
-0.370725
1.03454
1.72237
-0.960101
-0.572672
-0.134738
-0.71717
1.07496
-1.60132
-0.974316
0.7217
-0.28796
0.332037
-0.708833
-0.00574785
0.706863
-1.46265
-1.08886
-0.457113
1.444
1.00378
-0.0413116
0.761655
0.71337
0.127713
0.103772
1.01201
-0.552941
-1.3515
-0.278828
-0.615874
1.1859
1.478
-1.58411
-0.379393
-1.28941
0.858371
0.759056
0.276026
-1.8609
0.658532
1.61465
-0.537347
-1.72852
0.118812
1.98139
0.160582
-0.0741519
-0.903787
1.36729
-1.71268
-0.250881
0.844905
0.438584
-0.0509411
-0.26204
-0.268506
1.08875
-0.555757
-0.127108
-1.47824
-1.66995
0.324463
-0.450392
0.745357
-1.1744
0.77486
-2.03908
0.561531
-0.327961
-0.138077
-0.467013
0.608165
-2.55664
-0.613514
0.397113
-1.10142
0.798838
-0.875142
-0.823698
-0.700909
-0.82684
-0.0557561
0.667102
0.247642
0.707537
-0.688845
-1.38165
-0.88206
-1.37574
-0.728813
0.537749
0.797407
-0.292049
1.91137
-1.38837
-0.0623201
-1.21737
1.75484
0.735463
1.3203
1.45654
-0.591808
0.137588
0.50262
1.86597
0.323544
-1.36824
1.64002
1.1219
0.678937
-0.760502
1.58521
-1.21077
0.545444
-0.415637
-1.03525
2.59735
0.744787
-0.938326
1.12916
1.13075
0.444973
1.17057
0.728558
1.18544
0.969243
0.937892
-1.00912
-1.04123
-1.7945
-1.37424
-0.610153
-0.505909
1.95247
1.39219
-1.63912
0.768766
-0.926171
0.794028
1.3927
-0.0260255
-0.37393
-1.46916
0.330403
-0.0473966
0.236061
1.13778
0.294969
-0.275371
-0.910482
1.36411
-1.85072
-1.18076
0.225403
-0.0824302
0.408729
1.22102
-1.01775
-0.481725
1.75324
-0.00713921
-0.972302
-0.912819
0.112957
-1.23886
-0.110318
-1.45577
-0.401337
0.457957
2.17639
-0.857987
-1.43259
-0.624867
0.626071
-0.0708119
1.1595
-1.01567
-2.10068
0.0728966
-0.403687
-0.959246
-1.58262
0.21341
-2.70714
-0.370098
-2.07144
-1.51128
0.93603
0.774945
1.10445
-0.449758
-0.717989
-1.93438
-0.205593
0.177518
-1.14097
0.679915
1.27225
-1.19725
0.102074
0.85881
-0.565492
-0.0993105
-2.34539
1.36813
0.0665724
1.07555
-0.772452
-1.56319
0.15902
-0.507516
-1.47013
1.55415
-0.206499
0.523558
-0.0379363
0.397947
-0.443898
-0.274666
-0.0619857
-0.0853916
0.575992
0.497531
-0.289687
-0.230202
0.809467
-0.472916
0.614995
0.644766
1.44926
-0.263178
0.528247
-0.0501408
-2.17251
-1.45561
0.205674
-0.286573
0.926267
1.55315
-2.00794
1.80767
-0.232356
0.879597
0.518318
1.08654
-0.094278
-0.765746
-0.34525
0.896195
0.967352
1.34702
-0.926804
-0.919089
-0.0711982
0.648223
1.31595
-0.987381
0.412519
-0.624022
0.343269
0.420803
0.452082
1.1858
0.368365
-1.52277
0.675627
-0.523979
0.00207233
-0.434339
0.440041
0.0654426
-0.548399
0.0640619
0.584588
-0.0242042
-1.24624
0.119945
0.889359
0.329054
-0.497908
0.164042
-0.241601
0.184893
-1.31786
-0.171008
1.53184
0.854974
-0.58486
-0.565496
0.15497
0.720061
0.109791
-0.170892
0.670747
-0.487685
-0.368173
0.4698
0.296835
1.0051
0.732725
1.93602
-0.865815
0.139307
0.171331
-0.81155
-1.15838
0.10059
-0.146226
-1.66392
1.99314
-0.0656808
0.239138
-0.337308
-0.397145
0.773997
-0.940346
0.0204567
1.12331
-0.317607
0.792798
1.89724
0.624061
-0.280841
-1.17784
0.654933
0.829236
-1.49419
-0.285809
0.664461
-0.30079
-0.309629
0.137882
-0.418694
-2.50683
-1.34904
1.32147
0.463427
0.116811
1.95677
1.03897
-1.08938
-0.413291
-0.770921
-0.920221
-0.819836
1.53674
-0.79625
1.19637
1.40927
0.278048
0.201321
2.7308
0.492882
0.368898
-0.412673
-0.0298395
-0.316201
-1.79507
-1.34838
1.69042
0.012725
-0.523288
-0.822587
0.761838
-0.771121
0.152386
-0.447227
0.467603
-1.59294
1.34751
-0.310308
-0.385667
-1.06818
0.729131
-0.162389
-0.00961483
-0.983196
0.288555
0.525601
0.41161
-2.80637
0.625104
0.965552
0.435682
-0.916588
-2.16482
1.10867
0.340802
0.0448576
-0.9179
-0.492823
1.16915
0.504539
-0.888242
0.415105
1.64295
-0.739824
-0.0647097
0.340778
-0.302087
1.90127
0.209885
-0.256826
1.69221
-0.5662
0.429994
-0.66246
-0.932533
0.854993
-0.192646
0.306915
0.832596
-2.57838
1.01243
0.338769
-0.100454
-0.807357
1.07564
-0.506006
-0.292687
2.41374
0.529452
0.219964
0.44134
1.69847
0.268387
0.433102
0.557524
2.78386
0.568282
-0.961581
-0.0372556
0.181976
1.60673
-1.30356
1.6064
0.650641
0.822495
-2.1968
0.396386
0.47252
-0.775001
-1.03072
0.228385
2.07767
-0.212775
-0.69708
-0.808459
0.975211
-0.928288
-0.710854
1.00235
2.16455
0.463315
-1.05768
-1.51663
0.110258
-0.318799
-0.820424
0.405427
-1.36638
-0.21936
0.772939
0.224266
-1.04696
-0.62737
-0.0875978
0.494648
0.985662
1.51391
-0.699326
1.57897
0.345739
0.341578
-1.62985
0.0113111
-0.524041
0.0661715
1.09121
-0.266078
-1.0587
-1.61233
1.00701
-0.67543
1.22072
-0.559258
1.12964
1.6298
-1.56421
0.845096
-0.726672
-1.5097
0.720554
0.482269
-2.61255
-1.59953
0.363942
0.5177
-0.325812
-0.26607
-1.74267
0.664894
-0.486871
-0.17007
1.0976
-0.0165558
-1.1403
0.566036
-0.277406
-1.47532
1.16132
1.44188
1.44785
-0.669539
1.40879
1.98099
-0.829553
0.0667987
0.814878
-3.38183
-0.801392
0.331641
1.31241
-1.28878
0.572979
-0.950177
0.128665
-1.09745
0.697243
0.947847
-1.24659
-1.304
-1.5403
-0.291033
-0.0687886
1.04845
0.415923
0.322383
0.513277
-1.64759
0.283892
0.939849
0.398688
0.348651
0.94999
0.147433
1.99546
0.915919
0.785881
-0.0756086
-0.477002
0.976681
1.20153
0.117013
-0.0237436
-2.12982
-0.680798
0.471899
-0.136001
-0.575469
-0.258779
-0.414788
1.07356
1.87647
1.00438
0.776625
0.0146219
0.699511
0.456666
-2.206
1.28662
0.0316373
-0.291781
0.161365
0.407785
0.90397
-0.630763
-0.101811
0.556409
-0.198319
-0.446543
0.177428
0.569779
-1.29532
-0.867298
-0.686954
0.64627
-0.253365
-1.26405
-1.40036
2.2883
2.17573
0.653739
0.264289
0.0543067
0.929204
-0.672537
1.26763
-0.200291
-0.96158
0.62253
-0.574809
0.94401
0.0864394
0.107629
